8.125 77.375 1.4236
8.375 77.125 0.028518
8.375 77.375 1.3867
8.375 77.625 1.9825
8.375 77.875 1.554
8.625 76.875 -0.23442
8.625 77.125 1.0727
8.625 77.375 1.1739
8.625 77.625 0.36926
8.625 77.875 1.8526
8.875 76.875 -0.9116
8.875 77.125 1.5659
8.875 77.375 0.38999
8.875 77.625 0.072459
8.875 77.875 -0.92752
9.125 76.625 0.68976
9.125 76.875 0.4301
9.125 77.125 0.7926
9.125 77.375 0.39251
9.125 77.625 0.08926
9.125 77.875 -0.79755
9.125 78.125 0.28172
NaN NaN NaN
9.375 76.625 -0.79587
9.375 76.875 -0.30702
9.375 77.125 0.95272
9.375 77.375 1.128
9.375 77.625 0.62632
9.375 77.875 -0.096481
9.375 78.125 0.21042
9.375 78.375 0.89744
9.375 78.625 -0.11188
NaN NaN NaN
9.625 76.375 -0.023319
9.625 76.625 -0.41914
9.625 76.875 0.28389
9.625 77.125 1.4915
9.625 77.375 0.54309
9.625 77.625 0.072896
9.625 77.875 1.2823
9.625 78.125 0.63978
9.625 78.375 0.69914
9.625 78.625 0.1426
9.875 76.625 -0.23136
9.875 76.875 -0.62889
9.875 77.125 1.679
9.875 77.375 0.35739
9.875 77.625 0.83268
9.875 77.875 0.99118
9.875 78.125 0.15442
9.875 78.375 0.53825
9.875 78.625 1.1097
9.875 78.875 0.423
10.125 76.375 -0.56024
10.125 76.625 0.82187
10.125 76.875 2.0863
10.125 77.125 0.88947
10.125 77.375 0.3634
10.125 77.625 0.5853
10.125 77.875 1.0723
10.125 78.125 0.37772
10.125 78.375 1.3973
10.125 78.625 0.30356
10.125 78.875 -0.068458
10.125 79.125 0.80432
10.375 76.375 -1.2841
10.375 76.625 -0.28344
10.375 76.875 0.8647
10.375 77.125 1.2463
10.375 77.375 1.07
10.375 77.625 0.89993
10.375 77.875 -0.12144
10.375 78.125 0.3742
10.375 78.375 0.17161
10.375 78.625 0.68162
10.375 78.875 0.8137
10.375 79.125 1.4828
NaN NaN NaN
NaN NaN NaN
10.625 76.125 -0.44502
10.625 76.375 -0.06869
10.625 76.625 -0.18021
10.625 76.875 0.56537
10.625 77.125 0.54707
10.625 77.375 0.1922
10.625 77.625 1.0475
10.625 77.875 0.79856
10.625 78.125 0.084701
10.625 78.375 0.47959
10.625 78.625 1.298
10.625 78.875 1.4557
10.625 79.125 1.3962
10.625 79.375 1.9713
10.625 79.625 2.0398
10.875 76.125 0.44496
10.875 76.375 1.1946
10.875 76.625 0.7352
10.875 76.875 0.32796
10.875 77.125 0.89111
10.875 77.375 0.89992
10.875 77.625 0.65236
10.875 77.875 -0.25681
10.875 78.125 -0.40624
10.875 78.375 1.2164
10.875 78.625 2.0626
10.875 78.875 1.5407
10.875 79.125 0.22698
10.875 79.375 0.83613
10.875 79.625 1.7203
11.125 76.125 -0.45354
11.125 76.375 0.97734
11.125 76.625 1.672
11.125 76.875 -0.48043
11.125 77.125 0.60639
11.125 77.375 1.0254
11.125 77.625 0.57427
11.125 77.875 0.71561
11.125 78.125 -0.36525
11.125 78.375 1.5347
11.125 78.625 1.1621
11.125 78.875 1.3362
11.125 79.125 1.3364
11.125 79.375 1.2056
11.125 79.625 1.0374
11.375 75.875 -0.82484
11.375 76.125 -0.75841
11.375 76.375 0.41377
11.375 76.625 -0.025483
11.375 76.875 1.3545
11.375 77.125 0.40483
11.375 77.375 0.87807
11.375 77.625 0.51849
11.375 77.875 0.19154
11.375 78.125 0.97844
11.375 78.375 0.85574
11.375 78.625 0.15268
11.375 78.875 0.9142
11.375 79.125 0.89624
11.375 79.375 1.0515
11.375 79.625 0.94371
11.625 75.875 -0.46294
11.625 76.125 0.73816
11.625 76.375 -0.31995
11.625 76.625 1.1115
11.625 76.875 0.48317
11.625 77.125 0.14142
11.625 77.375 1.0859
11.625 77.625 0.34909
11.625 77.875 -0.73689
11.625 78.125 0.11018
11.625 78.375 0.0081626
11.625 78.625 0.22134
11.625 78.875 0.58176
11.625 79.125 1.2039
11.625 79.375 0.035087
NaN NaN NaN
NaN NaN NaN
11.875 75.875 -0.88161
11.875 76.125 -0.0038708
11.875 76.375 0.18302
11.875 76.625 1.0491
11.875 76.875 -0.66541
11.875 77.125 0.84586
11.875 77.375 1.1791
11.875 77.625 0.41776
11.875 77.875 0.44802
11.875 78.125 0.54058
11.875 78.375 0.36832
11.875 78.625 0.29999
11.875 78.875 0.075338
11.875 79.125 1.0556
11.875 79.375 -0.37794
11.875 79.625 -0.17985
12.125 75.375 -1.9406
12.125 75.625 -0.74303
12.125 75.875 0.67755
12.125 76.125 -0.21484
12.125 76.375 -0.47146
12.125 76.625 0.13653
12.125 76.875 -0.35232
12.125 77.125 0.61642
12.125 77.375 0.43489
12.125 77.625 0.11957
12.125 77.875 0.21361
12.125 78.125 0.99761
12.125 78.375 1.7076
12.125 78.625 0.56131
12.125 78.875 -0.24655
12.125 79.125 1.1022
12.125 79.375 0.47932
12.125 79.625 -0.038273
12.375 75.125 -1.4186
12.375 75.375 -1.1554
12.375 75.625 -0.18861
12.375 75.875 0.78187
12.375 76.125 0.64877
12.375 76.375 0.65764
12.375 76.625 1.0143
12.375 76.875 -0.43902
12.375 77.125 -1.3305
12.375 77.375 -0.1517
12.375 77.625 0.055167
12.375 77.875 0.53369
12.375 78.125 0.92474
12.375 78.375 0.54045
12.375 78.625 0.88431
12.375 78.875 0.59395
12.375 79.125 0.66749
12.375 79.375 0.13362
12.375 79.625 -0.70822
12.375 79.875 -0.14304
12.625 75.125 -1.7432
12.625 75.375 -1.1512
12.625 75.625 -0.92745
12.625 75.875 -0.47893
12.625 76.125 0.3599
12.625 76.375 1.3284
12.625 76.625 1.1133
12.625 76.875 0.5596
12.625 77.125 -0.8699
12.625 77.375 -0.45399
12.625 77.625 0.55529
12.625 77.875 0.018354
12.625 78.125 -0.16486
12.625 78.375 1.8975
12.625 78.625 1.0876
12.625 78.875 0.98012
12.625 79.125 1.1981
12.625 79.375 -0.69528
12.625 79.625 -0.87954
12.625 79.875 -1.0494
12.875 75.125 -1.4171
12.875 75.375 0.0057764
12.875 75.625 -0.983
12.875 75.875 0.28532
12.875 76.125 0.55266
12.875 76.375 1.3314
12.875 76.625 0.64461
12.875 76.875 -0.27352
12.875 77.125 0.60458
12.875 77.375 0.78781
12.875 77.625 -0.064971
12.875 77.875 -0.68347
12.875 78.125 0.040148
12.875 78.375 0.97284
12.875 78.625 0.48557
12.875 78.875 -0.097025
12.875 79.125 0.55801
12.875 79.375 0.19764
12.875 79.625 -0.0029815
12.875 79.875 0.27417
NaN NaN NaN
13.125 75.125 -1.1097
13.125 75.375 -0.72524
13.125 75.625 0.47992
13.125 75.875 0.82938
13.125 76.125 1.3059
13.125 76.375 1.905
13.125 76.625 2.0661
13.125 76.875 0.92187
13.125 77.125 1.0913
13.125 77.375 0.83185
13.125 77.625 0.6889
13.125 77.875 -0.043012
13.125 78.125 -0.11761
13.125 78.375 0.21821
13.125 78.625 0.16841
13.125 78.875 0.61041
13.125 79.125 1.2535
13.125 79.375 0.70049
13.125 79.625 1.3166
13.125 79.875 0.6797
13.125 80.125 0.056461
NaN NaN NaN
13.375 75.125 -0.83662
13.375 75.375 -0.94198
13.375 75.625 -0.50059
13.375 75.875 0.72661
13.375 76.125 1.5077
13.375 76.375 1.0619
13.375 76.625 1.0819
13.375 76.875 0.76296
13.375 77.125 1.8972
13.375 77.375 0.5111
13.375 77.625 0.56315
13.375 77.875 0.98206
13.375 78.125 -0.21434
13.375 78.375 -0.32568
13.375 78.625 0.20163
13.375 78.875 -0.26462
13.375 79.125 0.18756
13.375 79.375 0.53009
13.375 79.625 1.1002
13.375 79.875 0.5952
13.375 80.125 0.36362
13.625 74.875 -1.6619
13.625 75.125 -0.45558
13.625 75.375 0.022648
13.625 75.625 0.15229
13.625 75.875 0.80269
13.625 76.125 0.40948
13.625 76.375 -0.52533
13.625 76.625 -0.23132
13.625 76.875 -0.39305
13.625 77.125 0.051172
13.625 77.375 0.047277
13.625 77.625 1.2333
13.625 77.875 0.88862
13.625 78.125 -0.42953
13.625 78.375 0.14003
13.625 78.625 0.2722
13.625 78.875 -0.01495
13.625 79.125 0.1434
13.625 79.375 0.7921
13.625 79.625 0.4496
13.625 79.875 0.92078
13.625 80.125 0.50849
13.875 74.875 -0.38214
13.875 75.125 0.93143
13.875 75.375 0.49972
13.875 75.625 -0.39613
13.875 75.875 -0.2521
13.875 76.125 -0.37374
13.875 76.375 -0.48642
13.875 76.625 0.58465
13.875 76.875 -0.83048
13.875 77.125 -0.4789
13.875 77.375 0.56059
13.875 77.625 1.2421
13.875 77.875 0.75158
13.875 78.125 -0.3711
13.875 78.375 0.1793
13.875 78.625 -0.14066
13.875 78.875 -0.23551
13.875 79.125 -0.27457
13.875 79.375 0.14548
13.875 79.625 0.41571
13.875 79.875 0.90757
14.125 74.625 -0.57518
14.125 74.875 -0.42586
14.125 75.125 0.097672
14.125 75.375 0.29215
14.125 75.625 -0.31946
14.125 75.875 -0.34296
14.125 76.125 0.26808
14.125 76.375 0.95619
14.125 76.625 0.14297
14.125 76.875 0.78596
14.125 77.125 0.39127
14.125 77.375 0.55206
14.125 77.625 0.76225
14.125 77.875 1.1311
14.125 78.125 -0.39188
14.125 78.375 0.13396
14.125 78.625 -0.64934
14.125 78.875 -0.55032
14.125 79.125 0.29884
14.125 79.375 0.45804
14.125 79.625 0.93729
14.125 79.875 1.1404
14.375 74.625 -1.4438
14.375 74.875 -0.66137
14.375 75.125 -0.52466
14.375 75.375 -0.62166
14.375 75.625 0.29763
14.375 75.875 0.27231
14.375 76.125 1.038
14.375 76.375 1.2959
14.375 76.625 1.0541
14.375 76.875 -0.83003
14.375 77.125 1.1455
14.375 77.375 0.90117
14.375 77.625 0.81597
14.375 77.875 0.47302
14.375 78.125 -0.29433
14.375 78.375 -0.12137
14.375 78.625 0.05749
14.375 78.875 -0.29516
14.375 79.125 0.56171
14.375 79.375 1.0635
14.375 79.625 1.1177
14.375 79.875 1.2878
NaN NaN NaN
14.625 74.625 -1.9597
14.625 74.875 -1.1542
14.625 75.125 -0.62446
14.625 75.375 -0.33322
14.625 75.625 -0.63302
14.625 75.875 -0.17873
14.625 76.125 0.43244
14.625 76.375 -0.035359
14.625 76.625 0.10863
14.625 76.875 1.2729
14.625 77.125 1.1448
14.625 77.375 0.6026
14.625 77.625 0.78312
14.625 77.875 0.8094
14.625 78.125 0.6085
14.625 78.375 0.56485
14.625 78.625 -0.63323
14.625 78.875 0.03725
14.625 79.125 1.1204
14.625 79.375 1.0074
14.625 79.625 0.80159
14.625 79.875 0.69332
14.875 74.375 -1.0209
14.875 74.625 -1.2443
14.875 74.875 -1.143
14.875 75.125 -0.45279
14.875 75.375 -0.684
14.875 75.625 -0.32545
14.875 75.875 -0.60362
14.875 76.125 -0.4948
14.875 76.375 -1.0701
14.875 76.625 0.67775
14.875 76.875 1.1841
14.875 77.125 0.5602
14.875 77.375 0.23201
14.875 77.625 0.2944
14.875 77.875 0.30923
14.875 78.125 0.54311
14.875 78.375 1.5558
14.875 78.625 -0.14513
14.875 78.875 0.70531
14.875 79.125 1.5065
14.875 79.375 0.87268
14.875 79.625 0.71702
14.875 79.875 0.63924
15.125 74.125 -1.0851
15.125 74.375 -1.4227
15.125 74.625 0.7843
15.125 74.875 1.0006
15.125 75.125 0.756
15.125 75.375 0.77585
15.125 75.625 -0.055942
15.125 75.875 -0.76631
15.125 76.125 -0.88007
15.125 76.375 -0.30235
15.125 76.625 -0.51755
15.125 76.875 0.65857
15.125 77.125 0.13484
15.125 77.375 -0.047028
15.125 77.625 -0.13837
15.125 77.875 -0.28054
15.125 78.125 0.2229
15.125 78.375 1.0632
15.125 78.625 1.592
15.125 78.875 1.6283
15.125 79.125 1.3355
15.125 79.375 1.2519
15.125 79.625 0.68428
15.125 79.875 0.63231
15.375 73.875 -1.8192
15.375 74.125 -1.4906
15.375 74.375 -1.0882
15.375 74.625 0.49338
15.375 74.875 1.0081
15.375 75.125 1.0932
15.375 75.375 1.8545
15.375 75.625 1.1952
15.375 75.875 -0.26946
15.375 76.125 0.44272
15.375 76.375 1.0478
15.375 76.625 0.67062
15.375 76.875 0.81396
15.375 77.125 0.445
15.375 77.375 -0.16626
15.375 77.625 -0.37503
15.375 77.875 -0.68504
15.375 78.125 0.037535
15.375 78.375 1.1797
15.375 78.625 2.0776
15.375 78.875 0.95025
15.375 79.125 0.84924
15.375 79.375 0.80593
15.375 79.625 0.10609
15.375 79.875 0.045025
15.625 73.875 -1.192
15.625 74.125 -1.4709
15.625 74.375 -0.9196
15.625 74.625 0.44411
15.625 74.875 0.38633
15.625 75.125 1.0349
15.625 75.375 0.59211
15.625 75.625 0.64051
15.625 75.875 0.55993
15.625 76.125 1.7051
15.625 76.375 0.57546
15.625 76.625 0.43144
15.625 76.875 0.74367
15.625 77.125 0.46169
15.625 77.375 -0.097708
15.625 77.625 0.15897
15.625 77.875 0.02043
15.625 78.125 -0.083503
15.625 78.375 -0.77321
15.625 78.625 -0.27498
15.625 78.875 1.5162
15.625 79.125 -0.028881
15.625 79.375 -0.37149
15.625 79.625 -0.16067
15.625 79.875 -0.043603
15.625 80.125 0.072216
15.875 73.875 -0.99961
15.875 74.125 -1.3327
15.875 74.375 -0.24643
15.875 74.625 0.36226
15.875 74.875 0.59668
15.875 75.125 0.021236
15.875 75.375 -0.28078
15.875 75.625 0.56462
15.875 75.875 0.45962
15.875 76.125 0.61264
15.875 76.375 1.0014
15.875 76.625 0.4676
15.875 76.875 0.8817
15.875 77.125 0.6798
15.875 77.375 0.27166
15.875 77.625 -0.55462
15.875 77.875 1.3469
15.875 78.125 0.12001
15.875 78.375 -0.12817
15.875 78.625 0.40231
15.875 78.875 0.82072
15.875 79.125 0.54365
15.875 79.375 0.1144
15.875 79.625 -0.55698
15.875 79.875 -0.18103
15.875 80.125 0.041212
15.875 80.375 -0.037723
NaN NaN NaN
15.875 80.875 0.40784
16.125 73.625 -0.33402
16.125 73.875 -1.1403
16.125 74.125 -0.11969
16.125 74.375 -0.30185
16.125 74.625 0.3995
16.125 74.875 1.3224
16.125 75.125 -2.0234
16.125 75.375 -1.5943
16.125 75.625 -0.012191
16.125 75.875 0.55746
16.125 76.125 0.51965
16.125 76.375 1.27
16.125 76.625 1.3794
16.125 76.875 -0.013116
16.125 77.125 0.17185
16.125 77.375 0.82176
16.125 77.625 -0.091651
16.125 77.875 0.77919
16.125 78.125 0.94432
16.125 78.375 1.5831
16.125 78.625 1.2874
16.125 78.875 0.96959
16.125 79.125 0.96811
16.125 79.375 0.35918
16.125 79.625 -0.5179
16.125 79.875 0.00075223
16.125 80.125 0.28578
16.125 80.375 0.55413
16.125 80.625 0.2409
16.125 80.875 0.77251
16.375 73.625 -0.7832
16.375 73.875 -0.88246
16.375 74.125 -0.53069
16.375 74.375 0.2663
16.375 74.625 -0.77528
16.375 74.875 1.5535
16.375 75.125 1.101
16.375 75.375 -0.46416
16.375 75.625 -0.14845
16.375 75.875 0.59955
16.375 76.125 1.7182
16.375 76.375 2.149
16.375 76.625 1.8022
16.375 76.875 0.36012
16.375 77.125 1.0952
16.375 77.375 1.2382
16.375 77.625 0.56723
16.375 77.875 0.41452
16.375 78.125 0.81259
16.375 78.375 1.6925
16.375 78.625 0.73166
16.375 78.875 1.1225
16.375 79.125 0.89662
16.375 79.375 0.56015
16.375 79.625 0.037182
16.375 79.875 0.50736
16.375 80.125 0.58246
16.375 80.375 0.056224
16.375 80.625 0.29191
16.375 80.875 0.74863
16.375 81.125 -0.58825
NaN NaN NaN
NaN NaN NaN
16.625 73.625 -1.1695
16.625 73.875 -1.5253
16.625 74.125 -1.1374
16.625 74.375 -1.7549
16.625 74.625 -0.44899
16.625 74.875 -0.33442
16.625 75.125 0.87772
16.625 75.375 -0.22155
16.625 75.625 -0.1097
16.625 75.875 -0.35024
16.625 76.125 0.68293
16.625 76.375 0.56347
16.625 76.625 0.14773
16.625 76.875 0.22024
16.625 77.125 0.974
16.625 77.375 1.4817
16.625 77.625 0.61898
16.625 77.875 1.1532
16.625 78.125 1.2513
16.625 78.375 1.4658
16.625 78.625 0.92112
16.625 78.875 0.45761
16.625 79.125 0.36771
16.625 79.375 0.5128
16.625 79.625 1.1185
16.625 79.875 0.91095
16.625 80.125 0.64301
16.625 80.375 0.19423
16.625 80.625 0.19619
16.625 80.875 0.16297
16.625 81.125 -0.98928
16.625 81.375 -0.43837
16.625 81.625 -0.086962
16.625 81.875 -0.37837
16.625 82.125 -0.13361
16.875 73.375 -0.61875
16.875 73.625 -1.5943
16.875 73.875 -1.3403
16.875 74.125 -1.9118
16.875 74.375 -0.57104
16.875 74.625 -1.6375
16.875 74.875 -1.4753
16.875 75.125 -0.86749
16.875 75.375 0.47389
16.875 75.625 0.727
16.875 75.875 -0.18153
16.875 76.125 -0.35689
16.875 76.375 -0.047928
16.875 76.625 0.36786
16.875 76.875 0.20864
16.875 77.125 0.33439
16.875 77.375 0.47152
16.875 77.625 0.15693
16.875 77.875 0.41508
16.875 78.125 0.35878
16.875 78.375 0.31995
16.875 78.625 0.35914
16.875 78.875 -0.67533
16.875 79.125 -0.1958
16.875 79.375 -0.10812
16.875 79.625 0.37869
16.875 79.875 0.45819
16.875 80.125 0.57826
16.875 80.375 0.44655
16.875 80.625 0.066171
16.875 80.875 0.094188
16.875 81.125 0.028149
16.875 81.375 -0.60655
16.875 81.625 -0.61707
16.875 81.875 -0.39441
16.875 82.125 -0.13348
17.125 73.375 -0.74052
17.125 73.625 -1.3666
17.125 73.875 -1.4328
17.125 74.125 -1.6393
17.125 74.375 -1.9494
17.125 74.625 -1.8468
17.125 74.875 -1.6687
17.125 75.125 -1.7571
17.125 75.375 -0.87287
17.125 75.625 0.072853
17.125 75.875 -0.13901
17.125 76.125 -1.2167
17.125 76.375 -0.49586
17.125 76.625 -0.40153
17.125 76.875 0.58023
17.125 77.125 -0.073715
17.125 77.375 -0.72851
17.125 77.625 0.25338
17.125 77.875 0.49911
17.125 78.125 -0.12123
17.125 78.375 -0.21498
17.125 78.625 -0.27767
17.125 78.875 -0.019593
17.125 79.125 0.51401
17.125 79.375 0.22695
17.125 79.625 0.0020786
17.125 79.875 0.51895
17.125 80.125 0.69036
17.125 80.375 0.43288
17.125 80.625 -0.026894
17.125 80.875 0.040879
17.125 81.125 -0.068727
17.125 81.375 -0.18029
17.125 81.625 -0.65865
17.125 81.875 -0.40523
17.125 82.125 0.084081
17.125 82.375 0.15001
17.375 73.375 -1.3056
17.375 73.625 -1.9319
17.375 73.875 -1.562
17.375 74.125 -2.0306
17.375 74.375 -2.2932
17.375 74.625 -2.0554
17.375 74.875 -1.9841
17.375 75.125 -2.0937
17.375 75.375 -1.6814
17.375 75.625 -0.86058
17.375 75.875 -1.1732
17.375 76.125 -1.0745
17.375 76.375 -0.57215
17.375 76.625 -0.38327
17.375 76.875 0.45514
17.375 77.125 0.29152
17.375 77.375 -0.70028
17.375 77.625 0.83942
17.375 77.875 0.39766
17.375 78.125 0.51889
17.375 78.375 -0.20069
17.375 78.625 -0.60161
17.375 78.875 0.54595
17.375 79.125 0.37514
17.375 79.375 0.40621
17.375 79.625 -0.5209
17.375 79.875 0.53768
17.375 80.125 0.9658
17.375 80.375 0.53702
17.375 80.625 -0.015914
17.375 80.875 -0.57681
17.375 81.125 -0.65975
17.375 81.375 -0.46277
17.375 81.625 -0.62978
17.375 81.875 -0.51558
17.375 82.125 0.02175
17.375 82.375 0.20456
NaN NaN NaN
17.625 73.375 -0.87454
17.625 73.625 -2.312
17.625 73.875 -1.5918
17.625 74.125 -2.3702
17.625 74.375 -2.3324
17.625 74.625 -2.0935
17.625 74.875 -1.7512
17.625 75.125 -1.5154
17.625 75.375 -0.89705
17.625 75.625 -0.92869
17.625 75.875 -1.1008
17.625 76.125 -1.3918
17.625 76.375 -1.498
17.625 76.625 -0.0025158
17.625 76.875 -0.17678
17.625 77.125 0.33248
17.625 77.375 0.041634
17.625 77.625 -0.20143
17.625 77.875 0.15622
17.625 78.125 0.62894
17.625 78.375 0.22547
17.625 78.625 0.0061367
17.625 78.875 0.39461
17.625 79.125 0.16698
17.625 79.375 -0.023907
17.625 79.625 0.34816
17.625 79.875 0.73982
17.625 80.125 0.6946
17.625 80.375 0.1885
17.625 80.625 -0.21632
17.625 80.875 -0.015113
17.625 81.125 0.25405
17.625 81.375 -0.28761
17.625 81.625 -0.66624
17.625 81.875 -0.79339
17.625 82.125 -0.35031
17.625 82.375 -0.1609
17.625 82.625 -0.20106
17.625 82.875 -0.8152
17.625 83.125 -0.20346
17.875 73.375 -0.854
17.875 73.625 -1.6178
17.875 73.875 -1.4713
17.875 74.125 -2.0284
17.875 74.375 -1.3586
17.875 74.625 -1.6319
17.875 74.875 -1.016
17.875 75.125 -1.7809
17.875 75.375 -1.4993
17.875 75.625 -1.3334
17.875 75.875 -1.5406
17.875 76.125 -1.484
17.875 76.375 -1.1517
17.875 76.625 -0.46733
17.875 76.875 0.09722
17.875 77.125 0.49386
17.875 77.375 -0.073212
17.875 77.625 -0.11276
17.875 77.875 -0.67178
17.875 78.125 0.22081
17.875 78.375 0.099281
17.875 78.625 0.057017
17.875 78.875 -0.49698
17.875 79.125 -0.51161
17.875 79.375 -0.62186
17.875 79.625 -0.1119
17.875 79.875 0.75035
17.875 80.125 0.33729
17.875 80.375 -0.27831
17.875 80.625 0.054751
17.875 80.875 -0.029821
17.875 81.125 -0.42166
17.875 81.375 -0.42937
17.875 81.625 -0.86001
17.875 81.875 -1.0045
17.875 82.125 -1.1692
17.875 82.375 -1.0283
17.875 82.625 0.2168
17.875 82.875 0.50145
17.875 83.125 -0.56712
17.875 83.375 -0.36886
NaN NaN NaN
18.125 73.375 -1.9007
18.125 73.625 -1.4245
18.125 73.875 -0.54273
18.125 74.125 -1.0986
18.125 74.375 -0.57987
18.125 74.625 -0.76151
18.125 74.875 -0.7951
18.125 75.125 -1.4426
18.125 75.375 -1.5389
18.125 75.625 -1.3044
18.125 75.875 -1.5511
18.125 76.125 -0.86143
18.125 76.375 -0.68709
18.125 76.625 -0.70453
18.125 76.875 0.35347
18.125 77.125 1.0055
18.125 77.375 -0.027829
18.125 77.625 -0.55584
18.125 77.875 -0.67362
18.125 78.125 0.64357
18.125 78.375 0.10473
18.125 78.625 -0.10464
18.125 78.875 -0.40099
18.125 79.125 -0.41991
18.125 79.375 -0.31562
18.125 79.625 0.43857
18.125 79.875 0.60573
18.125 80.125 0.27584
18.125 80.375 -0.28845
18.125 80.625 -0.31693
18.125 80.875 -0.50365
18.125 81.125 -0.74195
18.125 81.375 -0.43242
18.125 81.625 -0.89663
18.125 81.875 -1.0171
18.125 82.125 -0.89792
18.125 82.375 -0.95331
18.125 82.625 -0.52536
18.125 82.875 -0.11953
18.125 83.125 0.057216
18.125 83.375 0.12221
18.125 83.625 0.19652
18.375 73.125 -0.90008
18.375 73.375 -1.8997
18.375 73.625 -0.079862
18.375 73.875 -0.56404
18.375 74.125 -1.2493
18.375 74.375 -0.96796
18.375 74.625 -1.5773
18.375 74.875 -1.8508
18.375 75.125 -1.1796
18.375 75.375 -0.28429
18.375 75.625 -0.33244
18.375 75.875 -1.0109
18.375 76.125 -0.70375
18.375 76.375 -0.68461
18.375 76.625 -0.85629
18.375 76.875 0.15986
18.375 77.125 -0.40612
18.375 77.375 -0.40459
18.375 77.625 -0.58023
18.375 77.875 -0.24594
18.375 78.125 0.14137
18.375 78.375 0.16949
18.375 78.625 -0.36191
18.375 78.875 -0.6378
18.375 79.125 0.33315
18.375 79.375 0.12934
18.375 79.625 0.28371
18.375 79.875 -0.047151
18.375 80.125 -0.17333
18.375 80.375 -0.37164
18.375 80.625 -0.41746
18.375 80.875 -0.62157
18.375 81.125 -0.5275
18.375 81.375 -0.38951
18.375 81.625 -0.85496
18.375 81.875 -1.1086
18.375 82.125 -0.38533
18.375 82.375 -0.1006
18.375 82.625 -0.054211
18.375 82.875 -1.5511
18.375 83.125 0.067757
18.375 83.375 0.1842
18.375 83.625 0.10877
18.375 83.875 -0.06195
18.625 73.125 -0.56876
18.625 73.375 0.18469
18.625 73.625 0.095609
18.625 73.875 -0.03597
18.625 74.125 -1.0498
18.625 74.375 -1.3115
18.625 74.625 -1.5825
18.625 74.875 -1.6078
18.625 75.125 -1.2829
18.625 75.375 -0.70703
18.625 75.625 -0.50567
18.625 75.875 -0.54367
18.625 76.125 -0.4649
18.625 76.375 -0.75425
18.625 76.625 0.033179
18.625 76.875 -0.016073
18.625 77.125 -0.41698
18.625 77.375 -0.83067
18.625 77.625 -0.40728
18.625 77.875 -0.73838
18.625 78.125 -0.32197
18.625 78.375 -0.36996
18.625 78.625 -0.90797
18.625 78.875 -0.28751
18.625 79.125 -0.54721
18.625 79.375 -0.4887
18.625 79.625 -1.158
18.625 79.875 -0.7781
18.625 80.125 -0.64431
18.625 80.375 -0.65493
18.625 80.625 -0.63581
18.625 80.875 -0.54231
18.625 81.125 -0.55083
18.625 81.375 -0.56416
18.625 81.625 -0.47911
18.625 81.875 -0.93181
18.625 82.125 -0.012968
18.625 82.375 0.68687
18.625 82.625 0.50055
18.625 82.875 -0.4315
18.625 83.125 -1.3163
18.625 83.375 -1.117
18.625 83.625 -0.1133
18.625 83.875 -0.64134
18.625 84.125 -0.86647
18.875 73.125 -0.69038
18.875 73.375 -0.50961
18.875 73.625 0.24836
18.875 73.875 -0.122
18.875 74.125 -1.7874
18.875 74.375 -1.1188
18.875 74.625 -1.0968
18.875 74.875 -1.1367
18.875 75.125 -1.2801
18.875 75.375 -0.81437
18.875 75.625 -1.0329
18.875 75.875 -1.0738
18.875 76.125 -0.44033
18.875 76.375 -0.58751
18.875 76.625 -0.49041
18.875 76.875 0.18803
18.875 77.125 0.10111
18.875 77.375 -0.56669
18.875 77.625 0.21681
18.875 77.875 0.25507
18.875 78.125 -0.28756
18.875 78.375 -1.8826
18.875 78.625 -0.6566
18.875 78.875 -0.23307
18.875 79.125 -0.60209
18.875 79.375 -0.47705
18.875 79.625 -0.86482
18.875 79.875 -1.1102
18.875 80.125 -1.3114
18.875 80.375 -0.79694
18.875 80.625 -0.31534
18.875 80.875 -0.60634
18.875 81.125 -0.81236
18.875 81.375 -0.42434
18.875 81.625 -0.6717
18.875 81.875 0.2673
18.875 82.125 -0.29572
18.875 82.375 0.2172
18.875 82.625 -0.33045
18.875 82.875 -0.094061
18.875 83.125 -1.6321
18.875 83.375 -0.82202
18.875 83.625 -0.51874
18.875 83.875 -0.37887
18.875 84.125 -0.45055
18.875 84.375 -0.67477
19.125 73.125 -0.97932
19.125 73.375 -0.71282
19.125 73.625 -0.70148
19.125 73.875 -0.42725
19.125 74.125 -0.8883
19.125 74.375 -0.25461
19.125 74.625 -0.80677
19.125 74.875 -1.0246
19.125 75.125 -1.0253
19.125 75.375 -0.84051
19.125 75.625 -0.96269
19.125 75.875 -0.57213
19.125 76.125 -0.2762
19.125 76.375 -0.39347
19.125 76.625 -0.55729
19.125 76.875 -0.81776
19.125 77.125 0.31091
19.125 77.375 -0.38965
19.125 77.625 -0.307
19.125 77.875 -0.3674
19.125 78.125 -0.86187
19.125 78.375 -0.64287
19.125 78.625 -0.4734
19.125 78.875 -0.35869
19.125 79.125 -0.54116
19.125 79.375 -0.16525
19.125 79.625 -0.30476
19.125 79.875 -0.86557
19.125 80.125 -1.4665
19.125 80.375 -1.2765
19.125 80.625 -0.48871
19.125 80.875 -0.65884
19.125 81.125 -0.99837
19.125 81.375 -1.3294
19.125 81.625 -0.63993
19.125 81.875 -1.4766
19.125 82.125 -0.39883
19.125 82.375 -0.81894
19.125 82.625 -1.4987
19.125 82.875 -1.456
19.125 83.125 -1.4441
19.125 83.375 -1.31
19.125 83.625 -0.73305
19.125 83.875 -0.50711
19.125 84.125 -0.065655
19.125 84.375 -1.4755
19.125 84.625 -0.65115
19.375 72.875 -0.92109
19.375 73.125 -1.4694
19.375 73.375 -1.0019
19.375 73.625 -0.74283
19.375 73.875 -0.52579
19.375 74.125 -0.010428
19.375 74.375 0.038269
19.375 74.625 -0.31178
19.375 74.875 -0.89967
19.375 75.125 -1.0044
19.375 75.375 -0.47671
19.375 75.625 -1.0767
19.375 75.875 -1.2032
19.375 76.125 -0.77285
19.375 76.375 -0.56064
19.375 76.625 -1.0349
19.375 76.875 -1.3206
19.375 77.125 -0.47001
19.375 77.375 -0.97695
19.375 77.625 -0.8334
19.375 77.875 -0.54611
19.375 78.125 -0.49841
19.375 78.375 -0.3955
19.375 78.625 -0.33633
19.375 78.875 -0.20436
19.375 79.125 -0.41547
19.375 79.375 0.19188
19.375 79.625 -0.46626
19.375 79.875 -1.0993
19.375 80.125 -1.1152
19.375 80.375 -1.1019
19.375 80.625 -0.865
19.375 80.875 -0.63068
19.375 81.125 -1.1698
19.375 81.375 -1.3702
19.375 81.625 -1.3904
19.375 81.875 -0.88152
19.375 82.125 -0.9561
19.375 82.375 -1.7725
19.375 82.625 -1.2243
19.375 82.875 -0.89706
19.375 83.125 -1.396
19.375 83.375 -1.8051
19.375 83.625 -1.218
19.375 83.875 -1.2104
19.375 84.125 -0.089078
19.375 84.375 -0.02605
19.375 84.625 -0.18535
19.375 84.875 -0.3153
19.625 72.875 -0.92435
19.625 73.125 -1.0302
19.625 73.375 -1.0906
19.625 73.625 -0.74179
19.625 73.875 -0.35062
19.625 74.125 -0.43426
19.625 74.375 -0.0077463
19.625 74.625 -0.29655
19.625 74.875 -0.83572
19.625 75.125 -0.9886
19.625 75.375 -0.54443
19.625 75.625 -0.70924
19.625 75.875 -0.72498
19.625 76.125 -0.68315
19.625 76.375 -0.56516
19.625 76.625 -1.0791
19.625 76.875 -1.7848
19.625 77.125 -1.0781
19.625 77.375 -0.47448
19.625 77.625 -0.59233
19.625 77.875 -0.68237
19.625 78.125 -0.4894
19.625 78.375 -0.55211
19.625 78.625 -0.030523
19.625 78.875 -0.13741
19.625 79.125 -0.66305
19.625 79.375 -0.92005
19.625 79.625 -0.93255
19.625 79.875 -1.0929
19.625 80.125 -1.3528
19.625 80.375 -1.3678
19.625 80.625 -1.2062
19.625 80.875 -0.79505
19.625 81.125 -0.94106
19.625 81.375 -1.4281
19.625 81.625 -1.0822
19.625 81.875 -0.64869
19.625 82.125 -1.1906
19.625 82.375 -1.0582
19.625 82.625 -1.3651
19.625 82.875 -0.51746
19.625 83.125 -0.59856
19.625 83.375 -0.94237
19.625 83.625 0.35418
19.625 83.875 0.49673
19.625 84.125 -0.37469
19.625 84.375 0.059906
19.625 84.625 0.033298
19.625 84.875 -0.41834
19.625 85.125 -1.8411
19.625 85.375 -1.0175
19.875 72.875 -1.267
19.875 73.125 -1.0893
19.875 73.375 -0.61408
19.875 73.625 -0.3073
19.875 73.875 -0.45636
19.875 74.125 0.006504
19.875 74.375 0.32288
19.875 74.625 0.19017
19.875 74.875 -0.17971
19.875 75.125 -0.8326
19.875 75.375 -0.72158
19.875 75.625 -0.48133
19.875 75.875 -0.10376
19.875 76.125 0.069686
19.875 76.375 -0.042754
19.875 76.625 -0.86572
19.875 76.875 -0.83318
19.875 77.125 -0.48291
19.875 77.375 -0.42146
19.875 77.625 -0.56038
19.875 77.875 -0.88605
19.875 78.125 -1.1264
19.875 78.375 -1.0078
19.875 78.625 -0.71652
19.875 78.875 -0.37488
19.875 79.125 -0.29917
19.875 79.375 -0.63256
19.875 79.625 -0.60732
19.875 79.875 -1.1393
19.875 80.125 -1.4939
19.875 80.375 -1.5576
19.875 80.625 -1.4274
19.875 80.875 -1.4247
19.875 81.125 -1.0989
19.875 81.375 -1.5169
19.875 81.625 -1.3085
19.875 81.875 -0.95019
19.875 82.125 -1.326
19.875 82.375 -1.0393
19.875 82.625 -0.98631
19.875 82.875 -0.89489
19.875 83.125 -1.115
19.875 83.375 -1.3125
19.875 83.625 -0.39663
19.875 83.875 -0.77863
19.875 84.125 -0.36938
19.875 84.375 -0.12929
19.875 84.625 0.936
19.875 84.875 0.12009
19.875 85.125 -0.96974
19.875 85.375 -1.3404
NaN NaN NaN
NaN NaN NaN
NaN NaN NaN
20.125 72.875 -1.2331
20.125 73.125 -1.3181
20.125 73.375 -1.0999
20.125 73.625 -0.51613
20.125 73.875 -0.26146
20.125 74.125 0.54213
20.125 74.375 0.44838
20.125 74.625 0.070768
20.125 74.875 0.24306
20.125 75.125 -0.27882
20.125 75.375 -0.36215
20.125 75.625 -0.85037
20.125 75.875 -0.77751
20.125 76.125 -0.15426
20.125 76.375 -0.038409
20.125 76.625 -0.54653
20.125 76.875 -0.6052
20.125 77.125 -0.59595
20.125 77.375 -0.51111
20.125 77.625 -0.6034
20.125 77.875 -0.86842
20.125 78.125 -1.0456
20.125 78.375 -1.0555
20.125 78.625 -1.152
20.125 78.875 -0.99404
20.125 79.125 -0.91464
20.125 79.375 -1.3118
20.125 79.625 -0.96316
20.125 79.875 -1.4671
20.125 80.125 -1.4931
20.125 80.375 -1.3358
20.125 80.625 -1.1586
20.125 80.875 -0.96164
20.125 81.125 -1.0426
20.125 81.375 -0.99483
20.125 81.625 -0.5666
20.125 81.875 -0.30337
20.125 82.125 -0.63113
20.125 82.375 -1.1661
20.125 82.625 -1.3498
20.125 82.875 -1.4443
20.125 83.125 -1.1537
20.125 83.375 -1.463
20.125 83.625 -1.4059
20.125 83.875 0.27569
20.125 84.125 0.19454
20.125 84.375 -1.5091
20.125 84.625 -0.13963
20.125 84.875 0.4504
20.125 85.125 0.24513
20.125 85.375 -0.95841
20.125 85.625 -0.25178
20.125 85.875 -1.0602
20.125 86.125 -1.097
NaN NaN NaN
20.375 73.125 -1.149
20.375 73.375 -0.6399
20.375 73.625 -0.96884
20.375 73.875 -1.2106
20.375 74.125 -1.3485
20.375 74.375 -0.59788
20.375 74.625 -0.86862
20.375 74.875 -0.76073
20.375 75.125 -0.14377
20.375 75.375 0.34088
20.375 75.625 -0.35612
20.375 75.875 -0.047038
20.375 76.125 -0.47335
20.375 76.375 -0.63507
20.375 76.625 -0.64172
20.375 76.875 -0.70389
20.375 77.125 -0.66616
20.375 77.375 -0.61765
20.375 77.625 -0.3795
20.375 77.875 -1.3899
20.375 78.125 -0.95165
20.375 78.375 -0.79043
20.375 78.625 -0.88461
20.375 78.875 -0.99126
20.375 79.125 -1.0232
20.375 79.375 -1.0155
20.375 79.625 -1.5176
20.375 79.875 -1.2051
20.375 80.125 -1.1523
20.375 80.375 -1.2934
20.375 80.625 -0.85365
20.375 80.875 -0.83081
20.375 81.125 -1.0592
20.375 81.375 -1.1285
20.375 81.625 -0.5142
20.375 81.875 -0.51224
20.375 82.125 -0.5557
20.375 82.375 -0.38116
20.375 82.625 -0.54769
20.375 82.875 -1.1538
20.375 83.125 -1.6472
20.375 83.375 -1.3238
20.375 83.625 -0.58677
20.375 83.875 -0.40978
20.375 84.125 -1.3172
20.375 84.375 -1.8766
20.375 84.625 -0.7708
20.375 84.875 -0.96245
20.375 85.125 -0.65309
20.375 85.375 -1.4894
20.375 85.625 -0.074511
20.375 85.875 -1.1499
20.375 86.125 -1.1603
20.375 86.375 -0.44515
NaN NaN NaN
20.625 73.125 -1.9232
20.625 73.375 -0.58329
20.625 73.625 -0.59574
20.625 73.875 -0.060858
20.625 74.125 -1.087
20.625 74.375 -0.56287
20.625 74.625 -0.63939
20.625 74.875 -1.2406
20.625 75.125 -0.28735
20.625 75.375 0.080908
20.625 75.625 -0.42575
20.625 75.875 -0.65827
20.625 76.125 -0.70434
20.625 76.375 -0.48408
20.625 76.625 -0.55857
20.625 76.875 -0.56474
20.625 77.125 -0.70505
20.625 77.375 -0.56042
20.625 77.625 -0.35054
20.625 77.875 -0.66455
20.625 78.125 -0.23335
20.625 78.375 -0.62724
20.625 78.625 -0.71227
20.625 78.875 -0.78328
20.625 79.125 -0.807
20.625 79.375 -0.75344
20.625 79.625 -1.0293
20.625 79.875 -0.66768
20.625 80.125 -0.85131
20.625 80.375 -1.0438
20.625 80.625 -1.3489
20.625 80.875 -1.0629
20.625 81.125 -1.0928
20.625 81.375 -1.2049
20.625 81.625 -1.1075
20.625 81.875 -0.94637
20.625 82.125 -0.3379
20.625 82.375 -0.70399
20.625 82.625 -1.0937
20.625 82.875 -1.0136
20.625 83.125 -1.5665
20.625 83.375 -1.0042
20.625 83.625 -0.24306
20.625 83.875 -0.67782
20.625 84.125 -0.98264
20.625 84.375 -1.5482
20.625 84.625 -0.18103
20.625 84.875 -0.32418
20.625 85.125 -0.43801
20.625 85.375 0.8513
20.625 85.625 -1.7486
20.625 85.875 -1.4005
20.625 86.125 -1.1219
20.625 86.375 -0.11926
20.625 86.625 -0.1755
NaN NaN NaN
20.875 70.625 -0.6078
20.875 70.875 -0.47516
20.875 71.125 -0.76053
20.875 71.375 -0.18514
20.875 72.875 -1.106
20.875 73.125 -0.81025
20.875 73.375 -1.1849
20.875 73.625 -0.66137
20.875 73.875 -0.14642
20.875 74.125 -0.39578
20.875 74.375 -0.50462
20.875 74.625 -0.47258
20.875 74.875 -0.37971
20.875 75.125 -0.46115
20.875 75.375 -0.38402
20.875 75.625 -0.88644
20.875 75.875 -0.46545
20.875 76.125 -0.26256
20.875 76.375 -0.22215
20.875 76.625 0.097803
20.875 76.875 0.10065
20.875 77.125 -0.27887
20.875 77.375 -0.59095
20.875 77.625 -0.33337
20.875 77.875 -0.061908
20.875 78.125 -0.1435
20.875 78.375 -0.51217
20.875 78.625 -0.82529
20.875 78.875 -0.85945
20.875 79.125 -1.7279
20.875 79.375 -1.4148
20.875 79.625 -0.88487
20.875 79.875 -0.57615
20.875 80.125 -0.38714
20.875 80.375 -1.3157
20.875 80.625 -1.0097
20.875 80.875 -0.4912
20.875 81.125 -0.68474
20.875 81.375 -2.0526
20.875 81.625 -1.6289
20.875 81.875 -1.4058
20.875 82.125 -0.78009
20.875 82.375 -0.5503
20.875 82.625 -0.8699
20.875 82.875 -1.3026
20.875 83.125 -1.0196
20.875 83.375 -0.72429
20.875 83.625 -0.13601
20.875 83.875 -1.1895
20.875 84.125 -1.4634
20.875 84.375 -1.1589
20.875 84.625 -0.72356
20.875 84.875 -0.52854
20.875 85.125 0.24765
20.875 85.375 0.48764
20.875 85.625 0.51366
20.875 85.875 -0.82625
20.875 86.125 0.16099
20.875 86.375 -0.18069
20.875 86.625 -0.37285
21.125 70.375 -0.93775
21.125 70.625 -0.92809
21.125 70.875 -1.1843
21.125 71.125 -0.12775
21.125 71.375 -0.373
NaN NaN NaN
NaN NaN NaN
21.125 72.875 -0.55101
21.125 73.125 -1.6043
21.125 73.375 -0.35866
21.125 73.625 -1.0827
21.125 73.875 -1.2294
21.125 74.125 -1.2265
21.125 74.375 -1.0405
21.125 74.625 -1.0674
21.125 74.875 -0.41232
21.125 75.125 -0.62833
21.125 75.375 0.16484
21.125 75.625 0.85686
21.125 75.875 0.98786
21.125 76.125 1.1645
21.125 76.375 0.018971
21.125 76.625 -0.075132
21.125 76.875 -0.011808
21.125 77.125 -0.16104
21.125 77.375 0.097622
21.125 77.625 0.17793
21.125 77.875 0.29449
21.125 78.125 -0.38259
21.125 78.375 -0.57386
21.125 78.625 -0.55672
21.125 78.875 -0.70969
21.125 79.125 -1.2106
21.125 79.375 -1.3077
21.125 79.625 -0.80935
21.125 79.875 -0.97086
21.125 80.125 -0.36593
21.125 80.375 -1.3755
21.125 80.625 -1.1174
21.125 80.875 -0.93861
21.125 81.125 -1.651
21.125 81.375 -1.2916
21.125 81.625 -1.6807
21.125 81.875 -1.4193
21.125 82.125 -0.24665
21.125 82.375 -0.94894
21.125 82.625 -1.408
21.125 82.875 -1.5395
21.125 83.125 -1.3653
21.125 83.375 -0.85731
21.125 83.625 -1.0315
21.125 83.875 -1.1128
21.125 84.125 -1.1717
21.125 84.375 -1.1396
21.125 84.625 -0.98921
21.125 84.875 -0.76437
21.125 85.125 0.12651
21.125 85.375 0.47013
21.125 85.625 0.051939
21.125 85.875 -0.41375
21.125 86.125 -0.46575
21.125 86.375 -0.5526
21.125 86.625 -0.67166
21.375 70.125 -1.3031
21.375 70.375 -1.0279
21.375 70.625 -0.5051
21.375 70.875 -1.2862
21.375 71.125 -1.0394
21.375 71.375 -0.8496
21.375 71.625 -1.1623
21.375 71.875 -0.67924
21.375 72.875 -0.87469
21.375 73.125 -0.45901
21.375 73.375 -0.13849
21.375 73.625 -0.24008
21.375 73.875 -1.0993
21.375 74.125 -1.3967
21.375 74.375 -1.0895
21.375 74.625 -0.6839
21.375 74.875 0.387
21.375 75.125 0.24931
21.375 75.375 0.42636
21.375 75.625 0.37986
21.375 75.875 0.64246
21.375 76.125 1.4132
21.375 76.375 0.24046
21.375 76.625 -0.39711
21.375 76.875 -0.26783
21.375 77.125 0.013976
21.375 77.375 0.38239
21.375 77.625 0.2425
21.375 77.875 -0.09887
21.375 78.125 0.22564
21.375 78.375 0.2098
21.375 78.625 -0.13582
21.375 78.875 -0.46051
21.375 79.125 -0.57957
21.375 79.375 -1.1335
21.375 79.625 -1.577
21.375 79.875 -1.2393
21.375 80.125 -1.5117
21.375 80.375 -1.4291
21.375 80.625 -1.1521
21.375 80.875 -1.4727
21.375 81.125 -2.0644
21.375 81.375 -1.8563
21.375 81.625 -1.3077
21.375 81.875 -0.78019
21.375 82.125 -0.33259
21.375 82.375 -0.7747
21.375 82.625 -1.4506
21.375 82.875 -1.2086
21.375 83.125 -0.87806
21.375 83.375 -1.102
21.375 83.625 -1.105
21.375 83.875 -0.6305
21.375 84.125 -0.488
21.375 84.375 -0.65039
21.375 84.625 -0.95214
21.375 84.875 -1.3509
21.375 85.125 -0.21012
21.375 85.375 0.11959
21.375 85.625 -0.49104
21.375 85.875 -0.9357
21.375 86.125 -0.67255
21.375 86.375 -0.64861
21.375 86.625 -1.1307
21.375 86.875 -1.0818
21.625 69.875 -1.564
21.625 70.125 -1.6959
21.625 70.375 -1.3213
21.625 70.625 -0.3822
21.625 70.875 -1.1179
21.625 71.125 -1.1318
21.625 71.375 -0.67729
21.625 71.625 -0.44791
21.625 71.875 -0.5528
21.625 72.125 -0.49244
21.625 72.875 -0.92948
21.625 73.125 -1.2143
21.625 73.375 -1.0445
21.625 73.625 -0.46647
21.625 73.875 -0.80066
21.625 74.125 -0.77056
21.625 74.375 -0.24208
21.625 74.625 0.58762
21.625 74.875 0.62148
21.625 75.125 0.49328
21.625 75.375 0.53726
21.625 75.625 -0.12196
21.625 75.875 0.20811
21.625 76.125 0.62602
21.625 76.375 0.037591
21.625 76.625 -0.42521
21.625 76.875 -0.18117
21.625 77.125 0.37349
21.625 77.375 0.43699
21.625 77.625 -0.363
21.625 77.875 -0.12717
21.625 78.125 0.098721
21.625 78.375 0.15736
21.625 78.625 -1.2991
21.625 78.875 -1.1457
21.625 79.125 -1.4417
21.625 79.375 -1.564
21.625 79.625 -0.95054
21.625 79.875 -1.0139
21.625 80.125 -1.1612
21.625 80.375 -1.0296
21.625 80.625 -1.2861
21.625 80.875 -1.5523
21.625 81.125 -1.9074
21.625 81.375 -1.9488
21.625 81.625 -1.3701
21.625 81.875 -1.0463
21.625 82.125 -0.61808
21.625 82.375 -1.2288
21.625 82.625 -1.5835
21.625 82.875 -1.4005
21.625 83.125 -0.75482
21.625 83.375 -1.2139
21.625 83.625 -1.0846
21.625 83.875 -0.26777
21.625 84.125 -0.5187
21.625 84.375 -0.067823
21.625 84.625 -0.23945
21.625 84.875 -0.15894
21.625 85.125 0.0031348
21.625 85.375 0.022975
21.625 85.625 -0.18026
21.625 85.875 -0.049262
21.625 86.125 -0.80965
21.625 86.375 -0.56102
21.625 86.625 -1.4011
21.625 86.875 -1.0914
21.625 87.125 -0.019595
NaN NaN NaN
NaN NaN NaN
21.875 69.625 -0.60262
21.875 69.875 -1.2823
21.875 70.125 -1.4155
21.875 70.375 -0.93118
21.875 70.625 -0.4342
21.875 70.875 -1.463
21.875 71.125 -1.6052
21.875 71.375 -1.083
21.875 71.625 -0.39115
21.875 71.875 -0.39054
21.875 72.125 -0.29056
NaN NaN NaN
21.875 72.875 -1.2223
21.875 73.125 -1.1788
21.875 73.375 -1.0255
21.875 73.625 -1.0644
21.875 73.875 -0.67201
21.875 74.125 -0.87511
21.875 74.375 -0.28306
21.875 74.625 0.42931
21.875 74.875 0.58105
21.875 75.125 0.58875
21.875 75.375 -0.12023
21.875 75.625 0.10023
21.875 75.875 0.19519
21.875 76.125 0.57737
21.875 76.375 0.097162
21.875 76.625 -0.059972
21.875 76.875 0.077356
21.875 77.125 0.30922
21.875 77.375 0.46767
21.875 77.625 -0.26104
21.875 77.875 -0.24645
21.875 78.125 -0.54794
21.875 78.375 -0.79618
21.875 78.625 -1.2632
21.875 78.875 -0.79188
21.875 79.125 -0.99757
21.875 79.375 -1.0871
21.875 79.625 -1.0684
21.875 79.875 -1.1451
21.875 80.125 -1.3121
21.875 80.375 -1.1745
21.875 80.625 -1.2813
21.875 80.875 -1.7806
21.875 81.125 -1.6195
21.875 81.375 -1.0222
21.875 81.625 -1.3813
21.875 81.875 -1.8783
21.875 82.125 -0.84042
21.875 82.375 -1.2866
21.875 82.625 -1.2547
21.875 82.875 -1.4377
21.875 83.125 -1.1544
21.875 83.375 -0.98438
21.875 83.625 -1.0824
21.875 83.875 0.12038
21.875 84.125 -0.016752
21.875 84.375 0.15137
21.875 84.625 -0.17106
21.875 84.875 0.57539
21.875 85.125 0.62245
21.875 85.375 0.42279
21.875 85.625 -0.50403
21.875 85.875 0.27203
21.875 86.125 0.37532
21.875 86.375 -0.11996
21.875 86.625 -1.3934
21.875 86.875 -0.75908
21.875 87.125 0.17164
21.875 87.375 0.088909
21.875 87.625 -0.26021
21.875 87.875 -0.18955
21.875 88.375 0.12024
NaN NaN NaN
NaN NaN NaN
22.125 69.125 -0.15875
22.125 69.375 -0.29154
22.125 69.625 -0.52081
22.125 69.875 -0.70626
22.125 70.125 -0.88056
22.125 70.375 -1.1151
22.125 70.625 -1.1481
22.125 70.875 -1.0582
22.125 71.125 -1.4455
22.125 71.375 -1.0619
22.125 71.625 0.099215
22.125 71.875 -0.20779
22.125 72.125 -0.0835
NaN NaN NaN
22.125 72.875 -0.95947
22.125 73.125 -1.2177
22.125 73.375 -0.46322
22.125 73.625 -0.39391
22.125 73.875 -0.65193
22.125 74.125 -0.50197
22.125 74.375 -0.99913
22.125 74.625 -0.9559
22.125 74.875 -0.59924
22.125 75.125 0.78923
22.125 75.375 -0.16679
22.125 75.625 0.11323
22.125 75.875 0.67458
22.125 76.125 0.86549
22.125 76.375 0.15112
22.125 76.625 0.54224
22.125 76.875 0.69105
22.125 77.125 0.32647
22.125 77.375 0.13213
22.125 77.625 -0.12181
22.125 77.875 -0.18793
22.125 78.125 -0.64419
22.125 78.375 -0.77065
22.125 78.625 -1.0814
22.125 78.875 -0.19207
22.125 79.125 -1.2292
22.125 79.375 -1.2075
22.125 79.625 -0.72948
22.125 79.875 -1.2739
22.125 80.125 -1.1093
22.125 80.375 -0.91428
22.125 80.625 -0.60467
22.125 80.875 -1.702
22.125 81.125 -2.1822
22.125 81.375 -1.0586
22.125 81.625 -1.4767
22.125 81.875 -1.549
22.125 82.125 -1.4582
22.125 82.375 -1.2772
22.125 82.625 -1.5025
22.125 82.875 -1.8074
22.125 83.125 -1.1736
22.125 83.375 -1.0039
22.125 83.625 -0.96374
22.125 83.875 -1.0508
22.125 84.125 0.35854
22.125 84.375 0.62092
22.125 84.625 0.44293
22.125 84.875 0.98675
22.125 85.125 0.78997
22.125 85.375 0.12972
22.125 85.625 -1.2147
22.125 85.875 -0.8912
22.125 86.125 0.94066
22.125 86.375 0.7097
22.125 86.625 0.13639
22.125 86.875 0.63379
22.125 87.125 0.59471
22.125 87.375 -0.08254
22.125 87.625 -0.52306
22.125 87.875 -0.4105
22.125 88.125 0.589
22.125 88.375 0.39492
NaN NaN NaN
22.375 69.125 -0.23425
22.375 69.875 -0.41593
22.375 70.125 -0.98778
22.375 70.375 -1.3115
22.375 70.625 -1.0999
22.375 70.875 -1.2153
22.375 71.125 -0.47591
22.375 71.375 0.49176
22.375 71.625 -0.18045
22.375 71.875 0.17108
22.375 72.125 -0.64061
NaN NaN NaN
22.375 72.875 -0.94426
22.375 73.125 0.27746
22.375 73.375 0.19216
22.375 73.625 -0.069247
22.375 73.875 -0.87785
22.375 74.125 -0.85049
22.375 74.375 -1.0263
22.375 74.625 -1.0056
22.375 74.875 -0.30457
22.375 75.125 0.20001
22.375 75.375 0.91934
22.375 75.625 0.53647
22.375 75.875 1.0801
22.375 76.125 1.0096
22.375 76.375 0.79116
22.375 76.625 1.2087
22.375 76.875 0.64257
22.375 77.125 0.41577
22.375 77.375 0.20657
22.375 77.625 0.14493
22.375 77.875 0.029486
22.375 78.125 -0.40111
22.375 78.375 -0.37494
22.375 78.625 -1.1992
22.375 78.875 -0.94442
22.375 79.125 -0.88438
22.375 79.375 -0.67623
22.375 79.625 -0.76666
22.375 79.875 -0.9015
22.375 80.125 -0.96785
22.375 80.375 -0.70358
22.375 80.625 -0.64706
22.375 80.875 -0.92953
22.375 81.125 -1.4024
22.375 81.375 -0.61372
22.375 81.625 -1.6177
22.375 81.875 -1.5453
22.375 82.125 -1.4138
22.375 82.375 -1.3215
22.375 82.625 -1.8684
22.375 82.875 -2.2234
22.375 83.125 -1.7352
22.375 83.375 -1.6715
22.375 83.625 -1.6642
22.375 83.875 -0.9966
22.375 84.125 -0.50417
22.375 84.375 0.051454
22.375 84.625 -0.24499
22.375 84.875 -0.74595
22.375 85.125 -0.45574
22.375 85.375 -0.45962
22.375 85.625 -1.2456
22.375 85.875 -1.6418
22.375 86.125 -1.4736
22.375 86.375 0.06272
22.375 86.625 -0.28174
22.375 86.875 0.54291
22.375 87.125 0.7506
22.375 87.375 0.46851
22.375 87.625 0.31432
22.375 87.875 1.0714
22.375 88.125 -1.2975
22.375 88.375 -0.77938
22.375 88.625 -0.71747
22.375 88.875 -0.7775
NaN NaN NaN
22.625 70.375 -0.93095
22.625 70.625 -0.81007
22.625 70.875 -1.2687
22.625 71.125 -1.1857
22.625 71.375 -0.32571
22.625 71.625 -0.47799
22.625 71.875 -0.94942
22.625 72.125 -1.0422
22.625 72.375 -0.18729
22.625 72.625 1.3572
22.625 72.875 -0.038313
22.625 73.125 -0.39679
22.625 73.375 0.9981
22.625 73.625 -0.20705
22.625 73.875 -0.78451
22.625 74.125 -0.3271
22.625 74.375 -0.067998
22.625 74.625 -0.57957
22.625 74.875 -0.40949
22.625 75.125 0.020674
22.625 75.375 0.94494
22.625 75.625 0.55265
22.625 75.875 1.0119
22.625 76.125 0.94574
22.625 76.375 0.50731
22.625 76.625 1.0364
22.625 76.875 0.8002
22.625 77.125 0.65863
22.625 77.375 0.55739
22.625 77.625 0.28957
22.625 77.875 0.29425
22.625 78.125 0.0067125
22.625 78.375 -0.77527
22.625 78.625 -0.96315
22.625 78.875 -0.68005
22.625 79.125 -0.5558
22.625 79.375 -0.6683
22.625 79.625 -1.0779
22.625 79.875 -1.2819
22.625 80.125 -1.0101
22.625 80.375 -1.2131
22.625 80.625 -1.2733
22.625 80.875 -1.1303
22.625 81.125 -0.72279
22.625 81.375 -1.3003
22.625 81.625 -1.3102
22.625 81.875 -0.73246
22.625 82.125 -1.1319
22.625 82.375 -1.3367
22.625 82.625 -1.8898
22.625 82.875 -2.2444
22.625 83.125 -2.3427
22.625 83.375 -1.4867
22.625 83.625 -1.0782
22.625 83.875 -1.5671
22.625 84.125 -0.94929
22.625 84.375 -0.46366
22.625 84.625 -1.5161
22.625 84.875 -1.2836
22.625 85.125 -0.71571
22.625 85.375 -0.89418
22.625 85.625 -1.3387
22.625 85.875 -1.0605
22.625 86.125 -1.6094
22.625 86.375 -0.70786
22.625 86.625 -0.48563
22.625 86.875 0.097498
22.625 87.125 1.0837
22.625 87.375 1.1506
22.625 87.625 1.0302
22.625 87.875 -0.0091053
22.625 88.125 1.0339
22.625 88.375 -1.316
22.625 88.625 -1.121
22.625 88.875 -1.0286
22.625 92.625 -0.642
22.625 92.875 NaN
NaN NaN NaN
NaN NaN NaN
NaN NaN NaN
22.875 70.625 -0.88001
22.875 70.875 -0.87018
22.875 71.125 -1.5189
22.875 71.375 -0.91249
22.875 71.625 -0.7589
22.875 71.875 -1.0707
22.875 72.125 -1.3564
22.875 72.375 -0.80391
22.875 72.625 -0.11693
22.875 72.875 -0.44251
22.875 73.125 1.5001
22.875 73.375 1.2072
22.875 73.625 0.26221
22.875 73.875 -0.68324
22.875 74.125 -0.21708
22.875 74.375 -0.056882
22.875 74.625 -0.36064
22.875 74.875 -0.11792
22.875 75.125 0.73839
22.875 75.375 1.138
22.875 75.625 1.0232
22.875 75.875 1.0309
22.875 76.125 1.0962
22.875 76.375 0.67399
22.875 76.625 0.88086
22.875 76.875 0.69307
22.875 77.125 0.75034
22.875 77.375 0.15828
22.875 77.625 -0.037414
22.875 77.875 0.050226
22.875 78.125 0.28416
22.875 78.375 -0.66984
22.875 78.625 -0.70887
22.875 78.875 -0.60498
22.875 79.125 -0.87158
22.875 79.375 -1.2024
22.875 79.625 -1.6514
22.875 79.875 -1.5793
22.875 80.125 -1.5186
22.875 80.375 -1.076
22.875 80.625 -1.1174
22.875 80.875 -0.95764
22.875 81.125 -1.0593
22.875 81.375 -1.1074
22.875 81.625 -1.6529
22.875 81.875 -1.3551
22.875 82.125 -1.2966
22.875 82.375 -1.4267
22.875 82.625 -1.8048
22.875 82.875 -1.2885
22.875 83.125 -2.1548
22.875 83.375 -1.4587
22.875 83.625 -0.43603
22.875 83.875 -0.63629
22.875 84.125 -1.4764
22.875 84.375 -1.774
22.875 84.625 -1.6095
22.875 84.875 -1.1057
22.875 85.125 -0.79287
22.875 85.375 -0.57867
22.875 85.625 -0.47888
22.875 85.875 -0.78437
22.875 86.125 -0.98311
22.875 86.375 -0.7992
22.875 86.625 0.38674
22.875 86.875 0.48993
22.875 87.125 1.6126
22.875 87.375 1.7772
22.875 87.625 1.5032
22.875 87.875 -0.41423
22.875 88.125 -0.17106
22.875 88.375 -0.19641
22.875 88.625 -0.72353
22.875 92.625 -0.2848
22.875 92.875 0.47035
23.125 68.875 -0.56958
23.125 69.125 -0.13493
23.125 69.375 -0.39312
23.125 69.625 -0.25141
23.125 69.875 -0.17526
23.125 70.125 -0.4359
23.125 70.875 -1.0753
23.125 71.125 -1.1387
23.125 71.375 -0.8351
23.125 71.625 -0.71729
23.125 71.875 -0.96577
23.125 72.125 -0.15047
23.125 72.375 -0.16593
23.125 72.625 -0.16624
23.125 72.875 0.22353
23.125 73.125 0.064287
23.125 73.375 -0.10372
23.125 73.625 0.059454
23.125 73.875 -0.49787
23.125 74.125 -0.2308
23.125 74.375 -0.16866
23.125 74.625 0.11496
23.125 74.875 -0.080996
23.125 75.125 0.2301
23.125 75.375 -0.56947
23.125 75.625 0.42294
23.125 75.875 0.86919
23.125 76.125 0.68588
23.125 76.375 0.47144
23.125 76.625 0.34492
23.125 76.875 0.50969
23.125 77.125 0.74847
23.125 77.375 0.24648
23.125 77.625 -0.040082
23.125 77.875 0.27127
23.125 78.125 0.35022
23.125 78.375 -0.52015
23.125 78.625 -0.87474
23.125 78.875 -0.81121
23.125 79.125 -1.141
23.125 79.375 -0.89297
23.125 79.625 -1.6141
23.125 79.875 -1.2081
23.125 80.125 -1.3168
23.125 80.375 -0.96866
23.125 80.625 -0.71033
23.125 80.875 -0.78173
23.125 81.125 -0.80296
23.125 81.375 -1.2466
23.125 81.625 -1.728
23.125 81.875 -0.96812
23.125 82.125 -1.1733
23.125 82.375 -1.3208
23.125 82.625 -0.82905
23.125 82.875 -1.248
23.125 83.125 -1.9044
23.125 83.375 -0.16527
23.125 83.625 1.2297
23.125 83.875 1.4157
23.125 84.125 -1.5902
23.125 84.375 -1.7455
23.125 84.625 -0.79403
23.125 84.875 -0.23759
23.125 85.125 -0.34089
23.125 85.375 0.054881
23.125 85.625 -0.5159
23.125 85.875 -0.87471
23.125 86.125 -0.97541
23.125 86.375 0.037871
23.125 86.625 0.43846
23.125 86.875 0.63306
23.125 87.125 1.3905
23.125 87.375 2.5598
23.125 87.625 1.5489
23.125 87.875 -0.42404
23.125 88.125 -0.5632
23.125 88.375 -0.27235
23.125 88.625 -0.45675
NaN NaN NaN
23.125 92.625 -0.54274
23.125 92.875 -0.40627
NaN NaN NaN
23.375 68.875 -0.35769
23.375 69.125 -0.20092
23.375 69.375 -0.36219
23.375 69.625 -0.291
23.375 69.875 -0.29157
23.375 70.125 -0.61001
23.375 70.375 -0.67361
23.375 70.625 -0.59842
23.375 70.875 -0.92448
23.375 71.125 -0.80366
23.375 71.375 -0.48564
23.375 71.625 -1.0726
23.375 71.875 -1.1356
23.375 72.125 -1.1803
23.375 72.375 -0.44779
23.375 72.625 -0.78787
23.375 72.875 -0.26714
23.375 73.125 -0.091705
23.375 73.375 0.28993
23.375 73.625 -0.16994
23.375 73.875 -0.47579
23.375 74.125 -0.18281
23.375 74.375 0.31527
23.375 74.625 0.15059
23.375 74.875 0.42086
23.375 75.125 0.25636
23.375 75.375 0.69649
23.375 75.625 0.051594
23.375 75.875 0.53885
23.375 76.125 0.80675
23.375 76.375 0.61179
23.375 76.625 0.49161
23.375 76.875 0.08058
23.375 77.125 0.47787
23.375 77.375 -0.10683
23.375 77.625 -0.3644
23.375 77.875 0.42006
23.375 78.125 0.51185
23.375 78.375 -0.37302
23.375 78.625 -0.62723
23.375 78.875 -0.62183
23.375 79.125 -1.2316
23.375 79.375 -0.63328
23.375 79.625 -0.86818
23.375 79.875 -0.79735
23.375 80.125 -1.5179
23.375 80.375 -1.5438
23.375 80.625 -0.99456
23.375 80.875 -0.77498
23.375 81.125 -0.74904
23.375 81.375 -1.1671
23.375 81.625 -1.0014
23.375 81.875 -1.0944
23.375 82.125 -1.0456
23.375 82.375 -0.70897
23.375 82.625 -1.0053
23.375 82.875 -1.4005
23.375 83.125 -0.53007
23.375 83.375 0.17346
23.375 83.625 0.95085
23.375 83.875 -0.59635
23.375 84.125 -1.8775
23.375 84.375 -1.8921
23.375 84.625 -1.1449
23.375 84.875 -1.1151
23.375 85.125 -0.87192
23.375 85.375 -0.4567
23.375 85.625 -0.27913
23.375 85.875 -1.4136
23.375 86.125 -0.69123
23.375 86.375 0.1859
23.375 86.625 0.024659
23.375 86.875 -0.18998
23.375 87.125 0.38771
23.375 87.375 0.20576
23.375 87.625 0.29065
23.375 87.875 -1.1086
23.375 88.125 -1.0004
23.375 88.375 -0.68113
23.375 88.625 -0.56075
23.375 91.375 -0.73674
23.375 91.625 -0.72647
23.375 92.625 -0.41423
23.375 92.875 -0.49343
23.375 93.125 -1.6441
23.625 68.625 -0.24356
23.625 68.875 -0.31444
23.625 69.125 -0.15766
23.625 69.375 -0.25522
23.625 69.625 -0.26683
23.625 69.875 -0.39573
23.625 70.125 -0.010369
23.625 70.375 -0.045562
23.625 70.625 -0.28146
23.625 70.875 -0.48036
23.625 71.125 -0.21064
23.625 71.375 0.091069
23.625 71.625 -1.1953
23.625 71.875 -1.2419
23.625 72.125 -1.4622
23.625 72.375 -1.0037
23.625 72.625 -0.60163
23.625 72.875 -0.22361
23.625 73.125 0.40714
23.625 73.375 -0.77754
23.625 73.625 -0.75502
23.625 73.875 -0.36581
23.625 74.125 0.044847
23.625 74.375 -0.35137
23.625 74.625 0.45473
23.625 74.875 0.74716
23.625 75.125 0.55779
23.625 75.375 0.82113
23.625 75.625 0.62933
23.625 75.875 1.71
23.625 76.125 1.4408
23.625 76.375 0.86323
23.625 76.625 0.48579
23.625 76.875 0.46281
23.625 77.125 0.58855
23.625 77.375 0.27651
23.625 77.625 -0.40529
23.625 77.875 -0.15529
23.625 78.125 -0.21462
23.625 78.375 -0.64359
23.625 78.625 -0.40209
23.625 78.875 -0.42332
23.625 79.125 -0.78282
23.625 79.375 -0.13432
23.625 79.625 -0.27907
23.625 79.875 -0.031734
23.625 80.125 -0.95314
23.625 80.375 -1.5181
23.625 80.625 -1.2841
23.625 80.875 -0.91564
23.625 81.125 -1.1592
23.625 81.375 -1.036
23.625 81.625 -0.94072
23.625 81.875 -1.2117
23.625 82.125 -1.4749
23.625 82.375 -0.94323
23.625 82.625 -0.66045
23.625 82.875 -0.63454
23.625 83.125 -0.42827
23.625 83.375 -0.48208
23.625 83.625 -0.45092
23.625 83.875 -0.86967
23.625 84.125 -2.0513
23.625 84.375 -1.6302
23.625 84.625 -0.37092
23.625 84.875 -0.59924
23.625 85.125 -1.7924
23.625 85.375 -0.31506
23.625 85.625 -0.27784
23.625 85.875 0.013084
23.625 86.125 -2.0938
23.625 86.375 0.22272
23.625 86.625 0.68069
23.625 86.875 -0.35875
23.625 87.125 0.068216
23.625 87.375 0.83669
23.625 87.625 -0.82797
23.625 87.875 -0.90431
23.625 88.125 -1.3071
23.625 88.375 -1.1257
23.625 91.375 -0.79615
23.625 91.625 -0.97634
NaN NaN NaN
23.625 92.375 -0.6869
23.625 92.625 -0.42828
23.625 92.875 -0.98208
23.625 93.125 -1.6566
23.875 68.875 -0.41512
23.875 69.125 -0.12884
23.875 69.375 -0.19031
23.875 69.625 -0.22393
23.875 69.875 -0.28773
23.875 70.125 -0.46276
23.875 70.375 -0.43725
23.875 70.625 -0.40376
23.875 70.875 -0.43038
23.875 71.125 -0.23174
23.875 71.375 0.30778
23.875 71.625 0.16482
23.875 71.875 -1.4648
23.875 72.125 -1.0048
23.875 72.375 -1.0115
23.875 72.625 -0.077133
23.875 72.875 -0.43094
23.875 73.125 -0.38951
23.875 73.375 0.17392
23.875 73.625 -0.19629
23.875 73.875 0.33967
23.875 74.125 0.12475
23.875 74.375 0.10261
23.875 74.625 0.42589
23.875 74.875 1.0797
23.875 75.125 0.86302
23.875 75.375 0.81143
23.875 75.625 1.2061
23.875 75.875 1.0588
23.875 76.125 1.1233
23.875 76.375 0.64658
23.875 76.625 0.30819
23.875 76.875 1.3385
23.875 77.125 1.2791
23.875 77.375 1.1536
23.875 77.625 0.66207
23.875 77.875 0.10254
23.875 78.125 -0.19563
23.875 78.375 -0.4379
23.875 78.625 0.027897
23.875 78.875 -0.29995
23.875 79.125 -0.83515
23.875 79.375 -0.44956
23.875 79.625 -0.7862
23.875 79.875 -0.65647
23.875 80.125 -0.89676
23.875 80.375 -1.0849
23.875 80.625 -1.0504
23.875 80.875 -1.0293
23.875 81.125 -1.1662
23.875 81.375 -1.1085
23.875 81.625 -0.74731
23.875 81.875 -1.1802
23.875 82.125 -1.524
23.875 82.375 -0.82181
23.875 82.625 -1.0384
23.875 82.875 -1.1629
23.875 83.125 -1.1129
23.875 83.375 -1.0506
23.875 83.625 -0.8482
23.875 83.875 -0.82023
23.875 84.125 -1.0893
23.875 84.375 -1.3814
23.875 84.625 -1.5667
23.875 84.875 -1.6719
23.875 85.125 -2.0442
23.875 85.375 -1.9169
23.875 85.625 -1.0435
23.875 85.875 0.036885
23.875 86.125 -1.0023
23.875 86.375 0.11962
23.875 86.625 0.30091
23.875 86.875 0.55139
23.875 87.125 0.81606
23.875 87.375 0.50627
23.875 87.625 -0.99725
23.875 87.875 -1.0206
23.875 88.125 -0.88263
23.875 88.375 -1.1326
23.875 91.375 -0.67862
23.875 91.625 -0.46699
23.875 91.875 0.0073669
23.875 92.125 -0.20636
23.875 92.375 -0.041231
23.875 92.625 -0.30798
23.875 92.875 -1.7546
23.875 93.125 -1.9832
23.875 93.375 -1.9539
24.125 68.875 -0.44278
24.125 69.125 -0.086604
24.125 69.375 0.040438
24.125 69.625 -0.23377
24.125 69.875 -0.29475
24.125 70.125 -0.33079
24.125 70.375 -0.26733
24.125 70.625 -0.4508
24.125 70.875 -0.14867
24.125 71.125 -0.077596
24.125 71.375 0.0058846
24.125 71.625 0.010321
24.125 71.875 -0.84367
24.125 72.125 -0.82714
24.125 72.375 -0.79247
24.125 72.625 -0.19037
24.125 72.875 -0.0524
24.125 73.125 0.23624
24.125 73.375 0.22089
24.125 73.625 1.2459
24.125 73.875 1.1966
24.125 74.125 0.91983
24.125 74.375 0.68451
24.125 74.625 1.2344
24.125 74.875 0.91498
24.125 75.125 0.54863
24.125 75.375 0.80156
24.125 75.625 1.0191
24.125 75.875 0.36082
24.125 76.125 0.34674
24.125 76.375 0.49782
24.125 76.625 0.65193
24.125 76.875 1.3899
24.125 77.125 1.132
24.125 77.375 1.3098
24.125 77.625 1.6359
24.125 77.875 1.1676
24.125 78.125 -0.27279
24.125 78.375 -0.51166
24.125 78.625 -0.068195
24.125 78.875 -0.50732
24.125 79.125 -0.61804
24.125 79.375 -0.40881
24.125 79.625 -0.91481
24.125 79.875 -0.68414
24.125 80.125 -1.1032
24.125 80.375 -1.0058
24.125 80.625 -0.92101
24.125 80.875 -1.0241
24.125 81.125 -1.2285
24.125 81.375 -1.4228
24.125 81.625 -1.1217
24.125 81.875 -0.71047
24.125 82.125 -0.39003
24.125 82.375 -0.6267
24.125 82.625 -0.91568
24.125 82.875 -1.4122
24.125 83.125 -0.87921
24.125 83.375 -1.8155
24.125 83.625 -1.1318
24.125 83.875 -0.91073
24.125 84.125 -1.3767
24.125 84.375 -1.1804
24.125 84.625 -1.2924
24.125 84.875 -1.8216
24.125 85.125 -2.008
24.125 85.375 -1.3509
24.125 85.625 -1.6317
24.125 85.875 -0.45312
24.125 86.125 -0.65797
24.125 86.375 -1.9082
24.125 86.625 -0.69489
24.125 86.875 -0.34323
24.125 87.125 -0.88763
24.125 87.375 -0.46802
24.125 87.625 -0.97792
24.125 87.875 -1.0159
24.125 88.125 -1.1302
24.125 88.375 -0.94142
24.125 91.875 0.91562
24.125 92.125 0.43278
24.125 92.375 0.34083
24.125 92.625 -0.064262
24.125 92.875 -1.7797
24.125 93.125 -2.2405
24.125 93.375 -2.1987
24.125 93.625 -2.0815
24.125 93.875 -2.0494
NaN NaN NaN
24.375 71.375 -0.14657
24.375 71.625 0.23358
24.375 71.875 -0.3466
24.375 72.125 -0.35453
24.375 72.375 -0.66337
24.375 72.625 -0.039499
24.375 72.875 -0.39711
24.375 73.125 0.44108
24.375 73.375 0.52167
24.375 73.625 0.8528
24.375 73.875 1.2823
24.375 74.125 1.2228
24.375 74.375 1.0325
24.375 74.625 1.0636
24.375 74.875 0.98585
24.375 75.125 1.0558
24.375 75.375 1.2148
24.375 75.625 1.2002
24.375 75.875 0.33667
24.375 76.125 -0.1152
24.375 76.375 1.0834
24.375 76.625 1.3643
24.375 76.875 1.2791
24.375 77.125 0.92775
24.375 77.375 0.93168
24.375 77.625 1.646
24.375 77.875 2.2536
24.375 78.125 0.37776
24.375 78.375 -0.6692
24.375 78.625 -0.66981
24.375 78.875 -0.28434
24.375 79.125 -0.37309
24.375 79.375 -0.61348
24.375 79.625 -0.56539
24.375 79.875 -0.65482
24.375 80.125 -1.2939
24.375 80.375 -0.30245
24.375 80.625 -0.39362
24.375 80.875 -0.76531
24.375 81.125 -0.85691
24.375 81.375 -1.464
24.375 81.625 -1.0496
24.375 81.875 -0.3881
24.375 82.125 -0.24661
24.375 82.375 -0.33319
24.375 82.625 -0.49526
24.375 82.875 -0.60822
24.375 83.125 -0.51743
24.375 83.375 -0.94224
24.375 83.625 -1.4322
24.375 83.875 -1.4408
24.375 84.125 -0.7241
24.375 84.375 -0.78611
24.375 84.625 -0.81898
24.375 84.875 -0.95708
24.375 85.125 -0.90675
24.375 85.375 -0.323
24.375 85.625 -0.12515
24.375 85.875 -0.79363
24.375 86.125 -1.3072
24.375 86.375 -1.3781
24.375 86.625 -1.1265
24.375 86.875 -0.58512
24.375 87.125 -0.64936
24.375 87.375 -1.6687
24.375 87.625 -1.1288
24.375 87.875 -1.2396
24.375 88.125 -1.0515
24.375 92.375 -0.31824
24.375 92.625 -0.46198
24.375 92.875 -1.9571
24.375 93.125 -2.3431
24.375 93.375 -2.1089
24.375 93.625 -1.8681
24.375 93.875 -1.6582
24.375 94.125 -1.6125
24.625 71.125 -0.64495
24.625 71.375 -0.26654
24.625 71.625 -0.093557
24.625 71.875 -0.35542
24.625 72.125 -0.83054
24.625 72.375 -0.70552
24.625 72.625 0.3009
24.625 72.875 -0.777
24.625 73.125 0.42141
24.625 73.375 0.9951
24.625 73.625 1.6634
24.625 73.875 1.7536
24.625 74.125 1.5192
24.625 74.375 1.6159
24.625 74.625 1.604
24.625 74.875 1.5869
24.625 75.125 1.3092
24.625 75.375 1.1385
24.625 75.625 0.81709
24.625 75.875 0.48723
24.625 76.125 1.0145
24.625 76.375 1.1288
24.625 76.625 1.3185
24.625 76.875 1.4348
24.625 77.125 0.94758
24.625 77.375 0.4816
24.625 77.625 0.36915
24.625 77.875 1.0065
24.625 78.125 0.76433
24.625 78.375 -0.5821
24.625 78.625 -0.97398
24.625 78.875 -0.63765
24.625 79.125 -0.34011
24.625 79.375 -0.40931
24.625 79.625 -0.48281
24.625 79.875 -0.7176
24.625 80.125 -0.56789
24.625 80.375 -0.37258
24.625 80.625 -0.11126
24.625 80.875 -1.2265
24.625 81.125 -1.9217
24.625 81.375 -1.2405
24.625 81.625 -0.64007
24.625 81.875 -0.18538
24.625 82.125 -0.96858
24.625 82.375 -1.0072
24.625 82.625 -0.46121
24.625 82.875 -0.24941
24.625 83.125 0.16444
24.625 83.375 -0.21375
24.625 83.625 -0.059993
24.625 83.875 -0.62647
24.625 84.125 -0.90818
24.625 84.375 -0.77157
24.625 84.625 -0.98374
24.625 84.875 -0.29615
24.625 85.125 -0.36391
24.625 85.375 -0.32503
24.625 85.625 -1.1859
24.625 85.875 -0.65793
24.625 86.125 -0.88059
24.625 86.375 -0.34017
24.625 86.625 -0.51821
24.625 86.875 -1.3804
24.625 87.125 -1.9204
24.625 87.375 -1.6783
24.625 87.625 -1.3306
24.625 87.875 -0.82088
24.625 92.375 0.018791
24.625 92.625 -0.090253
24.625 92.875 -0.94462
24.625 93.125 -1.1347
24.625 93.375 -1.0206
24.625 93.625 -1.7788
24.625 93.875 -1.5096
24.625 94.125 -1.4413
NaN NaN NaN
24.875 71.125 -0.91956
24.875 71.375 -0.80252
24.875 71.625 -0.74454
24.875 71.875 -0.94794
24.875 72.125 -0.50731
24.875 72.375 -0.32672
24.875 72.625 0.4371
24.875 72.875 -0.33517
24.875 73.125 0.20078
24.875 73.375 1.0935
24.875 73.625 1.2277
24.875 73.875 2.0726
24.875 74.125 1.7802
24.875 74.375 1.848
24.875 74.625 1.8303
24.875 74.875 1.5173
24.875 75.125 0.91454
24.875 75.375 0.80077
24.875 75.625 0.49874
24.875 75.875 0.87456
24.875 76.125 0.49322
24.875 76.375 1.0849
24.875 76.625 1.1878
24.875 76.875 1.1789
24.875 77.125 1.2553
24.875 77.375 0.90818
24.875 77.625 0.73322
24.875 77.875 0.5046
24.875 78.125 1.6682
24.875 78.375 -0.13021
24.875 78.625 -0.42189
24.875 78.875 -0.36382
24.875 79.125 -0.10744
24.875 79.375 -0.34587
24.875 79.625 -0.16231
24.875 79.875 -0.37453
24.875 80.125 -0.96378
24.875 80.375 -0.76579
24.875 80.625 -0.43748
24.875 80.875 -1.1724
24.875 81.125 -1.6586
24.875 81.375 -1.5603
24.875 81.625 -0.34959
24.875 81.875 -0.54169
24.875 82.125 -1.2907
24.875 82.375 -1.3799
24.875 82.625 -0.41281
24.875 82.875 -1.1929
24.875 83.125 -0.65048
24.875 83.375 -0.46475
24.875 83.625 -0.23547
24.875 83.875 -0.87702
24.875 84.125 -0.93123
24.875 84.375 -1.5111
24.875 84.625 -0.88683
24.875 84.875 -0.41203
24.875 85.125 -0.58442
24.875 85.375 -0.93974
24.875 85.625 -0.093711
24.875 85.875 1.1261
24.875 86.125 -0.58869
24.875 86.375 -0.022094
24.875 86.625 -0.27037
24.875 86.875 -0.80875
24.875 87.125 -1.8624
24.875 87.375 -1.6945
24.875 87.625 -0.43331
24.875 87.875 -0.023502
24.875 88.125 1.577
24.875 92.625 -0.073978
24.875 92.875 0.19315
24.875 93.125 0.56983
24.875 93.375 -1.1536
24.875 93.625 -1.283
24.875 93.875 -1.2365
24.875 94.125 -1.3487
24.875 94.375 -1.3137
25.125 71.125 -1.2086
25.125 71.375 -1.4348
25.125 71.625 -1.5002
25.125 71.875 -1.2868
25.125 72.125 -0.77203
25.125 72.375 -0.60264
25.125 72.625 -0.64375
25.125 72.875 -0.33122
25.125 73.125 0.31628
25.125 73.375 0.76202
25.125 73.625 0.71389
25.125 73.875 1.042
25.125 74.125 1.1785
25.125 74.375 2.0222
25.125 74.625 1.7117
25.125 74.875 1.2556
25.125 75.125 0.81039
25.125 75.375 0.80411
25.125 75.625 1.2601
25.125 75.875 0.47008
25.125 76.125 0.51123
25.125 76.375 1.0487
25.125 76.625 1.1098
25.125 76.875 1.3009
25.125 77.125 1.2111
25.125 77.375 1.1349
25.125 77.625 0.83926
25.125 77.875 0.98182
25.125 78.125 1.6331
25.125 78.375 0.53709
25.125 78.625 0.126
25.125 78.875 -0.41973
25.125 79.125 -0.5558
25.125 79.375 -0.54528
25.125 79.625 -0.14751
25.125 79.875 0.49888
25.125 80.125 -1.1935
25.125 80.375 -0.90273
25.125 80.625 -0.71184
25.125 80.875 -1.1943
25.125 81.125 -1.5992
25.125 81.375 -1.1869
25.125 81.625 -1.9221
25.125 81.875 -1.211
25.125 82.125 -1.2911
25.125 82.375 -0.64853
25.125 82.625 -0.9636
25.125 82.875 -1.3938
25.125 83.125 -1.2583
25.125 83.375 -0.8285
25.125 83.625 -0.26514
25.125 83.875 -1.1147
25.125 84.125 -0.77841
25.125 84.375 -0.73534
25.125 84.625 -0.041957
25.125 84.875 -1.0269
25.125 85.125 -0.90045
25.125 85.375 -0.23914
25.125 85.625 0.39913
25.125 85.875 0.30158
25.125 86.125 0.10242
25.125 86.375 -0.083442
25.125 86.625 0.29756
25.125 86.875 -0.8966
25.125 87.125 -0.011611
25.125 87.375 -0.88086
25.125 87.625 -0.26953
25.125 87.875 0.94762
25.125 88.125 1.4428
25.125 88.375 1.4817
25.125 92.375 -0.69152
25.125 92.625 -0.43535
25.125 92.875 0.08265
25.125 93.125 0.87805
25.125 93.375 -0.84427
25.125 93.625 -0.98733
25.125 93.875 -1.2862
25.125 94.125 -1.2411
25.125 94.375 -1.1283
25.375 70.875 0.29669
25.375 71.125 0.079785
25.375 71.375 -0.31819
25.375 71.625 -1.2857
25.375 71.875 -0.48484
25.375 72.125 -0.90604
25.375 72.375 -0.54264
25.375 72.625 -0.5124
25.375 72.875 -0.45852
25.375 73.125 0.22215
25.375 73.375 1.2651
25.375 73.625 1.6863
25.375 73.875 1.4074
25.375 74.125 1.57
25.375 74.375 2.1658
25.375 74.625 1.9637
25.375 74.875 1.8155
25.375 75.125 1.3835
25.375 75.375 0.65202
25.375 75.625 1.3057
25.375 75.875 0.90308
25.375 76.125 1.5391
25.375 76.375 0.84609
25.375 76.625 0.69268
25.375 76.875 0.63595
25.375 77.125 1.1306
25.375 77.375 1.1652
25.375 77.625 1.2308
25.375 77.875 1.2264
25.375 78.125 1.2244
25.375 78.375 1.0045
25.375 78.625 -1.333
25.375 78.875 -1.3222
25.375 79.125 -0.45438
25.375 79.375 0.12045
25.375 79.625 -0.18932
25.375 79.875 0.055328
25.375 80.125 -0.48509
25.375 80.375 -1.1355
25.375 80.625 -0.79138
25.375 80.875 -1.888
25.375 81.125 -1.5747
25.375 81.375 -0.99819
25.375 81.625 -1.5715
25.375 81.875 -1.7166
25.375 82.125 -1.2417
25.375 82.375 -1.5086
25.375 82.625 -1.3584
25.375 82.875 -1.689
25.375 83.125 -1.1318
25.375 83.375 -0.27071
25.375 83.625 0.40428
25.375 83.875 -0.30413
25.375 84.125 -1.0618
25.375 84.375 -1.1932
25.375 84.625 -1.2346
25.375 84.875 -0.22185
25.375 85.125 -1.031
25.375 85.375 -0.76284
25.375 85.625 0.7441
25.375 85.875 0.53124
25.375 86.125 0.27016
25.375 86.375 0.58657
25.375 86.625 0.73753
25.375 86.875 -0.21315
25.375 87.125 -0.35424
25.375 87.375 -0.016834
25.375 87.625 0.99143
25.375 87.875 1.2792
25.375 88.125 1.3752
25.375 88.375 0.95639
25.375 88.625 0.34048
25.375 90.125 -0.28182
25.375 90.375 -0.91016
25.375 90.625 -0.68189
25.375 90.875 -0.91864
25.375 91.125 -0.15599
25.375 91.375 -0.62932
25.375 91.625 -0.72696
25.375 91.875 -0.67867
25.375 92.125 -1.1486
25.375 92.375 -1.1084
25.375 92.625 -1.1955
25.375 92.875 -0.51793
25.375 93.125 -1.0965
25.375 93.375 -1.0017
25.375 93.625 -0.57918
25.375 93.875 -0.91362
25.375 94.125 -0.63072
25.375 94.375 -0.67756
25.625 70.875 -0.54189
25.625 71.125 -0.35463
25.625 71.375 -0.20114
25.625 71.625 -0.066026
25.625 71.875 -0.49815
25.625 72.125 -0.42365
25.625 72.375 -0.42326
25.625 72.625 -0.5684
25.625 72.875 -0.3766
25.625 73.125 -0.11316
25.625 73.375 1.2358
25.625 73.625 1.0088
25.625 73.875 0.95758
25.625 74.125 1.3518
25.625 74.375 0.76749
25.625 74.625 2.1687
25.625 74.875 1.7229
25.625 75.125 1.5275
25.625 75.375 1.8063
25.625 75.625 1.9118
25.625 75.875 1.8282
25.625 76.125 1.043
25.625 76.375 0.4121
25.625 76.625 0.1444
25.625 76.875 0.53331
25.625 77.125 0.76726
25.625 77.375 1.1061
25.625 77.625 1.122
25.625 77.875 1.3821
25.625 78.125 1.2072
25.625 78.375 -1.1185
25.625 78.625 -0.97306
25.625 78.875 -0.99433
25.625 79.125 0.73725
25.625 79.375 0.95494
25.625 79.625 0.59879
25.625 79.875 0.61416
25.625 80.125 -0.096385
25.625 80.375 -1.3132
25.625 80.625 -1.7527
25.625 80.875 -1.8514
25.625 81.125 -1.7649
25.625 81.375 -1.5474
25.625 81.625 -1.2887
25.625 81.875 -0.74457
25.625 82.125 -1.1488
25.625 82.375 -0.67025
25.625 82.625 -1.333
25.625 82.875 -1.4532
25.625 83.125 -1.1006
25.625 83.375 -0.8338
25.625 83.625 -0.019934
25.625 83.875 -0.81308
25.625 84.125 -1.8153
25.625 84.375 -1.5215
25.625 84.625 -0.22321
25.625 84.875 -0.04572
25.625 85.125 -1.1647
25.625 85.375 -0.39788
25.625 85.625 -0.15241
25.625 85.875 -0.60948
25.625 86.125 -0.58406
25.625 86.375 -0.0078386
25.625 86.625 -1.2578
25.625 86.875 0.47562
25.625 87.125 0.58454
25.625 87.375 -0.2436
25.625 87.625 0.18804
25.625 87.875 0.44761
25.625 88.125 0.84623
25.625 90.125 0.25372
25.625 90.375 -0.54404
25.625 90.625 -1.0507
25.625 90.875 -1.2154
25.625 91.125 1.6578
25.625 91.375 0.78578
25.625 91.625 0.39948
25.625 91.875 -0.4874
25.625 92.125 -1.1484
25.625 92.375 -1.2171
25.625 92.625 -1.0168
25.625 92.875 -1.5529
25.625 93.125 -1.5618
25.625 93.375 -1.2485
25.625 93.625 -0.74525
25.625 93.875 -0.2119
25.625 94.125 -0.039408
25.625 94.375 -0.48093
NaN NaN NaN
NaN NaN NaN
25.875 70.375 0.91182
25.875 70.625 0.4391
25.875 70.875 -0.055532
25.875 71.125 0.44989
25.875 71.375 -0.10114
25.875 71.625 0.57403
25.875 71.875 0.1746
25.875 72.125 -0.082486
25.875 72.375 -0.36399
25.875 72.625 -0.3258
25.875 72.875 -0.089692
25.875 73.125 0.24098
25.875 73.375 1.4347
25.875 73.625 0.32435
25.875 73.875 -1.0222
25.875 74.125 -0.58927
25.875 74.375 0.73848
25.875 74.625 1.4271
25.875 74.875 1.6457
25.875 75.125 1.8232
25.875 75.375 1.7122
25.875 75.625 1.7321
25.875 75.875 1.8974
25.875 76.125 1.292
25.875 76.375 0.34445
25.875 76.625 -0.49603
25.875 76.875 0.13136
25.875 77.125 1.0626
25.875 77.375 1.1442
25.875 77.625 1.2508
25.875 77.875 0.41487
25.875 78.125 1.5115
25.875 78.375 0.43155
25.875 78.625 0.31011
25.875 78.875 -0.62836
25.875 79.125 0.34309
25.875 79.375 -0.55574
25.875 79.625 -0.64597
25.875 79.875 -0.10027
25.875 80.125 -0.68053
25.875 80.375 -1.4603
25.875 80.625 -0.82748
25.875 80.875 -1.3303
25.875 81.125 -1.4566
25.875 81.375 -1.1913
25.875 81.625 -0.7611
25.875 81.875 -0.67678
25.875 82.125 -1.4736
25.875 82.375 -0.95874
25.875 82.625 -1.1051
25.875 82.875 -0.59868
25.875 83.125 -1.6617
25.875 83.375 -1.3895
25.875 83.625 -0.0011221
25.875 83.875 -0.94983
25.875 84.125 0.27778
25.875 84.375 -1.0049
25.875 84.625 0.10664
25.875 84.875 0.038303
25.875 85.125 0.6063
25.875 85.375 1.2723
25.875 85.625 0.49942
25.875 85.875 -0.37105
25.875 86.125 -0.57933
25.875 86.375 0.30857
25.875 86.625 0.83285
25.875 86.875 0.83112
25.875 87.125 0.17403
25.875 87.375 -0.26882
25.875 87.625 -0.52849
25.875 87.875 -0.50728
25.875 90.125 -0.83052
25.875 90.375 -0.60659
25.875 90.625 -0.39814
25.875 90.875 -1.5331
25.875 91.125 -0.57447
25.875 91.375 0.093918
25.875 91.625 -1.2155
25.875 91.875 -1.5457
25.875 92.125 -1.478
25.875 92.375 -0.98783
25.875 92.625 -1.0518
25.875 92.875 -1.5737
25.875 93.125 -1.9566
25.875 93.375 -1.81
25.875 93.625 -1.199
25.875 93.875 -0.31667
25.875 94.125 -0.19136
25.875 94.375 -0.46487
25.875 94.625 -0.61304
25.875 94.875 -0.42033
26.125 70.375 0.15531
26.125 70.625 -0.017476
26.125 70.875 0.09386
26.125 71.125 0.27887
26.125 71.375 0.37295
26.125 71.625 0.88746
26.125 71.875 0.34597
26.125 72.125 0.47035
26.125 72.375 0.027045
26.125 72.625 -0.10489
26.125 72.875 0.2297
26.125 73.125 0.3607
26.125 73.375 0.67886
26.125 73.625 -0.051269
26.125 73.875 -0.40343
26.125 74.125 0.67496
26.125 74.375 0.63717
26.125 74.625 1.2725
26.125 74.875 1.6498
26.125 75.125 2.0277
26.125 75.375 0.96409
26.125 75.625 0.77235
26.125 75.875 1.2288
26.125 76.125 0.78308
26.125 76.375 0.27458
26.125 76.625 0.44747
26.125 76.875 0.18662
26.125 77.125 0.17022
26.125 77.375 1.8055
26.125 77.625 2.0603
26.125 77.875 1.0606
26.125 78.125 0.76443
26.125 78.375 0.55299
26.125 78.625 0.82007
26.125 78.875 0.41368
26.125 79.125 -0.032111
26.125 79.375 -0.70832
26.125 79.625 -1.3675
26.125 79.875 -0.99968
26.125 80.125 -0.47903
26.125 80.375 -1.0106
26.125 80.625 -1.18
26.125 80.875 -0.36789
26.125 81.125 -0.17893
26.125 81.375 -1.6391
26.125 81.625 0.41597
26.125 81.875 -0.97401
26.125 82.125 -1.3583
26.125 82.375 -0.92247
26.125 82.625 -0.79887
26.125 82.875 -0.7953
26.125 83.125 -1.7711
26.125 83.375 -1.3921
26.125 83.625 -0.97823
26.125 83.875 0.59678
26.125 84.125 0.37022
26.125 84.375 -0.42238
26.125 84.625 0.50345
26.125 84.875 -0.49986
26.125 85.125 0.38105
26.125 85.375 -1.1639
26.125 85.625 0.17886
26.125 85.875 1.9643
26.125 86.125 1.1327
26.125 86.375 0.56025
26.125 86.625 0.82125
26.125 86.875 0.30161
26.125 87.125 0.0091819
26.125 87.375 -0.2352
26.125 87.625 0.42229
26.125 87.875 0.087501
26.125 88.125 1.0833
26.125 89.375 0.22489
26.125 89.875 0.39018
26.125 90.125 -0.75693
26.125 90.375 -0.51617
26.125 90.625 0.058196
26.125 90.875 -1.5557
26.125 91.125 -1.6423
26.125 91.375 -1.8304
26.125 91.625 -2.0446
26.125 91.875 -1.8208
26.125 92.125 -0.80563
26.125 92.375 -0.26097
26.125 92.625 0.067959
26.125 92.875 -0.97151
26.125 93.125 -1.5956
26.125 93.375 -0.91551
26.125 93.625 -0.9182
26.125 93.875 0.12835
26.125 94.125 0.041781
26.125 94.375 -0.23248
26.125 94.625 -0.61506
26.125 94.875 -0.31916
26.375 70.375 -0.68932
26.375 70.625 -0.078777
26.375 70.875 -0.056752
26.375 71.125 0.011126
26.375 71.375 0.69837
26.375 71.625 1.5756
26.375 71.875 1.2234
26.375 72.125 0.39856
26.375 72.375 -0.17616
26.375 72.625 -0.79252
26.375 72.875 -0.0037707
26.375 73.125 0.10371
26.375 73.375 0.58167
26.375 73.625 1.1223
26.375 73.875 1.4472
26.375 74.125 1.7087
26.375 74.375 1.6698
26.375 74.625 0.17354
26.375 74.875 1.34
26.375 75.125 1.2272
26.375 75.375 0.74276
26.375 75.625 0.47356
26.375 75.875 0.91715
26.375 76.125 0.78522
26.375 76.375 0.86453
26.375 76.625 0.83852
26.375 76.875 0.72216
26.375 77.125 0.61059
26.375 77.375 1.7944
26.375 77.625 1.979
26.375 77.875 0.83289
26.375 78.125 0.35016
26.375 78.375 -0.19243
26.375 78.625 0.8845
26.375 78.875 0.65771
26.375 79.125 0.46114
26.375 79.375 -1.3505
26.375 79.625 -1.4148
26.375 79.875 -0.13155
26.375 80.125 0.0019934
26.375 80.375 -0.96231
26.375 80.625 -0.9931
26.375 80.875 -0.41884
26.375 81.125 -0.8517
26.375 81.375 -1.8873
26.375 81.625 -1.6244
26.375 81.875 -0.5526
26.375 82.125 -1.0728
26.375 82.375 -0.54593
26.375 82.625 -0.86391
26.375 82.875 -0.56767
26.375 83.125 -0.89329
26.375 83.375 -0.8515
26.375 83.625 0.69451
26.375 83.875 1.0817
26.375 84.125 0.21621
26.375 84.375 0.23634
26.375 84.625 -0.50636
26.375 84.875 0.22354
26.375 85.125 -0.35304
26.375 85.375 0.44675
26.375 85.625 0.95881
26.375 85.875 1.1984
26.375 86.125 0.6348
26.375 86.375 -0.93857
26.375 86.625 -0.56564
26.375 86.875 0.62813
26.375 87.125 0.34833
26.375 87.625 -0.72867
26.375 87.875 0.52949
26.375 88.125 1.4132
26.375 88.375 1.4743
26.375 88.875 1.6645
26.375 89.375 0.5791
26.375 89.625 0.33261
26.375 89.875 -0.34433
26.375 90.125 -0.35155
26.375 90.375 -0.64919
26.375 90.625 -0.80006
26.375 90.875 -1.0226
26.375 91.125 -2.0914
26.375 91.375 -1.2747
26.375 91.625 -1.766
26.375 91.875 -1.642
26.375 92.125 -0.65909
26.375 92.375 -1.3318
26.375 92.625 -0.89421
26.375 92.875 -1.2679
26.375 93.125 -0.81034
26.375 93.375 -0.98617
26.375 93.625 -1.0101
26.375 93.875 -0.3374
26.375 94.125 -0.021452
26.375 94.375 -0.56145
26.375 94.625 -0.50584
26.375 94.875 -0.15869
26.625 69.875 -0.39346
26.625 70.125 -0.93676
26.625 70.375 -1.2012
26.625 70.625 0.67102
26.625 70.875 0.32411
26.625 71.125 0.016207
26.625 71.375 1.5662
26.625 71.625 2.1633
26.625 71.875 2.1102
26.625 72.125 1.1564
26.625 72.375 -0.8399
26.625 72.625 -1.1985
26.625 72.875 -0.18407
26.625 73.125 0.95652
26.625 73.375 0.38938
26.625 73.625 1.3319
26.625 73.875 1.709
26.625 74.125 2.0206
26.625 74.375 1.1862
26.625 74.625 0.74835
26.625 74.875 1.6315
26.625 75.125 0.45245
26.625 75.375 1.0836
26.625 75.625 0.87285
26.625 75.875 0.33441
26.625 76.125 1.3024
26.625 76.375 0.62016
26.625 76.625 0.28785
26.625 76.875 1.1629
26.625 77.125 1.6193
26.625 77.375 1.7839
26.625 77.625 1.6012
26.625 77.875 0.26132
26.625 78.125 0.37138
26.625 78.375 -0.10158
26.625 78.625 0.81631
26.625 78.875 0.32991
26.625 79.125 -0.50884
26.625 79.375 0.54311
26.625 79.625 0.67738
26.625 79.875 -0.27771
26.625 80.125 -1.179
26.625 80.375 -0.054211
26.625 80.625 -0.49841
26.625 80.875 -0.25572
26.625 81.125 0.19889
26.625 81.375 -0.34525
26.625 81.625 -0.5031
26.625 81.875 0.91745
26.625 82.125 -1.0498
26.625 82.375 -0.77575
26.625 82.625 -2.1139
26.625 82.875 -1.3125
26.625 83.125 -0.70552
26.625 83.375 -1.1057
26.625 83.625 -0.55616
26.625 83.875 -0.54368
26.625 84.125 0.30815
26.625 84.375 -0.049299
26.625 84.625 -1.1244
26.625 84.875 -0.59789
26.625 85.125 -0.63716
26.625 85.375 -0.074868
26.625 85.625 1.0119
26.625 86.125 0.14992
26.625 88.375 0.94546
26.625 88.625 0.68393
26.625 88.875 0.39868
26.625 89.125 0.10271
26.625 89.375 0.26675
26.625 89.625 0.20745
26.625 89.875 -0.64119
26.625 90.125 -0.61674
26.625 90.375 -1.3448
26.625 90.625 -1.4812
26.625 90.875 -0.82983
26.625 91.125 -0.66759
26.625 91.375 -0.30822
26.625 91.625 -1.2893
26.625 91.875 -1.745
26.625 92.125 -1.6354
26.625 92.375 -1.6752
26.625 92.625 -1.7262
26.625 92.875 -0.14276
26.625 93.125 -0.59785
26.625 93.375 -0.46285
26.625 93.625 -0.89265
26.625 93.875 -0.78434
26.625 94.125 -0.64718
26.625 94.375 -0.88069
26.625 94.625 -0.20889
26.625 94.875 0.27616
26.625 95.125 0.60527
26.875 69.625 -0.22667
26.875 69.875 -0.44359
26.875 70.125 -0.39293
26.875 70.375 -0.8037
26.875 70.625 0.74616
26.875 70.875 0.36237
26.875 71.125 0.53246
26.875 71.375 1.1867
26.875 71.625 1.415
26.875 71.875 1.7165
26.875 72.125 0.65304
26.875 72.375 0.083702
26.875 72.625 -0.40795
26.875 72.875 1.4899
26.875 73.125 1.8605
26.875 73.375 1.4905
26.875 73.625 1.5861
26.875 73.875 2.1733
26.875 74.125 2.1269
26.875 74.375 1.1558
26.875 74.625 0.68031
26.875 74.875 1.7366
26.875 75.125 1.6999
26.875 75.375 1.6165
26.875 75.625 0.33273
26.875 75.875 1.0461
26.875 76.125 1.6377
26.875 76.375 1.3731
26.875 76.625 1.1745
26.875 76.875 1.6489
26.875 77.125 1.7368
26.875 77.375 0.85706
26.875 77.625 1.4367
26.875 77.875 0.016125
26.875 78.125 -0.9059
26.875 78.375 -0.033821
26.875 78.625 -0.62619
26.875 78.875 -0.058952
26.875 79.125 0.71685
26.875 79.375 1.2362
26.875 79.625 0.9262
26.875 79.875 0.42461
26.875 80.125 -0.45375
26.875 80.375 -0.24289
26.875 80.625 -0.23542
26.875 80.875 0.14678
26.875 81.125 0.37752
26.875 81.375 0.1285
26.875 81.625 -1.0522
26.875 81.875 0.84311
26.875 82.125 -0.83595
26.875 82.375 -1.8735
26.875 82.625 -1.9576
26.875 82.875 -1.2678
26.875 83.125 -1.3059
26.875 83.375 -1.6788
26.875 83.625 -1.5024
26.875 83.875 -1.1313
26.875 84.125 -0.31246
26.875 84.375 -1.0374
26.875 84.625 -0.57368
26.875 84.875 -1.0462
26.875 88.375 0.90441
26.875 88.625 -0.11067
26.875 88.875 0.093741
26.875 92.375 -0.99796
26.875 92.625 -0.41759
26.875 92.875 -0.043859
26.875 93.125 0.17038
26.875 93.375 -0.12147
26.875 93.625 -0.72134
26.875 93.875 -0.69087
26.875 94.125 -1.0929
26.875 94.375 0.077276
26.875 94.625 -0.11753
26.875 94.875 -0.012287
26.875 95.125 0.34436
26.875 95.375 0.34468
26.875 95.625 -0.16071
27.125 69.875 0.26606
27.125 70.125 0.58133
27.125 70.375 0.66729
27.125 70.625 0.89633
27.125 70.875 0.67452
27.125 71.125 1.1966
27.125 71.375 1.1729
27.125 71.625 0.83079
27.125 71.875 0.93884
27.125 72.125 0.325
27.125 72.375 0.66949
27.125 72.625 0.8189
27.125 72.875 1.6545
27.125 73.125 1.9093
27.125 73.375 1.7875
27.125 73.625 1.7632
27.125 73.875 2.2126
27.125 74.125 2.2301
27.125 74.375 1.8756
27.125 74.625 1.4583
27.125 74.875 1.6212
27.125 75.125 2.0443
27.125 75.375 2.0235
27.125 75.625 2.2467
27.125 75.875 1.8267
27.125 76.125 1.4996
27.125 76.375 1.896
27.125 76.625 1.3922
27.125 76.875 0.35581
27.125 77.125 1.9858
27.125 77.375 1.2373
27.125 77.625 1.5056
27.125 77.875 0.18935
27.125 78.125 0.35939
27.125 78.375 -0.097909
27.125 78.625 -0.98661
27.125 78.875 -0.30679
27.125 79.125 0.54465
27.125 79.375 -0.55962
27.125 79.625 -0.29077
27.125 79.875 0.5584
27.125 80.125 -0.43881
27.125 80.375 -0.8623
27.125 80.625 -1.3405
27.125 80.875 -0.31055
27.125 81.125 -0.37404
27.125 81.375 0.18031
27.125 81.625 -0.16535
27.125 81.875 -0.10871
27.125 82.125 -1.0721
27.125 82.375 -1.5664
27.125 82.625 -1.1508
27.125 82.875 -0.56252
27.125 83.125 -0.95838
27.125 83.375 -0.9291
27.125 83.625 -0.55276
27.125 83.875 -0.65464
27.125 84.125 -0.94954
27.125 84.375 -0.72392
27.125 84.625 -1.0905
27.125 88.125 1.0134
27.125 88.375 0.52379
27.125 88.625 0.16897
27.125 92.125 -1.7758
27.125 92.375 -0.37539
27.125 92.625 0.061215
27.125 92.875 0.31759
27.125 93.125 0.022093
27.125 93.375 0.26295
27.125 93.625 0.241
27.125 93.875 0.81588
27.125 94.125 0.51446
27.125 94.375 0.23805
27.125 94.625 -0.44271
27.125 94.875 -0.55497
27.125 95.125 -0.76777
27.125 95.375 0.45269
27.125 95.625 -0.35482
27.125 95.875 -0.46715
27.375 70.125 0.57083
27.375 70.375 0.68046
27.375 70.625 0.56389
27.375 70.875 0.92751
27.375 71.125 1.2632
27.375 71.375 0.85378
27.375 71.625 0.36907
27.375 71.875 1.0112
27.375 72.125 0.79837
27.375 72.375 0.85397
27.375 72.625 1.3906
27.375 72.875 1.5216
27.375 73.125 1.747
27.375 73.375 1.6572
27.375 73.625 2.0662
27.375 73.875 2.3696
27.375 74.125 2.1659
27.375 74.375 1.8108
27.375 74.625 1.9348
27.375 74.875 2.03
27.375 75.125 1.8979
27.375 75.375 1.6482
27.375 75.625 2.0865
27.375 75.875 1.656
27.375 76.125 1.2366
27.375 76.375 1.6651
27.375 76.625 1.5601
27.375 76.875 1.7237
27.375 77.125 1.9054
27.375 77.375 -0.013589
27.375 77.625 0.97493
27.375 77.875 1.1535
27.375 78.125 1.0238
27.375 78.375 0.72202
27.375 78.625 0.040368
27.375 78.875 0.49924
27.375 79.125 -0.5568
27.375 79.375 -1.1635
27.375 79.625 -0.66487
27.375 79.875 0.53257
27.375 80.125 -1.4431
27.375 80.375 -2.0731
27.375 80.625 -1.495
27.375 80.875 -1.8388
27.375 81.125 -0.52654
27.375 81.375 -0.32808
27.375 81.625 -1.5347
27.375 81.875 -0.55531
27.375 82.125 0.0056829
27.375 82.375 -0.81731
27.375 82.625 -0.45918
27.375 82.875 -0.15621
27.375 83.125 -0.80413
27.375 83.625 -0.81469
27.375 84.125 -0.70487
27.375 84.375 -0.91092
27.375 88.125 1.815
27.375 88.375 0.35377
27.375 88.625 -0.5657
27.375 92.125 -1.3975
27.375 92.375 -0.28606
27.375 92.625 0.24505
27.375 92.875 -0.0062337
27.375 93.125 -1.176
27.375 93.375 -1.1919
27.375 93.625 0.52445
27.375 93.875 0.97751
27.375 94.125 1.223
27.375 94.375 -0.21357
27.375 94.625 -0.57693
27.375 94.875 -0.99435
27.375 95.125 -0.038669
27.375 95.375 0.10147
27.375 95.625 -0.94541
27.375 95.875 -1.146
27.375 96.125 -1.5133
27.375 96.375 -1.7843
NaN NaN NaN
27.375 96.875 -0.61246
27.625 70.125 0.62982
27.625 70.375 0.61997
27.625 70.625 0.86372
27.625 70.875 1.063
27.625 71.125 1.0639
27.625 71.375 0.70028
27.625 71.625 0.68075
27.625 71.875 1.0516
27.625 72.125 0.92315
27.625 72.375 0.6261
27.625 72.625 1.0382
27.625 72.875 1.1882
27.625 73.125 1.3759
27.625 73.375 1.3727
27.625 73.625 2.0655
27.625 73.875 2.4913
27.625 74.125 2.173
27.625 74.375 1.5125
27.625 74.625 1.4713
27.625 74.875 1.7298
27.625 75.125 1.6927
27.625 75.375 1.6544
27.625 75.625 1.3851
27.625 75.875 0.62874
27.625 76.125 1.3754
27.625 76.375 1.0435
27.625 76.625 1.1722
27.625 76.875 1.8599
27.625 77.125 0.82401
27.625 77.375 -0.20241
27.625 77.625 -0.28922
27.625 77.875 -0.22726
27.625 78.125 1.1418
27.625 78.375 0.98571
27.625 78.625 -0.47424
27.625 78.875 -0.34587
27.625 79.125 -0.88726
27.625 79.375 -1.3034
27.625 79.625 -0.93682
27.625 79.875 -0.14693
27.625 80.125 -1.2759
27.625 80.375 -1.9546
27.625 80.625 -1.7821
27.625 80.875 -1.6569
27.625 81.125 -0.86998
27.625 81.375 -0.34867
27.625 81.625 -0.62121
27.625 81.875 -0.58978
27.625 82.125 -0.43728
27.625 82.375 -0.83081
27.625 82.625 -0.20086
27.625 88.375 0.73061
27.625 88.625 0.40816
27.625 91.625 -1.6793
27.625 91.875 -1.8128
27.625 92.125 -1.1366
27.625 92.375 -0.56294
27.625 92.625 -0.48885
27.625 92.875 -0.93452
27.625 93.125 -0.95151
27.625 93.375 -1.0275
27.625 93.625 -1.1822
27.625 93.875 -2.0219
27.625 94.125 -0.73953
27.625 94.375 0.0039539
27.625 94.625 -0.96068
27.625 94.875 -1.1606
27.625 95.125 -1.5999
27.625 95.375 -1.1497
27.625 95.625 -1.4293
27.625 95.875 -1.4417
27.625 96.125 -1.7973
27.625 96.375 -1.8535
27.625 96.625 -0.68352
27.625 96.875 -0.75864
27.875 70.375 0.86297
27.875 71.875 0.86625
27.875 72.125 1.0723
27.875 72.375 0.96044
27.875 72.625 1.2478
27.875 72.875 1.1958
27.875 73.125 1.1865
27.875 73.375 1.4943
27.875 73.625 1.9647
27.875 73.875 2.0229
27.875 74.125 1.858
27.875 74.375 1.6034
27.875 74.625 1.2515
27.875 74.875 1.6782
27.875 75.125 1.3339
27.875 75.375 1.9373
27.875 75.625 1.446
27.875 75.875 0.69696
27.875 76.125 1.0975
27.875 76.375 1.4039
27.875 76.625 0.97199
27.875 76.875 1.1416
27.875 77.125 1.0607
27.875 77.375 -0.72841
27.875 77.625 -1.4405
27.875 77.875 0.75672
27.875 78.125 1.7129
27.875 78.375 0.77017
27.875 78.625 0.66876
27.875 78.875 0.42343
27.875 79.125 -0.19502
27.875 79.375 -0.76687
27.875 79.625 -1.0754
27.875 79.875 0.0043134
27.875 80.125 -0.43263
27.875 80.375 -0.90693
27.875 80.625 -1.7085
27.875 80.875 -1.8821
27.875 81.125 -1.2852
27.875 81.375 -0.47668
27.875 81.625 -0.33262
NaN NaN NaN
NaN NaN NaN
27.875 92.875 -1.3651
27.875 93.125 -0.9593
27.875 93.375 -1.0899
27.875 93.625 -1.4601
27.875 93.875 -1.9163
27.875 94.125 -1.3339
27.875 94.375 -0.91543
27.875 94.625 -1.0939
27.875 94.875 -0.10958
27.875 95.125 -0.28288
27.875 95.375 -1.7266
27.875 95.625 -1.5833
27.875 95.875 -1.738
27.875 96.125 -2.0017
27.875 96.375 -2.1132
27.875 96.625 -0.71493
NaN NaN NaN
27.875 97.125 -0.62962
28.125 72.125 1.0659
28.125 72.375 0.85613
28.125 72.625 1.1863
28.125 72.875 1.3504
28.125 73.125 1.7204
28.125 73.375 1.8774
28.125 73.625 2.3664
28.125 73.875 2.2993
28.125 74.125 1.9084
28.125 74.375 1.7465
28.125 74.625 1.2451
28.125 74.875 1.6689
28.125 75.125 0.96539
28.125 75.375 1.8128
28.125 75.625 0.87955
28.125 75.875 1.3386
28.125 76.125 1.7921
28.125 76.375 1.5211
28.125 76.625 1.0452
28.125 76.875 0.82746
28.125 77.125 -0.2244
28.125 77.375 -0.5857
28.125 77.625 -0.31423
28.125 77.875 1.0326
28.125 78.125 1.9199
28.125 78.375 1.3067
28.125 78.625 -0.24053
28.125 78.875 -0.13843
28.125 79.125 -0.60561
28.125 79.375 -1.3327
28.125 79.625 -1.5732
28.125 79.875 -0.75001
28.125 80.125 -0.47031
28.125 80.375 -0.40266
28.125 80.625 -0.38081
28.125 80.875 -1.509
28.125 81.125 -1.6908
28.125 81.375 -0.61689
28.125 92.875 -1.2355
28.125 93.125 -1.1653
28.125 93.375 -0.98264
28.125 93.625 -1.2902
28.125 93.875 -1.828
28.125 94.125 -1.6474
28.125 94.375 -1.3869
28.125 94.625 -1.5262
28.125 94.875 -0.57981
28.125 95.125 -0.66015
28.125 95.375 -1.1842
28.125 95.625 -1.2405
28.125 95.875 -1.2917
28.125 96.125 -1.6625
28.125 96.375 -0.74893
NaN NaN NaN
NaN NaN NaN
NaN NaN NaN
28.375 72.375 0.49849
28.375 72.625 0.70987
28.375 72.875 1.141
28.375 73.125 1.5576
28.375 73.375 1.5699
28.375 73.625 1.5533
28.375 73.875 2.0751
28.375 74.125 1.8704
28.375 74.375 1.6353
28.375 74.625 1.5393
28.375 74.875 1.4597
28.375 75.125 0.75592
28.375 75.375 1.588
28.375 75.625 1.2009
28.375 75.875 1.3898
28.375 76.125 1.4276
28.375 76.375 0.25233
28.375 76.625 0.28117
28.375 76.875 0.13201
28.375 77.125 -1.0721
28.375 77.375 -0.66125
28.375 77.625 -0.45901
28.375 77.875 -0.0949
28.375 78.125 1.3907
28.375 78.375 0.80179
28.375 78.625 -0.96803
28.375 78.875 -1.3157
28.375 79.125 -0.67152
28.375 79.375 -0.13745
28.375 79.625 -1.0779
28.375 79.875 -0.72728
28.375 80.125 -0.5833
28.375 80.375 -0.73608
28.375 80.625 -0.68939
28.375 80.875 -1.1533
28.375 81.125 -1.2183
28.375 93.375 -0.82315
28.375 93.625 -0.40507
28.375 93.875 -0.52415
28.375 94.125 -0.2215
28.375 94.375 -0.4291
28.375 94.625 -0.59052
28.375 94.875 -0.28338
28.375 95.125 -0.57567
28.375 95.375 -0.67061
28.375 95.625 -0.9127
28.375 95.875 -0.97464
28.375 96.125 -1.3474
NaN NaN NaN
28.625 72.375 1.0609
28.625 72.625 1.4052
28.625 72.875 1.4852
28.625 73.125 1.9524
28.625 73.375 1.6636
28.625 73.625 1.4237
28.625 73.875 1.6156
28.625 74.125 1.7041
28.625 74.375 1.9761
28.625 74.625 1.4661
28.625 74.875 1.1532
28.625 75.125 0.62602
28.625 75.375 0.26669
28.625 75.625 -0.27011
28.625 75.875 -0.78137
28.625 76.125 0.46348
28.625 76.375 0.083684
28.625 76.625 0.38476
28.625 76.875 -0.15915
28.625 77.125 -1.4695
28.625 77.375 -0.84393
28.625 77.625 -0.8235
28.625 77.875 -0.88892
28.625 78.125 -0.12697
28.625 78.375 0.051278
28.625 78.625 -1.5136
28.625 78.875 -1.2314
28.625 79.125 0.7703
28.625 79.375 -0.12281
28.625 79.625 -0.1044
28.625 79.875 -0.47089
28.625 80.125 -0.35402
28.625 80.375 -0.44753
28.625 80.625 -0.74848
28.625 93.625 0.94168
NaN NaN NaN
28.625 94.125 0.37701
28.625 94.375 -0.087429
28.625 94.625 0.064555
28.625 94.875 -0.13992
28.625 95.125 -0.49864
28.625 95.375 -0.57761
28.625 95.625 -0.65953
28.625 95.875 -1.1191
28.625 96.125 -0.65413
NaN NaN NaN
28.875 72.875 1.2242
28.875 73.125 2.2575
28.875 73.375 2.1861
28.875 73.625 1.4164
28.875 73.875 0.68939
28.875 74.125 0.94145
28.875 74.375 0.67768
28.875 74.625 1.0524
28.875 74.875 0.39338
28.875 75.125 -0.20123
28.875 75.375 -0.064556
28.875 75.625 -0.078818
28.875 75.875 -0.33034
28.875 76.125 -0.56684
28.875 76.375 -0.30519
28.875 76.625 -0.82154
28.875 76.875 -0.7894
28.875 77.125 0.10274
28.875 77.375 0.37897
28.875 77.625 -0.065406
28.875 77.875 -0.013001
28.875 78.125 -0.44824
28.875 78.375 -0.68715
28.875 78.625 -1.1
28.875 78.875 -0.96709
28.875 79.125 0.66935
28.875 79.375 0.33992
28.875 79.625 0.1878
28.875 79.875 0.20993
28.875 94.125 0.49057
28.875 94.375 0.39638
28.875 94.625 0.064591
28.875 94.875 0.3912
28.875 95.125 0.083928
28.875 95.375 -0.76033
28.875 95.625 -0.60226
28.875 95.875 -0.70029
28.875 96.125 -0.3359
NaN NaN NaN
29.125 73.125 2.5422
29.125 73.375 1.9036
29.125 73.625 0.42256
29.125 73.875 0.80288
29.125 74.125 0.37571
29.125 74.375 0.62811
29.125 74.625 0.87563
29.125 74.875 0.23305
29.125 75.125 -0.68646
29.125 75.375 -0.029992
29.125 75.625 0.12151
29.125 75.875 -0.47251
29.125 76.125 -0.55348
29.125 76.375 -1.4648
29.125 76.625 -0.66198
29.125 76.875 -0.53232
29.125 77.125 0.46784
29.125 77.375 -0.031754
29.125 77.625 -0.23535
29.125 77.875 0.12719
29.125 78.125 -0.56601
29.125 78.375 -0.64825
29.125 78.625 -0.12472
29.125 78.875 -0.53389
29.125 79.125 0.74969
29.125 79.375 1.1592
29.125 79.625 0.4757
29.125 79.875 0.57311
29.125 80.125 0.836
29.125 94.375 0.3266
29.125 94.625 0.28939
29.125 94.875 0.48855
29.125 95.625 -0.46198
29.125 95.875 -0.062746
29.125 96.125 NaN
29.375 73.375 0.77395
29.375 73.625 0.45339
29.375 73.875 0.84202
29.375 74.125 0.58303
29.375 74.375 -0.04793
29.375 74.625 -0.14529
29.375 74.875 0.46921
29.375 75.125 0.042951
29.375 75.375 -0.68414
29.375 75.625 -0.40588
29.375 75.875 -1.6554
29.375 76.125 -1.0643
29.375 76.375 -1.5732
29.375 76.625 -1.1246
29.375 76.875 -2.4531
29.375 77.125 -1.9881
29.375 77.375 -0.75053
29.375 77.625 -0.48589
29.375 77.875 -0.13967
29.375 78.125 -0.79491
29.375 78.375 -0.78129
29.375 78.625 -1.0959
29.375 78.875 -0.56167
29.375 79.125 0.64863
29.375 79.375 1.6611
29.375 79.625 -0.61964
29.375 79.875 0.15585
29.375 80.125 -0.069461
NaN NaN NaN
29.625 73.375 0.5959
29.625 73.625 1.1988
29.625 73.875 0.51328
29.625 74.125 1.3332
29.625 74.375 0.59553
29.625 74.625 -1.5209
29.625 74.875 -0.304
29.625 75.125 -0.18731
29.625 75.375 -1.0962
29.625 75.625 0.85425
29.625 75.875 -0.72228
29.625 76.125 -1.3885
29.625 76.375 -0.62103
29.625 76.625 0.1351
29.625 76.875 0.31286
29.625 77.125 -1.3723
29.625 77.375 -1.8135
29.625 77.625 -1.4257
29.625 77.875 -1.3877
29.625 78.125 -0.52277
29.625 78.375 -0.71163
29.625 78.625 -1.4278
29.625 78.875 -1.0912
29.625 79.125 0.30604
29.625 79.375 0.45232
29.625 79.625 0.070745
29.625 79.875 -0.33518
29.625 80.125 -0.18607
29.875 73.625 1.1226
29.875 73.875 0.21484
29.875 74.125 0.71089
29.875 74.375 -0.78825
29.875 74.625 -1.9407
29.875 74.875 -1.5616
29.875 75.125 -0.59076
29.875 75.375 -0.76305
29.875 75.625 0.59514
29.875 75.875 -0.95951
29.875 76.125 -0.74248
29.875 76.375 -0.39665
29.875 76.625 -0.1136
29.875 76.875 -2.1434
29.875 77.125 -0.94689
29.875 77.375 -1.2402
29.875 77.625 -1.4518
29.875 77.875 -0.99373
29.875 78.125 -1.7389
29.875 78.375 0.20254
29.875 78.625 -0.22625
29.875 78.875 -0.063687
29.875 79.125 -1.043
29.875 79.375 -0.5019
29.875 79.625 0.47157
29.875 79.875 -0.65466
29.875 80.125 -0.4076
29.875 80.375 -0.34943
30.125 74.125 0.0025162
30.125 74.375 -1.0235
30.125 74.625 -1.6744
30.125 74.875 -1.6354
30.125 75.125 -0.73989
30.125 75.375 0.20758
30.125 75.625 0.33085
30.125 75.875 -1.2363
30.125 76.125 -0.033259
30.125 76.375 -0.99136
30.125 76.625 -1.683
30.125 76.875 -1.4533
30.125 77.125 -1.8907
30.125 77.375 -1.8144
30.125 77.625 0.31392
30.125 77.875 0.0097497
30.125 78.125 0.11184
30.125 78.375 1.4447
30.125 78.625 0.55692
30.125 78.875 0.25661
30.125 79.125 -0.17658
30.125 79.375 -0.25408
30.125 79.625 0.41615
30.125 79.875 -0.55782
30.125 80.125 -0.68459
30.125 80.375 -0.48662
30.125 80.625 -0.43651
30.375 74.125 0.22767
30.375 74.375 -0.61514
30.375 74.625 -0.52307
30.375 74.875 -0.021786
30.375 75.125 0.072277
30.375 75.375 0.12927
30.375 75.625 -0.1512
30.375 75.875 -1.1401
30.375 76.125 -1.0062
30.375 76.375 -0.94548
30.375 76.625 -1.9619
30.375 76.875 -1.6812
30.375 77.125 -0.79064
30.375 77.375 -0.64861
30.375 77.625 -0.22008
30.375 77.875 0.16322
30.375 78.125 -0.21511
30.375 78.375 -1.6832
30.375 78.625 -0.10203
30.375 78.875 0.18872
30.375 79.125 0.02167
30.375 79.375 -0.57397
30.375 79.625 0.2095
30.375 79.875 -0.048876
30.375 80.125 -0.36
30.375 80.375 -0.38104
30.375 80.625 -0.55242
30.625 74.375 -0.24304
30.625 74.625 0.034341
30.625 74.875 0.083214
30.625 75.125 0.21714
30.625 75.375 -0.11042
30.625 75.625 0.53165
30.625 75.875 0.49961
30.625 76.125 -1.0221
30.625 76.375 -1.4527
30.625 76.625 -0.94039
30.625 76.875 -0.12966
30.625 77.125 0.066539
30.625 77.375 0.39126
30.625 77.625 -0.49779
30.625 77.875 0.15894
30.625 78.125 0.19883
30.625 78.375 -0.98726
30.625 78.625 -0.53496
30.625 78.875 0.25875
30.625 79.125 -0.067668
30.625 79.375 -0.77856
30.625 79.625 0.41041
30.625 79.875 -0.13762
30.625 80.125 -0.036179
30.875 74.625 -0.4631
30.875 74.875 0.092133
30.875 75.125 0.42226
30.875 75.375 -0.37712
30.875 75.625 0.48562
30.875 75.875 0.28187
30.875 76.125 0.27169
30.875 76.375 -0.43905
30.875 76.625 -0.064216
30.875 76.875 0.65149
30.875 77.125 1.0522
30.875 77.375 -0.0054166
30.875 77.625 -0.086965
30.875 77.875 0.89687
30.875 78.125 -0.037671
30.875 78.375 -0.50578
30.875 78.625 -0.58842
30.875 78.875 0.42225
30.875 79.125 0.00078074
NaN NaN NaN
NaN NaN NaN
NaN NaN NaN
31.125 74.875 -0.4633
31.125 75.125 0.07572
31.125 75.375 -0.84513
31.125 75.625 -0.83449
31.125 75.875 -0.016135
31.125 76.125 0.44221
31.125 76.375 0.18359
31.125 76.625 -0.03765
31.125 76.875 0.56275
31.125 77.125 1.209
31.125 77.375 -0.029655
31.125 77.625 1.0441
31.125 77.875 0.5625
31.125 78.125 -0.65917
31.125 78.375 -0.70575
31.125 78.625 -0.50757
NaN NaN NaN
NaN NaN NaN
31.375 74.875 -0.096201
31.375 75.125 -0.51543
31.375 75.375 -1.1213
31.375 75.625 -0.18781
31.375 75.875 0.99234
31.375 76.125 0.44826
31.375 76.375 0.84493
31.375 76.625 0.09513
31.375 76.875 0.080562
31.375 77.125 0.88137
31.375 77.375 1.0124
31.375 77.625 1.9244
31.375 77.875 -0.23369
31.375 78.125 -0.57768
31.375 78.375 -0.64134
31.375 78.625 -0.4566
31.625 74.875 0.42817
31.625 75.125 0.1665
31.625 75.375 -0.033621
31.625 75.625 0.59356
31.625 75.875 -0.06952
31.625 76.125 -0.054215
31.625 76.375 0.10627
31.625 76.625 0.166
31.625 76.875 -0.27917
31.625 77.125 -0.21229
31.625 77.375 1.8538
31.625 77.625 1.7343
31.625 77.875 0.17291
31.625 78.125 -0.47202
31.625 78.375 -0.64269
31.625 78.625 -0.8795
31.875 74.875 0.72524
31.875 75.125 0.37022
31.875 75.375 -0.49286
31.875 75.625 0.42153
31.875 75.875 0.29619
31.875 76.125 0.36483
31.875 76.375 0.010948
31.875 76.625 0.053053
31.875 76.875 -0.59597
31.875 77.125 -0.36244
31.875 77.375 0.82865
31.875 77.625 1.2279
31.875 77.875 -0.056158
31.875 78.125 -0.50856
31.875 78.375 -0.77144
31.875 78.625 -0.97925
32.125 75.375 0.55424
32.125 75.625 0.8003
32.125 75.875 0.047977
32.125 76.125 -0.69633
32.125 76.375 -0.40266
32.125 76.625 -0.29545
32.125 76.875 -0.13034
32.125 77.125 -0.5115
32.125 77.375 -1.0352
32.125 77.625 0.27828
32.125 77.875 -0.15179
32.125 78.125 -0.77504
32.125 78.375 -0.96633
32.375 75.375 0.16791
32.375 75.625 0.18474
32.375 75.875 0.0063961
32.375 76.125 -0.95255
32.375 76.375 -0.49114
32.375 76.625 -0.17081
32.375 76.875 -0.32136
32.375 77.125 -0.6967
32.375 77.375 -1.4058
32.375 77.625 -1.2433
32.375 77.875 -0.97651
32.375 78.125 -0.72225
32.375 78.375 -1.1762
32.625 74.875 1.1797
32.625 75.125 0.35414
32.625 75.375 -0.35289
32.625 75.625 -0.28601
32.625 75.875 -0.66022
32.625 76.125 -0.28451
32.625 76.375 -0.4021
32.625 76.625 -0.67691
32.625 76.875 0.22768
32.625 77.125 -0.24742
32.625 77.375 -1.1386
32.625 77.625 -1.6086
32.625 77.875 -1.5247
32.625 78.125 -1.5428
32.625 78.375 -1.2638
32.625 78.625 -1.3841
32.625 78.875 -1.2826
32.625 79.125 -1.1833
32.625 79.375 -0.93416
32.875 74.375 1.1908
32.875 74.625 0.96599
32.875 74.875 1.1776
32.875 75.125 0.75368
32.875 75.375 -0.20472
32.875 75.625 -0.73415
32.875 75.875 -0.64275
32.875 76.125 0.11136
32.875 76.375 0.16387
32.875 76.625 0.054419
32.875 76.875 0.096012
32.875 77.125 -0.59342
32.875 77.375 -1.0294
32.875 77.625 -1.4623
32.875 77.875 -1.8571
32.875 78.125 -0.89144
32.875 78.375 -0.92124
32.875 78.625 -1.3041
32.875 78.875 -1.3218
32.875 79.125 -1.2509
32.875 79.375 -1.2626
33.125 73.875 1.0472
33.125 74.125 1.0075
33.125 74.375 1.2093
33.125 74.625 1.0221
33.125 74.875 0.7293
33.125 75.125 0.51529
33.125 75.375 -0.6531
33.125 75.625 -0.80693
33.125 75.875 -0.20037
33.125 76.125 0.15905
33.125 76.375 0.15567
33.125 76.625 -0.038561
33.125 76.875 -0.41297
33.125 77.125 -0.64472
33.125 77.375 -0.63305
33.125 77.625 -0.31552
33.125 77.875 -0.17605
33.125 78.125 0.20011
33.125 78.375 -0.01283
33.125 78.625 -0.59441
33.125 78.875 -1.0323
33.125 79.125 -1.2257
33.375 73.875 0.8847
33.375 74.125 0.79393
33.375 74.375 -0.21291
33.375 74.625 -0.76976
33.375 74.875 -0.92472
33.375 75.125 -1.2694
33.375 75.375 -0.83727
33.375 75.625 -0.68262
33.375 75.875 -0.26449
33.375 76.125 0.05576
33.375 76.375 0.47106
33.375 76.625 0.1524
33.375 76.875 0.041079
33.375 77.125 0.48066
33.375 77.375 0.45708
33.375 77.625 0.14536
33.375 77.875 -0.29992
33.375 78.125 0.54124
33.375 78.375 0.48411
33.375 78.625 -0.011595
33.375 78.875 -0.57614
33.625 73.875 0.74963
33.625 74.125 0.82778
33.625 74.375 -1.2671
33.625 74.625 -1.6924
33.625 74.875 -0.66372
33.625 75.125 -0.86078
33.625 75.375 -0.62322
33.625 75.625 -0.57046
33.625 75.875 -0.29233
33.625 76.125 -0.15836
33.625 76.375 0.31892
33.625 76.625 -0.45945
33.625 76.875 0.16281
33.625 77.125 0.41823
33.625 77.375 0.5395
33.625 77.625 0.3826
33.625 77.875 0.42207
33.625 78.125 0.20252
33.625 78.375 0.27978
33.625 78.625 0.26656
33.625 78.875 -0.58182
33.875 73.875 0.72125
33.875 74.125 -0.19909
33.875 74.375 -0.73443
33.875 74.625 0.17412
33.875 74.875 -0.14744
33.875 75.125 0.5142
33.875 75.375 0.3607
33.875 75.625 -0.26696
33.875 75.875 -0.16005
33.875 76.125 -0.44583
33.875 76.375 -0.26697
33.875 76.625 -0.27375
33.875 76.875 -0.08158
33.875 77.125 0.042308
33.875 77.375 0.26242
33.875 77.625 0.087819
33.875 77.875 0.14112
33.875 78.125 0.28063
33.875 78.375 0.3324
33.875 78.625 0.052399
33.875 78.875 -0.10952
34.125 73.625 -0.0052946
34.125 73.875 0.37335
34.125 74.125 0.21435
34.125 74.375 -0.61015
34.125 74.625 -0.68618
34.125 74.875 0.31866
34.125 75.125 0.65305
34.125 75.375 0.19105
34.125 75.625 -0.55092
34.125 75.875 -0.52488
34.125 76.125 -0.73326
34.125 76.375 -0.16325
34.125 76.625 0.24952
34.125 76.875 0.020112
34.125 77.125 -0.089368
34.125 77.375 -0.0054791
34.125 77.625 0.19942
34.125 77.875 0.18957
34.125 78.125 0.37212
34.125 78.375 0.45912
34.125 78.625 0.18821
34.125 78.875 0.26768
34.125 79.125 0.050457
34.125 79.375 -0.097655
34.375 73.625 -0.35138
34.375 73.875 -0.60272
34.375 74.125 -1.1478
34.375 74.375 -0.51967
34.375 74.625 -0.42843
34.375 74.875 0.051467
34.375 75.125 0.29787
34.375 75.375 -0.73024
34.375 75.625 -0.69319
34.375 75.875 -0.50655
34.375 76.125 -0.56518
34.375 76.375 0.1271
34.375 76.625 0.039675
34.375 76.875 0.0006167
34.375 77.125 0.028633
34.375 77.375 -0.051721
34.375 77.625 0.018232
34.375 77.875 0.16795
34.375 78.125 0.32385
34.375 78.375 0.39166
34.375 78.625 0.41742
34.375 78.875 -0.16211
34.375 79.125 -0.066352
34.375 79.375 -0.76895
34.625 73.875 -0.97053
34.625 74.125 -1.2898
34.625 74.375 -0.79925
34.625 74.625 -0.55878
34.625 74.875 -0.43809
34.625 75.125 0.19573
34.625 75.375 -0.87005
34.625 75.625 -1.0295
34.625 75.875 -0.32558
34.625 76.125 -0.39673
34.625 76.375 -0.1267
34.625 76.625 0.076235
34.625 76.875 0.082533
34.625 77.125 0.22341
34.625 77.375 -0.22639
34.625 77.625 0.23731
34.625 77.875 0.15038
34.625 78.125 0.24147
34.625 78.375 0.54507
34.625 78.625 0.23112
34.625 78.875 -0.18415
34.625 79.125 -0.19563
34.625 79.375 -0.25462
34.625 79.625 -0.31819
34.875 74.125 -0.87297
34.875 74.375 -0.66394
34.875 74.625 -0.31853
34.875 74.875 -0.17956
34.875 75.125 -0.7636
34.875 75.375 -1.8564
34.875 75.625 -0.62833
34.875 75.875 -0.49012
34.875 76.125 -0.68952
34.875 76.375 -0.29146
34.875 76.625 -0.13104
34.875 76.875 -0.020553
34.875 77.125 -0.067315
34.875 77.375 -0.023518
34.875 77.625 0.12662
34.875 77.875 0.18051
34.875 78.125 0.29353
34.875 78.375 0.47474
34.875 78.625 -0.13132
34.875 78.875 -0.088762
34.875 79.125 -0.12132
34.875 79.375 0.23629
34.875 79.625 -0.44411
34.875 79.875 -0.53083
35.125 74.375 -0.65685
35.125 74.625 -0.96687
35.125 74.875 -0.55808
35.125 75.125 -1.6273
35.125 75.375 -1.6119
35.125 75.625 -0.5038
35.125 75.875 -0.13182
35.125 76.125 -0.5861
35.125 76.375 0.10894
35.125 76.625 -0.035635
35.125 76.875 0.035398
35.125 77.125 0.26928
35.125 77.375 0.10949
35.125 77.625 -0.38535
35.125 77.875 0.11278
35.125 78.125 -0.2782
35.125 78.375 -0.38196
35.125 78.625 -0.16751
35.125 78.875 0.1855
35.125 79.125 0.13649
35.125 79.375 -0.22993
35.125 79.625 -0.75042
35.125 79.875 -0.60458
35.375 73.875 -0.7098
35.375 74.125 -0.80299
35.375 74.375 -0.58295
35.375 74.625 -0.53926
35.375 74.875 -0.27415
35.375 75.125 -1.1185
35.375 75.375 -0.94407
35.375 75.625 -0.36249
35.375 75.875 -0.20001
35.375 76.125 -0.22896
35.375 76.375 -0.10294
35.375 76.625 0.033704
35.375 76.875 0.17769
35.375 77.125 0.13647
35.375 77.375 -0.48677
35.375 77.625 -0.36307
35.375 77.875 -0.37466
35.375 78.125 -0.4946
35.375 78.375 -0.2604
35.375 78.625 -0.034897
35.375 78.875 -0.0090255
35.375 79.125 -0.05057
35.375 79.375 -0.28004
35.375 79.625 -0.39074
35.375 79.875 -0.42223
NaN NaN NaN
35.625 73.375 -0.73911
35.625 73.625 -0.56527
35.625 73.875 -0.97906
35.625 74.125 -1.1804
35.625 74.375 -1.506
35.625 74.625 -0.69464
35.625 74.875 -0.29702
35.625 75.125 -1.5992
35.625 75.375 -1.1576
35.625 75.625 -0.65498
35.625 75.875 -0.50621
35.625 76.125 -0.27603
35.625 76.375 -0.12317
35.625 76.625 -0.84998
35.625 76.875 -0.73444
35.625 77.125 -0.27411
35.625 78.375 -0.23375
35.625 78.625 -0.16867
35.625 78.875 -0.20182
35.625 79.125 -0.15607
35.625 79.375 -0.071027
35.625 79.625 -0.24881
35.625 79.875 -0.10376
35.625 80.125 -0.073347
35.875 73.125 1.3901
35.875 73.375 -0.0031017
35.875 73.625 -0.79959
35.875 73.875 -1.0774
35.875 74.125 -1.2334
35.875 74.375 -1.655
35.875 74.625 -0.79214
35.875 74.875 -0.7738
35.875 75.125 -1.3554
35.875 75.375 -1.5826
35.875 75.625 -1.1474
35.875 75.875 -0.73058
35.875 76.125 -0.61024
35.875 76.375 -0.4409
35.875 76.625 -0.89617
35.875 79.375 0.29545
36.125 72.625 0.19496
NaN NaN NaN
NaN NaN NaN
36.125 73.375 0.67846
36.125 73.625 0.18011
36.125 73.875 -0.27622
36.125 74.125 -1.113
36.125 74.375 -1.2423
36.125 74.625 -0.82943
36.125 74.875 -0.67587
36.125 75.125 -0.97705
36.125 75.375 -1.6908
36.125 75.625 -1.9789
36.125 75.875 -1.4714
36.125 76.125 -1.3308
36.125 76.375 -0.53558
36.125 76.625 -0.79067
36.375 73.125 0.69046
36.375 73.375 0.82772
36.375 73.625 0.63347
36.375 73.875 0.0084097
36.375 74.125 -0.66753
36.375 74.375 -0.88648
36.375 74.625 -1.1124
36.375 74.875 -1.0274
36.375 75.125 -0.75362
36.375 75.375 -1.344
36.375 75.625 -1.6708
36.375 75.875 -1.8204
36.375 76.125 -1.064
36.625 73.375 0.55075
36.625 73.625 0.3737
36.625 73.875 -0.13256
36.625 74.125 -0.40772
36.625 74.375 -1.1824
36.625 74.625 -0.93474
36.625 74.875 -1.0987
36.625 75.125 -1.2172
36.625 75.375 -1.4008
36.625 75.625 -1.4772
36.875 73.875 -0.42736
36.875 74.375 -0.75766
36.875 74.625 -1.2307
36.875 74.875 -1.4566
36.875 75.125 -1.7164
36.875 75.375 -1.6232
