8.125 77.375 1.6022
8.375 77.125 -0.18239
8.375 77.375 1.2079
8.375 77.625 1.9669
8.375 77.875 1.9061
8.625 76.875 -0.23986
8.625 77.125 1.1633
8.625 77.375 0.99524
8.625 77.625 0.032451
8.625 77.875 2.0685
8.875 76.875 -0.47612
8.875 77.125 1.6028
8.875 77.375 -0.28668
8.875 77.625 -0.65939
8.875 77.875 -1.0414
9.125 76.625 1.0569
9.125 76.875 0.34371
9.125 77.125 0.66054
9.125 77.375 -0.21407
9.125 77.625 -0.61955
9.125 77.875 -0.29039
9.125 78.125 0.25211
NaN NaN NaN
9.375 76.625 0.3583
9.375 76.875 0.021656
9.375 77.125 -0.0077172
9.375 77.375 -0.055025
9.375 77.625 -0.21545
9.375 77.875 0.26833
9.375 78.125 0.019941
9.375 78.375 0.364
9.375 78.625 0.019358
NaN NaN NaN
9.625 76.375 1.0708
9.625 76.625 0.86696
9.625 76.875 0.099875
9.625 77.125 0.73156
9.625 77.375 -0.22338
9.625 77.625 -0.84701
9.625 77.875 0.76654
9.625 78.125 0.090065
9.625 78.375 0.24446
9.625 78.625 0.23717
9.875 76.625 -0.14409
9.875 76.875 -0.54902
9.875 77.125 0.14198
9.875 77.375 -0.55358
9.875 77.625 0.20125
9.875 77.875 0.13189
9.875 78.125 -0.53936
9.875 78.375 0.20222
9.875 78.625 0.54024
9.875 78.875 -0.61698
10.125 76.375 -0.24593
10.125 76.625 0.48166
10.125 76.875 1.6317
10.125 77.125 0.095753
10.125 77.375 0.11107
10.125 77.625 -0.28915
10.125 77.875 0.05812
10.125 78.125 -0.068778
10.125 78.375 0.693
10.125 78.625 -0.14099
10.125 78.875 -0.15947
10.125 79.125 -0.41161
10.375 76.375 -0.6582
10.375 76.625 -0.31607
10.375 76.875 0.72379
10.375 77.125 0.51507
10.375 77.375 0.015108
10.375 77.625 0.1478
10.375 77.875 -0.58454
10.375 78.125 -0.23648
10.375 78.375 -0.34111
10.375 78.625 0.31646
10.375 78.875 -0.092643
10.375 79.125 -0.50801
NaN NaN NaN
NaN NaN NaN
10.625 76.125 -0.21829
10.625 76.375 -0.54957
10.625 76.625 -0.59296
10.625 76.875 -0.0083245
10.625 77.125 -0.031184
10.625 77.375 -0.29964
10.625 77.625 0.0060174
10.625 77.875 -0.3634
10.625 78.125 -0.77576
10.625 78.375 -0.49347
10.625 78.625 -0.12878
10.625 78.875 -0.089569
10.625 79.125 0.79652
10.625 79.375 0.922
10.625 79.625 1.6062
10.875 76.125 -0.15954
10.875 76.375 0.7356
10.875 76.625 -0.18351
10.875 76.875 -0.77047
10.875 77.125 0.14799
10.875 77.375 0.075019
10.875 77.625 -0.3495
10.875 77.875 -1.0461
10.875 78.125 -1.2522
10.875 78.375 0.13076
10.875 78.625 1.0635
10.875 78.875 0.4536
10.875 79.125 -0.49935
10.875 79.375 0.02969
10.875 79.625 1.0683
11.125 76.125 -1.7518
11.125 76.375 -0.2589
11.125 76.625 1.9887
11.125 76.875 -1.1514
11.125 77.125 0.099852
11.125 77.375 0.27155
11.125 77.625 -0.13319
11.125 77.875 -0.27711
11.125 78.125 -0.66845
11.125 78.375 0.60183
11.125 78.625 0.46689
11.125 78.875 0.53153
11.125 79.125 0.51582
11.125 79.375 0.63394
11.125 79.625 0.25537
11.375 75.875 -0.96793
11.375 76.125 -1.3136
11.375 76.375 -0.26266
11.375 76.625 0.37688
11.375 76.875 1.3283
11.375 77.125 0.14033
11.375 77.375 -0.23816
11.375 77.625 -0.10325
11.375 77.875 -0.069525
11.375 78.125 -0.42369
11.375 78.375 -0.11933
11.375 78.625 -0.65685
11.375 78.875 0.1274
11.375 79.125 -0.029347
11.375 79.375 -0.23184
11.375 79.625 -0.30584
11.625 75.875 -0.14939
11.625 76.125 0.86321
11.625 76.375 -0.21981
11.625 76.625 0.84619
11.625 76.875 -0.90322
11.625 77.125 -0.62544
11.625 77.375 0.11137
11.625 77.625 -0.24091
11.625 77.875 -0.72743
11.625 78.125 -0.51666
11.625 78.375 -1.0184
11.625 78.625 -0.48962
11.625 78.875 -0.12981
11.625 79.125 0.43452
11.625 79.375 -0.55357
NaN NaN NaN
NaN NaN NaN
11.875 75.875 -0.65618
11.875 76.125 -0.5956
11.875 76.375 -0.14468
11.875 76.625 0.10389
11.875 76.875 -1.9225
11.875 77.125 0.0078528
11.875 77.375 -0.85072
11.875 77.625 -0.26101
11.875 77.875 -0.030174
11.875 78.125 -0.21921
11.875 78.375 -0.28635
11.875 78.625 -0.53632
11.875 78.875 -0.59407
11.875 79.125 0.2708
11.875 79.375 -0.388
11.875 79.625 -0.14907
12.125 75.375 -1.4468
12.125 75.625 -0.52597
12.125 75.875 1.0331
12.125 76.125 -0.14837
12.125 76.375 -0.052248
12.125 76.625 -0.28805
12.125 76.875 -1.2722
12.125 77.125 -0.37382
12.125 77.375 -0.57842
12.125 77.625 -0.78334
12.125 77.875 -0.52353
12.125 78.125 -0.1099
12.125 78.375 0.31991
12.125 78.625 -0.42591
12.125 78.875 -0.82147
12.125 79.125 -0.10434
12.125 79.375 0.061057
12.125 79.625 -0.01688
12.375 75.125 -0.79723
12.375 75.375 -1.0937
12.375 75.625 -0.19721
12.375 75.875 0.78732
12.375 76.125 0.1386
12.375 76.375 0.31822
12.375 76.625 1.2209
12.375 76.875 -0.90167
12.375 77.125 -1.2198
12.375 77.375 -0.62789
12.375 77.625 -0.55045
12.375 77.875 -0.57599
12.375 78.125 -0.2121
12.375 78.375 -0.11335
12.375 78.625 -0.10864
12.375 78.875 -0.63277
12.375 79.125 -0.3446
12.375 79.375 -0.46535
12.375 79.625 -0.84348
12.375 79.875 -0.70414
12.625 75.125 -1.2656
12.625 75.375 -1.2616
12.625 75.625 -1.6848
12.625 75.875 -0.58333
12.625 76.125 -0.40776
12.625 76.375 1.2231
12.625 76.625 0.82761
12.625 76.875 0.2125
12.625 77.125 -1.3236
12.625 77.375 -1.037
12.625 77.625 -0.17667
12.625 77.875 -0.74587
12.625 78.125 -1.0605
12.625 78.375 0.31685
12.625 78.625 0.21589
12.625 78.875 0.20691
12.625 79.125 0.26205
12.625 79.375 -0.60579
12.625 79.625 -1.2307
12.625 79.875 -1.7115
12.875 75.125 -0.31119
12.875 75.375 -0.16459
12.875 75.625 -2.404
12.875 75.875 -0.24539
12.875 76.125 -0.092571
12.875 76.375 1.4706
12.875 76.625 0.9993
12.875 76.875 -0.18999
12.875 77.125 -0.35369
12.875 77.375 -0.26754
12.875 77.625 -1.1847
12.875 77.875 -0.73672
12.875 78.125 -0.53818
12.875 78.375 -0.35022
12.875 78.625 -0.45253
12.875 78.875 -0.4282
12.875 79.125 0.39719
12.875 79.375 0.29866
12.875 79.625 0.45105
12.875 79.875 0.4889
NaN NaN NaN
13.125 75.125 -1.1805
13.125 75.375 -1.1781
13.125 75.625 -0.4759
13.125 75.875 -0.28092
13.125 76.125 0.53199
13.125 76.375 0.8484
13.125 76.625 0.99837
13.125 76.875 0.13492
13.125 77.125 -0.26285
13.125 77.375 -0.87229
13.125 77.625 -0.64924
13.125 77.875 -1.1932
13.125 78.125 -1.1087
13.125 78.375 -0.97696
13.125 78.625 -0.73189
13.125 78.875 -0.42354
13.125 79.125 -0.01279
13.125 79.375 -0.40623
13.125 79.625 0.88543
13.125 79.875 -0.15504
13.125 80.125 -0.48574
NaN NaN NaN
13.375 75.125 -0.51417
13.375 75.375 -0.85823
13.375 75.625 -1.3454
13.375 75.875 -0.54525
13.375 76.125 0.54961
13.375 76.375 0.20913
13.375 76.625 -0.09307
13.375 76.875 0.14938
13.375 77.125 0.75114
13.375 77.375 -1.1023
13.375 77.625 -0.61865
13.375 77.875 -0.52938
13.375 78.125 -1.5378
13.375 78.375 -1.4501
13.375 78.625 -0.64672
13.375 78.875 -0.78105
13.375 79.125 -0.79462
13.375 79.375 -1.2195
13.375 79.625 0.55619
13.375 79.875 -0.57435
13.375 80.125 -0.668
13.625 74.875 -1.7887
13.625 75.125 -0.28227
13.625 75.375 -0.47069
13.625 75.625 -0.93396
13.625 75.875 -0.16174
13.625 76.125 -0.16641
13.625 76.375 -0.63699
13.625 76.625 -1.0871
13.625 76.875 -1.0246
13.625 77.125 -0.35926
13.625 77.375 -1.4452
13.625 77.625 -0.46518
13.625 77.875 -0.81986
13.625 78.125 -1.7003
13.625 78.375 -1.0262
13.625 78.625 -0.83384
13.625 78.875 -0.055079
13.625 79.125 0.28948
13.625 79.375 -0.32375
13.625 79.625 -0.90661
13.625 79.875 -0.36543
13.625 80.125 -0.71388
13.875 74.875 -0.54001
13.875 75.125 0.44155
13.875 75.375 -0.34052
13.875 75.625 -0.35267
13.875 75.875 0.21065
13.875 76.125 -0.83195
13.875 76.375 -0.92337
13.875 76.625 -0.0058609
13.875 76.875 -1.184
13.875 77.125 -1.1787
13.875 77.375 -0.6652
13.875 77.625 -0.58869
13.875 77.875 -1.0558
13.875 78.125 -1.9115
13.875 78.375 -0.066758
13.875 78.625 -0.67608
13.875 78.875 -0.66663
13.875 79.125 -0.03165
13.875 79.375 -0.24659
13.875 79.625 -0.73992
13.875 79.875 -0.60177
14.125 74.625 -0.37927
14.125 74.875 -0.48115
14.125 75.125 0.087729
14.125 75.375 -0.57328
14.125 75.625 -0.6784
14.125 75.875 -0.29047
14.125 76.125 0.11353
14.125 76.375 -0.45169
14.125 76.625 -0.36838
14.125 76.875 0.2246
14.125 77.125 -0.34462
14.125 77.375 -0.52444
14.125 77.625 -0.39376
14.125 77.875 -0.4465
14.125 78.125 -0.8803
14.125 78.375 -0.26885
14.125 78.625 -1.069
14.125 78.875 -1.1062
14.125 79.125 0.029222
14.125 79.375 0.23818
14.125 79.625 -0.1044
14.125 79.875 -0.10508
14.375 74.625 -0.91803
14.375 74.875 0.15796
14.375 75.125 -0.92786
14.375 75.375 -0.76706
14.375 75.625 0.24069
14.375 75.875 -0.082328
14.375 76.125 0.38921
14.375 76.375 0.2927
14.375 76.625 -0.50376
14.375 76.875 -1.4172
14.375 77.125 0.27769
14.375 77.375 0.11894
14.375 77.625 0.2308
14.375 77.875 -0.12195
14.375 78.125 -0.6931
14.375 78.375 -1.2515
14.375 78.625 -0.98155
14.375 78.875 -1.0375
14.375 79.125 -0.17553
14.375 79.375 -0.15357
14.375 79.625 0.1181
14.375 79.875 0.52545
NaN NaN NaN
14.625 74.625 -2.2569
14.625 74.875 -1.7063
14.625 75.125 -1.0611
14.625 75.375 -0.66514
14.625 75.625 -1.3611
14.625 75.875 -0.38126
14.625 76.125 -0.48667
14.625 76.375 -0.48041
14.625 76.625 0.11016
14.625 76.875 0.99846
14.625 77.125 0.7563
14.625 77.375 -0.11284
14.625 77.625 -0.37408
14.625 77.875 -1.0787
14.625 78.125 -0.073235
14.625 78.375 -0.30825
14.625 78.625 -0.80859
14.625 78.875 -0.46265
14.625 79.125 -0.0048206
14.625 79.375 -0.20938
14.625 79.625 -0.39872
14.625 79.875 -0.27026
14.875 74.375 -1.405
14.875 74.625 -1.544
14.875 74.875 -1.6922
14.875 75.125 -0.29804
14.875 75.375 -1.1532
14.875 75.625 -0.29575
14.875 75.875 -0.97659
14.875 76.125 -1.2693
14.875 76.375 -1.3915
14.875 76.625 -0.46225
14.875 76.875 0.93673
14.875 77.125 0.067556
14.875 77.375 -0.88694
14.875 77.625 -1.147
14.875 77.875 -1.1551
14.875 78.125 -0.54703
14.875 78.375 -0.26771
14.875 78.625 -0.67429
14.875 78.875 -0.22038
14.875 79.125 -0.39936
14.875 79.375 -1.2894
14.875 79.625 -0.85962
14.875 79.875 -0.95248
15.125 74.125 -1.5352
15.125 74.375 0.35572
15.125 74.625 -0.53539
15.125 74.875 -0.7331
15.125 75.125 -0.81225
15.125 75.375 -0.44961
15.125 75.625 0.58517
15.125 75.875 -0.14565
15.125 76.125 -0.7587
15.125 76.375 -0.89135
15.125 76.625 -1.2085
15.125 76.875 -0.71551
15.125 77.125 -1.5514
15.125 77.375 -0.75737
15.125 77.625 -0.40233
15.125 77.875 -0.98866
15.125 78.125 -1.6337
15.125 78.375 -1.2851
15.125 78.625 -0.41181
15.125 78.875 -0.18504
15.125 79.125 -1.0199
15.125 79.375 -1.305
15.125 79.625 -1.1887
15.125 79.875 -1.2858
15.375 73.875 -1.6121
15.375 74.125 -1.7206
15.375 74.375 -0.50965
15.375 74.625 -1.266
15.375 74.875 0.32452
15.375 75.125 -0.48532
15.375 75.375 0.37684
15.375 75.625 0.5477
15.375 75.875 -0.36926
15.375 76.125 -0.88622
15.375 76.375 -0.46246
15.375 76.625 -0.56202
15.375 76.875 -0.70526
15.375 77.125 -1.0687
15.375 77.375 -1.611
15.375 77.625 -0.76412
15.375 77.875 -1.6204
15.375 78.125 -1.2885
15.375 78.375 -1.0912
15.375 78.625 0.027678
15.375 78.875 -1.2496
15.375 79.125 -1.5128
15.375 79.375 -1.8798
15.375 79.625 -1.4264
15.375 79.875 -1.2646
15.625 73.875 -0.87529
15.625 74.125 -1.4979
15.625 74.375 -1.7856
15.625 74.625 -0.22166
15.625 74.875 -0.23024
15.625 75.125 -0.58103
15.625 75.375 -0.45513
15.625 75.625 -0.034937
15.625 75.875 -0.46752
15.625 76.125 -0.37672
15.625 76.375 -0.16137
15.625 76.625 -0.24134
15.625 76.875 -0.13562
15.625 77.125 -0.982
15.625 77.375 -1.5012
15.625 77.625 -1.3641
15.625 77.875 -1.6543
15.625 78.125 -1.1411
15.625 78.375 -1.5111
15.625 78.625 -1.6966
15.625 78.875 -0.60491
15.625 79.125 -1.7355
15.625 79.375 -1.7825
15.625 79.625 -1.6534
15.625 79.875 -1.6372
15.625 80.125 -1.5449
15.875 73.875 0.072528
15.875 74.125 -0.55656
15.875 74.375 -1.1771
15.875 74.625 -0.46757
15.875 74.875 -0.2814
15.875 75.125 -0.80122
15.875 75.375 -0.66194
15.875 75.625 -0.80653
15.875 75.875 -0.88554
15.875 76.125 -0.63631
15.875 76.375 -0.86825
15.875 76.625 -0.38883
15.875 76.875 0.41197
15.875 77.125 -0.96625
15.875 77.375 -0.56446
15.875 77.625 -2.035
15.875 77.875 -0.7283
15.875 78.125 -1.3252
15.875 78.375 -1.4911
15.875 78.625 -1.3976
15.875 78.875 -1.1841
15.875 79.125 -1.6555
15.875 79.375 -0.5048
15.875 79.625 -1.3493
15.875 79.875 -1.6076
15.875 80.125 -1.7817
15.875 80.375 -1.378
NaN NaN NaN
15.875 80.875 -1.7717
16.125 73.625 0.22202
16.125 73.875 -0.3586
16.125 74.125 -0.34865
16.125 74.375 -0.94485
16.125 74.625 -0.25417
16.125 74.875 0.41678
16.125 75.125 -1.5295
16.125 75.375 -1.4687
16.125 75.625 -1.0073
16.125 75.875 -0.87144
16.125 76.125 -1.0541
16.125 76.375 -0.96032
16.125 76.625 -0.74035
16.125 76.875 -0.96049
16.125 77.125 -0.89399
16.125 77.375 -0.20921
16.125 77.625 -0.68972
16.125 77.875 -0.26087
16.125 78.125 -0.55336
16.125 78.375 -0.3662
16.125 78.625 -0.84123
16.125 78.875 -1.1058
16.125 79.125 -0.82106
16.125 79.375 -1.1936
16.125 79.625 -1.6278
16.125 79.875 -1.6297
16.125 80.125 -1.1138
16.125 80.375 -0.67315
16.125 80.625 -1.324
16.125 80.875 -1.3266
16.375 73.625 -0.64575
16.375 73.875 0.11439
16.375 74.125 -0.79872
16.375 74.375 -0.44869
16.375 74.625 -0.80793
16.375 74.875 0.44191
16.375 75.125 -0.20941
16.375 75.375 -0.76529
16.375 75.625 -1.3609
16.375 75.875 -0.52372
16.375 76.125 0.61628
16.375 76.375 0.3814
16.375 76.625 -0.10044
16.375 76.875 -0.73107
16.375 77.125 -0.42725
16.375 77.375 -0.67602
16.375 77.625 -1.1555
16.375 77.875 -0.69925
16.375 78.125 -0.25231
16.375 78.375 -0.14181
16.375 78.625 -1.1074
16.375 78.875 -0.74534
16.375 79.125 -0.3991
16.375 79.375 -0.88969
16.375 79.625 -1.6686
16.375 79.875 -1.4033
16.375 80.125 -1.0904
16.375 80.375 -1.2525
16.375 80.625 -1.0335
16.375 80.875 -0.70699
16.375 81.125 -1.0122
NaN NaN NaN
NaN NaN NaN
16.625 73.625 -1.2006
16.625 73.875 -1.8553
16.625 74.125 0.86686
16.625 74.375 -2.2532
16.625 74.625 -0.32847
16.625 74.875 -0.42855
16.625 75.125 0.052514
16.625 75.375 -1.4745
16.625 75.625 -1.2764
16.625 75.875 -1.2037
16.625 76.125 -0.57535
16.625 76.375 -0.83927
16.625 76.625 -0.89654
16.625 76.875 -0.70031
16.625 77.125 -0.33142
16.625 77.375 -0.4942
16.625 77.625 -1.6107
16.625 77.875 -1.0066
16.625 78.125 -0.58861
16.625 78.375 -0.81029
16.625 78.625 -0.85685
16.625 78.875 -1.2289
16.625 79.125 -1.0517
16.625 79.375 -0.62535
16.625 79.625 -0.81421
16.625 79.875 -0.99261
16.625 80.125 -0.96332
16.625 80.375 -1.2991
16.625 80.625 -1.2484
16.625 80.875 -1.326
16.625 81.125 -2.1505
16.625 81.375 -1.8061
16.625 81.625 -0.83126
16.625 81.875 -0.82098
16.625 82.125 -0.60831
16.875 73.375 -1.0729
16.875 73.625 -1.7491
16.875 73.875 -1.7026
16.875 74.125 -2.3426
16.875 74.375 -0.27922
16.875 74.625 -1.5139
16.875 74.875 -1.8247
16.875 75.125 -1.3591
16.875 75.375 -0.51927
16.875 75.625 0.0082592
16.875 75.875 -0.73766
16.875 76.125 -1.0352
16.875 76.375 -1.159
16.875 76.625 -1.3332
16.875 76.875 -0.9121
16.875 77.125 -0.79357
16.875 77.375 -0.33893
16.875 77.625 -0.90834
16.875 77.875 -0.49049
16.875 78.125 -0.82903
16.875 78.375 -1.3897
16.875 78.625 -0.86815
16.875 78.875 -2.1269
16.875 79.125 -1.4637
16.875 79.375 -0.88086
16.875 79.625 -0.97451
16.875 79.875 -0.74376
16.875 80.125 -0.85976
16.875 80.375 -1.1526
16.875 80.625 -1.2496
16.875 80.875 -1.3665
16.875 81.125 -1.3771
16.875 81.375 -1.3065
16.875 81.625 -1.4967
16.875 81.875 -1.1112
16.875 82.125 -1.1687
17.125 73.375 -1.0585
17.125 73.625 -1.0407
17.125 73.875 -0.87307
17.125 74.125 -1.4471
17.125 74.375 -1.783
17.125 74.625 -1.8278
17.125 74.875 -1.7756
17.125 75.125 -2.2814
17.125 75.375 -1.4951
17.125 75.625 -0.093638
17.125 75.875 -0.9252
17.125 76.125 -1.392
17.125 76.375 -0.89907
17.125 76.625 -0.8286
17.125 76.875 -0.46421
17.125 77.125 -0.58698
17.125 77.375 -0.89147
17.125 77.625 -0.58411
17.125 77.875 -0.06226
17.125 78.125 -0.45732
17.125 78.375 -1.141
17.125 78.625 -0.85298
17.125 78.875 -0.82168
17.125 79.125 -0.27044
17.125 79.375 -0.75797
17.125 79.625 -0.93224
17.125 79.875 -0.79179
17.125 80.125 -0.53873
17.125 80.375 -1.1438
17.125 80.625 -1.3815
17.125 80.875 -1.4016
17.125 81.125 -1.3864
17.125 81.375 -1.1921
17.125 81.625 -1.3891
17.125 81.875 -1.3353
17.125 82.125 -0.93452
17.125 82.375 -1.1193
17.375 73.375 -1.2698
17.375 73.625 -1.7736
17.375 73.875 -0.027353
17.375 74.125 -2.3327
17.375 74.375 -2.0356
17.375 74.625 -2.0604
17.375 74.875 -1.8798
17.375 75.125 -2.2865
17.375 75.375 -2.2477
17.375 75.625 -1.1997
17.375 75.875 -1.5992
17.375 76.125 -1.2822
17.375 76.375 -1.0796
17.375 76.625 -0.9456
17.375 76.875 -0.16043
17.375 77.125 -0.42966
17.375 77.375 -0.98004
17.375 77.625 -0.18942
17.375 77.875 -0.38567
17.375 78.125 -0.24271
17.375 78.375 -0.37756
17.375 78.625 -0.86183
17.375 78.875 0.2461
17.375 79.125 -0.36374
17.375 79.375 0.50475
17.375 79.625 -1.4292
17.375 79.875 -0.21917
17.375 80.125 -0.020335
17.375 80.375 -0.67743
17.375 80.625 -1.293
17.375 80.875 -1.537
17.375 81.125 -1.4344
17.375 81.375 -1.2574
17.375 81.625 -1.4606
17.375 81.875 -1.3117
17.375 82.125 -0.98433
17.375 82.375 -1.3483
NaN NaN NaN
17.625 73.375 -0.6157
17.625 73.625 -2.6338
17.625 73.875 -1.4442
17.625 74.125 -2.4295
17.625 74.375 -2.147
17.625 74.625 -2.196
17.625 74.875 -1.559
17.625 75.125 -1.7298
17.625 75.375 -1.2599
17.625 75.625 -1.2094
17.625 75.875 -1.4024
17.625 76.125 -1.5397
17.625 76.375 -1.5749
17.625 76.625 -0.79033
17.625 76.875 -0.27265
17.625 77.125 -0.21841
17.625 77.375 -0.59719
17.625 77.625 -1.1982
17.625 77.875 -0.77308
17.625 78.125 -0.22584
17.625 78.375 -0.18218
17.625 78.625 -0.34838
17.625 78.875 -0.61232
17.625 79.125 -0.41479
17.625 79.375 -0.68462
17.625 79.625 -0.90903
17.625 79.875 -0.25144
17.625 80.125 -6.3694e-05
17.625 80.375 -0.87298
17.625 80.625 -1.2764
17.625 80.875 -1.0442
17.625 81.125 -0.87407
17.625 81.375 -0.29899
17.625 81.625 -1.3445
17.625 81.875 -1.147
17.625 82.125 -0.88211
17.625 82.375 -1.1777
17.625 82.625 -1.6189
17.625 82.875 -1.6365
17.625 83.125 -1.6889
17.875 73.375 0.5824
17.875 73.625 -1.753
17.875 73.875 -0.53439
17.875 74.125 -1.718
17.875 74.375 -0.57538
17.875 74.625 -1.5529
17.875 74.875 -0.79681
17.875 75.125 -1.8379
17.875 75.375 -1.7347
17.875 75.625 -1.1873
17.875 75.875 -1.4068
17.875 76.125 -1.3787
17.875 76.375 -1.4881
17.875 76.625 -1.1495
17.875 76.875 -0.6134
17.875 77.125 0.23065
17.875 77.375 -0.034461
17.875 77.625 0.19993
17.875 77.875 0.40624
17.875 78.125 0.6508
17.875 78.375 0.60839
17.875 78.625 0.3709
17.875 78.875 -0.3721
17.875 79.125 -0.62337
17.875 79.375 -0.84517
17.875 79.625 -0.80484
17.875 79.875 -0.30025
17.875 80.125 -0.841
17.875 80.375 -1.3716
17.875 80.625 -1.1915
17.875 80.875 -0.75836
17.875 81.125 -0.64893
17.875 81.375 0.31526
17.875 81.625 -0.54738
17.875 81.875 -1.4176
17.875 82.125 -1.7451
17.875 82.375 -1.8266
17.875 82.625 -1.2533
17.875 82.875 -0.89833
17.875 83.125 -1.2384
17.875 83.375 -1.0712
NaN NaN NaN
18.125 73.375 -1.6241
18.125 73.625 0.14714
18.125 73.875 0.79535
18.125 74.125 -0.54621
18.125 74.375 0.064422
18.125 74.625 -0.83018
18.125 74.875 -0.40527
18.125 75.125 -1.3153
18.125 75.375 -1.4865
18.125 75.625 -1.2082
18.125 75.875 -1.5757
18.125 76.125 -0.74907
18.125 76.375 -0.91004
18.125 76.625 -1.0462
18.125 76.875 -0.37952
18.125 77.125 1.3002
18.125 77.375 0.53961
18.125 77.625 0.92437
18.125 77.875 0.75758
18.125 78.125 1.1091
18.125 78.375 0.60995
18.125 78.625 0.34246
18.125 78.875 0.32643
18.125 79.125 -0.37637
18.125 79.375 -0.73241
18.125 79.625 0.091251
18.125 79.875 -0.27487
18.125 80.125 -0.57977
18.125 80.375 -1.5525
18.125 80.625 -1.4248
18.125 80.875 -0.43538
18.125 81.125 -0.87856
18.125 81.375 0.20107
18.125 81.625 0.23606
18.125 81.875 0.37945
18.125 82.125 -1.2619
18.125 82.375 -1.6112
18.125 82.625 -1.4093
18.125 82.875 -1.2498
18.125 83.125 -0.31895
18.125 83.375 -0.45942
18.125 83.625 -0.90768
18.375 73.125 -0.79971
18.375 73.375 -0.50177
18.375 73.625 0.19269
18.375 73.875 0.71715
18.375 74.125 -0.47524
18.375 74.375 -0.28887
18.375 74.625 -1.6326
18.375 74.875 -2.0865
18.375 75.125 -0.94341
18.375 75.375 0.57593
18.375 75.625 -0.35613
18.375 75.875 -1.3191
18.375 76.125 -0.77446
18.375 76.375 -0.88443
18.375 76.625 -0.55507
18.375 76.875 0.14419
18.375 77.125 0.089608
18.375 77.375 0.17974
18.375 77.625 0.2146
18.375 77.875 0.3551
18.375 78.125 0.86418
18.375 78.375 1.1569
18.375 78.625 0.20863
18.375 78.875 -0.72602
18.375 79.125 -0.10916
18.375 79.375 0.029075
18.375 79.625 0.092718
18.375 79.875 -0.3006
18.375 80.125 -0.2752
18.375 80.375 0.17233
18.375 80.625 0.11973
18.375 80.875 -0.77114
18.375 81.125 -0.45376
18.375 81.375 0.1183
18.375 81.625 0.0097353
18.375 81.875 -0.01223
18.375 82.125 0.09158
18.375 82.375 0.10584
18.375 82.625 -0.70921
18.375 82.875 -2.1038
18.375 83.125 -0.64998
18.375 83.375 -0.87089
18.375 83.625 -1.7269
18.375 83.875 -1.4512
18.625 73.125 0.13638
18.625 73.375 0.58405
18.625 73.625 0.48987
18.625 73.875 1.2278
18.625 74.125 -0.83833
18.625 74.375 -0.068053
18.625 74.625 -1.165
18.625 74.875 -1.4096
18.625 75.125 -1.6248
18.625 75.375 -0.91725
18.625 75.625 -0.8021
18.625 75.875 -0.92327
18.625 76.125 -1.0649
18.625 76.375 -0.4474
18.625 76.625 0.54448
18.625 76.875 0.26235
18.625 77.125 -0.07192
18.625 77.375 -0.18379
18.625 77.625 0.3805
18.625 77.875 0.5326
18.625 78.125 0.19845
18.625 78.375 0.014688
18.625 78.625 -0.59556
18.625 78.875 0.16872
18.625 79.125 0.26604
18.625 79.375 -0.24941
18.625 79.625 -0.55631
18.625 79.875 -0.20845
18.625 80.125 -0.084129
18.625 80.375 0.79278
18.625 80.625 0.82705
18.625 80.875 -0.3312
18.625 81.125 -0.51506
18.625 81.375 -0.74046
18.625 81.625 -0.68631
18.625 81.875 -0.26932
18.625 82.125 0.19967
18.625 82.375 0.47208
18.625 82.625 0.48467
18.625 82.875 -0.96738
18.625 83.125 -1.3865
18.625 83.375 -1.4604
18.625 83.625 -0.055884
18.625 83.875 -1.1586
18.625 84.125 -1.5426
18.875 73.125 0.78928
18.875 73.375 -0.18018
18.875 73.625 0.82047
18.875 73.875 1.5064
18.875 74.125 -1.5089
18.875 74.375 -1.0606
18.875 74.625 -0.92798
18.875 74.875 -1.2376
18.875 75.125 -1.5553
18.875 75.375 -1.1965
18.875 75.625 -1.184
18.875 75.875 -1.2323
18.875 76.125 -0.5089
18.875 76.375 -0.17145
18.875 76.625 -0.066994
18.875 76.875 0.23014
18.875 77.125 0.094157
18.875 77.375 -0.58803
18.875 77.625 0.25488
18.875 77.875 0.63763
18.875 78.125 0.43874
18.875 78.375 -2.2033
18.875 78.625 0.22547
18.875 78.875 0.57928
18.875 79.125 0.11879
18.875 79.375 -0.21173
18.875 79.625 -0.44791
18.875 79.875 -0.43337
18.875 80.125 -0.51902
18.875 80.375 0.3256
18.875 80.625 0.51379
18.875 80.875 0.67442
18.875 81.125 0.43649
18.875 81.375 -0.28174
18.875 81.625 -1.1906
18.875 81.875 -0.24683
18.875 82.125 0.28326
18.875 82.375 0.6304
18.875 82.625 -0.6003
18.875 82.875 -0.51897
18.875 83.125 -1.7149
18.875 83.375 0.018428
18.875 83.625 0.12729
18.875 83.875 0.12894
18.875 84.125 -0.84845
18.875 84.375 -0.92627
19.125 73.125 -0.4042
19.125 73.375 -0.13067
19.125 73.625 0.042568
19.125 73.875 0.41416
19.125 74.125 -0.88014
19.125 74.375 -0.60669
19.125 74.625 -0.99198
19.125 74.875 -1.4009
19.125 75.125 -1.1852
19.125 75.375 -0.91761
19.125 75.625 -1.0464
19.125 75.875 -0.83875
19.125 76.125 -0.30277
19.125 76.375 -0.30497
19.125 76.625 -0.082753
19.125 76.875 -0.22678
19.125 77.125 0.028917
19.125 77.375 0.10845
19.125 77.625 -0.24322
19.125 77.875 -0.30055
19.125 78.125 -0.93091
19.125 78.375 -1.0375
19.125 78.625 -0.37872
19.125 78.875 0.0043482
19.125 79.125 0.050886
19.125 79.375 0.21279
19.125 79.625 0.1455
19.125 79.875 -0.25539
19.125 80.125 -0.55438
19.125 80.375 -0.21552
19.125 80.625 1.0452
19.125 80.875 1.0644
19.125 81.125 0.80643
19.125 81.375 -0.34969
19.125 81.625 -0.91541
19.125 81.875 -1.5997
19.125 82.125 0.51813
19.125 82.375 0.32981
19.125 82.625 -0.57735
19.125 82.875 0.46929
19.125 83.125 -0.4423
19.125 83.375 0.29088
19.125 83.625 0.27671
19.125 83.875 -0.43934
19.125 84.125 -0.42
19.125 84.375 -0.63821
19.125 84.625 0.11783
19.375 72.875 -0.18539
19.375 73.125 -1.3404
19.375 73.375 -0.010459
19.375 73.625 0.25719
19.375 73.875 -0.1283
19.375 74.125 0.09374
19.375 74.375 -0.32841
19.375 74.625 -0.31433
19.375 74.875 -1.2939
19.375 75.125 -0.71859
19.375 75.375 -0.43872
19.375 75.625 -1.1039
19.375 75.875 -1.4611
19.375 76.125 -1.0421
19.375 76.375 -1.0594
19.375 76.625 -1.0429
19.375 76.875 -0.92299
19.375 77.125 -0.52646
19.375 77.375 -1.2747
19.375 77.625 -0.83698
19.375 77.875 0.13226
19.375 78.125 -0.19453
19.375 78.375 -0.69915
19.375 78.625 -0.59642
19.375 78.875 0.040583
19.375 79.125 0.2171
19.375 79.375 0.20355
19.375 79.625 -0.049788
19.375 79.875 -0.521
19.375 80.125 -0.068634
19.375 80.375 0.25065
19.375 80.625 0.60109
19.375 80.875 0.87388
19.375 81.125 0.18241
19.375 81.375 -0.31844
19.375 81.625 -0.42592
19.375 81.875 -0.47498
19.375 82.125 -0.25018
19.375 82.375 -0.013075
19.375 82.625 -0.31833
19.375 82.875 0.24903
19.375 83.125 -0.36316
19.375 83.375 0.13134
19.375 83.625 0.0090163
19.375 83.875 -1.8906
19.375 84.125 -0.14806
19.375 84.375 0.42503
19.375 84.625 0.4496
19.375 84.875 0.60393
19.625 72.875 -0.21633
19.625 73.125 0.37498
19.625 73.375 0.36372
19.625 73.625 0.33279
19.625 73.875 0.29834
19.625 74.125 -0.024872
19.625 74.375 0.023158
19.625 74.625 -0.62274
19.625 74.875 -0.72695
19.625 75.125 -0.6861
19.625 75.375 -0.68405
19.625 75.625 -1.026
19.625 75.875 -0.93538
19.625 76.125 -1.0758
19.625 76.375 -0.9023
19.625 76.625 -1.3508
19.625 76.875 -1.6315
19.625 77.125 -0.93102
19.625 77.375 -0.36773
19.625 77.625 0.067275
19.625 77.875 -0.02092
19.625 78.125 -0.53745
19.625 78.375 -0.67257
19.625 78.625 -0.4282
19.625 78.875 -0.35397
19.625 79.125 -0.69338
19.625 79.375 -1.2034
19.625 79.625 -0.94642
19.625 79.875 -0.72281
19.625 80.125 -0.58293
19.625 80.375 -0.64709
19.625 80.625 0.15738
19.625 80.875 0.66357
19.625 81.125 0.21469
19.625 81.375 -0.67131
19.625 81.625 -0.40415
19.625 81.875 -0.22919
19.625 82.125 -0.58646
19.625 82.375 0.017052
19.625 82.625 0.104
19.625 82.875 -0.39307
19.625 83.125 -0.37939
19.625 83.375 0.76874
19.625 83.625 0.55003
19.625 83.875 0.71427
19.625 84.125 0.7107
19.625 84.375 0.48907
19.625 84.625 0.93394
19.625 84.875 0.39707
19.625 85.125 -0.33391
19.625 85.375 1.0071
19.875 72.875 0.45593
19.875 73.125 0.35677
19.875 73.375 0.27912
19.875 73.625 0.70094
19.875 73.875 0.43688
19.875 74.125 0.25851
19.875 74.375 0.38581
19.875 74.625 0.077178
19.875 74.875 0.54552
19.875 75.125 -0.55549
19.875 75.375 -0.83307
19.875 75.625 -0.50933
19.875 75.875 0.23609
19.875 76.125 -0.3158
19.875 76.375 -0.26724
19.875 76.625 -1.0961
19.875 76.875 -0.6951
19.875 77.125 -0.51709
19.875 77.375 -0.17876
19.875 77.625 0.016076
19.875 77.875 -0.12054
19.875 78.125 -0.56235
19.875 78.375 -0.79137
19.875 78.625 -0.89619
19.875 78.875 -0.34637
19.875 79.125 -0.44721
19.875 79.375 -1.7303
19.875 79.625 -1.4354
19.875 79.875 -0.99838
19.875 80.125 -1.2651
19.875 80.375 -1.5212
19.875 80.625 -0.64155
19.875 80.875 -0.11201
19.875 81.125 -0.2525
19.875 81.375 -1.568
19.875 81.625 -0.54535
19.875 81.875 0.78536
19.875 82.125 -0.19404
19.875 82.375 -0.08872
19.875 82.625 -0.030192
19.875 82.875 -0.12769
19.875 83.125 0.4701
19.875 83.375 0.77603
19.875 83.625 0.59378
19.875 83.875 0.19758
19.875 84.125 0.10385
19.875 84.375 0.20879
19.875 84.625 0.43045
19.875 84.875 -0.17818
19.875 85.125 -0.51323
19.875 85.375 0.48052
NaN NaN NaN
NaN NaN NaN
NaN NaN NaN
20.125 72.875 0.53659
20.125 73.125 0.52179
20.125 73.375 -0.44291
20.125 73.625 1.1445
20.125 73.875 1.0007
20.125 74.125 1.9432
20.125 74.375 0.75806
20.125 74.625 0.64907
20.125 74.875 0.72471
20.125 75.125 0.24235
20.125 75.375 -0.076843
20.125 75.625 -0.46069
20.125 75.875 -0.65431
20.125 76.125 -0.85459
20.125 76.375 -0.97795
20.125 76.625 -0.87855
20.125 76.875 -0.783
20.125 77.125 -1.0751
20.125 77.375 -0.065701
20.125 77.625 0.47246
20.125 77.875 -0.99836
20.125 78.125 -0.93726
20.125 78.375 -1.1247
20.125 78.625 -1.0128
20.125 78.875 -0.80354
20.125 79.125 -1.2126
20.125 79.375 -1.4296
20.125 79.625 -0.70175
20.125 79.875 -0.39109
20.125 80.125 -0.80681
20.125 80.375 -1.3
20.125 80.625 -0.95725
20.125 80.875 -0.82904
20.125 81.125 -1.023
20.125 81.375 -0.39402
20.125 81.625 0.47277
20.125 81.875 1.2047
20.125 82.125 1.2514
20.125 82.375 0.13274
20.125 82.625 0.70808
20.125 82.875 0.61795
20.125 83.125 0.46644
20.125 83.375 0.3149
20.125 83.625 0.70807
20.125 83.875 1.3565
20.125 84.125 1.7864
20.125 84.375 0.41255
20.125 84.625 1.27
20.125 84.875 0.70819
20.125 85.125 1.173
20.125 85.375 0.52565
20.125 85.625 0.50363
20.125 85.875 -0.11905
20.125 86.125 0.80558
NaN NaN NaN
20.375 73.125 1.8952
20.375 73.375 0.68842
20.375 73.625 0.72503
20.375 73.875 -0.024211
20.375 74.125 0.48765
20.375 74.375 0.22392
20.375 74.625 -0.0082319
20.375 74.875 0.45986
20.375 75.125 0.94552
20.375 75.375 1.7525
20.375 75.625 0.43466
20.375 75.875 -0.10978
20.375 76.125 -0.34474
20.375 76.375 -0.73192
20.375 76.625 -1.2921
20.375 76.875 -1.4865
20.375 77.125 -1.5596
20.375 77.375 -0.33851
20.375 77.625 0.91147
20.375 77.875 -1.0299
20.375 78.125 -1.1996
20.375 78.375 -1.194
20.375 78.625 -1.2491
20.375 78.875 -1.2436
20.375 79.125 -0.94483
20.375 79.375 -0.85695
20.375 79.625 -1.0379
20.375 79.875 -0.96176
20.375 80.125 -0.62531
20.375 80.375 -1.1927
20.375 80.625 -0.65152
20.375 80.875 -0.30851
20.375 81.125 -0.45534
20.375 81.375 -0.36907
20.375 81.625 0.45015
20.375 81.875 1.2881
20.375 82.125 1.7069
20.375 82.375 1.7915
20.375 82.625 1.7603
20.375 82.875 0.94861
20.375 83.125 0.60307
20.375 83.375 0.65111
20.375 83.625 0.90485
20.375 83.875 0.70295
20.375 84.125 1.4894
20.375 84.375 -0.86848
20.375 84.625 0.36085
20.375 84.875 1.2545
20.375 85.125 0.96933
20.375 85.375 0.8178
20.375 85.625 1.8844
20.375 85.875 1.3624
20.375 86.125 1.3158
20.375 86.375 1.063
NaN NaN NaN
20.625 73.125 1.4693
20.625 73.375 1.5467
20.625 73.625 1.8158
20.625 73.875 1.547
20.625 74.125 1.239
20.625 74.375 0.5507
20.625 74.625 1.4718
20.625 74.875 1.1893
20.625 75.125 -0.068327
20.625 75.375 0.53994
20.625 75.625 0.16516
20.625 75.875 -0.86008
20.625 76.125 0.33185
20.625 76.375 -0.4165
20.625 76.625 -1.4109
20.625 76.875 -1.5555
20.625 77.125 -1.3202
20.625 77.375 -0.88317
20.625 77.625 -0.00099214
20.625 77.875 -0.77844
20.625 78.125 -0.23589
20.625 78.375 -0.75727
20.625 78.625 -1.1429
20.625 78.875 -1.5933
20.625 79.125 -1.53
20.625 79.375 -1.4145
20.625 79.625 -0.57398
20.625 79.875 -0.68471
20.625 80.125 -0.49019
20.625 80.375 -0.81633
20.625 80.625 0.039705
20.625 80.875 -0.19814
20.625 81.125 0.066605
20.625 81.375 0.63989
20.625 81.625 0.74484
20.625 81.875 1.6644
20.625 82.125 1.4229
20.625 82.375 1.767
20.625 82.625 1.7163
20.625 82.875 1.2682
20.625 83.125 0.74447
20.625 83.375 0.72886
20.625 83.625 1.2134
20.625 83.875 0.93188
20.625 84.125 0.96436
20.625 84.375 1.0363
20.625 84.625 0.87012
20.625 84.875 0.71675
20.625 85.125 1.6156
20.625 85.375 1.4172
20.625 85.625 0.44858
20.625 85.875 0.98492
20.625 86.125 1.268
20.625 86.375 1.5731
20.625 86.625 1.4614
NaN NaN NaN
20.875 70.625 0.41953
20.875 70.875 0.62631
20.875 71.125 0.56336
20.875 71.375 1.3452
20.875 72.875 1.5859
20.875 73.125 1.4045
20.875 73.375 0.96195
20.875 73.625 1.6291
20.875 73.875 2.1772
20.875 74.125 1.5535
20.875 74.375 1.05
20.875 74.625 1.5475
20.875 74.875 1.287
20.875 75.125 -0.88266
20.875 75.375 -0.7855
20.875 75.625 -0.61202
20.875 75.875 -0.34345
20.875 76.125 0.22936
20.875 76.375 -0.822
20.875 76.625 -0.74413
20.875 76.875 -1.3202
20.875 77.125 -1.9379
20.875 77.375 -1.3814
20.875 77.625 -1.1616
20.875 77.875 -1.1584
20.875 78.125 -1.0819
20.875 78.375 -0.79284
20.875 78.625 -1.5055
20.875 78.875 -1.5616
20.875 79.125 -2.0991
20.875 79.375 -1.4982
20.875 79.625 -0.81072
20.875 79.875 -0.22507
20.875 80.125 -0.1904
20.875 80.375 -0.91103
20.875 80.625 0.28293
20.875 80.875 0.57508
20.875 81.125 0.28874
20.875 81.375 -0.43812
20.875 81.625 0.99385
20.875 81.875 1.1556
20.875 82.125 0.85613
20.875 82.375 1.8379
20.875 82.625 1.625
20.875 82.875 1.202
20.875 83.125 0.98528
20.875 83.375 0.47315
20.875 83.625 1.0782
20.875 83.875 1.3411
20.875 84.125 0.53402
20.875 84.375 1.2396
20.875 84.625 1.0558
20.875 84.875 1.0299
20.875 85.125 1.8726
20.875 85.375 1.1681
20.875 85.625 1.5654
20.875 85.875 1.7486
20.875 86.125 1.5016
20.875 86.375 1.5676
20.875 86.625 1.544
21.125 70.375 0.30004
21.125 70.625 0.52952
21.125 70.875 0.23194
21.125 71.125 0.97793
21.125 71.375 1.2412
NaN NaN NaN
NaN NaN NaN
21.125 72.875 -0.36926
21.125 73.125 0.38385
21.125 73.375 1.1474
21.125 73.625 -0.31381
21.125 73.875 0.089789
21.125 74.125 0.24426
21.125 74.375 -0.015825
21.125 74.625 0.066875
21.125 74.875 0.46654
21.125 75.125 -0.29154
21.125 75.375 -0.75749
21.125 75.625 1.299
21.125 75.875 1.2942
21.125 76.125 1.1722
21.125 76.375 -0.41189
21.125 76.625 -0.7601
21.125 76.875 -1.2879
21.125 77.125 -1.1191
21.125 77.375 -1.0491
21.125 77.625 -1.1657
21.125 77.875 -0.93479
21.125 78.125 -1.7357
21.125 78.375 -1.6503
21.125 78.625 -1.5469
21.125 78.875 -1.3771
21.125 79.125 -1.4225
21.125 79.375 -1.7701
21.125 79.625 0.084364
21.125 79.875 0.17894
21.125 80.125 0.066145
21.125 80.375 -1.0972
21.125 80.625 -0.6053
21.125 80.875 -0.17609
21.125 81.125 -0.24624
21.125 81.375 1.6668
21.125 81.625 0.45172
21.125 81.875 0.96123
21.125 82.125 0.91222
21.125 82.375 1.006
21.125 82.625 1.1651
21.125 82.875 0.78452
21.125 83.125 0.73925
21.125 83.375 0.8854
21.125 83.625 1.2526
21.125 83.875 1.5488
21.125 84.125 1.3755
21.125 84.375 1.4526
21.125 84.625 1.9289
21.125 84.875 1.5392
21.125 85.125 1.7746
21.125 85.375 1.3515
21.125 85.625 1.5783
21.125 85.875 1.8121
21.125 86.125 1.4115
21.125 86.375 1.3496
21.125 86.625 1.4948
21.375 70.125 -0.6555
21.375 70.375 -0.62272
21.375 70.625 0.7534
21.375 70.875 0.65796
21.375 71.125 0.54166
21.375 71.375 0.24542
21.375 71.625 -0.061354
21.375 71.875 0.20208
21.375 72.875 1.3767
21.375 73.125 1.9708
21.375 73.375 2.0312
21.375 73.625 0.85862
21.375 73.875 -0.22228
21.375 74.125 -0.21572
21.375 74.375 -0.5476
21.375 74.625 -0.12508
21.375 74.875 1.2086
21.375 75.125 0.97034
21.375 75.375 0.46171
21.375 75.625 1.5664
21.375 75.875 1.3808
21.375 76.125 1.2863
21.375 76.375 -0.44607
21.375 76.625 -0.78432
21.375 76.875 -1.1118
21.375 77.125 -1.1201
21.375 77.375 -0.58843
21.375 77.625 -1.0972
21.375 77.875 -1.3612
21.375 78.125 -1.0578
21.375 78.375 -1.3228
21.375 78.625 -1.2424
21.375 78.875 -1.0213
21.375 79.125 -1.3289
21.375 79.375 -0.66225
21.375 79.625 -0.6808
21.375 79.875 -0.76262
21.375 80.125 -1.0947
21.375 80.375 -1.3148
21.375 80.625 -1.5117
21.375 80.875 -1.849
21.375 81.125 -0.97389
21.375 81.375 0.94595
21.375 81.625 0.71832
21.375 81.875 1.2876
21.375 82.125 1.0852
21.375 82.375 0.7609
21.375 82.625 0.59026
21.375 82.875 0.52167
21.375 83.125 0.47584
21.375 83.375 1.1548
21.375 83.625 1.2016
21.375 83.875 1.453
21.375 84.125 1.6708
21.375 84.375 1.4949
21.375 84.625 1.6624
21.375 84.875 1.6416
21.375 85.125 1.4364
21.375 85.375 1.4005
21.375 85.625 0.85259
21.375 85.875 1.1117
21.375 86.125 1.3931
21.375 86.375 1.7195
21.375 86.625 1.4286
21.375 86.875 1.5225
21.625 69.875 -0.56866
21.625 70.125 -1.0887
21.625 70.375 -0.05593
21.625 70.625 0.092299
21.625 70.875 0.80556
21.625 71.125 0.11953
21.625 71.375 0.67871
21.625 71.625 0.6625
21.625 71.875 5.0126e-05
21.625 72.125 -0.091397
21.625 72.875 1.3705
21.625 73.125 1.7644
21.625 73.375 1.176
21.625 73.625 0.026612
21.625 73.875 -0.6924
21.625 74.125 -0.091329
21.625 74.375 -0.50034
21.625 74.625 -0.11673
21.625 74.875 0.7936
21.625 75.125 1.1513
21.625 75.375 1.3273
21.625 75.625 1.07
21.625 75.875 0.62915
21.625 76.125 0.71904
21.625 76.375 -0.47139
21.625 76.625 -1.0179
21.625 76.875 -0.96564
21.625 77.125 -0.47615
21.625 77.375 -0.11889
21.625 77.625 -1.5202
21.625 77.875 -0.25926
21.625 78.125 -0.14224
21.625 78.375 -1.1006
21.625 78.625 -1.468
21.625 78.875 -1.4643
21.625 79.125 -1.9182
21.625 79.375 -1.5236
21.625 79.625 -0.16974
21.625 79.875 -0.62912
21.625 80.125 -0.69839
21.625 80.375 -0.68269
21.625 80.625 -2.0457
21.625 80.875 -1.4459
21.625 81.125 -1.7255
21.625 81.375 -0.33682
21.625 81.625 0.47012
21.625 81.875 0.84698
21.625 82.125 0.81081
21.625 82.375 0.98215
21.625 82.625 0.54974
21.625 82.875 -0.13948
21.625 83.125 0.354
21.625 83.375 0.20679
21.625 83.625 1.087
21.625 83.875 1.3008
21.625 84.125 1.695
21.625 84.375 1.7374
21.625 84.625 1.7543
21.625 84.875 1.5818
21.625 85.125 1.3457
21.625 85.375 1.3987
21.625 85.625 1.4414
21.625 85.875 1.3298
21.625 86.125 1.6678
21.625 86.375 1.6893
21.625 86.625 0.96943
21.625 86.875 1.1487
21.625 87.125 1.237
NaN NaN NaN
NaN NaN NaN
21.875 69.625 -1.2073
21.875 69.875 -0.46275
21.875 70.125 -0.45656
21.875 70.375 0.62212
21.875 70.625 0.10189
21.875 70.875 -0.28611
21.875 71.125 -0.48279
21.875 71.375 0.37453
21.875 71.625 0.65476
21.875 71.875 0.044219
21.875 72.125 0.56663
NaN NaN NaN
21.875 72.875 -0.86141
21.875 73.125 1.1855
21.875 73.375 0.49365
21.875 73.625 0.066388
21.875 73.875 -0.93818
21.875 74.125 -1.5017
21.875 74.375 -1.1203
21.875 74.625 -0.32777
21.875 74.875 0.72234
21.875 75.125 1.478
21.875 75.375 1.4692
21.875 75.625 1.6035
21.875 75.875 0.63082
21.875 76.125 0.54904
21.875 76.375 -0.27335
21.875 76.625 -0.67367
21.875 76.875 -0.59818
21.875 77.125 -0.30085
21.875 77.375 -0.067129
21.875 77.625 -1.1277
21.875 77.875 -1.1424
21.875 78.125 -0.80485
21.875 78.375 -0.64353
21.875 78.625 -0.90518
21.875 78.875 -0.3549
21.875 79.125 -0.91021
21.875 79.375 -1.0066
21.875 79.625 -0.11328
21.875 79.875 -0.32701
21.875 80.125 0.23504
21.875 80.375 0.39443
21.875 80.625 -0.023529
21.875 80.875 -1.6164
21.875 81.125 -1.0053
21.875 81.375 0.48284
21.875 81.625 0.86687
21.875 81.875 0.56564
21.875 82.125 0.63628
21.875 82.375 -0.18492
21.875 82.625 -0.067126
21.875 82.875 -0.41244
21.875 83.125 0.4069
21.875 83.375 0.34005
21.875 83.625 0.33317
21.875 83.875 1.4166
21.875 84.125 1.5974
21.875 84.375 2.1072
21.875 84.625 1.8184
21.875 84.875 1.8301
21.875 85.125 2.048
21.875 85.375 1.8585
21.875 85.625 1.4816
21.875 85.875 1.4996
21.875 86.125 1.6179
21.875 86.375 1.7483
21.875 86.625 0.96767
21.875 86.875 1.094
21.875 87.125 1.3893
21.875 87.375 1.0904
21.875 87.625 1.5915
21.875 87.875 1.6074
21.875 88.375 1.1189
NaN NaN NaN
NaN NaN NaN
22.125 69.125 -1.1683
22.125 69.375 -1.2231
22.125 69.625 -0.99405
22.125 69.875 -0.72699
22.125 70.125 -0.50864
22.125 70.375 0.24901
22.125 70.625 0.39164
22.125 70.875 0.23275
22.125 71.125 -1.1892
22.125 71.375 0.74002
22.125 71.625 1.075
22.125 71.875 0.51866
22.125 72.125 0.90026
NaN NaN NaN
22.125 72.875 -0.64741
22.125 73.125 -0.9492
22.125 73.375 -0.3284
22.125 73.625 -0.0561
22.125 73.875 -0.60823
22.125 74.125 -0.66265
22.125 74.375 -1.5067
22.125 74.625 -1.4112
22.125 74.875 -0.022064
22.125 75.125 0.99372
22.125 75.375 -0.32433
22.125 75.625 0.3614
22.125 75.875 0.92993
22.125 76.125 -0.16888
22.125 76.375 -0.51667
22.125 76.625 -0.38451
22.125 76.875 -0.48241
22.125 77.125 -0.35719
22.125 77.375 -0.7705
22.125 77.625 -1.445
22.125 77.875 -0.93635
22.125 78.125 -1.0131
22.125 78.375 -1.2897
22.125 78.625 -0.95374
22.125 78.875 -0.23427
22.125 79.125 -0.87244
22.125 79.375 -1.1827
22.125 79.625 -0.41502
22.125 79.875 0.07702
22.125 80.125 0.65234
22.125 80.375 0.21393
22.125 80.625 0.64308
22.125 80.875 -0.78848
22.125 81.125 -1.2356
22.125 81.375 1.3799
22.125 81.625 -0.13104
22.125 81.875 0.75729
22.125 82.125 0.8568
22.125 82.375 1.1942
22.125 82.625 -0.31889
22.125 82.875 -0.92777
22.125 83.125 0.55527
22.125 83.375 0.88527
22.125 83.625 1.1494
22.125 83.875 1.1235
22.125 84.125 1.3863
22.125 84.375 1.8698
22.125 84.625 2.0254
22.125 84.875 2.0978
22.125 85.125 1.836
22.125 85.375 1.6218
22.125 85.625 0.55454
22.125 85.875 0.68939
22.125 86.125 1.545
22.125 86.375 1.2294
22.125 86.625 1.3393
22.125 86.875 1.3365
22.125 87.125 1.367
22.125 87.375 0.47135
22.125 87.625 0.76729
22.125 87.875 0.96374
22.125 88.125 0.90591
22.125 88.375 1.3059
NaN NaN NaN
22.375 69.125 -0.97899
22.375 69.875 -0.86034
22.375 70.125 -0.75263
22.375 70.375 -0.50404
22.375 70.625 0.67352
22.375 70.875 0.87335
22.375 71.125 0.92186
22.375 71.375 0.92888
22.375 71.625 0.50749
22.375 71.875 1.5143
22.375 72.125 1.4196
NaN NaN NaN
22.375 72.875 -0.64001
22.375 73.125 -0.20737
22.375 73.375 0.072789
22.375 73.625 0.39045
22.375 73.875 -0.57049
22.375 74.125 -1.2368
22.375 74.375 -0.9716
22.375 74.625 -1.4064
22.375 74.875 -1.0237
22.375 75.125 -0.56269
22.375 75.375 0.37734
22.375 75.625 -0.20719
22.375 75.875 0.56898
22.375 76.125 0.69864
22.375 76.375 0.43016
22.375 76.625 1.3478
22.375 76.875 0.051204
22.375 77.125 -0.36732
22.375 77.375 -0.76082
22.375 77.625 -0.79675
22.375 77.875 -0.14254
22.375 78.125 -0.82006
22.375 78.375 -0.86797
22.375 78.625 -1.1255
22.375 78.875 0.018561
22.375 79.125 -0.15774
22.375 79.375 -0.10177
22.375 79.625 0.063836
22.375 79.875 0.41135
22.375 80.125 0.43732
22.375 80.375 0.17518
22.375 80.625 0.82338
22.375 80.875 0.64505
22.375 81.125 0.5342
22.375 81.375 1.9234
22.375 81.625 0.31332
22.375 81.875 0.42537
22.375 82.125 0.11004
22.375 82.375 0.70579
22.375 82.625 -0.87576
22.375 82.875 -1.3998
22.375 83.125 -1.1476
22.375 83.375 -1.6791
22.375 83.625 -1.5978
22.375 83.875 0.67612
22.375 84.125 0.70308
22.375 84.375 1.2115
22.375 84.625 1.8087
22.375 84.875 1.4232
22.375 85.125 0.97193
22.375 85.375 1.2576
22.375 85.625 0.63644
22.375 85.875 0.051751
22.375 86.125 0.89587
22.375 86.375 1.097
22.375 86.625 1.0598
22.375 86.875 1.0146
22.375 87.125 1.5938
22.375 87.375 0.066889
22.375 87.625 -0.060199
22.375 87.875 0.52451
22.375 88.125 -0.62521
22.375 88.375 0.17455
22.375 88.625 0.3453
22.375 88.875 0.30288
NaN NaN NaN
22.625 70.375 0.17944
22.625 70.625 1.1719
22.625 70.875 1.0778
22.625 71.125 1.1082
22.625 71.375 0.96205
22.625 71.625 0.29832
22.625 71.875 0.13209
22.625 72.125 0.28771
22.625 72.375 0.70622
22.625 72.625 1.9802
22.625 72.875 -0.36596
22.625 73.125 -0.51019
22.625 73.375 0.12264
22.625 73.625 -0.9788
22.625 73.875 -0.88533
22.625 74.125 -0.50553
22.625 74.375 0.30704
22.625 74.625 -0.77187
22.625 74.875 -1.0392
22.625 75.125 -0.36539
22.625 75.375 0.13235
22.625 75.625 -0.69535
22.625 75.875 0.21451
22.625 76.125 0.44819
22.625 76.375 0.095123
22.625 76.625 1.2561
22.625 76.875 0.53177
22.625 77.125 -0.20637
22.625 77.375 -0.58201
22.625 77.625 -0.47511
22.625 77.875 0.34817
22.625 78.125 0.050935
22.625 78.375 -0.39669
22.625 78.625 -0.14635
22.625 78.875 0.33108
22.625 79.125 0.33927
22.625 79.375 0.051414
22.625 79.625 -0.13723
22.625 79.875 0.59029
22.625 80.125 0.29504
22.625 80.375 -0.48353
22.625 80.625 -0.11909
22.625 80.875 0.27114
22.625 81.125 1.3799
22.625 81.375 1.4252
22.625 81.625 0.93133
22.625 81.875 0.3662
22.625 82.125 -0.0016308
22.625 82.375 -0.90573
22.625 82.625 -1.65
22.625 82.875 -1.9399
22.625 83.125 -2.1754
22.625 83.375 -0.189
22.625 83.625 0.097609
22.625 83.875 -1.6973
22.625 84.125 0.064591
22.625 84.375 0.059319
22.625 84.625 1.2736
22.625 84.875 1.0935
22.625 85.125 0.93018
22.625 85.375 0.96391
22.625 85.625 0.59204
22.625 85.875 0.21137
22.625 86.125 0.37211
22.625 86.375 0.40623
22.625 86.625 0.30481
22.625 86.875 0.97015
22.625 87.125 1.3681
22.625 87.375 0.81399
22.625 87.625 0.88233
22.625 87.875 0.079777
22.625 88.125 0.9356
22.625 88.375 0.00014097
22.625 88.625 0.064579
22.625 88.875 0.12581
22.625 92.625 0.043633
22.625 92.875 NaN
NaN NaN NaN
NaN NaN NaN
NaN NaN NaN
22.875 70.625 1.2815
22.875 70.875 1.2361
22.875 71.125 0.74467
22.875 71.375 0.32253
22.875 71.625 0.26323
22.875 71.875 0.50545
22.875 72.125 -0.54079
22.875 72.375 0.36617
22.875 72.625 0.76204
22.875 72.875 0.081134
22.875 73.125 0.77835
22.875 73.375 0.64326
22.875 73.625 -0.73321
22.875 73.875 -1.132
22.875 74.125 -0.53309
22.875 74.375 -0.41072
22.875 74.625 -0.84442
22.875 74.875 -0.32894
22.875 75.125 0.023268
22.875 75.375 0.88868
22.875 75.625 0.31826
22.875 75.875 -0.43279
22.875 76.125 -0.35724
22.875 76.375 -0.044964
22.875 76.625 0.062408
22.875 76.875 -0.56194
22.875 77.125 -0.062822
22.875 77.375 -0.92758
22.875 77.625 -0.65183
22.875 77.875 -0.046104
22.875 78.125 0.19517
22.875 78.375 -0.11408
22.875 78.625 -0.080967
22.875 78.875 0.42017
22.875 79.125 0.21785
22.875 79.375 -0.73153
22.875 79.625 -1.5544
22.875 79.875 0.89425
22.875 80.125 0.3346
22.875 80.375 -0.04521
22.875 80.625 -0.0095075
22.875 80.875 0.69101
22.875 81.125 1.0846
22.875 81.375 -0.11136
22.875 81.625 -0.0069404
22.875 81.875 0.043093
22.875 82.125 -0.3226
22.875 82.375 -0.26962
22.875 82.625 -1.4388
22.875 82.875 -0.86113
22.875 83.125 -2.1002
22.875 83.375 -0.37085
22.875 83.625 1.006
22.875 83.875 -0.78288
22.875 84.125 -1.2557
22.875 84.375 -0.62907
22.875 84.625 1.4366
22.875 84.875 1.0599
22.875 85.125 0.91606
22.875 85.375 1.494
22.875 85.625 0.40865
22.875 85.875 0.27995
22.875 86.125 0.47214
22.875 86.375 0.39998
22.875 86.625 1.0713
22.875 86.875 1.3782
22.875 87.125 1.799
22.875 87.375 1.5343
22.875 87.625 1.1007
22.875 87.875 -0.59787
22.875 88.125 0.11783
22.875 88.375 0.38214
22.875 88.625 0.33298
22.875 92.625 0.16802
22.875 92.875 0.9214
23.125 68.875 -0.57134
23.125 69.125 -0.25977
23.125 69.375 -0.19888
23.125 69.625 -0.074115
23.125 69.875 -0.32785
23.125 70.125 -0.44715
23.125 70.875 1.7144
23.125 71.125 0.95599
23.125 71.375 0.12769
23.125 71.625 1.0933
23.125 71.875 0.70159
23.125 72.125 0.58299
23.125 72.375 -0.031558
23.125 72.625 0.50459
23.125 72.875 0.318
23.125 73.125 -0.16707
23.125 73.375 0.76447
23.125 73.625 0.49603
23.125 73.875 -1.0946
23.125 74.125 -0.80628
23.125 74.375 -0.56502
23.125 74.625 -0.71908
23.125 74.875 -0.21428
23.125 75.125 0.33513
23.125 75.375 -0.83171
23.125 75.625 -0.31949
23.125 75.875 -0.26346
23.125 76.125 -0.43148
23.125 76.375 -0.27586
23.125 76.625 -0.27464
23.125 76.875 0.41012
23.125 77.125 0.49987
23.125 77.375 -0.30825
23.125 77.625 -0.31886
23.125 77.875 0.090299
23.125 78.125 -0.29759
23.125 78.375 -0.40109
23.125 78.625 -0.8812
23.125 78.875 -0.4679
23.125 79.125 -0.056617
23.125 79.375 -0.085031
23.125 79.625 -1.4314
23.125 79.875 -0.11964
23.125 80.125 0.2542
23.125 80.375 -0.22032
23.125 80.625 0.64944
23.125 80.875 1.2197
23.125 81.125 1.6033
23.125 81.375 1.3473
23.125 81.625 -0.31468
23.125 81.875 0.40782
23.125 82.125 -0.62782
23.125 82.375 -0.77418
23.125 82.625 0.14734
23.125 82.875 -0.97518
23.125 83.125 -1.1582
23.125 83.375 1.7135
23.125 83.625 2.1017
23.125 83.875 1.7226
23.125 84.125 -1.0391
23.125 84.375 -0.96274
23.125 84.625 -1.239
23.125 84.875 -0.63519
23.125 85.125 0.28838
23.125 85.375 1.9708
23.125 85.625 0.50293
23.125 85.875 -1.1576
23.125 86.125 -0.57848
23.125 86.375 0.7215
23.125 86.625 0.99217
23.125 86.875 1.1169
23.125 87.125 1.5737
23.125 87.375 2.2292
23.125 87.625 -0.25958
23.125 87.875 -1.3694
23.125 88.125 -0.8813
23.125 88.375 -0.24469
23.125 88.625 -0.026294
NaN NaN NaN
23.125 92.625 -0.54869
23.125 92.875 -0.52487
NaN NaN NaN
23.375 68.875 -0.37214
23.375 69.125 -0.1554
23.375 69.375 -0.12564
23.375 69.625 -0.040749
23.375 69.875 -0.17852
23.375 70.125 0.35462
23.375 70.375 0.61201
23.375 70.625 0.37795
23.375 70.875 0.26186
23.375 71.125 0.3461
23.375 71.375 0.11823
23.375 71.625 -0.37091
23.375 71.875 0.28804
23.375 72.125 -0.24619
23.375 72.375 -0.020118
23.375 72.625 0.15025
23.375 72.875 0.30137
23.375 73.125 0.09272
23.375 73.375 0.25065
23.375 73.625 -0.00043001
23.375 73.875 -0.32994
23.375 74.125 -0.58677
23.375 74.375 -0.048754
23.375 74.625 -0.032295
23.375 74.875 0.29828
23.375 75.125 0.64072
23.375 75.375 0.8501
23.375 75.625 -0.38152
23.375 75.875 -0.18178
23.375 76.125 1.1574
23.375 76.375 0.18285
23.375 76.625 -0.33156
23.375 76.875 -0.079683
23.375 77.125 -0.093915
23.375 77.375 -0.65048
23.375 77.625 -1.1775
23.375 77.875 0.10203
23.375 78.125 -0.59707
23.375 78.375 -1.0841
23.375 78.625 -0.80243
23.375 78.875 -0.2028
23.375 79.125 -0.45221
23.375 79.375 -0.91903
23.375 79.625 0.74722
23.375 79.875 0.29769
23.375 80.125 -0.65896
23.375 80.375 0.33961
23.375 80.625 1.0178
23.375 80.875 1.3879
23.375 81.125 1.6965
23.375 81.375 1.5749
23.375 81.625 0.7466
23.375 81.875 0.16093
23.375 82.125 -0.16161
23.375 82.375 1.6707
23.375 82.625 0.96345
23.375 82.875 0.30256
23.375 83.125 1.5411
23.375 83.375 1.653
23.375 83.625 1.7941
23.375 83.875 0.92285
23.375 84.125 -1.9519
23.375 84.375 -0.76925
23.375 84.625 -1.1318
23.375 84.875 -0.4043
23.375 85.125 0.068066
23.375 85.375 0.30039
23.375 85.625 0.90034
23.375 85.875 -0.4111
23.375 86.125 -0.39057
23.375 86.375 0.5069
23.375 86.625 0.98267
23.375 86.875 0.27939
23.375 87.125 0.046469
23.375 87.375 -0.57461
23.375 87.625 -1.9931
23.375 87.875 -1.6135
23.375 88.125 -1.0048
23.375 88.375 -0.81309
23.375 88.625 -0.67004
23.375 91.375 -1.1573
23.375 91.625 -0.83089
23.375 92.625 -0.60667
23.375 92.875 -0.6351
23.375 93.125 -1.1784
23.625 68.625 -0.32171
23.625 68.875 -0.26589
23.625 69.125 -0.27212
23.625 69.375 -0.11541
23.625 69.625 -0.54096
23.625 69.875 -0.22231
23.625 70.125 0.90356
23.625 70.375 0.9985
23.625 70.625 0.77693
23.625 70.875 0.50784
23.625 71.125 0.21334
23.625 71.375 1.3183
23.625 71.625 -0.39587
23.625 71.875 -0.60094
23.625 72.125 -0.85756
23.625 72.375 -0.91003
23.625 72.625 -0.30447
23.625 72.875 -0.46862
23.625 73.125 -0.4226
23.625 73.375 -0.63298
23.625 73.625 -0.3776
23.625 73.875 -0.3415
23.625 74.125 0.13675
23.625 74.375 -0.12826
23.625 74.625 0.43569
23.625 74.875 0.14539
23.625 75.125 -0.69742
23.625 75.375 0.22909
23.625 75.625 -0.20293
23.625 75.875 0.66722
23.625 76.125 1.5474
23.625 76.375 1.3965
23.625 76.625 0.082208
23.625 76.875 -0.944
23.625 77.125 -0.23887
23.625 77.375 -0.54768
23.625 77.625 -1.1919
23.625 77.875 -0.55241
23.625 78.125 -0.69067
23.625 78.375 -0.96044
23.625 78.625 -0.3857
23.625 78.875 -0.20615
23.625 79.125 -0.38577
23.625 79.375 -0.25216
23.625 79.625 -0.1773
23.625 79.875 0.8037
23.625 80.125 -0.99482
23.625 80.375 0.11052
23.625 80.625 0.825
23.625 80.875 1.2735
23.625 81.125 1.3859
23.625 81.375 1.3062
23.625 81.625 1.4311
23.625 81.875 0.72902
23.625 82.125 -0.23421
23.625 82.375 0.98383
23.625 82.625 1.5835
23.625 82.875 1.5613
23.625 83.125 1.4595
23.625 83.375 1.3007
23.625 83.625 1.2382
23.625 83.875 0.14867
23.625 84.125 -0.029017
23.625 84.375 0.50799
23.625 84.625 0.77436
23.625 84.875 0.16843
23.625 85.125 -0.76111
23.625 85.375 -0.38149
23.625 85.625 0.47108
23.625 85.875 1.1153
23.625 86.125 -2.4263
23.625 86.375 0.22349
23.625 86.625 1.6278
23.625 86.875 -0.47808
23.625 87.125 -0.20424
23.625 87.375 -1.4376
23.625 87.625 -1.4907
23.625 87.875 -1.7376
23.625 88.125 -1.5812
23.625 88.375 -1.3299
23.625 91.375 -1.2557
23.625 91.625 -1.1139
NaN NaN NaN
23.625 92.375 -1.0917
23.625 92.625 -0.45414
23.625 92.875 -0.84696
23.625 93.125 -1.684
23.875 68.875 -0.28796
23.875 69.125 -0.27562
23.875 69.375 -0.10524
23.875 69.625 -0.053067
23.875 69.875 0.60707
23.875 70.125 0.25059
23.875 70.375 0.78308
23.875 70.625 0.76286
23.875 70.875 0.749
23.875 71.125 0.58537
23.875 71.375 1.1819
23.875 71.625 0.99823
23.875 71.875 0.27263
23.875 72.125 -0.041382
23.875 72.375 -0.39941
23.875 72.625 -0.46268
23.875 72.875 -0.53378
23.875 73.125 -0.32218
23.875 73.375 -0.79
23.875 73.625 -0.38136
23.875 73.875 0.16696
23.875 74.125 0.18609
23.875 74.375 0.12993
23.875 74.625 0.14491
23.875 74.875 0.65729
23.875 75.125 0.067848
23.875 75.375 1.0306
23.875 75.625 0.12857
23.875 75.875 0.63616
23.875 76.125 1.398
23.875 76.375 0.96469
23.875 76.625 0.40116
23.875 76.875 0.70752
23.875 77.125 0.97535
23.875 77.375 0.45695
23.875 77.625 -0.017702
23.875 77.875 0.033734
23.875 78.125 -0.32169
23.875 78.375 -0.78502
23.875 78.625 -0.88083
23.875 78.875 -0.39926
23.875 79.125 -0.27064
23.875 79.375 0.80934
23.875 79.625 -0.037226
23.875 79.875 -0.99466
23.875 80.125 -0.84982
23.875 80.375 -0.91399
23.875 80.625 0.43338
23.875 80.875 1.245
23.875 81.125 0.54284
23.875 81.375 1.1772
23.875 81.625 1.6597
23.875 81.875 1.0221
23.875 82.125 -0.19661
23.875 82.375 0.85928
23.875 82.625 0.96396
23.875 82.875 0.73373
23.875 83.125 -0.19592
23.875 83.375 -0.19689
23.875 83.625 0.39223
23.875 83.875 0.25859
23.875 84.125 -0.36208
23.875 84.375 -0.52254
23.875 84.625 -1.1291
23.875 84.875 -1.1781
23.875 85.125 -1.5022
23.875 85.375 -1.6785
23.875 85.625 -1.0651
23.875 85.875 -1.7365
23.875 86.125 -0.63983
23.875 86.375 -0.080877
23.875 86.625 0.090396
23.875 86.875 -0.34774
23.875 87.125 -0.22534
23.875 87.375 -0.87104
23.875 87.625 -1.7965
23.875 87.875 -1.7159
23.875 88.125 -1.7742
23.875 88.375 -1.7229
23.875 91.375 -1.2815
23.875 91.625 -0.4899
23.875 91.875 -0.25823
23.875 92.125 -0.6484
23.875 92.375 -0.64613
23.875 92.625 -0.30565
23.875 92.875 -1.4702
23.875 93.125 -2.1313
23.875 93.375 -1.7715
24.125 68.875 -0.20666
24.125 69.125 -0.26915
24.125 69.375 -0.052904
24.125 69.625 0.1296
24.125 69.875 0.40222
24.125 70.125 0.27389
24.125 70.375 0.34993
24.125 70.625 0.46227
24.125 70.875 0.30498
24.125 71.125 0.31842
24.125 71.375 0.27376
24.125 71.625 0.061782
24.125 71.875 0.029718
24.125 72.125 0.13441
24.125 72.375 -0.035386
24.125 72.625 -0.011852
24.125 72.875 -0.072781
24.125 73.125 -0.20304
24.125 73.375 -0.65491
24.125 73.625 -0.077206
24.125 73.875 0.34454
24.125 74.125 -0.12651
24.125 74.375 -0.23761
24.125 74.625 0.17465
24.125 74.875 -0.087745
24.125 75.125 -0.89927
24.125 75.375 0.99949
24.125 75.625 0.84076
24.125 75.875 0.47467
24.125 76.125 0.022271
24.125 76.375 0.47944
24.125 76.625 0.51833
24.125 76.875 1.1897
24.125 77.125 0.7169
24.125 77.375 0.56612
24.125 77.625 0.11806
24.125 77.875 0.26591
24.125 78.125 0.015946
24.125 78.375 -0.23325
24.125 78.625 -0.81294
24.125 78.875 -0.67516
24.125 79.125 -0.56041
24.125 79.375 0.15228
24.125 79.625 -0.36982
24.125 79.875 0.48018
24.125 80.125 -0.29204
24.125 80.375 -0.96374
24.125 80.625 0.45084
24.125 80.875 1.0576
24.125 81.125 0.41174
24.125 81.375 0.89314
24.125 81.625 0.96387
24.125 81.875 0.56441
24.125 82.125 0.6715
24.125 82.375 0.33212
24.125 82.625 -0.14923
24.125 82.875 -0.36286
24.125 83.125 -0.19873
24.125 83.375 -1.5132
24.125 83.625 -1.0208
24.125 83.875 -0.34254
24.125 84.125 -0.60614
24.125 84.375 -1.099
24.125 84.625 -1.3903
24.125 84.875 -1.6898
24.125 85.125 -1.6748
24.125 85.375 -1.5283
24.125 85.625 -2.1556
24.125 85.875 -1.5273
24.125 86.125 -1.0273
24.125 86.375 -1.6986
24.125 86.625 -1.1294
24.125 86.875 -0.91066
24.125 87.125 -1.1648
24.125 87.375 -0.72002
24.125 87.625 -0.93573
24.125 87.875 -0.94433
24.125 88.125 -1.1761
24.125 88.375 -1.1413
24.125 91.875 0.087977
24.125 92.125 -0.28643
24.125 92.375 -0.17276
24.125 92.625 -0.0061979
24.125 92.875 -1.5677
24.125 93.125 -2.3543
24.125 93.375 -2.1458
24.125 93.625 -2.0191
24.125 93.875 -2.0411
NaN NaN NaN
24.375 71.375 -0.24931
24.375 71.625 0.12
24.375 71.875 -0.23503
24.375 72.125 -0.1224
24.375 72.375 -0.46966
24.375 72.625 -0.049818
24.375 72.875 -0.25414
24.375 73.125 -0.084526
24.375 73.375 -0.39021
24.375 73.625 -0.92831
24.375 73.875 -0.2713
24.375 74.125 -0.24152
24.375 74.375 0.016504
24.375 74.625 -0.22375
24.375 74.875 -0.71655
24.375 75.125 -0.39815
24.375 75.375 0.38944
24.375 75.625 0.29822
24.375 75.875 0.0056276
24.375 76.125 -1.1582
24.375 76.375 0.025263
24.375 76.625 0.8757
24.375 76.875 1.2095
24.375 77.125 0.69919
24.375 77.375 0.51951
24.375 77.625 -0.18633
24.375 77.875 0.67163
24.375 78.125 0.56901
24.375 78.375 0.53516
24.375 78.625 -1.0446
24.375 78.875 -0.0028893
24.375 79.125 -0.11314
24.375 79.375 -0.34304
24.375 79.625 0.44477
24.375 79.875 0.054734
24.375 80.125 -0.58721
24.375 80.375 1.2502
24.375 80.625 1.2206
24.375 80.875 -0.040727
24.375 81.125 0.60493
24.375 81.375 0.83651
24.375 81.625 1.1483
24.375 81.875 1.5337
24.375 82.125 0.53511
24.375 82.375 0.31509
24.375 82.625 0.23948
24.375 82.875 0.15044
24.375 83.125 -0.08585
24.375 83.375 -0.81258
24.375 83.625 -1.0076
24.375 83.875 -0.9941
24.375 84.125 -0.65669
24.375 84.375 -0.55326
24.375 84.625 -1.8068
24.375 84.875 -1.7756
24.375 85.125 -1.5262
24.375 85.375 -1.5256
24.375 85.625 -1.8326
24.375 85.875 -2.1722
24.375 86.125 -2.0426
24.375 86.375 -1.5022
24.375 86.625 -1.5493
24.375 86.875 -0.99402
24.375 87.125 -1.6974
24.375 87.375 -2.6576
24.375 87.625 -1.1088
24.375 87.875 -1.1081
24.375 88.125 -0.56412
24.375 92.375 -0.64044
24.375 92.625 -1.3691
24.375 92.875 -2.1686
24.375 93.125 -2.5866
24.375 93.375 -2.3061
24.375 93.625 -2.1541
24.375 93.875 -1.8292
24.375 94.125 -1.1758
24.625 71.125 -0.057469
24.625 71.375 0.064768
24.625 71.625 -0.065368
24.625 71.875 -0.47658
24.625 72.125 -0.71662
24.625 72.375 -0.38308
24.625 72.625 -0.4629
24.625 72.875 -0.4525
24.625 73.125 -0.3625
24.625 73.375 -0.24722
24.625 73.625 -0.3048
24.625 73.875 -0.27167
24.625 74.125 -0.10243
24.625 74.375 0.11016
24.625 74.625 0.089319
24.625 74.875 0.081216
24.625 75.125 -0.69061
24.625 75.375 -0.49807
24.625 75.625 -0.38642
24.625 75.875 -0.77873
24.625 76.125 -0.64541
24.625 76.375 -0.38673
24.625 76.625 -0.019693
24.625 76.875 0.79814
24.625 77.125 0.55557
24.625 77.375 0.030799
24.625 77.625 -0.98425
24.625 77.875 -0.74418
24.625 78.125 0.05638
24.625 78.375 -0.24683
24.625 78.625 -0.87617
24.625 78.875 -0.057464
24.625 79.125 -0.10548
24.625 79.375 -0.33381
24.625 79.625 0.42326
24.625 79.875 0.91284
24.625 80.125 0.33008
24.625 80.375 0.90932
24.625 80.625 1.0525
24.625 80.875 -1.1816
24.625 81.125 -1.1591
24.625 81.375 1.5907
24.625 81.625 1.6558
24.625 81.875 1.6188
24.625 82.125 -0.40668
24.625 82.375 -0.40888
24.625 82.625 0.2474
24.625 82.875 0.34147
24.625 83.125 -0.44632
24.625 83.375 -1.2238
24.625 83.625 -0.5751
24.625 83.875 -1.0206
24.625 84.125 -0.45164
24.625 84.375 -0.96078
24.625 84.625 -2.0608
24.625 84.875 -1.5535
24.625 85.125 -1.6141
24.625 85.375 -2.1381
24.625 85.625 -2.4215
24.625 85.875 -2.0619
24.625 86.125 -1.8857
24.625 86.375 -1.024
24.625 86.625 -1.1111
24.625 86.875 -0.61762
24.625 87.125 -2.3685
24.625 87.375 -2.3443
24.625 87.625 -1.7011
24.625 87.875 -1.0532
24.625 92.375 -0.52332
24.625 92.625 -1.3136
24.625 92.875 -2.0621
24.625 93.125 -1.61
24.625 93.375 -1.2828
24.625 93.625 -1.8719
24.625 93.875 -0.72552
24.625 94.125 -0.55809
NaN NaN NaN
24.875 71.125 -0.30022
24.875 71.375 -0.23066
24.875 71.625 -0.40069
24.875 71.875 -0.87481
24.875 72.125 -0.78863
24.875 72.375 -0.82446
24.875 72.625 -1.0091
24.875 72.875 -1.3711
24.875 73.125 -1.7432
24.875 73.375 -0.68608
24.875 73.625 -0.86439
24.875 73.875 0.44576
24.875 74.125 0.41139
24.875 74.375 0.86425
24.875 74.625 0.39731
24.875 74.875 0.049959
24.875 75.125 -0.92922
24.875 75.375 -1.0671
24.875 75.625 -0.63164
24.875 75.875 0.0047698
24.875 76.125 -0.37983
24.875 76.375 -0.45798
24.875 76.625 -0.076457
24.875 76.875 0.52784
24.875 77.125 0.75536
24.875 77.375 1.1691
24.875 77.625 0.19349
24.875 77.875 0.39018
24.875 78.125 0.24874
24.875 78.375 -0.75594
24.875 78.625 -0.88346
24.875 78.875 1.2627
24.875 79.125 0.03954
24.875 79.375 0.042547
24.875 79.625 0.50589
24.875 79.875 1.6972
24.875 80.125 0.29164
24.875 80.375 0.53168
24.875 80.625 1.3365
24.875 80.875 -0.86964
24.875 81.125 -0.85379
24.875 81.375 -1.0164
24.875 81.625 1.2747
24.875 81.875 0.75504
24.875 82.125 -0.79106
24.875 82.375 -0.54054
24.875 82.625 1.184
24.875 82.875 -0.8324
24.875 83.125 -0.85016
24.875 83.375 -1.1865
24.875 83.625 -0.40519
24.875 83.875 -1.0112
24.875 84.125 -1.4064
24.875 84.375 -2.0923
24.875 84.625 -2.0608
24.875 84.875 -1.7328
24.875 85.125 -1.6876
24.875 85.375 -2.4411
24.875 85.625 -1.6312
24.875 85.875 -0.89246
24.875 86.125 -1.7789
24.875 86.375 -1.3538
24.875 86.625 -1.6909
24.875 86.875 -1.1066
24.875 87.125 -2.1851
24.875 87.375 -1.475
24.875 87.625 -0.81562
24.875 87.875 -0.69443
24.875 88.125 0.22656
24.875 92.625 -0.82868
24.875 92.875 0.010549
24.875 93.125 0.6513
24.875 93.375 -1.709
24.875 93.625 -1.0601
24.875 93.875 -0.20154
24.875 94.125 -0.42481
24.875 94.375 -0.11493
25.125 71.125 -0.17124
25.125 71.375 -0.18523
25.125 71.625 -0.53757
25.125 71.875 -1.0989
25.125 72.125 -0.90017
25.125 72.375 -0.75456
25.125 72.625 -1.0845
25.125 72.875 -1.3154
25.125 73.125 -1.2662
25.125 73.375 -0.82367
25.125 73.625 -0.13579
25.125 73.875 -0.26088
25.125 74.125 0.093107
25.125 74.375 -0.15491
25.125 74.625 -0.26012
25.125 74.875 -0.19615
25.125 75.125 -0.77203
25.125 75.375 0.0029402
25.125 75.625 -0.3474
25.125 75.875 -0.92983
25.125 76.125 -0.40255
25.125 76.375 -0.43017
25.125 76.625 0.17972
25.125 76.875 0.48806
25.125 77.125 0.67963
25.125 77.375 0.74481
25.125 77.625 0.75841
25.125 77.875 0.842
25.125 78.125 0.90629
25.125 78.375 0.033336
25.125 78.625 -0.27099
25.125 78.875 -0.35403
25.125 79.125 -0.17443
25.125 79.375 0.21685
25.125 79.625 0.83703
25.125 79.875 1.1926
25.125 80.125 -0.82854
25.125 80.375 0.046576
25.125 80.625 0.98182
25.125 80.875 -0.16054
25.125 81.125 -1.5089
25.125 81.375 0.2487
25.125 81.625 -1.3201
25.125 81.875 -0.057356
25.125 82.125 -0.6664
25.125 82.375 0.79411
25.125 82.625 0.01718
25.125 82.875 -0.54076
25.125 83.125 -1.4124
25.125 83.375 -1.2548
25.125 83.625 -0.67649
25.125 83.875 -1.3648
25.125 84.125 -1.3053
25.125 84.375 -1.272
25.125 84.625 -1.6369
25.125 84.875 -1.6697
25.125 85.125 -1.577
25.125 85.375 -1.5062
25.125 85.625 -0.2473
25.125 85.875 -0.38907
25.125 86.125 -0.72334
25.125 86.375 -0.98433
25.125 86.625 -0.90069
25.125 86.875 -1.2919
25.125 87.125 -0.98195
25.125 87.375 -1.2341
25.125 87.625 -0.8322
25.125 87.875 -0.46429
25.125 88.125 -0.4467
25.125 88.375 -0.11738
25.125 92.375 -0.95838
25.125 92.625 -0.57117
25.125 92.875 -0.152
25.125 93.125 0.67233
25.125 93.375 -1.4423
25.125 93.625 -1.0322
25.125 93.875 -0.40937
25.125 94.125 -0.5209
25.125 94.375 -0.22515
25.375 70.875 0.41028
25.375 71.125 0.086807
25.375 71.375 -0.051814
25.375 71.625 -0.40826
25.375 71.875 -0.53192
25.375 72.125 -0.37048
25.375 72.375 -0.64151
25.375 72.625 -0.94754
25.375 72.875 -1.0537
25.375 73.125 -0.90807
25.375 73.375 -0.39081
25.375 73.625 0.24792
25.375 73.875 -0.55786
25.375 74.125 -0.43643
25.375 74.375 -0.33796
25.375 74.625 -0.32286
25.375 74.875 0.12774
25.375 75.125 -0.070265
25.375 75.375 -0.067789
25.375 75.625 0.26015
25.375 75.875 -0.19289
25.375 76.125 -0.087735
25.375 76.375 -0.18308
25.375 76.625 -0.18238
25.375 76.875 0.12369
25.375 77.125 0.68945
25.375 77.375 0.66081
25.375 77.625 0.97035
25.375 77.875 1.0655
25.375 78.125 0.66724
25.375 78.375 0.64775
25.375 78.625 -1.1729
25.375 78.875 -1.5163
25.375 79.125 0.25112
25.375 79.375 1.5942
25.375 79.625 0.65258
25.375 79.875 0.72211
25.375 80.125 0.53083
25.375 80.375 0.15838
25.375 80.625 0.070537
25.375 80.875 -2.0065
25.375 81.125 -1.173
25.375 81.375 0.7409
25.375 81.625 0.49181
25.375 81.875 -1.397
25.375 82.125 -1.5731
25.375 82.375 -1.8127
25.375 82.625 -1.8637
25.375 82.875 -1.1897
25.375 83.125 -1.6645
25.375 83.375 -0.52795
25.375 83.625 -0.36668
25.375 83.875 -0.63437
25.375 84.125 -1.0929
25.375 84.375 -1.7005
25.375 84.625 -1.8712
25.375 84.875 -0.72211
25.375 85.125 -1.3447
25.375 85.375 -1.8253
25.375 85.625 -1.0253
25.375 85.875 0.92336
25.375 86.125 1.507
25.375 86.375 -0.26543
25.375 86.625 -1.1241
25.375 86.875 -0.96382
25.375 87.125 -1.6459
25.375 87.375 -0.97251
25.375 87.625 0.20986
25.375 87.875 -0.10655
25.375 88.125 -0.21384
25.375 88.375 -0.11156
25.375 88.625 -0.56652
25.375 90.125 -0.18924
25.375 90.375 -0.69188
25.375 90.625 0.066298
25.375 90.875 -0.075684
25.375 91.125 0.065158
25.375 91.375 -0.45662
25.375 91.625 -0.95133
25.375 91.875 -0.98146
25.375 92.125 -1.4623
25.375 92.375 -1.6943
25.375 92.625 -1.8379
25.375 92.875 -0.40119
25.375 93.125 -1.3655
25.375 93.375 -1.2828
25.375 93.625 -0.35926
25.375 93.875 -0.59112
25.375 94.125 -0.34691
25.375 94.375 0.18849
25.625 70.875 0.15742
25.625 71.125 -0.15739
25.625 71.375 -0.04931
25.625 71.625 -0.065311
25.625 71.875 0.10829
25.625 72.125 0.087243
25.625 72.375 0.17955
25.625 72.625 -0.57645
25.625 72.875 -0.69
25.625 73.125 -0.79294
25.625 73.375 -0.51785
25.625 73.625 -0.18161
25.625 73.875 0.14595
25.625 74.125 -0.030713
25.625 74.375 -0.28259
25.625 74.625 -0.097053
25.625 74.875 1.1755
25.625 75.125 -0.1873
25.625 75.375 -0.15167
25.625 75.625 0.53879
25.625 75.875 0.60643
25.625 76.125 0.21591
25.625 76.375 -0.23634
25.625 76.625 -0.53794
25.625 76.875 -0.43658
25.625 77.125 0.15521
25.625 77.375 0.73533
25.625 77.625 0.87993
25.625 77.875 1.2639
25.625 78.125 0.74323
25.625 78.375 -0.34258
25.625 78.625 -0.38943
25.625 78.875 -0.90128
25.625 79.125 1.5114
25.625 79.375 2.0688
25.625 79.625 0.46342
25.625 79.875 0.17297
25.625 80.125 0.11507
25.625 80.375 0.017893
25.625 80.625 -1.508
25.625 80.875 -2.0943
25.625 81.125 0.11914
25.625 81.375 0.26797
25.625 81.625 -0.82302
25.625 81.875 -1.0468
25.625 82.125 -1.6242
25.625 82.375 -0.77825
25.625 82.625 -1.9421
25.625 82.875 -1.7341
25.625 83.125 -1.659
25.625 83.375 -0.89453
25.625 83.625 -1.0212
25.625 83.875 -1.4124
25.625 84.125 -1.8889
25.625 84.375 -2.1282
25.625 84.625 -1.1574
25.625 84.875 -1.2087
25.625 85.125 -1.6741
25.625 85.375 -1.6717
25.625 85.625 -1.1549
25.625 85.875 -0.76551
25.625 86.125 -1.1005
25.625 86.375 -1.3075
25.625 86.625 -1.82
25.625 86.875 -0.44679
25.625 87.125 -0.94291
25.625 87.375 -1.0504
25.625 87.625 -0.50262
25.625 87.875 -0.50363
25.625 88.125 -0.45294
25.625 90.125 0.095228
25.625 90.375 -0.31283
25.625 90.625 -0.67694
25.625 90.875 -0.11711
25.625 91.125 1.6103
25.625 91.375 0.53402
25.625 91.625 0.5074
25.625 91.875 -1.1074
25.625 92.125 -1.5649
25.625 92.375 -1.5802
25.625 92.625 -1.8959
25.625 92.875 -1.6056
25.625 93.125 -1.8168
25.625 93.375 -1.8214
25.625 93.625 -0.83968
25.625 93.875 0.045334
25.625 94.125 0.52168
25.625 94.375 -0.11139
NaN NaN NaN
NaN NaN NaN
25.875 70.375 0.9061
25.875 70.625 0.35047
25.875 70.875 0.024926
25.875 71.125 0.024067
25.875 71.375 -0.037253
25.875 71.625 -0.01175
25.875 71.875 0.41923
25.875 72.125 0.7995
25.875 72.375 0.19626
25.875 72.625 -0.48127
25.875 72.875 -0.5257
25.875 73.125 -0.65156
25.875 73.375 -0.1892
25.875 73.625 0.30251
25.875 73.875 0.097391
25.875 74.125 -0.021393
25.875 74.375 0.03972
25.875 74.625 0.80283
25.875 74.875 0.37934
25.875 75.125 -0.033838
25.875 75.375 -0.55299
25.875 75.625 -0.19265
25.875 75.875 0.53527
25.875 76.125 0.082194
25.875 76.375 -0.030257
25.875 76.625 0.09828
25.875 76.875 0.11442
25.875 77.125 -0.68781
25.875 77.375 -0.11127
25.875 77.625 0.31175
25.875 77.875 0.25261
25.875 78.125 0.74414
25.875 78.375 0.43575
25.875 78.625 0.75387
25.875 78.875 0.11882
25.875 79.125 -0.051082
25.875 79.375 -0.60346
25.875 79.625 -0.90532
25.875 79.875 -0.22256
25.875 80.125 -0.76661
25.875 80.375 -0.77322
25.875 80.625 -0.73953
25.875 80.875 -1.3622
25.875 81.125 -1.3078
25.875 81.375 0.24682
25.875 81.625 -0.75229
25.875 81.875 -0.67561
25.875 82.125 -2.0678
25.875 82.375 -0.90122
25.875 82.625 -1.1383
25.875 82.875 -0.34912
25.875 83.125 -1.9854
25.875 83.375 -2.2338
25.875 83.625 -0.22726
25.875 83.875 -1.3769
25.875 84.125 -0.14823
25.875 84.375 -2.1531
25.875 84.625 -1.2767
25.875 84.875 -1.3763
25.875 85.125 -1.282
25.875 85.375 -1.1899
25.875 85.625 -0.43431
25.875 85.875 -0.85291
25.875 86.125 -1.6631
25.875 86.375 -1.0252
25.875 86.625 -0.020541
25.875 86.875 -0.048529
25.875 87.125 -1.2038
25.875 87.375 -0.89629
25.875 87.625 -1.1335
25.875 87.875 -1.5881
25.875 90.125 -1.2331
25.875 90.375 -0.98161
25.875 90.625 -0.27381
25.875 90.875 -1.1474
25.875 91.125 -0.31255
25.875 91.375 -0.2575
25.875 91.625 -1.5048
25.875 91.875 -1.9982
25.875 92.125 -1.3698
25.875 92.375 -1.2184
25.875 92.625 -0.6288
25.875 92.875 -1.5501
25.875 93.125 -2.2527
25.875 93.375 -2.2813
25.875 93.625 -1.3462
25.875 93.875 0.50861
25.875 94.125 0.26194
25.875 94.375 -0.18481
25.875 94.625 -0.38393
25.875 94.875 0.16281
26.125 70.375 0.92179
26.125 70.625 0.28023
26.125 70.875 0.10087
26.125 71.125 0.47055
26.125 71.375 0.25389
26.125 71.625 0.48066
26.125 71.875 0.64082
26.125 72.125 0.61633
26.125 72.375 0.33406
26.125 72.625 -0.24559
26.125 72.875 -0.33977
26.125 73.125 -0.48604
26.125 73.375 -0.24505
26.125 73.625 0.82443
26.125 73.875 0.47535
26.125 74.125 -0.27699
26.125 74.375 0.17217
26.125 74.625 -0.033638
26.125 74.875 0.93572
26.125 75.125 1.025
26.125 75.375 -0.2817
26.125 75.625 -0.30345
26.125 75.875 -0.46216
26.125 76.125 -0.57116
26.125 76.375 0.0020445
26.125 76.625 0.5549
26.125 76.875 0.13033
26.125 77.125 -0.29008
26.125 77.375 0.045243
26.125 77.625 0.52049
26.125 77.875 0.36943
26.125 78.125 0.74987
26.125 78.375 1.8521
26.125 78.625 1.8302
26.125 78.875 0.38806
26.125 79.125 0.25172
26.125 79.375 0.40127
26.125 79.625 -1.4757
26.125 79.875 -1.0091
26.125 80.125 -0.4033
26.125 80.375 -0.77622
26.125 80.625 -1.4101
26.125 80.875 0.42805
26.125 81.125 -0.24117
26.125 81.375 -1.6403
26.125 81.625 0.051856
26.125 81.875 -0.38529
26.125 82.125 -1.3608
26.125 82.375 -1.0624
26.125 82.625 -0.74247
26.125 82.875 -0.61706
26.125 83.125 -1.7702
26.125 83.375 -2.0775
26.125 83.625 -1.7215
26.125 83.875 -0.39314
26.125 84.125 -0.053408
26.125 84.375 -1.3687
26.125 84.625 -0.82544
26.125 84.875 -1.5944
26.125 85.125 -0.21324
26.125 85.375 -1.9005
26.125 85.625 -1.4977
26.125 85.875 0.78031
26.125 86.125 -1.2854
26.125 86.375 -1.3828
26.125 86.625 -0.86851
26.125 86.875 -0.80535
26.125 87.125 -1.2634
26.125 87.375 -1.2705
26.125 87.625 -1.2091
26.125 87.875 -1.2481
26.125 88.125 -0.80988
26.125 89.375 -0.5178
26.125 89.875 -0.63181
26.125 90.125 -1.0712
26.125 90.375 -0.74427
26.125 90.625 0.040164
26.125 90.875 -1.518
26.125 91.125 -1.4902
26.125 91.375 -0.42452
26.125 91.625 -2.0135
26.125 91.875 -1.8366
26.125 92.125 -0.98592
26.125 92.375 -0.60502
26.125 92.625 0.016236
26.125 92.875 -1.1719
26.125 93.125 -1.9713
26.125 93.375 -1.2064
26.125 93.625 -0.37022
26.125 93.875 0.73121
26.125 94.125 0.15744
26.125 94.375 -0.32776
26.125 94.625 -0.64271
26.125 94.875 -0.0926
26.375 70.375 -0.51929
26.375 70.625 -0.3524
26.375 70.875 -0.68451
26.375 71.125 -0.3788
26.375 71.375 0.073693
26.375 71.625 0.42698
26.375 71.875 0.65254
26.375 72.125 0.61662
26.375 72.375 0.32303
26.375 72.625 -0.21997
26.375 72.875 -0.26282
26.375 73.125 -0.64632
26.375 73.375 -0.57877
26.375 73.625 0.14567
26.375 73.875 0.17998
26.375 74.125 -0.04024
26.375 74.375 0.74652
26.375 74.625 -0.87656
26.375 74.875 0.31442
26.375 75.125 0.34615
26.375 75.375 0.1471
26.375 75.625 -0.33533
26.375 75.875 -0.36844
26.375 76.125 -0.21178
26.375 76.375 -0.041505
26.375 76.625 0.67359
26.375 76.875 0.55934
26.375 77.125 0.35449
26.375 77.375 1.5589
26.375 77.625 0.93875
26.375 77.875 -0.5132
26.375 78.125 0.44921
26.375 78.375 0.15992
26.375 78.625 1.6932
26.375 78.875 1.1226
26.375 79.125 0.95469
26.375 79.375 -1.3535
26.375 79.625 -1.645
26.375 79.875 0.0044383
26.375 80.125 0.5043
26.375 80.375 -0.85631
26.375 80.625 -1.0455
26.375 80.875 -0.33492
26.375 81.125 -0.87547
26.375 81.375 -2.041
26.375 81.625 -1.6319
26.375 81.875 -0.97773
26.375 82.125 -1.3692
26.375 82.375 -1.4899
26.375 82.625 -1.3099
26.375 82.875 -0.66494
26.375 83.125 -1.0954
26.375 83.375 -1.58
26.375 83.625 -0.43443
26.375 83.875 -0.55475
26.375 84.125 -0.24503
26.375 84.375 -1.5627
26.375 84.625 -1.42
26.375 84.875 -1.6024
26.375 85.125 -1.891
26.375 85.375 -1.8568
26.375 85.625 -1.6298
26.375 85.875 -1.0354
26.375 86.125 -1.6917
26.375 86.375 -2.1869
26.375 86.625 -2.0339
26.375 86.875 -0.99819
26.375 87.125 -1.2697
26.375 87.625 -1.2318
26.375 87.875 -1.3343
26.375 88.125 -1.0862
26.375 88.375 -0.41926
26.375 88.875 0.14172
26.375 89.375 -0.16707
26.375 89.625 -0.50145
26.375 89.875 -1.1563
26.375 90.125 -0.84955
26.375 90.375 -0.70409
26.375 90.625 -0.95922
26.375 90.875 -1.3944
26.375 91.125 -1.8335
26.375 91.375 -1.4943
26.375 91.625 -1.342
26.375 91.875 -1.1057
26.375 92.125 -0.31214
26.375 92.375 0.17855
26.375 92.625 0.55207
26.375 92.875 -1.2101
26.375 93.125 -1.0613
26.375 93.375 -1.0283
26.375 93.625 -0.40003
26.375 93.875 -0.10222
26.375 94.125 -0.14141
26.375 94.375 -0.443
26.375 94.625 -0.46076
26.375 94.875 -0.023317
26.625 69.875 -0.54458
26.625 70.125 -0.76131
26.625 70.375 -0.9632
26.625 70.625 0.056145
26.625 70.875 0.026526
26.625 71.125 -0.1439
26.625 71.375 0.10243
26.625 71.625 0.36863
26.625 71.875 0.596
26.625 72.125 0.58001
26.625 72.375 0.010738
26.625 72.625 -0.11059
26.625 72.875 -0.10545
26.625 73.125 -0.16864
26.625 73.375 -0.28539
26.625 73.625 0.059909
26.625 73.875 0.18974
26.625 74.125 0.37135
26.625 74.375 0.71025
26.625 74.625 0.40693
26.625 74.875 0.86776
26.625 75.125 -0.24197
26.625 75.375 0.011595
26.625 75.625 -0.12572
26.625 75.875 -0.4815
26.625 76.125 0.53582
26.625 76.375 0.018822
26.625 76.625 -0.10539
26.625 76.875 0.70677
26.625 77.125 0.87866
26.625 77.375 1.5187
26.625 77.625 1.107
26.625 77.875 -0.97292
26.625 78.125 0.2442
26.625 78.375 1.4944
26.625 78.625 0.95498
26.625 78.875 0.37155
26.625 79.125 -0.96045
26.625 79.375 -0.17448
26.625 79.625 0.27264
26.625 79.875 -0.63041
26.625 80.125 -1.3194
26.625 80.375 -0.30974
26.625 80.625 -1.0125
26.625 80.875 -0.5199
26.625 81.125 0.23352
26.625 81.375 -1.1327
26.625 81.625 -0.98379
26.625 81.875 0.35875
26.625 82.125 -1.4554
26.625 82.375 -0.42463
26.625 82.625 -2.1433
26.625 82.875 -1.1112
26.625 83.125 -0.64632
26.625 83.375 -1.4218
26.625 83.625 -1.2515
26.625 83.875 -1.4591
26.625 84.125 0.11602
26.625 84.375 -1.1234
26.625 84.625 -1.9607
26.625 84.875 -1.7819
26.625 85.125 -1.6946
26.625 85.375 -1.7236
26.625 85.625 -1.5108
26.625 86.125 -2.1231
26.625 88.375 -0.58134
26.625 88.625 -0.097164
26.625 88.875 -0.35626
26.625 89.125 -0.18882
26.625 89.375 -0.38184
26.625 89.625 -0.60699
26.625 89.875 -1.5708
26.625 90.125 -1.3407
26.625 90.375 -1.7952
26.625 90.625 -2.1032
26.625 90.875 -1.7343
26.625 91.125 -1.5193
26.625 91.375 -1.0124
26.625 91.625 -1.1321
26.625 91.875 -1.11
26.625 92.125 -0.74539
26.625 92.375 -0.57319
26.625 92.625 -1.0622
26.625 92.875 -0.58358
26.625 93.125 -1.7286
26.625 93.375 -1.0451
26.625 93.625 0.13668
26.625 93.875 -0.56327
26.625 94.125 -1.7752
26.625 94.375 -1.049
26.625 94.625 -0.45055
26.625 94.875 0.030444
26.625 95.125 0.55761
26.875 69.625 -0.5199
26.875 69.875 -0.55147
26.875 70.125 -0.69414
26.875 70.375 -0.63372
26.875 70.625 0.20451
26.875 70.875 0.20194
26.875 71.125 0.099779
26.875 71.375 -0.14153
26.875 71.625 0.065387
26.875 71.875 0.1732
26.875 72.125 0.42292
26.875 72.375 0.19084
26.875 72.625 0.10066
26.875 72.875 0.34111
26.875 73.125 0.9885
26.875 73.375 0.42377
26.875 73.625 0.63153
26.875 73.875 0.98591
26.875 74.125 0.79621
26.875 74.375 0.60905
26.875 74.625 0.80656
26.875 74.875 1.4292
26.875 75.125 0.94289
26.875 75.375 0.19181
26.875 75.625 -0.84574
26.875 75.875 -0.19789
26.875 76.125 0.94082
26.875 76.375 0.53949
26.875 76.625 -0.3209
26.875 76.875 0.7152
26.875 77.125 0.78752
26.875 77.375 0.20126
26.875 77.625 0.64346
26.875 77.875 0.013934
26.875 78.125 -0.32401
26.875 78.375 0.25095
26.875 78.625 -0.18521
26.875 78.875 0.094072
26.875 79.125 0.29894
26.875 79.375 0.57048
26.875 79.625 0.74485
26.875 79.875 0.17477
26.875 80.125 -1.0601
26.875 80.375 -0.54617
26.875 80.625 -0.65093
26.875 80.875 -0.48381
26.875 81.125 -0.31205
26.875 81.375 -0.57233
26.875 81.625 -1.3635
26.875 81.875 -0.0044457
26.875 82.125 -0.27997
26.875 82.375 -2.0458
26.875 82.625 -1.5978
26.875 82.875 -1.3721
26.875 83.125 -1.7395
26.875 83.375 -1.9488
26.875 83.625 -1.7218
26.875 83.875 -1.5306
26.875 84.125 -0.22029
26.875 84.375 -1.7925
26.875 84.625 -1.7231
26.875 84.875 -1.9026
26.875 88.375 -0.38575
26.875 88.625 -1.3284
26.875 88.875 -0.87474
26.875 92.375 -1.1829
26.875 92.625 -1.0077
26.875 92.875 -0.78127
26.875 93.125 -0.065945
26.875 93.375 -0.87862
26.875 93.625 -1.3633
26.875 93.875 -1.4393
26.875 94.125 -1.5881
26.875 94.375 -0.12042
26.875 94.625 -0.40884
26.875 94.875 -0.16342
26.875 95.125 0.17052
26.875 95.375 0.24129
26.875 95.625 -0.4794
27.125 69.875 -0.35872
27.125 70.125 -0.27144
27.125 70.375 -0.17184
27.125 70.625 -0.057699
27.125 70.875 0.16061
27.125 71.125 0.13619
27.125 71.375 -0.34432
27.125 71.625 -0.3842
27.125 71.875 0.30924
27.125 72.125 0.32409
27.125 72.375 0.14842
27.125 72.625 0.405
27.125 72.875 0.55584
27.125 73.125 0.80625
27.125 73.375 0.59405
27.125 73.625 0.57531
27.125 73.875 1.344
27.125 74.125 1.3113
27.125 74.375 0.60946
27.125 74.625 0.6189
27.125 74.875 0.030174
27.125 75.125 0.29902
27.125 75.375 0.38891
27.125 75.625 0.87053
27.125 75.875 0.68125
27.125 76.125 0.34683
27.125 76.375 0.54915
27.125 76.625 0.78897
27.125 76.875 0.53811
27.125 77.125 1.4297
27.125 77.375 0.19759
27.125 77.625 0.82424
27.125 77.875 -0.29087
27.125 78.125 1.0464
27.125 78.375 0.017255
27.125 78.625 -1.188
27.125 78.875 -0.40882
27.125 79.125 0.41473
27.125 79.375 -0.44449
27.125 79.625 -0.05537
27.125 79.875 0.23534
27.125 80.125 -0.29972
27.125 80.375 -0.64778
27.125 80.625 -1.617
27.125 80.875 -1.6399
27.125 81.125 0.34019
27.125 81.375 0.2279
27.125 81.625 -0.94124
27.125 81.875 -0.58156
27.125 82.125 -0.85964
27.125 82.375 -1.6996
27.125 82.625 -0.059477
27.125 82.875 -1.0752
27.125 83.125 -1.8007
27.125 83.375 -0.17033
27.125 83.625 -0.41287
27.125 83.875 -0.69068
27.125 84.125 -1.4153
27.125 84.375 -1.4178
27.125 84.625 -1.7058
27.125 88.125 -0.46611
27.125 88.375 -0.97257
27.125 88.625 -1.1965
27.125 92.125 -1.5778
27.125 92.375 -0.84518
27.125 92.625 -0.66236
27.125 92.875 -0.50301
27.125 93.125 -0.50789
27.125 93.375 -0.016228
27.125 93.625 -1.2265
27.125 93.875 0.59103
27.125 94.125 -0.10991
27.125 94.375 -0.073041
27.125 94.625 -0.7994
27.125 94.875 -0.71249
27.125 95.125 -0.029374
27.125 95.375 0.26397
27.125 95.625 -0.63384
27.125 95.875 -0.94471
27.375 70.125 -0.24921
27.375 70.375 -0.12245
27.375 70.625 -0.15014
27.375 70.875 0.091289
27.375 71.125 -0.16151
27.375 71.375 -0.45293
27.375 71.625 -0.57067
27.375 71.875 0.045629
27.375 72.125 0.1262
27.375 72.375 0.3145
27.375 72.625 0.15645
27.375 72.875 0.47479
27.375 73.125 0.64414
27.375 73.375 0.63119
27.375 73.625 0.81653
27.375 73.875 1.2086
27.375 74.125 1.0441
27.375 74.375 0.80815
27.375 74.625 0.56849
27.375 74.875 0.4596
27.375 75.125 0.068308
27.375 75.375 0.068556
27.375 75.625 1.3236
27.375 75.875 1.1739
27.375 76.125 0.12968
27.375 76.375 0.63862
27.375 76.625 0.84695
27.375 76.875 1.5771
27.375 77.125 0.73684
27.375 77.375 -1.3739
27.375 77.625 -0.45824
27.375 77.875 0.3201
27.375 78.125 0.99616
27.375 78.375 -0.26192
27.375 78.625 -0.24371
27.375 78.875 0.46731
27.375 79.125 0.045395
27.375 79.375 -0.75546
27.375 79.625 -0.94249
27.375 79.875 0.02529
27.375 80.125 -1.0537
27.375 80.375 -1.8615
27.375 80.625 -2.2455
27.375 80.875 -2.2143
27.375 81.125 -0.56432
27.375 81.375 -0.55644
27.375 81.625 -2.2763
27.375 81.875 -1.5853
27.375 82.125 -1.3495
27.375 82.375 -1.2011
27.375 82.625 -0.11124
27.375 82.875 -0.82774
27.375 83.125 -0.88259
27.375 83.625 -0.38684
27.375 84.125 -0.88762
27.375 84.375 -1.5161
27.375 88.125 -0.20502
27.375 88.375 -1.8112
27.375 88.625 -2.2872
27.375 92.125 -1.3625
27.375 92.375 -0.90211
27.375 92.625 -0.62838
27.375 92.875 -1.1052
27.375 93.125 -1.9744
27.375 93.375 -1.8475
27.375 93.625 0.24114
27.375 93.875 0.82896
27.375 94.125 0.70376
27.375 94.375 -1.4614
27.375 94.625 -1.2413
27.375 94.875 -0.91629
27.375 95.125 0.13561
27.375 95.375 0.093337
27.375 95.625 -1.2653
27.375 95.875 -1.4602
27.375 96.125 -1.9818
27.375 96.375 -2.3563
NaN NaN NaN
27.375 96.875 -0.81802
27.625 70.125 -0.28705
27.625 70.375 -0.1632
27.625 70.625 -0.12769
27.625 70.875 -0.19993
27.625 71.125 -0.23155
27.625 71.375 -0.38024
27.625 71.625 -0.26831
27.625 71.875 0.090223
27.625 72.125 0.3681
27.625 72.375 0.33834
27.625 72.625 0.23036
27.625 72.875 0.29289
27.625 73.125 0.30247
27.625 73.375 0.52452
27.625 73.625 0.71203
27.625 73.875 1.234
27.625 74.125 1.0177
27.625 74.375 0.82557
27.625 74.625 0.27004
27.625 74.875 0.27429
27.625 75.125 0.054465
27.625 75.375 0.51554
27.625 75.625 0.78901
27.625 75.875 0.10358
27.625 76.125 0.29676
27.625 76.375 0.3338
27.625 76.625 1.1545
27.625 76.875 1.397
27.625 77.125 -0.75462
27.625 77.375 -0.74798
27.625 77.625 -1.4298
27.625 77.875 -0.24168
27.625 78.125 1.2691
27.625 78.375 0.13877
27.625 78.625 -1.0423
27.625 78.875 -0.099103
27.625 79.125 -0.69115
27.625 79.375 -1.6313
27.625 79.625 -0.96575
27.625 79.875 0.81375
27.625 80.125 -0.18031
27.625 80.375 -1.3429
27.625 80.625 -2.3049
27.625 80.875 -1.7974
27.625 81.125 -0.081118
27.625 81.375 -0.71072
27.625 81.625 -1.5631
27.625 81.875 -1.8386
27.625 82.125 -1.4967
27.625 82.375 -1.2986
27.625 82.625 -0.33537
27.625 88.375 -1.8243
27.625 88.625 -1.8848
27.625 91.625 -1.48
27.625 91.875 -1.5794
27.625 92.125 -1.0875
27.625 92.375 -0.85218
27.625 92.625 -1.007
27.625 92.875 -1.5271
27.625 93.125 -1.7448
27.625 93.375 -1.8283
27.625 93.625 -1.9543
27.625 93.875 -2.5619
27.625 94.125 -1.8395
27.625 94.375 -1.324
27.625 94.625 -1.5996
27.625 94.875 -1.5081
27.625 95.125 -1.7486
27.625 95.375 -1.2848
27.625 95.625 -1.7059
27.625 95.875 -1.7522
27.625 96.125 -2.1055
27.625 96.375 -2.5504
27.625 96.625 -1.4092
27.625 96.875 -1.42
27.875 70.375 -0.21828
27.875 71.875 -0.1094
27.875 72.125 -0.20373
27.875 72.375 -0.076495
27.875 72.625 0.46486
27.875 72.875 0.46647
27.875 73.125 0.45155
27.875 73.375 0.60485
27.875 73.625 0.61599
27.875 73.875 0.65153
27.875 74.125 0.72932
27.875 74.375 0.3579
27.875 74.625 -0.018356
27.875 74.875 0.12357
27.875 75.125 0.17768
27.875 75.375 0.99689
27.875 75.625 0.67615
27.875 75.875 0.057495
27.875 76.125 0.27556
27.875 76.375 0.7246
27.875 76.625 0.28745
27.875 76.875 0.41437
27.875 77.125 0.36632
27.875 77.375 -0.7084
27.875 77.625 -1.4578
27.875 77.875 -0.022419
27.875 78.125 0.76067
27.875 78.375 1.2933
27.875 78.625 0.43781
27.875 78.875 -0.23528
27.875 79.125 -0.63363
27.875 79.375 -0.69413
27.875 79.625 -0.039096
27.875 79.875 1.3979
27.875 80.125 0.78486
27.875 80.375 -0.54239
27.875 80.625 -1.7433
27.875 80.875 -2.1546
27.875 81.125 -0.70801
27.875 81.375 -0.48834
27.875 81.625 -0.67158
NaN NaN NaN
NaN NaN NaN
27.875 92.875 -1.8846
27.875 93.125 -1.8384
27.875 93.375 -1.9375
27.875 93.625 -2.1873
27.875 93.875 -2.5063
27.875 94.125 -1.9197
27.875 94.375 -1.3697
27.875 94.625 -1.4521
27.875 94.875 -1.0635
27.875 95.125 -0.83922
27.875 95.375 -1.9625
27.875 95.625 -1.8957
27.875 95.875 -2.2588
27.875 96.125 -2.3053
27.875 96.375 -2.7245
27.875 96.625 -1.0052
NaN NaN NaN
27.875 97.125 -0.88471
28.125 72.125 -0.37326
28.125 72.375 -0.27597
28.125 72.625 0.32338
28.125 72.875 0.74188
28.125 73.125 1.0381
28.125 73.375 0.85649
28.125 73.625 0.74
28.125 73.875 0.62783
28.125 74.125 0.26885
28.125 74.375 0.20114
28.125 74.625 -0.31392
28.125 74.875 0.046044
28.125 75.125 0.30314
28.125 75.375 0.69471
28.125 75.625 0.61642
28.125 75.875 0.012453
28.125 76.125 0.7585
28.125 76.375 0.48858
28.125 76.625 1.3936
28.125 76.875 1.2086
28.125 77.125 0.15262
28.125 77.375 -0.22328
28.125 77.625 -0.30451
28.125 77.875 0.32493
28.125 78.125 1.4203
28.125 78.375 1.5645
28.125 78.625 -0.61122
28.125 78.875 -0.22275
28.125 79.125 -0.44988
28.125 79.375 -1.3366
28.125 79.625 -1.0532
28.125 79.875 0.43088
28.125 80.125 0.17502
28.125 80.375 -0.15354
28.125 80.625 -0.49374
28.125 80.875 -1.4931
28.125 81.125 -1.5102
28.125 81.375 -0.50496
28.125 92.875 -1.824
28.125 93.125 -1.9383
28.125 93.375 -1.961
28.125 93.625 -2.1639
28.125 93.875 -2.4565
28.125 94.125 -1.7628
28.125 94.375 -1.3809
28.125 94.625 -1.5733
28.125 94.875 -1.2157
28.125 95.125 -1.1921
28.125 95.375 -1.6293
28.125 95.625 -1.8673
28.125 95.875 -2.0298
28.125 96.125 -2.2697
28.125 96.375 -1.012
NaN NaN NaN
NaN NaN NaN
NaN NaN NaN
28.375 72.375 -0.59471
28.375 72.625 -0.19618
28.375 72.875 0.25028
28.375 73.125 0.63447
28.375 73.375 0.39819
28.375 73.625 0.12106
28.375 73.875 0.41148
28.375 74.125 0.21764
28.375 74.375 -0.062644
28.375 74.625 -0.050058
28.375 74.875 0.051006
28.375 75.125 0.12561
28.375 75.375 0.48279
28.375 75.625 0.63767
28.375 75.875 0.58623
28.375 76.125 0.98658
28.375 76.375 0.59979
28.375 76.625 0.65824
28.375 76.875 0.76523
28.375 77.125 -0.3412
28.375 77.375 -0.56363
28.375 77.625 -0.62788
28.375 77.875 -0.51981
28.375 78.125 0.88373
28.375 78.375 0.80761
28.375 78.625 -0.78665
28.375 78.875 -1.1502
28.375 79.125 -0.61952
28.375 79.375 -0.65319
28.375 79.625 -1.5621
28.375 79.875 -1.3248
28.375 80.125 -0.54002
28.375 80.375 -0.29521
28.375 80.625 -0.57732
28.375 80.875 -1.0236
28.375 81.125 -0.81892
28.375 93.375 -1.8641
28.375 93.625 -1.7522
28.375 93.875 -1.518
28.375 94.125 -1.1062
28.375 94.375 -1.1926
28.375 94.625 -1.0803
28.375 94.875 -1.0179
28.375 95.125 -1.289
28.375 95.375 -1.2409
28.375 95.625 -1.9192
28.375 95.875 -1.7257
28.375 96.125 -1.9643
NaN NaN NaN
28.625 72.375 -0.62666
28.625 72.625 0.0089667
28.625 72.875 0.42897
28.625 73.125 0.69094
28.625 73.375 0.59577
28.625 73.625 0.49619
28.625 73.875 0.080323
28.625 74.125 -0.037245
28.625 74.375 -0.036985
28.625 74.625 0.022948
28.625 74.875 0.02629
28.625 75.125 0.0088707
28.625 75.375 0.12472
28.625 75.625 0.1613
28.625 75.875 0.27333
28.625 76.125 0.69205
28.625 76.375 0.48715
28.625 76.625 0.78856
28.625 76.875 0.3696
28.625 77.125 -0.64696
28.625 77.375 -0.73985
28.625 77.625 -0.87892
28.625 77.875 -1.4711
28.625 78.125 -0.42884
28.625 78.375 0.28404
28.625 78.625 -1.5623
28.625 78.875 -1.2628
28.625 79.125 0.74827
28.625 79.375 -1.0775
28.625 79.625 -0.90237
28.625 79.875 -1.7778
28.625 80.125 -0.70983
28.625 80.375 -0.16422
28.625 80.625 -0.5515
28.625 93.625 -0.70607
NaN NaN NaN
28.625 94.125 -0.51109
28.625 94.375 -0.86602
28.625 94.625 -0.84478
28.625 94.875 -0.92964
28.625 95.125 -1.3198
28.625 95.375 -1.4326
28.625 95.625 -1.5944
28.625 95.875 -1.7514
28.625 96.125 -1.1366
NaN NaN NaN
28.875 72.875 0.43463
28.875 73.125 0.8795
28.875 73.375 0.94209
28.875 73.625 0.8433
28.875 73.875 0.15106
28.875 74.125 -0.33937
28.875 74.375 -0.46567
28.875 74.625 -0.12999
28.875 74.875 -0.2619
28.875 75.125 -0.41789
28.875 75.375 -0.18748
28.875 75.625 -0.095686
28.875 75.875 0.19436
28.875 76.125 0.34159
28.875 76.375 -0.040189
28.875 76.625 -0.3475
28.875 76.875 -0.14136
28.875 77.125 -0.03811
28.875 77.375 0.70438
28.875 77.625 0.64292
28.875 77.875 0.1389
28.875 78.125 -0.88387
28.875 78.375 -0.81081
28.875 78.625 -1.3604
28.875 78.875 -1.452
28.875 79.125 0.01119
28.875 79.375 0.18725
28.875 79.625 -0.92044
28.875 79.875 -1.229
28.875 94.125 -0.34483
28.875 94.375 -0.28332
28.875 94.625 -0.68953
28.875 94.875 -0.30259
28.875 95.125 -0.76977
28.875 95.375 -1.4106
28.875 95.625 -1.1111
28.875 95.875 -1.0571
28.875 96.125 -0.92469
NaN NaN NaN
29.125 73.125 0.61147
29.125 73.375 1.0964
29.125 73.625 0.33995
29.125 73.875 0.47807
29.125 74.125 -0.21317
29.125 74.375 -0.48998
29.125 74.625 -0.33443
29.125 74.875 -0.56475
29.125 75.125 -0.64227
29.125 75.375 -0.057595
29.125 75.625 -0.10146
29.125 75.875 -0.56995
29.125 76.125 -0.58496
29.125 76.375 -0.94317
29.125 76.625 -0.27949
29.125 76.875 -0.68587
29.125 77.125 -0.38944
29.125 77.375 0.17455
29.125 77.625 1.1154
29.125 77.875 0.97537
29.125 78.125 -0.22176
29.125 78.375 -0.36753
29.125 78.625 -0.1334
29.125 78.875 -0.75938
29.125 79.125 -0.28107
29.125 79.375 -0.25515
29.125 79.625 -1.4147
29.125 79.875 -1.1515
29.125 80.125 -0.67074
29.125 94.375 -0.32482
29.125 94.625 -0.34376
29.125 94.875 -0.12218
29.125 95.625 -0.99253
29.125 95.875 -0.35059
29.125 96.125 NaN
29.375 73.375 0.38485
29.375 73.625 0.039652
29.375 73.875 0.24296
29.375 74.125 0.13875
29.375 74.375 -0.41023
29.375 74.625 -0.57105
29.375 74.875 0.0030168
29.375 75.125 0.057419
29.375 75.375 -0.12775
29.375 75.625 -0.19246
29.375 75.875 -1.2485
29.375 76.125 -0.63777
29.375 76.375 -1.0811
29.375 76.625 -0.38866
29.375 76.875 -1.2278
29.375 77.125 -1.2693
29.375 77.375 0.61304
29.375 77.625 1.1337
29.375 77.875 0.95826
29.375 78.125 -0.53782
29.375 78.375 -0.62181
29.375 78.625 -1.4548
29.375 78.875 -1.1828
29.375 79.125 -0.49904
29.375 79.375 -0.32913
29.375 79.625 -1.7089
29.375 79.875 -0.5669
29.375 80.125 -0.060204
NaN NaN NaN
29.625 73.375 0.44687
29.625 73.625 0.59031
29.625 73.875 0.22015
29.625 74.125 0.31871
29.625 74.375 -0.32953
29.625 74.625 -0.94867
29.625 74.875 -0.47578
29.625 75.125 -0.27104
29.625 75.375 -0.37918
29.625 75.625 0.55675
29.625 75.875 -0.38696
29.625 76.125 -0.63598
29.625 76.375 -0.60108
29.625 76.625 -0.42253
29.625 76.875 -0.43587
29.625 77.125 -0.8197
29.625 77.375 -0.62278
29.625 77.625 -0.032549
29.625 77.875 -0.22062
29.625 78.125 -0.75963
29.625 78.375 -1.3506
29.625 78.625 -1.9907
29.625 78.875 -1.4951
29.625 79.125 -0.86822
29.625 79.375 0.52809
29.625 79.625 0.086458
29.625 79.875 0.26078
29.625 80.125 0.33834
29.875 73.625 0.62632
29.875 73.875 0.6164
29.875 74.125 0.30899
29.875 74.375 -0.94801
29.875 74.625 -1.5784
29.875 74.875 -1.5553
29.875 75.125 -0.61768
29.875 75.375 -0.35631
29.875 75.625 0.053663
29.875 75.875 -0.80847
29.875 76.125 -0.4659
29.875 76.375 -0.33601
29.875 76.625 0.083591
29.875 76.875 -1.6333
29.875 77.125 -0.90417
29.875 77.375 -0.62366
29.875 77.625 -0.50606
29.875 77.875 -0.6492
29.875 78.125 -1.6116
29.875 78.375 -0.60717
29.875 78.625 -1.4341
29.875 78.875 -0.73325
29.875 79.125 -1.131
29.875 79.375 -0.31239
29.875 79.625 1.1581
29.875 79.875 0.22011
29.875 80.125 0.38181
29.875 80.375 0.59116
30.125 74.125 -0.46463
30.125 74.375 -1.1053
30.125 74.625 -1.189
30.125 74.875 -1.1058
30.125 75.125 -0.46536
30.125 75.375 0.17497
30.125 75.625 -0.39878
30.125 75.875 -1.22
30.125 76.125 0.38146
30.125 76.375 -0.59662
30.125 76.625 -1.2787
30.125 76.875 -1.072
30.125 77.125 -1.1921
30.125 77.375 -1.9744
30.125 77.625 -0.79215
30.125 77.875 -0.97087
30.125 78.125 -0.59056
30.125 78.375 1.2146
30.125 78.625 -0.14646
30.125 78.875 1.4361
30.125 79.125 0.77298
30.125 79.375 0.96658
30.125 79.625 1.5201
30.125 79.875 0.29328
30.125 80.125 0.34372
30.125 80.375 0.55643
30.125 80.625 0.49729
30.375 74.125 -0.26519
30.375 74.375 -0.30793
30.375 74.625 -0.51205
30.375 74.875 -0.46239
30.375 75.125 -0.47243
30.375 75.375 0.013194
30.375 75.625 -0.25677
30.375 75.875 -1.2117
30.375 76.125 -1.3459
30.375 76.375 -0.71117
30.375 76.625 -2.1838
30.375 76.875 -1.8589
30.375 77.125 -0.3036
30.375 77.375 -0.34469
30.375 77.625 -0.068513
30.375 77.875 -0.65568
30.375 78.125 -1.2356
30.375 78.375 -1.9547
30.375 78.625 0.97971
30.375 78.875 1.1531
30.375 79.125 0.82623
30.375 79.375 0.85216
30.375 79.625 1.2777
30.375 79.875 1.0181
30.375 80.125 0.63382
30.375 80.375 0.33984
30.375 80.625 0.18374
30.625 74.375 -0.661
30.625 74.625 -0.55365
30.625 74.875 -0.64743
30.625 75.125 -0.33208
30.625 75.375 -0.22088
30.625 75.625 -0.15875
30.625 75.875 -1.5245
30.625 76.125 -2.0726
30.625 76.375 -1.8777
30.625 76.625 -0.86388
30.625 76.875 -0.5364
30.625 77.125 -0.30901
30.625 77.375 -0.42213
30.625 77.625 -0.68777
30.625 77.875 -0.19939
30.625 78.125 -0.022848
30.625 78.375 -1.5582
30.625 78.625 0.20956
30.625 78.875 1.2412
30.625 79.125 0.95167
30.625 79.375 -0.012764
30.625 79.625 1.7666
30.625 79.875 1.4885
30.625 80.125 1.1587
30.875 74.625 -0.90778
30.875 74.875 -0.5649
30.875 75.125 0.15487
30.875 75.375 -1.2746
30.875 75.625 -0.50045
30.875 75.875 -1.5499
30.875 76.125 -1.7658
30.875 76.375 -0.34436
30.875 76.625 -0.40181
30.875 76.875 -0.44158
30.875 77.125 0.73852
30.875 77.375 -0.56776
30.875 77.625 -0.053859
30.875 77.875 0.74433
30.875 78.125 0.4353
30.875 78.375 0.23843
30.875 78.625 0.2503
30.875 78.875 1.0332
30.875 79.125 0.80923
NaN NaN NaN
NaN NaN NaN
NaN NaN NaN
31.125 74.875 -1.1744
31.125 75.125 -0.10514
31.125 75.375 -1.6838
31.125 75.625 -1.9882
31.125 75.875 -1.0101
31.125 76.125 0.84412
31.125 76.375 -0.44473
31.125 76.625 -0.77988
31.125 76.875 0.14639
31.125 77.125 0.48434
31.125 77.375 -0.43483
31.125 77.625 0.51038
31.125 77.875 0.56203
31.125 78.125 -0.05612
31.125 78.375 0.058182
31.125 78.625 -0.19928
NaN NaN NaN
NaN NaN NaN
31.375 74.875 -0.83224
31.375 75.125 -0.88532
31.375 75.375 -1.6338
31.375 75.625 -1.1376
31.375 75.875 0.40863
31.375 76.125 -1.5539
31.375 76.375 -0.37137
31.375 76.625 -0.99298
31.375 76.875 -0.24891
31.375 77.125 0.84037
31.375 77.375 1.3832
31.375 77.625 1.4317
31.375 77.875 -0.26741
31.375 78.125 -0.24792
31.375 78.375 0.09672
31.375 78.625 0.3899
31.625 74.875 0.29839
31.625 75.125 0.56488
31.625 75.375 0.47797
31.625 75.625 0.33698
31.625 75.875 0.036115
31.625 76.125 -0.62058
31.625 76.375 -0.93825
31.625 76.625 -0.56349
31.625 76.875 -0.65503
31.625 77.125 -0.1851
31.625 77.375 1.9514
31.625 77.625 1.9297
31.625 77.875 0.66174
31.625 78.125 0.27325
31.625 78.375 -0.10219
31.625 78.625 0.21852
31.875 74.875 1.3013
31.875 75.125 1.4263
31.875 75.375 -0.16663
31.875 75.625 0.020233
31.875 75.875 -0.26564
31.875 76.125 -0.38013
31.875 76.375 -0.51255
31.875 76.625 -0.48718
31.875 76.875 -0.14807
31.875 77.125 -0.0025271
31.875 77.375 1.1464
31.875 77.625 1.9566
31.875 77.875 0.34049
31.875 78.125 0.32616
31.875 78.375 -0.11015
31.875 78.625 -0.081096
32.125 75.375 1.004
32.125 75.625 0.49615
32.125 75.875 -0.10795
32.125 76.125 0.17527
32.125 76.375 -0.59416
32.125 76.625 0.85877
32.125 76.875 0.18449
32.125 77.125 0.71079
32.125 77.375 -0.12893
32.125 77.625 0.25653
32.125 77.875 1.0077
32.125 78.125 0.20203
32.125 78.375 -0.5647
32.375 75.375 0.96088
32.375 75.625 0.65378
32.375 75.875 0.30222
32.375 76.125 -1.1667
32.375 76.375 -0.50732
32.375 76.625 0.2138
32.375 76.875 0.19318
32.375 77.125 0.34676
32.375 77.375 0.027073
32.375 77.625 -0.22498
32.375 77.875 0.52874
32.375 78.125 0.61575
32.375 78.375 0.10232
32.625 74.875 1.0198
32.625 75.125 0.23148
32.625 75.375 0.080135
32.625 75.625 0.45276
32.625 75.875 0.25934
32.625 76.125 0.10476
32.625 76.375 -0.21029
32.625 76.625 -0.32052
32.625 76.875 0.91017
32.625 77.125 0.61019
32.625 77.375 0.43589
32.625 77.625 0.19345
32.625 77.875 -0.40592
32.625 78.125 0.09285
32.625 78.375 0.23365
32.625 78.625 -0.24259
32.625 78.875 -0.19425
32.625 79.125 -0.48119
32.625 79.375 0.29997
32.875 74.375 1.1565
32.875 74.625 1.3114
32.875 74.875 1.3899
32.875 75.125 0.71843
32.875 75.375 -0.10301
32.875 75.625 -0.49329
32.875 75.875 0.036328
32.875 76.125 0.33768
32.875 76.375 0.42009
32.875 76.625 0.25853
32.875 76.875 0.54346
32.875 77.125 0.59042
32.875 77.375 0.39519
32.875 77.625 0.24151
32.875 77.875 -0.1874
32.875 78.125 0.26132
32.875 78.375 0.32638
32.875 78.625 0.27594
32.875 78.875 -0.081407
32.875 79.125 -0.55393
32.875 79.375 -0.43282
33.125 73.875 0.94628
33.125 74.125 0.90999
33.125 74.375 1.3608
33.125 74.625 1.6787
33.125 74.875 1.8515
33.125 75.125 0.96688
33.125 75.375 -0.62786
33.125 75.625 -1.0039
33.125 75.875 -0.046941
33.125 76.125 0.19297
33.125 76.375 -0.080398
33.125 76.625 0.027903
33.125 76.875 0.16839
33.125 77.125 -0.68946
33.125 77.375 0.093623
33.125 77.625 0.28613
33.125 77.875 0.053179
33.125 78.125 0.73043
33.125 78.375 0.61653
33.125 78.625 0.65109
33.125 78.875 0.23875
33.125 79.125 -0.17641
33.375 73.875 1.4619
33.375 74.125 1.4995
33.375 74.375 1.0215
33.375 74.625 -0.28077
33.375 74.875 -0.064352
33.375 75.125 -0.17316
33.375 75.375 -0.010019
33.375 75.625 -0.60065
33.375 75.875 -0.010576
33.375 76.125 0.077133
33.375 76.375 0.47078
33.375 76.625 0.021571
33.375 76.875 0.31216
33.375 77.125 0.73629
33.375 77.375 0.96143
33.375 77.625 0.5118
33.375 77.875 0.066131
33.375 78.125 0.86122
33.375 78.375 0.84892
33.375 78.625 0.6529
33.375 78.875 0.26798
33.625 73.875 1.5134
33.625 74.125 1.4793
33.625 74.375 -0.95849
33.625 74.625 -1.1927
33.625 74.875 -0.14781
33.625 75.125 0.096406
33.625 75.375 0.21197
33.625 75.625 0.12415
33.625 75.875 0.15926
33.625 76.125 -0.27993
33.625 76.375 -0.026209
33.625 76.625 -0.19125
33.625 76.875 0.33846
33.625 77.125 0.8329
33.625 77.375 1.021
33.625 77.625 1.0292
33.625 77.875 0.70709
33.625 78.125 0.6745
33.625 78.375 0.61721
33.625 78.625 0.69934
33.625 78.875 0.15619
33.875 73.875 1.041
33.875 74.125 0.47026
33.875 74.375 -0.33288
33.875 74.625 0.54706
33.875 74.875 0.62255
33.875 75.125 0.87917
33.875 75.375 0.77583
33.875 75.625 0.11069
33.875 75.875 -0.6919
33.875 76.125 -0.25171
33.875 76.375 -0.081687
33.875 76.625 -0.50411
33.875 76.875 0.13819
33.875 77.125 0.37274
33.875 77.375 0.63903
33.875 77.625 0.71858
33.875 77.875 0.68883
33.875 78.125 0.69195
33.875 78.375 0.52884
33.875 78.625 0.36417
33.875 78.875 0.24966
34.125 73.625 0.072941
34.125 73.875 0.5872
34.125 74.125 0.70198
34.125 74.375 0.027205
34.125 74.625 0.23714
34.125 74.875 -0.24065
34.125 75.125 0.94533
34.125 75.375 0.35662
34.125 75.625 -0.71124
34.125 75.875 -0.54576
34.125 76.125 -0.19071
34.125 76.375 -0.43093
34.125 76.625 0.31347
34.125 76.875 0.31469
34.125 77.125 0.09999
34.125 77.375 0.23891
34.125 77.625 0.49725
34.125 77.875 0.60363
34.125 78.125 0.74876
34.125 78.375 0.73623
34.125 78.625 0.43573
34.125 78.875 0.66191
34.125 79.125 0.36073
34.125 79.375 0.51473
34.375 73.625 -0.36506
34.375 73.875 -0.61817
34.375 74.125 -1.3687
34.375 74.375 -0.1382
34.375 74.625 0.052083
34.375 74.875 0.1506
34.375 75.125 0.40991
34.375 75.375 -0.46777
34.375 75.625 -0.8977
34.375 75.875 -0.26102
34.375 76.125 -0.82595
34.375 76.375 0.27822
34.375 76.625 0.15819
34.375 76.875 0.096095
34.375 77.125 0.12245
34.375 77.375 0.17156
34.375 77.625 0.29752
34.375 77.875 0.51812
34.375 78.125 0.47956
34.375 78.375 0.63653
34.375 78.625 0.67419
34.375 78.875 0.31355
34.375 79.125 0.24983
34.375 79.375 -0.1135
34.625 73.875 -0.7359
34.625 74.125 -0.94827
34.625 74.375 -0.62755
34.625 74.625 -0.33291
34.625 74.875 -0.5799
34.625 75.125 0.28051
34.625 75.375 -0.8836
34.625 75.625 -1.0929
34.625 75.875 -0.68495
34.625 76.125 -0.40202
34.625 76.375 -0.068083
34.625 76.625 0.14599
34.625 76.875 0.13444
34.625 77.125 0.16007
34.625 77.375 -0.29397
34.625 77.625 0.19118
34.625 77.875 0.31127
34.625 78.125 0.30463
34.625 78.375 0.31431
34.625 78.625 0.58909
34.625 78.875 0.42262
34.625 79.125 0.40773
34.625 79.375 0.33347
34.625 79.625 0.31707
34.875 74.125 -0.65268
34.875 74.375 -0.67449
34.875 74.625 -0.48604
34.875 74.875 -0.44646
34.875 75.125 -0.68716
34.875 75.375 -1.2336
34.875 75.625 -0.69694
34.875 75.875 -0.64166
34.875 76.125 -0.68383
34.875 76.375 -0.26606
34.875 76.625 -0.25314
34.875 76.875 -0.27467
34.875 77.125 -0.41645
34.875 77.375 -0.29981
34.875 77.625 0.053475
34.875 77.875 0.34821
34.875 78.125 0.44539
34.875 78.375 0.63408
34.875 78.625 0.21065
34.875 78.875 0.2592
34.875 79.125 0.43244
34.875 79.375 0.54574
34.875 79.625 0.51583
34.875 79.875 0.32182
35.125 74.375 -0.51364
35.125 74.625 -0.79921
35.125 74.875 -0.49531
35.125 75.125 -1.1374
35.125 75.375 -1.2141
35.125 75.625 -0.66429
35.125 75.875 -0.13317
35.125 76.125 -0.60309
35.125 76.375 0.13401
35.125 76.625 -0.37067
35.125 76.875 -0.086152
35.125 77.125 0.073898
35.125 77.375 -0.035898
35.125 77.625 -0.45658
35.125 77.875 0.21945
35.125 78.125 -0.1948
35.125 78.375 -0.14144
35.125 78.625 0.24481
35.125 78.875 0.3065
35.125 79.125 0.46468
35.125 79.375 0.41045
35.125 79.625 0.39454
35.125 79.875 0.25292
35.375 73.875 -0.64926
35.375 74.125 -0.5778
35.375 74.375 -0.38449
35.375 74.625 -0.27992
35.375 74.875 -0.027756
35.375 75.125 -0.93964
35.375 75.375 -0.93309
35.375 75.625 -0.38046
35.375 75.875 -0.19155
35.375 76.125 -0.075654
35.375 76.375 -0.36165
35.375 76.625 -0.10846
35.375 76.875 0.088007
35.375 77.125 0.085163
35.375 77.375 -0.49251
35.375 77.625 -0.35491
35.375 77.875 -0.32491
35.375 78.125 -0.39084
35.375 78.375 0.21334
35.375 78.625 0.20961
35.375 78.875 0.09958
35.375 79.125 0.42353
35.375 79.375 0.36261
35.375 79.625 0.39627
35.375 79.875 0.23773
NaN NaN NaN
35.625 73.375 -1.2075
35.625 73.625 -0.90839
35.625 73.875 -1.2693
35.625 74.125 -1.1818
35.625 74.375 -0.8961
35.625 74.625 -0.24052
35.625 74.875 0.13064
35.625 75.125 -1.4106
35.625 75.375 -0.99578
35.625 75.625 -0.65259
35.625 75.875 -0.39599
35.625 76.125 -0.10726
35.625 76.375 -0.20176
35.625 76.625 -0.92806
35.625 76.875 -0.83056
35.625 77.125 -0.27528
35.625 78.375 -0.086235
35.625 78.625 -0.076545
35.625 78.875 0.098545
35.625 79.125 0.069183
35.625 79.375 0.31312
35.625 79.625 0.36665
35.625 79.875 0.35251
35.625 80.125 0.54787
35.875 73.125 -0.36308
35.875 73.375 -0.83508
35.875 73.625 -1.4443
35.875 73.875 -1.6466
35.875 74.125 -1.4398
35.875 74.375 -1.0241
35.875 74.625 -0.40283
35.875 74.875 -0.62834
35.875 75.125 -1.3098
35.875 75.375 -1.4841
35.875 75.625 -1.1395
35.875 75.875 -0.64295
35.875 76.125 -0.48803
35.875 76.375 -0.76891
35.875 76.625 -0.75872
35.875 79.375 0.50236
36.125 72.625 -0.29297
NaN NaN NaN
NaN NaN NaN
36.125 73.375 -0.39071
36.125 73.625 -0.67336
36.125 73.875 -0.95967
36.125 74.125 -1.5102
36.125 74.375 -1.2488
36.125 74.625 -1.3182
36.125 74.875 -0.30511
36.125 75.125 -1.1213
36.125 75.375 -1.2973
36.125 75.625 -1.2018
36.125 75.875 -1.6507
36.125 76.125 -1.4438
36.125 76.375 -0.46652
36.125 76.625 -0.72131
36.375 73.125 -0.3084
36.375 73.375 -0.54363
36.375 73.625 -0.34281
36.375 73.875 -0.56947
36.375 74.125 -1.2598
36.375 74.375 -1.6394
36.375 74.625 -1.2615
36.375 74.875 -1.1529
36.375 75.125 -0.50647
36.375 75.375 -1.6397
36.375 75.625 -1.8641
36.375 75.875 -1.6779
36.375 76.125 -0.79959
36.625 73.375 -0.25238
36.625 73.625 -0.66764
36.625 73.875 -0.65591
36.625 74.125 -0.9803
36.625 74.375 -1.5786
36.625 74.625 -1.0608
36.625 74.875 -1.396
36.625 75.125 -1.469
36.625 75.375 -1.7322
36.625 75.625 -1.9047
36.875 73.875 -0.26685
36.875 74.375 -0.76521
36.875 74.625 -0.8735
36.875 74.875 -1.2286
36.875 75.125 -1.375
36.875 75.375 -1.4379
