8.125 77.375 1.7713
8.375 77.125 -0.095051
8.375 77.375 1.522
8.375 77.625 1.9504
8.375 77.875 1.8678
8.625 76.875 -0.26448
8.625 77.125 1.2396
8.625 77.375 1.6877
8.625 77.625 0.5011
8.625 77.875 1.9356
8.875 76.875 -0.75814
8.875 77.125 1.7677
8.875 77.375 0.26482
8.875 77.625 -0.32524
8.875 77.875 -1.1109
9.125 76.625 0.96534
9.125 76.875 0.35928
9.125 77.125 1.129
9.125 77.375 0.023663
9.125 77.625 -0.37811
9.125 77.875 0.019264
9.125 78.125 0.56777
NaN NaN NaN
9.375 76.625 0.042657
9.375 76.875 -0.23745
9.375 77.125 0.36794
9.375 77.375 0.2236
9.375 77.625 -0.019412
9.375 77.875 0.39956
9.375 78.125 0.13005
9.375 78.375 0.53968
9.375 78.625 -0.51244
NaN NaN NaN
9.625 76.375 0.40449
9.625 76.625 0.45763
9.625 76.875 0.048232
9.625 77.125 0.87887
9.625 77.375 -0.019405
9.625 77.625 -0.66105
9.625 77.875 1.2193
9.625 78.125 0.12715
9.625 78.375 0.31376
9.625 78.625 0.40423
9.875 76.625 -0.31926
9.875 76.875 -0.87998
9.875 77.125 0.36137
9.875 77.375 -0.33849
9.875 77.625 0.45971
9.875 77.875 0.081305
9.875 78.125 -0.79451
9.875 78.375 0.084408
9.875 78.625 0.58638
9.875 78.875 -0.33518
10.125 76.375 -0.4173
10.125 76.625 0.33299
10.125 76.875 1.6197
10.125 77.125 0.34208
10.125 77.375 0.19847
10.125 77.625 -0.22559
10.125 77.875 0.078983
10.125 78.125 0.014194
10.125 78.375 0.97592
10.125 78.625 -0.28222
10.125 78.875 -0.14773
10.125 79.125 -0.14451
10.375 76.375 -0.93996
10.375 76.625 -0.39988
10.375 76.875 0.68295
10.375 77.125 0.62681
10.375 77.375 0.3417
10.375 77.625 0.37439
10.375 77.875 -0.60049
10.375 78.125 -0.13922
10.375 78.375 -0.38188
10.375 78.625 0.46842
10.375 78.875 0.2062
10.375 79.125 0.16361
NaN NaN NaN
NaN NaN NaN
10.625 76.125 -0.49506
10.625 76.375 -0.72304
10.625 76.625 -0.60188
10.625 76.875 0.045389
10.625 77.125 0.20273
10.625 77.375 -0.067188
10.625 77.625 0.34432
10.625 77.875 -0.10169
10.625 78.125 -0.67002
10.625 78.375 -0.36888
10.625 78.625 0.16698
10.625 78.875 0.42607
10.625 79.125 1.0746
10.625 79.375 1.1141
10.625 79.625 0.82724
10.875 76.125 -0.34163
10.875 76.375 0.53888
10.875 76.625 -0.37145
10.875 76.875 -0.79252
10.875 77.125 0.36757
10.875 77.375 0.20795
10.875 77.625 -0.21293
10.875 77.875 -0.79557
10.875 78.125 -1.0988
10.875 78.375 0.31607
10.875 78.625 1.5207
10.875 78.875 0.89246
10.875 79.125 -0.432
10.875 79.375 -0.032317
10.875 79.625 1.0976
11.125 76.125 -1.7322
11.125 76.375 -0.077328
11.125 76.625 2.0002
11.125 76.875 -1.1039
11.125 77.125 0.2004
11.125 77.375 0.4603
11.125 77.625 -0.32008
11.125 77.875 -0.38435
11.125 78.125 -0.70449
11.125 78.375 1.0517
11.125 78.625 0.86609
11.125 78.875 1.034
11.125 79.125 0.90126
11.125 79.375 0.64527
11.125 79.625 0.28606
11.375 75.875 -0.90628
11.375 76.125 -1.5038
11.375 76.375 -0.31367
11.375 76.625 -0.0027288
11.375 76.875 1.2607
11.375 77.125 -0.45839
11.375 77.375 -0.053258
11.375 77.625 -0.23957
11.375 77.875 -0.075663
11.375 78.125 -0.13761
11.375 78.375 0.27501
11.375 78.625 -0.67146
11.375 78.875 0.18576
11.375 79.125 0.18416
11.375 79.375 -0.041607
11.375 79.625 -0.22761
11.625 75.875 -0.3477
11.625 76.125 0.79295
11.625 76.375 -0.38145
11.625 76.625 0.96345
11.625 76.875 -0.49657
11.625 77.125 -0.69176
11.625 77.375 0.060571
11.625 77.625 -0.38522
11.625 77.875 -1.0552
11.625 78.125 -0.4062
11.625 78.375 -0.74648
11.625 78.625 -0.29351
11.625 78.875 0.053358
11.625 79.125 0.61578
11.625 79.375 -0.42297
NaN NaN NaN
NaN NaN NaN
11.875 75.875 -0.43379
11.875 76.125 -0.44445
11.875 76.375 -0.31295
11.875 76.625 0.30361
11.875 76.875 -1.6553
11.875 77.125 0.076621
11.875 77.375 -0.39017
11.875 77.625 -0.45284
11.875 77.875 -0.50543
11.875 78.125 0.066816
11.875 78.375 -0.011018
11.875 78.625 -0.29456
11.875 78.875 -0.46102
11.875 79.125 0.35304
11.875 79.375 -0.23993
11.875 79.625 -0.23796
12.125 75.375 -1.8069
12.125 75.625 -0.31513
12.125 75.875 1.1568
12.125 76.125 -0.16367
12.125 76.375 -0.75436
12.125 76.625 -0.30168
12.125 76.875 -1.1296
12.125 77.125 -0.073322
12.125 77.375 -0.35882
12.125 77.625 -0.64602
12.125 77.875 -0.55327
12.125 78.125 -0.0034864
12.125 78.375 0.51432
12.125 78.625 -0.20222
12.125 78.875 -0.6354
12.125 79.125 0.02174
12.125 79.375 -0.15219
12.125 79.625 -0.41013
12.375 75.125 -1.1739
12.375 75.375 -1.3716
12.375 75.625 -0.15023
12.375 75.875 0.70642
12.375 76.125 0.26169
12.375 76.375 0.1222
12.375 76.625 1.2148
12.375 76.875 -0.86028
12.375 77.125 -1.0203
12.375 77.375 -0.5878
12.375 77.625 -0.57425
12.375 77.875 -0.4605
12.375 78.125 -0.080232
12.375 78.375 -0.029952
12.375 78.625 0.028653
12.375 78.875 -0.55644
12.375 79.125 -0.52494
12.375 79.375 -0.58292
12.375 79.625 -1.1282
12.375 79.875 -0.8839
12.625 75.125 -1.5095
12.625 75.375 -1.0581
12.625 75.625 -1.2425
12.625 75.875 -0.76008
12.625 76.125 -0.31219
12.625 76.375 1.2485
12.625 76.625 0.86188
12.625 76.875 0.088211
12.625 77.125 -1.2921
12.625 77.375 -1.5467
12.625 77.625 -0.20993
12.625 77.875 -0.71937
12.625 78.125 -1.1312
12.625 78.375 0.67005
12.625 78.625 0.31777
12.625 78.875 0.070715
12.625 79.125 0.2261
12.625 79.375 -0.82723
12.625 79.625 -1.2424
12.625 79.875 -1.8047
12.875 75.125 -0.69609
12.875 75.375 0.13164
12.875 75.625 -2.0171
12.875 75.875 -0.051398
12.875 76.125 -0.1339
12.875 76.375 1.5357
12.875 76.625 0.93828
12.875 76.875 -0.441
12.875 77.125 0.012097
12.875 77.375 -0.23738
12.875 77.625 -1.2166
12.875 77.875 -0.73893
12.875 78.125 -0.52245
12.875 78.375 -0.3364
12.875 78.625 -0.48826
12.875 78.875 -0.44983
12.875 79.125 0.2786
12.875 79.375 -0.035231
12.875 79.625 0.15192
12.875 79.875 0.035594
NaN NaN NaN
13.125 75.125 -1.0965
13.125 75.375 -1.2297
13.125 75.625 -0.39134
13.125 75.875 0.050502
13.125 76.125 0.84638
13.125 76.375 1.4072
13.125 76.625 1.1824
13.125 76.875 0.37261
13.125 77.125 0.19675
13.125 77.375 -0.80426
13.125 77.625 -0.608
13.125 77.875 -1.045
13.125 78.125 -1.0783
13.125 78.375 -1.0207
13.125 78.625 -1.0135
13.125 78.875 -0.70388
13.125 79.125 0.039258
13.125 79.375 -0.56704
13.125 79.625 0.64032
13.125 79.875 -0.57158
13.125 80.125 -0.96725
NaN NaN NaN
13.375 75.125 -0.44737
13.375 75.375 -0.87508
13.375 75.625 -1.5157
13.375 75.875 -0.30354
13.375 76.125 1.0138
13.375 76.375 0.85552
13.375 76.625 0.27297
13.375 76.875 0.2921
13.375 77.125 1.1199
13.375 77.375 -0.85981
13.375 77.625 -0.36797
13.375 77.875 -0.29964
13.375 78.125 -1.2344
13.375 78.375 -1.1293
13.375 78.625 -0.79283
13.375 78.875 -0.92395
13.375 79.125 -0.74927
13.375 79.375 -1.4254
13.375 79.625 0.0267
13.375 79.875 -0.66508
13.375 80.125 -0.81806
13.625 74.875 -1.991
13.625 75.125 -0.080745
13.625 75.375 -0.42306
13.625 75.625 -0.79879
13.625 75.875 0.09551
13.625 76.125 0.082459
13.625 76.375 -0.52103
13.625 76.625 -0.89176
13.625 76.875 -1.1928
13.625 77.125 -0.089947
13.625 77.375 -0.95451
13.625 77.625 -0.02422
13.625 77.875 -0.31105
13.625 78.125 -1.4854
13.625 78.375 -0.51705
13.625 78.625 -0.38648
13.625 78.875 0.061565
13.625 79.125 0.19053
13.625 79.375 -0.68041
13.625 79.625 -1.2284
13.625 79.875 -0.4634
13.625 80.125 -0.80511
13.875 74.875 -0.27269
13.875 75.125 0.53473
13.875 75.375 -0.05573
13.875 75.625 -0.35987
13.875 75.875 0.56633
13.875 76.125 -0.76494
13.875 76.375 -0.91466
13.875 76.625 -0.1551
13.875 76.875 -1.5708
13.875 77.125 -1.4768
13.875 77.375 -0.46367
13.875 77.625 -0.14433
13.875 77.875 -0.45338
13.875 78.125 -1.5182
13.875 78.375 0.37512
13.875 78.625 -0.038967
13.875 78.875 -0.25663
13.875 79.125 0.1781
13.875 79.375 -0.32895
13.875 79.625 -0.92108
13.875 79.875 -0.85078
14.125 74.625 -0.32681
14.125 74.875 -0.23621
14.125 75.125 0.17375
14.125 75.375 -0.49885
14.125 75.625 -0.71126
14.125 75.875 -0.040497
14.125 76.125 0.095304
14.125 76.375 -0.13793
14.125 76.625 -0.17035
14.125 76.875 0.21123
14.125 77.125 0.12231
14.125 77.375 0.27446
14.125 77.625 0.26571
14.125 77.875 0.022656
14.125 78.125 -0.34348
14.125 78.375 -0.21487
14.125 78.625 -0.69697
14.125 78.875 -0.75735
14.125 79.125 0.29563
14.125 79.375 0.38858
14.125 79.625 0.20932
14.125 79.875 0.16125
14.375 74.625 -1.0925
14.375 74.875 0.18243
14.375 75.125 -0.73497
14.375 75.375 -0.75537
14.375 75.625 0.2873
14.375 75.875 0.064518
14.375 76.125 0.68039
14.375 76.375 0.85298
14.375 76.625 -0.28559
14.375 76.875 -1.974
14.375 77.125 0.72002
14.375 77.375 0.29238
14.375 77.625 -0.19516
14.375 77.875 0.13946
14.375 78.125 -0.17379
14.375 78.375 -0.64835
14.375 78.625 -0.57719
14.375 78.875 -0.72688
14.375 79.125 -0.11585
14.375 79.375 0.008341
14.375 79.625 0.70433
14.375 79.875 0.8591
NaN NaN NaN
14.625 74.625 -1.8616
14.625 74.875 -1.1921
14.625 75.125 -0.54882
14.625 75.375 -0.53982
14.625 75.625 -1.5991
14.625 75.875 -0.25041
14.625 76.125 -0.21955
14.625 76.375 -0.81828
14.625 76.625 -0.20591
14.625 76.875 0.77689
14.625 77.125 0.93583
14.625 77.375 0.40954
14.625 77.625 -0.30908
14.625 77.875 -0.75008
14.625 78.125 -0.15409
14.625 78.375 -0.15967
14.625 78.625 -0.9333
14.625 78.875 -0.68897
14.625 79.125 -0.27616
14.625 79.375 -0.21492
14.625 79.625 -0.12903
14.625 79.875 0.19419
14.875 74.375 -0.80882
14.875 74.625 -1.1483
14.875 74.875 -1.1248
14.875 75.125 -0.037027
14.875 75.375 -1.0313
14.875 75.625 -0.40149
14.875 75.875 -0.67226
14.875 76.125 -1.343
14.875 76.375 -1.6344
14.875 76.625 -0.78242
14.875 76.875 0.91213
14.875 77.125 0.013934
14.875 77.375 -0.36963
14.875 77.625 -0.79681
14.875 77.875 -1.1408
14.875 78.125 -0.45079
14.875 78.375 -0.070142
14.875 78.625 -0.7986
14.875 78.875 -0.48446
14.875 79.125 -0.56325
14.875 79.375 -1.0318
14.875 79.625 -0.70675
14.875 79.875 -0.75617
15.125 74.125 -0.95143
15.125 74.375 0.37102
15.125 74.625 -0.0044341
15.125 74.875 -0.17252
15.125 75.125 -0.57788
15.125 75.375 -0.33445
15.125 75.625 0.4917
15.125 75.875 -0.58005
15.125 76.125 -0.94649
15.125 76.375 -0.91188
15.125 76.625 -1.5695
15.125 76.875 -0.6532
15.125 77.125 -1.4195
15.125 77.375 -0.46215
15.125 77.625 -0.25273
15.125 77.875 -1.1574
15.125 78.125 -1.3295
15.125 78.375 -1.1309
15.125 78.625 -0.4197
15.125 78.875 -0.23995
15.125 79.125 -1.0502
15.125 79.375 -1.002
15.125 79.625 -1.1946
15.125 79.875 -1.1142
15.375 73.875 -1.7892
15.375 74.125 -1.5928
15.375 74.375 -0.20552
15.375 74.625 -0.65028
15.375 74.875 0.44556
15.375 75.125 -0.31317
15.375 75.375 0.72596
15.375 75.625 0.88027
15.375 75.875 -0.38633
15.375 76.125 -0.74172
15.375 76.375 -0.11072
15.375 76.625 -0.44003
15.375 76.875 -0.47573
15.375 77.125 -0.70361
15.375 77.375 -1.4077
15.375 77.625 -0.56164
15.375 77.875 -1.7593
15.375 78.125 -1.2469
15.375 78.375 -0.91561
15.375 78.625 0.12604
15.375 78.875 -0.86625
15.375 79.125 -1.5486
15.375 79.375 -1.8139
15.375 79.625 -1.4625
15.375 79.875 -1.4519
15.625 73.875 -1.1539
15.625 74.125 -1.585
15.625 74.375 -1.4848
15.625 74.625 0.092719
15.625 74.875 -0.13846
15.625 75.125 -0.46861
15.625 75.375 -0.10841
15.625 75.625 0.25028
15.625 75.875 -0.19565
15.625 76.125 0.23269
15.625 76.375 0.038568
15.625 76.625 -0.010075
15.625 76.875 0.3993
15.625 77.125 -0.38131
15.625 77.375 -1.0002
15.625 77.625 -0.96837
15.625 77.875 -1.5818
15.625 78.125 -1.0685
15.625 78.375 -1.2307
15.625 78.625 -1.4767
15.625 78.875 -0.28615
15.625 79.125 -1.8017
15.625 79.375 -1.9125
15.625 79.625 -2.005
15.625 79.875 -1.7166
15.625 80.125 -1.6429
15.875 73.875 0.073481
15.875 74.125 -0.34094
15.875 74.375 -0.91398
15.875 74.625 -0.010295
15.875 74.875 -0.009623
15.875 75.125 -0.72795
15.875 75.375 -0.5955
15.875 75.625 -0.3874
15.875 75.875 -0.47697
15.875 76.125 -0.25913
15.875 76.375 -0.11515
15.875 76.625 0.40987
15.875 76.875 0.82401
15.875 77.125 -0.4113
15.875 77.375 0.18858
15.875 77.625 -1.9001
15.875 77.875 -0.44317
15.875 78.125 -1.3061
15.875 78.375 -1.2362
15.875 78.625 -1.2452
15.875 78.875 -0.92881
15.875 79.125 -1.4003
15.875 79.375 -0.72484
15.875 79.625 -1.5751
15.875 79.875 -1.8013
15.875 80.125 -1.8235
15.875 80.375 -1.396
NaN NaN NaN
15.875 80.875 -1.3862
16.125 73.625 0.36886
16.125 73.875 -0.19807
16.125 74.125 -0.16007
16.125 74.375 -0.66712
16.125 74.625 0.18344
16.125 74.875 0.7552
16.125 75.125 -1.4611
16.125 75.375 -1.186
16.125 75.625 -0.41238
16.125 75.875 0.14977
16.125 76.125 -0.17573
16.125 76.375 0.0096085
16.125 76.625 0.24609
16.125 76.875 -0.30059
16.125 77.125 -0.18907
16.125 77.375 0.51542
16.125 77.625 -0.37304
16.125 77.875 -0.031305
16.125 78.125 -0.40106
16.125 78.375 0.11186
16.125 78.625 -0.55687
16.125 78.875 -0.92186
16.125 79.125 -0.56618
16.125 79.375 -1.4218
16.125 79.625 -2.0266
16.125 79.875 -1.8055
16.125 80.125 -0.97116
16.125 80.375 -0.54663
16.125 80.625 -1.0649
16.125 80.875 -0.73805
16.375 73.625 -0.70196
16.375 73.875 0.48998
16.375 74.125 -0.51048
16.375 74.375 -0.051697
16.375 74.625 -0.59808
16.375 74.875 0.79842
16.375 75.125 0.22028
16.375 75.375 -0.49708
16.375 75.625 -0.48251
16.375 75.875 0.35179
16.375 76.125 0.96906
16.375 76.375 0.90217
16.375 76.625 0.65815
16.375 76.875 -0.20596
16.375 77.125 0.096749
16.375 77.375 0.012771
16.375 77.625 -0.5785
16.375 77.875 -0.4111
16.375 78.125 -0.19359
16.375 78.375 0.39435
16.375 78.625 -0.90377
16.375 78.875 -0.51425
16.375 79.125 -0.25259
16.375 79.375 -0.9775
16.375 79.625 -1.9013
16.375 79.875 -1.3435
16.375 80.125 -0.88692
16.375 80.375 -1.1328
16.375 80.625 -0.85528
16.375 80.875 -0.46103
16.375 81.125 -1.2509
NaN NaN NaN
NaN NaN NaN
16.625 73.625 -1.1098
16.625 73.875 -1.4537
16.625 74.125 0.54321
16.625 74.375 -2.0111
16.625 74.625 -0.14385
16.625 74.875 0.02094
16.625 75.125 0.48037
16.625 75.375 -1.2038
16.625 75.625 -0.89
16.625 75.875 -0.55263
16.625 76.125 0.20062
16.625 76.375 -0.22268
16.625 76.625 -0.55752
16.625 76.875 -0.3698
16.625 77.125 -0.088991
16.625 77.375 0.031536
16.625 77.625 -0.55137
16.625 77.875 -0.095726
16.625 78.125 -0.44644
16.625 78.375 -0.61433
16.625 78.625 -0.62256
16.625 78.875 -0.97139
16.625 79.125 -1.2022
16.625 79.375 -0.94241
16.625 79.625 -1.0055
16.625 79.875 -0.88965
16.625 80.125 -0.78707
16.625 80.375 -1.297
16.625 80.625 -1.1951
16.625 80.875 -1.1367
16.625 81.125 -1.9682
16.625 81.375 -1.5267
16.625 81.625 -0.72052
16.625 81.875 -1.0192
16.625 82.125 -0.58371
16.875 73.375 -1.133
16.875 73.625 -1.4019
16.875 73.875 -1.4664
16.875 74.125 -2.1249
16.875 74.375 -0.15311
16.875 74.625 -1.3409
16.875 74.875 -1.3749
16.875 75.125 -0.81693
16.875 75.375 -0.16995
16.875 75.625 -0.092179
16.875 75.875 -0.3571
16.875 76.125 -0.51473
16.875 76.375 -0.57579
16.875 76.625 -0.62613
16.875 76.875 -0.41905
16.875 77.125 -0.4342
16.875 77.375 -0.21341
16.875 77.625 -0.48775
16.875 77.875 -0.018143
16.875 78.125 -0.70308
16.875 78.375 -1.5445
16.875 78.625 -0.33168
16.875 78.875 -1.8182
16.875 79.125 -1.4118
16.875 79.375 -1.1521
16.875 79.625 -0.80721
16.875 79.875 -0.82689
16.875 80.125 -0.92046
16.875 80.375 -1.2098
16.875 80.625 -1.144
16.875 80.875 -1.1478
16.875 81.125 -1.197
16.875 81.375 -1.3529
16.875 81.625 -0.9764
16.875 81.875 -0.64276
16.875 82.125 -0.87612
17.125 73.375 -0.94135
17.125 73.625 -0.78806
17.125 73.875 -0.63714
17.125 74.125 -1.119
17.125 74.375 -1.5769
17.125 74.625 -1.5436
17.125 74.875 -1.0764
17.125 75.125 -1.4168
17.125 75.375 -1.22
17.125 75.625 -0.23483
17.125 75.875 -0.64139
17.125 76.125 -1.0805
17.125 76.375 -0.61692
17.125 76.625 -0.55913
17.125 76.875 0.021846
17.125 77.125 -0.44398
17.125 77.375 -0.91379
17.125 77.625 -0.15223
17.125 77.875 0.38864
17.125 78.125 -0.22719
17.125 78.375 -1.3101
17.125 78.625 -0.80279
17.125 78.875 -0.68538
17.125 79.125 -0.30939
17.125 79.375 -0.86735
17.125 79.625 -0.8657
17.125 79.875 -0.81536
17.125 80.125 -0.45826
17.125 80.375 -1.1292
17.125 80.625 -1.3029
17.125 80.875 -1.3267
17.125 81.125 -1.3839
17.125 81.375 -1.1298
17.125 81.625 -1.219
17.125 81.875 -1.4306
17.125 82.125 -1.0009
17.125 82.375 -1.1146
17.375 73.375 -1.0957
17.375 73.625 -1.2302
17.375 73.875 0.27104
17.375 74.125 -2.2605
17.375 74.375 -1.8833
17.375 74.625 -1.6451
17.375 74.875 -1.0342
17.375 75.125 -1.6988
17.375 75.375 -1.6528
17.375 75.625 -0.90268
17.375 75.875 -1.5491
17.375 76.125 -1.1677
17.375 76.375 -0.94696
17.375 76.625 -0.7715
17.375 76.875 0.47773
17.375 77.125 -0.10159
17.375 77.375 -0.43014
17.375 77.625 0.867
17.375 77.875 0.19532
17.375 78.125 0.029552
17.375 78.375 -0.27298
17.375 78.625 -0.6118
17.375 78.875 0.28059
17.375 79.125 -0.31295
17.375 79.375 0.68925
17.375 79.625 -1.2919
17.375 79.875 -0.21059
17.375 80.125 0.20286
17.375 80.375 -0.52778
17.375 80.625 -1.2435
17.375 80.875 -1.7851
17.375 81.125 -1.681
17.375 81.375 -1.0368
17.375 81.625 -1.3402
17.375 81.875 -1.3878
17.375 82.125 -1.0075
17.375 82.375 -0.87017
NaN NaN NaN
17.625 73.375 -0.12255
17.625 73.625 -2.5617
17.625 73.875 -0.78405
17.625 74.125 -2.0853
17.625 74.375 -1.8721
17.625 74.625 -1.8365
17.625 74.875 -1.0399
17.625 75.125 -1.3641
17.625 75.375 -1.1502
17.625 75.625 -0.90226
17.625 75.875 -1.2154
17.625 76.125 -1.3826
17.625 76.375 -1.4027
17.625 76.625 -0.45428
17.625 76.875 -0.10952
17.625 77.125 0.54799
17.625 77.375 0.23339
17.625 77.625 -0.66342
17.625 77.875 -0.05146
17.625 78.125 0.32045
17.625 78.375 0.088356
17.625 78.625 -0.28245
17.625 78.875 -0.65911
17.625 79.125 -0.46543
17.625 79.375 -0.45313
17.625 79.625 -0.59302
17.625 79.875 0.05498
17.625 80.125 0.25559
17.625 80.375 -0.56731
17.625 80.625 -1.1589
17.625 80.875 -1.2153
17.625 81.125 -1.0416
17.625 81.375 -0.50383
17.625 81.625 -1.4398
17.625 81.875 -1.2815
17.625 82.125 -0.84899
17.625 82.375 -0.88704
17.625 82.625 -0.96284
17.625 82.875 -1.033
17.625 83.125 -1.0233
17.875 73.375 0.84846
17.875 73.625 -1.3613
17.875 73.875 -0.3817
17.875 74.125 -1.2952
17.875 74.375 -0.18295
17.875 74.625 -1.0707
17.875 74.875 -0.023807
17.875 75.125 -1.6133
17.875 75.375 -1.5756
17.875 75.625 -1.0169
17.875 75.875 -1.2433
17.875 76.125 -1.2456
17.875 76.375 -1.1351
17.875 76.625 -0.75337
17.875 76.875 -0.1868
17.875 77.125 0.69527
17.875 77.375 0.40195
17.875 77.625 0.56554
17.875 77.875 0.77791
17.875 78.125 1.017
17.875 78.375 0.79608
17.875 78.625 0.44386
17.875 78.875 -0.36914
17.875 79.125 -0.67809
17.875 79.375 -0.73198
17.875 79.625 -0.69228
17.875 79.875 -0.0504
17.875 80.125 -0.51751
17.875 80.375 -1.2057
17.875 80.625 -1.028
17.875 80.875 -0.83794
17.875 81.125 -0.94882
17.875 81.375 -0.078446
17.875 81.625 -1.0418
17.875 81.875 -1.586
17.875 82.125 -1.6599
17.875 82.375 -1.5081
17.875 82.625 -0.93966
17.875 82.875 -0.53369
17.875 83.125 -0.83599
17.875 83.375 -0.70057
NaN NaN NaN
18.125 73.375 -1.3289
18.125 73.625 0.50624
18.125 73.875 0.93824
18.125 74.125 0.0091743
18.125 74.375 0.51997
18.125 74.625 -0.11134
18.125 74.875 0.20488
18.125 75.125 -0.94533
18.125 75.375 -0.88462
18.125 75.625 -0.92047
18.125 75.875 -1.4717
18.125 76.125 -0.7548
18.125 76.375 -0.7786
18.125 76.625 -0.76364
18.125 76.875 0.014505
18.125 77.125 1.7136
18.125 77.375 0.814
18.125 77.625 1.1063
18.125 77.875 1.0229
18.125 78.125 1.2369
18.125 78.375 0.65831
18.125 78.625 0.2808
18.125 78.875 0.32164
18.125 79.125 -0.21722
18.125 79.375 -0.42937
18.125 79.625 0.37448
18.125 79.875 0.032757
18.125 80.125 -0.27341
18.125 80.375 -1.3258
18.125 80.625 -1.3056
18.125 80.875 -0.75331
18.125 81.125 -1.256
18.125 81.375 -0.46218
18.125 81.625 -0.31422
18.125 81.875 -0.057879
18.125 82.125 -1.2012
18.125 82.375 -1.4872
18.125 82.625 -1.2864
18.125 82.875 -1.0896
18.125 83.125 -0.050865
18.125 83.375 -0.50254
18.125 83.625 -1.0744
18.375 73.125 -0.46995
18.375 73.375 -0.064841
18.375 73.625 0.56093
18.375 73.875 1.0481
18.375 74.125 0.061573
18.375 74.375 0.34211
18.375 74.625 -1.3638
18.375 74.875 -1.9896
18.375 75.125 -0.53885
18.375 75.375 0.87966
18.375 75.625 -0.14511
18.375 75.875 -1.2428
18.375 76.125 -0.71163
18.375 76.375 -0.77608
18.375 76.625 -0.34682
18.375 76.875 0.34748
18.375 77.125 0.23751
18.375 77.375 0.20198
18.375 77.625 0.34756
18.375 77.875 0.71762
18.375 78.125 1.0723
18.375 78.375 1.2668
18.375 78.625 0.31432
18.375 78.875 -0.40748
18.375 79.125 0.1412
18.375 79.375 0.23284
18.375 79.625 0.3351
18.375 79.875 0.0020374
18.375 80.125 -0.052436
18.375 80.375 0.23789
18.375 80.625 0.11976
18.375 80.875 -0.93614
18.375 81.125 -0.71328
18.375 81.375 -0.47813
18.375 81.625 -0.69003
18.375 81.875 -0.30088
18.375 82.125 -0.038811
18.375 82.375 -0.097907
18.375 82.625 -0.76164
18.375 82.875 -2.1693
18.375 83.125 -0.43427
18.375 83.375 -0.56767
18.375 83.625 -1.3871
18.375 83.875 -1.2791
18.625 73.125 0.82932
18.625 73.375 1.0457
18.625 73.625 0.80749
18.625 73.875 1.6034
18.625 74.125 -0.57251
18.625 74.375 0.26464
18.625 74.625 -0.86518
18.625 74.875 -1.0582
18.625 75.125 -1.3553
18.625 75.375 -0.64595
18.625 75.625 -0.63656
18.625 75.875 -0.79604
18.625 76.125 -0.91998
18.625 76.375 -0.21329
18.625 76.625 0.48282
18.625 76.875 0.47222
18.625 77.125 0.038341
18.625 77.375 -0.076705
18.625 77.625 0.53526
18.625 77.875 0.81708
18.625 78.125 0.57763
18.625 78.375 0.47223
18.625 78.625 -0.29916
18.625 78.875 0.49797
18.625 79.125 0.59045
18.625 79.375 -0.14407
18.625 79.625 -0.46672
18.625 79.875 -0.22259
18.625 80.125 -0.17501
18.625 80.375 0.78841
18.625 80.625 0.76049
18.625 80.875 -0.36733
18.625 81.125 -0.57997
18.625 81.375 -0.95684
18.625 81.625 -0.94229
18.625 81.875 -0.48707
18.625 82.125 0.17111
18.625 82.375 0.34362
18.625 82.625 0.018979
18.625 82.875 -0.94159
18.625 83.125 -1.3198
18.625 83.375 -1.5585
18.625 83.625 -0.41145
18.625 83.875 -1.1294
18.625 84.125 -1.2242
18.875 73.125 1.2498
18.875 73.375 0.21313
18.875 73.625 1.1498
18.875 73.875 1.7596
18.875 74.125 -1.1693
18.875 74.375 -0.71382
18.875 74.625 -0.57276
18.875 74.875 -0.70689
18.875 75.125 -1.1456
18.875 75.375 -0.94931
18.875 75.625 -0.99765
18.875 75.875 -1.1602
18.875 76.125 -0.35015
18.875 76.375 -0.051327
18.875 76.625 0.075199
18.875 76.875 0.50228
18.875 77.125 0.40057
18.875 77.375 -0.18763
18.875 77.625 0.512
18.875 77.875 0.97904
18.875 78.125 0.64915
18.875 78.375 -2.3341
18.875 78.625 0.36411
18.875 78.875 0.86015
18.875 79.125 0.39806
18.875 79.375 -0.013035
18.875 79.625 -0.30417
18.875 79.875 -0.59585
18.875 80.125 -0.86911
18.875 80.375 0.09755
18.875 80.625 0.53268
18.875 80.875 0.61252
18.875 81.125 0.48123
18.875 81.375 -0.39347
18.875 81.625 -1.089
18.875 81.875 -0.05363
18.875 82.125 0.19342
18.875 82.375 0.60119
18.875 82.625 -0.58644
18.875 82.875 -0.47595
18.875 83.125 -1.5412
18.875 83.375 -0.65364
18.875 83.625 -0.41361
18.875 83.875 -0.2157
18.875 84.125 -0.96115
18.875 84.375 -1.0588
19.125 73.125 0.051469
19.125 73.375 0.20728
19.125 73.625 0.25712
19.125 73.875 0.86172
19.125 74.125 -0.35456
19.125 74.375 -0.20911
19.125 74.625 -0.49661
19.125 74.875 -0.90923
19.125 75.125 -0.86119
19.125 75.375 -0.75736
19.125 75.625 -0.91944
19.125 75.875 -0.80994
19.125 76.125 -0.12163
19.125 76.375 -0.24941
19.125 76.625 -0.085571
19.125 76.875 -0.1977
19.125 77.125 0.35945
19.125 77.375 0.33183
19.125 77.625 -0.0074752
19.125 77.875 -0.10567
19.125 78.125 -0.83938
19.125 78.375 -1.0458
19.125 78.625 -0.47873
19.125 78.875 -0.0035721
19.125 79.125 0.23071
19.125 79.375 0.40523
19.125 79.625 0.28604
19.125 79.875 -0.35566
19.125 80.125 -0.85082
19.125 80.375 -0.32209
19.125 80.625 1.0779
19.125 80.875 1.4054
19.125 81.125 0.84667
19.125 81.375 -0.60371
19.125 81.625 -0.77905
19.125 81.875 -1.4993
19.125 82.125 -0.12889
19.125 82.375 -0.21281
19.125 82.625 -0.79
19.125 82.875 0.19367
19.125 83.125 -0.60621
19.125 83.375 -0.25263
19.125 83.625 -0.11863
19.125 83.875 -0.64319
19.125 84.125 -0.44593
19.125 84.375 -0.71513
19.125 84.625 -0.031326
19.375 72.875 0.33765
19.375 73.125 -0.67895
19.375 73.375 0.45265
19.375 73.625 0.51026
19.375 73.875 0.44977
19.375 74.125 0.66551
19.375 74.375 0.07784
19.375 74.625 0.16556
19.375 74.875 -0.70331
19.375 75.125 -0.50847
19.375 75.375 -0.20086
19.375 75.625 -1.0307
19.375 75.875 -1.5567
19.375 76.125 -0.97395
19.375 76.375 -1.0101
19.375 76.625 -1.0901
19.375 76.875 -1.0042
19.375 77.125 -0.42583
19.375 77.375 -1.1129
19.375 77.625 -0.59062
19.375 77.875 0.25736
19.375 78.125 -0.095402
19.375 78.375 -0.64223
19.375 78.625 -0.52543
19.375 78.875 0.061071
19.375 79.125 0.33675
19.375 79.375 0.42113
19.375 79.625 0.08926
19.375 79.875 -0.30038
19.375 80.125 -0.090119
19.375 80.375 0.36079
19.375 80.625 0.92968
19.375 80.875 1.2465
19.375 81.125 0.24889
19.375 81.375 -0.54075
19.375 81.625 -0.60732
19.375 81.875 -0.44308
19.375 82.125 -0.061247
19.375 82.375 -0.64014
19.375 82.625 -0.74779
19.375 82.875 0.014893
19.375 83.125 -0.34532
19.375 83.375 -0.45634
19.375 83.625 -0.55391
19.375 83.875 -2.0226
19.375 84.125 0.21831
19.375 84.375 0.46216
19.375 84.625 0.29074
19.375 84.875 0.99429
19.625 72.875 0.4263
19.625 73.125 1.0495
19.625 73.375 0.76839
19.625 73.625 0.64863
19.625 73.875 0.83604
19.625 74.125 0.52344
19.625 74.375 0.35439
19.625 74.625 -0.10899
19.625 74.875 -0.10425
19.625 75.125 -0.31231
19.625 75.375 -0.51488
19.625 75.625 -0.98968
19.625 75.875 -1.0167
19.625 76.125 -1.0666
19.625 76.375 -0.90982
19.625 76.625 -1.3523
19.625 76.875 -1.7498
19.625 77.125 -0.90658
19.625 77.375 -0.19348
19.625 77.625 0.24195
19.625 77.875 0.052916
19.625 78.125 -0.2879
19.625 78.375 -0.32866
19.625 78.625 0.044239
19.625 78.875 -0.086442
19.625 79.125 -0.62771
19.625 79.375 -1.1818
19.625 79.625 -0.83268
19.625 79.875 -0.64798
19.625 80.125 -0.63631
19.625 80.375 -0.62291
19.625 80.625 0.25253
19.625 80.875 0.99517
19.625 81.125 0.33176
19.625 81.375 -0.71798
19.625 81.625 -0.37081
19.625 81.875 -0.16898
19.625 82.125 -0.43252
19.625 82.375 0.42879
19.625 82.625 0.041772
19.625 82.875 -0.13909
19.625 83.125 -0.059674
19.625 83.375 0.92115
19.625 83.625 1.2054
19.625 83.875 1.1006
19.625 84.125 1.195
19.625 84.375 1.0294
19.625 84.625 1.1323
19.625 84.875 0.66229
19.625 85.125 0.10028
19.625 85.375 1.5264
19.875 72.875 1.187
19.875 73.125 1.1278
19.875 73.375 0.72945
19.875 73.625 1.078
19.875 73.875 0.91919
19.875 74.125 0.56196
19.875 74.375 0.6626
19.875 74.625 0.45118
19.875 74.875 0.87856
19.875 75.125 -0.35105
19.875 75.375 -0.77727
19.875 75.625 -0.49908
19.875 75.875 0.4347
19.875 76.125 0.00059501
19.875 76.375 -0.016192
19.875 76.625 -1.1176
19.875 76.875 -0.64651
19.875 77.125 -0.37865
19.875 77.375 0.063594
19.875 77.625 0.24636
19.875 77.875 0.024332
19.875 78.125 -0.26745
19.875 78.375 -0.3148
19.875 78.625 -0.48307
19.875 78.875 -0.098253
19.875 79.125 -0.16903
19.875 79.375 -1.3521
19.875 79.625 -1.2006
19.875 79.875 -0.86084
19.875 80.125 -1.3047
19.875 80.375 -1.4758
19.875 80.625 -0.79586
19.875 80.875 -0.35394
19.875 81.125 -0.22071
19.875 81.375 -1.5262
19.875 81.625 0.16771
19.875 81.875 1.0654
19.875 82.125 -0.024969
19.875 82.375 0.044814
19.875 82.625 -0.10974
19.875 82.875 -0.067965
19.875 83.125 0.63885
19.875 83.375 1.1533
19.875 83.625 1.2267
19.875 83.875 1.0051
19.875 84.125 1.0786
19.875 84.375 1.137
19.875 84.625 0.84917
19.875 84.875 0.38748
19.875 85.125 -0.04717
19.875 85.375 1.3468
NaN NaN NaN
NaN NaN NaN
NaN NaN NaN
20.125 72.875 1.1495
20.125 73.125 1.475
20.125 73.375 0.45477
20.125 73.625 1.4361
20.125 73.875 1.5374
20.125 74.125 2.2061
20.125 74.375 1.1554
20.125 74.625 1.0219
20.125 74.875 0.89756
20.125 75.125 0.47358
20.125 75.375 0.12737
20.125 75.625 -0.19388
20.125 75.875 -0.37156
20.125 76.125 -0.32847
20.125 76.375 -0.50783
20.125 76.625 -0.8824
20.125 76.875 -0.74842
20.125 77.125 -0.88083
20.125 77.375 0.24508
20.125 77.625 0.58791
20.125 77.875 -0.40028
20.125 78.125 -0.67604
20.125 78.375 -0.91577
20.125 78.625 -0.87141
20.125 78.875 -0.65447
20.125 79.125 -1.1942
20.125 79.375 -1.5378
20.125 79.625 -0.48999
20.125 79.875 -0.41061
20.125 80.125 -0.69095
20.125 80.375 -1.2926
20.125 80.625 -0.80529
20.125 80.875 -0.66586
20.125 81.125 -0.84163
20.125 81.375 -0.014726
20.125 81.625 1.2862
20.125 81.875 1.3947
20.125 82.125 1.091
20.125 82.375 0.22703
20.125 82.625 0.7432
20.125 82.875 1.1412
20.125 83.125 0.80676
20.125 83.375 0.7804
20.125 83.625 1.3838
20.125 83.875 1.6837
20.125 84.125 1.8834
20.125 84.375 0.69911
20.125 84.625 1.648
20.125 84.875 1.3508
20.125 85.125 1.8581
20.125 85.375 0.85543
20.125 85.625 1.0547
20.125 85.875 0.38614
20.125 86.125 0.9649
NaN NaN NaN
20.375 73.125 2.1298
20.375 73.375 1.3131
20.375 73.625 1.2728
20.375 73.875 0.50007
20.375 74.125 1.1486
20.375 74.375 0.74746
20.375 74.625 0.71104
20.375 74.875 0.98815
20.375 75.125 1.2179
20.375 75.375 1.7624
20.375 75.625 0.99945
20.375 75.875 0.84476
20.375 76.125 0.22586
20.375 76.375 -0.31369
20.375 76.625 -1.1167
20.375 76.875 -1.3428
20.375 77.125 -1.2459
20.375 77.375 -0.10179
20.375 77.625 1.0166
20.375 77.875 -0.77001
20.375 78.125 -1.0302
20.375 78.375 -1.1557
20.375 78.625 -1.2704
20.375 78.875 -1.2398
20.375 79.125 -0.91597
20.375 79.375 -0.88681
20.375 79.625 -0.75193
20.375 79.875 -0.94266
20.375 80.125 -0.58924
20.375 80.375 -1.1007
20.375 80.625 -0.27002
20.375 80.875 0.13422
20.375 81.125 -0.19104
20.375 81.375 -0.082033
20.375 81.625 1.3665
20.375 81.875 1.4778
20.375 82.125 1.373
20.375 82.375 1.388
20.375 82.625 1.6278
20.375 82.875 1.1492
20.375 83.125 0.78213
20.375 83.375 1.0486
20.375 83.625 1.495
20.375 83.875 1.1999
20.375 84.125 1.6536
20.375 84.375 -0.99617
20.375 84.625 1.1475
20.375 84.875 1.5657
20.375 85.125 1.6491
20.375 85.375 0.64236
20.375 85.625 1.8627
20.375 85.875 1.382
20.375 86.125 1.3092
20.375 86.375 1.2372
NaN NaN NaN
20.625 73.125 1.6515
20.625 73.375 1.7721
20.625 73.625 1.9979
20.625 73.875 1.8691
20.625 74.125 1.9509
20.625 74.375 1.0111
20.625 74.625 1.5422
20.625 74.875 1.4145
20.625 75.125 0.39326
20.625 75.375 1.122
20.625 75.625 0.75982
20.625 75.875 -0.43885
20.625 76.125 0.93846
20.625 76.375 0.0011363
20.625 76.625 -1.3641
20.625 76.875 -1.3505
20.625 77.125 -0.95984
20.625 77.375 -0.70553
20.625 77.625 0.049083
20.625 77.875 -0.50868
20.625 78.125 0.23329
20.625 78.375 -0.62058
20.625 78.625 -1.0469
20.625 78.875 -1.3764
20.625 79.125 -1.4414
20.625 79.375 -1.3738
20.625 79.625 -0.14556
20.625 79.875 -0.37052
20.625 80.125 -0.41288
20.625 80.375 -0.76214
20.625 80.625 0.5206
20.625 80.875 0.28653
20.625 81.125 0.62613
20.625 81.375 0.84243
20.625 81.625 1.2662
20.625 81.875 1.3899
20.625 82.125 1.2001
20.625 82.375 1.5243
20.625 82.625 1.6061
20.625 82.875 1.2812
20.625 83.125 0.91216
20.625 83.375 1.0739
20.625 83.625 1.664
20.625 83.875 1.2323
20.625 84.125 1.0679
20.625 84.375 1.1149
20.625 84.625 1.3133
20.625 84.875 1.0704
20.625 85.125 1.7477
20.625 85.375 1.6091
20.625 85.625 0.5899
20.625 85.875 1.3104
20.625 86.125 1.3493
20.625 86.375 1.684
20.625 86.625 1.5284
NaN NaN NaN
20.875 70.625 0.98609
20.875 70.875 1.122
20.875 71.125 1.0428
20.875 71.375 1.6846
20.875 72.875 1.9862
20.875 73.125 1.6788
20.875 73.375 1.4552
20.875 73.625 2.0181
20.875 73.875 2.4215
20.875 74.125 1.8359
20.875 74.375 1.2346
20.875 74.625 1.555
20.875 74.875 1.5963
20.875 75.125 -0.29701
20.875 75.375 -0.32441
20.875 75.625 -0.35127
20.875 75.875 0.037504
20.875 76.125 1.2434
20.875 76.375 -0.75685
20.875 76.625 -0.70646
20.875 76.875 -1.1688
20.875 77.125 -1.3708
20.875 77.375 -1.1201
20.875 77.625 -0.88119
20.875 77.875 -0.52749
20.875 78.125 -0.4234
20.875 78.375 -0.29005
20.875 78.625 -0.98759
20.875 78.875 -1.0411
20.875 79.125 -1.5441
20.875 79.375 -1.2731
20.875 79.625 0.085202
20.875 79.875 0.33349
20.875 80.125 0.15715
20.875 80.375 -0.61286
20.875 80.625 0.48732
20.875 80.875 0.85977
20.875 81.125 0.88943
20.875 81.375 -0.4328
20.875 81.625 1.0144
20.875 81.875 0.60118
20.875 82.125 0.85926
20.875 82.375 1.5894
20.875 82.625 1.7062
20.875 82.875 1.2427
20.875 83.125 1.1064
20.875 83.375 0.71608
20.875 83.625 1.3482
20.875 83.875 1.2828
20.875 84.125 0.51872
20.875 84.375 1.1189
20.875 84.625 1.3208
20.875 84.875 1.092
20.875 85.125 1.8603
20.875 85.375 1.4732
20.875 85.625 1.6238
20.875 85.875 1.8517
20.875 86.125 1.5294
20.875 86.375 1.3103
20.875 86.625 1.1984
21.125 70.375 0.74838
21.125 70.625 1.0941
21.125 70.875 0.97549
21.125 71.125 1.3888
21.125 71.375 1.6147
NaN NaN NaN
NaN NaN NaN
21.125 72.875 0.20242
21.125 73.125 0.85979
21.125 73.375 1.7141
21.125 73.625 0.58357
21.125 73.875 0.24684
21.125 74.125 0.3658
21.125 74.375 0.48061
21.125 74.625 0.43931
21.125 74.875 0.96593
21.125 75.125 0.4046
21.125 75.375 -0.23235
21.125 75.625 1.5963
21.125 75.875 1.7573
21.125 76.125 1.8348
21.125 76.375 -0.4572
21.125 76.625 -0.78091
21.125 76.875 -1.0984
21.125 77.125 -0.85424
21.125 77.375 -0.49664
21.125 77.625 -0.52882
21.125 77.875 -0.21546
21.125 78.125 -0.89804
21.125 78.375 -0.96473
21.125 78.625 -0.98699
21.125 78.875 -0.61114
21.125 79.125 -0.91267
21.125 79.375 -1.4055
21.125 79.625 0.55826
21.125 79.875 0.69942
21.125 80.125 0.28953
21.125 80.375 -1.2387
21.125 80.625 -0.55679
21.125 80.875 0.019664
21.125 81.125 0.13496
21.125 81.375 1.2402
21.125 81.625 0.075772
21.125 81.875 0.60545
21.125 82.125 0.98792
21.125 82.375 1.0126
21.125 82.625 1.1216
21.125 82.875 0.93703
21.125 83.125 0.89194
21.125 83.375 1.0116
21.125 83.625 1.2479
21.125 83.875 1.3776
21.125 84.125 1.0575
21.125 84.375 1.0196
21.125 84.625 1.9361
21.125 84.875 1.195
21.125 85.125 1.6671
21.125 85.375 1.5499
21.125 85.625 1.5828
21.125 85.875 1.8605
21.125 86.125 1.1284
21.125 86.375 0.93342
21.125 86.625 0.94377
21.375 70.125 -0.032111
21.375 70.375 0.30891
21.375 70.625 1.2089
21.375 70.875 1.2124
21.375 71.125 1.0407
21.375 71.375 0.75293
21.375 71.625 0.39894
21.375 71.875 0.62479
21.375 72.875 1.3807
21.375 73.125 1.9787
21.375 73.375 2.1303
21.375 73.625 1.1446
21.375 73.875 0.15761
21.375 74.125 -0.11091
21.375 74.375 -0.41307
21.375 74.625 0.2173
21.375 74.875 1.242
21.375 75.125 1.2858
21.375 75.375 0.97163
21.375 75.625 1.7309
21.375 75.875 1.7017
21.375 76.125 1.5266
21.375 76.375 -0.28767
21.375 76.625 -0.78863
21.375 76.875 -1.0162
21.375 77.125 -0.87598
21.375 77.375 -0.12272
21.375 77.625 -0.70987
21.375 77.875 -0.72481
21.375 78.125 -0.23899
21.375 78.375 -0.7143
21.375 78.625 -0.61575
21.375 78.875 -0.32947
21.375 79.125 -0.53213
21.375 79.375 -0.14455
21.375 79.625 -0.33641
21.375 79.875 -0.37616
21.375 80.125 -1.7805
21.375 80.375 -2.1108
21.375 80.625 -1.8173
21.375 80.875 -1.5585
21.375 81.125 -1.1711
21.375 81.375 0.39827
21.375 81.625 0.51977
21.375 81.875 1.0922
21.375 82.125 1.2286
21.375 82.375 0.83732
21.375 82.625 0.6342
21.375 82.875 0.59176
21.375 83.125 0.63649
21.375 83.375 1.2041
21.375 83.625 1.2518
21.375 83.875 1.2465
21.375 84.125 1.3256
21.375 84.375 1.1939
21.375 84.625 1.1616
21.375 84.875 1.0216
21.375 85.125 1.0335
21.375 85.375 1.2373
21.375 85.625 0.21575
21.375 85.875 0.75664
21.375 86.125 1.2999
21.375 86.375 1.2753
21.375 86.625 0.92481
21.375 86.875 0.69709
21.625 69.875 -0.12909
21.625 70.125 -0.41031
21.625 70.375 0.66772
21.625 70.625 0.73295
21.625 70.875 1.068
21.625 71.125 0.50525
21.625 71.375 0.98605
21.625 71.625 1.105
21.625 71.875 0.64255
21.625 72.125 0.51202
21.625 72.875 1.1994
21.625 73.125 1.7646
21.625 73.375 1.4226
21.625 73.625 0.389
21.625 73.875 -0.49362
21.625 74.125 0.047683
21.625 74.375 -0.47462
21.625 74.625 0.00079395
21.625 74.875 0.8622
21.625 75.125 1.1835
21.625 75.375 1.2661
21.625 75.625 0.98765
21.625 75.875 0.78544
21.625 76.125 0.66211
21.625 76.375 -0.12525
21.625 76.625 -0.8326
21.625 76.875 -0.78007
21.625 77.125 -0.082532
21.625 77.375 0.20502
21.625 77.625 -0.97845
21.625 77.875 -0.016147
21.625 78.125 0.18286
21.625 78.375 -0.43001
21.625 78.625 -0.91991
21.625 78.875 -0.94205
21.625 79.125 -0.92136
21.625 79.375 -0.54411
21.625 79.625 0.12245
21.625 79.875 -0.61782
21.625 80.125 -0.91041
21.625 80.375 -1.0576
21.625 80.625 -2.1891
21.625 80.875 -1.4941
21.625 81.125 -1.4974
21.625 81.375 -0.48077
21.625 81.625 0.471
21.625 81.875 0.76898
21.625 82.125 0.93732
21.625 82.375 0.97637
21.625 82.625 0.47353
21.625 82.875 -0.25672
21.625 83.125 0.32309
21.625 83.375 0.19529
21.625 83.625 0.67604
21.625 83.875 1.0928
21.625 84.125 1.4952
21.625 84.375 1.481
21.625 84.625 1.0982
21.625 84.875 0.9197
21.625 85.125 0.86915
21.625 85.375 0.79343
21.625 85.625 0.52437
21.625 85.875 0.88148
21.625 86.125 1.3925
21.625 86.375 1.3334
21.625 86.625 0.57427
21.625 86.875 0.39562
21.625 87.125 0.81883
NaN NaN NaN
NaN NaN NaN
21.875 69.625 -0.56653
21.875 69.875 0.11465
21.875 70.125 0.1629
21.875 70.375 0.83327
21.875 70.625 0.59079
21.875 70.875 0.18776
21.875 71.125 -0.042861
21.875 71.375 0.64223
21.875 71.625 0.9923
21.875 71.875 0.54735
21.875 72.125 0.92125
NaN NaN NaN
21.875 72.875 -0.20377
21.875 73.125 1.6195
21.875 73.375 0.83927
21.875 73.625 0.21658
21.875 73.875 -0.49484
21.875 74.125 -1.3215
21.875 74.375 -1.2517
21.875 74.625 0.54665
21.875 74.875 1.0034
21.875 75.125 1.3002
21.875 75.375 1.2588
21.875 75.625 1.297
21.875 75.875 0.52807
21.875 76.125 0.39214
21.875 76.375 -0.22086
21.875 76.625 -0.49348
21.875 76.875 -0.40526
21.875 77.125 -0.015979
21.875 77.375 0.055446
21.875 77.625 -0.80402
21.875 77.875 -0.8768
21.875 78.125 -0.35732
21.875 78.375 -0.21758
21.875 78.625 -0.7415
21.875 78.875 0.13131
21.875 79.125 -0.18334
21.875 79.375 -0.20091
21.875 79.625 0.041129
21.875 79.875 -0.2528
21.875 80.125 -0.25034
21.875 80.375 -0.17783
21.875 80.625 -0.43009
21.875 80.875 -1.6002
21.875 81.125 -1.0288
21.875 81.375 0.087689
21.875 81.625 0.70408
21.875 81.875 0.38221
21.875 82.125 0.84783
21.875 82.375 0.11128
21.875 82.625 -0.15695
21.875 82.875 -0.70491
21.875 83.125 0.087368
21.875 83.375 0.17785
21.875 83.625 -0.25094
21.875 83.875 1.2797
21.875 84.125 1.2797
21.875 84.375 1.6972
21.875 84.625 1.1442
21.875 84.875 1.0744
21.875 85.125 1.17
21.875 85.375 0.83481
21.875 85.625 0.4195
21.875 85.875 0.97634
21.875 86.125 1.2504
21.875 86.375 1.3916
21.875 86.625 0.39576
21.875 86.875 0.53676
21.875 87.125 1.113
21.875 87.375 0.62562
21.875 87.625 0.83319
21.875 87.875 0.90099
21.875 88.375 0.87285
NaN NaN NaN
NaN NaN NaN
22.125 69.125 -0.5268
22.125 69.375 -0.4467
22.125 69.625 -0.21187
22.125 69.875 0.069006
22.125 70.125 0.086644
22.125 70.375 0.57
22.125 70.625 0.63257
22.125 70.875 0.6726
22.125 71.125 -0.37503
22.125 71.375 0.96737
22.125 71.625 1.3001
22.125 71.875 0.67608
22.125 72.125 1.0873
NaN NaN NaN
22.125 72.875 0.13893
22.125 73.125 -0.14693
22.125 73.375 -0.0026403
22.125 73.625 0.55912
22.125 73.875 -0.31596
22.125 74.125 -0.22755
22.125 74.375 -1.5635
22.125 74.625 -1.4117
22.125 74.875 0.26646
22.125 75.125 1.04
22.125 75.375 -0.19499
22.125 75.625 0.21199
22.125 75.875 0.67687
22.125 76.125 -0.47886
22.125 76.375 -0.51634
22.125 76.625 -0.16125
22.125 76.875 -0.19649
22.125 77.125 -0.11912
22.125 77.375 -0.44352
22.125 77.625 -1.1331
22.125 77.875 -0.64253
22.125 78.125 -0.7065
22.125 78.375 -0.90939
22.125 78.625 -1.28
22.125 78.875 -0.034416
22.125 79.125 -0.41951
22.125 79.375 -0.65881
22.125 79.625 -0.011922
22.125 79.875 0.065071
22.125 80.125 0.13252
22.125 80.375 -0.32689
22.125 80.625 0.17778
22.125 80.875 -0.98146
22.125 81.125 -1.1917
22.125 81.375 0.83257
22.125 81.625 0.00089473
22.125 81.875 0.77073
22.125 82.125 0.17824
22.125 82.375 0.075611
22.125 82.625 -0.58688
22.125 82.875 -1.1433
22.125 83.125 -0.27636
22.125 83.375 0.44737
22.125 83.625 0.72233
22.125 83.875 0.6696
22.125 84.125 0.96085
22.125 84.375 1.2897
22.125 84.625 1.2414
22.125 84.875 1.2581
22.125 85.125 1.0449
22.125 85.375 0.54733
22.125 85.625 -0.69732
22.125 85.875 -0.58405
22.125 86.125 1.2172
22.125 86.375 0.9488
22.125 86.625 0.97389
22.125 86.875 0.99357
22.125 87.125 1.009
22.125 87.375 -0.1268
22.125 87.625 -0.045503
22.125 87.875 0.38037
22.125 88.125 0.74932
22.125 88.375 1.0724
NaN NaN NaN
22.375 69.125 -0.37154
22.375 69.875 -0.11418
22.375 70.125 -0.14267
22.375 70.375 0.054889
22.375 70.625 0.80508
22.375 70.875 0.95779
22.375 71.125 1.0806
22.375 71.375 1.2741
22.375 71.625 1.0025
22.375 71.875 1.6192
22.375 72.125 1.5378
NaN NaN NaN
22.375 72.875 0.01385
22.375 73.125 0.83269
22.375 73.375 1.1386
22.375 73.625 1.2968
22.375 73.875 0.32337
22.375 74.125 -1.3046
22.375 74.375 -0.96105
22.375 74.625 -1.5121
22.375 74.875 -1.0333
22.375 75.125 -0.34786
22.375 75.375 0.70191
22.375 75.625 0.042432
22.375 75.875 0.98926
22.375 76.125 0.80773
22.375 76.375 0.79041
22.375 76.625 1.545
22.375 76.875 0.30938
22.375 77.125 -0.033227
22.375 77.375 -0.31672
22.375 77.625 -0.3783
22.375 77.875 -0.073985
22.375 78.125 -0.63259
22.375 78.375 -0.61899
22.375 78.625 -1.0534
22.375 78.875 -0.015934
22.375 79.125 0.092778
22.375 79.375 0.20395
22.375 79.625 0.070737
22.375 79.875 0.094619
22.375 80.125 0.17311
22.375 80.375 -0.19428
22.375 80.625 0.16857
22.375 80.875 0.11355
22.375 81.125 -0.037487
22.375 81.375 1.3559
22.375 81.625 0.26795
22.375 81.875 0.22254
22.375 82.125 -0.33053
22.375 82.375 -0.24943
22.375 82.625 -1.1935
22.375 82.875 -1.318
22.375 83.125 -1.4451
22.375 83.375 -1.8442
22.375 83.625 -1.9522
22.375 83.875 0.24998
22.375 84.125 0.44852
22.375 84.375 0.85812
22.375 84.625 1.1764
22.375 84.875 0.54053
22.375 85.125 0.23019
22.375 85.375 0.47585
22.375 85.625 -0.45692
22.375 85.875 -0.82344
22.375 86.125 0.26241
22.375 86.375 0.91499
22.375 86.625 0.60116
22.375 86.875 0.80297
22.375 87.125 1.2335
22.375 87.375 0.072957
22.375 87.625 -0.10446
22.375 87.875 0.41588
22.375 88.125 -0.91765
22.375 88.375 0.47925
22.375 88.625 0.62632
22.375 88.875 0.51352
NaN NaN NaN
22.625 70.375 0.49553
22.625 70.625 1.2357
22.625 70.875 1.0244
22.625 71.125 1.0975
22.625 71.375 1.0884
22.625 71.625 0.79141
22.625 71.875 0.79764
22.625 72.125 0.84767
22.625 72.375 1.4471
22.625 72.625 2.236
22.625 72.875 0.23014
22.625 73.125 -0.072231
22.625 73.375 0.71032
22.625 73.625 -0.49282
22.625 73.875 -0.31004
22.625 74.125 0.22307
22.625 74.375 0.59719
22.625 74.625 -0.80866
22.625 74.875 -1.1084
22.625 75.125 -0.10781
22.625 75.375 0.73679
22.625 75.625 -0.13704
22.625 75.875 0.59217
22.625 76.125 0.58984
22.625 76.375 0.51274
22.625 76.625 1.5902
22.625 76.875 0.89195
22.625 77.125 0.25025
22.625 77.375 -0.093774
22.625 77.625 -0.11474
22.625 77.875 0.38791
22.625 78.125 0.075606
22.625 78.375 -0.34776
22.625 78.625 -0.26401
22.625 78.875 0.26359
22.625 79.125 0.41042
22.625 79.375 0.13116
22.625 79.625 -0.54718
22.625 79.875 -0.66105
22.625 80.125 -0.024933
22.625 80.375 -0.36134
22.625 80.625 -0.45731
22.625 80.875 -0.1266
22.625 81.125 0.76809
22.625 81.375 0.57202
22.625 81.625 0.7052
22.625 81.875 0.274
22.625 82.125 -0.30489
22.625 82.375 -1.123
22.625 82.625 -1.4662
22.625 82.875 -1.7469
22.625 83.125 -2.4584
22.625 83.375 -1.3557
22.625 83.625 -1.3347
22.625 83.875 -1.9206
22.625 84.125 -0.056672
22.625 84.375 0.072952
22.625 84.625 0.89205
22.625 84.875 0.51915
22.625 85.125 0.18574
22.625 85.375 0.10367
22.625 85.625 0.53553
22.625 85.875 0.25398
22.625 86.125 -0.12003
22.625 86.375 0.14186
22.625 86.625 -0.16294
22.625 86.875 0.71265
22.625 87.125 1.2551
22.625 87.375 0.86218
22.625 87.625 0.86539
22.625 87.875 0.097255
22.625 88.125 0.90819
22.625 88.375 0.58753
22.625 88.625 0.52722
22.625 88.875 0.46401
22.625 92.625 -0.010142
22.625 92.875 NaN
NaN NaN NaN
NaN NaN NaN
NaN NaN NaN
22.875 70.625 1.2023
22.875 70.875 1.0529
22.875 71.125 0.84711
22.875 71.375 0.64906
22.875 71.625 0.94748
22.875 71.875 1.2369
22.875 72.125 0.0090449
22.875 72.375 0.99322
22.875 72.625 1.4089
22.875 72.875 0.56063
22.875 73.125 1.2364
22.875 73.375 1.3853
22.875 73.625 -0.4205
22.875 73.875 -1.1301
22.875 74.125 -0.12252
22.875 74.375 -0.32384
22.875 74.625 -0.83121
22.875 74.875 -0.14049
22.875 75.125 0.55231
22.875 75.375 1.1912
22.875 75.625 0.75347
22.875 75.875 -0.013097
22.875 76.125 -0.14179
22.875 76.375 0.57226
22.875 76.625 0.3522
22.875 76.875 -0.36918
22.875 77.125 -0.061793
22.875 77.375 0.027927
22.875 77.625 0.33376
22.875 77.875 0.41895
22.875 78.125 0.37017
22.875 78.375 -0.09939
22.875 78.625 -0.074729
22.875 78.875 0.22317
22.875 79.125 -0.37176
22.875 79.375 -0.74725
22.875 79.625 -1.2841
22.875 79.875 -0.51083
22.875 80.125 -0.55206
22.875 80.375 -0.54669
22.875 80.625 -0.44631
22.875 80.875 0.05652
22.875 81.125 0.36387
22.875 81.375 -0.49127
22.875 81.625 -0.14094
22.875 81.875 -0.16495
22.875 82.125 -0.42226
22.875 82.375 -0.27507
22.875 82.625 -1.5723
22.875 82.875 -1.1599
22.875 83.125 -2.1064
22.875 83.375 -1.2424
22.875 83.625 0.73376
22.875 83.875 -0.93792
22.875 84.125 -0.95836
22.875 84.375 -0.73523
22.875 84.625 1.1744
22.875 84.875 0.42834
22.875 85.125 0.35472
22.875 85.375 1.0169
22.875 85.625 0.4391
22.875 85.875 -0.0091704
22.875 86.125 0.24478
22.875 86.375 -0.096601
22.875 86.625 0.89254
22.875 86.875 1.0667
22.875 87.125 1.695
22.875 87.375 1.6098
22.875 87.625 1.1232
22.875 87.875 -0.63683
22.875 88.125 -0.01036
22.875 88.375 0.51277
22.875 88.625 0.72815
22.875 92.625 0.21468
22.875 92.875 0.95406
23.125 68.875 0.093853
23.125 69.125 0.42695
23.125 69.375 0.43737
23.125 69.625 0.49355
23.125 69.875 0.28452
23.125 70.125 0.41325
23.125 70.875 1.381
23.125 71.125 1.0343
23.125 71.375 0.99196
23.125 71.625 1.8063
23.125 71.875 1.4762
23.125 72.125 1.1291
23.125 72.375 0.51373
23.125 72.625 1.6869
23.125 72.875 0.99149
23.125 73.125 0.10464
23.125 73.375 1.0727
23.125 73.625 0.5163
23.125 73.875 -1.0577
23.125 74.125 -0.84389
23.125 74.375 -0.52673
23.125 74.625 -0.77273
23.125 74.875 -0.30088
23.125 75.125 0.76547
23.125 75.375 -0.52818
23.125 75.625 -0.055679
23.125 75.875 0.0036115
23.125 76.125 -0.14475
23.125 76.375 -0.20587
23.125 76.625 -0.33959
23.125 76.875 0.34643
23.125 77.125 0.43891
23.125 77.375 0.3461
23.125 77.625 0.44472
23.125 77.875 0.6311
23.125 78.125 -0.23348
23.125 78.375 -0.026999
23.125 78.625 -0.48364
23.125 78.875 -0.64823
23.125 79.125 -0.54265
23.125 79.375 -0.42545
23.125 79.625 -1.3407
23.125 79.875 -0.53048
23.125 80.125 -0.42064
23.125 80.375 -0.67999
23.125 80.625 -0.12827
23.125 80.875 0.2486
23.125 81.125 0.4763
23.125 81.375 0.58022
23.125 81.625 -0.25046
23.125 81.875 0.11263
23.125 82.125 -0.44175
23.125 82.375 -0.99427
23.125 82.625 -0.35762
23.125 82.875 -1.4682
23.125 83.125 -1.8305
23.125 83.375 1.1974
23.125 83.625 1.9036
23.125 83.875 1.4393
23.125 84.125 -1.2392
23.125 84.375 -1.4931
23.125 84.625 -1.2463
23.125 84.875 -0.8616
23.125 85.125 -0.46232
23.125 85.375 1.353
23.125 85.625 0.35476
23.125 85.875 -0.96198
23.125 86.125 -0.49105
23.125 86.375 0.28398
23.125 86.625 0.67087
23.125 86.875 0.95176
23.125 87.125 1.4657
23.125 87.375 2.0437
23.125 87.625 -0.25188
23.125 87.875 -1.3637
23.125 88.125 -0.70713
23.125 88.375 -0.20215
23.125 88.625 0.2216
NaN NaN NaN
23.125 92.625 -0.55934
23.125 92.875 -0.4581
NaN NaN NaN
23.375 68.875 0.29719
23.375 69.125 0.47124
23.375 69.375 0.49251
23.375 69.625 0.5031
23.375 69.875 0.47919
23.375 70.125 0.92343
23.375 70.375 1.1294
23.375 70.625 1.3241
23.375 70.875 1.468
23.375 71.125 1.4457
23.375 71.375 1.1802
23.375 71.625 0.68214
23.375 71.875 0.9893
23.375 72.125 0.65222
23.375 72.375 0.83565
23.375 72.625 0.75269
23.375 72.875 0.64485
23.375 73.125 0.21795
23.375 73.375 0.34591
23.375 73.625 0.11615
23.375 73.875 -0.15569
23.375 74.125 -0.58445
23.375 74.375 0.094604
23.375 74.625 0.12703
23.375 74.875 0.48012
23.375 75.125 0.96362
23.375 75.375 1.2836
23.375 75.625 -0.077954
23.375 75.875 0.027765
23.375 76.125 1.3772
23.375 76.375 0.2485
23.375 76.625 -0.22908
23.375 76.875 0.065544
23.375 77.125 0.17357
23.375 77.375 -0.13784
23.375 77.625 -0.97021
23.375 77.875 0.57555
23.375 78.125 -0.30848
23.375 78.375 -0.65088
23.375 78.625 -0.56173
23.375 78.875 -0.44676
23.375 79.125 -0.75365
23.375 79.375 -0.57184
23.375 79.625 -0.0067624
23.375 79.875 -0.52733
23.375 80.125 -1.0874
23.375 80.375 -1.0292
23.375 80.625 -0.0013744
23.375 80.875 0.33818
23.375 81.125 0.57476
23.375 81.375 0.6677
23.375 81.625 0.37657
23.375 81.875 -0.063722
23.375 82.125 -0.46306
23.375 82.375 0.43657
23.375 82.625 -0.22208
23.375 82.875 -0.83601
23.375 83.125 0.20865
23.375 83.375 1.1997
23.375 83.625 1.6476
23.375 83.875 0.096499
23.375 84.125 -2.0129
23.375 84.375 -1.6162
23.375 84.625 -1.3497
23.375 84.875 -0.50943
23.375 85.125 -0.67674
23.375 85.375 -0.14886
23.375 85.625 0.20107
23.375 85.875 -0.8483
23.375 86.125 -0.58849
23.375 86.375 0.053558
23.375 86.625 0.35417
23.375 86.875 0.0090301
23.375 87.125 0.19055
23.375 87.375 -0.63812
23.375 87.625 -1.8277
23.375 87.875 -1.6659
23.375 88.125 -0.84964
23.375 88.375 -0.68648
23.375 88.625 -0.58852
23.375 91.375 -0.31807
23.375 91.625 -0.2159
23.375 92.625 -0.62351
23.375 92.875 -0.56601
23.375 93.125 -0.97735
23.625 68.625 0.17642
23.625 68.875 0.2481
23.625 69.125 0.35104
23.625 69.375 0.4905
23.625 69.625 0.21184
23.625 69.875 0.56239
23.625 70.125 1.5141
23.625 70.375 1.8869
23.625 70.625 1.9442
23.625 70.875 1.8331
23.625 71.125 1.5243
23.625 71.375 2.1065
23.625 71.625 0.4975
23.625 71.875 -0.071558
23.625 72.125 -0.20428
23.625 72.375 -0.23611
23.625 72.625 0.18811
23.625 72.875 -0.11599
23.625 73.125 -0.19836
23.625 73.375 -0.45914
23.625 73.625 -0.25864
23.625 73.875 -0.52164
23.625 74.125 0.19629
23.625 74.375 -0.044447
23.625 74.625 0.66189
23.625 74.875 0.37645
23.625 75.125 -0.15821
23.625 75.375 0.61226
23.625 75.625 -0.20671
23.625 75.875 0.52524
23.625 76.125 1.3653
23.625 76.375 1.3268
23.625 76.625 0.076337
23.625 76.875 -0.68448
23.625 77.125 0.1951
23.625 77.375 -0.030852
23.625 77.625 -0.76632
23.625 77.875 -0.49372
23.625 78.125 -0.43542
23.625 78.375 -0.72829
23.625 78.625 -0.39561
23.625 78.875 -0.35644
23.625 79.125 -0.55232
23.625 79.375 -0.26171
23.625 79.625 -0.38998
23.625 79.875 0.22835
23.625 80.125 -1.2335
23.625 80.375 -1.241
23.625 80.625 -0.46722
23.625 80.875 0.086578
23.625 81.125 -0.018998
23.625 81.375 0.070603
23.625 81.625 0.23486
23.625 81.875 -0.32057
23.625 82.125 -0.93395
23.625 82.375 -0.087584
23.625 82.625 0.58774
23.625 82.875 0.69154
23.625 83.125 0.60079
23.625 83.375 0.39997
23.625 83.625 0.38822
23.625 83.875 -1.035
23.625 84.125 -1.511
23.625 84.375 -0.10825
23.625 84.625 0.29446
23.625 84.875 -0.22843
23.625 85.125 -1.2944
23.625 85.375 -0.70117
23.625 85.625 -0.00052032
23.625 85.875 0.78431
23.625 86.125 -2.2153
23.625 86.375 -0.33128
23.625 86.625 0.89529
23.625 86.875 -0.4512
23.625 87.125 -0.32394
23.625 87.375 -1.0987
23.625 87.625 -1.4323
23.625 87.875 -1.8021
23.625 88.125 -1.5421
23.625 88.375 -1.3286
23.625 91.375 -0.44716
23.625 91.625 -0.55724
NaN NaN NaN
23.625 92.375 -1.2096
23.625 92.625 -0.46188
23.625 92.875 -0.79169
23.625 93.125 -1.4445
23.875 68.875 0.30625
23.875 69.125 0.40968
23.875 69.375 0.59171
23.875 69.625 0.58258
23.875 69.875 1.1228
23.875 70.125 1.2245
23.875 70.375 1.8596
23.875 70.625 2.079
23.875 70.875 2.0059
23.875 71.125 1.67
23.875 71.375 2.052
23.875 71.625 1.55
23.875 71.875 0.82839
23.875 72.125 0.09312
23.875 72.375 -0.085397
23.875 72.625 -0.57553
23.875 72.875 -0.60049
23.875 73.125 -0.18244
23.875 73.375 -0.57929
23.875 73.625 -0.49822
23.875 73.875 -0.10851
23.875 74.125 0.2696
23.875 74.375 0.25362
23.875 74.625 0.24251
23.875 74.875 0.75942
23.875 75.125 0.69906
23.875 75.375 0.724
23.875 75.625 0.10863
23.875 75.875 0.55157
23.875 76.125 1.0474
23.875 76.375 0.75347
23.875 76.625 0.10632
23.875 76.875 0.38239
23.875 77.125 0.78014
23.875 77.375 0.76953
23.875 77.625 0.21253
23.875 77.875 -0.062493
23.875 78.125 -0.37433
23.875 78.375 -0.73537
23.875 78.625 -0.65395
23.875 78.875 -0.55744
23.875 79.125 -0.57324
23.875 79.375 0.41616
23.875 79.625 -0.49812
23.875 79.875 -1.171
23.875 80.125 -1.4257
23.875 80.375 -1.6158
23.875 80.625 -0.67453
23.875 80.875 -0.14154
23.875 81.125 -0.80478
23.875 81.375 -0.26028
23.875 81.625 0.60287
23.875 81.875 -0.32527
23.875 82.125 -0.92327
23.875 82.375 -0.33504
23.875 82.625 -0.179
23.875 82.875 -0.18823
23.875 83.125 -0.79182
23.875 83.375 -0.65492
23.875 83.625 -0.37524
23.875 83.875 -0.73107
23.875 84.125 -1.1604
23.875 84.375 -0.98812
23.875 84.625 -1.3052
23.875 84.875 -1.6231
23.875 85.125 -1.7992
23.875 85.375 -1.521
23.875 85.625 -0.81933
23.875 85.875 -1.2917
23.875 86.125 -0.98517
23.875 86.375 -0.16896
23.875 86.625 0.10711
23.875 86.875 0.14961
23.875 87.125 -0.0823
23.875 87.375 -0.89478
23.875 87.625 -1.6593
23.875 87.875 -1.51
23.875 88.125 -1.5755
23.875 88.375 -1.6248
23.875 91.375 -0.56487
23.875 91.625 -0.053791
23.875 91.875 -0.29068
23.875 92.125 -0.94571
23.875 92.375 -0.64319
23.875 92.625 -0.33962
23.875 92.875 -1.4109
23.875 93.125 -1.7129
23.875 93.375 -1.4211
24.125 68.875 0.36169
24.125 69.125 0.41126
24.125 69.375 0.57576
24.125 69.625 0.71747
24.125 69.875 1.0193
24.125 70.125 1.3403
24.125 70.375 1.6213
24.125 70.625 1.6467
24.125 70.875 1.3334
24.125 71.125 1.043
24.125 71.375 0.9985
24.125 71.625 0.87814
24.125 71.875 0.66166
24.125 72.125 0.55028
24.125 72.375 -0.01819
24.125 72.625 -0.21368
24.125 72.875 -0.25213
24.125 73.125 -0.64062
24.125 73.375 -1.0935
24.125 73.625 -0.30508
24.125 73.875 0.040872
24.125 74.125 -0.099957
24.125 74.375 -0.11247
24.125 74.625 0.22162
24.125 74.875 0.090542
24.125 75.125 -0.17924
24.125 75.375 0.368
24.125 75.625 0.4627
24.125 75.875 0.3729
24.125 76.125 0.01809
24.125 76.375 0.40373
24.125 76.625 0.37553
24.125 76.875 1.0631
24.125 77.125 0.66594
24.125 77.375 0.82747
24.125 77.625 0.23633
24.125 77.875 0.035653
24.125 78.125 -0.7224
24.125 78.375 -0.79146
24.125 78.625 -0.76083
24.125 78.875 -0.93094
24.125 79.125 -0.8278
24.125 79.375 -0.12381
24.125 79.625 -1.1627
24.125 79.875 -0.6986
24.125 80.125 -1.1865
24.125 80.375 -1.4079
24.125 80.625 -0.61802
24.125 80.875 0.18431
24.125 81.125 -0.94599
24.125 81.375 -0.51301
24.125 81.625 -0.33134
24.125 81.875 -0.48311
24.125 82.125 -0.65041
24.125 82.375 -0.80929
24.125 82.625 -0.8069
24.125 82.875 -0.68482
24.125 83.125 -0.79598
24.125 83.375 -1.7172
24.125 83.625 -1.3198
24.125 83.875 -1.034
24.125 84.125 -1.2159
24.125 84.375 -1.1576
24.125 84.625 -1.2159
24.125 84.875 -1.741
24.125 85.125 -1.8867
24.125 85.375 -1.2261
24.125 85.625 -1.8152
24.125 85.875 -1.5266
24.125 86.125 -1.0983
24.125 86.375 -1.6098
24.125 86.625 -0.81617
24.125 86.875 -0.60716
24.125 87.125 -1.3075
24.125 87.375 -0.59054
24.125 87.625 -0.58949
24.125 87.875 -0.63827
24.125 88.125 -0.88515
24.125 88.375 -0.84237
24.125 91.875 0.50654
24.125 92.125 -0.0439
24.125 92.375 -0.2272
24.125 92.625 0.0080678
24.125 92.875 -1.5132
24.125 93.125 -2.029
24.125 93.375 -1.7044
24.125 93.625 -1.5334
24.125 93.875 -1.5995
NaN NaN NaN
24.375 71.375 0.44764
24.375 71.625 0.71328
24.375 71.875 0.30723
24.375 72.125 0.2595
24.375 72.375 -0.27058
24.375 72.625 0.14172
24.375 72.875 -0.29015
24.375 73.125 -0.76183
24.375 73.375 -1.0377
24.375 73.625 -1.0035
24.375 73.875 -0.1878
24.375 74.125 -0.11054
24.375 74.375 0.054604
24.375 74.625 -0.35383
24.375 74.875 -0.76761
24.375 75.125 -0.36547
24.375 75.375 0.01911
24.375 75.625 0.061271
24.375 75.875 0.052919
24.375 76.125 -1.0123
24.375 76.375 0.24533
24.375 76.625 0.994
24.375 76.875 1.1592
24.375 77.125 0.54461
24.375 77.375 0.478
24.375 77.625 -0.029581
24.375 77.875 0.56489
24.375 78.125 -0.24313
24.375 78.375 -0.38729
24.375 78.625 -0.98899
24.375 78.875 -0.47939
24.375 79.125 -0.47309
24.375 79.375 -0.71777
24.375 79.625 -0.46425
24.375 79.875 -0.76497
24.375 80.125 -1.5003
24.375 80.375 -0.33662
24.375 80.625 -0.22171
24.375 80.875 -1.3914
24.375 81.125 -0.8703
24.375 81.375 -0.48476
24.375 81.625 -0.14693
24.375 81.875 0.47078
24.375 82.125 -0.73664
24.375 82.375 -0.77284
24.375 82.625 -0.53073
24.375 82.875 -0.53956
24.375 83.125 -0.57827
24.375 83.375 -1.2372
24.375 83.625 -1.5491
24.375 83.875 -1.461
24.375 84.125 -0.90736
24.375 84.375 -0.52581
24.375 84.625 -1.2407
24.375 84.875 -1.617
24.375 85.125 -1.5193
24.375 85.375 -1.2683
24.375 85.625 -1.5604
24.375 85.875 -1.8222
24.375 86.125 -1.7943
24.375 86.375 -1.4654
24.375 86.625 -0.98318
24.375 86.875 -0.76006
24.375 87.125 -1.4329
24.375 87.375 -2.3683
24.375 87.625 -0.80827
24.375 87.875 -0.78334
24.375 88.125 -0.13814
24.375 92.375 -1.127
24.375 92.625 -1.6681
24.375 92.875 -2.1354
24.375 93.125 -2.2395
24.375 93.375 -1.841
24.375 93.625 -1.6766
24.375 93.875 -1.2938
24.375 94.125 -0.5823
24.625 71.125 0.41733
24.625 71.375 0.5346
24.625 71.625 0.44385
24.625 71.875 -0.10764
24.625 72.125 -0.5348
24.625 72.375 -0.2616
24.625 72.625 -0.17113
24.625 72.875 -0.24322
24.625 73.125 -0.5442
24.625 73.375 -0.43897
24.625 73.625 -0.25666
24.625 73.875 -0.44965
24.625 74.125 -0.24527
24.625 74.375 -0.077287
24.625 74.625 -0.18808
24.625 74.875 -0.39537
24.625 75.125 -0.87931
24.625 75.375 -0.58967
24.625 75.625 -0.33027
24.625 75.875 -0.59174
24.625 76.125 -0.38969
24.625 76.375 -0.19367
24.625 76.625 0.10455
24.625 76.875 0.79016
24.625 77.125 0.20593
24.625 77.375 -0.2448
24.625 77.625 -0.75247
24.625 77.875 -0.24278
24.625 78.125 -0.0066542
24.625 78.375 -0.58904
24.625 78.625 -0.79362
24.625 78.875 -0.34837
24.625 79.125 -0.44367
24.625 79.375 -0.68845
24.625 79.625 -0.35756
24.625 79.875 0.13148
24.625 80.125 -0.70831
24.625 80.375 -0.43019
24.625 80.625 0.40861
24.625 80.875 -1.8352
24.625 81.125 -1.8604
24.625 81.375 -0.26987
24.625 81.625 0.58415
24.625 81.875 0.81137
24.625 82.125 -1.1562
24.625 82.375 -1.2198
24.625 82.625 -0.39102
24.625 82.875 -0.33555
24.625 83.125 -0.47389
24.625 83.375 -1.3101
24.625 83.625 -0.7916
24.625 83.875 -1.1365
24.625 84.125 -0.72466
24.625 84.375 -0.65472
24.625 84.625 -1.5616
24.625 84.875 -1.3136
24.625 85.125 -1.2324
24.625 85.375 -1.4019
24.625 85.625 -2.1457
24.625 85.875 -1.7182
24.625 86.125 -1.7384
24.625 86.375 -0.96748
24.625 86.625 -1.1532
24.625 86.875 -0.43424
24.625 87.125 -2.1123
24.625 87.375 -2.0712
24.625 87.625 -1.1295
24.625 87.875 -0.51904
24.625 92.375 -0.31882
24.625 92.625 -1.3233
24.625 92.875 -1.9681
24.625 93.125 -1.0156
24.625 93.375 -0.35013
24.625 93.625 -1.2318
24.625 93.875 -0.16255
24.625 94.125 0.030175
NaN NaN NaN
24.875 71.125 0.066397
24.875 71.375 -0.00021694
24.875 71.625 -0.14785
24.875 71.875 -0.70175
24.875 72.125 -0.58626
24.875 72.375 -0.61568
24.875 72.625 -0.64738
24.875 72.875 -0.99332
24.875 73.125 -1.3935
24.875 73.375 -0.45874
24.875 73.625 -0.6054
24.875 73.875 0.62485
24.875 74.125 0.36835
24.875 74.375 0.41055
24.875 74.625 -0.030783
24.875 74.875 -0.4463
24.875 75.125 -1.0589
24.875 75.375 -1.1765
24.875 75.625 -0.55795
24.875 75.875 0.091899
24.875 76.125 -0.39876
24.875 76.375 -0.43101
24.875 76.625 -0.073091
24.875 76.875 0.37443
24.875 77.125 0.41187
24.875 77.375 0.64369
24.875 77.625 -0.16715
24.875 77.875 -0.049568
24.875 78.125 0.059
24.875 78.375 -0.87636
24.875 78.625 -0.72264
24.875 78.875 0.10011
24.875 79.125 -0.28854
24.875 79.375 -0.54057
24.875 79.625 -0.37842
24.875 79.875 0.9916
24.875 80.125 -0.4517
24.875 80.375 -0.3311
24.875 80.625 0.45811
24.875 80.875 -1.3769
24.875 81.125 -1.5371
24.875 81.375 -1.63
24.875 81.625 0.14565
24.875 81.875 -0.24276
24.875 82.125 -1.1111
24.875 82.375 -0.77318
24.875 82.625 1.0934
24.875 82.875 -1.3218
24.875 83.125 -1.2344
24.875 83.375 -1.3718
24.875 83.625 -0.75269
24.875 83.875 -1.2017
24.875 84.125 -1.2172
24.875 84.375 -1.7176
24.875 84.625 -1.6835
24.875 84.875 -1.2362
24.875 85.125 -1.0789
24.875 85.375 -1.9236
24.875 85.625 -0.846
24.875 85.875 -0.7452
24.875 86.125 -1.7589
24.875 86.375 -1.0653
24.875 86.625 -1.3975
24.875 86.875 -0.93469
24.875 87.125 -1.8673
24.875 87.375 -1.4717
24.875 87.625 -0.081633
24.875 87.875 0.064394
24.875 88.125 1.1967
24.875 92.625 -0.73282
24.875 92.875 0.050306
24.875 93.125 1.0147
24.875 93.375 -0.88412
24.875 93.625 -0.38265
24.875 93.875 0.37038
24.875 94.125 0.21251
24.875 94.375 0.37032
25.125 71.125 -0.026913
25.125 71.375 -0.06093
25.125 71.625 -0.4491
25.125 71.875 -0.98206
25.125 72.125 -0.67289
25.125 72.375 -0.42733
25.125 72.625 -0.64576
25.125 72.875 -0.96551
25.125 73.125 -0.9631
25.125 73.375 -0.39947
25.125 73.625 0.53131
25.125 73.875 0.068873
25.125 74.125 0.13475
25.125 74.375 -0.15333
25.125 74.625 -0.68197
25.125 74.875 -0.89613
25.125 75.125 -0.68978
25.125 75.375 -0.15481
25.125 75.625 -0.44363
25.125 75.875 -0.82264
25.125 76.125 -0.27869
25.125 76.375 -0.41273
25.125 76.625 0.068176
25.125 76.875 0.49244
25.125 77.125 0.51827
25.125 77.375 0.46771
25.125 77.625 0.22701
25.125 77.875 -0.02342
25.125 78.125 0.16786
25.125 78.375 -0.31403
25.125 78.625 -0.3967
25.125 78.875 -0.58156
25.125 79.125 -0.40625
25.125 79.375 -0.31458
25.125 79.625 -0.13173
25.125 79.875 0.4223
25.125 80.125 -1.1705
25.125 80.375 -0.63428
25.125 80.625 0.080197
25.125 80.875 -0.96352
25.125 81.125 -1.5517
25.125 81.375 -0.72933
25.125 81.625 -1.8429
25.125 81.875 -1.1035
25.125 82.125 -0.97178
25.125 82.375 0.49457
25.125 82.625 -0.43886
25.125 82.875 -0.97167
25.125 83.125 -1.7412
25.125 83.375 -1.4288
25.125 83.625 -0.7298
25.125 83.875 -1.2194
25.125 84.125 -0.99797
25.125 84.375 -1.0653
25.125 84.625 -1.1294
25.125 84.875 -1.3582
25.125 85.125 -1.1158
25.125 85.375 -0.92416
25.125 85.625 0.34075
25.125 85.875 0.30393
25.125 86.125 -0.31566
25.125 86.375 -0.70664
25.125 86.625 -0.064029
25.125 86.875 -0.86001
25.125 87.125 -0.41302
25.125 87.375 -0.87797
25.125 87.625 -0.28166
25.125 87.875 0.30716
25.125 88.125 0.96677
25.125 88.375 1.0263
25.125 92.375 -1.0649
25.125 92.625 -0.57991
25.125 92.875 0.10827
25.125 93.125 1.4314
25.125 93.375 -0.54675
25.125 93.625 -0.20651
25.125 93.875 0.12775
25.125 94.125 0.034906
25.125 94.375 0.23636
25.375 70.875 0.43538
25.375 71.125 0.060056
25.375 71.375 -0.054647
25.375 71.625 -0.34026
25.375 71.875 -0.45855
25.375 72.125 -0.087314
25.375 72.375 -0.2877
25.375 72.625 -0.55242
25.375 72.875 -0.74084
25.375 73.125 -0.64857
25.375 73.375 -0.038109
25.375 73.625 0.59968
25.375 73.875 -0.086306
25.375 74.125 -0.13079
25.375 74.375 -0.38946
25.375 74.625 -0.39688
25.375 74.875 0.066117
25.375 75.125 -0.079765
25.375 75.375 -0.16915
25.375 75.625 0.0049054
25.375 75.875 -0.24989
25.375 76.125 -0.18011
25.375 76.375 -0.43182
25.375 76.625 -0.46166
25.375 76.875 -0.12496
25.375 77.125 0.38748
25.375 77.375 0.39253
25.375 77.625 0.25285
25.375 77.875 0.44703
25.375 78.125 -0.33419
25.375 78.375 -0.25247
25.375 78.625 -1.3152
25.375 78.875 -1.4439
25.375 79.125 -0.44059
25.375 79.375 0.91466
25.375 79.625 -0.17798
25.375 79.875 0.14229
25.375 80.125 -0.014689
25.375 80.375 -0.13606
25.375 80.625 -0.42203
25.375 80.875 -1.7549
25.375 81.125 -1.1386
25.375 81.375 -0.56104
25.375 81.625 -0.58071
25.375 81.875 -1.6095
25.375 82.125 -1.689
25.375 82.375 -1.8617
25.375 82.625 -1.6778
25.375 82.875 -1.2129
25.375 83.125 -1.7486
25.375 83.375 -0.55216
25.375 83.625 -0.24661
25.375 83.875 -0.3315
25.375 84.125 -0.62653
25.375 84.375 -1.1134
25.375 84.625 -1.4829
25.375 84.875 -0.41305
25.375 85.125 -1.0304
25.375 85.375 -1.344
25.375 85.625 -0.49482
25.375 85.875 1.1482
25.375 86.125 1.6738
25.375 86.375 0.045206
25.375 86.625 -0.4116
25.375 86.875 -0.52176
25.375 87.125 -1.0933
25.375 87.375 -0.5601
25.375 87.625 0.71743
25.375 87.875 0.63989
25.375 88.125 0.85317
25.375 88.375 0.69863
25.375 88.625 0.046306
25.375 90.125 0.30099
25.375 90.375 -0.42651
25.375 90.625 0.20728
25.375 90.875 0.0039149
25.375 91.125 0.28587
25.375 91.375 -0.054458
25.375 91.625 -0.67533
25.375 91.875 -0.81372
25.375 92.125 -1.5229
25.375 92.375 -1.8235
25.375 92.625 -1.7713
25.375 92.875 -0.28261
25.375 93.125 -0.82619
25.375 93.375 -0.78233
25.375 93.625 0.034121
25.375 93.875 -0.08923
25.375 94.125 0.19248
25.375 94.375 0.49554
25.625 70.875 0.14343
25.625 71.125 -0.13199
25.625 71.375 -0.1063
25.625 71.625 -0.02029
25.625 71.875 0.22911
25.625 72.125 0.26597
25.625 72.375 0.40704
25.625 72.625 -0.39309
25.625 72.875 -0.50776
25.625 73.125 -0.54057
25.625 73.375 -0.15107
25.625 73.625 0.39225
25.625 73.875 0.1879
25.625 74.125 0.26089
25.625 74.375 -0.40807
25.625 74.625 -0.12453
25.625 74.875 0.89313
25.625 75.125 -0.12499
25.625 75.375 -0.21524
25.625 75.625 0.27695
25.625 75.875 0.32295
25.625 76.125 0.056177
25.625 76.375 -0.43867
25.625 76.625 -0.93457
25.625 76.875 -0.84704
25.625 77.125 -0.73554
25.625 77.375 0.040535
25.625 77.625 0.17047
25.625 77.875 0.71735
25.625 78.125 0.24748
25.625 78.375 -0.95316
25.625 78.625 -0.69007
25.625 78.875 -1.1292
25.625 79.125 0.45798
25.625 79.375 1.4557
25.625 79.625 0.16798
25.625 79.875 0.019536
25.625 80.125 -0.046865
25.625 80.375 -0.29321
25.625 80.625 -1.6701
25.625 80.875 -1.9657
25.625 81.125 -1.2007
25.625 81.375 -0.57688
25.625 81.625 -1.165
25.625 81.875 -0.95046
25.625 82.125 -1.4926
25.625 82.375 -1.0422
25.625 82.625 -2.0091
25.625 82.875 -1.8553
25.625 83.125 -1.5405
25.625 83.375 -0.89088
25.625 83.625 -0.56311
25.625 83.875 -1.2177
25.625 84.125 -1.6711
25.625 84.375 -1.7549
25.625 84.625 -0.34028
25.625 84.875 -0.38383
25.625 85.125 -1.1542
25.625 85.375 -1.0898
25.625 85.625 -0.53345
25.625 85.875 -0.48762
25.625 86.125 -0.74
25.625 86.375 -0.72313
25.625 86.625 -1.1463
25.625 86.875 0.12484
25.625 87.125 -0.39031
25.625 87.375 -0.69391
25.625 87.625 -0.17374
25.625 87.875 0.041048
25.625 88.125 0.30624
25.625 90.125 0.69133
25.625 90.375 0.19266
25.625 90.625 -0.33201
25.625 90.875 0.11289
25.625 91.125 1.7991
25.625 91.375 0.88362
25.625 91.625 0.64907
25.625 91.875 -0.7648
25.625 92.125 -1.5501
25.625 92.375 -1.4621
25.625 92.625 -1.6675
25.625 92.875 -1.3527
25.625 93.125 -1.5418
25.625 93.375 -1.4507
25.625 93.625 -0.51546
25.625 93.875 0.39088
25.625 94.125 0.8646
25.625 94.375 0.18821
NaN NaN NaN
NaN NaN NaN
25.875 70.375 1.017
25.875 70.625 0.45971
25.875 70.875 0.15561
25.875 71.125 0.17456
25.875 71.375 -0.077294
25.875 71.625 -0.047455
25.875 71.875 0.47236
25.875 72.125 0.85232
25.875 72.375 0.44994
25.875 72.625 -0.25555
25.875 72.875 -0.34041
25.875 73.125 -0.3662
25.875 73.375 0.31185
25.875 73.625 0.32808
25.875 73.875 0.21907
25.875 74.125 0.17503
25.875 74.375 -0.15904
25.875 74.625 0.58671
25.875 74.875 0.38177
25.875 75.125 -0.15719
25.875 75.375 -0.64069
25.875 75.625 -0.40224
25.875 75.875 0.25657
25.875 76.125 0.082559
25.875 76.375 -0.1386
25.875 76.625 -0.25872
25.875 76.875 -0.2003
25.875 77.125 -0.76949
25.875 77.375 -0.20324
25.875 77.625 0.27401
25.875 77.875 0.1187
25.875 78.125 0.58601
25.875 78.375 -0.052251
25.875 78.625 0.088898
25.875 78.875 -0.38286
25.875 79.125 -0.61596
25.875 79.375 -0.8002
25.875 79.625 -0.85817
25.875 79.875 -0.38774
25.875 80.125 -0.81386
25.875 80.375 -1.1921
25.875 80.625 -0.98805
25.875 80.875 -1.4737
25.875 81.125 -1.4173
25.875 81.375 -0.279
25.875 81.625 -0.90599
25.875 81.875 -0.67889
25.875 82.125 -2.1785
25.875 82.375 -1.2108
25.875 82.625 -1.2212
25.875 82.875 -0.76748
25.875 83.125 -1.7921
25.875 83.375 -1.7418
25.875 83.625 0.19229
25.875 83.875 -1.1267
25.875 84.125 0.37804
25.875 84.375 -1.5103
25.875 84.625 -0.43565
25.875 84.875 -0.76777
25.875 85.125 -0.69917
25.875 85.375 -0.66335
25.875 85.625 -0.28367
25.875 85.875 -0.8076
25.875 86.125 -1.3748
25.875 86.375 -0.39124
25.875 86.625 0.41468
25.875 86.875 0.53275
25.875 87.125 -0.13815
25.875 87.375 -0.39621
25.875 87.625 -0.72553
25.875 87.875 -0.90376
25.875 90.125 -1.0634
25.875 90.375 -0.74364
25.875 90.625 0.25342
25.875 90.875 -0.56421
25.875 91.125 0.206
25.875 91.375 0.36936
25.875 91.625 -0.87127
25.875 91.875 -1.5937
25.875 92.125 -1.2608
25.875 92.375 -1.0695
25.875 92.625 -0.54752
25.875 92.875 -1.2912
25.875 93.125 -2.1541
25.875 93.375 -2.2143
25.875 93.625 -0.98371
25.875 93.875 0.92035
25.875 94.125 0.61246
25.875 94.375 0.28902
25.875 94.625 -0.037358
25.875 94.875 0.39878
26.125 70.375 1.056
26.125 70.625 0.52949
26.125 70.875 0.35357
26.125 71.125 0.82117
26.125 71.375 0.40263
26.125 71.625 0.38075
26.125 71.875 0.3463
26.125 72.125 0.16178
26.125 72.375 0.25402
26.125 72.625 0.038739
26.125 72.875 -0.020389
26.125 73.125 -0.089033
26.125 73.375 0.095634
26.125 73.625 0.49612
26.125 73.875 0.19122
26.125 74.125 -0.1933
26.125 74.375 0.078884
26.125 74.625 -0.11274
26.125 74.875 0.70042
26.125 75.125 0.78009
26.125 75.375 -0.50416
26.125 75.625 -0.50207
26.125 75.875 -0.47565
26.125 76.125 -0.44526
26.125 76.375 -0.30698
26.125 76.625 0.21765
26.125 76.875 -0.021462
26.125 77.125 -0.71259
26.125 77.375 -0.36597
26.125 77.625 -0.13831
26.125 77.875 0.28463
26.125 78.125 0.47277
26.125 78.375 0.93482
26.125 78.625 1.2922
26.125 78.875 -0.33461
26.125 79.125 -0.46008
26.125 79.375 -0.32544
26.125 79.625 -1.2984
26.125 79.875 -0.9416
26.125 80.125 -0.52969
26.125 80.375 -1.0539
26.125 80.625 -1.4843
26.125 80.875 -0.14139
26.125 81.125 -0.68092
26.125 81.375 -1.7499
26.125 81.625 -0.30177
26.125 81.875 -0.61659
26.125 82.125 -1.5727
26.125 82.375 -1.092
26.125 82.625 -0.92538
26.125 82.875 -0.71852
26.125 83.125 -1.6012
26.125 83.375 -1.7743
26.125 83.625 -1.333
26.125 83.875 0.42561
26.125 84.125 0.67175
26.125 84.375 -0.66994
26.125 84.625 -0.1256
26.125 84.875 -1.0153
26.125 85.125 0.49759
26.125 85.375 -1.4866
26.125 85.625 -0.905
26.125 85.875 1.1365
26.125 86.125 -0.58459
26.125 86.375 -0.60289
26.125 86.625 0.028531
26.125 86.875 -0.079372
26.125 87.125 -0.37471
26.125 87.375 -0.56357
26.125 87.625 -0.56737
26.125 87.875 -0.73303
26.125 88.125 -0.018325
26.125 89.375 -0.26925
26.125 89.875 0.11167
26.125 90.125 -1.0972
26.125 90.375 -0.34055
26.125 90.625 0.40188
26.125 90.875 -1.0886
26.125 91.125 -1.0924
26.125 91.375 -0.093811
26.125 91.625 -1.6403
26.125 91.875 -1.5837
26.125 92.125 -0.77071
26.125 92.375 -0.27415
26.125 92.625 0.30885
26.125 92.875 -0.71409
26.125 93.125 -1.7946
26.125 93.375 -0.86218
26.125 93.625 -0.13107
26.125 93.875 1.3132
26.125 94.125 0.71563
26.125 94.375 0.19456
26.125 94.625 -0.26684
26.125 94.875 0.097712
26.375 70.375 -0.54264
26.375 70.625 -0.47909
26.375 70.875 -0.55406
26.375 71.125 -0.18402
26.375 71.375 0.41201
26.375 71.625 0.25864
26.375 71.875 0.29104
26.375 72.125 0.20783
26.375 72.375 0.20181
26.375 72.625 -0.010911
26.375 72.875 -0.0048467
26.375 73.125 -0.45293
26.375 73.375 -0.40474
26.375 73.625 0.18659
26.375 73.875 0.20658
26.375 74.125 0.09327
26.375 74.375 0.71394
26.375 74.625 -0.64725
26.375 74.875 0.23708
26.375 75.125 0.48398
26.375 75.375 0.32006
26.375 75.625 -0.61159
26.375 75.875 -0.57268
26.375 76.125 -0.43862
26.375 76.375 -0.066295
26.375 76.625 0.70023
26.375 76.875 0.44624
26.375 77.125 -0.25442
26.375 77.375 0.66828
26.375 77.625 -0.045528
26.375 77.875 -0.5668
26.375 78.125 0.27026
26.375 78.375 0.042537
26.375 78.625 1.5536
26.375 78.875 0.92882
26.375 79.125 0.6932
26.375 79.375 -1.2076
26.375 79.625 -1.3533
26.375 79.875 -0.14484
26.375 80.125 0.26079
26.375 80.375 -1.1001
26.375 80.625 -1.2297
26.375 80.875 -0.5646
26.375 81.125 -1.044
26.375 81.375 -1.9813
26.375 81.625 -1.4636
26.375 81.875 -0.97079
26.375 82.125 -1.537
26.375 82.375 -1.5458
26.375 82.625 -1.1541
26.375 82.875 -0.38123
26.375 83.125 -0.94471
26.375 83.375 -1.472
26.375 83.625 0.10553
26.375 83.875 -0.077758
26.375 84.125 0.19307
26.375 84.375 -0.64076
26.375 84.625 -1.0841
26.375 84.875 -1.1113
26.375 85.125 -1.166
26.375 85.375 -1.1469
26.375 85.625 -0.96815
26.375 85.875 -0.5404
26.375 86.125 -0.99741
26.375 86.375 -1.6877
26.375 86.625 -1.6225
26.375 86.875 -0.10302
26.375 87.125 -0.36871
26.375 87.625 -0.98998
26.375 87.875 -0.96419
26.375 88.125 -0.3427
26.375 88.375 0.31994
26.375 88.875 0.51962
26.375 89.375 -0.018919
26.375 89.625 -0.19734
26.375 89.875 -0.66318
26.375 90.125 -0.42378
26.375 90.375 -0.43588
26.375 90.625 -0.47166
26.375 90.875 -1.1086
26.375 91.125 -1.7431
26.375 91.375 -1.3517
26.375 91.625 -1.3396
26.375 91.875 -0.83875
26.375 92.125 0.11988
26.375 92.375 0.46832
26.375 92.625 1.022
26.375 92.875 -0.57441
26.375 93.125 -0.53825
26.375 93.375 -1.2565
26.375 93.625 -0.58429
26.375 93.875 0.96146
26.375 94.125 0.77607
26.375 94.375 -0.068842
26.375 94.625 -0.1888
26.375 94.875 0.19051
26.625 69.875 -0.52673
26.625 70.125 -0.75564
26.625 70.375 -0.89328
26.625 70.625 -0.12457
26.625 70.875 -0.19217
26.625 71.125 -0.29654
26.625 71.375 0.35632
26.625 71.625 0.59918
26.625 71.875 0.67072
26.625 72.125 0.6327
26.625 72.375 0.16411
26.625 72.625 0.066922
26.625 72.875 0.018098
26.625 73.125 -0.19162
26.625 73.375 -0.28847
26.625 73.625 0.13389
26.625 73.875 0.3052
26.625 74.125 0.57034
26.625 74.375 0.68411
26.625 74.625 0.39689
26.625 74.875 1.0191
26.625 75.125 -0.057659
26.625 75.375 -0.22831
26.625 75.625 -0.43242
26.625 75.875 -0.78342
26.625 76.125 0.25555
26.625 76.375 0.054129
26.625 76.625 -0.27261
26.625 76.875 0.50512
26.625 77.125 0.48964
26.625 77.375 0.78675
26.625 77.625 0.57375
26.625 77.875 -1.2015
26.625 78.125 -0.012684
26.625 78.375 1.4
26.625 78.625 0.78256
26.625 78.875 0.28371
26.625 79.125 -1.0541
26.625 79.375 -0.25583
26.625 79.625 -0.018221
26.625 79.875 -0.81126
26.625 80.125 -1.5201
26.625 80.375 -0.55712
26.625 80.625 -1.1567
26.625 80.875 -0.78857
26.625 81.125 0.040634
26.625 81.375 -1.2435
26.625 81.625 -1.0702
26.625 81.875 -0.019257
26.625 82.125 -1.5297
26.625 82.375 -1.1475
26.625 82.625 -2.1535
26.625 82.875 -0.98316
26.625 83.125 -0.48543
26.625 83.375 -1.1992
26.625 83.625 -0.84362
26.625 83.875 -1.0198
26.625 84.125 0.51276
26.625 84.375 -0.801
26.625 84.625 -1.7494
26.625 84.875 -1.5549
26.625 85.125 -1.1365
26.625 85.375 -1.1573
26.625 85.625 -0.93204
26.625 86.125 -1.469
26.625 88.375 -0.052955
26.625 88.625 0.16247
26.625 88.875 -0.065748
26.625 89.125 -0.098408
26.625 89.375 -0.16644
26.625 89.625 -0.34091
26.625 89.875 -1.0407
26.625 90.125 -0.82901
26.625 90.375 -1.8282
26.625 90.625 -2.0709
26.625 90.875 -1.3609
26.625 91.125 -1.1974
26.625 91.375 -1.0469
26.625 91.625 -1.2859
26.625 91.875 -1.1595
26.625 92.125 -0.41963
26.625 92.375 -0.40748
26.625 92.625 -0.83974
26.625 92.875 0.21048
26.625 93.125 -0.72181
26.625 93.375 -0.62608
26.625 93.625 -0.081948
26.625 93.875 -0.26234
26.625 94.125 -1.4033
26.625 94.375 -0.99683
26.625 94.625 -0.25453
26.625 94.875 0.33052
26.625 95.125 0.91616
26.875 69.625 -0.47032
26.875 69.875 -0.58062
26.875 70.125 -0.71035
26.875 70.375 -0.65936
26.875 70.625 -0.032492
26.875 70.875 -0.0725
26.875 71.125 -0.13499
26.875 71.375 0.10033
26.875 71.625 0.29465
26.875 71.875 0.52048
26.875 72.125 0.71929
26.875 72.375 0.40937
26.875 72.625 0.22356
26.875 72.875 0.29341
26.875 73.125 0.73664
26.875 73.375 0.26795
26.875 73.625 0.48633
26.875 73.875 0.9328
26.875 74.125 0.88453
26.875 74.375 0.68998
26.875 74.625 0.76526
26.875 74.875 1.3855
26.875 75.125 1.0551
26.875 75.375 0.032313
26.875 75.625 -1.0689
26.875 75.875 -0.36819
26.875 76.125 0.63042
26.875 76.375 0.50763
26.875 76.625 -0.12378
26.875 76.875 0.44685
26.875 77.125 0.64916
26.875 77.375 -0.16068
26.875 77.625 0.094619
26.875 77.875 -0.33542
26.875 78.125 -0.55916
26.875 78.375 0.12924
26.875 78.625 0.051027
26.875 78.875 -0.041478
26.875 79.125 -0.094833
26.875 79.375 0.30904
26.875 79.625 0.30575
26.875 79.875 -0.12042
26.875 80.125 -1.287
26.875 80.375 -0.86242
26.875 80.625 -1.1562
26.875 80.875 -0.91806
26.875 81.125 -0.36356
26.875 81.375 -0.86301
26.875 81.625 -1.451
26.875 81.875 -0.0055648
26.875 82.125 -0.10657
26.875 82.375 -1.9312
26.875 82.625 -1.3536
26.875 82.875 -0.92
26.875 83.125 -1.0523
26.875 83.375 -1.4208
26.875 83.625 -1.3268
26.875 83.875 -1.0591
26.875 84.125 0.15169
26.875 84.375 -1.1227
26.875 84.625 -1.1299
26.875 84.875 -1.5253
26.875 88.375 -0.04305
26.875 88.625 -0.87604
26.875 88.875 -0.47237
26.875 92.375 -0.91609
26.875 92.625 -0.47713
26.875 92.875 0.013479
26.875 93.125 0.38432
26.875 93.375 -0.81311
26.875 93.625 -1.1137
26.875 93.875 -1.3672
26.875 94.125 -1.4327
26.875 94.375 0.065839
26.875 94.625 -0.065237
26.875 94.875 0.13768
26.875 95.125 0.40358
26.875 95.375 0.50127
26.875 95.625 -0.35937
27.125 69.875 -0.43366
27.125 70.125 -0.37354
27.125 70.375 -0.32264
27.125 70.625 -0.24764
27.125 70.875 -0.12904
27.125 71.125 -0.014764
27.125 71.375 -0.16968
27.125 71.625 -0.1086
27.125 71.875 0.74628
27.125 72.125 0.66712
27.125 72.375 0.44738
27.125 72.625 0.59822
27.125 72.875 0.45281
27.125 73.125 0.61524
27.125 73.375 0.34408
27.125 73.625 0.34225
27.125 73.875 1.1836
27.125 74.125 1.1595
27.125 74.375 0.61481
27.125 74.625 0.66715
27.125 74.875 0.088765
27.125 75.125 0.40338
27.125 75.375 0.3081
27.125 75.625 0.47913
27.125 75.875 0.43178
27.125 76.125 0.38455
27.125 76.375 0.44969
27.125 76.625 0.25949
27.125 76.875 -0.26839
27.125 77.125 0.9142
27.125 77.375 -0.19415
27.125 77.625 0.58659
27.125 77.875 -0.31395
27.125 78.125 0.91199
27.125 78.375 -0.084306
27.125 78.625 -1.3206
27.125 78.875 -0.69633
27.125 79.125 -0.025787
27.125 79.375 -0.92535
27.125 79.625 -0.3807
27.125 79.875 -0.18098
27.125 80.125 -0.75492
27.125 80.375 -1.4589
27.125 80.625 -1.907
27.125 80.875 -1.5289
27.125 81.125 -0.61839
27.125 81.375 -0.61339
27.125 81.625 -1.0212
27.125 81.875 -0.49786
27.125 82.125 -0.54638
27.125 82.375 -1.3954
27.125 82.625 -0.1157
27.125 82.875 -0.23322
27.125 83.125 -1.0866
27.125 83.375 0.22949
27.125 83.625 0.068298
27.125 83.875 -0.26996
27.125 84.125 -0.79898
27.125 84.375 -0.69847
27.125 84.625 -0.99996
27.125 88.125 -0.098536
27.125 88.375 -0.55187
27.125 88.625 -0.71281
27.125 92.125 -1.4515
27.125 92.375 -0.60965
27.125 92.625 -0.4025
27.125 92.875 0.15545
27.125 93.125 -0.0093325
27.125 93.375 0.19036
27.125 93.625 -0.36464
27.125 93.875 0.67982
27.125 94.125 0.22156
27.125 94.375 0.20702
27.125 94.625 -0.48873
27.125 94.875 -0.28665
27.125 95.125 0.19116
27.125 95.375 0.20353
27.125 95.625 -0.2938
27.125 95.875 -0.52634
27.375 70.125 -0.34085
27.375 70.375 -0.2558
27.375 70.625 -0.33375
27.375 70.875 -0.13209
27.375 71.125 -0.19289
27.375 71.375 -0.16659
27.375 71.625 -0.34737
27.375 71.875 0.55133
27.375 72.125 0.72586
27.375 72.375 0.70861
27.375 72.625 0.41683
27.375 72.875 0.3322
27.375 73.125 0.48477
27.375 73.375 0.46296
27.375 73.625 0.60516
27.375 73.875 0.90962
27.375 74.125 0.72725
27.375 74.375 0.67139
27.375 74.625 0.63942
27.375 74.875 0.59681
27.375 75.125 0.15458
27.375 75.375 0.085178
27.375 75.625 0.89304
27.375 75.875 0.93327
27.375 76.125 0.010851
27.375 76.375 0.1099
27.375 76.625 0.60337
27.375 76.875 1.2214
27.375 77.125 0.50075
27.375 77.375 -1.5446
27.375 77.625 0.038202
27.375 77.875 0.6203
27.375 78.125 0.95328
27.375 78.375 -0.51823
27.375 78.625 -0.54865
27.375 78.875 0.031715
27.375 79.125 -0.28876
27.375 79.375 -1.2673
27.375 79.625 -1.1256
27.375 79.875 -0.38932
27.375 80.125 -1.5393
27.375 80.375 -2.1802
27.375 80.625 -1.8814
27.375 80.875 -2.1547
27.375 81.125 -1.139
27.375 81.375 -0.96878
27.375 81.625 -2.0487
27.375 81.875 -1.2092
27.375 82.125 -0.83645
27.375 82.375 -0.87591
27.375 82.625 0.19142
27.375 82.875 -0.3989
27.375 83.125 -0.59232
27.375 83.625 0.1792
27.375 84.125 -0.30885
27.375 84.375 -0.78086
27.375 88.125 0.28752
27.375 88.375 -1.3605
27.375 88.625 -2.0398
27.375 92.125 -1.1685
27.375 92.375 -0.61983
27.375 92.625 -0.33031
27.375 92.875 -0.75859
27.375 93.125 -2.0631
27.375 93.375 -1.8107
27.375 93.625 0.46012
27.375 93.875 0.85911
27.375 94.125 0.957
27.375 94.375 -1.4642
27.375 94.625 -1.2724
27.375 94.875 -0.72367
27.375 95.125 0.23999
27.375 95.375 0.016812
27.375 95.625 -0.87639
27.375 95.875 -0.97621
27.375 96.125 -1.5239
27.375 96.375 -2.0465
NaN NaN NaN
27.375 96.875 -0.73887
27.625 70.125 -0.37168
27.625 70.375 -0.31294
27.625 70.625 -0.27862
27.625 70.875 -0.29914
27.625 71.125 -0.26228
27.625 71.375 -0.088336
27.625 71.625 0.030646
27.625 71.875 0.56208
27.625 72.125 0.88613
27.625 72.375 0.73864
27.625 72.625 0.02512
27.625 72.875 0.086794
27.625 73.125 0.15778
27.625 73.375 0.36139
27.625 73.625 0.43192
27.625 73.875 0.85762
27.625 74.125 0.73626
27.625 74.375 0.54186
27.625 74.625 0.097572
27.625 74.875 0.31804
27.625 75.125 0.21215
27.625 75.375 0.47818
27.625 75.625 0.70867
27.625 75.875 0.1669
27.625 76.125 0.082998
27.625 76.375 -0.022713
27.625 76.625 0.88029
27.625 76.875 1.3716
27.625 77.125 -0.80556
27.625 77.375 -0.68964
27.625 77.625 -1.2718
27.625 77.875 -0.10753
27.625 78.125 0.98776
27.625 78.375 0.059339
27.625 78.625 -1.0483
27.625 78.875 -0.39533
27.625 79.125 -0.90932
27.625 79.375 -1.8892
27.625 79.625 -1.0581
27.625 79.875 0.19451
27.625 80.125 -0.93815
27.625 80.375 -1.4078
27.625 80.625 -2.0536
27.625 80.875 -1.9795
27.625 81.125 -1.094
27.625 81.375 -1.1211
27.625 81.625 -1.6921
27.625 81.875 -1.4947
27.625 82.125 -1.105
27.625 82.375 -1.053
27.625 82.625 -0.0082562
27.625 88.375 -1.3598
27.625 88.625 -1.4748
27.625 91.625 -1.3741
27.625 91.875 -1.4565
27.625 92.125 -0.93401
27.625 92.375 -0.64709
27.625 92.625 -0.79455
27.625 92.875 -1.2783
27.625 93.125 -1.8218
27.625 93.375 -1.7608
27.625 93.625 -1.5886
27.625 93.875 -2.2956
27.625 94.125 -1.1183
27.625 94.375 -1.0082
27.625 94.625 -1.5879
27.625 94.875 -1.6175
27.625 95.125 -1.789
27.625 95.375 -1.4282
27.625 95.625 -1.4594
27.625 95.875 -1.5099
27.625 96.125 -1.9713
27.625 96.375 -2.4769
27.625 96.625 -1.2051
27.625 96.875 -1.2878
27.875 70.375 -0.31598
27.875 71.875 0.32006
27.875 72.125 0.31964
27.875 72.375 0.16827
27.875 72.625 0.075153
27.875 72.875 0.22559
27.875 73.125 0.057709
27.875 73.375 0.38201
27.875 73.625 0.30542
27.875 73.875 0.32472
27.875 74.125 0.41705
27.875 74.375 0.080876
27.875 74.625 -0.28167
27.875 74.875 -0.026855
27.875 75.125 0.13389
27.875 75.375 0.92817
27.875 75.625 0.69484
27.875 75.875 0.16987
27.875 76.125 0.33259
27.875 76.375 0.62254
27.875 76.625 0.089736
27.875 76.875 0.30631
27.875 77.125 0.19666
27.875 77.375 -0.71901
27.875 77.625 -1.3475
27.875 77.875 0.036593
27.875 78.125 0.75054
27.875 78.375 1.206
27.875 78.625 0.43299
27.875 78.875 -0.14009
27.875 79.125 -0.37862
27.875 79.375 -0.92467
27.875 79.625 -0.48813
27.875 79.875 0.84503
27.875 80.125 0.23775
27.875 80.375 -0.59989
27.875 80.625 -1.7104
27.875 80.875 -2.1281
27.875 81.125 -1.439
27.875 81.375 -1.0625
27.875 81.625 -1.078
NaN NaN NaN
NaN NaN NaN
27.875 92.875 -1.7169
27.875 93.125 -2.02
27.875 93.375 -2.0104
27.875 93.625 -2.0494
27.875 93.875 -2.1797
27.875 94.125 -1.5471
27.875 94.375 -1.0567
27.875 94.625 -1.3989
27.875 94.875 -0.94262
27.875 95.125 -0.82819
27.875 95.375 -2.0582
27.875 95.625 -1.6824
27.875 95.875 -2.2211
27.875 96.125 -2.223
27.875 96.375 -2.6483
27.875 96.625 -0.93547
NaN NaN NaN
27.875 97.125 -0.80264
28.125 72.125 -0.12276
28.125 72.375 -0.40286
28.125 72.625 -0.088037
28.125 72.875 0.43418
28.125 73.125 0.84735
28.125 73.375 0.7689
28.125 73.625 0.53093
28.125 73.875 0.40847
28.125 74.125 0.12512
28.125 74.375 0.014381
28.125 74.625 -0.29148
28.125 74.875 0.052682
28.125 75.125 0.1903
28.125 75.375 0.56552
28.125 75.625 0.45791
28.125 75.875 -0.015979
28.125 76.125 0.75679
28.125 76.375 0.78018
28.125 76.625 1.4321
28.125 76.875 1.1079
28.125 77.125 0.067805
28.125 77.375 -0.38841
28.125 77.625 -0.36667
28.125 77.875 0.35029
28.125 78.125 1.4073
28.125 78.375 1.4352
28.125 78.625 -0.63838
28.125 78.875 -0.41522
28.125 79.125 -0.59235
28.125 79.375 -1.2583
28.125 79.625 -1.1198
28.125 79.875 -0.095541
28.125 80.125 -0.080664
28.125 80.375 -0.34392
28.125 80.625 -0.73989
28.125 80.875 -1.5677
28.125 81.125 -1.7162
28.125 81.375 -1.1239
28.125 92.875 -1.9365
28.125 93.125 -2.1196
28.125 93.375 -2.0965
28.125 93.625 -2.3106
28.125 93.875 -2.2294
28.125 94.125 -1.6113
28.125 94.375 -1.3739
28.125 94.625 -1.553
28.125 94.875 -1.1166
28.125 95.125 -1.2373
28.125 95.375 -1.711
28.125 95.625 -1.8376
28.125 95.875 -1.9861
28.125 96.125 -2.2195
28.125 96.375 -0.94077
NaN NaN NaN
NaN NaN NaN
NaN NaN NaN
28.375 72.375 -0.61733
28.375 72.625 -0.3229
28.375 72.875 0.17085
28.375 73.125 0.58134
28.375 73.375 0.38955
28.375 73.625 0.17551
28.375 73.875 0.36512
28.375 74.125 0.17754
28.375 74.375 -0.072304
28.375 74.625 -0.058759
28.375 74.875 -0.0055634
28.375 75.125 -0.022337
28.375 75.375 0.35545
28.375 75.625 0.54143
28.375 75.875 0.6155
28.375 76.125 0.91833
28.375 76.375 0.50073
28.375 76.625 0.87033
28.375 76.875 0.60668
28.375 77.125 -0.41195
28.375 77.375 -0.72515
28.375 77.625 -0.67816
28.375 77.875 -0.60695
28.375 78.125 0.65905
28.375 78.375 0.18232
28.375 78.625 -1.3637
28.375 78.875 -1.4233
28.375 79.125 -1.0713
28.375 79.375 -1.0259
28.375 79.625 -1.6044
28.375 79.875 -1.465
28.375 80.125 -0.60187
28.375 80.375 -0.25911
28.375 80.625 -0.70158
28.375 80.875 -1.1249
28.375 81.125 -1.1497
28.375 93.375 -2.0351
28.375 93.625 -1.8939
28.375 93.875 -1.5876
28.375 94.125 -1.1779
28.375 94.375 -1.1874
28.375 94.625 -0.98868
28.375 94.875 -0.95122
28.375 95.125 -1.1655
28.375 95.375 -1.0574
28.375 95.625 -1.7879
28.375 95.875 -1.6121
28.375 96.125 -1.8922
NaN NaN NaN
28.625 72.375 -0.50111
28.625 72.625 -0.059205
28.625 72.875 0.3627
28.625 73.125 0.61487
28.625 73.375 0.57712
28.625 73.625 0.49391
28.625 73.875 0.11907
28.625 74.125 0.0028483
28.625 74.375 0.020429
28.625 74.625 -0.037882
28.625 74.875 -0.0444
28.625 75.125 -0.11063
28.625 75.375 0.071131
28.625 75.625 0.22427
28.625 75.875 0.42737
28.625 76.125 0.68903
28.625 76.375 0.42569
28.625 76.625 0.66134
28.625 76.875 0.29632
28.625 77.125 -0.74002
28.625 77.375 -0.83617
28.625 77.625 -0.94973
28.625 77.875 -1.5709
28.625 78.125 -0.95734
28.625 78.375 -0.45706
28.625 78.625 -1.9014
28.625 78.875 -1.7006
28.625 79.125 -0.18768
28.625 79.375 -1.2075
28.625 79.625 -0.64632
28.625 79.875 -1.4829
28.625 80.125 -0.60307
28.625 80.375 -0.22256
28.625 80.625 -0.61471
28.625 93.625 -0.72728
NaN NaN NaN
28.625 94.125 -0.46646
28.625 94.375 -0.8819
28.625 94.625 -0.78384
28.625 94.875 -0.77394
28.625 95.125 -1.1334
28.625 95.375 -1.242
28.625 95.625 -1.4898
28.625 95.875 -1.6781
28.625 96.125 -1.0212
NaN NaN NaN
28.875 72.875 0.24573
28.875 73.125 0.77436
28.875 73.375 0.88496
28.875 73.625 0.85137
28.875 73.875 0.36615
28.875 74.125 -0.096768
28.875 74.375 -0.41649
28.875 74.625 -0.10616
28.875 74.875 -0.29403
28.875 75.125 -0.43905
28.875 75.375 -0.1247
28.875 75.625 -0.035721
28.875 75.875 0.2726
28.875 76.125 0.27975
28.875 76.375 -0.070025
28.875 76.625 -0.48491
28.875 76.875 -0.20701
28.875 77.125 0.037204
28.875 77.375 0.79722
28.875 77.625 0.46167
28.875 77.875 -0.34253
28.875 78.125 -1.4854
28.875 78.375 -1.3448
28.875 78.625 -1.7372
28.875 78.875 -1.7269
28.875 79.125 -0.44292
28.875 79.375 -0.21328
28.875 79.625 -0.60453
28.875 79.875 -1.0384
28.875 94.125 -0.25031
28.875 94.375 -0.22157
28.875 94.625 -0.67517
28.875 94.875 -0.20293
28.875 95.125 -0.5935
28.875 95.375 -1.3505
28.875 95.625 -1.0463
28.875 95.875 -1.0428
28.875 96.125 -0.89832
NaN NaN NaN
29.125 73.125 0.5984
29.125 73.375 0.99864
29.125 73.625 0.36213
29.125 73.875 0.63235
29.125 74.125 -0.063909
29.125 74.375 -0.44555
29.125 74.625 -0.2993
29.125 74.875 -0.55512
29.125 75.125 -0.72002
29.125 75.375 0.0563
29.125 75.625 0.014054
29.125 75.875 -0.54989
29.125 76.125 -0.6276
29.125 76.375 -1.1204
29.125 76.625 -0.61562
29.125 76.875 -0.72149
29.125 77.125 -0.35247
29.125 77.375 0.13538
29.125 77.625 0.78121
29.125 77.875 0.5878
29.125 78.125 -1.1736
29.125 78.375 -1.2491
29.125 78.625 -0.7522
29.125 78.875 -1.0111
29.125 79.125 -0.14723
29.125 79.375 -0.19871
29.125 79.625 -1.4587
29.125 79.875 -1.3242
29.125 80.125 -0.77263
29.125 94.375 -0.29079
29.125 94.625 -0.28943
29.125 94.875 -0.01371
29.125 95.625 -1.022
29.125 95.875 -0.39174
29.125 96.125 NaN
29.375 73.375 0.32291
29.375 73.625 0.099905
29.375 73.875 0.49847
29.375 74.125 0.3232
29.375 74.375 -0.34418
29.375 74.625 -0.49046
29.375 74.875 0.13053
29.375 75.125 -0.0088877
29.375 75.375 -0.11566
29.375 75.625 -0.13415
29.375 75.875 -1.263
29.375 76.125 -0.61279
29.375 76.375 -1.0309
29.375 76.625 -0.47153
29.375 76.875 -1.1966
29.375 77.125 -1.3556
29.375 77.375 0.30443
29.375 77.625 0.81804
29.375 77.875 0.59137
29.375 78.125 -1.2344
29.375 78.375 -1.264
29.375 78.625 -1.5549
29.375 78.875 -1.1884
29.375 79.125 -0.56902
29.375 79.375 -0.23456
29.375 79.625 -1.8239
29.375 79.875 -0.52268
29.375 80.125 -0.085575
NaN NaN NaN
29.625 73.375 0.29148
29.625 73.625 0.51629
29.625 73.875 0.33708
29.625 74.125 0.55458
29.625 74.375 -0.12073
29.625 74.625 -0.92011
29.625 74.875 -0.39219
29.625 75.125 -0.27131
29.625 75.375 -0.37944
29.625 75.625 0.64623
29.625 75.875 -0.4406
29.625 76.125 -0.73742
29.625 76.375 -0.70119
29.625 76.625 -0.3076
29.625 76.875 -0.22124
29.625 77.125 -0.76838
29.625 77.375 -1.1754
29.625 77.625 -0.28297
29.625 77.875 -0.5831
29.625 78.125 -0.95834
29.625 78.375 -1.4179
29.625 78.625 -1.9431
29.625 78.875 -1.4791
29.625 79.125 -0.77464
29.625 79.375 0.48577
29.625 79.625 0.028711
29.625 79.875 0.09641
29.625 80.125 0.28332
29.875 73.625 0.52213
29.875 73.875 0.49576
29.875 74.125 0.46997
29.875 74.375 -0.91392
29.875 74.625 -1.6066
29.875 74.875 -1.7566
29.875 75.125 -0.72631
29.875 75.375 -0.39625
29.875 75.625 0.0031705
29.875 75.875 -0.75159
29.875 76.125 -0.52357
29.875 76.375 -0.5348
29.875 76.625 -0.32669
29.875 76.875 -1.6903
29.875 77.125 -0.80484
29.875 77.375 -0.79603
29.875 77.625 -0.71502
29.875 77.875 -0.58314
29.875 78.125 -1.8297
29.875 78.375 -0.59672
29.875 78.625 -1.5557
29.875 78.875 -0.97204
29.875 79.125 -1.176
29.875 79.375 -0.14657
29.875 79.625 1.174
29.875 79.875 0.04473
29.875 80.125 0.29913
29.875 80.375 0.5195
30.125 74.125 -0.42692
30.125 74.375 -1.1538
30.125 74.625 -1.1752
30.125 74.875 -1.1997
30.125 75.125 -0.59921
30.125 75.375 0.19919
30.125 75.625 -0.50523
30.125 75.875 -1.2906
30.125 76.125 0.081439
30.125 76.375 -0.8376
30.125 76.625 -1.4794
30.125 76.875 -1.1961
30.125 77.125 -1.0787
30.125 77.375 -1.7959
30.125 77.625 -0.38876
30.125 77.875 -0.70753
30.125 78.125 -0.13421
30.125 78.375 1.4258
30.125 78.625 0.81756
30.125 78.875 1.8082
30.125 79.125 0.75308
30.125 79.375 0.83365
30.125 79.625 1.4598
30.125 79.875 0.10344
30.125 80.125 0.14058
30.125 80.375 0.42588
30.125 80.625 0.37104
30.375 74.125 -0.24177
30.375 74.375 -0.36602
30.375 74.625 -0.38366
30.375 74.875 -0.52431
30.375 75.125 -0.4182
30.375 75.375 -0.011592
30.375 75.625 -0.085036
30.375 75.875 -1.4615
30.375 76.125 -1.619
30.375 76.375 -1.1526
30.375 76.625 -2.0096
30.375 76.875 -1.5754
30.375 77.125 0.022422
30.375 77.375 -0.21711
30.375 77.625 0.35055
30.375 77.875 -0.30089
30.375 78.125 -0.82604
30.375 78.375 -1.7726
30.375 78.625 0.95399
30.375 78.875 1.019
30.375 79.125 0.76575
30.375 79.375 0.67083
30.375 79.625 1.2344
30.375 79.875 0.9298
30.375 80.125 0.51323
30.375 80.375 0.17542
30.375 80.625 0.081801
30.625 74.375 -0.45318
30.625 74.625 -0.61792
30.625 74.875 -0.78361
30.625 75.125 -0.30331
30.625 75.375 -0.23074
30.625 75.625 -0.67636
30.625 75.875 -1.3745
30.625 76.125 -2.0271
30.625 76.375 -2.0125
30.625 76.625 -1.0649
30.625 76.875 -0.29278
30.625 77.125 0.081647
30.625 77.375 -0.03904
30.625 77.625 -0.42497
30.625 77.875 0.10631
30.625 78.125 0.22924
30.625 78.375 -1.0009
30.625 78.625 0.49631
30.625 78.875 1.1384
30.625 79.125 0.76059
30.625 79.375 -0.17943
30.625 79.625 1.54
30.625 79.875 1.2241
30.625 80.125 1.003
30.875 74.625 -1.0822
30.875 74.875 -0.71477
30.875 75.125 0.22933
30.875 75.375 -1.2377
30.875 75.625 -0.97756
30.875 75.875 -1.4274
30.875 76.125 -1.7224
30.875 76.375 -0.65597
30.875 76.625 -0.2422
30.875 76.875 0.28131
30.875 77.125 0.75654
30.875 77.375 -0.42142
30.875 77.625 0.20124
30.875 77.875 0.92763
30.875 78.125 0.45905
30.875 78.375 0.31158
30.875 78.625 0.37096
30.875 78.875 1.0401
30.875 79.125 0.56668
NaN NaN NaN
NaN NaN NaN
NaN NaN NaN
31.125 74.875 -1.0718
31.125 75.125 0.20263
31.125 75.375 -1.3845
31.125 75.625 -1.896
31.125 75.875 -1.1001
31.125 76.125 0.51472
31.125 76.375 -0.4906
31.125 76.625 -0.35595
31.125 76.875 0.42316
31.125 77.125 0.44524
31.125 77.375 -0.29873
31.125 77.625 0.60825
31.125 77.875 0.69192
31.125 78.125 -0.16835
31.125 78.375 -0.039812
31.125 78.625 -0.20159
NaN NaN NaN
NaN NaN NaN
31.375 74.875 -0.80114
31.375 75.125 -0.65114
31.375 75.375 -1.3422
31.375 75.625 -0.8537
31.375 75.875 0.31014
31.375 76.125 -0.90313
31.375 76.375 -0.42155
31.375 76.625 -0.78829
31.375 76.875 -0.058424
31.375 77.125 0.96704
31.375 77.375 1.3796
31.375 77.625 1.3813
31.375 77.875 -0.22942
31.375 78.125 -0.34709
31.375 78.375 -0.19084
31.375 78.625 0.23202
31.625 74.875 0.43529
31.625 75.125 0.23417
31.625 75.375 -0.0020838
31.625 75.625 0.11338
31.625 75.875 -0.21391
31.625 76.125 -1.2956
31.625 76.375 -1.0757
31.625 76.625 -0.67432
31.625 76.875 -0.34131
31.625 77.125 0.24313
31.625 77.375 1.9197
31.625 77.625 1.8904
31.625 77.875 0.43117
31.625 78.125 0.1096
31.625 78.375 -0.33196
31.625 78.625 -0.17532
31.875 74.875 1.1483
31.875 75.125 0.89531
31.875 75.375 -0.43799
31.875 75.625 -0.074887
31.875 75.875 -0.62444
31.875 76.125 -0.36195
31.875 76.375 -0.42013
31.875 76.625 -0.43666
31.875 76.875 0.19461
31.875 77.125 0.2794
31.875 77.375 1.2947
31.875 77.625 1.8252
31.875 77.875 0.017776
31.875 78.125 0.064643
31.875 78.375 -0.25821
31.875 78.625 -0.2538
32.125 75.375 0.8171
32.125 75.625 0.70393
32.125 75.875 -0.16983
32.125 76.125 -0.15158
32.125 76.375 -0.56101
32.125 76.625 0.70628
32.125 76.875 0.30454
32.125 77.125 0.49696
32.125 77.375 -0.33394
32.125 77.625 0.19834
32.125 77.875 0.59498
32.125 78.125 -0.13116
32.125 78.375 -0.65556
32.375 75.375 1.1057
32.375 75.625 0.94606
32.375 75.875 0.61638
32.375 76.125 -1.3248
32.375 76.375 -0.48612
32.375 76.625 0.044345
32.375 76.875 0.027704
32.375 77.125 0.027623
32.375 77.375 -0.51693
32.375 77.625 -0.48984
32.375 77.875 0.29638
32.375 78.125 0.11058
32.375 78.375 -0.13791
32.625 74.875 1.6306
32.625 75.125 0.67851
32.625 75.375 0.40516
32.625 75.625 0.83106
32.625 75.875 0.5615
32.625 76.125 0.090627
32.625 76.375 -0.30479
32.625 76.625 -0.4158
32.625 76.875 0.5288
32.625 77.125 0.26226
32.625 77.375 -0.17789
32.625 77.625 -0.29424
32.625 77.875 -0.54522
32.625 78.125 -0.11119
32.625 78.375 -0.18052
32.625 78.625 -0.65413
32.625 78.875 -0.42757
32.625 79.125 -0.34765
32.625 79.375 -0.097284
32.875 74.375 1.4715
32.875 74.625 1.6013
32.875 74.875 1.8594
32.875 75.125 1.4114
32.875 75.375 0.34732
32.875 75.625 -0.051114
32.875 75.875 0.22481
32.875 76.125 0.41664
32.875 76.375 0.40099
32.875 76.625 0.24197
32.875 76.875 0.39845
32.875 77.125 0.031693
32.875 77.375 -0.20388
32.875 77.625 -0.36706
32.875 77.875 -0.60937
32.875 78.125 -0.088481
32.875 78.375 0.016352
32.875 78.625 -0.20765
32.875 78.875 -0.43828
32.875 79.125 -0.51082
32.875 79.375 -0.71584
33.125 73.875 1.434
33.125 74.125 1.4419
33.125 74.375 1.6714
33.125 74.625 1.8919
33.125 74.875 2.1742
33.125 75.125 1.7155
33.125 75.375 0.22161
33.125 75.625 -0.20516
33.125 75.875 0.29175
33.125 76.125 0.3866
33.125 76.375 0.047407
33.125 76.625 7.8047e-05
33.125 76.875 0.063641
33.125 77.125 -0.81769
33.125 77.375 -0.068769
33.125 77.625 0.035573
33.125 77.875 -0.1275
33.125 78.125 0.457
33.125 78.375 0.31963
33.125 78.625 0.31531
33.125 78.875 -0.14611
33.125 79.125 -0.35861
33.375 73.875 1.765
33.375 74.125 1.9188
33.375 74.375 1.573
33.375 74.625 0.42729
33.375 74.875 0.44559
33.375 75.125 0.18392
33.375 75.375 0.4654
33.375 75.625 0.31967
33.375 75.875 0.42483
33.375 76.125 0.23101
33.375 76.375 0.54412
33.375 76.625 0.082204
33.375 76.875 0.28627
33.375 77.125 0.72109
33.375 77.375 0.90473
33.375 77.625 0.45526
33.375 77.875 0.090592
33.375 78.125 0.80906
33.375 78.375 0.71759
33.375 78.625 0.54449
33.375 78.875 0.048217
33.625 73.875 1.6486
33.625 74.125 1.7183
33.625 74.375 -0.51295
33.625 74.625 -1.0578
33.625 74.875 0.11204
33.625 75.125 0.25818
33.625 75.375 0.47634
33.625 75.625 0.4165
33.625 75.875 0.34381
33.625 76.125 -0.13869
33.625 76.375 0.095014
33.625 76.625 -0.30044
33.625 76.875 0.49965
33.625 77.125 0.89123
33.625 77.375 1.0022
33.625 77.625 1.0362
33.625 77.875 0.75131
33.625 78.125 0.7003
33.625 78.375 0.5702
33.625 78.625 0.56614
33.625 78.875 -0.067055
33.875 73.875 1.3592
33.875 74.125 0.97642
33.875 74.375 0.11542
33.875 74.625 0.87031
33.875 74.875 0.80251
33.875 75.125 1.0406
33.875 75.375 1.0079
33.875 75.625 0.24747
33.875 75.875 -0.38951
33.875 76.125 -0.36083
33.875 76.375 -0.17282
33.875 76.625 -0.39562
33.875 76.875 0.15201
33.875 77.125 0.45374
33.875 77.375 0.67544
33.875 77.625 0.67287
33.875 77.875 0.66271
33.875 78.125 0.72557
33.875 78.375 0.57999
33.875 78.625 0.34253
33.875 78.875 0.19568
34.125 73.625 0.67833
34.125 73.875 1.0176
34.125 74.125 1.1666
34.125 74.375 0.60148
34.125 74.625 0.60141
34.125 74.875 0.39249
34.125 75.125 1.1377
34.125 75.375 0.59407
34.125 75.625 -0.67965
34.125 75.875 -0.63138
34.125 76.125 -0.29921
34.125 76.375 -0.37274
34.125 76.625 0.20704
34.125 76.875 0.26074
34.125 77.125 0.15942
34.125 77.375 0.29056
34.125 77.625 0.55278
34.125 77.875 0.62906
34.125 78.125 0.78694
34.125 78.375 0.79166
34.125 78.625 0.47449
34.125 78.875 0.61502
34.125 79.125 0.35617
34.125 79.375 0.38353
34.375 73.625 0.19604
34.375 73.875 -0.17571
34.375 74.125 -0.93594
34.375 74.375 0.33183
34.375 74.625 0.51324
34.375 74.875 0.66509
34.375 75.125 0.67717
34.375 75.375 -0.34375
34.375 75.625 -0.94945
34.375 75.875 -0.41625
34.375 76.125 -0.71665
34.375 76.375 0.19357
34.375 76.625 0.047763
34.375 76.875 0.038735
34.375 77.125 0.034684
34.375 77.375 0.14886
34.375 77.625 0.31285
34.375 77.875 0.53524
34.375 78.125 0.58208
34.375 78.375 0.67502
34.375 78.625 0.70407
34.375 78.875 0.22822
34.375 79.125 0.15966
34.375 79.375 -0.39386
34.625 73.875 -0.2535
34.625 74.125 -0.57331
34.625 74.375 -0.12262
34.625 74.625 0.15181
34.625 74.875 0.00035842
34.625 75.125 0.60768
34.625 75.375 -0.7873
34.625 75.625 -1.1355
34.625 75.875 -0.71043
34.625 76.125 -0.5061
34.625 76.375 -0.18313
34.625 76.625 0.079097
34.625 76.875 0.056109
34.625 77.125 0.25206
34.625 77.375 -0.27247
34.625 77.625 0.22301
34.625 77.875 0.34269
34.625 78.125 0.36437
34.625 78.375 0.44523
34.625 78.625 0.57889
34.625 78.875 0.39136
34.625 79.125 0.3328
34.625 79.375 0.23548
34.625 79.625 0.22692
34.875 74.125 -0.17308
34.875 74.375 -0.114
34.875 74.625 -0.010214
34.875 74.875 0.080007
34.875 75.125 -0.31535
34.875 75.375 -1.1191
34.875 75.625 -0.66875
34.875 75.875 -0.68736
34.875 76.125 -0.74827
34.875 76.375 -0.35411
34.875 76.625 -0.23258
34.875 76.875 -0.2599
34.875 77.125 -0.3853
34.875 77.375 -0.26005
34.875 77.625 0.058706
34.875 77.875 0.34399
34.875 78.125 0.44565
34.875 78.375 0.68821
34.875 78.625 0.24109
34.875 78.875 0.28253
34.875 79.125 0.39148
34.875 79.375 0.51534
34.875 79.625 0.34753
34.875 79.875 0.16098
35.125 74.375 -0.069325
35.125 74.625 -0.41302
35.125 74.875 0.097799
35.125 75.125 -0.87108
35.125 75.375 -1.1021
35.125 75.625 -0.57731
35.125 75.875 -0.12608
35.125 76.125 -0.64295
35.125 76.375 0.068552
35.125 76.625 -0.33841
35.125 76.875 -0.15223
35.125 77.125 0.10426
35.125 77.375 -0.055556
35.125 77.625 -0.43815
35.125 77.875 0.20944
35.125 78.125 -0.22502
35.125 78.375 -0.18291
35.125 78.625 0.22732
35.125 78.875 0.39851
35.125 79.125 0.44499
35.125 79.375 0.33487
35.125 79.625 0.25797
35.125 79.875 0.22729
35.375 73.875 -0.11941
35.375 74.125 -0.12227
35.375 74.375 0.03452
35.375 74.625 0.13075
35.375 74.875 0.37256
35.375 75.125 -0.68506
35.375 75.375 -0.77661
35.375 75.625 -0.27956
35.375 75.875 -0.30779
35.375 76.125 -0.16605
35.375 76.375 -0.33154
35.375 76.625 -0.088741
35.375 76.875 0.064479
35.375 77.125 0.030582
35.375 77.375 -0.5413
35.375 77.625 -0.40504
35.375 77.875 -0.37242
35.375 78.125 -0.43342
35.375 78.375 0.031894
35.375 78.625 0.20937
35.375 78.875 0.18592
35.375 79.125 0.45506
35.375 79.375 0.30142
35.375 79.625 0.30488
35.375 79.875 0.14342
NaN NaN NaN
35.625 73.375 -0.60113
35.625 73.625 -0.36275
35.625 73.875 -0.67359
35.625 74.125 -0.5812
35.625 74.375 -0.54407
35.625 74.625 0.13766
35.625 74.875 0.36557
35.625 75.125 -1.2955
35.625 75.375 -1.0793
35.625 75.625 -1.0907
35.625 75.875 -0.4823
35.625 76.125 -0.20456
35.625 76.375 -0.19948
35.625 76.625 -0.89586
35.625 76.875 -0.81512
35.625 77.125 -0.31637
35.625 78.375 -0.12499
35.625 78.625 -0.057701
35.625 78.875 0.0072142
35.625 79.125 0.068292
35.625 79.375 0.22247
35.625 79.625 0.3046
35.625 79.875 0.30017
35.625 80.125 0.43122
35.875 73.125 0.17896
35.875 73.375 -0.20786
35.875 73.625 -0.71421
35.875 73.875 -1.1238
35.875 74.125 -0.98338
35.875 74.375 -0.70919
35.875 74.625 -0.02435
35.875 74.875 -0.19132
35.875 75.125 -1.0475
35.875 75.375 -1.3294
35.875 75.625 -0.91247
35.875 75.875 -0.5933
35.875 76.125 -0.48411
35.875 76.375 -0.65393
35.875 76.625 -0.8043
35.875 79.375 0.5308
36.125 72.625 0.14219
NaN NaN NaN
NaN NaN NaN
36.125 73.375 0.11601
36.125 73.625 -0.11747
36.125 73.875 -0.20934
36.125 74.125 -0.82582
36.125 74.375 -0.73695
36.125 74.625 -0.62533
36.125 74.875 0.11978
36.125 75.125 -0.55337
36.125 75.375 -1.2538
36.125 75.625 -1.1544
36.125 75.875 -1.5768
36.125 76.125 -1.2301
36.125 76.375 -0.3589
36.125 76.625 -0.45448
36.375 73.125 0.05078
36.375 73.375 -0.27172
36.375 73.625 -0.047739
36.375 73.875 -0.049004
36.375 74.125 -0.55786
36.375 74.375 -1.0145
36.375 74.625 -0.75193
36.375 74.875 -0.65784
36.375 75.125 -0.061017
36.375 75.375 -1.2328
36.375 75.625 -1.748
36.375 75.875 -1.4421
36.375 76.125 -0.67704
36.625 73.375 0.05926
36.625 73.625 -0.19733
36.625 73.875 -0.14359
36.625 74.125 -0.148
36.625 74.375 -0.84362
36.625 74.625 -0.32544
36.625 74.875 -0.87852
36.625 75.125 -0.89962
36.625 75.375 -1.275
36.625 75.625 -1.2168
36.875 73.875 0.052507
36.875 74.375 -0.29117
36.875 74.625 -0.2636
36.875 74.875 -0.53932
36.875 75.125 -0.79868
36.875 75.375 -0.81939
