8.125 77.375 0.85401
8.375 77.125 -0.66186
8.375 77.375 1.0273
8.375 77.625 1.3772
8.375 77.875 1.5781
8.625 76.875 -0.49123
8.625 77.125 1.0813
8.625 77.375 0.81619
8.625 77.625 -0.28531
8.625 77.875 2.123
8.875 76.875 -1.0764
8.875 77.125 1.0284
8.875 77.375 -0.18973
8.875 77.625 -0.85219
8.875 77.875 -1.5716
9.125 76.625 0.3373
9.125 76.875 -0.31216
9.125 77.125 0.91146
9.125 77.375 -0.32733
9.125 77.625 -0.15363
9.125 77.875 -0.69342
9.125 78.125 -0.024132
NaN NaN NaN
9.375 76.625 -0.40226
9.375 76.875 -0.35003
9.375 77.125 -0.076002
9.375 77.375 0.42118
9.375 77.625 0.15959
9.375 77.875 -0.16472
9.375 78.125 -0.41946
9.375 78.375 0.2341
9.375 78.625 -0.46706
NaN NaN NaN
9.625 76.375 0.20305
9.625 76.625 0.26591
9.625 76.875 -0.22893
9.625 77.125 0.6077
9.625 77.375 0.35055
9.625 77.625 -0.18461
9.625 77.875 0.2693
9.625 78.125 -0.2516
9.625 78.375 -0.0061211
9.625 78.625 0.19168
9.875 76.625 -0.56047
9.875 76.875 -0.59413
9.875 77.125 -0.028201
9.875 77.375 -0.69315
9.875 77.625 -0.043567
9.875 77.875 0.24051
9.875 78.125 -0.95878
9.875 78.375 -0.061428
9.875 78.625 0.013549
9.875 78.875 -1.0142
10.125 76.375 -0.43211
10.125 76.625 0.25281
10.125 76.875 1.4261
10.125 77.125 -0.35233
10.125 77.375 -0.12804
10.125 77.625 0.063253
10.125 77.875 0.70874
10.125 78.125 -0.14058
10.125 78.375 0.50242
10.125 78.625 -0.22407
10.125 78.875 -0.65091
10.125 79.125 -0.91157
10.375 76.375 -1.023
10.375 76.625 -0.38768
10.375 76.875 0.67398
10.375 77.125 0.61566
10.375 77.375 0.44923
10.375 77.625 0.33823
10.375 77.875 -0.61564
10.375 78.125 -0.084752
10.375 78.375 0.055144
10.375 78.625 -0.18399
10.375 78.875 -0.27006
10.375 79.125 -0.51843
NaN NaN NaN
NaN NaN NaN
10.625 76.125 -0.76863
10.625 76.375 -0.99169
10.625 76.625 -0.8343
10.625 76.875 -0.095331
10.625 77.125 0.56226
10.625 77.375 0.11251
10.625 77.625 -0.48209
10.625 77.875 -0.80333
10.625 78.125 -0.79291
10.625 78.375 -0.92073
10.625 78.625 -0.53575
10.625 78.875 -0.43606
10.625 79.125 0.59285
10.625 79.375 0.059115
10.625 79.625 0.69913
10.875 76.125 -0.5849
10.875 76.375 0.35339
10.875 76.625 0.14864
10.875 76.875 -0.81894
10.875 77.125 0.26041
10.875 77.375 -0.012099
10.875 77.625 -0.9347
10.875 77.875 -1.4913
10.875 78.125 -1.6151
10.875 78.375 -0.41531
10.875 78.625 0.65131
10.875 78.875 0.1276
10.875 79.125 -0.52349
10.875 79.375 -0.35066
10.875 79.625 0.46421
11.125 76.125 -1.8053
11.125 76.375 -0.41659
11.125 76.625 1.9074
11.125 76.875 -1.0847
11.125 77.125 0.11496
11.125 77.375 -0.028545
11.125 77.625 -0.20318
11.125 77.875 -0.24497
11.125 78.125 -1.2748
11.125 78.375 0.062993
11.125 78.625 0.16554
11.125 78.875 0.18916
11.125 79.125 0.19133
11.125 79.375 0.54666
11.125 79.625 0.060954
11.375 75.875 -1.4385
11.375 76.125 -1.5658
11.375 76.375 -0.21591
11.375 76.625 0.65068
11.375 76.875 1.2882
11.375 77.125 0.69546
11.375 77.375 -0.51605
11.375 77.625 -0.1565
11.375 77.875 -0.088802
11.375 78.125 -1.0423
11.375 78.375 -0.96739
11.375 78.625 -0.65495
11.375 78.875 -0.14231
11.375 79.125 -0.50736
11.375 79.375 -0.53354
11.375 79.625 -0.60345
11.625 75.875 -0.92174
11.625 76.125 0.42133
11.625 76.375 -0.21177
11.625 76.625 0.91174
11.625 76.875 -0.60514
11.625 77.125 -0.1011
11.625 77.375 -0.26943
11.625 77.625 -0.46252
11.625 77.875 -1.1411
11.625 78.125 -0.97268
11.625 78.375 -1.5645
11.625 78.625 -0.60633
11.625 78.875 -0.33112
11.625 79.125 0.033219
11.625 79.375 -0.43796
NaN NaN NaN
NaN NaN NaN
11.875 75.875 -0.73753
11.875 76.125 -0.54104
11.875 76.375 -0.38264
11.875 76.625 0.11263
11.875 76.875 -1.5721
11.875 77.125 0.12507
11.875 77.375 -0.42896
11.875 77.625 -0.44175
11.875 77.875 -0.96752
11.875 78.125 -1.0488
11.875 78.375 -0.74385
11.875 78.625 -0.68613
11.875 78.875 -0.82633
11.875 79.125 -0.21806
11.875 79.375 -0.49758
11.875 79.625 -0.21754
12.125 75.375 -1.8278
12.125 75.625 -0.92916
12.125 75.875 0.76717
12.125 76.125 -0.49484
12.125 76.375 -0.29505
12.125 76.625 -0.32604
12.125 76.875 -0.86325
12.125 77.125 -0.063025
12.125 77.375 -0.15818
12.125 77.625 -0.77677
12.125 77.875 -1.6271
12.125 78.125 -0.97219
12.125 78.375 0.15179
12.125 78.625 -0.63675
12.125 78.875 -1.124
12.125 79.125 -0.14301
12.125 79.375 -0.0093413
12.125 79.625 0.11991
12.375 75.125 -1.2382
12.375 75.375 -1.6428
12.375 75.625 -0.65702
12.375 75.875 0.62024
12.375 76.125 0.23433
12.375 76.375 0.16975
12.375 76.625 0.82475
12.375 76.875 -0.81837
12.375 77.125 -1.9481
12.375 77.375 -0.42577
12.375 77.625 -0.26089
12.375 77.875 -1.0124
12.375 78.125 -0.39276
12.375 78.375 -0.17511
12.375 78.625 -0.17783
12.375 78.875 -0.61797
12.375 79.125 -0.0326
12.375 79.375 -0.26113
12.375 79.625 -0.26513
12.375 79.875 -0.42023
12.625 75.125 -1.7176
12.625 75.375 -1.6309
12.625 75.625 -1.9912
12.625 75.875 -0.44798
12.625 76.125 -0.5276
12.625 76.375 1.0623
12.625 76.625 0.76533
12.625 76.875 0.2963
12.625 77.125 -0.93724
12.625 77.375 -0.41996
12.625 77.625 0.50481
12.625 77.875 -0.8035
12.625 78.125 -0.85226
12.625 78.375 0.11476
12.625 78.625 0.081179
12.625 78.875 0.46395
12.625 79.125 0.32517
12.625 79.375 -0.44694
12.625 79.625 -0.77801
12.625 79.875 -1.808
12.875 75.125 -1.1803
12.875 75.375 -0.42551
12.875 75.625 -2.6443
12.875 75.875 -0.82885
12.875 76.125 -0.081174
12.875 76.375 1.5005
12.875 76.625 0.80425
12.875 76.875 -0.42828
12.875 77.125 -0.78159
12.875 77.375 -0.2409
12.875 77.625 -0.55582
12.875 77.875 -0.55126
12.875 78.125 -0.42704
12.875 78.375 -0.32465
12.875 78.625 -0.19875
12.875 78.875 -0.98039
12.875 79.125 0.029125
12.875 79.375 0.23985
12.875 79.625 0.62379
12.875 79.875 0.16118
NaN NaN NaN
13.125 75.125 -1.3325
13.125 75.375 -1.3359
13.125 75.625 -0.50527
13.125 75.875 -0.84131
13.125 76.125 -0.11665
13.125 76.375 0.36868
13.125 76.625 0.59556
13.125 76.875 -0.30515
13.125 77.125 -0.68833
13.125 77.375 -1.0507
13.125 77.625 -0.32397
13.125 77.875 -0.74314
13.125 78.125 -0.57044
13.125 78.375 -0.33939
13.125 78.625 -0.51167
13.125 78.875 -0.44825
13.125 79.125 -0.32513
13.125 79.375 -0.47169
13.125 79.625 0.61247
13.125 79.875 -0.34112
13.125 80.125 -1.1689
NaN NaN NaN
13.375 75.125 -1.1059
13.375 75.375 -1.257
13.375 75.625 -1.2687
13.375 75.875 -1.1436
13.375 76.125 0.19531
13.375 76.375 -0.31147
13.375 76.625 -0.59662
13.375 76.875 -0.39628
13.375 77.125 -0.11676
13.375 77.375 -1.3604
13.375 77.625 -0.68096
13.375 77.875 -0.26745
13.375 78.125 -1.3595
13.375 78.375 -1.0161
13.375 78.625 -0.59552
13.375 78.875 -1.1482
13.375 79.125 -1.7083
13.375 79.375 -1.5284
13.375 79.625 0.13502
13.375 79.875 -0.68363
13.375 80.125 -0.85972
13.625 74.875 -2.0011
13.625 75.125 -0.65839
13.625 75.375 -0.70113
13.625 75.625 -1.1393
13.625 75.875 -0.28881
13.625 76.125 -0.30032
13.625 76.375 -0.73779
13.625 76.625 -1.2854
13.625 76.875 -1.3072
13.625 77.125 -0.64885
13.625 77.375 -1.6877
13.625 77.625 -0.95665
13.625 77.875 -1.1006
13.625 78.125 -1.66
13.625 78.375 -1.3527
13.625 78.625 -1.2795
13.625 78.875 -0.57384
13.625 79.125 -0.61219
13.625 79.375 -1.1143
13.625 79.625 -1.5267
13.625 79.875 -0.56651
13.625 80.125 -0.92081
13.875 74.875 -0.7867
13.875 75.125 0.19102
13.875 75.375 -0.6404
13.875 75.625 -0.52696
13.875 75.875 -0.13936
13.875 76.125 -1.0537
13.875 76.375 -1.08
13.875 76.625 -0.30864
13.875 76.875 -1.4625
13.875 77.125 -1.5771
13.875 77.375 -0.79192
13.875 77.625 -1.1155
13.875 77.875 -1.4921
13.875 78.125 -1.9126
13.875 78.375 -0.68169
13.875 78.625 -1.1689
13.875 78.875 -0.76523
13.875 79.125 -0.4012
13.875 79.375 -1.0064
13.875 79.625 -1.646
13.875 79.875 -1.4106
14.125 74.625 -0.96691
14.125 74.875 -0.93861
14.125 75.125 -0.23935
14.125 75.375 -0.52099
14.125 75.625 -0.80709
14.125 75.875 -0.52708
14.125 76.125 -0.20288
14.125 76.375 -0.71928
14.125 76.625 -0.79578
14.125 76.875 0.37025
14.125 77.125 -0.63494
14.125 77.375 -0.86224
14.125 77.625 -1.0762
14.125 77.875 -0.97786
14.125 78.125 -1.4222
14.125 78.375 -0.99354
14.125 78.625 -1.3705
14.125 78.875 -1.4572
14.125 79.125 -0.71765
14.125 79.375 -0.61017
14.125 79.625 -0.85237
14.125 79.875 -0.95837
14.375 74.625 -1.1255
14.375 74.875 -0.31692
14.375 75.125 -1.0638
14.375 75.375 -0.77033
14.375 75.625 0.0089182
14.375 75.875 -0.36274
14.375 76.125 0.31269
14.375 76.375 0.13141
14.375 76.625 -1.3237
14.375 76.875 -1.7112
14.375 77.125 -0.15022
14.375 77.375 -0.44138
14.375 77.625 -0.4162
14.375 77.875 -0.58867
14.375 78.125 -1.2098
14.375 78.375 -1.5442
14.375 78.625 -1.0794
14.375 78.875 -1.3746
14.375 79.125 -1.1207
14.375 79.375 -0.81738
14.375 79.625 -0.33321
14.375 79.875 -0.28384
NaN NaN NaN
14.625 74.625 -2.2038
14.625 74.875 -1.6982
14.625 75.125 -0.98775
14.625 75.375 -0.76098
14.625 75.625 -1.5935
14.625 75.875 -0.56357
14.625 76.125 -0.66704
14.625 76.375 -0.74272
14.625 76.625 -0.13056
14.625 76.875 0.29837
14.625 77.125 -0.24055
14.625 77.375 -0.60962
14.625 77.625 -0.71377
14.625 77.875 -1.4602
14.625 78.125 -0.82503
14.625 78.375 -1.2336
14.625 78.625 -1.3233
14.625 78.875 -1.219
14.625 79.125 -1.1242
14.625 79.375 -0.97566
14.625 79.625 -0.717
14.625 79.875 -0.67223
14.875 74.375 -1.5947
14.875 74.625 -1.5956
14.875 74.875 -1.7514
14.875 75.125 -0.51824
14.875 75.375 -1.4661
14.875 75.625 -0.68274
14.875 75.875 -1.0582
14.875 76.125 -1.3911
14.875 76.375 -1.6534
14.875 76.625 -1.0175
14.875 76.875 -0.02891
14.875 77.125 -1.073
14.875 77.375 -1.2542
14.875 77.625 -1.4046
14.875 77.875 -1.395
14.875 78.125 -1.1134
14.875 78.375 -1.1814
14.875 78.625 -1.2704
14.875 78.875 -1.2363
14.875 79.125 -1.1968
14.875 79.375 -1.2476
14.875 79.625 -1.1471
14.875 79.875 -1.213
15.125 74.125 -1.891
15.125 74.375 -0.41013
15.125 74.625 -0.82195
15.125 74.875 -0.78513
15.125 75.125 -0.94515
15.125 75.375 -0.52575
15.125 75.625 0.47335
15.125 75.875 -0.41439
15.125 76.125 -1.0842
15.125 76.375 -0.95442
15.125 76.625 -1.3002
15.125 76.875 -1.1467
15.125 77.125 -1.9838
15.125 77.375 -1.5634
15.125 77.625 -1.0703
15.125 77.875 -1.266
15.125 78.125 -1.8591
15.125 78.375 -1.5073
15.125 78.625 -0.61506
15.125 78.875 -0.56747
15.125 79.125 -0.80351
15.125 79.375 -1.229
15.125 79.625 -1.2997
15.125 79.875 -1.5278
15.375 73.875 -1.9163
15.375 74.125 -1.8701
15.375 74.375 -0.86489
15.375 74.625 -1.3672
15.375 74.875 0.16411
15.375 75.125 -0.51285
15.375 75.375 0.46542
15.375 75.625 0.21624
15.375 75.875 -0.70294
15.375 76.125 -0.94188
15.375 76.375 -0.8281
15.375 76.625 -1.4414
15.375 76.875 -1.5537
15.375 77.125 -1.8166
15.375 77.375 -2.0551
15.375 77.625 -1.2898
15.375 77.875 -1.6201
15.375 78.125 -1.7969
15.375 78.375 -1.4006
15.375 78.625 0.24497
15.375 78.875 -1.3659
15.375 79.125 -1.3365
15.375 79.375 -1.9726
15.375 79.625 -1.8967
15.375 79.875 -1.5688
15.625 73.875 -1.1856
15.625 74.125 -1.6018
15.625 74.375 -1.9764
15.625 74.625 -0.39348
15.625 74.875 -0.64939
15.625 75.125 -0.96458
15.625 75.375 -0.65441
15.625 75.625 -0.37487
15.625 75.875 -0.58452
15.625 76.125 -0.5989
15.625 76.375 -0.8243
15.625 76.625 -0.80001
15.625 76.875 -0.77368
15.625 77.125 -1.561
15.625 77.375 -1.7674
15.625 77.625 -1.7346
15.625 77.875 -1.7258
15.625 78.125 -1.5448
15.625 78.375 -1.8589
15.625 78.625 -1.9847
15.625 78.875 -0.8416
15.625 79.125 -1.8927
15.625 79.375 -2.0017
15.625 79.625 -0.54988
15.625 79.875 -1.4711
15.625 80.125 -1.5447
15.875 73.875 -0.22339
15.875 74.125 -0.90475
15.875 74.375 -1.2482
15.875 74.625 -0.8617
15.875 74.875 -0.71934
15.875 75.125 -1.0903
15.875 75.375 -0.9021
15.875 75.625 -1.082
15.875 75.875 -1.0071
15.875 76.125 -0.98638
15.875 76.375 -1.3216
15.875 76.625 -0.87888
15.875 76.875 -0.11049
15.875 77.125 -1.4807
15.875 77.375 -1.2042
15.875 77.625 -2.1673
15.875 77.875 -1.4938
15.875 78.125 -1.7209
15.875 78.375 -1.8429
15.875 78.625 -1.7107
15.875 78.875 -1.6596
15.875 79.125 -1.7725
15.875 79.375 -0.64687
15.875 79.625 -0.95882
15.875 79.875 -1.4966
15.875 80.125 -1.6402
15.875 80.375 -1.3991
NaN NaN NaN
15.875 80.875 -1.7643
16.125 73.625 -0.050478
16.125 73.875 -0.69869
16.125 74.125 -0.84008
16.125 74.375 -0.97458
16.125 74.625 -0.68888
16.125 74.875 -0.23739
16.125 75.125 -1.5305
16.125 75.375 -1.3193
16.125 75.625 -1.2589
16.125 75.875 -1.3049
16.125 76.125 -1.4625
16.125 76.375 -1.5228
16.125 76.625 -1.1789
16.125 76.875 -1.2086
16.125 77.125 -1.3239
16.125 77.375 -0.69369
16.125 77.625 -1.6817
16.125 77.875 -1.2411
16.125 78.125 -1.3628
16.125 78.375 -1.4487
16.125 78.625 -1.7321
16.125 78.875 -1.6069
16.125 79.125 -1.1736
16.125 79.375 -1.2016
16.125 79.625 -1.3212
16.125 79.875 -1.4666
16.125 80.125 -0.95308
16.125 80.375 -0.6018
16.125 80.625 -1.2733
16.125 80.875 -1.373
16.375 73.625 -0.6633
16.375 73.875 -0.2109
16.375 74.125 -1.0864
16.375 74.375 -0.71081
16.375 74.625 -0.96953
16.375 74.875 -0.19511
16.375 75.125 -0.71157
16.375 75.375 -0.80459
16.375 75.625 -1.5116
16.375 75.875 -1.1922
16.375 76.125 -0.31614
16.375 76.375 -0.4059
16.375 76.625 -1.0751
16.375 76.875 -1.2947
16.375 77.125 -0.9778
16.375 77.375 -1.2628
16.375 77.625 -1.836
16.375 77.875 -1.5613
16.375 78.125 -1.2017
16.375 78.375 -1.422
16.375 78.625 -1.7433
16.375 78.875 -1.1991
16.375 79.125 -0.71311
16.375 79.375 -0.76247
16.375 79.625 -1.5761
16.375 79.875 -1.4149
16.375 80.125 -0.98073
16.375 80.375 -1.3456
16.375 80.625 -1.1852
16.375 80.875 -0.79374
16.375 81.125 -0.37739
NaN NaN NaN
NaN NaN NaN
16.625 73.625 -1.4682
16.625 73.875 -1.804
16.625 74.125 0.43749
16.625 74.375 -2.3808
16.625 74.625 -0.58308
16.625 74.875 -0.94671
16.625 75.125 -0.43617
16.625 75.375 -1.6881
16.625 75.625 -1.4255
16.625 75.875 -1.4745
16.625 76.125 -1.1768
16.625 76.375 -1.5346
16.625 76.625 -1.255
16.625 76.875 -1.2458
16.625 77.125 -1.0983
16.625 77.375 -1.2548
16.625 77.625 -2.0427
16.625 77.875 -1.7566
16.625 78.125 -1.2504
16.625 78.375 -1.4521
16.625 78.625 -0.98527
16.625 78.875 -1.5375
16.625 79.125 -1.5316
16.625 79.375 -0.9676
16.625 79.625 -1.001
16.625 79.875 -1.3305
16.625 80.125 -1.4319
16.625 80.375 -1.4673
16.625 80.625 -1.4373
16.625 80.875 -1.4614
16.625 81.125 -1.832
16.625 81.375 -1.0063
16.625 81.625 -0.71059
16.625 81.875 -0.61862
16.625 82.125 -0.62014
16.875 73.375 -1.4484
16.875 73.625 -1.8197
16.875 73.875 -1.5981
16.875 74.125 -2.2192
16.875 74.375 -1.1539
16.875 74.625 -1.5971
16.875 74.875 -1.8134
16.875 75.125 -1.4778
16.875 75.375 -0.9493
16.875 75.625 -0.71208
16.875 75.875 -1.3662
16.875 76.125 -2.0291
16.875 76.375 -1.6742
16.875 76.625 -2.0415
16.875 76.875 -1.7798
16.875 77.125 -1.5816
16.875 77.375 -1.1877
16.875 77.625 -1.6772
16.875 77.875 -1.2246
16.875 78.125 -1.2726
16.875 78.375 -1.5405
16.875 78.625 -0.8511
16.875 78.875 -2.224
16.875 79.125 -1.9986
16.875 79.375 -1.4424
16.875 79.625 -1.4889
16.875 79.875 -1.0321
16.875 80.125 -1.3923
16.875 80.375 -1.4479
16.875 80.625 -1.4387
16.875 80.875 -1.8538
16.875 81.125 -1.3988
16.875 81.375 -1.4597
16.875 81.625 -1.3353
16.875 81.875 -1.4869
16.875 82.125 -1.46
17.125 73.375 -1.4307
17.125 73.625 -1.3585
17.125 73.875 -1.2003
17.125 74.125 -1.596
17.125 74.375 -1.8751
17.125 74.625 -1.9971
17.125 74.875 -2.0943
17.125 75.125 -2.3591
17.125 75.375 -1.4633
17.125 75.625 -0.6866
17.125 75.875 -1.6314
17.125 76.125 -1.9897
17.125 76.375 -1.7786
17.125 76.625 -1.9465
17.125 76.875 -1.4479
17.125 77.125 -1.3374
17.125 77.375 -1.4308
17.125 77.625 -1.0997
17.125 77.875 -0.64521
17.125 78.125 -0.63926
17.125 78.375 -1.2913
17.125 78.625 -0.73011
17.125 78.875 -0.053067
17.125 79.125 -0.061502
17.125 79.375 -1.0458
17.125 79.625 -1.3279
17.125 79.875 -1.0348
17.125 80.125 -0.7271
17.125 80.375 -1.314
17.125 80.625 -1.4194
17.125 80.875 -1.8659
17.125 81.125 -1.7811
17.125 81.375 -1.7391
17.125 81.625 -1.6738
17.125 81.875 -1.5408
17.125 82.125 -0.9953
17.125 82.375 -1.2338
17.375 73.375 -1.452
17.375 73.625 -1.8765
17.375 73.875 -0.31338
17.375 74.125 -2.2334
17.375 74.375 -1.9936
17.375 74.625 -1.9725
17.375 74.875 -2.0995
17.375 75.125 -2.4004
17.375 75.375 -2.3115
17.375 75.625 -1.9685
17.375 75.875 -2.0939
17.375 76.125 -1.9023
17.375 76.375 -1.7848
17.375 76.625 -1.7333
17.375 76.875 -0.97834
17.375 77.125 -1.1248
17.375 77.375 -1.4681
17.375 77.625 -0.76103
17.375 77.875 -0.61207
17.375 78.125 -0.49049
17.375 78.375 -0.73462
17.375 78.625 -1.3697
17.375 78.875 0.4407
17.375 79.125 0.47445
17.375 79.375 0.13438
17.375 79.625 -1.0829
17.375 79.875 -0.56829
17.375 80.125 -0.42935
17.375 80.375 -0.74436
17.375 80.625 -1.1877
17.375 80.875 -1.2282
17.375 81.125 -1.5823
17.375 81.375 -1.7169
17.375 81.625 -1.7628
17.375 81.875 -1.5382
17.375 82.125 -1.188
17.375 82.375 -1.5924
NaN NaN NaN
17.625 73.375 -0.90172
17.625 73.625 -2.6738
17.625 73.875 -1.2619
17.625 74.125 -2.3315
17.625 74.375 -2.1816
17.625 74.625 -2.0709
17.625 74.875 -1.8301
17.625 75.125 -2.1209
17.625 75.375 -2.0661
17.625 75.625 -1.9658
17.625 75.875 -2.1152
17.625 76.125 -2.0864
17.625 76.375 -2.1272
17.625 76.625 -1.5949
17.625 76.875 -1.1828
17.625 77.125 -1.1014
17.625 77.375 -1.4268
17.625 77.625 -1.604
17.625 77.875 -1.269
17.625 78.125 -0.58819
17.625 78.375 -0.20136
17.625 78.625 -0.2204
17.625 78.875 -0.84023
17.625 79.125 -0.21468
17.625 79.375 -1.156
17.625 79.625 -1.2145
17.625 79.875 -0.93777
17.625 80.125 -0.34109
17.625 80.375 -0.98216
17.625 80.625 -1.4236
17.625 80.875 -1.5313
17.625 81.125 -1.5032
17.625 81.375 -0.6848
17.625 81.625 -1.4628
17.625 81.875 -1.5526
17.625 82.125 -1.4123
17.625 82.375 -1.7514
17.625 82.625 -1.7512
17.625 82.875 -2.1227
17.625 83.125 -2.0702
17.875 73.375 -0.094903
17.875 73.625 -1.9023
17.875 73.875 -0.80505
17.875 74.125 -1.7333
17.875 74.375 -0.99974
17.875 74.625 -1.6739
17.875 74.875 -1.3557
17.875 75.125 -2.1981
17.875 75.375 -2.2034
17.875 75.625 -2.029
17.875 75.875 -2.1285
17.875 76.125 -2.1069
17.875 76.375 -2.0795
17.875 76.625 -1.7063
17.875 76.875 -1.5218
17.875 77.125 -0.58252
17.875 77.375 -0.96732
17.875 77.625 -0.3509
17.875 77.875 -0.26708
17.875 78.125 0.86792
17.875 78.375 0.49109
17.875 78.625 0.66541
17.875 78.875 -0.15221
17.875 79.125 -0.80445
17.875 79.375 -1.2446
17.875 79.625 -1.1117
17.875 79.875 -0.84698
17.875 80.125 -1.1381
17.875 80.375 -1.7718
17.875 80.625 -1.5474
17.875 80.875 -1.3322
17.875 81.125 -1.1986
17.875 81.375 0.049903
17.875 81.625 -0.55489
17.875 81.875 -1.7498
17.875 82.125 -2.0737
17.875 82.375 -1.8825
17.875 82.625 -1.4273
17.875 82.875 -1.2271
17.875 83.125 -1.7571
17.875 83.375 -1.5667
NaN NaN NaN
18.125 73.375 -1.9206
18.125 73.625 -0.34181
18.125 73.875 0.52435
18.125 74.125 -0.97984
18.125 74.375 -0.49718
18.125 74.625 -1.4539
18.125 74.875 -1.2944
18.125 75.125 -1.814
18.125 75.375 -1.9815
18.125 75.625 -1.9837
18.125 75.875 -2.1905
18.125 76.125 -1.6336
18.125 76.375 -1.6729
18.125 76.625 -1.8413
18.125 76.875 -1.38
18.125 77.125 1.0401
18.125 77.375 0.053009
18.125 77.625 0.69197
18.125 77.875 0.065629
18.125 78.125 0.63841
18.125 78.375 0.0037838
18.125 78.625 0.06188
18.125 78.875 0.052742
18.125 79.125 -0.81015
18.125 79.375 -1.138
18.125 79.625 -0.23532
18.125 79.875 -0.7398
18.125 80.125 -1.3433
18.125 80.375 -2.0199
18.125 80.625 -1.9359
18.125 80.875 -0.81146
18.125 81.125 -1.3229
18.125 81.375 -0.11253
18.125 81.625 0.2174
18.125 81.875 0.39712
18.125 82.125 -1.6741
18.125 82.375 -1.9786
18.125 82.625 -1.8833
18.125 82.875 -1.6739
18.125 83.125 -0.86181
18.125 83.375 -1.151
18.125 83.625 -1.0254
18.375 73.125 -1.2235
18.375 73.375 -1.0043
18.375 73.625 -0.042257
18.375 73.875 0.32918
18.375 74.125 -1.0435
18.375 74.375 -0.96476
18.375 74.625 -1.7973
18.375 74.875 -2.2439
18.375 75.125 -1.6361
18.375 75.375 -0.63628
18.375 75.625 -1.4169
18.375 75.875 -2.052
18.375 76.125 -1.5757
18.375 76.375 -1.7408
18.375 76.625 -1.6914
18.375 76.875 -0.94915
18.375 77.125 -1.0407
18.375 77.375 -0.63967
18.375 77.625 -0.24265
18.375 77.875 -0.12285
18.375 78.125 0.23027
18.375 78.375 0.76123
18.375 78.625 -0.15286
18.375 78.875 -1.0815
18.375 79.125 -0.27492
18.375 79.375 -0.46311
18.375 79.625 -0.43441
18.375 79.875 -1.2557
18.375 80.125 -1.266
18.375 80.375 -0.61578
18.375 80.625 -0.35616
18.375 80.875 -1.0305
18.375 81.125 -0.83372
18.375 81.375 -0.25488
18.375 81.625 0.13299
18.375 81.875 0.063675
18.375 82.125 -0.071105
18.375 82.375 -0.1792
18.375 82.625 -1.167
18.375 82.875 -2.3659
18.375 83.125 -0.99856
18.375 83.375 -0.83964
18.375 83.625 -1.4105
18.375 83.875 -1.1924
18.625 73.125 -0.35204
18.625 73.375 0.18644
18.625 73.625 0.1152
18.625 73.875 0.49961
18.625 74.125 -1.2512
18.625 74.375 -0.66234
18.625 74.625 -1.4046
18.625 74.875 -1.4321
18.625 75.125 -2.0149
18.625 75.375 -1.7817
18.625 75.625 -1.5264
18.625 75.875 -1.4683
18.625 76.125 -1.9081
18.625 76.375 -1.6253
18.625 76.625 -0.32792
18.625 76.875 -0.86981
18.625 77.125 -1.1131
18.625 77.375 -0.71636
18.625 77.625 -0.069119
18.625 77.875 -0.10297
18.625 78.125 -0.86914
18.625 78.375 -0.82566
18.625 78.625 -1.2516
18.625 78.875 -0.60317
18.625 79.125 -0.12568
18.625 79.375 -0.77589
18.625 79.625 -1.2484
18.625 79.875 -0.92239
18.625 80.125 -0.73439
18.625 80.375 0.38394
18.625 80.625 0.64358
18.625 80.875 -0.58975
18.625 81.125 -1.0072
18.625 81.375 -0.57828
18.625 81.625 -0.7533
18.625 81.875 -0.42797
18.625 82.125 -0.28645
18.625 82.375 0.16008
18.625 82.625 0.25318
18.625 82.875 -1.4831
18.625 83.125 -1.807
18.625 83.375 -1.3239
18.625 83.625 -0.66252
18.625 83.875 -1.1105
18.625 84.125 -1.2993
18.875 73.125 0.062119
18.875 73.375 -0.82377
18.875 73.625 0.32452
18.875 73.875 0.87282
18.875 74.125 -1.839
18.875 74.375 -1.328
18.875 74.625 -1.1543
18.875 74.875 -1.1475
18.875 75.125 -1.943
18.875 75.375 -1.7959
18.875 75.625 -1.7931
18.875 75.875 -1.9513
18.875 76.125 -1.4611
18.875 76.375 -1.2391
18.875 76.625 -1.2388
18.875 76.875 -0.80337
18.875 77.125 -0.83639
18.875 77.375 -1.2007
18.875 77.625 -0.58587
18.875 77.875 -0.37943
18.875 78.125 -1.0306
18.875 78.375 -2.2764
18.875 78.625 -0.33205
18.875 78.875 0.19366
18.875 79.125 -0.09823
18.875 79.375 -0.75506
18.875 79.625 -1.1664
18.875 79.875 -0.96894
18.875 80.125 -1.0624
18.875 80.375 -0.10491
18.875 80.625 0.47752
18.875 80.875 0.7426
18.875 81.125 0.32792
18.875 81.375 0.12349
18.875 81.625 -1.101
18.875 81.875 -0.23334
18.875 82.125 0.071917
18.875 82.375 0.27286
18.875 82.625 -1.0706
18.875 82.875 -1.2602
18.875 83.125 -1.9792
18.875 83.375 -0.35028
18.875 83.625 -0.26378
18.875 83.875 -0.23045
18.875 84.125 -0.87763
18.875 84.375 -1.0426
19.125 73.125 -1.1754
19.125 73.375 -0.4886
19.125 73.625 -0.36347
19.125 73.875 -0.085539
19.125 74.125 -1.2244
19.125 74.375 -1.0806
19.125 74.625 -1.1636
19.125 74.875 -1.3916
19.125 75.125 -1.4195
19.125 75.375 -1.491
19.125 75.625 -1.6455
19.125 75.875 -1.7125
19.125 76.125 -1.5021
19.125 76.375 -1.315
19.125 76.625 -1.1778
19.125 76.875 -1.2985
19.125 77.125 -0.99449
19.125 77.375 -0.66277
19.125 77.625 -1.3437
19.125 77.875 -1.5668
19.125 78.125 -2.0057
19.125 78.375 -1.8185
19.125 78.625 -1.0856
19.125 78.875 -0.46348
19.125 79.125 -0.26985
19.125 79.375 -0.51408
19.125 79.625 -0.28287
19.125 79.875 -0.61443
19.125 80.125 -1.0056
19.125 80.375 -0.74227
19.125 80.625 0.53614
19.125 80.875 0.20681
19.125 81.125 0.19522
19.125 81.375 -0.62968
19.125 81.625 -0.81315
19.125 81.875 -1.5841
19.125 82.125 0.47554
19.125 82.375 0.49755
19.125 82.625 -0.88177
19.125 82.875 -0.3129
19.125 83.125 -1.2842
19.125 83.375 -0.52941
19.125 83.625 -0.60142
19.125 83.875 -0.78987
19.125 84.125 -0.53653
19.125 84.375 -0.6971
19.125 84.625 0.32232
19.375 72.875 -0.75857
19.375 73.125 -1.7796
19.375 73.375 -0.52287
19.375 73.625 -0.17255
19.375 73.875 -0.5362
19.375 74.125 -0.35742
19.375 74.375 -0.7882
19.375 74.625 -0.88236
19.375 74.875 -1.5209
19.375 75.125 -0.93671
19.375 75.375 -1.0325
19.375 75.625 -1.7945
19.375 75.875 -2.2017
19.375 76.125 -1.8553
19.375 76.375 -1.9126
19.375 76.625 -1.9247
19.375 76.875 -1.9013
19.375 77.125 -1.5608
19.375 77.375 -1.969
19.375 77.625 -1.8925
19.375 77.875 -1.5855
19.375 78.125 -1.4876
19.375 78.375 -1.6755
19.375 78.625 -1.385
19.375 78.875 -0.649
19.375 79.125 -0.55031
19.375 79.375 -0.58588
19.375 79.625 -0.64217
19.375 79.875 -1.0534
19.375 80.125 -0.5448
19.375 80.375 -0.27064
19.375 80.625 -0.2404
19.375 80.875 -0.049521
19.375 81.125 -0.54252
19.375 81.375 -0.6989
19.375 81.625 -0.82378
19.375 81.875 -0.72046
19.375 82.125 -0.3029
19.375 82.375 -0.0063465
19.375 82.625 -0.44621
19.375 82.875 -0.17251
19.375 83.125 -0.97559
19.375 83.375 -0.95452
19.375 83.625 -0.90987
19.375 83.875 -2.0743
19.375 84.125 -0.91513
19.375 84.375 -0.46771
19.375 84.625 0.12872
19.375 84.875 0.53152
19.625 72.875 -0.70374
19.625 73.125 -0.24384
19.625 73.375 -0.2419
19.625 73.625 -0.20584
19.625 73.875 -0.24056
19.625 74.125 -0.50994
19.625 74.375 -0.5297
19.625 74.625 -1.281
19.625 74.875 -1.4453
19.625 75.125 -1.433
19.625 75.375 -1.5527
19.625 75.625 -1.986
19.625 75.875 -1.8005
19.625 76.125 -1.7606
19.625 76.375 -1.7624
19.625 76.625 -2.0118
19.625 76.875 -2.2601
19.625 77.125 -1.901
19.625 77.375 -1.4166
19.625 77.625 -1.2406
19.625 77.875 -1.6973
19.625 78.125 -1.8561
19.625 78.375 -1.8006
19.625 78.625 -1.3269
19.625 78.875 -1.2137
19.625 79.125 -1.6116
19.625 79.375 -2.166
19.625 79.625 -1.8337
19.625 79.875 -1.3948
19.625 80.125 -0.96991
19.625 80.375 -0.91227
19.625 80.625 -0.45961
19.625 80.875 -0.31284
19.625 81.125 -0.28044
19.625 81.375 -0.8775
19.625 81.625 -0.76941
19.625 81.875 -0.61911
19.625 82.125 -1.1143
19.625 82.375 -0.64598
19.625 82.625 -0.013688
19.625 82.875 -0.54672
19.625 83.125 -0.62457
19.625 83.375 0.30455
19.625 83.625 -0.0015221
19.625 83.875 -0.11291
19.625 84.125 -0.50843
19.625 84.375 -0.7092
19.625 84.625 0.44645
19.625 84.875 0.28657
19.625 85.125 -0.34065
19.625 85.375 0.13563
19.875 72.875 -0.057371
19.875 73.125 -0.30429
19.875 73.375 -0.21629
19.875 73.625 0.22566
19.875 73.875 0.092615
19.875 74.125 -0.28436
19.875 74.375 -0.34434
19.875 74.625 -0.69412
19.875 74.875 -0.061397
19.875 75.125 -1.3908
19.875 75.375 -1.7807
19.875 75.625 -1.4364
19.875 75.875 -0.55978
19.875 76.125 -1.2364
19.875 76.375 -1.1273
19.875 76.625 -1.7407
19.875 76.875 -1.5211
19.875 77.125 -1.5082
19.875 77.375 -1.4611
19.875 77.625 -1.321
19.875 77.875 -1.7741
19.875 78.125 -2.0823
19.875 78.375 -2.1451
19.875 78.625 -1.7097
19.875 78.875 -1.198
19.875 79.125 -1.3635
19.875 79.375 -2.4307
19.875 79.625 -2.155
19.875 79.875 -1.6865
19.875 80.125 -1.3966
19.875 80.375 -1.424
19.875 80.625 -1.0205
19.875 80.875 -0.48541
19.875 81.125 -0.17116
19.875 81.375 -1.7701
19.875 81.625 -1.1034
19.875 81.875 0.072464
19.875 82.125 -0.75871
19.875 82.375 -0.77475
19.875 82.625 -0.0088991
19.875 82.875 -0.15233
19.875 83.125 0.23769
19.875 83.375 0.55007
19.875 83.625 0.56427
19.875 83.875 -0.10012
19.875 84.125 -0.88085
19.875 84.375 -0.86626
19.875 84.625 -0.10392
19.875 84.875 -0.53133
19.875 85.125 -0.6227
19.875 85.375 0.52875
NaN NaN NaN
NaN NaN NaN
NaN NaN NaN
20.125 72.875 0.13561
20.125 73.125 0.13659
20.125 73.375 -1.1444
20.125 73.625 1.2428
20.125 73.875 0.63168
20.125 74.125 1.5351
20.125 74.375 -0.11566
20.125 74.625 -0.41909
20.125 74.875 -0.31828
20.125 75.125 -0.79951
20.125 75.375 -1.1191
20.125 75.625 -1.5207
20.125 75.875 -1.5943
20.125 76.125 -1.6517
20.125 76.375 -1.6691
20.125 76.625 -1.6286
20.125 76.875 -1.501
20.125 77.125 -1.7295
20.125 77.375 -1.608
20.125 77.625 -1.4036
20.125 77.875 -2.0718
20.125 78.125 -2.267
20.125 78.375 -2.2702
20.125 78.625 -1.7376
20.125 78.875 -1.54
20.125 79.125 -1.7611
20.125 79.375 -1.9232
20.125 79.625 -1.3198
20.125 79.875 -1.1368
20.125 80.125 -1.3724
20.125 80.375 -1.5018
20.125 80.625 -1.3424
20.125 80.875 -1.0778
20.125 81.125 -1.0119
20.125 81.375 -0.71709
20.125 81.625 -0.30719
20.125 81.875 0.99401
20.125 82.125 0.6592
20.125 82.375 -0.6089
20.125 82.625 0.13719
20.125 82.875 -0.20183
20.125 83.125 0.15953
20.125 83.375 0.43716
20.125 83.625 0.87309
20.125 83.875 0.45608
20.125 84.125 0.69447
20.125 84.375 -0.1512
20.125 84.625 0.37824
20.125 84.875 -0.076921
20.125 85.125 0.68699
20.125 85.375 -0.22737
20.125 85.625 -0.14684
20.125 85.875 -0.53075
20.125 86.125 -0.15788
NaN NaN NaN
20.375 73.125 0.679
20.375 73.375 -0.15318
20.375 73.625 0.012667
20.375 73.875 -0.9178
20.375 74.125 -0.36178
20.375 74.375 -0.71353
20.375 74.625 -1.3127
20.375 74.875 -0.86707
20.375 75.125 -0.0019822
20.375 75.375 0.86869
20.375 75.625 -0.77623
20.375 75.875 -1.126
20.375 76.125 -1.2202
20.375 76.375 -1.6647
20.375 76.625 -1.8299
20.375 76.875 -2.0983
20.375 77.125 -2.188
20.375 77.375 -1.8743
20.375 77.625 -0.4674
20.375 77.875 -2.2085
20.375 78.125 -2.2236
20.375 78.375 -2.0603
20.375 78.625 -2.0258
20.375 78.875 -1.7515
20.375 79.125 -1.3388
20.375 79.375 -1.1776
20.375 79.625 -1.4281
20.375 79.875 -1.3554
20.375 80.125 -1.0397
20.375 80.375 -1.534
20.375 80.625 -1.0789
20.375 80.875 -0.60638
20.375 81.125 -0.51232
20.375 81.375 -0.50513
20.375 81.625 0.15926
20.375 81.875 1.2255
20.375 82.125 1.1429
20.375 82.375 1.5029
20.375 82.625 1.0251
20.375 82.875 0.31345
20.375 83.125 0.34169
20.375 83.375 0.66822
20.375 83.625 0.70307
20.375 83.875 0.31126
20.375 84.125 0.42536
20.375 84.375 -1.4635
20.375 84.625 -0.62803
20.375 84.875 0.23699
20.375 85.125 0.23623
20.375 85.375 -0.56531
20.375 85.625 0.68331
20.375 85.875 0.33263
20.375 86.125 0.57012
20.375 86.375 0.19156
NaN NaN NaN
20.625 73.125 0.081618
20.625 73.375 0.43111
20.625 73.625 0.66963
20.625 73.875 0.89043
20.625 74.125 0.14359
20.625 74.375 -0.7667
20.625 74.625 -0.32489
20.625 74.875 0.14762
20.625 75.125 -0.7919
20.625 75.375 -0.55257
20.625 75.625 -1.1738
20.625 75.875 -1.84
20.625 76.125 -0.86557
20.625 76.375 -1.4367
20.625 76.625 -2.0906
20.625 76.875 -2.2396
20.625 77.125 -1.9951
20.625 77.375 -1.7895
20.625 77.625 -1.3595
20.625 77.875 -1.7604
20.625 78.125 -1.2209
20.625 78.375 -1.5471
20.625 78.625 -1.866
20.625 78.875 -2.0135
20.625 79.125 -1.6646
20.625 79.375 -1.4716
20.625 79.625 -1.0027
20.625 79.875 -1.1435
20.625 80.125 -0.79965
20.625 80.375 -1.1399
20.625 80.625 -0.55238
20.625 80.875 -0.48969
20.625 81.125 -0.13051
20.625 81.375 0.46451
20.625 81.625 0.67676
20.625 81.875 1.5864
20.625 82.125 0.88484
20.625 82.375 0.94663
20.625 82.625 0.6273
20.625 82.875 0.36448
20.625 83.125 0.36977
20.625 83.375 0.71893
20.625 83.625 0.73261
20.625 83.875 0.15331
20.625 84.125 0.13932
20.625 84.375 -0.061507
20.625 84.625 0.08056
20.625 84.875 -0.22052
20.625 85.125 0.43508
20.625 85.375 0.17973
20.625 85.625 -1.2128
20.625 85.875 -0.035415
20.625 86.125 0.45874
20.625 86.375 0.77214
20.625 86.625 0.6504
NaN NaN NaN
20.875 70.625 0.43845
20.875 70.875 0.4415
20.875 71.125 0.05814
20.875 71.375 0.84388
20.875 72.875 0.37382
20.875 73.125 0.058311
20.875 73.375 -0.29086
20.875 73.625 0.69453
20.875 73.875 1.338
20.875 74.125 0.0057776
20.875 74.375 -0.4523
20.875 74.625 -0.353
20.875 74.875 -0.38798
20.875 75.125 -1.5703
20.875 75.375 -1.7287
20.875 75.625 -1.8827
20.875 75.875 -1.5474
20.875 76.125 -1.2316
20.875 76.375 -1.7882
20.875 76.625 -1.5103
20.875 76.875 -1.8004
20.875 77.125 -2.1091
20.875 77.375 -2.1335
20.875 77.625 -2.0119
20.875 77.875 -1.8432
20.875 78.125 -1.4823
20.875 78.375 -1.6206
20.875 78.625 -2.2981
20.875 78.875 -2.101
20.875 79.125 -2.1229
20.875 79.375 -1.7486
20.875 79.625 -1.1847
20.875 79.875 -0.80479
20.875 80.125 -0.75293
20.875 80.375 -1.4537
20.875 80.625 -0.34705
20.875 80.875 0.2927
20.875 81.125 -0.14043
20.875 81.375 -0.50676
20.875 81.625 0.74803
20.875 81.875 0.83329
20.875 82.125 0.25147
20.875 82.375 1.0872
20.875 82.625 0.39004
20.875 82.875 0.19324
20.875 83.125 0.27918
20.875 83.375 -0.11358
20.875 83.625 0.30017
20.875 83.875 0.86702
20.875 84.125 -0.1728
20.875 84.375 0.30332
20.875 84.625 0.20734
20.875 84.875 -0.31672
20.875 85.125 0.65564
20.875 85.375 0.084653
20.875 85.625 0.11605
20.875 85.875 0.72849
20.875 86.125 0.30058
20.875 86.375 0.46043
20.875 86.625 0.72897
21.125 70.375 0.065194
21.125 70.625 -0.078477
21.125 70.875 -0.69555
21.125 71.125 0.33706
21.125 71.375 0.54878
NaN NaN NaN
NaN NaN NaN
21.125 72.875 -1.421
21.125 73.125 -1.1658
21.125 73.375 0.5422
21.125 73.625 -1.3798
21.125 73.875 -1.1095
21.125 74.125 -1.0007
21.125 74.375 -0.81235
21.125 74.625 -0.62423
21.125 74.875 -0.69228
21.125 75.125 -1.4506
21.125 75.375 -1.4551
21.125 75.625 -0.070523
21.125 75.875 -0.10772
21.125 76.125 -0.4309
21.125 76.375 -1.8563
21.125 76.625 -1.538
21.125 76.875 -1.9243
21.125 77.125 -1.7375
21.125 77.375 -1.8172
21.125 77.625 -1.6948
21.125 77.875 -1.4304
21.125 78.125 -1.9278
21.125 78.375 -1.972
21.125 78.625 -2.0991
21.125 78.875 -1.6961
21.125 79.125 -1.4276
21.125 79.375 -1.7052
21.125 79.625 -0.27487
21.125 79.875 -0.25545
21.125 80.125 -0.51111
21.125 80.375 -1.5234
21.125 80.625 -0.96404
21.125 80.875 -0.3879
21.125 81.125 -0.63149
21.125 81.375 1.3655
21.125 81.625 -0.15029
21.125 81.875 0.39589
21.125 82.125 0.37168
21.125 82.375 0.25838
21.125 82.625 0.33839
21.125 82.875 -0.11662
21.125 83.125 -0.066458
21.125 83.375 0.28134
21.125 83.625 0.75659
21.125 83.875 1.3347
21.125 84.125 0.613
21.125 84.375 0.73411
21.125 84.625 0.85432
21.125 84.875 0.77625
21.125 85.125 0.79368
21.125 85.375 0.48316
21.125 85.625 0.54088
21.125 85.875 1.0707
21.125 86.125 0.41352
21.125 86.375 0.66947
21.125 86.625 1.1801
21.375 70.125 -1.1364
21.375 70.375 -0.91564
21.375 70.625 0.44332
21.375 70.875 -0.1535
21.375 71.125 0.025499
21.375 71.375 -0.49981
21.375 71.625 -0.24708
21.375 71.875 -0.2791
21.375 72.875 -0.33677
21.375 73.125 0.73574
21.375 73.375 0.77606
21.375 73.625 -0.59082
21.375 73.875 -1.8651
21.375 74.125 -1.6819
21.375 74.375 -1.7396
21.375 74.625 -0.88797
21.375 74.875 -0.23037
21.375 75.125 -0.55668
21.375 75.375 -1.1568
21.375 75.625 -0.51122
21.375 75.875 -0.87413
21.375 76.125 -0.26494
21.375 76.375 -1.5518
21.375 76.625 -1.3582
21.375 76.875 -1.6412
21.375 77.125 -1.6549
21.375 77.375 -1.4002
21.375 77.625 -1.4809
21.375 77.875 -1.4131
21.375 78.125 -1.2901
21.375 78.375 -1.737
21.375 78.625 -1.7245
21.375 78.875 -1.3297
21.375 79.125 -1.469
21.375 79.375 -0.98526
21.375 79.625 -0.55394
21.375 79.875 -0.9474
21.375 80.125 -1.1332
21.375 80.375 -1.3931
21.375 80.625 -1.4587
21.375 80.875 -2.0033
21.375 81.125 -1.4997
21.375 81.375 0.58061
21.375 81.625 0.22
21.375 81.875 1.3609
21.375 82.125 0.85144
21.375 82.375 0.058232
21.375 82.625 -0.2029
21.375 82.875 -0.22243
21.375 83.125 -0.026878
21.375 83.375 0.50738
21.375 83.625 0.47183
21.375 83.875 0.86908
21.375 84.125 1.1407
21.375 84.375 1.0271
21.375 84.625 1.1908
21.375 84.875 0.90373
21.375 85.125 0.88686
21.375 85.375 1.0651
21.375 85.625 0.45057
21.375 85.875 0.52223
21.375 86.125 0.58703
21.375 86.375 1.483
21.375 86.625 1.184
21.375 86.875 1.101
21.625 69.875 -0.67689
21.625 70.125 -1.3217
21.625 70.375 -0.61455
21.625 70.625 -0.079644
21.625 70.875 -0.017327
21.625 71.125 -0.59103
21.625 71.375 0.22451
21.625 71.625 0.38455
21.625 71.875 -0.25788
21.625 72.125 -0.22082
21.625 72.875 -0.1728
21.625 73.125 0.1917
21.625 73.375 -0.38833
21.625 73.625 -1.6548
21.625 73.875 -1.8472
21.625 74.125 -1.3629
21.625 74.375 -1.2136
21.625 74.625 -1.066
21.625 74.875 -0.13295
21.625 75.125 -0.082503
21.625 75.375 -0.28816
21.625 75.625 -1.1505
21.625 75.875 -1.4926
21.625 76.125 -0.7185
21.625 76.375 -1.6738
21.625 76.625 -1.8709
21.625 76.875 -1.8251
21.625 77.125 -1.3121
21.625 77.375 -0.80177
21.625 77.625 -1.8728
21.625 77.875 -0.64139
21.625 78.125 -0.54868
21.625 78.375 -1.489
21.625 78.625 -1.6849
21.625 78.875 -1.5194
21.625 79.125 -2.2566
21.625 79.375 -2.046
21.625 79.625 -0.40764
21.625 79.875 -0.48296
21.625 80.125 -0.73118
21.625 80.375 -0.47937
21.625 80.625 -2.0205
21.625 80.875 -1.453
21.625 81.125 -1.9054
21.625 81.375 -1.0262
21.625 81.625 -0.327
21.625 81.875 0.49989
21.625 82.125 0.62633
21.625 82.375 0.15567
21.625 82.625 -0.20479
21.625 82.875 -0.91879
21.625 83.125 -0.37178
21.625 83.375 -0.36502
21.625 83.625 0.42389
21.625 83.875 0.68823
21.625 84.125 1.0578
21.625 84.375 1.2271
21.625 84.625 1.5339
21.625 84.875 1.4816
21.625 85.125 0.85443
21.625 85.375 1.2003
21.625 85.625 1.1595
21.625 85.875 1.0605
21.625 86.125 1.3718
21.625 86.375 1.5935
21.625 86.625 0.66051
21.625 86.875 0.58427
21.625 87.125 0.42202
NaN NaN NaN
NaN NaN NaN
21.875 69.625 -1.3901
21.875 69.875 -0.78714
21.875 70.125 -1.2056
21.875 70.375 -0.068142
21.875 70.625 0.046191
21.875 70.875 -0.74204
21.875 71.125 -1.3868
21.875 71.375 0.0051021
21.875 71.625 0.52916
21.875 71.875 -0.36546
21.875 72.125 -0.12668
NaN NaN NaN
21.875 72.875 -1.7314
21.875 73.125 -0.40699
21.875 73.375 -1.0959
21.875 73.625 -1.513
21.875 73.875 -1.8392
21.875 74.125 -2.14
21.875 74.375 -1.9658
21.875 74.625 -1.4255
21.875 74.875 -0.66209
21.875 75.125 -0.66036
21.875 75.375 -0.34625
21.875 75.625 -0.32254
21.875 75.875 -1.2075
21.875 76.125 -0.94654
21.875 76.375 -1.6178
21.875 76.625 -1.5045
21.875 76.875 -1.5404
21.875 77.125 -1.3269
21.875 77.375 -0.54124
21.875 77.625 -1.351
21.875 77.875 -1.4259
21.875 78.125 -1.0827
21.875 78.375 -0.75163
21.875 78.625 -0.90916
21.875 78.875 -0.97399
21.875 79.125 -1.2621
21.875 79.375 -1.2961
21.875 79.625 -0.38641
21.875 79.875 -0.32636
21.875 80.125 0.49416
21.875 80.375 0.99119
21.875 80.625 0.31821
21.875 80.875 -1.6205
21.875 81.125 -1.7418
21.875 81.375 -0.8476
21.875 81.625 -0.0069315
21.875 81.875 -0.30906
21.875 82.125 0.38223
21.875 82.375 -1.0597
21.875 82.625 -0.98437
21.875 82.875 -1.8799
21.875 83.125 -1.09
21.875 83.375 -0.52174
21.875 83.625 -0.43184
21.875 83.875 1.2439
21.875 84.125 1.2467
21.875 84.375 1.5807
21.875 84.625 1.7564
21.875 84.875 1.5936
21.875 85.125 2.0528
21.875 85.375 1.8044
21.875 85.625 1.5133
21.875 85.875 1.2148
21.875 86.125 1.5151
21.875 86.375 1.7206
21.875 86.625 0.73791
21.875 86.875 0.69042
21.875 87.125 0.4225
21.875 87.375 0.33575
21.875 87.625 1.3812
21.875 87.875 1.3
21.875 88.375 0.78376
NaN NaN NaN
NaN NaN NaN
22.125 69.125 -1.092
22.125 69.375 -1.4388
22.125 69.625 -1.2401
22.125 69.875 -1.0754
22.125 70.125 -1.4483
22.125 70.375 -0.84075
22.125 70.625 -0.25279
22.125 70.875 0.061633
22.125 71.125 -1.3666
22.125 71.375 0.24164
22.125 71.625 0.50613
22.125 71.875 -0.66113
22.125 72.125 -0.32399
NaN NaN NaN
22.125 72.875 -1.2458
22.125 73.125 -1.8177
22.125 73.375 -1.663
22.125 73.625 -1.3433
22.125 73.875 -1.7448
22.125 74.125 -1.6722
22.125 74.375 -1.9788
22.125 74.625 -2.112
22.125 74.875 -1.1066
22.125 75.125 -0.99574
22.125 75.375 -1.9921
22.125 75.625 -1.1276
22.125 75.875 -0.8865
22.125 76.125 -0.93036
22.125 76.375 -1.882
22.125 76.625 -1.4899
22.125 76.875 -1.4987
22.125 77.125 -1.2314
22.125 77.375 -1.1494
22.125 77.625 -1.3786
22.125 77.875 -1.1478
22.125 78.125 -1.2101
22.125 78.375 -1.4102
22.125 78.625 -0.75523
22.125 78.875 -0.35361
22.125 79.125 -0.76468
22.125 79.375 -1.2979
22.125 79.625 -0.63598
22.125 79.875 0.075259
22.125 80.125 0.7636
22.125 80.375 0.58431
22.125 80.625 0.85827
22.125 80.875 -0.83194
22.125 81.125 -1.8627
22.125 81.375 1.0222
22.125 81.625 -1.2399
22.125 81.875 0.13574
22.125 82.125 0.61621
22.125 82.375 1.0652
22.125 82.625 -1.6209
22.125 82.875 -1.9274
22.125 83.125 -0.66246
22.125 83.375 0.11328
22.125 83.625 0.72428
22.125 83.875 0.99022
22.125 84.125 1.2239
22.125 84.375 1.2839
22.125 84.625 1.7921
22.125 84.875 1.9245
22.125 85.125 1.8311
22.125 85.375 1.7075
22.125 85.625 0.91453
22.125 85.875 0.98898
22.125 86.125 1.3607
22.125 86.375 1.6214
22.125 86.625 0.57035
22.125 86.875 0.68168
22.125 87.125 0.48018
22.125 87.375 -0.040238
22.125 87.625 0.37943
22.125 87.875 0.63899
22.125 88.125 0.53352
22.125 88.375 1.015
NaN NaN NaN
22.375 69.125 -0.53308
22.375 69.875 -0.19554
22.375 70.125 -0.88217
22.375 70.375 -1.2316
22.375 70.625 -0.54401
22.375 70.875 -0.17882
22.375 71.125 0.13355
22.375 71.375 0.095876
22.375 71.625 -0.35523
22.375 71.875 0.47808
22.375 72.125 0.23166
NaN NaN NaN
22.375 72.875 -1.4424
22.375 73.125 -1.3129
22.375 73.375 -0.97877
22.375 73.625 -0.74599
22.375 73.875 -1.2808
22.375 74.125 -1.7735
22.375 74.375 -1.7783
22.375 74.625 -1.9763
22.375 74.875 -1.747
22.375 75.125 -1.6754
22.375 75.375 -1.199
22.375 75.625 -1.4794
22.375 75.875 -0.26083
22.375 76.125 -0.47486
22.375 76.375 -1.018
22.375 76.625 0.13197
22.375 76.875 -0.89843
22.375 77.125 -1.0387
22.375 77.375 -1.3561
22.375 77.625 -1.1682
22.375 77.875 -0.36624
22.375 78.125 -0.98863
22.375 78.375 -0.9809
22.375 78.625 -0.84516
22.375 78.875 -0.11218
22.375 79.125 -0.24544
22.375 79.375 -0.20107
22.375 79.625 -0.075456
22.375 79.875 0.050135
22.375 80.125 0.43135
22.375 80.375 0.21942
22.375 80.625 0.55743
22.375 80.875 0.46191
22.375 81.125 -0.15752
22.375 81.375 1.5435
22.375 81.625 -0.35536
22.375 81.875 -0.0939
22.375 82.125 -0.76333
22.375 82.375 0.50991
22.375 82.625 -1.3754
22.375 82.875 -1.5961
22.375 83.125 -1.7569
22.375 83.375 -1.8789
22.375 83.625 -2.0518
22.375 83.875 0.24692
22.375 84.125 0.049749
22.375 84.375 0.6038
22.375 84.625 1.0814
22.375 84.875 0.98956
22.375 85.125 0.93517
22.375 85.375 1.304
22.375 85.625 0.96359
22.375 85.875 0.61489
22.375 86.125 1.3238
22.375 86.375 0.69107
22.375 86.625 0.24013
22.375 86.875 0.2659
22.375 87.125 0.71459
22.375 87.375 -0.34593
22.375 87.625 -0.31508
22.375 87.875 0.67754
22.375 88.125 -0.34794
22.375 88.375 -0.051975
22.375 88.625 0.0991
22.375 88.875 0.11349
NaN NaN NaN
22.625 70.375 -0.49251
22.625 70.625 0.13073
22.625 70.875 -0.16911
22.625 71.125 -0.15003
22.625 71.375 -0.1482
22.625 71.625 -0.4645
22.625 71.875 -0.75778
22.625 72.125 -0.43705
22.625 72.375 0.27249
22.625 72.625 0.8149
22.625 72.875 -1.1535
22.625 73.125 -1.5708
22.625 73.375 -0.74159
22.625 73.625 -1.5697
22.625 73.875 -1.5115
22.625 74.125 -1.5354
22.625 74.375 -1.2048
22.625 74.625 -1.6606
22.625 74.875 -1.7313
22.625 75.125 -1.6119
22.625 75.375 -1.1263
22.625 75.625 -1.3554
22.625 75.875 -0.74914
22.625 76.125 -0.70859
22.625 76.375 -0.88004
22.625 76.625 0.033501
22.625 76.875 -0.16079
22.625 77.125 -0.74745
22.625 77.375 -1.2303
22.625 77.625 -1.0896
22.625 77.875 -0.058321
22.625 78.125 -0.061279
22.625 78.375 -0.23431
22.625 78.625 0.12841
22.625 78.875 0.16277
22.625 79.125 0.033104
22.625 79.375 -0.13922
22.625 79.625 -0.047935
22.625 79.875 0.38819
22.625 80.125 0.16321
22.625 80.375 -0.58712
22.625 80.625 -0.69279
22.625 80.875 -0.29863
22.625 81.125 0.56055
22.625 81.375 0.93753
22.625 81.625 0.1797
22.625 81.875 -0.098902
22.625 82.125 -0.88611
22.625 82.375 -1.7271
22.625 82.625 -1.7399
22.625 82.875 -2.2837
22.625 83.125 -2.3206
22.625 83.375 -0.73965
22.625 83.625 -0.38351
22.625 83.875 -1.9001
22.625 84.125 -0.64589
22.625 84.375 -0.52882
22.625 84.625 0.18557
22.625 84.875 0.50913
22.625 85.125 0.98329
22.625 85.375 1.0394
22.625 85.625 0.92534
22.625 85.875 0.67145
22.625 86.125 0.85977
22.625 86.375 0.15178
22.625 86.625 -0.45787
22.625 86.875 0.16313
22.625 87.125 0.48248
22.625 87.375 0.15309
22.625 87.625 0.47835
22.625 87.875 0.76306
22.625 88.125 1.1336
22.625 88.375 -0.16109
22.625 88.625 -0.082146
22.625 88.875 0.0028485
22.625 92.625 0.32538
22.625 92.875 NaN
NaN NaN NaN
NaN NaN NaN
NaN NaN NaN
22.875 70.625 0.27024
22.875 70.875 0.092724
22.875 71.125 -0.45803
22.875 71.375 -0.57292
22.875 71.625 -0.47733
22.875 71.875 -0.42294
22.875 72.125 -1.2665
22.875 72.375 -0.32207
22.875 72.625 -0.057321
22.875 72.875 -0.8842
22.875 73.125 -0.68631
22.875 73.375 -0.57349
22.875 73.625 -1.4278
22.875 73.875 -1.996
22.875 74.125 -1.5598
22.875 74.375 -1.3764
22.875 74.625 -1.4561
22.875 74.875 -1.1757
22.875 75.125 -1.0753
22.875 75.375 -0.15833
22.875 75.625 -0.76898
22.875 75.875 -0.87485
22.875 76.125 -1.2663
22.875 76.375 -0.57835
22.875 76.625 -0.62283
22.875 76.875 -1.1264
22.875 77.125 -0.39642
22.875 77.375 -2.4675
22.875 77.625 -2.0049
22.875 77.875 -0.93568
22.875 78.125 -0.1995
22.875 78.375 0.13717
22.875 78.625 0.12411
22.875 78.875 0.59963
22.875 79.125 0.20016
22.875 79.375 -0.70939
22.875 79.625 -1.0903
22.875 79.875 0.64475
22.875 80.125 0.17721
22.875 80.375 -0.47784
22.875 80.625 -0.67241
22.875 80.875 0.080035
22.875 81.125 0.28868
22.875 81.375 -0.58451
22.875 81.625 -0.61022
22.875 81.875 -0.28878
22.875 82.125 -0.62756
22.875 82.375 -0.64947
22.875 82.625 -0.9987
22.875 82.875 -0.53376
22.875 83.125 -2.1552
22.875 83.375 -0.47498
22.875 83.625 0.86039
22.875 83.875 -0.7134
22.875 84.125 -1.5889
22.875 84.375 -1.2814
22.875 84.625 0.61719
22.875 84.875 0.23194
22.875 85.125 0.32608
22.875 85.375 1.5586
22.875 85.625 0.32067
22.875 85.875 0.52567
22.875 86.125 0.43152
22.875 86.375 0.39997
22.875 86.625 1.0106
22.875 86.875 1.465
22.875 87.125 1.6545
22.875 87.375 0.88133
22.875 87.625 0.7207
22.875 87.875 -0.70898
22.875 88.125 0.22301
22.875 88.375 0.61639
22.875 88.625 0.59822
22.875 92.625 0.40235
22.875 92.875 0.96297
23.125 68.875 -0.055701
23.125 69.125 -0.036657
23.125 69.375 0.062359
23.125 69.625 0.021846
23.125 69.875 0.19479
23.125 70.125 -0.025373
23.125 70.875 0.26564
23.125 71.125 -0.30235
23.125 71.375 -0.63686
23.125 71.625 0.093451
23.125 71.875 -0.26587
23.125 72.125 0.29283
23.125 72.375 -0.81908
23.125 72.625 -0.37988
23.125 72.875 -0.84128
23.125 73.125 -1.2099
23.125 73.375 -0.68285
23.125 73.625 -0.70252
23.125 73.875 -1.8208
23.125 74.125 -1.632
23.125 74.375 -1.3282
23.125 74.625 -1.5134
23.125 74.875 -0.96835
23.125 75.125 -0.79113
23.125 75.375 -1.53
23.125 75.625 -1.0478
23.125 75.875 -0.64168
23.125 76.125 -0.94852
23.125 76.375 -0.34033
23.125 76.625 -0.71585
23.125 76.875 -0.24659
23.125 77.125 0.029813
23.125 77.375 -1.3035
23.125 77.625 -1.3085
23.125 77.875 -0.45714
23.125 78.125 -0.27353
23.125 78.375 -0.47301
23.125 78.625 -0.89036
23.125 78.875 -0.46556
23.125 79.125 -0.065295
23.125 79.375 0.25781
23.125 79.625 -1.1883
23.125 79.875 -0.1156
23.125 80.125 0.041979
23.125 80.375 -0.63683
23.125 80.625 0.38077
23.125 80.875 1.423
23.125 81.125 1.7869
23.125 81.375 1.4333
23.125 81.625 -0.55036
23.125 81.875 -0.089978
23.125 82.125 -0.97047
23.125 82.375 -0.71098
23.125 82.625 0.53354
23.125 82.875 0.090418
23.125 83.125 -0.070473
23.125 83.375 1.8277
23.125 83.625 2.0865
23.125 83.875 1.966
23.125 84.125 -0.98106
23.125 84.375 -0.85634
23.125 84.625 -1.0645
23.125 84.875 -0.5854
23.125 85.125 -0.19883
23.125 85.375 1.5637
23.125 85.625 0.64497
23.125 85.875 -0.93655
23.125 86.125 -0.82095
23.125 86.375 0.73717
23.125 86.625 0.89509
23.125 86.875 1.4394
23.125 87.125 1.4772
23.125 87.375 1.6089
23.125 87.625 -0.58813
23.125 87.875 -1.3957
23.125 88.125 -0.73074
23.125 88.375 -0.018232
23.125 88.625 0.2808
NaN NaN NaN
23.125 92.625 -0.29347
23.125 92.875 -0.39167
NaN NaN NaN
23.375 68.875 0.011616
23.375 69.125 -0.024859
23.375 69.375 0.068412
23.375 69.625 0.22875
23.375 69.875 0.20188
23.375 70.125 0.013749
23.375 70.375 -0.12601
23.375 70.625 -0.2069
23.375 70.875 -0.23126
23.375 71.125 -0.19679
23.375 71.375 -0.60676
23.375 71.625 -1.1717
23.375 71.875 -0.39355
23.375 72.125 -0.95042
23.375 72.375 -0.76874
23.375 72.625 -0.70534
23.375 72.875 -0.81126
23.375 73.125 -0.81753
23.375 73.375 -0.42788
23.375 73.625 -0.88579
23.375 73.875 -1.5138
23.375 74.125 -1.3739
23.375 74.375 -0.72718
23.375 74.625 -0.77104
23.375 74.875 -0.59251
23.375 75.125 -0.39797
23.375 75.375 -0.15571
23.375 75.625 -1.1638
23.375 75.875 -0.4974
23.375 76.125 0.7337
23.375 76.375 0.23862
23.375 76.625 -0.70974
23.375 76.875 -0.85439
23.375 77.125 -0.41298
23.375 77.375 -1.3038
23.375 77.625 -1.4874
23.375 77.875 0.045165
23.375 78.125 -0.23183
23.375 78.375 -0.60323
23.375 78.625 -0.68139
23.375 78.875 -0.067727
23.375 79.125 -0.28662
23.375 79.375 -0.65098
23.375 79.625 0.67895
23.375 79.875 0.14253
23.375 80.125 -0.56049
23.375 80.375 0.060284
23.375 80.625 0.72928
23.375 80.875 1.3587
23.375 81.125 1.8484
23.375 81.375 1.5322
23.375 81.625 0.41
23.375 81.875 0.017675
23.375 82.125 0.41285
23.375 82.375 1.9861
23.375 82.625 1.2188
23.375 82.875 0.72311
23.375 83.125 1.976
23.375 83.375 1.6917
23.375 83.625 1.8337
23.375 83.875 1.3523
23.375 84.125 -1.5863
23.375 84.375 -0.44529
23.375 84.625 -0.98655
23.375 84.875 -0.11568
23.375 85.125 0.18619
23.375 85.375 0.66697
23.375 85.625 1.2363
23.375 85.875 -0.3749
23.375 86.125 -0.28784
23.375 86.375 0.48194
23.375 86.625 1.3865
23.375 86.875 0.66831
23.375 87.125 0.68865
23.375 87.375 0.19552
23.375 87.625 -1.7522
23.375 87.875 -1.3115
23.375 88.125 -0.81475
23.375 88.375 -0.60148
23.375 88.625 -0.36847
23.375 91.375 -1.0997
23.375 91.625 -0.26026
23.375 92.625 -0.33522
23.375 92.875 -0.56187
23.375 93.125 -1.3203
23.625 68.625 0.037435
23.625 68.875 0.046895
23.625 69.125 -0.035991
23.625 69.375 0.084372
23.625 69.625 -0.12349
23.625 69.875 -0.063019
23.625 70.125 0.26899
23.625 70.375 0.23355
23.625 70.625 0.01661
23.625 70.875 -0.0076921
23.625 71.125 -0.17322
23.625 71.375 0.6092
23.625 71.625 -0.99143
23.625 71.875 -1.1393
23.625 72.125 -1.3551
23.625 72.375 -1.536
23.625 72.625 -1.1268
23.625 72.875 -1.256
23.625 73.125 -1.1971
23.625 73.375 -1.2829
23.625 73.625 -1.0974
23.625 73.875 -0.96937
23.625 74.125 -0.67053
23.625 74.375 -0.68052
23.625 74.625 -0.26853
23.625 74.875 -0.51377
23.625 75.125 -0.9565
23.625 75.375 0.35503
23.625 75.625 -0.19518
23.625 75.875 1.1043
23.625 76.125 1.6365
23.625 76.375 0.93232
23.625 76.625 -0.32772
23.625 76.875 -1.3554
23.625 77.125 -0.50566
23.625 77.375 -0.55022
23.625 77.625 -0.84898
23.625 77.875 -0.10316
23.625 78.125 -0.143
23.625 78.375 -0.3644
23.625 78.625 0.016564
23.625 78.875 0.10461
23.625 79.125 0.20427
23.625 79.375 0.26913
23.625 79.625 0.25816
23.625 79.875 0.91194
23.625 80.125 -0.72597
23.625 80.375 -0.19465
23.625 80.625 0.8548
23.625 80.875 1.4959
23.625 81.125 1.3681
23.625 81.375 1.1976
23.625 81.625 1.6168
23.625 81.875 1.1654
23.625 82.125 0.31411
23.625 82.375 1.2098
23.625 82.625 1.5889
23.625 82.875 1.6221
23.625 83.125 1.6369
23.625 83.375 1.843
23.625 83.625 1.5315
23.625 83.875 0.58208
23.625 84.125 0.30549
23.625 84.375 0.85621
23.625 84.625 0.84042
23.625 84.875 0.59923
23.625 85.125 0.25771
23.625 85.375 -0.21892
23.625 85.625 0.96121
23.625 85.875 1.4523
23.625 86.125 -1.9921
23.625 86.375 0.40218
23.625 86.625 1.7748
23.625 86.875 -0.18639
23.625 87.125 0.10922
23.625 87.375 -1.3827
23.625 87.625 -0.74764
23.625 87.875 -1.9314
23.625 88.125 -1.3357
23.625 88.375 -1.1104
23.625 91.375 -0.65818
23.625 91.625 0.12319
NaN NaN NaN
23.625 92.375 -0.83609
23.625 92.625 -0.28273
23.625 92.875 -0.73644
23.625 93.125 -1.7491
23.875 68.875 -0.067494
23.875 69.125 -0.02787
23.875 69.375 0.01665
23.875 69.625 0.012205
23.875 69.875 0.49238
23.875 70.125 -0.17696
23.875 70.375 0.11663
23.875 70.625 0.069221
23.875 70.875 0.14853
23.875 71.125 -0.26122
23.875 71.375 0.37614
23.875 71.625 -0.042987
23.875 71.875 -0.83851
23.875 72.125 -0.86334
23.875 72.375 -0.99056
23.875 72.625 -1.1787
23.875 72.875 -1.1543
23.875 73.125 -1.0613
23.875 73.375 -1.4303
23.875 73.625 -1.0912
23.875 73.875 -0.73036
23.875 74.125 -0.36481
23.875 74.375 -0.43586
23.875 74.625 -0.46607
23.875 74.875 -0.026283
23.875 75.125 -0.050905
23.875 75.375 0.86462
23.875 75.625 0.3136
23.875 75.875 1.3082
23.875 76.125 1.6545
23.875 76.375 0.96375
23.875 76.625 0.084677
23.875 76.875 0.57901
23.875 77.125 0.76142
23.875 77.375 0.1044
23.875 77.625 -0.06326
23.875 77.875 0.62686
23.875 78.125 0.60153
23.875 78.375 0.35799
23.875 78.625 0.11186
23.875 78.875 0.22384
23.875 79.125 0.2301
23.875 79.375 1.048
23.875 79.625 0.24668
23.875 79.875 -0.33055
23.875 80.125 -0.29781
23.875 80.375 -0.44943
23.875 80.625 0.56293
23.875 80.875 1.2894
23.875 81.125 0.83407
23.875 81.375 1.1678
23.875 81.625 1.7174
23.875 81.875 1.4563
23.875 82.125 0.5062
23.875 82.375 1.4419
23.875 82.625 1.5376
23.875 82.875 1.4201
23.875 83.125 0.67166
23.875 83.375 0.42605
23.875 83.625 0.80623
23.875 83.875 0.82586
23.875 84.125 0.43246
23.875 84.375 0.023266
23.875 84.625 -0.49335
23.875 84.875 -0.80583
23.875 85.125 -1.1821
23.875 85.375 -1.1772
23.875 85.625 -0.42586
23.875 85.875 -0.71574
23.875 86.125 -0.45207
23.875 86.375 0.71336
23.875 86.625 0.59917
23.875 86.875 -0.013745
23.875 87.125 -0.02945
23.875 87.375 -0.71383
23.875 87.625 -1.371
23.875 87.875 -1.5841
23.875 88.125 -1.7255
23.875 88.375 -1.6387
23.875 91.375 0.45963
23.875 91.625 0.70225
23.875 91.875 0.84717
23.875 92.125 0.061449
23.875 92.375 -0.42688
23.875 92.625 -0.18416
23.875 92.875 -1.4684
23.875 93.125 -2.1103
23.875 93.375 -1.6674
24.125 68.875 -0.029169
24.125 69.125 -0.088087
24.125 69.375 0.15646
24.125 69.625 0.019736
24.125 69.875 0.13483
24.125 70.125 -0.26944
24.125 70.375 -0.29654
24.125 70.625 -0.54618
24.125 70.875 -0.53789
24.125 71.125 -0.64554
24.125 71.375 -0.7747
24.125 71.625 -0.97869
24.125 71.875 -0.86814
24.125 72.125 -0.75636
24.125 72.375 -0.78362
24.125 72.625 -0.61015
24.125 72.875 -0.52893
24.125 73.125 -1.0468
24.125 73.375 -1.588
24.125 73.625 -1.1331
24.125 73.875 -0.78322
24.125 74.125 -0.55556
24.125 74.375 -0.51318
24.125 74.625 -0.096896
24.125 74.875 -0.26773
24.125 75.125 -0.98986
24.125 75.375 1.1682
24.125 75.625 0.94917
24.125 75.875 0.91433
24.125 76.125 0.45102
24.125 76.375 0.66339
24.125 76.625 0.60635
24.125 76.875 1.0337
24.125 77.125 0.32439
24.125 77.375 0.063971
24.125 77.625 -0.094255
24.125 77.875 0.69148
24.125 78.125 1.5495
24.125 78.375 1.3433
24.125 78.625 0.069953
24.125 78.875 -0.44908
24.125 79.125 -0.25149
24.125 79.375 0.44749
24.125 79.625 -0.43178
24.125 79.875 0.49495
24.125 80.125 0.1761
24.125 80.375 -0.47661
24.125 80.625 0.81516
24.125 80.875 1.0696
24.125 81.125 0.41718
24.125 81.375 1.1322
24.125 81.625 1.2661
24.125 81.875 1.3621
24.125 82.125 1.4209
24.125 82.375 1.2863
24.125 82.625 0.90096
24.125 82.875 0.30869
24.125 83.125 0.68058
24.125 83.375 -0.97019
24.125 83.625 -0.67945
24.125 83.875 0.37113
24.125 84.125 0.48027
24.125 84.375 -0.011728
24.125 84.625 -0.59078
24.125 84.875 -1.0493
24.125 85.125 -1.4019
24.125 85.375 -1.0373
24.125 85.625 -1.5668
24.125 85.875 -0.62331
24.125 86.125 -0.39279
24.125 86.375 -1.0301
24.125 86.625 -0.62578
24.125 86.875 -0.47055
24.125 87.125 -0.60571
24.125 87.375 -0.27093
24.125 87.625 -0.94364
24.125 87.875 -0.92596
24.125 88.125 -1.32
24.125 88.375 -1.2328
24.125 91.875 0.7564
24.125 92.125 0.13179
24.125 92.375 0.021912
24.125 92.625 -0.12373
24.125 92.875 -1.4737
24.125 93.125 -2.1735
24.125 93.375 -1.7634
24.125 93.625 -1.5563
24.125 93.875 -1.5244
NaN NaN NaN
24.375 71.375 -1.1442
24.375 71.625 -0.74907
24.375 71.875 -1.1348
24.375 72.125 -0.79893
24.375 72.375 -1.0474
24.375 72.625 -0.72647
24.375 72.875 -0.6894
24.375 73.125 -0.85791
24.375 73.375 -1.2497
24.375 73.625 -1.592
24.375 73.875 -1.1486
24.375 74.125 -1.0247
24.375 74.375 -0.35906
24.375 74.625 -0.80529
24.375 74.875 -1.0425
24.375 75.125 -0.67084
24.375 75.375 0.61544
24.375 75.625 0.84655
24.375 75.875 0.61948
24.375 76.125 -1.0671
24.375 76.375 0.38232
24.375 76.625 0.89368
24.375 76.875 0.80449
24.375 77.125 0.31859
24.375 77.375 0.26396
24.375 77.625 0.80231
24.375 77.875 1.7912
24.375 78.125 2.0212
24.375 78.375 1.3191
24.375 78.625 -0.32058
24.375 78.875 0.44426
24.375 79.125 0.23155
24.375 79.375 0.020963
24.375 79.625 0.45108
24.375 79.875 0.34163
24.375 80.125 -0.015
24.375 80.375 1.368
24.375 80.625 1.4525
24.375 80.875 0.75177
24.375 81.125 0.66739
24.375 81.375 1.0314
24.375 81.625 1.4605
24.375 81.875 1.7352
24.375 82.125 1.1203
24.375 82.375 1.0923
24.375 82.625 1.0563
24.375 82.875 0.94117
24.375 83.125 0.53018
24.375 83.375 -0.10124
24.375 83.625 -0.9065
24.375 83.875 -0.040725
24.375 84.125 0.31675
24.375 84.375 0.30824
24.375 84.625 -1.0737
24.375 84.875 -0.95586
24.375 85.125 -0.30733
24.375 85.375 -0.55983
24.375 85.625 -0.8834
24.375 85.875 -1.6666
24.375 86.125 -1.7976
24.375 86.375 -1.3608
24.375 86.625 -1.063
24.375 86.875 -0.63051
24.375 87.125 -1.3724
24.375 87.375 -2.2467
24.375 87.625 -1.224
24.375 87.875 -1.3858
24.375 88.125 -0.93065
24.375 92.375 -0.46991
24.375 92.625 -1.1199
24.375 92.875 -2.0583
24.375 93.125 -2.3192
24.375 93.375 -1.977
24.375 93.625 -1.7276
24.375 93.875 -1.3579
24.375 94.125 -0.77105
24.625 71.125 -0.9245
24.625 71.375 -0.77998
24.625 71.625 -0.75981
24.625 71.875 -1.1101
24.625 72.125 -1.1842
24.625 72.375 -1.0435
24.625 72.625 -1.0034
24.625 72.875 -1.0544
24.625 73.125 -1.1127
24.625 73.375 -1.0514
24.625 73.625 -1.1651
24.625 73.875 -1.2055
24.625 74.125 -0.90503
24.625 74.375 -0.47554
24.625 74.625 -0.31673
24.625 74.875 -0.46937
24.625 75.125 -0.94802
24.625 75.375 -0.20939
24.625 75.625 -0.061616
24.625 75.875 -0.53592
24.625 76.125 -0.28942
24.625 76.375 0.051302
24.625 76.625 0.26835
24.625 76.875 0.61769
24.625 77.125 0.65498
24.625 77.375 0.79912
24.625 77.625 -0.18448
24.625 77.875 0.51409
24.625 78.125 1.4083
24.625 78.375 0.93233
24.625 78.625 0.073325
24.625 78.875 0.59571
24.625 79.125 0.39365
24.625 79.375 0.30743
24.625 79.625 0.79104
24.625 79.875 1.0014
24.625 80.125 0.46651
24.625 80.375 0.89232
24.625 80.625 1.0178
24.625 80.875 -0.37175
24.625 81.125 -0.21646
24.625 81.375 2.0384
24.625 81.625 2.0221
24.625 81.875 1.8193
24.625 82.125 0.26144
24.625 82.375 0.62094
24.625 82.625 1.0721
24.625 82.875 1.1311
24.625 83.125 0.066914
24.625 83.375 -0.51656
24.625 83.625 0.077481
24.625 83.875 -0.44497
24.625 84.125 0.72984
24.625 84.375 0.67581
24.625 84.625 -1.6496
24.625 84.875 -0.80817
24.625 85.125 -0.71294
24.625 85.375 -0.89941
24.625 85.625 -2.1665
24.625 85.875 -1.2627
24.625 86.125 -1.2176
24.625 86.375 -0.28052
24.625 86.625 0.19963
24.625 86.875 -0.69505
24.625 87.125 -1.9792
24.625 87.375 -2.0826
24.625 87.625 -1.2823
24.625 87.875 -0.78287
24.625 92.375 -0.62329
24.625 92.625 -1.362
24.625 92.875 -2.1348
24.625 93.125 -1.49
24.625 93.375 -1.287
24.625 93.625 -1.6484
24.625 93.875 -0.4263
24.625 94.125 -0.2973
NaN NaN NaN
24.875 71.125 -0.82236
24.875 71.375 -0.84901
24.875 71.625 -1.0202
24.875 71.875 -1.2239
24.875 72.125 -1.0994
24.875 72.375 -1.2766
24.875 72.625 -1.3056
24.875 72.875 -1.5071
24.875 73.125 -2.0276
24.875 73.375 -1.2465
24.875 73.625 -1.393
24.875 73.875 -0.59053
24.875 74.125 -0.53537
24.875 74.375 -0.06075
24.875 74.625 -0.33341
24.875 74.875 -0.44027
24.875 75.125 -1.1082
24.875 75.375 -1.0224
24.875 75.625 -0.61478
24.875 75.875 -0.11827
24.875 76.125 -0.32205
24.875 76.375 0.050298
24.875 76.625 0.41928
24.875 76.875 0.8702
24.875 77.125 1.1963
24.875 77.375 1.3709
24.875 77.625 0.90813
24.875 77.875 1.2158
24.875 78.125 1.746
24.875 78.375 0.59804
24.875 78.625 0.1827
24.875 78.875 1.5651
24.875 79.125 0.92354
24.875 79.375 0.82101
24.875 79.625 1.1252
24.875 79.875 1.6374
24.875 80.125 0.53039
24.875 80.375 0.81622
24.875 80.625 1.4725
24.875 80.875 0.044435
24.875 81.125 0.38933
24.875 81.375 -0.081046
24.875 81.625 1.6021
24.875 81.875 1.0605
24.875 82.125 -0.27508
24.875 82.375 -0.062528
24.875 82.625 1.4347
24.875 82.875 -0.21279
24.875 83.125 -0.6083
24.875 83.375 -0.64163
24.875 83.625 0.34737
24.875 83.875 -0.34362
24.875 84.125 -0.36426
24.875 84.375 -1.2555
24.875 84.625 -1.7785
24.875 84.875 -1.62
24.875 85.125 -0.6099
24.875 85.375 -1.4386
24.875 85.625 -0.59599
24.875 85.875 -0.43109
24.875 86.125 -1.0989
24.875 86.375 -0.21508
24.875 86.625 -0.52033
24.875 86.875 -0.90387
24.875 87.125 -2.1435
24.875 87.375 -1.3082
24.875 87.625 -0.34575
24.875 87.875 -0.38076
24.875 88.125 0.28966
24.875 92.625 -1.1949
24.875 92.875 -0.41697
24.875 93.125 0.30545
24.875 93.375 -1.5518
24.875 93.625 -0.75869
24.875 93.875 0.0075078
24.875 94.125 -0.34004
24.875 94.375 -0.0030439
25.125 71.125 -0.7355
25.125 71.375 -0.81171
25.125 71.625 -1.1545
25.125 71.875 -1.4937
25.125 72.125 -1.186
25.125 72.375 -0.87229
25.125 72.625 -1.0655
25.125 72.875 -1.481
25.125 73.125 -1.5422
25.125 73.375 -1.3576
25.125 73.625 -1.102
25.125 73.875 -0.94208
25.125 74.125 -0.65146
25.125 74.375 -0.86353
25.125 74.625 -0.85927
25.125 74.875 -0.67424
25.125 75.125 -1.1104
25.125 75.375 -0.16717
25.125 75.625 -0.25462
25.125 75.875 -1.0317
25.125 76.125 -0.46746
25.125 76.375 -0.078081
25.125 76.625 0.73269
25.125 76.875 0.88812
25.125 77.125 1.1463
25.125 77.375 1.1271
25.125 77.625 1.5135
25.125 77.875 1.7917
25.125 78.125 2.038
25.125 78.375 1.2772
25.125 78.625 0.49538
25.125 78.875 0.30811
25.125 79.125 0.69635
25.125 79.375 1.0623
25.125 79.625 1.3433
25.125 79.875 1.2178
25.125 80.125 0.83783
25.125 80.375 1.2483
25.125 80.625 1.4781
25.125 80.875 0.78677
25.125 81.125 -0.53516
25.125 81.375 0.67615
25.125 81.625 -0.8316
25.125 81.875 0.68687
25.125 82.125 0.44495
25.125 82.375 1.3393
25.125 82.625 0.7403
25.125 82.875 -0.10725
25.125 83.125 -0.72521
25.125 83.375 -0.56902
25.125 83.625 0.35823
25.125 83.875 -0.46902
25.125 84.125 -0.27295
25.125 84.375 -0.57076
25.125 84.625 -1.1565
25.125 84.875 -1.2296
25.125 85.125 -0.77389
25.125 85.375 -1.5902
25.125 85.625 0.56929
25.125 85.875 0.2248
25.125 86.125 -0.72776
25.125 86.375 -0.54039
25.125 86.625 0.0084547
25.125 86.875 -0.91736
25.125 87.125 -1.1293
25.125 87.375 -1.1144
25.125 87.625 -0.44433
25.125 87.875 -0.36989
25.125 88.125 -0.57685
25.125 88.375 -0.15673
25.125 92.375 -0.89583
25.125 92.625 -0.79366
25.125 92.875 -0.56634
25.125 93.125 0.39556
25.125 93.375 -1.1516
25.125 93.625 -0.78994
25.125 93.875 -0.23861
25.125 94.125 -0.37578
25.125 94.375 -0.18236
25.375 70.875 -0.41649
25.375 71.125 -0.54719
25.375 71.375 -0.55225
25.375 71.625 -0.81108
25.375 71.875 -1.1396
25.375 72.125 -0.87942
25.375 72.375 -0.8767
25.375 72.625 -1.0921
25.375 72.875 -1.2508
25.375 73.125 -1.2246
25.375 73.375 -0.97309
25.375 73.625 -0.47131
25.375 73.875 -0.91981
25.375 74.125 -0.85631
25.375 74.375 -0.96166
25.375 74.625 -0.82372
25.375 74.875 -0.4647
25.375 75.125 -0.5693
25.375 75.375 -0.26211
25.375 75.625 0.34879
25.375 75.875 -0.1794
25.375 76.125 0.22225
25.375 76.375 0.59433
25.375 76.625 0.70323
25.375 76.875 0.96695
25.375 77.125 1.3414
25.375 77.375 1.3767
25.375 77.625 1.7238
25.375 77.875 1.9024
25.375 78.125 1.5657
25.375 78.375 1.623
25.375 78.625 -0.58043
25.375 78.875 -1.3429
25.375 79.125 0.83883
25.375 79.375 1.8276
25.375 79.625 1.2238
25.375 79.875 1.2648
25.375 80.125 1.2734
25.375 80.375 1.3921
25.375 80.625 1.0901
25.375 80.875 -1.4733
25.375 81.125 -0.84766
25.375 81.375 0.99221
25.375 81.625 0.91547
25.375 81.875 -0.87242
25.375 82.125 -1.2501
25.375 82.375 -1.216
25.375 82.625 -1.2136
25.375 82.875 -0.69938
25.375 83.125 -1.1116
25.375 83.375 0.52259
25.375 83.625 0.52751
25.375 83.875 0.54285
25.375 84.125 0.33646
25.375 84.375 -0.685
25.375 84.625 -1.2803
25.375 84.875 -0.12583
25.375 85.125 -1.0687
25.375 85.375 -1.6961
25.375 85.625 -0.39453
25.375 85.875 0.76904
25.375 86.125 1.422
25.375 86.375 -0.38353
25.375 86.625 -1.1876
25.375 86.875 -0.58425
25.375 87.125 -1.3165
25.375 87.375 -0.82101
25.375 87.625 0.31148
25.375 87.875 -0.047191
25.375 88.125 -0.27591
25.375 88.375 -0.38905
25.375 88.625 -0.83705
25.375 90.125 -0.57105
25.375 90.375 -0.81229
25.375 90.625 0.13985
25.375 90.875 -0.020246
25.375 91.125 0.14895
25.375 91.375 -0.25532
25.375 91.625 -1.296
25.375 91.875 -0.9645
25.375 92.125 -1.0759
25.375 92.375 -0.84704
25.375 92.625 -1.3518
25.375 92.875 -0.42731
25.375 93.125 -0.98
25.375 93.375 -0.89933
25.375 93.625 -0.22793
25.375 93.875 -0.41482
25.375 94.125 -0.21188
25.375 94.375 0.17895
25.625 70.875 -0.45122
25.625 71.125 -0.62743
25.625 71.375 -0.58486
25.625 71.625 -0.58641
25.625 71.875 -0.58007
25.625 72.125 -0.52926
25.625 72.375 -0.52974
25.625 72.625 -1.1117
25.625 72.875 -1.0865
25.625 73.125 -0.98805
25.625 73.375 -0.91023
25.625 73.625 -0.71846
25.625 73.875 -0.66183
25.625 74.125 -0.36335
25.625 74.375 -0.71672
25.625 74.625 -0.6847
25.625 74.875 0.6945
25.625 75.125 -0.47444
25.625 75.375 0.08779
25.625 75.625 1.067
25.625 75.875 0.98309
25.625 76.125 0.85249
25.625 76.375 0.52654
25.625 76.625 0.93658
25.625 76.875 1.8309
25.625 77.125 1.7072
25.625 77.375 1.6278
25.625 77.625 1.351
25.625 77.875 1.0885
25.625 78.125 0.9413
25.625 78.375 0.33616
25.625 78.625 0.094379
25.625 78.875 -0.77181
25.625 79.125 1.7773
25.625 79.375 2.0755
25.625 79.625 0.89521
25.625 79.875 0.56222
25.625 80.125 0.74036
25.625 80.375 1.1465
25.625 80.625 -0.99058
25.625 80.875 -1.3474
25.625 81.125 1.1188
25.625 81.375 0.89612
25.625 81.625 -0.39805
25.625 81.875 -0.47668
25.625 82.125 -1.2852
25.625 82.375 -0.27831
25.625 82.625 -1.3848
25.625 82.875 -1.0443
25.625 83.125 -1.0359
25.625 83.375 0.061164
25.625 83.625 0.083399
25.625 83.875 -0.81885
25.625 84.125 -1.4184
25.625 84.375 -1.6058
25.625 84.625 -0.56768
25.625 84.875 -0.74546
25.625 85.125 -1.4077
25.625 85.375 -1.7832
25.625 85.625 -1.0212
25.625 85.875 -0.36459
25.625 86.125 -1.0041
25.625 86.375 -1.0471
25.625 86.625 -1.0107
25.625 86.875 0.15709
25.625 87.125 -0.62621
25.625 87.375 -0.93665
25.625 87.625 -0.38805
25.625 87.875 -0.38193
25.625 88.125 -0.83477
25.625 90.125 -0.2143
25.625 90.375 -0.16604
25.625 90.625 -0.32606
25.625 90.875 0.17366
25.625 91.125 1.6841
25.625 91.375 0.68908
25.625 91.625 0.55113
25.625 91.875 -0.80203
25.625 92.125 -1.1373
25.625 92.375 -1.2466
25.625 92.625 -1.5929
25.625 92.875 -0.96416
25.625 93.125 -1.1847
25.625 93.375 -1.1056
25.625 93.625 -0.6838
25.625 93.875 0.15503
25.625 94.125 0.5778
25.625 94.375 0.1007
NaN NaN NaN
NaN NaN NaN
25.875 70.375 0.41103
25.875 70.625 -0.12196
25.875 70.875 -0.53741
25.875 71.125 -0.46716
25.875 71.375 -0.59246
25.875 71.625 -0.70038
25.875 71.875 -0.12986
25.875 72.125 -0.0067197
25.875 72.375 -0.43106
25.875 72.625 -0.98178
25.875 72.875 -0.98838
25.875 73.125 -0.97576
25.875 73.375 -0.64505
25.875 73.625 -0.48638
25.875 73.875 -0.57438
25.875 74.125 -0.61099
25.875 74.375 -0.47653
25.875 74.625 0.0032779
25.875 74.875 -0.21035
25.875 75.125 -0.237
25.875 75.375 -0.48756
25.875 75.625 0.20134
25.875 75.875 0.77984
25.875 76.125 0.28221
25.875 76.375 1.1122
25.875 76.625 1.0813
25.875 76.875 0.89977
25.875 77.125 0.80342
25.875 77.375 0.96419
25.875 77.625 1.2734
25.875 77.875 0.22849
25.875 78.125 1.8205
25.875 78.375 1.193
25.875 78.625 1.1838
25.875 78.875 0.29364
25.875 79.125 0.42774
25.875 79.375 -0.10598
25.875 79.625 -0.51512
25.875 79.875 0.27266
25.875 80.125 -0.13681
25.875 80.375 -0.018785
25.875 80.625 -0.5205
25.875 80.875 -1.1506
25.875 81.125 -1.2132
25.875 81.375 0.71472
25.875 81.625 -0.13473
25.875 81.875 0.15794
25.875 82.125 -1.8464
25.875 82.375 -0.40641
25.875 82.625 -0.53507
25.875 82.875 0.56269
25.875 83.125 -1.3405
25.875 83.375 -1.9691
25.875 83.625 -0.036382
25.875 83.875 -1.1767
25.875 84.125 0.53684
25.875 84.375 -1.9069
25.875 84.625 -0.54479
25.875 84.875 -1.4298
25.875 85.125 -0.71766
25.875 85.375 -1.3623
25.875 85.625 -0.32416
25.875 85.875 -0.50926
25.875 86.125 -1.131
25.875 86.375 -0.91456
25.875 86.625 0.34381
25.875 86.875 0.069791
25.875 87.125 -1.3254
25.875 87.375 -0.89764
25.875 87.625 -1.2316
25.875 87.875 -1.702
25.875 90.125 -0.57447
25.875 90.375 -0.37026
25.875 90.625 -0.22544
25.875 90.875 -0.76643
25.875 91.125 -0.091528
25.875 91.375 0.20329
25.875 91.625 -0.94128
25.875 91.875 -1.5342
25.875 92.125 -1.1322
25.875 92.375 -1.0796
25.875 92.625 -0.67445
25.875 92.875 -0.81459
25.875 93.125 -1.5691
25.875 93.375 -1.6514
25.875 93.625 -0.6592
25.875 93.875 0.97622
25.875 94.125 0.70144
25.875 94.375 0.36863
25.875 94.625 0.11686
25.875 94.875 0.55956
26.125 70.375 0.30991
26.125 70.625 -0.24201
26.125 70.875 -0.48836
26.125 71.125 -0.2165
26.125 71.375 -0.47513
26.125 71.625 -0.14676
26.125 71.875 -0.020708
26.125 72.125 0.04066
26.125 72.375 -0.40738
26.125 72.625 -0.68539
26.125 72.875 -0.7225
26.125 73.125 -0.84142
26.125 73.375 -0.92873
26.125 73.625 -0.17173
26.125 73.875 -0.44407
26.125 74.125 -0.79724
26.125 74.375 -0.33913
26.125 74.625 -0.69709
26.125 74.875 0.057692
26.125 75.125 0.58534
26.125 75.375 -0.080821
26.125 75.625 -0.095734
26.125 75.875 -0.10983
26.125 76.125 -0.2239
26.125 76.375 0.83541
26.125 76.625 1.1179
26.125 76.875 0.35044
26.125 77.125 0.71754
26.125 77.375 0.81096
26.125 77.625 1.3769
26.125 77.875 0.95323
26.125 78.125 1.5515
26.125 78.375 1.8144
26.125 78.625 1.7533
26.125 78.875 0.99032
26.125 79.125 0.78945
26.125 79.375 0.85244
26.125 79.625 -1.1629
26.125 79.875 -0.93029
26.125 80.125 0.34371
26.125 80.375 0.068245
26.125 80.625 -1.3062
26.125 80.875 1.0111
26.125 81.125 0.30356
26.125 81.375 -1.4007
26.125 81.625 0.53357
26.125 81.875 0.33447
26.125 82.125 -1.3387
26.125 82.375 -0.77774
26.125 82.625 -0.10002
26.125 82.875 0.10474
26.125 83.125 -1.1686
26.125 83.375 -1.9319
26.125 83.625 -1.6829
26.125 83.875 -0.12652
26.125 84.125 0.57784
26.125 84.375 -1.2466
26.125 84.625 -0.75334
26.125 84.875 -1.467
26.125 85.125 0.40104
26.125 85.375 -2.0973
26.125 85.625 -1.3098
26.125 85.875 0.86291
26.125 86.125 -1.0964
26.125 86.375 -1.5428
26.125 86.625 -0.22108
26.125 86.875 -0.13662
26.125 87.125 -1.2801
26.125 87.375 -1.3366
26.125 87.625 -1.2084
26.125 87.875 -1.2007
26.125 88.125 -1.0544
26.125 89.375 -1.1414
26.125 89.875 -0.74128
26.125 90.125 -0.53897
26.125 90.375 -0.60455
26.125 90.625 -0.20592
26.125 90.875 -1.4488
26.125 91.125 -0.8363
26.125 91.375 0.38318
26.125 91.625 -1.3713
26.125 91.875 -1.3518
26.125 92.125 -0.86905
26.125 92.375 -0.56174
26.125 92.625 -0.26435
26.125 92.875 -0.48963
26.125 93.125 -1.2549
26.125 93.375 -0.11183
26.125 93.625 -0.20717
26.125 93.875 1.0716
26.125 94.125 0.67169
26.125 94.375 0.20277
26.125 94.625 -0.17182
26.125 94.875 0.16324
26.375 70.375 -0.9191
26.375 70.625 -0.80766
26.375 70.875 -0.98056
26.375 71.125 -0.69658
26.375 71.375 -0.37934
26.375 71.625 -0.10687
26.375 71.875 0.086521
26.375 72.125 0.036331
26.375 72.375 -0.49564
26.375 72.625 -0.89609
26.375 72.875 -0.81
26.375 73.125 -1.1487
26.375 73.375 -1.2089
26.375 73.625 -0.57802
26.375 73.875 -0.54062
26.375 74.125 -0.66441
26.375 74.375 0.098768
26.375 74.625 -1.4735
26.375 74.875 -0.45881
26.375 75.125 -0.12696
26.375 75.375 -0.015925
26.375 75.625 -0.095998
26.375 75.875 -0.030465
26.375 76.125 0.11018
26.375 76.375 0.15967
26.375 76.625 0.7068
26.375 76.875 0.62096
26.375 77.125 0.79646
26.375 77.375 1.8431
26.375 77.625 1.8682
26.375 77.875 -0.22556
26.375 78.125 0.92818
26.375 78.375 0.90537
26.375 78.625 2.0196
26.375 78.875 1.3288
26.375 79.125 1.0789
26.375 79.375 -1.4141
26.375 79.625 -1.6318
26.375 79.875 0.57317
26.375 80.125 1.408
26.375 80.375 -0.43974
26.375 80.625 -0.84254
26.375 80.875 0.16502
26.375 81.125 -0.72571
26.375 81.375 -1.8883
26.375 81.625 -1.501
26.375 81.875 -0.75987
26.375 82.125 -1.1151
26.375 82.375 -0.71392
26.375 82.625 -0.71864
26.375 82.875 -0.36596
26.375 83.125 -0.47333
26.375 83.375 -1.4304
26.375 83.625 -0.61564
26.375 83.875 -0.070035
26.375 84.125 0.0029233
26.375 84.375 -1.5233
26.375 84.625 -1.2375
26.375 84.875 -1.6032
26.375 85.125 -1.785
26.375 85.375 -1.8829
26.375 85.625 -1.5829
26.375 85.875 -0.90409
26.375 86.125 -1.4467
26.375 86.375 -2.043
26.375 86.625 -1.7259
26.375 86.875 -0.50115
26.375 87.125 -1.147
26.375 87.625 -1.2273
26.375 87.875 -1.4978
26.375 88.125 -1.0805
26.375 88.375 -0.73576
26.375 88.875 -0.093781
26.375 89.375 -0.57205
26.375 89.625 -0.97384
26.375 89.875 -1.553
26.375 90.125 -1.14
26.375 90.375 -0.90494
26.375 90.625 -1.3587
26.375 90.875 -1.6051
26.375 91.125 -1.8485
26.375 91.375 -1.0056
26.375 91.625 -1.5235
26.375 91.875 -1.2324
26.375 92.125 -0.41927
26.375 92.375 0.1272
26.375 92.625 0.72543
26.375 92.875 -0.73995
26.375 93.125 -0.81646
26.375 93.375 -1.4259
26.375 93.625 -0.93573
26.375 93.875 1.0712
26.375 94.125 0.45091
26.375 94.375 0.19416
26.375 94.625 -0.10873
26.375 94.875 0.185
26.625 69.875 -0.94123
26.625 70.125 -1.1037
26.625 70.375 -1.284
26.625 70.625 -0.53441
26.625 70.875 -0.5314
26.625 71.125 -0.67286
26.625 71.375 -0.33957
26.625 71.625 -0.027258
26.625 71.875 0.21181
26.625 72.125 0.083399
26.625 72.375 -0.56724
26.625 72.625 -1.0126
26.625 72.875 -0.90161
26.625 73.125 -0.84188
26.625 73.375 -0.88229
26.625 73.625 -0.51233
26.625 73.875 -0.43637
26.625 74.125 -0.38986
26.625 74.375 0.020374
26.625 74.625 -0.25286
26.625 74.875 0.33343
26.625 75.125 -0.47288
26.625 75.375 0.14132
26.625 75.625 0.13365
26.625 75.875 -0.2509
26.625 76.125 0.73159
26.625 76.375 -0.063925
26.625 76.625 0.18343
26.625 76.875 0.50001
26.625 77.125 1.1829
26.625 77.375 1.9074
26.625 77.625 1.7321
26.625 77.875 -1.1826
26.625 78.125 0.65691
26.625 78.375 1.6765
26.625 78.625 1.4077
26.625 78.875 0.68698
26.625 79.125 -0.9882
26.625 79.375 -0.13538
26.625 79.625 0.73527
26.625 79.875 -0.24601
26.625 80.125 -1.451
26.625 80.375 0.37085
26.625 80.625 -0.83349
26.625 80.875 -0.06227
26.625 81.125 0.81357
26.625 81.375 -0.66825
26.625 81.625 -0.60096
26.625 81.875 0.77152
26.625 82.125 -0.74748
26.625 82.375 0.37466
26.625 82.625 -1.9159
26.625 82.875 -0.90299
26.625 83.125 -0.32326
26.625 83.375 -1.3229
26.625 83.625 -1.3513
26.625 83.875 -1.5268
26.625 84.125 0.75285
26.625 84.375 -0.95866
26.625 84.625 -1.5831
26.625 84.875 -2.0241
26.625 85.125 -1.7257
26.625 85.375 -1.6542
26.625 85.625 -1.4036
26.625 86.125 -2.0036
26.625 88.375 -0.61022
26.625 88.625 -0.064244
26.625 88.875 -0.50771
26.625 89.125 -0.47474
26.625 89.375 -0.71514
26.625 89.625 -0.95153
26.625 89.875 -1.7391
26.625 90.125 -1.508
26.625 90.375 -1.8882
26.625 90.625 -2.2016
26.625 90.875 -1.8583
26.625 91.125 -1.4351
26.625 91.375 -1.0839
26.625 91.625 -1.1846
26.625 91.875 -1.2372
26.625 92.125 -0.69477
26.625 92.375 -0.45652
26.625 92.625 -1.1315
26.625 92.875 -0.44583
26.625 93.125 -1.2481
26.625 93.375 -1.4415
26.625 93.625 0.021958
26.625 93.875 -0.43675
26.625 94.125 -1.1272
26.625 94.375 -0.74787
26.625 94.625 -0.38494
26.625 94.875 0.27268
26.625 95.125 0.43081
26.875 69.625 -0.9128
26.875 69.875 -0.97845
26.875 70.125 -1.0741
26.875 70.375 -1.0341
26.875 70.625 -0.44705
26.875 70.875 -0.43223
26.875 71.125 -0.52809
26.875 71.375 -0.47615
26.875 71.625 -0.29881
26.875 71.875 -0.1036
26.875 72.125 0.068995
26.875 72.375 -0.20142
26.875 72.625 -0.55451
26.875 72.875 -0.40891
26.875 73.125 0.28655
26.875 73.375 -0.25722
26.875 73.625 -0.14154
26.875 73.875 0.08247
26.875 74.125 -0.023021
26.875 74.375 -0.076957
26.875 74.625 0.29461
26.875 74.875 0.93411
26.875 75.125 0.2969
26.875 75.375 -0.068919
26.875 75.625 -0.70115
26.875 75.875 -0.08803
26.875 76.125 1.0083
26.875 76.375 0.29218
26.875 76.625 -0.12894
26.875 76.875 0.72037
26.875 77.125 0.79367
26.875 77.375 0.31556
26.875 77.625 1.0587
26.875 77.875 0.30594
26.875 78.125 -0.10433
26.875 78.375 0.45234
26.875 78.625 0.18175
26.875 78.875 0.43107
26.875 79.125 0.75401
26.875 79.375 0.97419
26.875 79.625 1.088
26.875 79.875 0.82082
26.875 80.125 -1.0213
26.875 80.375 -0.031127
26.875 80.625 -0.1653
26.875 80.875 0.15436
26.875 81.125 0.40373
26.875 81.375 0.5912
26.875 81.625 -0.96233
26.875 81.875 0.10247
26.875 82.125 0.14666
26.875 82.375 -1.8119
26.875 82.625 -1.3715
26.875 82.875 -0.79138
26.875 83.125 -1.205
26.875 83.375 -1.7941
26.875 83.625 -1.6462
26.875 83.875 -1.5013
26.875 84.125 0.068487
26.875 84.375 -1.673
26.875 84.625 -1.5044
26.875 84.875 -1.9454
26.875 88.375 0.005112
26.875 88.625 -1.292
26.875 88.875 -0.87644
26.875 92.375 -1.472
26.875 92.625 -1.0067
26.875 92.875 -0.72451
26.875 93.125 -0.019401
26.875 93.375 -1.2895
26.875 93.625 -1.3652
26.875 93.875 -1.5394
26.875 94.125 -1.4304
26.875 94.375 -0.22254
26.875 94.625 -0.63823
26.875 94.875 -0.33819
26.875 95.125 -0.028931
26.875 95.375 -0.044974
26.875 95.625 -0.45373
27.125 69.875 -0.81051
27.125 70.125 -0.71379
27.125 70.375 -0.65763
27.125 70.625 -0.61601
27.125 70.875 -0.43422
27.125 71.125 -0.48532
27.125 71.375 -0.65782
27.125 71.625 -0.70046
27.125 71.875 0.032634
27.125 72.125 0.012565
27.125 72.375 -0.2351
27.125 72.625 -0.21172
27.125 72.875 -0.27717
27.125 73.125 -0.057599
27.125 73.375 -0.22425
27.125 73.625 -0.315
27.125 73.875 0.34525
27.125 74.125 0.28842
27.125 74.375 -0.11713
27.125 74.625 0.17684
27.125 74.875 -0.20761
27.125 75.125 -0.2607
27.125 75.375 -0.15561
27.125 75.625 0.65336
27.125 75.875 0.54416
27.125 76.125 0.27943
27.125 76.375 0.35182
27.125 76.625 0.49015
27.125 76.875 0.25918
27.125 77.125 1.551
27.125 77.375 0.13175
27.125 77.625 0.90159
27.125 77.875 -0.24232
27.125 78.125 1.3539
27.125 78.375 0.18958
27.125 78.625 -1.2587
27.125 78.875 -0.30629
27.125 79.125 0.5999
27.125 79.375 -0.57783
27.125 79.625 0.46296
27.125 79.875 0.94348
27.125 80.125 0.5038
27.125 80.375 0.36423
27.125 80.625 -1.5235
27.125 80.875 -1.83
27.125 81.125 1.4123
27.125 81.375 1.4137
27.125 81.625 0.53193
27.125 81.875 0.021724
27.125 82.125 -0.44319
27.125 82.375 -1.4051
27.125 82.625 0.039244
27.125 82.875 -0.5351
27.125 83.125 -1.4724
27.125 83.375 -0.24614
27.125 83.625 -0.36806
27.125 83.875 -0.64773
27.125 84.125 -1.6224
27.125 84.375 -1.4687
27.125 84.625 -1.7413
27.125 88.125 -0.41178
27.125 88.375 -0.22955
27.125 88.625 -0.93679
27.125 92.125 -1.7467
27.125 92.375 -0.66559
27.125 92.625 -0.3082
27.125 92.875 -0.1904
27.125 93.125 -0.4604
27.125 93.375 0.14228
27.125 93.625 -0.67195
27.125 93.875 0.43831
27.125 94.125 -0.23968
27.125 94.375 -0.16447
27.125 94.625 -1.1833
27.125 94.875 -1.3226
27.125 95.125 0.16806
27.125 95.375 -0.10412
27.125 95.625 -0.56713
27.125 95.875 -0.82667
27.375 70.125 -0.71532
27.375 70.375 -0.67226
27.375 70.625 -0.70623
27.375 70.875 -0.49863
27.375 71.125 -0.66569
27.375 71.375 -0.73772
27.375 71.625 -0.83552
27.375 71.875 -0.16763
27.375 72.125 -0.068149
27.375 72.375 -0.19599
27.375 72.625 -0.34486
27.375 72.875 -0.43212
27.375 73.125 -0.33625
27.375 73.375 -0.34667
27.375 73.625 -0.17656
27.375 73.875 0.18586
27.375 74.125 0.081158
27.375 74.375 0.026845
27.375 74.625 0.1751
27.375 74.875 0.21043
27.375 75.125 -0.23914
27.375 75.375 -0.26631
27.375 75.625 0.97416
27.375 75.875 0.94679
27.375 76.125 0.060462
27.375 76.375 0.43171
27.375 76.625 0.22176
27.375 76.875 1.4568
27.375 77.125 0.63705
27.375 77.375 -1.5924
27.375 77.625 -0.30191
27.375 77.875 0.76876
27.375 78.125 1.2726
27.375 78.375 0.13425
27.375 78.625 0.24395
27.375 78.875 0.98425
27.375 79.125 0.63214
27.375 79.375 -0.761
27.375 79.625 -0.56229
27.375 79.875 0.63694
27.375 80.125 -0.51747
27.375 80.375 -1.0906
27.375 80.625 -2.2957
27.375 80.875 -2.1998
27.375 81.125 0.17719
27.375 81.375 0.28457
27.375 81.625 -1.5254
27.375 81.875 -1.1453
27.375 82.125 -1.0658
27.375 82.375 -0.88945
27.375 82.625 -0.061509
27.375 82.875 -0.90268
27.375 83.125 -1.1669
27.375 83.625 -0.2913
27.375 84.125 -0.84952
27.375 84.375 -1.6303
27.375 88.125 0.69375
27.375 88.375 -2.0616
27.375 88.625 -2.2585
27.375 92.125 -1.3589
27.375 92.375 -0.61783
27.375 92.625 -0.30433
27.375 92.875 -0.6647
27.375 93.125 -1.6868
27.375 93.375 -1.599
27.375 93.625 0.19056
27.375 93.875 0.3718
27.375 94.125 0.26708
27.375 94.375 -1.4306
27.375 94.625 -1.3374
27.375 94.875 -1.1422
27.375 95.125 -0.02917
27.375 95.375 -0.29691
27.375 95.625 -1.1108
27.375 95.875 -1.1703
27.375 96.125 -1.8096
27.375 96.375 -2.1189
NaN NaN NaN
27.375 96.875 -0.76611
27.625 70.125 -0.73981
27.625 70.375 -0.74119
27.625 70.625 -0.68053
27.625 70.875 -0.70055
27.625 71.125 -0.72498
27.625 71.375 -0.62577
27.625 71.625 -0.49201
27.625 71.875 -0.046154
27.625 72.125 0.07422
27.625 72.375 -0.12428
27.625 72.625 -0.54644
27.625 72.875 -0.50405
27.625 73.125 -0.55401
27.625 73.375 -0.43487
27.625 73.625 -0.23956
27.625 73.875 0.25079
27.625 74.125 0.17004
27.625 74.375 0.16045
27.625 74.625 -0.097617
27.625 74.875 0.039649
27.625 75.125 -0.4733
27.625 75.375 -0.23198
27.625 75.625 0.06806
27.625 75.875 -0.13557
27.625 76.125 0.16115
27.625 76.375 0.052986
27.625 76.625 0.87627
27.625 76.875 1.0457
27.625 77.125 -0.99845
27.625 77.375 -0.87024
27.625 77.625 -1.7285
27.625 77.875 -0.39528
27.625 78.125 1.2097
27.625 78.375 0.77662
27.625 78.625 -0.88548
27.625 78.875 0.44435
27.625 79.125 -0.37651
27.625 79.375 -1.7693
27.625 79.625 -0.80687
27.625 79.875 1.7578
27.625 80.125 0.76848
27.625 80.375 -0.848
27.625 80.625 -1.644
27.625 80.875 -1.3427
27.625 81.125 0.15224
27.625 81.375 0.54026
27.625 81.625 -0.56715
27.625 81.875 -1.0452
27.625 82.125 -0.9832
27.625 82.375 -0.94324
27.625 82.625 -0.33831
27.625 88.375 -1.8659
27.625 88.625 -2.0651
27.625 91.625 -1.5393
27.625 91.875 -1.6494
27.625 92.125 -1.0244
27.625 92.375 -0.64602
27.625 92.625 -0.78627
27.625 92.875 -1.2922
27.625 93.125 -1.57
27.625 93.375 -1.6029
27.625 93.625 -1.8079
27.625 93.875 -2.3547
27.625 94.125 -2.013
27.625 94.375 -1.3575
27.625 94.625 -1.7785
27.625 94.875 -1.9197
27.625 95.125 -2.1724
27.625 95.375 -1.5897
27.625 95.625 -1.6104
27.625 95.875 -1.5872
27.625 96.125 -1.9345
27.625 96.375 -2.3141
27.625 96.625 -1.3989
27.625 96.875 -1.3308
27.875 70.375 -0.74275
27.875 71.875 -0.33192
27.875 72.125 -0.45733
27.875 72.375 -0.45999
27.875 72.625 -0.36497
27.875 72.875 -0.38582
27.875 73.125 -0.42993
27.875 73.375 -0.15741
27.875 73.625 -0.31417
27.875 73.875 -0.24254
27.875 74.125 0.036894
27.875 74.375 -0.132
27.875 74.625 -0.54053
27.875 74.875 -0.5406
27.875 75.125 -0.56814
27.875 75.375 0.23551
27.875 75.625 0.15074
27.875 75.875 -0.46272
27.875 76.125 -0.044431
27.875 76.375 0.3282
27.875 76.625 -0.0084022
27.875 76.875 0.072692
27.875 77.125 0.31937
27.875 77.375 -0.92512
27.875 77.625 -1.6448
27.875 77.875 -0.29761
27.875 78.125 0.69983
27.875 78.375 1.9739
27.875 78.625 0.92545
27.875 78.875 -0.2151
27.875 79.125 -0.52939
27.875 79.375 -0.29375
27.875 79.625 0.67413
27.875 79.875 1.8898
27.875 80.125 1.3506
27.875 80.375 -0.35865
27.875 80.625 -1.2052
27.875 80.875 -1.4797
27.875 81.125 -0.20892
27.875 81.375 0.8908
27.875 81.625 0.75225
NaN NaN NaN
NaN NaN NaN
27.875 92.875 -1.653
27.875 93.125 -1.7273
27.875 93.375 -1.6793
27.875 93.625 -2.0394
27.875 93.875 -2.4134
27.875 94.125 -2.1075
27.875 94.375 -1.4572
27.875 94.625 -1.6269
27.875 94.875 -1.3337
27.875 95.125 -1.1168
27.875 95.375 -2.1275
27.875 95.625 -1.9011
27.875 95.875 -2.3211
27.875 96.125 -2.2045
27.875 96.375 -2.644
27.875 96.625 -0.96431
NaN NaN NaN
27.875 97.125 -0.85588
28.125 72.125 -0.62932
28.125 72.375 -0.67692
28.125 72.625 -0.45457
28.125 72.875 -0.047035
28.125 73.125 0.28566
28.125 73.375 0.16551
28.125 73.625 -0.11159
28.125 73.875 -0.054427
28.125 74.125 -0.03339
28.125 74.375 -0.080948
28.125 74.625 -0.47558
28.125 74.875 -0.3674
28.125 75.125 -0.58763
28.125 75.375 0.028126
28.125 75.625 -0.14782
28.125 75.875 -0.36345
28.125 76.125 0.49384
28.125 76.375 -0.053145
28.125 76.625 0.66722
28.125 76.875 1.2514
28.125 77.125 -0.1201
28.125 77.375 -0.45951
28.125 77.625 -0.71368
28.125 77.875 0.005588
28.125 78.125 1.3227
28.125 78.375 1.7667
28.125 78.625 -0.17127
28.125 78.875 0.23247
28.125 79.125 0.20146
28.125 79.375 -0.58059
28.125 79.625 -0.081131
28.125 79.875 1.1335
28.125 80.125 0.73925
28.125 80.375 0.15901
28.125 80.625 -0.074123
28.125 80.875 -0.86278
28.125 81.125 -0.69485
28.125 81.375 0.49338
28.125 92.875 -1.6882
28.125 93.125 -1.8861
28.125 93.375 -1.9122
28.125 93.625 -2.1741
28.125 93.875 -2.6939
28.125 94.125 -1.7766
28.125 94.375 -1.4269
28.125 94.625 -1.561
28.125 94.875 -1.4124
28.125 95.125 -1.4113
28.125 95.375 -1.8302
28.125 95.625 -2.0411
28.125 95.875 -2.0949
28.125 96.125 -2.238
28.125 96.375 -0.9594
NaN NaN NaN
NaN NaN NaN
NaN NaN NaN
28.375 72.375 -0.79385
28.375 72.625 -0.61583
28.375 72.875 -0.47618
28.375 73.125 -0.03805
28.375 73.375 -0.18302
28.375 73.625 -0.35427
28.375 73.875 0.0047201
28.375 74.125 0.12044
28.375 74.375 -0.051613
28.375 74.625 -0.32209
28.375 74.875 -0.44435
28.375 75.125 -0.72411
28.375 75.375 -0.45192
28.375 75.625 -0.15308
28.375 75.875 0.085699
28.375 76.125 0.58699
28.375 76.375 0.087523
28.375 76.625 0.35645
28.375 76.875 0.74238
28.375 77.125 -0.77175
28.375 77.375 -0.71274
28.375 77.625 -0.81996
28.375 77.875 -0.42838
28.375 78.125 1.4112
28.375 78.375 1.1235
28.375 78.625 -0.45926
28.375 78.875 -1.2417
28.375 79.125 0.22281
28.375 79.375 0.039201
28.375 79.625 -0.74463
28.375 79.875 -0.84011
28.375 80.125 0.045446
28.375 80.375 0.11376
28.375 80.625 -0.12109
28.375 80.875 -0.3384
28.375 81.125 -0.01829
28.375 93.375 -1.8096
28.375 93.625 -1.6481
28.375 93.875 -1.383
28.375 94.125 -1.0005
28.375 94.375 -0.90048
28.375 94.625 -0.78769
28.375 94.875 -1.0135
28.375 95.125 -1.3896
28.375 95.375 -1.3221
28.375 95.625 -2.0736
28.375 95.875 -1.8302
28.375 96.125 -1.9898
NaN NaN NaN
28.625 72.375 -0.69739
28.625 72.625 -0.46314
28.625 72.875 -0.43542
28.625 73.125 -0.14437
28.625 73.375 -0.055425
28.625 73.625 -0.14551
28.625 73.875 -0.27657
28.625 74.125 -0.34353
28.625 74.375 -0.381
28.625 74.625 -0.49264
28.625 74.875 -0.56932
28.625 75.125 -0.8561
28.625 75.375 -0.80149
28.625 75.625 -0.75067
28.625 75.875 -0.74
28.625 76.125 0.19545
28.625 76.375 -0.043481
28.625 76.625 0.27685
28.625 76.875 0.013537
28.625 77.125 -0.90171
28.625 77.375 -0.91266
28.625 77.625 -0.94476
28.625 77.875 -1.1051
28.625 78.125 0.10188
28.625 78.375 0.95368
28.625 78.625 -1.2419
28.625 78.875 -0.54107
28.625 79.125 0.82348
28.625 79.375 -0.63299
28.625 79.625 -0.42041
28.625 79.875 -1.1154
28.625 80.125 -0.03992
28.625 80.375 0.25329
28.625 80.625 -0.080403
28.625 93.625 -0.41989
NaN NaN NaN
28.625 94.125 -0.43084
28.625 94.375 -0.74735
28.625 94.625 -0.65202
28.625 94.875 -0.85363
28.625 95.125 -1.5057
28.625 95.375 -1.6174
28.625 95.625 -1.6243
28.625 95.875 -1.7531
28.625 96.125 -1.1715
NaN NaN NaN
28.875 72.875 -0.73358
28.875 73.125 0.15663
28.875 73.375 0.35821
28.875 73.625 0.16946
28.875 73.875 -0.76175
28.875 74.125 -0.86034
28.875 74.375 -0.99941
28.875 74.625 -1.014
28.875 74.875 -1.0598
28.875 75.125 -1.2881
28.875 75.375 -1.16
28.875 75.625 -0.95262
28.875 75.875 -0.7102
28.875 76.125 -0.43968
28.875 76.375 -0.61435
28.875 76.625 -0.93825
28.875 76.875 -0.67134
28.875 77.125 -0.31855
28.875 77.375 0.4755
28.875 77.625 0.48986
28.875 77.875 0.35964
28.875 78.125 -0.11126
28.875 78.375 -0.0012367
28.875 78.625 -0.73681
28.875 78.875 -0.8881
28.875 79.125 0.33192
28.875 79.375 1.0146
28.875 79.625 -0.13228
28.875 79.875 -0.41662
28.875 94.125 -0.24034
28.875 94.375 -0.28428
28.875 94.625 -0.52831
28.875 94.875 -0.19157
28.875 95.125 -0.85371
28.875 95.375 -1.6218
28.875 95.625 -1.1997
28.875 95.875 -1.0844
28.875 96.125 -0.95984
NaN NaN NaN
29.125 73.125 -0.044726
29.125 73.375 0.51622
29.125 73.625 -0.2446
29.125 73.875 -0.5109
29.125 74.125 -1.0403
29.125 74.375 -0.96618
29.125 74.625 -1.047
29.125 74.875 -1.3384
29.125 75.125 -1.4042
29.125 75.375 -0.93164
29.125 75.625 -1.0077
29.125 75.875 -1.5867
29.125 76.125 -1.721
29.125 76.375 -1.6848
29.125 76.625 -0.91205
29.125 76.875 -1.3831
29.125 77.125 -0.73137
29.125 77.375 -0.072972
29.125 77.625 0.97731
29.125 77.875 1.0155
29.125 78.125 0.54768
29.125 78.375 0.48919
29.125 78.625 0.36814
29.125 78.875 -0.44313
29.125 79.125 0.40208
29.125 79.375 0.50369
29.125 79.625 -0.81893
29.125 79.875 -0.38856
29.125 80.125 -0.048653
29.125 94.375 -0.19266
29.125 94.625 -0.21634
29.125 94.875 -0.027801
29.125 95.625 -1.0145
29.125 95.875 -0.35631
29.125 96.125 NaN
29.375 73.375 -0.36975
29.375 73.625 -0.66208
29.375 73.875 -0.61454
29.375 74.125 -0.56487
29.375 74.375 -1.434
29.375 74.625 -1.0082
29.375 74.875 -0.73808
29.375 75.125 -0.51595
29.375 75.375 -0.89008
29.375 75.625 -0.84098
29.375 75.875 -1.7386
29.375 76.125 -1.3265
29.375 76.375 -1.847
29.375 76.625 -1.0532
29.375 76.875 -1.9406
29.375 77.125 -1.7105
29.375 77.375 0.11309
29.375 77.625 0.93444
29.375 77.875 1.0861
29.375 78.125 -0.13431
29.375 78.375 0.12419
29.375 78.625 -1.3714
29.375 78.875 -1.0071
29.375 79.125 -0.16637
29.375 79.375 0.61168
29.375 79.625 -1.3638
29.375 79.875 -0.29469
29.375 80.125 -0.05033
NaN NaN NaN
29.625 73.375 -0.51572
29.625 73.625 -0.084298
29.625 73.875 -0.59769
29.625 74.125 -0.51895
29.625 74.375 -1.2272
29.625 74.625 -1.5003
29.625 74.875 -1.2039
29.625 75.125 -0.9677
29.625 75.375 -1.0233
29.625 75.625 0.31923
29.625 75.875 -1.1474
29.625 76.125 -1.0751
29.625 76.375 -1.2196
29.625 76.625 -1.4581
29.625 76.875 -1.4372
29.625 77.125 -1.5278
29.625 77.375 -0.92875
29.625 77.625 -0.30386
29.625 77.875 0.19801
29.625 78.125 -0.3516
29.625 78.375 -1.3471
29.625 78.625 -2.2405
29.625 78.875 -1.6774
29.625 79.125 -0.84786
29.625 79.375 0.84832
29.625 79.625 0.18615
29.625 79.875 0.2693
29.625 80.125 0.28494
29.875 73.625 -0.050717
29.875 73.875 -0.30996
29.875 74.125 -0.65174
29.875 74.375 -1.7738
29.875 74.625 -2.1576
29.875 74.875 -2.1487
29.875 75.125 -1.806
29.875 75.375 -1.0723
29.875 75.625 -0.55839
29.875 75.875 -1.4345
29.875 76.125 -1.1109
29.875 76.375 -0.8981
29.875 76.625 -0.63257
29.875 76.875 -2.1864
29.875 77.125 -1.3945
29.875 77.375 -0.97503
29.875 77.625 -0.71384
29.875 77.875 -0.35174
29.875 78.125 -1.7296
29.875 78.375 -0.55922
29.875 78.625 -1.2386
29.875 78.875 -0.37905
29.875 79.125 -1.0572
29.875 79.375 -0.0024827
29.875 79.625 1.0854
29.875 79.875 0.33892
29.875 80.125 0.35388
29.875 80.375 0.56825
30.125 74.125 -1.284
30.125 74.375 -1.8892
30.125 74.625 -2.3127
30.125 74.875 -2.0891
30.125 75.125 -1.3005
30.125 75.375 -0.64831
30.125 75.625 -0.93271
30.125 75.875 -1.5854
30.125 76.125 -0.20626
30.125 76.375 -0.94002
30.125 76.625 -1.2222
30.125 76.875 -1.2004
30.125 77.125 -1.5349
30.125 77.375 -2.1037
30.125 77.625 -0.70376
30.125 77.875 -0.87931
30.125 78.125 -0.67454
30.125 78.375 0.97421
30.125 78.625 0.037511
30.125 78.875 1.8152
30.125 79.125 1.0949
30.125 79.375 0.87613
30.125 79.625 1.4822
30.125 79.875 0.4354
30.125 80.125 0.46916
30.125 80.375 0.60566
30.125 80.625 0.47078
30.375 74.125 -0.95055
30.375 74.375 -1.1433
30.375 74.625 -1.5403
30.375 74.875 -1.5037
30.375 75.125 -1.1245
30.375 75.375 -0.52825
30.375 75.625 -0.47034
30.375 75.875 -1.5484
30.375 76.125 -1.8033
30.375 76.375 -1.2757
30.375 76.625 -2.1521
30.375 76.875 -1.9066
30.375 77.125 -0.11429
30.375 77.375 -0.51728
30.375 77.625 -0.19294
30.375 77.875 -0.80965
30.375 78.125 -1.3504
30.375 78.375 -1.6418
30.375 78.625 0.63634
30.375 78.875 1.3574
30.375 79.125 0.93454
30.375 79.375 1.0567
30.375 79.625 1.2272
30.375 79.875 1.105
30.375 80.125 0.70531
30.375 80.375 0.34867
30.375 80.625 0.18014
30.625 74.375 -1.3916
30.625 74.625 -1.4945
30.625 74.875 -1.3849
30.625 75.125 -1.3127
30.625 75.375 -1.0388
30.625 75.625 -0.68854
30.625 75.875 -1.9784
30.625 76.125 -2.1655
30.625 76.375 -2.1341
30.625 76.625 -0.60552
30.625 76.875 -0.075405
30.625 77.125 -0.34638
30.625 77.375 -0.68401
30.625 77.625 -0.55082
30.625 77.875 -0.22599
30.625 78.125 -0.44169
30.625 78.375 -1.61
30.625 78.625 -0.6573
30.625 78.875 1.3644
30.625 79.125 1.3321
30.625 79.375 0.14555
30.625 79.625 1.6676
30.625 79.875 1.5208
30.625 80.125 1.0249
30.875 74.625 -1.5516
30.875 74.875 -1.3124
30.875 75.125 -0.53113
30.875 75.375 -1.855
30.875 75.625 -0.86825
30.875 75.875 -1.6452
30.875 76.125 -1.7395
30.875 76.375 -0.55062
30.875 76.625 0.30438
30.875 76.875 -0.91279
30.875 77.125 0.68977
30.875 77.375 -0.72677
30.875 77.625 -0.24164
30.875 77.875 0.56689
30.875 78.125 0.23849
30.875 78.375 -0.059252
30.875 78.625 -0.42644
30.875 78.875 0.81482
30.875 79.125 1.2986
NaN NaN NaN
NaN NaN NaN
NaN NaN NaN
31.125 74.875 -1.9539
31.125 75.125 -0.84392
31.125 75.375 -2.2355
31.125 75.625 -2.0512
31.125 75.875 -1.0814
31.125 76.125 0.49577
31.125 76.375 -0.36502
31.125 76.625 -0.82213
31.125 76.875 0.17255
31.125 77.125 0.66131
31.125 77.375 -0.59923
31.125 77.625 0.16721
31.125 77.875 0.38623
31.125 78.125 -0.17984
31.125 78.375 -0.2344
31.125 78.625 -0.38447
NaN NaN NaN
NaN NaN NaN
31.375 74.875 -1.7079
31.375 75.125 -1.5887
31.375 75.375 -1.9875
31.375 75.625 -1.4504
31.375 75.875 -0.21702
31.375 76.125 -1.848
31.375 76.375 -0.74367
31.375 76.625 -0.94596
31.375 76.875 -0.1178
31.375 77.125 0.69763
31.375 77.375 0.98509
31.375 77.625 1.3961
31.375 77.875 -0.12753
31.375 78.125 -0.33724
31.375 78.375 -0.29228
31.375 78.625 0.092386
31.625 74.875 -0.5455
31.625 75.125 0.56193
31.625 75.375 0.20026
31.625 75.625 -0.0094432
31.625 75.875 0.07226
31.625 76.125 -0.89683
31.625 76.375 -0.8642
31.625 76.625 -0.62637
31.625 76.875 -0.8241
31.625 77.125 -0.23993
31.625 77.375 1.6553
31.625 77.625 1.7092
31.625 77.875 0.54457
31.625 78.125 0.13387
31.625 78.375 -0.19742
31.625 78.625 -0.16056
31.875 74.875 1.1562
31.875 75.125 1.5312
31.875 75.375 -1.0644
31.875 75.625 -0.2384
31.875 75.875 -0.35176
31.875 76.125 -0.3691
31.875 76.375 -0.38933
31.875 76.625 -0.30268
31.875 76.875 -0.59668
31.875 77.125 -0.4525
31.875 77.375 0.71854
31.875 77.625 1.5736
31.875 77.875 0.054749
31.875 78.125 -0.064486
31.875 78.375 -0.471
31.875 78.625 -0.3729
32.125 75.375 1.3753
32.125 75.625 0.5505
32.125 75.875 -0.082553
32.125 76.125 0.34759
32.125 76.375 -0.66007
32.125 76.625 0.71473
32.125 76.875 -0.38153
32.125 77.125 0.45881
32.125 77.375 -0.48293
32.125 77.625 -0.42112
32.125 77.875 0.42514
32.125 78.125 -0.45159
32.125 78.375 -1.0706
32.375 75.375 1.227
32.375 75.625 0.5874
32.375 75.875 0.024829
32.375 76.125 -1.1254
32.375 76.375 -0.47431
32.375 76.625 -0.19805
32.375 76.875 0.23274
32.375 77.125 0.211
32.375 77.375 -0.28879
32.375 77.625 -1.03
32.375 77.875 0.11923
32.375 78.125 -0.26389
32.375 78.375 -0.93025
32.625 74.875 0.2191
32.625 75.125 -0.38241
32.625 75.375 -0.22492
32.625 75.625 0.1547
32.625 75.875 0.10919
32.625 76.125 0.075656
32.625 76.375 -0.15657
32.625 76.625 -0.54588
32.625 76.875 0.38165
32.625 77.125 0.11689
32.625 77.375 -0.059423
32.625 77.625 -0.24144
32.625 77.875 -0.80283
32.625 78.125 -0.47274
32.625 78.375 -0.68287
32.625 78.625 -1.0346
32.625 78.875 -0.6141
32.625 79.125 -0.66149
32.625 79.375 -0.74902
32.875 74.375 0.62856
32.875 74.625 0.84296
32.875 74.875 0.70127
32.875 75.125 -0.1456
32.875 75.375 -0.94262
32.875 75.625 -1.2558
32.875 75.875 -0.29664
32.875 76.125 0.31746
32.875 76.375 0.53696
32.875 76.625 0.19034
32.875 76.875 0.19592
32.875 77.125 -0.06956
32.875 77.375 -0.058131
32.875 77.625 -0.28202
32.875 77.875 -0.8399
32.875 78.125 0.033466
32.875 78.375 -0.20681
32.875 78.625 -0.56149
32.875 78.875 -0.379
32.875 79.125 -0.65437
32.875 79.375 -0.65181
33.125 73.875 0.52495
33.125 74.125 0.52828
33.125 74.375 0.91675
33.125 74.625 1.1757
33.125 74.875 0.8006
33.125 75.125 -0.14127
33.125 75.375 -1.0269
33.125 75.625 -1.585
33.125 75.875 -0.61641
33.125 76.125 -0.085776
33.125 76.375 -0.49522
33.125 76.625 -0.16129
33.125 76.875 -0.069888
33.125 77.125 -1.1831
33.125 77.375 -0.33607
33.125 77.625 -0.1219
33.125 77.875 -0.37253
33.125 78.125 0.14716
33.125 78.375 -0.0013724
33.125 78.625 0.061038
33.125 78.875 -0.33701
33.125 79.125 -0.52417
33.375 73.875 0.92611
33.375 74.125 0.84197
33.375 74.375 0.26295
33.375 74.625 -0.56121
33.375 74.875 -0.54041
33.375 75.125 -0.65397
33.375 75.375 -0.5769
33.375 75.625 -1.0144
33.375 75.875 -0.61208
33.375 76.125 -0.22805
33.375 76.375 -0.30284
33.375 76.625 -0.49198
33.375 76.875 -0.093022
33.375 77.125 0.086198
33.375 77.375 0.31533
33.375 77.625 -0.080273
33.375 77.875 -0.40122
33.375 78.125 0.23781
33.375 78.375 0.31209
33.375 78.625 -0.0029206
33.375 78.875 -0.43842
33.625 73.875 1.1941
33.625 74.125 0.87266
33.625 74.375 -0.98997
33.625 74.625 -1.1361
33.625 74.875 -0.63314
33.625 75.125 -0.27667
33.625 75.375 -0.36534
33.625 75.625 -0.3227
33.625 75.875 -0.37444
33.625 76.125 -0.57606
33.625 76.375 -0.32799
33.625 76.625 -0.6902
33.625 76.875 -0.46896
33.625 77.125 0.043358
33.625 77.375 0.25629
33.625 77.625 0.25981
33.625 77.875 0.084656
33.625 78.125 0.11417
33.625 78.375 0.098123
33.625 78.625 0.016943
33.625 78.875 -0.42311
33.875 73.875 0.44518
33.875 74.125 -0.11686
33.875 74.375 -0.68691
33.875 74.625 -0.2793
33.875 74.875 -0.0011915
33.875 75.125 0.57289
33.875 75.375 0.24346
33.875 75.625 -0.35374
33.875 75.875 -1.3069
33.875 76.125 -0.73723
33.875 76.375 -0.63975
33.875 76.625 -1.1124
33.875 76.875 -0.58008
33.875 77.125 -0.31057
33.875 77.375 -0.050976
33.875 77.625 0.0010288
33.875 77.875 0.059585
33.875 78.125 0.10016
33.875 78.375 -0.049898
33.875 78.625 -0.22866
33.875 78.875 -0.26836
34.125 73.625 -0.52401
34.125 73.875 -0.16581
34.125 74.125 -0.0088762
34.125 74.375 -0.48508
34.125 74.625 -0.44787
34.125 74.875 -0.92742
34.125 75.125 0.50396
34.125 75.375 -0.03537
34.125 75.625 -0.98311
34.125 75.875 -1.1043
34.125 76.125 -1.0652
34.125 76.375 -0.86016
34.125 76.625 -0.18628
34.125 76.875 -0.34775
34.125 77.125 -0.5435
34.125 77.375 -0.40832
34.125 77.625 -0.24357
34.125 77.875 -0.051768
34.125 78.125 0.017893
34.125 78.375 0.1212
34.125 78.625 -0.14503
34.125 78.875 0.11498
34.125 79.125 -0.21977
34.125 79.375 -0.024013
34.375 73.625 -0.90005
34.375 73.875 -1.1193
34.375 74.125 -1.6853
34.375 74.375 -0.5701
34.375 74.625 -0.61127
34.375 74.875 -0.61094
34.375 75.125 -0.041838
34.375 75.375 -0.73101
34.375 75.625 -0.91312
34.375 75.875 -0.80086
34.375 76.125 -1.6075
34.375 76.375 -0.31489
34.375 76.625 -0.44821
34.375 76.875 -0.43465
34.375 77.125 -0.46113
34.375 77.375 -0.43262
34.375 77.625 -0.3409
34.375 77.875 -0.080705
34.375 78.125 -0.21996
34.375 78.375 -0.0089733
34.375 78.625 0.079914
34.375 78.875 -0.33571
34.375 79.125 -0.31546
34.375 79.375 -0.5733
34.625 73.875 -1.3353
34.625 74.125 -1.2295
34.625 74.375 -1.0692
34.625 74.625 -0.92577
34.625 74.875 -1.0562
34.625 75.125 -0.1675
34.625 75.375 -1.1459
34.625 75.625 -1.4277
34.625 75.875 -1.4203
34.625 76.125 -1.2681
34.625 76.375 -0.57581
34.625 76.625 -0.34205
34.625 76.875 -0.41237
34.625 77.125 -0.3463
34.625 77.375 -0.86015
34.625 77.625 -0.36271
34.625 77.875 -0.40741
34.625 78.125 -0.3127
34.625 78.375 -0.16625
34.625 78.625 -0.015514
34.625 78.875 -0.20783
34.625 79.125 -0.21975
34.625 79.375 -0.29476
34.625 79.625 -0.44213
34.875 74.125 -1.0531
34.875 74.375 -1.1253
34.875 74.625 -1.1101
34.875 74.875 -0.8929
34.875 75.125 -1.0764
34.875 75.375 -1.4401
34.875 75.625 -1.0999
34.875 75.875 -1.3368
34.875 76.125 -1.3504
34.875 76.375 -0.74051
34.875 76.625 -0.8227
34.875 76.875 -0.76156
34.875 77.125 -0.94708
34.875 77.375 -0.90983
34.875 77.625 -0.52819
34.875 77.875 -0.32213
34.875 78.125 -0.21883
34.875 78.375 -0.091501
34.875 78.625 -0.42277
34.875 78.875 -0.38657
34.875 79.125 -0.19475
34.875 79.375 -0.20037
34.875 79.625 -0.11881
34.875 79.875 -0.39787
35.125 74.375 -0.94793
35.125 74.625 -1.3143
35.125 74.875 -1.1538
35.125 75.125 -1.44
35.125 75.375 -1.3922
35.125 75.625 -1.0217
35.125 75.875 -0.98939
35.125 76.125 -1.4151
35.125 76.375 -0.3784
35.125 76.625 -0.92453
35.125 76.875 -0.60513
35.125 77.125 -0.57271
35.125 77.375 -0.68306
35.125 77.625 -0.96932
35.125 77.875 -0.3939
35.125 78.125 -0.80261
35.125 78.375 -0.74139
35.125 78.625 -0.43416
35.125 78.875 -0.48254
35.125 79.125 -0.23842
35.125 79.375 -0.41398
35.125 79.625 -0.466
35.125 79.875 -0.58412
35.375 73.875 -1.1593
35.375 74.125 -0.96254
35.375 74.375 -0.73132
35.375 74.625 -0.74949
35.375 74.875 -0.58085
35.375 75.125 -1.2231
35.375 75.375 -1.3576
35.375 75.625 -0.8245
35.375 75.875 -0.89153
35.375 76.125 -0.91259
35.375 76.375 -1.0978
35.375 76.625 -0.69165
35.375 76.875 -0.5015
35.375 77.125 -0.48316
35.375 77.375 -1.0261
35.375 77.625 -0.90534
35.375 77.875 -0.86163
35.375 78.125 -1.03
35.375 78.375 -0.33298
35.375 78.625 -0.62597
35.375 78.875 -0.69051
35.375 79.125 -0.22777
35.375 79.375 -0.32372
35.375 79.625 -0.28209
35.375 79.875 -0.53827
NaN NaN NaN
35.625 73.375 -1.6291
35.625 73.625 -1.1833
35.625 73.875 -1.8091
35.625 74.125 -0.89168
35.625 74.375 -1.2302
35.625 74.625 -0.7903
35.625 74.875 -0.39106
35.625 75.125 -1.6767
35.625 75.375 -1.1152
35.625 75.625 -1.0322
35.625 75.875 -1.1666
35.625 76.125 -0.97531
35.625 76.375 -0.92405
35.625 76.625 -1.4652
35.625 76.875 -1.3352
35.625 77.125 -0.78646
35.625 78.375 -0.81621
35.625 78.625 -0.77852
35.625 78.875 -0.61975
35.625 79.125 -0.40738
35.625 79.375 -0.42067
35.625 79.625 -0.33514
35.625 79.875 -0.20518
35.625 80.125 -0.030113
35.875 73.125 -0.58715
35.875 73.375 -1.0698
35.875 73.625 -1.728
35.875 73.875 -1.8669
35.875 74.125 -1.7014
35.875 74.375 -1.4701
35.875 74.625 -0.9947
35.875 74.875 -1.2831
35.875 75.125 -1.2397
35.875 75.375 -1.496
35.875 75.625 -1.4116
35.875 75.875 -1.2187
35.875 76.125 -1.1758
35.875 76.375 -1.3819
35.875 76.625 -1.2286
35.875 79.375 -0.02779
36.125 72.625 0.018234
NaN NaN NaN
NaN NaN NaN
36.125 73.375 -0.45274
36.125 73.625 -0.92888
36.125 73.875 -1.3263
36.125 74.125 -1.7523
36.125 74.375 -1.6923
36.125 74.625 -1.7995
36.125 74.875 -0.73095
36.125 75.125 -1.6148
36.125 75.375 -1.2155
36.125 75.625 -1.2653
36.125 75.875 -1.933
36.125 76.125 -1.8805
36.125 76.375 -1.5926
36.125 76.625 -1.6794
36.375 73.125 -0.24625
36.375 73.375 -0.29744
36.375 73.625 -0.18748
36.375 73.875 -0.74677
36.375 74.125 -1.3959
36.375 74.375 -1.8012
36.375 74.625 -1.6154
36.375 74.875 -1.7109
36.375 75.125 -1.038
36.375 75.375 -2.0175
36.375 75.625 -1.6791
36.375 75.875 -1.8858
36.375 76.125 -1.1949
36.625 73.375 0.032898
36.625 73.625 -0.44799
36.625 73.875 -0.68862
36.625 74.125 -1.1979
36.625 74.375 -1.8135
36.625 74.625 -1.3549
36.625 74.875 -1.3242
36.625 75.125 -1.8383
36.625 75.375 -2.1105
36.625 75.625 -2.2872
36.875 73.875 -0.10084
36.875 74.375 -0.80659
36.875 74.625 -1.0461
36.875 74.875 -1.1035
36.875 75.125 -1.5972
36.875 75.375 -1.9734
