8.125 77.375 -0.21867
8.375 77.125 -1.2469
8.375 77.375 -0.30948
8.375 77.625 0.099177
8.375 77.875 0.0094121
8.625 76.875 -0.88784
8.625 77.125 -0.48658
8.625 77.375 -0.34518
8.625 77.625 -0.63808
8.625 77.875 0.80952
8.875 76.875 -0.95404
8.875 77.125 -0.2031
8.875 77.375 -0.55143
8.875 77.625 -0.97281
8.875 77.875 -0.88261
9.125 76.625 -0.11947
9.125 76.875 -0.47937
9.125 77.125 -0.44017
9.125 77.375 -0.48307
9.125 77.625 -0.29345
9.125 77.875 -0.60834
9.125 78.125 -0.088096
9.125 78.375 -0.97231
9.375 76.625 -0.22253
9.375 76.875 -0.54685
9.375 77.125 -0.44223
9.375 77.375 -0.13311
9.375 77.625 0.18051
9.375 77.875 0.037862
9.375 78.125 0.036033
9.375 78.375 -0.23853
9.375 78.625 -0.52389
9.375 78.875 -0.35796
9.625 76.375 -0.33747
9.625 76.625 -0.18966
9.625 76.875 -0.43586
9.625 77.125 -0.52685
9.625 77.375 -0.10338
9.625 77.625 -0.30572
9.625 77.875 0.32573
9.625 78.125 0.26286
9.625 78.375 -0.38752
9.625 78.625 -0.27018
9.875 76.625 -0.69645
9.875 76.875 -0.68826
9.875 77.125 -0.55594
9.875 77.375 -0.80554
9.875 77.625 -0.47822
9.875 77.875 -0.27933
9.875 78.125 -0.81231
9.875 78.375 -0.28199
9.875 78.625 -0.52518
9.875 78.875 -1.2551
10.125 76.375 -0.94423
10.125 76.625 -0.37043
10.125 76.875 0.82831
10.125 77.125 -1.0575
10.125 77.375 -1.066
10.125 77.625 0.076693
10.125 77.875 0.097143
10.125 78.125 -0.64501
10.125 78.375 0.16181
10.125 78.625 -0.99998
10.125 78.875 -0.62571
10.125 79.125 -0.90611
10.375 76.375 -1.1951
10.375 76.625 -1.0676
10.375 76.875 -0.3055
10.375 77.125 -0.47963
10.375 77.375 -0.66468
10.375 77.625 0.64933
10.375 77.875 -0.81933
10.375 78.125 -0.45569
10.375 78.375 -0.36368
10.375 78.625 -1.1233
10.375 78.875 -0.73762
10.375 79.125 -0.80055
10.375 79.375 -0.25399
10.375 79.625 -0.78222
10.625 76.125 -0.71465
10.625 76.375 -0.67866
10.625 76.625 -1.3995
10.625 76.875 -0.78239
10.625 77.125 -0.50783
10.625 77.375 -0.67857
10.625 77.625 -0.58889
10.625 77.875 -0.76063
10.625 78.125 -0.92398
10.625 78.375 -1.0218
10.625 78.625 -0.99946
10.625 78.875 -1.1532
10.625 79.125 -0.048869
10.625 79.375 -0.46224
10.625 79.625 0.042846
10.875 76.125 -0.38709
10.875 76.375 -0.022415
10.875 76.625 -0.33917
10.875 76.875 -0.87341
10.875 77.125 -0.41757
10.875 77.375 -0.78723
10.875 77.625 -0.97105
10.875 77.875 -1.0985
10.875 78.125 -1.5048
10.875 78.375 -0.74233
10.875 78.625 0.0017775
10.875 78.875 -0.50708
10.875 79.125 -1.075
10.875 79.375 -1.0661
10.875 79.625 -0.11988
11.125 76.125 -1.4342
11.125 76.375 -0.59911
11.125 76.625 2.1692
11.125 76.875 -1.197
11.125 77.125 -0.63857
11.125 77.375 -0.78037
11.125 77.625 -0.80939
11.125 77.875 -0.51242
11.125 78.125 -1.7133
11.125 78.375 -0.61115
11.125 78.625 -0.15834
11.125 78.875 -0.0621
11.125 79.125 -0.18922
11.125 79.375 0.031816
11.125 79.625 -0.26303
11.375 75.875 -0.77656
11.375 76.125 -0.8532
11.375 76.375 -1.0047
11.375 76.625 -0.82177
11.375 76.875 0.36834
11.375 77.125 -0.77757
11.375 77.375 -1.4708
11.375 77.625 -0.80003
11.375 77.875 -0.054879
11.375 78.125 -0.54892
11.375 78.375 -1.3398
11.375 78.625 -1.2522
11.375 78.875 -0.44334
11.375 79.125 -0.44146
11.375 79.375 -0.72516
11.375 79.625 -0.68962
11.625 75.875 -0.94438
11.625 76.125 -0.41723
11.625 76.375 -1.2656
11.625 76.625 -0.42943
11.625 76.875 -1.3992
11.625 77.125 -1.2947
11.625 77.375 -0.7217
11.625 77.625 -1.0633
11.625 77.875 -0.90292
11.625 78.125 -0.65389
11.625 78.375 -0.91765
11.625 78.625 -0.8217
11.625 78.875 -0.58763
11.625 79.125 -0.39093
11.625 79.375 -0.13815
11.625 79.625 -0.4335
11.875 75.625 0.60562
11.875 75.875 -0.81244
11.875 76.125 -1.0561
11.875 76.375 -1.0985
11.875 76.625 -0.58872
11.875 76.875 -1.1136
11.875 77.125 0.065716
11.875 77.375 -0.30983
11.875 77.625 -0.56646
11.875 77.875 -0.98619
11.875 78.125 -0.89737
11.875 78.375 -0.62886
11.875 78.625 -0.64494
11.875 78.875 -1.2954
11.875 79.125 -0.59646
11.875 79.375 -0.76754
11.875 79.625 -0.58234
12.125 75.375 -1.8231
12.125 75.625 -0.67643
12.125 75.875 0.14821
12.125 76.125 -1.4439
12.125 76.375 -1.1537
12.125 76.625 -0.94237
12.125 76.875 -1.0026
12.125 77.125 -0.15874
12.125 77.375 -0.36485
12.125 77.625 -0.65306
12.125 77.875 -1.2907
12.125 78.125 -0.7426
12.125 78.375 0.07391
12.125 78.625 -0.79218
12.125 78.875 -1.4235
12.125 79.125 -0.34404
12.125 79.375 0.25579
12.125 79.625 -0.22634
12.375 75.125 -1.1464
12.375 75.375 -1.4512
12.375 75.625 -0.88961
12.375 75.875 -0.4436
12.375 76.125 -0.95836
12.375 76.375 -0.71495
12.375 76.625 0.58707
12.375 76.875 -1.1459
12.375 77.125 -1.7633
12.375 77.375 -0.66639
12.375 77.625 -0.46014
12.375 77.875 -0.94275
12.375 78.125 -0.83809
12.375 78.375 -0.50134
12.375 78.625 -0.69535
12.375 78.875 -1.2374
12.375 79.125 -0.77618
12.375 79.375 -0.79437
12.375 79.625 -0.60515
12.375 79.875 -1.0833
12.625 75.125 -1.8547
12.625 75.375 -1.5155
12.625 75.625 -2.0001
12.625 75.875 -1.2152
12.625 76.125 -1.2203
12.625 76.375 -0.0056696
12.625 76.625 0.087801
12.625 76.875 -0.65269
12.625 77.125 -1.2291
12.625 77.375 -0.62825
12.625 77.625 -0.31826
12.625 77.875 -1.0642
12.625 78.125 -0.57243
12.625 78.375 -0.0054151
12.625 78.625 -0.14646
12.625 78.875 -0.55669
12.625 79.125 -0.58254
12.625 79.375 -1.2162
12.625 79.625 -0.89453
12.625 79.875 -2.1342
12.875 75.125 -1.4743
12.875 75.375 -0.49014
12.875 75.625 -2.6242
12.875 75.875 -0.93506
12.875 76.125 -1.1635
12.875 76.375 0.95425
12.875 76.625 -0.32142
12.875 76.875 -0.98405
12.875 77.125 -0.9206
12.875 77.375 -0.38022
12.875 77.625 -0.54739
12.875 77.875 -1.031
12.875 78.125 -1.0018
12.875 78.375 -0.95788
12.875 78.625 -0.65499
12.875 78.875 -1.4463
12.875 79.125 -0.91801
12.875 79.375 -0.69957
12.875 79.625 -0.20134
12.875 79.875 -0.56681
13.125 74.875 0.019226
13.125 75.125 -1.7365
13.125 75.375 -1.0128
13.125 75.625 -0.84767
13.125 75.875 -1.3521
13.125 76.125 -0.56658
13.125 76.375 -0.16575
13.125 76.625 -0.32099
13.125 76.875 -0.9323
13.125 77.125 -0.6574
13.125 77.375 -0.90651
13.125 77.625 -0.90969
13.125 77.875 -1.0055
13.125 78.125 -0.88006
13.125 78.375 -1.1583
13.125 78.625 -1.2444
13.125 78.875 -1.0316
13.125 79.125 -0.70319
13.125 79.375 -1.2175
13.125 79.625 -0.11832
13.125 79.875 -0.75279
13.125 80.125 -1.3082
13.375 74.875 1.6804
13.375 75.125 -1.0717
13.375 75.375 -1.223
13.375 75.625 -1.0522
13.375 75.875 -1.0236
13.375 76.125 -0.0021492
13.375 76.375 -0.074075
13.375 76.625 -0.53384
13.375 76.875 -0.70024
13.375 77.125 -0.21218
13.375 77.375 -1.5658
13.375 77.625 -0.92673
13.375 77.875 -0.86699
13.375 78.125 -1.3253
13.375 78.375 -1.051
13.375 78.625 -0.99021
13.375 78.875 -1.1329
13.375 79.125 -1.5965
13.375 79.375 -1.759
13.375 79.625 -0.66858
13.375 79.875 -0.56978
13.375 80.125 -0.9282
13.625 74.875 -1.8873
13.625 75.125 -0.64637
13.625 75.375 -1.147
13.625 75.625 -1.4329
13.625 75.875 -0.79163
13.625 76.125 -0.80579
13.625 76.375 -1.0443
13.625 76.625 -0.89071
13.625 76.875 -1.17
13.625 77.125 -0.5248
13.625 77.375 -1.4497
13.625 77.625 -0.94571
13.625 77.875 -1.1725
13.625 78.125 -1.7825
13.625 78.375 -1.481
13.625 78.625 -1.6434
13.625 78.875 -1.2664
13.625 79.125 -1.2898
13.625 79.375 -1.2177
13.625 79.625 -1.3258
13.625 79.875 -0.71804
13.625 80.125 -0.92293
13.875 74.875 -0.58201
13.875 75.125 -0.32167
13.875 75.375 -0.52521
13.875 75.625 -0.77019
13.875 75.875 -0.35285
13.875 76.125 -1.1812
13.875 76.375 -0.91492
13.875 76.625 -0.34019
13.875 76.875 -1.2083
13.875 77.125 -1.0593
13.875 77.375 -0.77202
13.875 77.625 -1.3813
13.875 77.875 -1.2886
13.875 78.125 -1.663
13.875 78.375 -0.62077
13.875 78.625 -1.1927
13.875 78.875 -1.2154
13.875 79.125 -1.2918
13.875 79.375 -1.3779
13.875 79.625 -1.4709
13.875 79.875 -0.97505
14.125 74.625 -1.056
14.125 74.875 -0.615
14.125 75.125 -0.42471
14.125 75.375 -0.76118
14.125 75.625 -0.96851
14.125 75.875 -0.67421
14.125 76.125 -0.10188
14.125 76.375 -0.8764
14.125 76.625 -0.78892
14.125 76.875 0.014839
14.125 77.125 -0.8547
14.125 77.375 -1.0334
14.125 77.625 -1.1403
14.125 77.875 -1.049
14.125 78.125 -1.1372
14.125 78.375 -0.94542
14.125 78.625 -1.3214
14.125 78.875 -1.5952
14.125 79.125 -1.4514
14.125 79.375 -1.3713
14.125 79.625 -0.7325
14.125 79.875 -0.69782
14.375 74.625 -1.1656
14.375 74.875 -0.23647
14.375 75.125 -1.1607
14.375 75.375 -0.71781
14.375 75.625 -0.5073
14.375 75.875 -0.51551
14.375 76.125 0.08776
14.375 76.375 0.34946
14.375 76.625 -0.34027
14.375 76.875 -0.59367
14.375 77.125 -0.34384
14.375 77.375 -0.79265
14.375 77.625 -0.96207
14.375 77.875 -0.78169
14.375 78.125 -0.83988
14.375 78.375 -0.75303
14.375 78.625 -0.95384
14.375 78.875 -1.4334
14.375 79.125 -1.5515
14.375 79.375 -1.1849
14.375 79.625 -0.3142
14.375 79.875 -0.39089
14.625 74.375 -0.3983
14.625 74.625 -2.0181
14.625 74.875 -1.4653
14.625 75.125 -1.2568
14.625 75.375 -0.51639
14.625 75.625 -0.79949
14.625 75.875 -0.41137
14.625 76.125 -0.061902
14.625 76.375 -0.67934
14.625 76.625 -0.3893
14.625 76.875 0.27172
14.625 77.125 -0.082111
14.625 77.375 -1.0029
14.625 77.625 -0.8156
14.625 77.875 -0.51925
14.625 78.125 -0.58067
14.625 78.375 -0.5974
14.625 78.625 -1.2031
14.625 78.875 -1.2499
14.625 79.125 -1.0874
14.625 79.375 -1.1749
14.625 79.625 -1.0941
14.625 79.875 -0.83852
14.875 74.375 -1.0117
14.875 74.625 -1.5126
14.875 74.875 -1.5691
14.875 75.125 -0.86997
14.875 75.375 -0.73837
14.875 75.625 -0.74259
14.875 75.875 -0.89979
14.875 76.125 -0.78016
14.875 76.375 -1.0839
14.875 76.625 -0.72218
14.875 76.875 0.32759
14.875 77.125 -0.23826
14.875 77.375 -0.86928
14.875 77.625 -0.84488
14.875 77.875 -0.93203
14.875 78.125 -0.72485
14.875 78.375 -0.58646
14.875 78.625 -0.92304
14.875 78.875 -0.91127
14.875 79.125 -0.7039
14.875 79.375 -0.58588
14.875 79.625 -1.1744
14.875 79.875 -1.121
15.125 74.125 -1.5726
15.125 74.375 0.0083548
15.125 74.625 -0.84723
15.125 74.875 -0.74257
15.125 75.125 -0.89697
15.125 75.375 -0.58924
15.125 75.625 0.32978
15.125 75.875 0.1215
15.125 76.125 -0.75562
15.125 76.375 -1.0444
15.125 76.625 -1.0776
15.125 76.875 -0.57857
15.125 77.125 -1.0885
15.125 77.375 -1.0101
15.125 77.625 -0.76748
15.125 77.875 -1.1052
15.125 78.125 -1.2254
15.125 78.375 -0.76501
15.125 78.625 -0.27304
15.125 78.875 -0.3814
15.125 79.125 -0.61959
15.125 79.375 -0.79622
15.125 79.625 -0.72239
15.125 79.875 -1.1465
15.375 73.875 -1.3936
15.375 74.125 -1.6573
15.375 74.375 -0.48282
15.375 74.625 -1.3067
15.375 74.875 -0.28959
15.375 75.125 -0.5597
15.375 75.375 0.28017
15.375 75.625 0.11462
15.375 75.875 -0.50039
15.375 76.125 -0.92444
15.375 76.375 -0.75318
15.375 76.625 -1.0937
15.375 76.875 -0.99933
15.375 77.125 -0.90435
15.375 77.375 -1.3109
15.375 77.625 -0.65283
15.375 77.875 -1.3418
15.375 78.125 -1.1811
15.375 78.375 -0.74695
15.375 78.625 0.38833
15.375 78.875 -0.81726
15.375 79.125 -1.0699
15.375 79.375 -1.2365
15.375 79.625 -1.36
15.375 79.875 -1.2161
15.625 73.875 -1.4533
15.625 74.125 -1.4647
15.625 74.375 -1.6168
15.625 74.625 -0.66126
15.625 74.875 -0.33752
15.625 75.125 -0.24187
15.625 75.375 -0.41903
15.625 75.625 -0.49162
15.625 75.875 -0.10896
15.625 76.125 -0.61294
15.625 76.375 -0.86351
15.625 76.625 -1.0195
15.625 76.875 -0.93419
15.625 77.125 -1.0215
15.625 77.375 -1.119
15.625 77.625 -0.92517
15.625 77.875 -1.2632
15.625 78.125 -1.189
15.625 78.375 -1.0691
15.625 78.625 -1.2754
15.625 78.875 -0.80124
15.625 79.125 -1.4854
15.625 79.375 -1.2361
15.625 79.625 -0.19444
15.625 79.875 -1.0389
15.625 80.125 -1.3163
15.875 73.875 0.039145
15.875 74.125 -0.74962
15.875 74.375 -0.7769
15.875 74.625 -0.53157
15.875 74.875 -0.28273
15.875 75.125 -0.2493
15.875 75.375 -0.39178
15.875 75.625 -0.6877
15.875 75.875 -0.63844
15.875 76.125 -1.0612
15.875 76.375 -1.1991
15.875 76.625 -0.77416
15.875 76.875 0.027074
15.875 77.125 -0.94179
15.875 77.375 -0.50072
15.875 77.625 -1.7378
15.875 77.875 -0.73705
15.875 78.125 -0.57577
15.875 78.375 -0.65259
15.875 78.625 -0.59806
15.875 78.875 -1.2013
15.875 79.125 -1.2672
15.875 79.375 0.33635
15.875 79.625 -0.74398
15.875 79.875 -1.2738
15.875 80.125 -1.2791
15.875 80.375 -0.52567
15.875 80.625 -0.57021
15.875 80.875 -0.25964
16.125 73.625 0.14022
16.125 73.875 -0.0223
16.125 74.125 -0.46985
16.125 74.375 -0.51349
16.125 74.625 0.084746
16.125 74.875 -0.20791
16.125 75.125 -0.9925
16.125 75.375 -0.91065
16.125 75.625 -0.75996
16.125 75.875 -0.99236
16.125 76.125 -1.1793
16.125 76.375 -1.1319
16.125 76.625 -0.831
16.125 76.875 -0.78686
16.125 77.125 -1.0094
16.125 77.375 -0.45193
16.125 77.625 -1.0685
16.125 77.875 -0.47797
16.125 78.125 -0.046505
16.125 78.375 -0.10415
16.125 78.625 -0.37602
16.125 78.875 -0.98868
16.125 79.125 -1.0303
16.125 79.375 -0.96971
16.125 79.625 -1.1409
16.125 79.875 -0.50758
16.125 80.125 -0.059681
16.125 80.375 0.59925
16.125 80.625 0.085252
16.125 80.875 0.035372
16.375 73.625 -0.54937
16.375 73.875 0.10522
16.375 74.125 -0.51088
16.375 74.375 -0.23964
16.375 74.625 -0.63543
16.375 74.875 -0.34037
16.375 75.125 -0.70165
16.375 75.375 -0.8566
16.375 75.625 -1.165
16.375 75.875 -0.96231
16.375 76.125 -0.37211
16.375 76.375 -0.27778
16.375 76.625 -0.75622
16.375 76.875 -0.7872
16.375 77.125 -0.85829
16.375 77.375 -0.83467
16.375 77.625 -0.94195
16.375 77.875 -0.42242
16.375 78.125 0.055832
16.375 78.375 -0.228
16.375 78.625 -0.76161
16.375 78.875 -0.65501
16.375 79.125 -0.51767
16.375 79.375 -0.99082
16.375 79.625 -1.3088
16.375 79.875 -0.72716
16.375 80.125 0.17593
16.375 80.375 0.011815
16.375 80.625 0.084239
16.375 80.875 0.10838
16.375 81.125 0.14456
16.375 81.375 -0.11467
16.375 81.625 0.85031
16.625 73.625 -1.1895
16.625 73.875 -1.2339
16.625 74.125 0.5276
16.625 74.375 -1.7906
16.625 74.625 -0.41657
16.625 74.875 -0.69239
16.625 75.125 -0.59045
16.625 75.375 -1.5012
16.625 75.625 -1.1682
16.625 75.875 -1.0858
16.625 76.125 -0.63512
16.625 76.375 -0.71485
16.625 76.625 -0.72042
16.625 76.875 -0.73774
16.625 77.125 -0.70423
16.625 77.375 -0.50472
16.625 77.625 -0.68149
16.625 77.875 -0.19756
16.625 78.125 -0.0587
16.625 78.375 -0.43846
16.625 78.625 -0.51465
16.625 78.875 -1.2471
16.625 79.125 -1.2085
16.625 79.375 -0.73979
16.625 79.625 -0.43622
16.625 79.875 -0.60033
16.625 80.125 -0.15258
16.625 80.375 -0.46085
16.625 80.625 -0.37617
16.625 80.875 -0.020062
16.625 81.125 -0.51255
16.625 81.375 -0.15297
16.625 81.625 0.33437
16.625 81.875 0.5884
16.625 82.125 0.26981
16.875 73.375 -0.81936
16.875 73.625 -1.4007
16.875 73.875 -1.3585
16.875 74.125 -1.7307
16.875 74.375 -0.1126
16.875 74.625 -1.3828
16.875 74.875 -0.82355
16.875 75.125 -0.7606
16.875 75.375 -0.52724
16.875 75.625 -0.42438
16.875 75.875 -1.0042
16.875 76.125 -1.2006
16.875 76.375 -1.2371
16.875 76.625 -1.6157
16.875 76.875 -1.0145
16.875 77.125 -0.67071
16.875 77.375 -0.38433
16.875 77.625 -0.82301
16.875 77.875 -0.75117
16.875 78.125 -1.2369
16.875 78.375 -1.4086
16.875 78.625 -0.79974
16.875 78.875 -1.8373
16.875 79.125 -1.6691
16.875 79.375 -1.065
16.875 79.625 -0.76265
16.875 79.875 -0.51782
16.875 80.125 -0.15006
16.875 80.375 -0.37108
16.875 80.625 -0.4156
16.875 80.875 -0.36918
16.875 81.125 -0.33348
16.875 81.375 -0.5029
16.875 81.625 0.23583
16.875 81.875 -0.22155
16.875 82.125 -0.24566
17.125 73.375 -0.60213
17.125 73.625 -0.71849
17.125 73.875 -0.54257
17.125 74.125 -1.0288
17.125 74.375 -1.1286
17.125 74.625 -1.2619
17.125 74.875 -1.365
17.125 75.125 -1.7008
17.125 75.375 -1.2084
17.125 75.625 -0.48117
17.125 75.875 -0.98712
17.125 76.125 -1.5685
17.125 76.375 -1.2123
17.125 76.625 -1.2047
17.125 76.875 -0.85572
17.125 77.125 -0.99919
17.125 77.375 -1.1589
17.125 77.625 -0.52901
17.125 77.875 -0.6225
17.125 78.125 -0.25838
17.125 78.375 -1.0017
17.125 78.625 -0.82262
17.125 78.875 -0.35782
17.125 79.125 0.053684
17.125 79.375 -0.41329
17.125 79.625 -0.78064
17.125 79.875 -0.78154
17.125 80.125 -0.019317
17.125 80.375 -0.24277
17.125 80.625 -0.46218
17.125 80.875 -0.57124
17.125 81.125 -0.33237
17.125 81.375 -0.079538
17.125 81.625 -0.49154
17.125 81.875 -0.75603
17.125 82.125 -0.063692
17.125 82.375 -0.12711
17.375 73.375 -0.8024
17.375 73.625 -1.1793
17.375 73.875 -0.38949
17.375 74.125 -1.7404
17.375 74.375 -1.8908
17.375 74.625 -1.4779
17.375 74.875 -1.4866
17.375 75.125 -1.9837
17.375 75.375 -1.7704
17.375 75.625 -1.3469
17.375 75.875 -1.6817
17.375 76.125 -1.3551
17.375 76.375 -1.1821
17.375 76.625 -1.2173
17.375 76.875 -0.62255
17.375 77.125 -1.0348
17.375 77.375 -1.3065
17.375 77.625 -0.62858
17.375 77.875 -0.54226
17.375 78.125 -0.61299
17.375 78.375 -0.94372
17.375 78.625 -1.4034
17.375 78.875 0.12707
17.375 79.125 0.25094
17.375 79.375 0.10515
17.375 79.625 -0.63809
17.375 79.875 -0.23273
17.375 80.125 0.14437
17.375 80.375 -0.067834
17.375 80.625 -0.35674
17.375 80.875 -0.3202
17.375 81.125 -0.52998
17.375 81.375 -0.088669
17.375 81.625 -0.71501
17.375 81.875 -0.5375
17.375 82.125 0.012489
17.375 82.375 -0.45493
17.375 82.625 -0.52014
17.625 73.375 -0.15129
17.625 73.625 -1.8876
17.625 73.875 -0.61833
17.625 74.125 -1.6415
17.625 74.375 -1.9789
17.625 74.625 -1.6605
17.625 74.875 -1.4801
17.625 75.125 -1.3595
17.625 75.375 -1.1526
17.625 75.625 -1.4704
17.625 75.875 -1.7332
17.625 76.125 -1.562
17.625 76.375 -1.3232
17.625 76.625 -0.53625
17.625 76.875 -0.47627
17.625 77.125 -0.74427
17.625 77.375 -1.156
17.625 77.625 -1.1647
17.625 77.875 -0.95062
17.625 78.125 -0.69145
17.625 78.375 -0.11235
17.625 78.625 0.04964
17.625 78.875 -0.38769
17.625 79.125 -0.16589
17.625 79.375 -0.69337
17.625 79.625 -0.55886
17.625 79.875 -0.35212
17.625 80.125 -0.013936
17.625 80.375 -0.22501
17.625 80.625 -0.7257
17.625 80.875 -0.043543
17.625 81.125 -0.15013
17.625 81.375 0.1209
17.625 81.625 0.033042
17.625 81.875 0.022654
17.625 82.125 0.1321
17.625 82.375 -0.29094
17.625 82.625 -0.09026
17.625 82.875 0.54102
17.625 83.125 0.52757
17.875 73.375 0.23205
17.875 73.625 -0.7092
17.875 73.875 -0.27123
17.875 74.125 -1.0428
17.875 74.375 -1.2326
17.875 74.625 -1.3895
17.875 74.875 -1.0508
17.875 75.125 -1.7316
17.875 75.375 -1.6512
17.875 75.625 -1.4737
17.875 75.875 -1.6845
17.875 76.125 -1.715
17.875 76.375 -1.4958
17.875 76.625 -1.0828
17.875 76.875 -0.98047
17.875 77.125 -0.54777
17.875 77.375 -0.64721
17.875 77.625 -0.24725
17.875 77.875 -0.14393
17.875 78.125 0.67693
17.875 78.375 0.44436
17.875 78.625 0.89987
17.875 78.875 -0.027306
17.875 79.125 -0.32308
17.875 79.375 -0.69566
17.875 79.625 -0.77662
17.875 79.875 -0.7546
17.875 80.125 -0.55761
17.875 80.375 -1.1139
17.875 80.625 -0.78158
17.875 80.875 0.048253
17.875 81.125 0.056016
17.875 81.375 1.1691
17.875 81.625 0.8318
17.875 81.875 -0.099638
17.875 82.125 -0.57059
17.875 82.375 -1.0378
17.875 82.625 0.046974
17.875 82.875 0.36516
17.875 83.125 -0.25593
17.875 83.375 -0.15119
18.125 73.125 0.010061
18.125 73.375 -1.0645
18.125 73.625 -0.35318
18.125 73.875 -0.15686
18.125 74.125 -0.74001
18.125 74.375 -0.89655
18.125 74.625 -1.091
18.125 74.875 -0.92525
18.125 75.125 -1.4199
18.125 75.375 -1.6265
18.125 75.625 -1.604
18.125 75.875 -1.8323
18.125 76.125 -1.2156
18.125 76.375 -1.1434
18.125 76.625 -1.6059
18.125 76.875 -1.1039
18.125 77.125 0.33611
18.125 77.375 -0.044174
18.125 77.625 0.43154
18.125 77.875 -0.14356
18.125 78.125 0.31819
18.125 78.375 -0.16859
18.125 78.625 0.19839
18.125 78.875 -0.23922
18.125 79.125 -0.24338
18.125 79.375 -0.55741
18.125 79.625 -0.03256
18.125 79.875 -0.71201
18.125 80.125 -0.62169
18.125 80.375 -1.2024
18.125 80.625 -1.2423
18.125 80.875 0.1407
18.125 81.125 -0.27303
18.125 81.375 1.0974
18.125 81.625 1.5466
18.125 81.875 1.413
18.125 82.125 -0.26201
18.125 82.375 -0.61319
18.125 82.625 -0.31854
18.125 82.875 -0.40012
18.125 83.125 0.12425
18.125 83.375 -0.037431
18.125 83.625 0.30933
18.375 73.125 -0.72657
18.375 73.375 -0.54855
18.375 73.625 -0.20319
18.375 73.875 -0.18662
18.375 74.125 -0.47325
18.375 74.375 -0.68095
18.375 74.625 -1.5489
18.375 74.875 -1.8529
18.375 75.125 -1.4073
18.375 75.375 -0.65056
18.375 75.625 -1.0559
18.375 75.875 -1.5244
18.375 76.125 -1.0602
18.375 76.375 -1.2098
18.375 76.625 -1.4599
18.375 76.875 -1.006
18.375 77.125 -0.72778
18.375 77.375 -0.63687
18.375 77.625 -0.62179
18.375 77.875 -0.095473
18.375 78.125 0.11633
18.375 78.375 0.963
18.375 78.625 0.12249
18.375 78.875 -0.45051
18.375 79.125 0.3233
18.375 79.375 -0.097765
18.375 79.625 -0.24743
18.375 79.875 -0.35782
18.375 80.125 -0.28003
18.375 80.375 0.14598
18.375 80.625 0.15333
18.375 80.875 -0.68941
18.375 81.125 0.19289
18.375 81.375 0.97938
18.375 81.625 1.3622
18.375 81.875 1.3601
18.375 82.125 1.1711
18.375 82.375 0.88904
18.375 82.625 -0.060314
18.375 82.875 -0.87398
18.375 83.125 0.057558
18.375 83.375 0.15638
18.375 83.625 0.28668
18.375 83.875 0.92778
18.625 73.125 0.98786
18.625 73.375 0.12735
18.625 73.625 -0.1707
18.625 73.875 -0.0062873
18.625 74.125 -0.40886
18.625 74.375 -0.66271
18.625 74.625 -1.1889
18.625 74.875 -1.5625
18.625 75.125 -1.711
18.625 75.375 -1.4515
18.625 75.625 -1.0347
18.625 75.875 -1.0264
18.625 76.125 -1.3211
18.625 76.375 -0.94265
18.625 76.625 -0.50254
18.625 76.875 -0.97537
18.625 77.125 -0.99583
18.625 77.375 -0.85534
18.625 77.625 -0.29197
18.625 77.875 -0.40008
18.625 78.125 -0.66314
18.625 78.375 0.21364
18.625 78.625 -0.38277
18.625 78.875 -0.067801
18.625 79.125 -0.14843
18.625 79.375 -0.28184
18.625 79.625 -0.9036
18.625 79.875 0.01566
18.625 80.125 0.34498
18.625 80.375 0.78066
18.625 80.625 0.76492
18.625 80.875 -0.34581
18.625 81.125 -0.43639
18.625 81.375 0.48954
18.625 81.625 1.1967
18.625 81.875 1.5288
18.625 82.125 1.7123
18.625 82.375 1.8405
18.625 82.625 1.8671
18.625 82.875 0.0078594
18.625 83.125 -0.55316
18.625 83.375 -0.45048
18.625 83.625 0.60623
18.625 83.875 0.53391
18.625 84.125 0.38701
18.875 73.125 0.19594
18.875 73.375 -0.22529
18.875 73.625 -0.051252
18.875 73.875 0.080173
18.875 74.125 -0.64884
18.875 74.375 -1.3365
18.875 74.625 -0.8088
18.875 74.875 -1.3316
18.875 75.125 -1.6361
18.875 75.375 -1.3593
18.875 75.625 -1.321
18.875 75.875 -1.7346
18.875 76.125 -0.83469
18.875 76.375 -0.83754
18.875 76.625 -0.75373
18.875 76.875 -0.7957
18.875 77.125 -0.93944
18.875 77.375 -1.1006
18.875 77.625 -0.62806
18.875 77.875 -0.50324
18.875 78.125 -0.7025
18.875 78.375 -2.6422
18.875 78.625 0.077149
18.875 78.875 0.81391
18.875 79.125 0.054533
18.875 79.375 -0.18874
18.875 79.625 -0.76906
18.875 79.875 -0.028605
18.875 80.125 0.026156
18.875 80.375 0.61241
18.875 80.625 1.0173
18.875 80.875 0.51356
18.875 81.125 0.26912
18.875 81.375 1.7211
18.875 81.625 1.0181
18.875 81.875 2.1804
18.875 82.125 2.8558
18.875 82.375 2.2573
18.875 82.625 1.0594
18.875 82.875 0.53543
18.875 83.125 -1.2825
18.875 83.375 0.34112
18.875 83.625 0.70971
18.875 83.875 0.74355
18.875 84.125 0.45555
18.875 84.375 0.48292
19.125 73.125 0.069485
19.125 73.375 -0.07657
19.125 73.625 -0.066077
19.125 73.875 -0.13761
19.125 74.125 -0.66732
19.125 74.375 -1.0414
19.125 74.625 -0.8384
19.125 74.875 -1.5186
19.125 75.125 -1.341
19.125 75.375 -1.1461
19.125 75.625 -1.291
19.125 75.875 -1.5917
19.125 76.125 -0.97928
19.125 76.375 -1.0668
19.125 76.625 -0.92233
19.125 76.875 -1.111
19.125 77.125 -0.87075
19.125 77.375 -0.37951
19.125 77.625 -1.056
19.125 77.875 -1.3625
19.125 78.125 -1.67
19.125 78.375 -1.2487
19.125 78.625 -0.5177
19.125 78.875 0.25743
19.125 79.125 0.093516
19.125 79.375 -0.26862
19.125 79.625 -0.04568
19.125 79.875 -0.31323
19.125 80.125 -0.349
19.125 80.375 -0.15497
19.125 80.625 1.0268
19.125 80.875 1.2806
19.125 81.125 0.89734
19.125 81.375 1.5165
19.125 81.625 1.2743
19.125 81.875 0.62773
19.125 82.125 2.4042
19.125 82.375 2.9039
19.125 82.625 0.27029
19.125 82.875 0.72269
19.125 83.125 0.065332
19.125 83.375 0.30969
19.125 83.625 -0.046459
19.125 83.875 -0.072719
19.125 84.125 0.72532
19.125 84.375 1.3579
19.125 84.625 2.0776
19.375 72.875 -0.11978
19.375 73.125 -1.019
19.375 73.375 0.26677
19.375 73.625 0.17406
19.375 73.875 -0.35844
19.375 74.125 -0.5025
19.375 74.375 -0.87607
19.375 74.625 -0.9251
19.375 74.875 -1.2937
19.375 75.125 -0.85266
19.375 75.375 -1.0022
19.375 75.625 -1.4697
19.375 75.875 -1.8025
19.375 76.125 -1.4893
19.375 76.375 -1.7687
19.375 76.625 -1.7533
19.375 76.875 -1.9079
19.375 77.125 -1.434
19.375 77.375 -1.8409
19.375 77.625 -1.4724
19.375 77.875 -1.0528
19.375 78.125 -0.93873
19.375 78.375 -0.95462
19.375 78.625 -0.71443
19.375 78.875 -0.30146
19.375 79.125 -0.23866
19.375 79.375 0.0012583
19.375 79.625 -0.40604
19.375 79.875 -0.68455
19.375 80.125 -0.35799
19.375 80.375 -0.12402
19.375 80.625 1.1166
19.375 80.875 1.5638
19.375 81.125 1.3089
19.375 81.375 1.363
19.375 81.625 1.3658
19.375 81.875 1.2132
19.375 82.125 1.539
19.375 82.375 0.38576
19.375 82.625 -0.20984
19.375 82.875 0.6138
19.375 83.125 -0.069887
19.375 83.375 -0.093767
19.375 83.625 -0.3699
19.375 83.875 -0.9719
19.375 84.125 0.52568
19.375 84.375 0.80588
19.375 84.625 1.5163
19.375 84.875 1.9839
19.625 72.875 0.17621
19.625 73.125 0.26907
19.625 73.375 0.46083
19.625 73.625 -0.072262
19.625 73.875 -0.3159
19.625 74.125 -0.57191
19.625 74.375 -0.81966
19.625 74.625 -1.1444
19.625 74.875 -1.1672
19.625 75.125 -1.0118
19.625 75.375 -1.2286
19.625 75.625 -1.5357
19.625 75.875 -1.4268
19.625 76.125 -1.3023
19.625 76.375 -1.418
19.625 76.625 -1.674
19.625 76.875 -2.042
19.625 77.125 -1.6809
19.625 77.375 -1.1557
19.625 77.625 -1.0042
19.625 77.875 -1.0325
19.625 78.125 -1.2203
19.625 78.375 -1.0815
19.625 78.625 -0.16118
19.625 78.875 -0.6229
19.625 79.125 -1.2742
19.625 79.375 -2.0234
19.625 79.625 -1.3365
19.625 79.875 -1.0818
19.625 80.125 -0.36201
19.625 80.375 -0.12502
19.625 80.625 1.066
19.625 80.875 1.6435
19.625 81.125 1.5955
19.625 81.375 1.082
19.625 81.625 1.2592
19.625 81.875 1.4176
19.625 82.125 1.2993
19.625 82.375 0.59663
19.625 82.625 0.37892
19.625 82.875 0.4154
19.625 83.125 0.092491
19.625 83.375 0.76649
19.625 83.625 1.0147
19.625 83.875 0.97087
19.625 84.125 0.50773
19.625 84.375 0.2592
19.625 84.625 2.101
19.625 84.875 1.7223
19.625 85.125 1.1513
19.625 85.375 1.3836
19.875 72.875 0.67457
19.875 73.125 0.077818
19.875 73.375 0.40418
19.875 73.625 0.23458
19.875 73.875 0.12065
19.875 74.125 -0.71988
19.875 74.375 -0.76484
19.875 74.625 -0.81073
19.875 74.875 -0.17001
19.875 75.125 -1.0499
19.875 75.375 -1.2459
19.875 75.625 -1.234
19.875 75.875 -0.65592
19.875 76.125 -0.23323
19.875 76.375 -0.13582
19.875 76.625 -1.1842
19.875 76.875 -1.1424
19.875 77.125 -1.2206
19.875 77.375 -1.0268
19.875 77.625 -0.73576
19.875 77.875 -1.0463
19.875 78.125 -1.1187
19.875 78.375 -1.2931
19.875 78.625 -0.96731
19.875 78.875 -0.83764
19.875 79.125 -0.88134
19.875 79.375 -1.7082
19.875 79.625 -1.412
19.875 79.875 -0.65379
19.875 80.125 0.0099078
19.875 80.375 -0.035174
19.875 80.625 0.59861
19.875 80.875 1.3781
19.875 81.125 1.3738
19.875 81.375 -0.14387
19.875 81.625 1.2902
19.875 81.875 2.4624
19.875 82.125 1.1966
19.875 82.375 0.67831
19.875 82.625 0.68142
19.875 82.875 0.66781
19.875 83.125 0.67388
19.875 83.375 1.259
19.875 83.625 1.6798
19.875 83.875 1.0583
19.875 84.125 0.38434
19.875 84.375 0.27163
19.875 84.625 2.2562
19.875 84.875 1.6465
19.875 85.125 1.668
19.875 85.375 2.1677
19.875 85.625 1.3324
19.875 85.875 0.88784
19.875 86.125 1.1767
20.125 72.875 0.96201
20.125 73.125 0.72427
20.125 73.375 0.0061907
20.125 73.625 1.4144
20.125 73.875 1.6007
20.125 74.125 3.2207
20.125 74.375 -0.4287
20.125 74.625 -0.49876
20.125 74.875 -0.38815
20.125 75.125 -0.8318
20.125 75.375 -0.68231
20.125 75.625 -0.81942
20.125 75.875 -1.0054
20.125 76.125 -0.6385
20.125 76.375 -0.59288
20.125 76.625 -1.0956
20.125 76.875 -1.0754
20.125 77.125 -1.2803
20.125 77.375 -0.76728
20.125 77.625 -0.52563
20.125 77.875 -1.0407
20.125 78.125 -1.2662
20.125 78.375 -1.286
20.125 78.625 -1.0909
20.125 78.875 -1.0515
20.125 79.125 -1.3807
20.125 79.375 -1.6718
20.125 79.625 -0.5423
20.125 79.875 0.12403
20.125 80.125 0.19276
20.125 80.375 -0.54555
20.125 80.625 -0.059065
20.125 80.875 0.4185
20.125 81.125 0.66662
20.125 81.375 1.3207
20.125 81.625 1.5488
20.125 81.875 2.5796
20.125 82.125 2.2355
20.125 82.375 0.55329
20.125 82.625 0.46064
20.125 82.875 0.49265
20.125 83.125 0.76839
20.125 83.375 1.6336
20.125 83.625 1.8047
20.125 83.875 1.6505
20.125 84.125 1.9701
20.125 84.375 1.2476
20.125 84.625 2.2526
20.125 84.875 1.5935
20.125 85.125 2.2375
20.125 85.375 1.4527
20.125 85.625 0.62979
20.125 85.875 0.44325
20.125 86.125 0.827
20.125 86.375 0.58832
20.375 73.125 1.1795
20.375 73.375 0.60884
20.375 73.625 0.51901
20.375 73.875 -0.38029
20.375 74.125 -0.10225
20.375 74.375 -0.84016
20.375 74.625 -1.0837
20.375 74.875 -0.62981
20.375 75.125 0.41631
20.375 75.375 0.79553
20.375 75.625 -0.020419
20.375 75.875 -0.30936
20.375 76.125 -0.74244
20.375 76.375 -1.1759
20.375 76.625 -1.5175
20.375 76.875 -1.7773
20.375 77.125 -1.8592
20.375 77.375 -1.1194
20.375 77.625 -0.56168
20.375 77.875 -1.0808
20.375 78.125 -1.1496
20.375 78.375 -1.4806
20.375 78.625 -1.5585
20.375 78.875 -1.1941
20.375 79.125 -0.82628
20.375 79.375 -0.72009
20.375 79.625 -0.15847
20.375 79.875 0.19264
20.375 80.125 0.35633
20.375 80.375 -0.46184
20.375 80.625 0.098298
20.375 80.875 0.6833
20.375 81.125 1.3378
20.375 81.375 1.4437
20.375 81.625 1.4676
20.375 81.875 2.0935
20.375 82.125 2.2948
20.375 82.375 2.5097
20.375 82.625 1.7245
20.375 82.875 1.495
20.375 83.125 1.634
20.375 83.375 1.8811
20.375 83.625 1.5231
20.375 83.875 1.7361
20.375 84.125 1.5339
20.375 84.375 -0.18376
20.375 84.625 0.73835
20.375 84.875 1.4001
20.375 85.125 1.4599
20.375 85.375 1.0064
20.375 85.625 1.6158
20.375 85.875 1.7197
20.375 86.125 1.6633
20.375 86.375 1.3034
20.375 86.625 1.4493
20.625 73.125 0.98875
20.625 73.375 0.62415
20.625 73.625 1.0196
20.625 73.875 2.2366
20.625 74.125 -0.23142
20.625 74.375 -0.80384
20.625 74.625 -0.38901
20.625 74.875 0.3106
20.625 75.125 0.12704
20.625 75.375 0.33553
20.625 75.625 -0.24704
20.625 75.875 -1.248
20.625 76.125 -0.59306
20.625 76.375 -1.0484
20.625 76.625 -1.5425
20.625 76.875 -1.629
20.625 77.125 -1.4568
20.625 77.375 -1.1277
20.625 77.625 -0.74957
20.625 77.875 -0.9978
20.625 78.125 -0.7112
20.625 78.375 -0.9572
20.625 78.625 -1.4081
20.625 78.875 -1.1951
20.625 79.125 -1.0119
20.625 79.375 -1.1345
20.625 79.625 -0.17469
20.625 79.875 0.23662
20.625 80.125 0.6114
20.625 80.375 0.29406
20.625 80.625 1.295
20.625 80.875 1.7306
20.625 81.125 1.7974
20.625 81.375 1.4914
20.625 81.625 1.4098
20.625 81.875 2.5413
20.625 82.125 1.7911
20.625 82.375 1.7103
20.625 82.625 1.0212
20.625 82.875 1.149
20.625 83.125 0.95975
20.625 83.375 1.5335
20.625 83.625 1.512
20.625 83.875 0.79196
20.625 84.125 0.69984
20.625 84.375 0.93839
20.625 84.625 0.54265
20.625 84.875 0.39193
20.625 85.125 2.0848
20.625 85.375 1.6204
20.625 85.625 -0.0029251
20.625 85.875 1.1217
20.625 86.125 1.3073
20.625 86.375 1.6252
20.625 86.625 1.6303
20.625 86.875 1.5894
20.875 70.625 0.2088
20.875 70.875 0.32388
20.875 71.125 0.014832
20.875 71.375 1.1026
20.875 72.875 0.58684
20.875 73.125 0.77257
20.875 73.375 0.38203
20.875 73.625 1.1217
20.875 73.875 1.0288
20.875 74.125 -0.020413
20.875 74.375 -0.24059
20.875 74.625 -0.395
20.875 74.875 -0.45614
20.875 75.125 -0.40331
20.875 75.375 -0.57094
20.875 75.625 -0.93864
20.875 75.875 -0.99271
20.875 76.125 -0.45612
20.875 76.375 -1.2777
20.875 76.625 -1.1033
20.875 76.875 -1.1104
20.875 77.125 -1.258
20.875 77.375 -1.3697
20.875 77.625 -1.4242
20.875 77.875 -1.1182
20.875 78.125 -0.9929
20.875 78.375 -1.0324
20.875 78.625 -1.4089
20.875 78.875 -0.9958
20.875 79.125 -1.6198
20.875 79.375 -1.0201
20.875 79.625 -0.21417
20.875 79.875 0.257
20.875 80.125 0.50678
20.875 80.375 -0.077734
20.875 80.625 0.8174
20.875 80.875 1.6123
20.875 81.125 1.1149
20.875 81.375 0.24582
20.875 81.625 1.713
20.875 81.875 1.3605
20.875 82.125 1.0325
20.875 82.375 1.626
20.875 82.625 1.0605
20.875 82.875 1.5008
20.875 83.125 1.318
20.875 83.375 0.64492
20.875 83.625 0.64207
20.875 83.875 0.68672
20.875 84.125 0.18855
20.875 84.375 1.4052
20.875 84.625 1.8638
20.875 84.875 0.53025
20.875 85.125 2.071
20.875 85.375 1.3106
20.875 85.625 0.84912
20.875 85.875 1.7555
20.875 86.125 1.6625
20.875 86.375 0.92258
20.875 86.625 1.4228
21.125 70.375 -0.32452
21.125 70.625 -0.49711
21.125 70.875 -0.51272
21.125 71.125 0.23914
21.125 71.375 0.42821
21.125 71.625 0.92359
21.125 71.875 0.18085
21.125 72.875 -0.81794
21.125 73.125 -0.73033
21.125 73.375 0.9069
21.125 73.625 -0.56534
21.125 73.875 -0.8022
21.125 74.125 -0.82838
21.125 74.375 -0.51665
21.125 74.625 -0.36361
21.125 74.875 -0.10538
21.125 75.125 -0.52592
21.125 75.375 -0.20621
21.125 75.625 0.32447
21.125 75.875 0.1389
21.125 76.125 0.035547
21.125 76.375 -1.5373
21.125 76.625 -1.2618
21.125 76.875 -1.3546
21.125 77.125 -1.5237
21.125 77.375 -1.1918
21.125 77.625 -1.4337
21.125 77.875 -1.4261
21.125 78.125 -1.4097
21.125 78.375 -1.3548
21.125 78.625 -1.4987
21.125 78.875 -0.79945
21.125 79.125 -1.0122
21.125 79.375 -0.57524
21.125 79.625 0.18519
21.125 79.875 0.49119
21.125 80.125 0.62687
21.125 80.375 -0.085765
21.125 80.625 0.26151
21.125 80.875 0.90764
21.125 81.125 0.18679
21.125 81.375 1.4519
21.125 81.625 0.40411
21.125 81.875 0.85137
21.125 82.125 1.4601
21.125 82.375 1.2604
21.125 82.625 1.6318
21.125 82.875 1.2157
21.125 83.125 1.07
21.125 83.375 0.86688
21.125 83.625 0.73014
21.125 83.875 1.0158
21.125 84.125 1.695
21.125 84.375 1.2387
21.125 84.625 1.1726
21.125 84.875 1.9637
21.125 85.125 2.8584
21.125 85.375 2.4911
21.125 85.625 1.9668
21.125 85.875 2.6321
21.125 86.125 1.5234
21.125 86.375 1.66
21.125 86.625 2.4158
21.375 70.125 -0.83641
21.375 70.375 -0.78964
21.375 70.625 -0.3465
21.375 70.875 -0.19975
21.375 71.125 0.11985
21.375 71.375 0.23005
21.375 71.625 0.5444
21.375 71.875 0.19649
21.375 72.875 0.18526
21.375 73.125 0.99114
21.375 73.375 1.0098
21.375 73.625 -0.074339
21.375 73.875 -0.75996
21.375 74.125 -0.85986
21.375 74.375 -0.93573
21.375 74.625 -0.50045
21.375 74.875 0.37296
21.375 75.125 0.12493
21.375 75.375 0.066862
21.375 75.625 0.39165
21.375 75.875 0.12333
21.375 76.125 0.40751
21.375 76.375 -1.1629
21.375 76.625 -1.3883
21.375 76.875 -1.4554
21.375 77.125 -1.3463
21.375 77.375 -0.9351
21.375 77.625 -1.2833
21.375 77.875 -1.4862
21.375 78.125 -1.1372
21.375 78.375 -1.1218
21.375 78.625 -1.4369
21.375 78.875 -1.0031
21.375 79.125 -1.1814
21.375 79.375 -0.50249
21.375 79.625 0.40089
21.375 79.875 0.1169
21.375 80.125 -0.32675
21.375 80.375 -0.3928
21.375 80.625 -0.24916
21.375 80.875 -0.49297
21.375 81.125 -0.38091
21.375 81.375 1.0909
21.375 81.625 1.3199
21.375 81.875 1.4607
21.375 82.125 0.80991
21.375 82.375 1.0011
21.375 82.625 0.71003
21.375 82.875 0.86258
21.375 83.125 1.3789
21.375 83.375 0.96484
21.375 83.625 0.82824
21.375 83.875 1.1008
21.375 84.125 1.1195
21.375 84.375 1.1364
21.375 84.625 1.4827
21.375 84.875 1.2257
21.375 85.125 2.2334
21.375 85.375 2.4661
21.375 85.625 1.2482
21.375 85.875 1.3773
21.375 86.125 2.0734
21.375 86.375 2.1025
21.375 86.625 2.2283
21.375 86.875 1.7667
21.625 69.875 -0.59841
21.625 70.125 -0.94586
21.625 70.375 -0.36385
21.625 70.625 -0.045957
21.625 70.875 -0.08994
21.625 71.125 -0.13288
21.625 71.375 0.41418
21.625 71.625 0.96194
21.625 71.875 0.35339
21.625 72.125 0.28019
21.625 72.875 0.59706
21.625 73.125 0.86929
21.625 73.375 0.17198
21.625 73.625 -0.46149
21.625 73.875 -0.93645
21.625 74.125 -0.78767
21.625 74.375 -0.98567
21.625 74.625 -0.54091
21.625 74.875 0.30743
21.625 75.125 0.44849
21.625 75.375 0.41499
21.625 75.625 0.28442
21.625 75.875 -0.097682
21.625 76.125 -0.078466
21.625 76.375 -0.73855
21.625 76.625 -1.2614
21.625 76.875 -1.1846
21.625 77.125 -0.80581
21.625 77.375 -0.62456
21.625 77.625 -1.2388
21.625 77.875 -0.60918
21.625 78.125 -0.62523
21.625 78.375 -1.019
21.625 78.625 -1.227
21.625 78.875 -1.3143
21.625 79.125 -1.6278
21.625 79.375 -0.86208
21.625 79.625 0.31524
21.625 79.875 0.31955
21.625 80.125 0.28032
21.625 80.375 0.73992
21.625 80.625 -0.42476
21.625 80.875 -0.66551
21.625 81.125 -1.5442
21.625 81.375 -0.44483
21.625 81.625 0.63068
21.625 81.875 1.4046
21.625 82.125 0.64461
21.625 82.375 -0.049342
21.625 82.625 0.089139
21.625 82.875 -0.27938
21.625 83.125 0.28236
21.625 83.375 0.057154
21.625 83.625 0.29902
21.625 83.875 0.53544
21.625 84.125 0.54042
21.625 84.375 1.1615
21.625 84.625 1.0909
21.625 84.875 1.8177
21.625 85.125 1.5256
21.625 85.375 2.5699
21.625 85.625 2.5382
21.625 85.875 2.3718
21.625 86.125 2.9399
21.625 86.375 2.9953
21.625 86.625 1.6012
21.625 86.875 1.1058
21.625 87.125 0.9699
21.625 87.375 1.5824
21.875 69.375 -0.94571
21.875 69.625 -0.8432
21.875 69.875 -0.65649
21.875 70.125 -0.70089
21.875 70.375 -0.23948
21.875 70.625 0.19229
21.875 70.875 -0.26318
21.875 71.125 -0.61644
21.875 71.375 0.11675
21.875 71.625 0.80667
21.875 71.875 0.011841
21.875 72.125 -0.06916
21.875 72.625 -1.3277
21.875 72.875 -0.48816
21.875 73.125 -0.0081771
21.875 73.375 -0.39029
21.875 73.625 -0.46297
21.875 73.875 -0.97008
21.875 74.125 -1.5965
21.875 74.375 -1.1588
21.875 74.625 -0.65414
21.875 74.875 -0.30055
21.875 75.125 -0.22356
21.875 75.375 0.21923
21.875 75.625 0.44785
21.875 75.875 -0.28823
21.875 76.125 -0.25607
21.875 76.375 -0.39612
21.875 76.625 -0.5696
21.875 76.875 -0.6139
21.875 77.125 -0.61897
21.875 77.375 -0.40621
21.875 77.625 -0.99684
21.875 77.875 -1.1084
21.875 78.125 -0.61791
21.875 78.375 -0.33507
21.875 78.625 -0.8546
21.875 78.875 -0.59211
21.875 79.125 -0.8184
21.875 79.375 -0.45011
21.875 79.625 0.039849
21.875 79.875 0.24263
21.875 80.125 1.0166
21.875 80.375 1.4817
21.875 80.625 0.62557
21.875 80.875 -0.30498
21.875 81.125 -1.1382
21.875 81.375 0.19175
21.875 81.625 0.6021
21.875 81.875 0.12262
21.875 82.125 0.89555
21.875 82.375 0.054626
21.875 82.625 -0.75736
21.875 82.875 -0.90332
21.875 83.125 -0.15807
21.875 83.375 0.21789
21.875 83.625 0.03165
21.875 83.875 1.8696
21.875 84.125 1.2619
21.875 84.375 1.5095
21.875 84.625 1.3459
21.875 84.875 1.8232
21.875 85.125 1.7079
21.875 85.375 2.2895
21.875 85.625 2.8525
21.875 85.875 2.8309
21.875 86.125 3.3831
21.875 86.375 2.6946
21.875 86.625 1.8996
21.875 86.875 1.5206
21.875 87.125 1.3877
21.875 87.375 1.5104
21.875 87.625 2.5001
21.875 87.875 2.1214
21.875 88.375 0.73961
21.875 88.625 0.73475
21.875 88.875 0.63863
22.125 69.125 -0.7921
22.125 69.375 -0.93845
22.125 69.625 -0.83738
22.125 69.875 -0.79322
22.125 70.125 -0.76213
22.125 70.375 -0.58677
22.125 70.625 -0.40698
22.125 70.875 -0.054673
22.125 71.125 -0.70411
22.125 71.375 0.18322
22.125 71.625 0.82819
22.125 71.875 -0.4202
22.125 72.125 -0.17701
22.125 72.625 0.24124
22.125 72.875 -0.3126
22.125 73.125 -0.79562
22.125 73.375 -0.54688
22.125 73.625 -0.51807
22.125 73.875 -0.86432
22.125 74.125 -0.78477
22.125 74.375 -1.0677
22.125 74.625 -1.1846
22.125 74.875 -0.48947
22.125 75.125 -0.31926
22.125 75.375 -0.74595
22.125 75.625 -0.63804
22.125 75.875 -0.46398
22.125 76.125 -0.7425
22.125 76.375 -0.62641
22.125 76.625 -0.60295
22.125 76.875 -0.78611
22.125 77.125 -0.66222
22.125 77.375 -0.79211
22.125 77.625 -1.0698
22.125 77.875 -0.78371
22.125 78.125 -0.81191
22.125 78.375 -1.0136
22.125 78.625 -0.65926
22.125 78.875 -0.49038
22.125 79.125 -0.51742
22.125 79.375 -0.80629
22.125 79.625 -0.42041
22.125 79.875 0.22463
22.125 80.125 0.83492
22.125 80.375 1.0319
22.125 80.625 0.85447
22.125 80.875 -0.15685
22.125 81.125 -1.0207
22.125 81.375 2.0906
22.125 81.625 -0.26328
22.125 81.875 0.44159
22.125 82.125 0.40082
22.125 82.375 0.12522
22.125 82.625 -1.1108
22.125 82.875 -1.6444
22.125 83.125 -0.51423
22.125 83.375 0.38127
22.125 83.625 0.59491
22.125 83.875 1.2005
22.125 84.125 1.1654
22.125 84.375 0.81894
22.125 84.625 1.3676
22.125 84.875 2.3603
22.125 85.125 2.0299
22.125 85.375 2.2034
22.125 85.625 1.1381
22.125 85.875 1.7362
22.125 86.125 3.8107
22.125 86.375 3.176
22.125 86.625 1.0258
22.125 86.875 1.3461
22.125 87.125 1.4305
22.125 87.375 0.68621
22.125 87.625 0.99711
22.125 87.875 1.6344
22.125 88.125 1.0481
22.125 88.375 0.89295
22.125 92.875 1.2797
22.375 69.125 -0.4225
22.375 69.875 -0.45664
22.375 70.125 -0.56846
22.375 70.375 -0.74447
22.375 70.625 -0.17488
22.375 70.875 -0.0099813
22.375 71.125 0.19099
22.375 71.375 0.16442
22.375 71.625 -0.21876
22.375 71.875 0.24705
22.375 72.125 0.97431
22.375 72.625 0.84533
22.375 72.875 -0.57337
22.375 73.125 -0.34483
22.375 73.375 -0.38409
22.375 73.625 -0.024779
22.375 73.875 -0.51907
22.375 74.125 -1.0461
22.375 74.375 -0.89242
22.375 74.625 -1.1456
22.375 74.875 -1.1324
22.375 75.125 -0.89372
22.375 75.375 -0.75333
22.375 75.625 -1.1288
22.375 75.875 -0.42317
22.375 76.125 -0.60419
22.375 76.375 -0.95702
22.375 76.625 -0.14425
22.375 76.875 -0.69168
22.375 77.125 -0.64439
22.375 77.375 -0.9266
22.375 77.625 -0.96762
22.375 77.875 -0.15108
22.375 78.125 -0.16334
22.375 78.375 -0.46945
22.375 78.625 -0.64935
22.375 78.875 -0.09248
22.375 79.125 -0.14361
22.375 79.375 -0.030452
22.375 79.625 -0.04367
22.375 79.875 0.55653
22.375 80.125 1.1102
22.375 80.375 0.93171
22.375 80.625 0.83701
22.375 80.875 0.50006
22.375 81.125 0.41549
22.375 81.375 1.706
22.375 81.625 0.13869
22.375 81.875 0.49949
22.375 82.125 -0.24912
22.375 82.375 -0.078789
22.375 82.625 -1.4295
22.375 82.875 -2.2504
22.375 83.125 -1.9538
22.375 83.375 -2.004
22.375 83.625 -1.9137
22.375 83.875 -0.041631
22.375 84.125 0.2547
22.375 84.375 0.6057
22.375 84.625 1.1919
22.375 84.875 1.5063
22.375 85.125 1.3247
22.375 85.375 1.4895
22.375 85.625 0.48375
22.375 85.875 0.49032
22.375 86.125 1.5201
22.375 86.375 0.60536
22.375 86.625 0.4081
22.375 86.875 1.3704
22.375 87.125 1.4579
22.375 87.375 0.022318
22.375 87.625 0.067569
22.375 87.875 1.4803
22.375 88.125 -0.010324
22.375 88.375 0.35479
22.375 88.625 0.41782
22.375 88.875 0.32042
22.375 92.875 1.2234
22.625 70.375 -0.19296
22.625 70.625 0.29119
22.625 70.875 -0.042977
22.625 71.125 -0.09683
22.625 71.375 0.057895
22.625 71.625 0.15364
22.625 71.875 -0.12452
22.625 72.125 0.33106
22.625 72.375 1.3759
22.625 72.625 1.731
22.625 72.875 -0.41429
22.625 73.125 -0.38349
22.625 73.375 -0.029994
22.625 73.625 -0.69913
22.625 73.875 -0.68299
22.625 74.125 -0.56614
22.625 74.375 -0.65708
22.625 74.625 -0.87375
22.625 74.875 -1.0311
22.625 75.125 -0.98603
22.625 75.375 -0.77678
22.625 75.625 -1.1267
22.625 75.875 -0.6057
22.625 76.125 -0.67732
22.625 76.375 -0.95064
22.625 76.625 -0.32521
22.625 76.875 -0.14763
22.625 77.125 -0.44827
22.625 77.375 -1.0101
22.625 77.625 -0.91959
22.625 77.875 0.035754
22.625 78.125 0.2294
22.625 78.375 0.014967
22.625 78.625 0.23424
22.625 78.875 0.12549
22.625 79.125 0.13021
22.625 79.375 0.076123
22.625 79.625 0.14268
22.625 79.875 0.55573
22.625 80.125 0.46837
22.625 80.375 -0.18548
22.625 80.625 -0.44236
22.625 80.875 -0.29332
22.625 81.125 0.61574
22.625 81.375 1.0862
22.625 81.625 0.12234
22.625 81.875 0.27213
22.625 82.125 -0.45369
22.625 82.375 -0.73142
22.625 82.625 -1.4783
22.625 82.875 -1.9868
22.625 83.125 -2.3666
22.625 83.375 -0.88809
22.625 83.625 -0.54864
22.625 83.875 -1.8293
22.625 84.125 -0.40951
22.625 84.375 0.050034
22.625 84.625 1.2432
22.625 84.875 1.5704
22.625 85.125 1.1801
22.625 85.375 1.2887
22.625 85.625 0.95013
22.625 85.875 0.82488
22.625 86.125 0.93673
22.625 86.375 0.17665
22.625 86.625 -0.26442
22.625 86.875 0.47399
22.625 87.125 0.91745
22.625 87.375 0.3411
22.625 87.625 0.6264
22.625 87.875 1.2943
22.625 88.125 1.2791
22.625 88.375 0.34874
22.625 88.625 0.32264
22.625 88.875 0.271
22.625 92.625 -0.068135
22.625 92.875 1.0557
22.875 69.375 0.083963
22.875 69.625 0.052351
22.875 69.875 -0.082583
22.875 70.625 0.6023
22.875 70.875 0.168
22.875 71.125 -0.16005
22.875 71.375 -0.027827
22.875 71.625 0.24199
22.875 71.875 0.26563
22.875 72.125 -0.37814
22.875 72.375 0.4426
22.875 72.625 0.8542
22.875 72.875 -0.19324
22.875 73.125 0.36826
22.875 73.375 0.033024
22.875 73.625 -0.73806
22.875 73.875 -1.097
22.875 74.125 -0.72939
22.875 74.375 -0.86316
22.875 74.625 -0.96452
22.875 74.875 -0.88444
22.875 75.125 -1.0051
22.875 75.375 -0.4198
22.875 75.625 -0.65254
22.875 75.875 -0.63986
22.875 76.125 -0.53398
22.875 76.375 -0.96641
22.875 76.625 -0.66279
22.875 76.875 -0.88039
22.875 77.125 -0.40022
22.875 77.375 -1.4423
22.875 77.625 -0.79073
22.875 77.875 -0.43785
22.875 78.125 -0.12069
22.875 78.375 0.11555
22.875 78.625 0.17288
22.875 78.875 0.31661
22.875 79.125 0.068698
22.875 79.375 -0.32557
22.875 79.625 -0.50167
22.875 79.875 0.46946
22.875 80.125 0.221
22.875 80.375 -0.18544
22.875 80.625 -0.36402
22.875 80.875 0.19331
22.875 81.125 0.18693
22.875 81.375 -0.82674
22.875 81.625 -0.58662
22.875 81.875 -0.28787
22.875 82.125 -0.50435
22.875 82.375 -0.58773
22.875 82.625 -1.0464
22.875 82.875 -0.91016
22.875 83.125 -2.277
22.875 83.375 -0.65328
22.875 83.625 0.59537
22.875 83.875 -1.0565
22.875 84.125 -1.4541
22.875 84.375 -0.45253
22.875 84.625 1.4351
22.875 84.875 0.77962
22.875 85.125 1.214
22.875 85.375 1.8118
22.875 85.625 1.1713
22.875 85.875 0.49567
22.875 86.125 0.64252
22.875 86.375 0.93063
22.875 86.625 0.783
22.875 86.875 0.92553
22.875 87.125 0.923
22.875 87.375 0.55145
22.875 87.625 0.41068
22.875 87.875 -0.13991
22.875 88.125 0.18931
22.875 88.375 0.29226
22.875 88.625 0.36017
22.875 92.625 0.082947
22.875 92.875 0.74141
23.125 68.875 -0.38498
23.125 69.125 -0.36326
23.125 69.375 -0.16393
23.125 69.625 -0.071047
23.125 69.875 -0.022228
23.125 70.125 -0.20308
23.125 70.875 0.14491
23.125 71.125 0.13187
23.125 71.375 0.17371
23.125 71.625 0.20554
23.125 71.875 0.31316
23.125 72.125 1.1197
23.125 72.375 -0.031884
23.125 72.625 0.21662
23.125 72.875 -0.28886
23.125 73.125 -0.60399
23.125 73.375 -0.014166
23.125 73.625 -0.29616
23.125 73.875 -1.3531
23.125 74.125 -1.2565
23.125 74.375 -1.318
23.125 74.625 -1.4312
23.125 74.875 -0.89922
23.125 75.125 -0.74572
23.125 75.375 -1.1462
23.125 75.625 -0.91065
23.125 75.875 -0.77592
23.125 76.125 -0.60615
23.125 76.375 -0.35831
23.125 76.625 -0.52064
23.125 76.875 -0.28029
23.125 77.125 0.030507
23.125 77.375 -0.65221
23.125 77.625 -0.66195
23.125 77.875 -0.40266
23.125 78.125 -0.62642
23.125 78.375 -0.31081
23.125 78.625 -0.74642
23.125 78.875 -0.32438
23.125 79.125 0.075115
23.125 79.375 0.27517
23.125 79.625 -0.72375
23.125 79.875 0.12119
23.125 80.125 0.12327
23.125 80.375 -0.28162
23.125 80.625 0.85002
23.125 80.875 1.0952
23.125 81.125 1.4291
23.125 81.375 1.5005
23.125 81.625 0.2496
23.125 81.875 0.10336
23.125 82.125 -0.60254
23.125 82.375 -0.42693
23.125 82.625 0.21803
23.125 82.875 -0.57626
23.125 83.125 -0.3321
23.125 83.375 2.0661
23.125 83.625 3.0326
23.125 83.875 1.6462
23.125 84.125 -0.86412
23.125 84.375 -0.39849
23.125 84.625 -0.75514
23.125 84.875 0.025787
23.125 85.125 0.46646
23.125 85.375 1.706
23.125 85.625 0.69027
23.125 85.875 -0.71728
23.125 86.125 -0.48204
23.125 86.375 1.1563
23.125 86.625 0.65892
23.125 86.875 1.6003
23.125 87.125 1.1415
23.125 87.375 0.80846
23.125 87.625 -0.39019
23.125 87.875 -0.7991
23.125 88.125 -0.42091
23.125 88.375 -0.075737
23.125 88.625 0.14848
23.125 91.625 -0.25038
23.125 92.625 -0.11652
23.125 92.875 -0.13711
23.125 93.125 -0.2174
23.375 68.875 -0.37422
23.375 69.125 -0.34087
23.375 69.375 -0.22735
23.375 69.625 0.012163
23.375 69.875 -0.01885
23.375 70.125 -0.065943
23.375 70.375 0.1354
23.375 70.625 0.32882
23.375 70.875 0.69659
23.375 71.125 0.5756
23.375 71.375 -0.010563
23.375 71.625 -0.085628
23.375 71.875 0.52952
23.375 72.125 0.052602
23.375 72.375 -0.10836
23.375 72.625 -0.18279
23.375 72.875 -0.12936
23.375 73.125 -0.26392
23.375 73.375 -0.44951
23.375 73.625 -0.86634
23.375 73.875 -1.2502
23.375 74.125 -1.2594
23.375 74.375 -0.74533
23.375 74.625 -0.90255
23.375 74.875 -0.54723
23.375 75.125 -0.51905
23.375 75.375 -0.34036
23.375 75.625 -0.86882
23.375 75.875 -0.53163
23.375 76.125 0.34112
23.375 76.375 0.14277
23.375 76.625 -0.52524
23.375 76.875 -0.79352
23.375 77.125 -0.2692
23.375 77.375 -0.60505
23.375 77.625 -0.92812
23.375 77.875 -0.33452
23.375 78.125 -0.49523
23.375 78.375 -0.63969
23.375 78.625 -0.6031
23.375 78.875 0.19588
23.375 79.125 0.17584
23.375 79.375 -0.15753
23.375 79.625 1.0151
23.375 79.875 0.40088
23.375 80.125 -0.0016669
23.375 80.375 0.63663
23.375 80.625 1.4457
23.375 80.875 1.4774
23.375 81.125 1.3676
23.375 81.375 1.1186
23.375 81.625 0.41606
23.375 81.875 0.15505
23.375 82.125 0.36006
23.375 82.375 1.4169
23.375 82.625 0.59784
23.375 82.875 0.053686
23.375 83.125 1.1203
23.375 83.375 2.3193
23.375 83.625 2.9542
23.375 83.875 1.6403
23.375 84.125 -1.3246
23.375 84.375 -0.49556
23.375 84.625 -0.95251
23.375 84.875 0.044515
23.375 85.125 0.88591
23.375 85.375 1.1297
23.375 85.625 1.052
23.375 85.875 -0.1664
23.375 86.125 -0.93601
23.375 86.375 0.60328
23.375 86.625 0.97332
23.375 86.875 1.1534
23.375 87.125 1.0332
23.375 87.375 0.20512
23.375 87.625 -0.98379
23.375 87.875 -0.86164
23.375 88.125 -0.59206
23.375 88.375 -0.41913
23.375 88.625 -0.26967
23.375 91.375 -0.68192
23.375 91.625 -0.28608
23.375 92.625 -0.17263
23.375 92.875 -0.51465
23.375 93.125 -1.5168
23.625 68.625 -0.33879
23.625 68.875 -0.37589
23.625 69.125 -0.40182
23.625 69.375 -0.27269
23.625 69.625 -0.16908
23.625 69.875 -0.20575
23.625 70.125 -0.084783
23.625 70.375 0.10596
23.625 70.625 0.37886
23.625 70.875 0.78895
23.625 71.125 0.66822
23.625 71.375 0.78713
23.625 71.625 -0.35474
23.625 71.875 -0.41794
23.625 72.125 -0.57284
23.625 72.375 -0.49862
23.625 72.625 -0.30249
23.625 72.875 -0.5501
23.625 73.125 -0.67223
23.625 73.375 -0.64592
23.625 73.625 -0.66323
23.625 73.875 -0.43233
23.625 74.125 0.18362
23.625 74.375 -0.081801
23.625 74.625 -0.47145
23.625 74.875 -0.44666
23.625 75.125 -0.79265
23.625 75.375 0.029165
23.625 75.625 -0.15187
23.625 75.875 0.50112
23.625 76.125 0.91046
23.625 76.375 0.75919
23.625 76.625 -0.37694
23.625 76.875 -1.3878
23.625 77.125 -0.4128
23.625 77.375 -0.58514
23.625 77.625 -0.66361
23.625 77.875 -0.51531
23.625 78.125 -0.48042
23.625 78.375 -0.39627
23.625 78.625 0.18198
23.625 78.875 0.34049
23.625 79.125 0.51584
23.625 79.375 0.35483
23.625 79.625 0.32674
23.625 79.875 1.024
23.625 80.125 0.14445
23.625 80.375 0.69857
23.625 80.625 1.6776
23.625 80.875 1.8146
23.625 81.125 0.81985
23.625 81.375 0.99756
23.625 81.625 1.1783
23.625 81.875 0.90485
23.625 82.125 0.24142
23.625 82.375 1.096
23.625 82.625 1.4466
23.625 82.875 1.1937
23.625 83.125 1.4592
23.625 83.375 1.249
23.625 83.625 1.337
23.625 83.875 0.1502
23.625 84.125 0.34439
23.625 84.375 0.82684
23.625 84.625 0.81727
23.625 84.875 0.32664
23.625 85.125 0.43869
23.625 85.375 0.89308
23.625 85.625 0.91257
23.625 85.875 2.4671
23.625 86.125 -2.224
23.625 86.375 0.6513
23.625 86.625 1.4713
23.625 86.875 -0.17396
23.625 87.125 0.34835
23.625 87.375 -1.1993
23.625 87.625 0.039999
23.625 87.875 -1.0491
23.625 88.125 -0.74862
23.625 88.375 -0.59942
23.625 91.375 -0.55521
23.625 91.625 -0.14079
23.625 91.875 0.19134
23.625 92.375 -0.2777
23.625 92.625 -0.22163
23.625 92.875 -0.75768
23.625 93.125 -1.8325
23.875 68.875 -0.58298
23.875 69.125 -0.5628
23.875 69.375 -0.42371
23.875 69.625 -0.35492
23.875 69.875 -0.049395
23.875 70.125 -0.067548
23.875 70.375 0.025686
23.875 70.625 0.097257
23.875 70.875 0.39553
23.875 71.125 0.034125
23.875 71.375 0.69909
23.875 71.625 0.76614
23.875 71.875 -0.16771
23.875 72.125 -0.40166
23.875 72.375 -0.32743
23.875 72.625 -0.53369
23.875 72.875 -0.6191
23.875 73.125 -0.57222
23.875 73.375 -0.16274
23.875 73.625 -0.076949
23.875 73.875 0.11055
23.875 74.125 -0.22705
23.875 74.375 -0.024742
23.875 74.625 -0.16426
23.875 74.875 0.011576
23.875 75.125 -0.19154
23.875 75.375 0.26627
23.875 75.625 -0.15185
23.875 75.875 0.64176
23.875 76.125 1.4615
23.875 76.375 1.0888
23.875 76.625 0.028074
23.875 76.875 0.30582
23.875 77.125 0.5115
23.875 77.375 -0.23796
23.875 77.625 -0.2088
23.875 77.875 0.012889
23.875 78.125 0.071818
23.875 78.375 0.10175
23.875 78.625 0.12955
23.875 78.875 0.51312
23.875 79.125 0.8107
23.875 79.375 1.3421
23.875 79.625 0.49248
23.875 79.875 0.58974
23.875 80.125 0.91815
23.875 80.375 0.28759
23.875 80.625 0.96439
23.875 80.875 0.9955
23.875 81.125 0.3584
23.875 81.375 0.90419
23.875 81.625 1.4102
23.875 81.875 1.3752
23.875 82.125 0.5189
23.875 82.375 1.2492
23.875 82.625 1.1166
23.875 82.875 0.98897
23.875 83.125 0.19057
23.875 83.375 -0.1152
23.875 83.625 0.46552
23.875 83.875 0.46209
23.875 84.125 0.20106
23.875 84.375 -0.1599
23.875 84.625 -0.7297
23.875 84.875 -0.51152
23.875 85.125 -1.3684
23.875 85.375 -0.47178
23.875 85.625 0.26635
23.875 85.875 -0.47038
23.875 86.125 -0.40834
23.875 86.375 1.2546
23.875 86.625 0.42078
23.875 86.875 -0.14194
23.875 87.125 0.36359
23.875 87.375 -0.46104
23.875 87.625 -0.49184
23.875 87.875 -0.58551
23.875 88.125 -0.76508
23.875 88.375 -0.84725
23.875 91.375 0.1724
23.875 91.625 0.10439
23.875 91.875 0.52844
23.875 92.125 0.47075
23.875 92.375 0.014727
23.875 92.625 -0.25052
23.875 92.875 -1.5527
23.875 93.125 -2.2924
23.875 93.375 -2.1351
24.125 68.875 -0.37508
24.125 69.125 -0.56346
24.125 69.375 -0.30409
24.125 69.625 -0.11974
24.125 69.875 -0.067837
24.125 70.125 0.022505
24.125 70.375 0.035114
24.125 70.625 -0.21219
24.125 70.875 -0.29247
24.125 71.125 -0.32154
24.125 71.375 -0.44092
24.125 71.625 -0.4967
24.125 71.875 -0.47664
24.125 72.125 -0.2701
24.125 72.375 -0.3379
24.125 72.625 -0.069847
24.125 72.875 -0.35471
24.125 73.125 -0.54706
24.125 73.375 -0.58622
24.125 73.625 0.19665
24.125 73.875 0.016618
24.125 74.125 -0.14798
24.125 74.375 -0.027228
24.125 74.625 0.31728
24.125 74.875 -0.031313
24.125 75.125 -0.67873
24.125 75.375 0.15856
24.125 75.625 0.12961
24.125 75.875 0.13362
24.125 76.125 -0.040463
24.125 76.375 0.57526
24.125 76.625 0.69894
24.125 76.875 0.72761
24.125 77.125 0.10872
24.125 77.375 -0.12194
24.125 77.625 -0.31001
24.125 77.875 0.094657
24.125 78.125 0.6799
24.125 78.375 0.84905
24.125 78.625 0.14699
24.125 78.875 0.062883
24.125 79.125 0.31308
24.125 79.375 0.93791
24.125 79.625 0.091795
24.125 79.875 1.0899
24.125 80.125 1.0555
24.125 80.375 0.40701
24.125 80.625 1.4287
24.125 80.875 1.6276
24.125 81.125 0.058089
24.125 81.375 0.68067
24.125 81.625 1.0218
24.125 81.875 0.80783
24.125 82.125 1.1144
24.125 82.375 1.0698
24.125 82.625 0.63815
24.125 82.875 0.21137
24.125 83.125 0.11106
24.125 83.375 -1.1046
24.125 83.625 -1.1348
24.125 83.875 -0.099923
24.125 84.125 0.25779
24.125 84.375 0.014323
24.125 84.625 -0.52803
24.125 84.875 -1.1151
24.125 85.125 -1.5077
24.125 85.375 -0.79078
24.125 85.625 -1.0771
24.125 85.875 -0.37704
24.125 86.125 -0.0017986
24.125 86.375 -0.48456
24.125 86.625 -0.0078019
24.125 86.875 -0.24271
24.125 87.125 -0.46825
24.125 87.375 -0.0165
24.125 87.625 -0.35455
24.125 87.875 -0.41359
24.125 88.125 -0.67049
24.125 88.375 -0.70728
24.125 91.875 0.84044
24.125 92.125 0.64903
24.125 92.375 0.61303
24.125 92.625 -0.023609
24.125 92.875 -1.2428
24.125 93.125 -2.3248
24.125 93.375 -1.3648
24.125 93.625 -1.0693
24.125 93.875 -1.1082
24.125 94.125 -0.94702
24.375 71.375 -0.66515
24.375 71.625 -0.5363
24.375 71.875 -0.63581
24.375 72.125 -0.46792
24.375 72.375 -0.64558
24.375 72.625 -0.19823
24.375 72.875 -0.5495
24.375 73.125 -0.62653
24.375 73.375 -0.71849
24.375 73.625 -0.78996
24.375 73.875 -0.55473
24.375 74.125 -0.61356
24.375 74.375 -0.074749
24.375 74.625 -0.26965
24.375 74.875 -0.55825
24.375 75.125 -0.54919
24.375 75.375 -0.033106
24.375 75.625 0.20255
24.375 75.875 0.77669
24.375 76.125 -0.93653
24.375 76.375 -0.10544
24.375 76.625 0.56646
24.375 76.875 0.82485
24.375 77.125 0.20632
24.375 77.375 0.072244
24.375 77.625 0.062815
24.375 77.875 0.53164
24.375 78.125 1.3314
24.375 78.375 1.073
24.375 78.625 -0.0535
24.375 78.875 0.49451
24.375 79.125 0.42425
24.375 79.375 0.38954
24.375 79.625 0.76683
24.375 79.875 0.97239
24.375 80.125 0.91785
24.375 80.375 1.9977
24.375 80.625 2.3211
24.375 80.875 1.0235
24.375 81.125 0.59202
24.375 81.375 0.50587
24.375 81.625 1.2281
24.375 81.875 1.9702
24.375 82.125 0.92762
24.375 82.375 0.89797
24.375 82.625 0.8645
24.375 82.875 0.84823
24.375 83.125 0.3846
24.375 83.375 -0.039677
24.375 83.625 -0.65659
24.375 83.875 -0.044741
24.375 84.125 0.33153
24.375 84.375 0.94242
24.375 84.625 -0.015635
24.375 84.875 -0.29578
24.375 85.125 -0.14283
24.375 85.375 -0.35954
24.375 85.625 -0.65903
24.375 85.875 -0.97994
24.375 86.125 -1.0492
24.375 86.375 -1.1535
24.375 86.625 -0.045969
24.375 86.875 -0.34435
24.375 87.125 -0.77963
24.375 87.375 -1.2289
24.375 87.625 -0.75732
24.375 87.875 -0.94384
24.375 88.125 -0.75581
24.375 92.375 0.13133
24.375 92.625 -0.46869
24.375 92.875 -1.525
24.375 93.125 -2.3293
24.375 93.375 -1.5443
24.375 93.625 -1.3555
24.375 93.875 -1.0582
24.375 94.125 -0.46847
24.625 71.125 -0.93397
24.625 71.375 -0.77215
24.625 71.625 -0.7288
24.625 71.875 -0.96834
24.625 72.125 -1.0263
24.625 72.375 -0.79494
24.625 72.625 -0.64514
24.625 72.875 -0.58327
24.625 73.125 -0.62054
24.625 73.375 -0.41579
24.625 73.625 -0.7672
24.625 73.875 -0.78982
24.625 74.125 -0.64347
24.625 74.375 -0.31709
24.625 74.625 -0.18919
24.625 74.875 -0.59548
24.625 75.125 -0.83679
24.625 75.375 -0.42854
24.625 75.625 -0.1695
24.625 75.875 -0.14298
24.625 76.125 -0.3819
24.625 76.375 0.0076421
24.625 76.625 0.011079
24.625 76.875 0.47613
24.625 77.125 0.36769
24.625 77.375 0.16247
24.625 77.625 -0.13191
24.625 77.875 0.66818
24.625 78.125 1.4916
24.625 78.375 0.9446
24.625 78.625 0.39006
24.625 78.875 0.58511
24.625 79.125 0.56184
24.625 79.375 0.734
24.625 79.625 1.1024
24.625 79.875 1.4286
24.625 80.125 1.3851
24.625 80.375 2.5325
24.625 80.625 3.1384
24.625 80.875 -0.56445
24.625 81.125 -0.39659
24.625 81.375 2.2905
24.625 81.625 2.1566
24.625 81.875 2.153
24.625 82.125 -0.21783
24.625 82.375 0.42998
24.625 82.625 1.2696
24.625 82.875 1.1226
24.625 83.125 0.23343
24.625 83.375 -0.25323
24.625 83.625 0.27611
24.625 83.875 -0.62011
24.625 84.125 1.1151
24.625 84.375 0.96305
24.625 84.625 -0.97016
24.625 84.875 -0.40621
24.625 85.125 -0.59662
24.625 85.375 -0.23017
24.625 85.625 -1.9923
24.625 85.875 -0.76508
24.625 86.125 -1.0769
24.625 86.375 -0.50593
24.625 86.625 0.69865
24.625 86.875 -0.16573
24.625 87.125 -1.621
24.625 87.375 -1.747
24.625 87.625 -1.1197
24.625 87.875 -0.83431
24.625 92.375 -0.42326
24.625 92.625 -0.92007
24.625 92.875 -1.7101
24.625 93.125 -1.2217
24.625 93.375 -0.72221
24.625 93.625 -1.4709
24.625 93.875 -0.73094
24.625 94.125 -0.25528
24.625 94.375 -0.17766
24.875 71.125 -0.71549
24.875 71.375 -0.96666
24.875 71.625 -1.0649
24.875 71.875 -1.2907
24.875 72.125 -1.0404
24.875 72.375 -1.029
24.875 72.625 -1.0291
24.875 72.875 -1.1366
24.875 73.125 -1.4722
24.875 73.375 -1.0118
24.875 73.625 -0.86577
24.875 73.875 -0.38857
24.875 74.125 -0.3836
24.875 74.375 -0.44074
24.875 74.625 -0.15975
24.875 74.875 -0.67712
24.875 75.125 -0.98569
24.875 75.375 -0.98511
24.875 75.625 -0.63654
24.875 75.875 -0.24737
24.875 76.125 -0.47281
24.875 76.375 -0.079108
24.875 76.625 0.34132
24.875 76.875 0.77777
24.875 77.125 0.8461
24.875 77.375 0.98202
24.875 77.625 0.20292
24.875 77.875 0.55588
24.875 78.125 1.5013
24.875 78.375 0.50232
24.875 78.625 0.16806
24.875 78.875 2.3137
24.875 79.125 1.4147
24.875 79.375 1.5822
24.875 79.625 1.516
24.875 79.875 2.1743
24.875 80.125 1.7536
24.875 80.375 2.2824
24.875 80.625 2.4566
24.875 80.875 0.3712
24.875 81.125 0.21751
24.875 81.375 0.087972
24.875 81.625 1.849
24.875 81.875 1.0376
24.875 82.125 -0.11482
24.875 82.375 -0.37732
24.875 82.625 1.5144
24.875 82.875 -0.57471
24.875 83.125 -0.69128
24.875 83.375 -0.69209
24.875 83.625 0.032455
24.875 83.875 -0.61054
24.875 84.125 -0.38035
24.875 84.375 -1.1464
24.875 84.625 -1.5276
24.875 84.875 -0.89202
24.875 85.125 -0.41897
24.875 85.375 -0.66844
24.875 85.625 -0.081308
24.875 85.875 -0.30527
24.875 86.125 -0.98127
24.875 86.375 -0.12054
24.875 86.625 0.081525
24.875 86.875 -1.0384
24.875 87.125 -1.6583
24.875 87.375 -1.4543
24.875 87.625 -0.49558
24.875 87.875 -0.56108
24.875 88.125 -0.24776
24.875 92.625 -0.33407
24.875 92.875 -0.5638
24.875 93.125 0.33867
24.875 93.375 -1.4326
24.875 93.625 -0.66364
24.875 93.875 -0.039893
24.875 94.125 -0.42173
24.875 94.375 -0.19354
25.125 71.125 -0.68574
25.125 71.375 -0.97284
25.125 71.625 -1.2004
25.125 71.875 -1.5099
25.125 72.125 -1.1225
25.125 72.375 -0.59026
25.125 72.625 -0.83348
25.125 72.875 -1.1588
25.125 73.125 -1.1557
25.125 73.375 -0.96645
25.125 73.625 -0.50214
25.125 73.875 -0.95928
25.125 74.125 -0.72299
25.125 74.375 -0.69448
25.125 74.625 -0.41826
25.125 74.875 -0.41459
25.125 75.125 -0.72193
25.125 75.375 0.12301
25.125 75.625 -0.061087
25.125 75.875 -0.71738
25.125 76.125 -0.67184
25.125 76.375 -0.29499
25.125 76.625 0.54874
25.125 76.875 0.77767
25.125 77.125 0.73784
25.125 77.375 0.62791
25.125 77.625 1.2514
25.125 77.875 1.3054
25.125 78.125 1.5944
25.125 78.375 0.85806
25.125 78.625 0.44613
25.125 78.875 0.53104
25.125 79.125 1.4401
25.125 79.375 1.7808
25.125 79.625 1.2204
25.125 79.875 2.6755
25.125 80.125 1.9897
25.125 80.375 2.3808
25.125 80.625 2.6988
25.125 80.875 1.3545
25.125 81.125 -0.60506
25.125 81.375 0.41602
25.125 81.625 -0.46623
25.125 81.875 0.33195
25.125 82.125 0.32457
25.125 82.375 1.4291
25.125 82.625 1.2243
25.125 82.875 -0.094292
25.125 83.125 -0.9093
25.125 83.375 -0.71304
25.125 83.625 0.43422
25.125 83.875 -0.022685
25.125 84.125 0.098132
25.125 84.375 -0.7286
25.125 84.625 -1.2712
25.125 84.875 -1.0048
25.125 85.125 -0.19379
25.125 85.375 -0.88567
25.125 85.625 0.81504
25.125 85.875 0.48388
25.125 86.125 -0.4339
25.125 86.375 0.10496
25.125 86.625 0.24314
25.125 86.875 -0.94338
25.125 87.125 -0.7814
25.125 87.375 -1.0254
25.125 87.625 -0.67336
25.125 87.875 -0.42714
25.125 88.125 -0.16119
25.125 88.375 -0.25656
25.125 92.375 -0.70334
25.125 92.625 -0.36432
25.125 92.875 -0.010574
25.125 93.125 0.39949
25.125 93.375 -1.0271
25.125 93.625 -0.82929
25.125 93.875 -0.40261
25.125 94.125 -0.34385
25.125 94.375 -0.27914
25.375 70.875 -0.47868
25.375 71.125 -0.71535
25.375 71.375 -0.855
25.375 71.625 -1.1057
25.375 71.875 -1.4505
25.375 72.125 -0.73091
25.375 72.375 -0.57479
25.375 72.625 -0.80696
25.375 72.875 -0.91022
25.375 73.125 -0.97526
25.375 73.375 -0.74171
25.375 73.625 -0.23469
25.375 73.875 -0.77384
25.375 74.125 -0.71489
25.375 74.375 -0.76033
25.375 74.625 -0.55927
25.375 74.875 -0.50134
25.375 75.125 -0.34211
25.375 75.375 0.12947
25.375 75.625 0.62144
25.375 75.875 -0.017462
25.375 76.125 0.13289
25.375 76.375 0.44722
25.375 76.625 0.34765
25.375 76.875 0.55465
25.375 77.125 1.5592
25.375 77.375 1.5036
25.375 77.625 1.3993
25.375 77.875 1.7596
25.375 78.125 1.3167
25.375 78.375 1.3171
25.375 78.625 -0.32188
25.375 78.875 -0.79545
25.375 79.125 1.5497
25.375 79.375 3.3553
25.375 79.625 1.8014
25.375 79.875 2.7982
25.375 80.125 2.8002
25.375 80.375 3.4749
25.375 80.625 2.7675
25.375 80.875 -0.93027
25.375 81.125 -0.7444
25.375 81.375 1.2887
25.375 81.625 1.3303
25.375 81.875 -0.73632
25.375 82.125 -1.1586
25.375 82.375 -1.5243
25.375 82.625 -1.1784
25.375 82.875 -0.69014
25.375 83.125 -0.69251
25.375 83.375 1.2191
25.375 83.625 0.49012
25.375 83.875 0.62676
25.375 84.125 0.36621
25.375 84.375 -0.38447
25.375 84.625 -0.57276
25.375 84.875 -0.026803
25.375 85.125 -0.63621
25.375 85.375 -1.2691
25.375 85.625 -0.39643
25.375 85.875 1.5748
25.375 86.125 1.3786
25.375 86.375 0.64001
25.375 86.625 -0.14544
25.375 86.875 -0.32538
25.375 87.125 -0.86597
25.375 87.375 -0.90286
25.375 87.625 -0.11692
25.375 87.875 -0.41226
25.375 88.125 -0.23032
25.375 88.375 -0.42673
25.375 88.625 -0.65821
25.375 90.125 -0.64568
25.375 90.375 -0.74257
25.375 90.625 -0.38082
25.375 90.875 -0.5593
25.375 91.125 -0.26616
25.375 91.375 0.14338
25.375 91.625 -0.54705
25.375 91.875 -0.55878
25.375 92.125 -0.50776
25.375 92.375 -0.02404
25.375 92.625 -0.66808
25.375 92.875 0.092183
25.375 93.125 -0.43226
25.375 93.375 -0.70994
25.375 93.625 -0.024986
25.375 93.875 -0.38048
25.375 94.125 -0.16943
25.375 94.375 0.44343
25.625 70.875 -0.65773
25.625 71.125 -0.82075
25.625 71.375 -0.8586
25.625 71.625 -0.9924
25.625 71.875 -0.78709
25.625 72.125 -0.52326
25.625 72.375 -0.54151
25.625 72.625 -0.84484
25.625 72.875 -0.83278
25.625 73.125 -0.85207
25.625 73.375 -0.83917
25.625 73.625 -0.65022
25.625 73.875 -0.25158
25.625 74.125 0.055507
25.625 74.375 -0.56855
25.625 74.625 -0.44845
25.625 74.875 0.50618
25.625 75.125 -0.16705
25.625 75.375 -0.033664
25.625 75.625 0.83649
25.625 75.875 0.3647
25.625 76.125 0.43069
25.625 76.375 0.45458
25.625 76.625 0.23842
25.625 76.875 0.93725
25.625 77.125 2.3838
25.625 77.375 1.9465
25.625 77.625 1.0065
25.625 77.875 0.67081
25.625 78.125 1.0989
25.625 78.375 0.70558
25.625 78.625 0.29146
25.625 78.875 -0.27039
25.625 79.125 2.8472
25.625 79.375 3.4053
25.625 79.625 1.9075
25.625 79.875 1.5079
25.625 80.125 2.6656
25.625 80.375 2.7826
25.625 80.625 -0.33902
25.625 80.875 -0.95988
25.625 81.125 1.1694
25.625 81.375 1.3746
25.625 81.625 -0.23751
25.625 81.875 -0.28188
25.625 82.125 -1.0981
25.625 82.375 -0.11602
25.625 82.625 -1.0988
25.625 82.875 -0.78789
25.625 83.125 -0.32813
25.625 83.375 1.2649
25.625 83.625 0.93722
25.625 83.875 -0.13474
25.625 84.125 -1.0948
25.625 84.375 -1.0195
25.625 84.625 0.0088429
25.625 84.875 -0.25908
25.625 85.125 -1.0368
25.625 85.375 -0.90338
25.625 85.625 -0.53899
25.625 85.875 -0.57884
25.625 86.125 -0.61956
25.625 86.375 -0.62465
25.625 86.625 -0.51152
25.625 86.875 -0.32
25.625 87.125 -0.57609
25.625 87.375 -1.0499
25.625 87.625 -0.84443
25.625 87.875 -0.80452
25.625 88.125 -0.84246
25.625 90.125 -0.088544
25.625 90.375 -0.61632
25.625 90.625 -0.85909
25.625 90.875 0.25585
25.625 91.125 1.7478
25.625 91.375 0.78193
25.625 91.625 0.099178
25.625 91.875 -0.43787
25.625 92.125 -0.24198
25.625 92.375 -0.11939
25.625 92.625 -1.1597
25.625 92.875 -0.25044
25.625 93.125 -0.54698
25.625 93.375 -0.30034
25.625 93.625 -0.27883
25.625 93.875 0.86888
25.625 94.125 1.5642
25.625 94.375 1.7061
25.625 94.625 2.0764
25.625 94.875 2.1523
25.875 70.375 -0.39757
25.875 70.625 -0.50264
25.875 70.875 -0.7075
25.875 71.125 -0.63567
25.875 71.375 -0.91228
25.875 71.625 -0.92579
25.875 71.875 -0.54362
25.875 72.125 -0.34203
25.875 72.375 -0.52587
25.875 72.625 -1.0208
25.875 72.875 -0.8686
25.875 73.125 -0.78061
25.875 73.375 -0.70764
25.875 73.625 -0.63039
25.875 73.875 -0.5323
25.875 74.125 -0.29874
25.875 74.375 -0.31873
25.875 74.625 0.23746
25.875 74.875 0.045997
25.875 75.125 -0.56686
25.875 75.375 -0.74352
25.875 75.625 -0.11693
25.875 75.875 0.089907
25.875 76.125 -0.088707
25.875 76.375 1.0626
25.875 76.625 0.4964
25.875 76.875 0.50153
25.875 77.125 1.2475
25.875 77.375 1.3733
25.875 77.625 1.2913
25.875 77.875 0.11866
25.875 78.125 1.4712
25.875 78.375 1.5558
25.875 78.625 1.3433
25.875 78.875 0.58799
25.875 79.125 0.97506
25.875 79.375 0.57089
25.875 79.625 0.34
25.875 79.875 1.3176
25.875 80.125 0.86925
25.875 80.375 0.6512
25.875 80.625 -0.65194
25.875 80.875 -1.0589
25.875 81.125 -0.83946
25.875 81.375 1.4126
25.875 81.625 -0.086813
25.875 81.875 0.37064
25.875 82.125 -1.0429
25.875 82.375 -0.33259
25.875 82.625 -0.38012
25.875 82.875 0.69691
25.875 83.125 -0.85171
25.875 83.375 -0.90674
25.875 83.625 0.27903
25.875 83.875 -0.87248
25.875 84.125 0.62498
25.875 84.375 -1.2758
25.875 84.625 -0.3917
25.875 84.875 -1.3521
25.875 85.125 -0.63085
25.875 85.375 -0.92193
25.875 85.625 -0.54086
25.875 85.875 -0.56535
25.875 86.125 -0.66617
25.875 86.375 -0.60225
25.875 86.625 0.16663
25.875 86.875 0.025503
25.875 87.125 -0.89717
25.875 87.375 -1.2258
25.875 87.625 -1.7543
25.875 87.875 -1.2353
25.875 90.125 -0.66531
25.875 90.375 -0.96689
25.875 90.625 -0.80386
25.875 90.875 -0.29052
25.875 91.125 0.60987
25.875 91.375 0.37173
25.875 91.625 -0.69976
25.875 91.875 -0.72491
25.875 92.125 -0.19424
25.875 92.375 -0.25793
25.875 92.625 -0.68758
25.875 92.875 -0.52644
25.875 93.125 -1.5014
25.875 93.375 -1.419
25.875 93.625 -0.4386
25.875 93.875 2.2963
25.875 94.125 2.6138
25.875 94.375 2.1899
25.875 94.625 2.0587
25.875 94.875 1.8722
26.125 70.375 -0.51511
26.125 70.625 -0.84395
26.125 70.875 -0.99054
26.125 71.125 -1.0232
26.125 71.375 -1.0046
26.125 71.625 -0.73038
26.125 71.875 -0.50769
26.125 72.125 -0.32321
26.125 72.375 -0.64685
26.125 72.625 -0.82919
26.125 72.875 -0.7935
26.125 73.125 -0.87356
26.125 73.375 -0.85011
26.125 73.625 -0.23374
26.125 73.875 -0.27341
26.125 74.125 -0.5997
26.125 74.375 -0.40778
26.125 74.625 -0.62205
26.125 74.875 -0.11612
26.125 75.125 0.11505
26.125 75.375 -0.39916
26.125 75.625 -0.38902
26.125 75.875 -0.42189
26.125 76.125 -0.47243
26.125 76.375 0.49372
26.125 76.625 0.70933
26.125 76.875 0.14716
26.125 77.125 1.3288
26.125 77.375 0.71768
26.125 77.625 0.82611
26.125 77.875 0.28675
26.125 78.125 0.97366
26.125 78.375 2.5755
26.125 78.625 1.8664
26.125 78.875 1.8045
26.125 79.125 1.552
26.125 79.375 1.2686
26.125 79.625 -0.36927
26.125 79.875 -0.025644
26.125 80.125 1.39
26.125 80.375 0.60357
26.125 80.625 -1.2339
26.125 80.875 1.9845
26.125 81.125 0.61496
26.125 81.375 -1.0601
26.125 81.625 0.82084
26.125 81.875 0.60674
26.125 82.125 -0.56819
26.125 82.375 -0.69572
26.125 82.625 -0.065818
26.125 82.875 0.26977
26.125 83.125 -0.94021
26.125 83.375 -1.4968
26.125 83.625 -1.6265
26.125 83.875 -0.097138
26.125 84.125 0.6629
26.125 84.375 -0.84855
26.125 84.625 -0.55133
26.125 84.875 -1.3777
26.125 85.125 0.34451
26.125 85.375 -1.337
26.125 85.625 -0.38442
26.125 85.875 1.972
26.125 86.125 -0.5545
26.125 86.375 -0.75004
26.125 86.625 -0.25914
26.125 86.875 -0.26104
26.125 87.125 -0.60708
26.125 87.375 -1.058
26.125 87.625 -0.71015
26.125 87.875 -0.5559
26.125 88.125 -0.56807
26.125 89.375 -1.0929
26.125 89.875 -0.70705
26.125 90.125 -0.64956
26.125 90.375 -0.77429
26.125 90.625 -1.1814
26.125 90.875 -0.73726
26.125 91.125 -0.43595
26.125 91.375 -0.077315
26.125 91.625 -1.1161
26.125 91.875 -0.95015
26.125 92.125 -0.24387
26.125 92.375 0.19514
26.125 92.625 0.21841
26.125 92.875 -0.7058
26.125 93.125 -1.204
26.125 93.375 -0.19666
26.125 93.625 0.095214
26.125 93.875 2.9567
26.125 94.125 2.7512
26.125 94.375 2.035
26.125 94.625 1.4176
26.125 94.875 1.1523
26.375 70.375 -0.87419
26.375 70.625 -1.0326
26.375 70.875 -1.0826
26.375 71.125 -1.1238
26.375 71.375 -1.0907
26.375 71.625 -0.70109
26.375 71.875 -0.4966
26.375 72.125 -0.38376
26.375 72.375 -0.68368
26.375 72.625 -1.164
26.375 72.875 -0.81783
26.375 73.125 -1.0405
26.375 73.375 -0.98704
26.375 73.625 -0.38263
26.375 73.875 -0.23856
26.375 74.125 -0.47168
26.375 74.375 0.35522
26.375 74.625 -1.2167
26.375 74.875 -0.62912
26.375 75.125 -0.24425
26.375 75.375 -0.066503
26.375 75.625 -0.32373
26.375 75.875 -0.13874
26.375 76.125 0.021028
26.375 76.375 0.12509
26.375 76.625 0.49441
26.375 76.875 0.26735
26.375 77.125 0.53042
26.375 77.375 1.4678
26.375 77.625 0.85719
26.375 77.875 -0.35378
26.375 78.125 0.613
26.375 78.375 0.36691
26.375 78.625 1.4711
26.375 78.875 1.7215
26.375 79.125 1.6261
26.375 79.375 -0.69649
26.375 79.625 -0.87654
26.375 79.875 1.9986
26.375 80.125 2.5791
26.375 80.375 0.28427
26.375 80.625 -0.090654
26.375 80.875 0.56572
26.375 81.125 -0.51641
26.375 81.375 -1.5599
26.375 81.625 -1.4104
26.375 81.875 -0.90974
26.375 82.125 -0.60795
26.375 82.375 0.01651
26.375 82.625 -0.68028
26.375 82.875 0.056452
26.375 83.125 -0.40558
26.375 83.375 -0.69312
26.375 83.625 -0.58069
26.375 83.875 -0.33919
26.375 84.125 -0.10871
26.375 84.375 -0.55901
26.375 84.625 -1.0154
26.375 84.875 -1.3685
26.375 85.125 -0.84069
26.375 85.375 -1.1361
26.375 85.625 -0.78155
26.375 85.875 -0.4958
26.375 86.125 -0.76756
26.375 86.375 -1.6046
26.375 86.625 -1.5803
26.375 86.875 -0.5532
26.375 87.125 -0.87308
26.375 87.625 -1.2791
26.375 87.875 -1.2363
26.375 88.125 -0.786
26.375 88.375 -0.59822
26.375 88.875 -0.2339
26.375 89.375 -0.82705
26.375 89.625 -0.95155
26.375 89.875 -1.0186
26.375 90.125 -0.72356
26.375 90.375 -0.71363
26.375 90.625 -1.086
26.375 90.875 -1.054
26.375 91.125 -1.6805
26.375 91.375 -0.8142
26.375 91.625 -1.2195
26.375 91.875 -1.2017
26.375 92.125 -0.48655
26.375 92.375 0.38199
26.375 92.625 0.2528
26.375 92.875 -0.25013
26.375 93.125 -0.68945
26.375 93.375 -0.83786
26.375 93.625 -0.20976
26.375 93.875 2.1522
26.375 94.125 2.3301
26.375 94.375 1.0076
26.375 94.625 0.62511
26.375 94.875 0.07725
26.625 69.875 -0.7701
26.625 70.125 -0.74473
26.625 70.375 -0.76491
26.625 70.625 -0.85419
26.625 70.875 -0.93893
26.625 71.125 -1.0271
26.625 71.375 -0.7281
26.625 71.625 -0.67964
26.625 71.875 -0.63476
26.625 72.125 -0.49582
26.625 72.375 -0.96818
26.625 72.625 -1.1531
26.625 72.875 -1.0845
26.625 73.125 -0.76599
26.625 73.375 -0.94418
26.625 73.625 -0.45987
26.625 73.875 -0.28316
26.625 74.125 -0.40027
26.625 74.375 -0.034255
26.625 74.625 -0.47457
26.625 74.875 -0.20858
26.625 75.125 -0.45952
26.625 75.375 0.15572
26.625 75.625 0.059477
26.625 75.875 -0.26655
26.625 76.125 0.45931
26.625 76.375 0.34989
26.625 76.625 -0.082381
26.625 76.875 0.21303
26.625 77.125 1.2937
26.625 77.375 1.7139
26.625 77.625 1.0705
26.625 77.875 -0.68264
26.625 78.125 0.39814
26.625 78.375 1.5873
26.625 78.625 1.9764
26.625 78.875 0.95562
26.625 79.125 -0.44337
26.625 79.375 0.89166
26.625 79.625 2.0925
26.625 79.875 0.79949
26.625 80.125 -0.51243
26.625 80.375 1.4016
26.625 80.625 0.27394
26.625 80.875 0.47019
26.625 81.125 0.82826
26.625 81.375 -0.32545
26.625 81.625 -0.70321
26.625 81.875 0.98772
26.625 82.125 -0.011097
26.625 82.375 1.1985
26.625 82.625 -1.636
26.625 82.875 -0.17117
26.625 83.125 -0.13152
26.625 83.375 -0.88905
26.625 83.625 -0.88094
26.625 83.875 -0.92653
26.625 84.125 0.61684
26.625 84.375 -0.58028
26.625 84.625 -1.0479
26.625 84.875 -1.4175
26.625 85.125 -0.90375
26.625 85.375 -1.2719
26.625 85.625 -1.0316
26.625 86.125 -1.3076
26.625 88.375 -1.5725
26.625 88.625 -0.023231
26.625 88.875 -0.46718
26.625 89.125 -0.75629
26.625 89.375 -1.0721
26.625 89.625 -1.037
26.625 89.875 -1.3308
26.625 90.125 -1.4401
26.625 90.375 -1.5955
26.625 90.625 -1.6447
26.625 90.875 -1.4078
26.625 91.125 -1.2942
26.625 91.375 -0.68149
26.625 91.625 -1.0456
26.625 91.875 -1.5473
26.625 92.125 -0.32343
26.625 92.375 -0.27787
26.625 92.625 -0.72243
26.625 92.875 -0.50078
26.625 93.125 -0.56935
26.625 93.375 -0.94381
26.625 93.625 -0.1672
26.625 93.875 -0.24854
26.625 94.125 -0.90755
26.625 94.375 -0.49963
26.625 94.625 -0.19127
26.625 94.875 0.23486
26.625 95.125 0.49304
26.875 69.625 -0.73783
26.875 69.875 -0.76605
26.875 70.125 -0.74659
26.875 70.375 -0.75356
26.875 70.625 -0.80294
26.875 70.875 -0.9054
26.875 71.125 -0.95771
26.875 71.375 -0.80688
26.875 71.625 -0.53145
26.875 71.875 -0.54082
26.875 72.125 -0.10648
26.875 72.375 -0.34689
26.875 72.625 -0.6303
26.875 72.875 -0.16349
26.875 73.125 0.1531
26.875 73.375 -0.13647
26.875 73.625 0.020182
26.875 73.875 0.030597
26.875 74.125 -0.27105
26.875 74.375 0.12835
26.875 74.625 0.17981
26.875 74.875 0.40258
26.875 75.125 -0.060675
26.875 75.375 0.007854
26.875 75.625 -0.55293
26.875 75.875 -0.13323
26.875 76.125 0.68929
26.875 76.375 0.5376
26.875 76.625 0.091318
26.875 76.875 0.44754
26.875 77.125 0.9413
26.875 77.375 0.3481
26.875 77.625 0.46384
26.875 77.875 0.29352
26.875 78.125 0.19276
26.875 78.375 0.78519
26.875 78.625 1.0595
26.875 78.875 1.1838
26.875 79.125 2.1988
26.875 79.375 2.5637
26.875 79.625 2.093
26.875 79.875 2.1209
26.875 80.125 -0.12447
26.875 80.375 0.75168
26.875 80.625 1.2761
26.875 80.875 0.50567
26.875 81.125 0.60022
26.875 81.375 0.49181
26.875 81.625 -0.76508
26.875 81.875 0.34289
26.875 82.125 0.65122
26.875 82.375 -1.3286
26.875 82.625 -1.0744
26.875 82.875 -0.097688
26.875 83.125 -0.46013
26.875 83.375 -1.3299
26.875 83.625 -1.1127
26.875 83.875 -0.89242
26.875 84.125 0.47135
26.875 84.375 -0.4588
26.875 84.625 -0.61467
26.875 84.875 -1.2093
26.875 88.375 -0.4745
26.875 88.625 -1.1091
26.875 88.875 -0.74141
26.875 92.375 -0.88777
26.875 92.625 -0.41876
26.875 92.875 -0.45894
26.875 93.125 -0.49567
26.875 93.375 -1.0635
26.875 93.625 -1.5724
26.875 93.875 -1.6344
26.875 94.125 -1.6731
26.875 94.375 -0.059048
26.875 94.625 -0.31091
26.875 94.875 -0.0011569
26.875 95.125 0.075133
26.875 95.375 -0.03376
26.875 95.625 -0.45605
27.125 69.875 -0.74103
27.125 70.125 -0.68647
27.125 70.375 -0.58691
27.125 70.625 -0.82573
27.125 70.875 -1.1505
27.125 71.125 -0.86724
27.125 71.375 -0.97421
27.125 71.625 -0.89368
27.125 71.875 -0.2358
27.125 72.125 -0.16267
27.125 72.375 -0.29133
27.125 72.625 -0.32354
27.125 72.875 -0.072275
27.125 73.125 0.082427
27.125 73.375 0.0009617
27.125 73.625 0.069021
27.125 73.875 0.52299
27.125 74.125 0.31315
27.125 74.375 0.017776
27.125 74.625 0.164
27.125 74.875 -0.44787
27.125 75.125 -0.19053
27.125 75.375 0.026437
27.125 75.625 0.59285
27.125 75.875 0.19134
27.125 76.125 0.082569
27.125 76.375 0.47799
27.125 76.625 0.50857
27.125 76.875 0.62753
27.125 77.125 0.67989
27.125 77.375 0.066585
27.125 77.625 0.73387
27.125 77.875 -0.16736
27.125 78.125 1.3141
27.125 78.375 0.35567
27.125 78.625 -1.1033
27.125 78.875 0.36776
27.125 79.125 1.5488
27.125 79.375 -0.0539
27.125 79.625 0.89778
27.125 79.875 2.1033
27.125 80.125 1.5106
27.125 80.375 1.4939
27.125 80.625 -0.050091
27.125 80.875 -1.1387
27.125 81.125 1.5743
27.125 81.375 1.5017
27.125 81.625 0.44693
27.125 81.875 0.35243
27.125 82.125 0.46335
27.125 82.375 -0.77265
27.125 82.625 0.17182
27.125 82.875 0.16646
27.125 83.125 -0.57356
27.125 83.375 0.22505
27.125 83.625 0.3626
27.125 83.875 -0.33175
27.125 84.125 -1.2794
27.125 84.375 -0.67024
27.125 84.625 -0.84634
27.125 88.125 0.65465
27.125 88.375 0.67456
27.125 88.625 -0.42707
27.125 92.125 -1.3886
27.125 92.375 0.1188
27.125 92.625 0.48791
27.125 92.875 -0.30105
27.125 93.125 -1.0765
27.125 93.375 -0.70159
27.125 93.625 -0.98864
27.125 93.875 0.25467
27.125 94.125 -0.066876
27.125 94.375 -0.05145
27.125 94.625 -1.152
27.125 94.875 -1.1186
27.125 95.125 0.29659
27.125 95.375 0.011356
27.125 95.625 -0.81405
27.125 95.875 -1.0208
27.375 70.125 -0.61681
27.375 70.375 -0.59521
27.375 70.625 -0.97228
27.375 70.875 -0.75971
27.375 71.125 -0.93008
27.375 71.375 -0.98024
27.375 71.625 -1.0763
27.375 71.875 -0.44121
27.375 72.125 -0.41411
27.375 72.375 -0.31483
27.375 72.625 -0.54958
27.375 72.875 -0.35936
27.375 73.125 0.023314
27.375 73.375 0.036118
27.375 73.625 0.11334
27.375 73.875 0.30447
27.375 74.125 0.15667
27.375 74.375 -0.0057595
27.375 74.625 0.15278
27.375 74.875 0.17473
27.375 75.125 -0.1344
27.375 75.375 -0.32866
27.375 75.625 0.74237
27.375 75.875 0.48805
27.375 76.125 -0.34261
27.375 76.375 0.00061121
27.375 76.625 -0.021506
27.375 76.875 0.68823
27.375 77.125 0.24909
27.375 77.375 -1.1431
27.375 77.625 -0.20128
27.375 77.875 0.40997
27.375 78.125 0.92312
27.375 78.375 -0.14571
27.375 78.625 0.24826
27.375 78.875 2.2029
27.375 79.125 2.3935
27.375 79.375 -0.49966
27.375 79.625 -0.48712
27.375 79.875 2.0895
27.375 80.125 0.35105
27.375 80.375 -0.17969
27.375 80.625 -1.181
27.375 80.875 -1.5987
27.375 81.125 0.47935
27.375 81.375 0.59571
27.375 81.625 -1.1901
27.375 81.875 -0.21227
27.375 82.125 0.35351
27.375 82.375 -0.1535
27.375 82.625 0.44423
27.375 82.875 -0.35659
27.375 83.125 -0.60025
27.375 83.625 0.30786
27.375 84.125 -0.51692
27.375 84.375 -0.58059
27.375 88.125 1.4995
27.375 88.375 -0.60623
27.375 88.625 -1.3683
27.375 92.125 -1.3012
27.375 92.375 -0.014745
27.375 92.625 -0.27345
27.375 92.875 -0.6052
27.375 93.125 -3.0985
27.375 93.375 -2.5558
27.375 93.625 -0.47373
27.375 93.875 0.064216
27.375 94.125 0.4801
27.375 94.375 -0.84123
27.375 94.625 -0.5894
27.375 94.875 -0.40807
27.375 95.125 -0.20944
27.375 95.375 -0.33556
27.375 95.625 -1.08
27.375 95.875 -1.1361
27.375 96.125 -1.9402
27.375 96.375 -1.1483
27.375 96.625 -0.90127
27.375 96.875 -1.0537
27.625 70.125 -0.60405
27.625 70.375 -0.64963
27.625 70.625 -0.70328
27.625 70.875 -0.82908
27.625 71.125 -1.0688
27.625 71.375 -0.93968
27.625 71.625 -0.88675
27.625 71.875 -0.45734
27.625 72.125 -0.27129
27.625 72.375 -0.3135
27.625 72.625 -0.5082
27.625 72.875 -0.49491
27.625 73.125 -0.48733
27.625 73.375 0.051219
27.625 73.625 0.82784
27.625 73.875 0.44146
27.625 74.125 0.41225
27.625 74.375 0.20869
27.625 74.625 0.24323
27.625 74.875 0.39614
27.625 75.125 -0.18203
27.625 75.375 0.022293
27.625 75.625 0.27598
27.625 75.875 -0.35408
27.625 76.125 -0.45958
27.625 76.375 -0.25916
27.625 76.625 0.90536
27.625 76.875 1.2478
27.625 77.125 -0.76788
27.625 77.375 -1.0053
27.625 77.625 -1.4145
27.625 77.875 -0.64795
27.625 78.125 1.2322
27.625 78.375 0.57051
27.625 78.625 -0.43055
27.625 78.875 1.6825
27.625 79.125 1.4448
27.625 79.375 -0.63329
27.625 79.625 -0.12864
27.625 79.875 2.9946
27.625 80.125 2.0952
27.625 80.375 -0.018659
27.625 80.625 -0.51071
27.625 80.875 -0.45855
27.625 81.125 0.67606
27.625 81.375 1.2253
27.625 81.625 -0.1723
27.625 81.875 -0.3289
27.625 82.125 0.032821
27.625 82.375 -0.088253
27.625 82.625 0.1637
27.625 88.375 -0.42173
27.625 88.625 -0.91264
27.625 91.625 -1.013
27.625 91.875 -1.3646
27.625 92.125 -0.91364
27.625 92.375 -0.41268
27.625 92.625 -0.26683
27.625 92.875 -1.1165
27.625 93.125 -2.3553
27.625 93.375 -2.2025
27.625 93.625 -1.6767
27.625 93.875 -2.4435
27.625 94.125 -1.6458
27.625 94.375 -0.78772
27.625 94.625 -1.268
27.625 94.875 -1.5442
27.625 95.125 -1.7679
27.625 95.375 -1.2435
27.625 95.625 -1.4793
27.625 95.875 -1.3936
27.625 96.125 -2.3923
27.625 96.375 -1.3518
27.625 96.625 -1.293
27.625 96.875 -1.2374
27.875 70.375 -0.58195
27.875 71.875 -0.68029
27.875 72.125 -0.58134
27.875 72.375 -0.61083
27.875 72.625 -0.42024
27.875 72.875 -0.55304
27.875 73.125 -0.40215
27.875 73.375 0.13887
27.875 73.625 1.0107
27.875 73.875 0.95003
27.875 74.125 0.16045
27.875 74.375 -0.063102
27.875 74.625 -0.026543
27.875 74.875 0.09283
27.875 75.125 0.13258
27.875 75.375 0.32431
27.875 75.625 0.20359
27.875 75.875 -0.76437
27.875 76.125 -0.44346
27.875 76.375 0.13903
27.875 76.625 -0.050127
27.875 76.875 0.19451
27.875 77.125 0.45519
27.875 77.375 -0.58745
27.875 77.625 -1.7352
27.875 77.875 -0.20351
27.875 78.125 1.1036
27.875 78.375 2.2452
27.875 78.625 1.2869
27.875 78.875 0.51666
27.875 79.125 -0.038539
27.875 79.375 1.1115
27.875 79.625 2.3046
27.875 79.875 3.885
27.875 80.125 3.4587
27.875 80.375 0.84026
27.875 80.625 -0.35692
27.875 80.875 -0.63925
27.875 81.125 0.63988
27.875 81.375 1.8054
27.875 81.625 1.438
27.875 88.375 0.046107
27.875 88.625 -0.16002
27.875 92.875 -1.3768
27.875 93.125 -2.1385
27.875 93.375 -2.6983
27.875 93.625 -2.1844
27.875 93.875 -3.061
27.875 94.125 -2.4571
27.875 94.375 -1.6265
27.875 94.625 -1.3723
27.875 94.875 -1.0366
27.875 95.125 -1.1562
27.875 95.375 -2.2545
27.875 95.625 -1.6909
27.875 95.875 -2.4624
27.875 96.125 -1.5116
27.875 96.375 -1.6013
27.875 96.625 -1.3608
27.875 96.875 -1.1088
27.875 97.125 -1.1818
28.125 72.125 -0.8075
28.125 72.375 -0.87105
28.125 72.625 -0.42391
28.125 72.875 0.11526
28.125 73.125 0.79992
28.125 73.375 0.73728
28.125 73.625 0.65428
28.125 73.875 0.39229
28.125 74.125 -0.044729
28.125 74.375 -0.15259
28.125 74.625 0.034664
28.125 74.875 0.16756
28.125 75.125 0.17027
28.125 75.375 0.16738
28.125 75.625 0.45287
28.125 75.875 -0.26173
28.125 76.125 0.24011
28.125 76.375 -0.20355
28.125 76.625 0.73377
28.125 76.875 1.4148
28.125 77.125 0.15496
28.125 77.375 0.080397
28.125 77.625 -0.20633
28.125 77.875 0.24783
28.125 78.125 2.9214
28.125 78.375 2.6248
28.125 78.625 0.56974
28.125 78.875 1.9593
28.125 79.125 1.5355
28.125 79.375 0.73664
28.125 79.625 1.1081
28.125 79.875 2.7947
28.125 80.125 2.1763
28.125 80.375 1.5965
28.125 80.625 1.4945
28.125 80.875 0.2352
28.125 81.125 0.09673
28.125 81.375 1.3505
28.125 92.875 -1.4787
28.125 93.125 -2.1149
28.125 93.375 -2.1021
28.125 93.625 -2.1305
28.125 93.875 -2.5866
28.125 94.125 -2.1089
28.125 94.375 -1.4628
28.125 94.625 -1.2172
28.125 94.875 -1.1756
28.125 95.125 -1.3676
28.125 95.375 -1.9253
28.125 95.625 -2.296
28.125 95.875 -2.3068
28.125 96.125 -1.4231
28.125 96.375 -1.2631
28.125 96.625 -1.2479
28.125 96.875 -1.1232
28.125 97.125 -0.7412
28.375 72.375 -1.0948
28.375 72.625 -1.0732
28.375 72.875 -0.69101
28.375 73.125 0.15647
28.375 73.375 -0.1719
28.375 73.625 -0.31052
28.375 73.875 -0.1216
28.375 74.125 -0.11908
28.375 74.375 -0.17883
28.375 74.625 -0.20553
28.375 74.875 -0.34744
28.375 75.125 -0.31893
28.375 75.375 0.16125
28.375 75.625 0.67285
28.375 75.875 0.49329
28.375 76.125 0.27199
28.375 76.375 -0.18119
28.375 76.625 0.060868
28.375 76.875 0.73106
28.375 77.125 -0.28647
28.375 77.375 -0.22599
28.375 77.625 -0.24413
28.375 77.875 -0.12441
28.375 78.125 2.7307
28.375 78.375 1.7681
28.375 78.625 0.25125
28.375 78.875 -0.61498
28.375 79.125 1.5976
28.375 79.375 0.73077
28.375 79.625 -0.65434
28.375 79.875 0.20252
28.375 80.125 0.88888
28.375 80.375 1.0731
28.375 80.625 1.2024
28.375 80.875 0.55052
28.375 81.125 0.97385
28.375 93.375 -2.1308
28.375 93.625 -1.5537
28.375 93.875 -0.9079
28.375 94.125 -0.87023
28.375 94.375 -0.74928
28.375 94.625 -0.73905
28.375 94.875 -0.98784
28.375 95.125 -1.2616
28.375 95.375 -1.4501
28.375 95.625 -1.2679
28.375 95.875 -1.1539
28.375 96.125 -1.7135
28.375 96.625 -1.2228
28.625 72.375 -0.87696
28.625 72.625 -0.83562
28.625 72.875 -0.62749
28.625 73.125 -0.28675
28.625 73.375 -0.027692
28.625 73.625 -0.13846
28.625 73.875 -0.49809
28.625 74.125 -0.58216
28.625 74.375 -0.48745
28.625 74.625 -0.45873
28.625 74.875 -0.48759
28.625 75.125 -0.37837
28.625 75.375 -0.20742
28.625 75.625 -0.080966
28.625 75.875 -0.22151
28.625 76.125 -0.26695
28.625 76.375 -0.34589
28.625 76.625 0.054208
28.625 76.875 0.082923
28.625 77.125 -0.82423
28.625 77.375 -0.45351
28.625 77.625 -0.61222
28.625 77.875 -0.83828
28.625 78.125 0.9578
28.625 78.375 1.344
28.625 78.625 -0.56661
28.625 78.875 -0.049259
28.625 79.125 1.0811
28.625 79.375 -0.0011069
28.625 79.625 0.11866
28.625 79.875 -0.205
28.625 80.125 0.85458
28.625 80.375 1.5552
28.625 80.625 1.0944
28.625 93.625 -0.29421
28.625 93.875 -0.34941
28.625 94.125 -0.32265
28.625 94.375 -1.3862
28.625 94.625 -0.2068
28.625 94.875 -0.40856
28.625 95.125 -0.80107
28.625 95.375 -0.97132
28.625 95.625 -1.5474
28.625 95.875 -1.2199
28.625 96.125 -1.7145
28.625 96.375 2.2528
28.875 72.875 -0.7116
28.875 73.125 -0.2345
28.875 73.375 0.33277
28.875 73.625 0.093032
28.875 73.875 -0.27476
28.875 74.125 -0.71408
28.875 74.375 -0.84603
28.875 74.625 -0.81917
28.875 74.875 -0.5117
28.875 75.125 -0.8038
28.875 75.375 -0.25307
28.875 75.625 -0.35224
28.875 75.875 -0.20829
28.875 76.125 -0.34241
28.875 76.375 -0.70452
28.875 76.625 -1.0859
28.875 76.875 -0.62828
28.875 77.125 0.69487
28.875 77.375 1.8325
28.875 77.625 1.6971
28.875 77.875 1.6876
28.875 78.125 1.0161
28.875 78.375 0.57022
28.875 78.625 -0.52934
28.875 78.875 -0.16515
28.875 79.125 1.1635
28.875 79.375 1.1008
28.875 79.625 0.93094
28.875 79.875 1.0073
28.875 94.125 -0.011138
28.875 94.375 -0.0077401
28.875 94.625 -0.30876
28.875 94.875 -0.060195
28.875 95.125 -0.20835
28.875 95.375 -0.8201
28.875 95.625 -1.1801
28.875 95.875 -1.2904
28.875 96.125 -1.0239
28.875 96.375 2.2828
29.125 73.125 -0.38733
29.125 73.375 0.75274
29.125 73.625 -0.17579
29.125 73.875 -0.048746
29.125 74.125 -0.36076
29.125 74.375 -0.77769
29.125 74.625 -0.6933
29.125 74.875 -0.78762
29.125 75.125 -0.68256
29.125 75.375 -0.28934
29.125 75.625 -0.2885
29.125 75.875 -0.85259
29.125 76.125 -0.84386
29.125 76.375 -1.349
29.125 76.625 -0.65536
29.125 76.875 -0.93004
29.125 77.125 0.05375
29.125 77.375 1.0184
29.125 77.625 1.9316
29.125 77.875 3.019
29.125 78.125 1.7118
29.125 78.375 1.3708
29.125 78.625 1.2629
29.125 78.875 0.2769
29.125 79.125 1.2861
29.125 79.375 1.5275
29.125 79.625 0.20436
29.125 79.875 0.78361
29.125 80.125 0.99825
29.125 94.375 0.0040462
29.125 94.625 0.0039563
29.125 94.875 0.049908
29.125 95.625 -1.2774
29.125 95.875 -0.61124
29.125 96.125 1.4258
29.375 73.375 -0.34247
29.375 73.625 -0.045727
29.375 73.875 0.11716
29.375 74.125 0.047634
29.375 74.375 -0.69806
29.375 74.625 -0.77867
29.375 74.875 -0.60133
29.375 75.125 -0.43962
29.375 75.375 -0.75565
29.375 75.625 -0.6504
29.375 75.875 -1.3678
29.375 76.125 -0.4836
29.375 76.375 -1.2703
29.375 76.625 -0.36869
29.375 76.875 -1.8272
29.375 77.125 -1.2645
29.375 77.375 1.176
29.375 77.625 1.8822
29.375 77.875 2.6207
29.375 78.125 0.50025
29.375 78.375 1.1903
29.375 78.625 -0.25592
29.375 78.875 -0.11674
29.375 79.125 1.2129
29.375 79.375 1.9227
29.375 79.625 -0.48635
29.375 79.875 0.86561
29.375 80.125 0.9497
29.375 96.125 0.82933
29.625 73.375 -0.33733
29.625 73.625 0.22237
29.625 73.875 0.28699
29.625 74.125 0.13404
29.625 74.375 -0.84778
29.625 74.625 -1.5585
29.625 74.875 -1.1221
29.625 75.125 -0.68056
29.625 75.375 -0.9463
29.625 75.625 0.59635
29.625 75.875 -0.66849
29.625 76.125 -1.0306
29.625 76.375 -0.6519
29.625 76.625 -0.47581
29.625 76.875 -0.37982
29.625 77.125 -0.83459
29.625 77.375 -0.40275
29.625 77.625 0.73811
29.625 77.875 0.72799
29.625 78.125 0.69535
29.625 78.375 -0.29508
29.625 78.625 -1.5651
29.625 78.875 -0.73262
29.625 79.125 0.59291
29.625 79.375 1.3942
29.625 79.625 0.17863
29.625 79.875 0.84034
29.625 80.125 0.96704
29.875 73.625 0.34115
29.875 73.875 -0.040633
29.875 74.125 -0.36604
29.875 74.375 -1.8498
29.875 74.625 -1.6566
29.875 74.875 -1.5077
29.875 75.125 -1.1488
29.875 75.375 -0.867
29.875 75.625 -0.54725
29.875 75.875 -0.5549
29.875 76.125 -0.60915
29.875 76.375 -0.57948
29.875 76.625 -0.23
29.875 76.875 -1.6909
29.875 77.125 -0.90381
29.875 77.375 -0.29708
29.875 77.625 0.15714
29.875 77.875 0.59388
29.875 78.125 -1.1966
29.875 78.375 0.60393
29.875 78.625 -0.26719
29.875 78.875 0.29213
29.875 79.125 0.04433
29.875 79.375 0.24803
29.875 79.625 1.7379
29.875 79.875 0.53655
29.875 80.125 0.86264
29.875 80.375 0.8311
30.125 74.125 -1.2967
30.125 74.375 -1.7703
30.125 74.625 -1.4915
30.125 74.875 -1.3072
30.125 75.125 -0.76438
30.125 75.375 -0.55288
30.125 75.625 -0.72349
30.125 75.875 -1.1688
30.125 76.125 -0.55204
30.125 76.375 -1.132
30.125 76.625 -0.94655
30.125 76.875 -0.55131
30.125 77.125 -1.0581
30.125 77.375 -1.4476
30.125 77.625 0.22094
30.125 77.875 0.33577
30.125 78.125 1.2164
30.125 78.375 1.9359
30.125 78.625 1.1339
30.125 78.875 1.855
30.125 79.125 1.3033
30.125 79.375 1.1663
30.125 79.625 1.7759
30.125 79.875 0.54376
30.125 80.125 0.57357
30.125 80.375 0.80999
30.125 80.625 0.83439
30.375 74.125 -1.295
30.375 74.375 -1.2307
30.375 74.625 -0.96965
30.375 74.875 -0.8029
30.375 75.125 -0.44134
30.375 75.375 -0.078382
30.375 75.625 -0.37491
30.375 75.875 -1.1798
30.375 76.125 -1.1563
30.375 76.375 -1.2082
30.375 76.625 -1.8235
30.375 76.875 -1.519
30.375 77.125 0.69413
30.375 77.375 0.17859
30.375 77.625 0.74786
30.375 77.875 0.4517
30.375 78.125 0.17397
30.375 78.375 -0.58519
30.375 78.625 1.7961
30.375 78.875 1.7419
30.375 79.125 1.577
30.375 79.375 1.4104
30.375 79.625 1.7908
30.375 79.875 1.3721
30.375 80.125 1.0484
30.375 80.375 0.71643
30.375 80.625 0.70815
30.625 74.375 -0.80582
30.625 74.625 -0.97429
30.625 74.875 -1.0374
30.625 75.125 -0.74415
30.625 75.375 -0.26466
30.625 75.625 -0.40227
30.625 75.875 -1.283
30.625 76.125 -1.3794
30.625 76.375 -1.5881
30.625 76.625 -0.037486
30.625 76.875 0.40629
30.625 77.125 0.49357
30.625 77.375 0.70958
30.625 77.625 0.58003
30.625 77.875 0.95273
30.625 78.125 0.85822
30.625 78.375 -0.46626
30.625 78.625 0.25249
30.625 78.875 1.9329
30.625 79.125 1.7359
30.625 79.375 1.4396
30.625 79.625 2.2388
30.625 79.875 1.6656
30.625 80.125 1.0568
30.875 74.625 -1.0353
30.875 74.875 -0.83394
30.875 75.125 -0.13516
30.875 75.375 -1.2385
30.875 75.625 -0.56344
30.875 75.875 -1.1946
30.875 76.125 -1.1586
30.875 76.375 -0.6905
30.875 76.625 1.0009
30.875 76.875 0.08784
30.875 77.125 0.85985
30.875 77.375 -0.18786
30.875 77.625 1.201
30.875 77.875 1.0181
30.875 78.125 0.47198
30.875 78.375 0.095192
30.875 78.625 0.31067
30.875 78.875 1.4443
30.875 79.125 1.6358
30.875 79.375 1.6066
30.875 79.625 1.4724
30.875 79.875 1.535
31.125 74.875 -1.2586
31.125 75.125 -0.31157
31.125 75.375 -1.5157
31.125 75.625 -1.2665
31.125 75.875 -0.51444
31.125 76.125 0.55788
31.125 76.375 -0.42142
31.125 76.625 -0.39603
31.125 76.875 0.87103
31.125 77.125 0.83991
31.125 77.375 0.16113
31.125 77.625 1.1572
31.125 77.875 0.58393
31.125 78.125 -0.23294
31.125 78.375 -0.20034
31.125 78.625 -0.28264
31.125 78.875 1.207
31.125 79.125 1.4689
31.375 74.875 -1.6624
31.375 75.125 -1.0575
31.375 75.375 -1.6554
31.375 75.625 -0.82519
31.375 75.875 -0.16537
31.375 76.125 -0.8994
31.375 76.375 -0.27331
31.375 76.625 0.0080657
31.375 76.875 0.60146
31.375 77.125 0.99764
31.375 77.375 1.3199
31.375 77.625 3.2668
31.375 77.875 0.38375
31.375 78.125 -0.26055
31.375 78.375 -0.34787
31.375 78.625 -0.18456
31.625 74.875 -0.62207
31.625 75.125 0.059188
31.625 75.375 -0.14023
31.625 75.625 0.018479
31.625 75.875 0.26291
31.625 76.125 -0.76647
31.625 76.375 0.12928
31.625 76.625 -0.1558
31.625 76.875 -1.0844
31.625 77.125 -0.019364
31.625 77.375 2.2436
31.625 77.625 2.388
31.625 77.875 1.0332
31.625 78.125 -0.055459
31.625 78.375 -0.44347
31.625 78.625 -0.097102
31.875 74.875 0.64316
31.875 75.125 0.54517
31.875 75.375 -1.3909
31.875 75.625 -0.12662
31.875 75.875 0.059208
31.875 76.125 0.26467
31.875 76.375 0.26046
31.875 76.625 0.45649
31.875 76.875 -0.0069644
31.875 77.125 0.18267
31.875 77.375 1.0337
31.875 77.625 1.5529
31.875 77.875 0.19763
31.875 78.125 0.11199
31.875 78.375 -0.18006
31.875 78.625 -0.31749
32.125 75.375 1.2138
32.125 75.625 0.81231
32.125 75.875 0.55731
32.125 76.125 1.0537
32.125 76.375 -0.16472
32.125 76.625 0.2712
32.125 76.875 -0.0045911
32.125 77.125 0.46114
32.125 77.375 -0.35617
32.125 77.625 0.12344
32.125 77.875 0.21523
32.125 78.125 -0.26577
32.125 78.375 -0.35913
32.375 75.375 1.6908
32.375 75.625 1.1925
32.375 75.875 0.54915
32.375 76.125 -0.82498
32.375 76.375 -0.53164
32.375 76.625 -0.57816
32.375 76.875 -0.47935
32.375 77.125 0.087886
32.375 77.375 -0.37206
32.375 77.625 -0.54685
32.375 77.875 -0.32267
32.375 78.125 -0.46126
32.375 78.375 -0.56577
32.625 74.875 0.85988
32.625 75.125 0.55301
32.625 75.375 0.52143
32.625 75.625 0.73279
32.625 75.875 0.62778
32.625 76.125 0.0095327
32.625 76.375 -0.64468
32.625 76.625 -0.93126
32.625 76.875 -0.50587
32.625 77.125 -0.15834
32.625 77.375 -0.3865
32.625 77.625 -0.46784
32.625 77.875 -0.35718
32.625 78.125 -0.67537
32.625 78.375 -0.65475
32.625 78.625 -0.74747
32.625 78.875 -0.75945
32.625 79.125 -0.6564
32.625 79.375 -0.46209
32.875 74.375 1.1197
32.875 74.625 1.2593
32.875 74.875 1.1652
32.875 75.125 0.37047
32.875 75.375 -0.33296
32.875 75.625 -0.50755
32.875 75.875 -0.27653
32.875 76.125 -0.28919
32.875 76.375 -0.37839
32.875 76.625 -0.59127
32.875 76.875 -0.47386
32.875 77.125 -0.51561
32.875 77.375 -0.48027
32.875 77.625 -0.5245
32.875 77.875 -0.51235
32.875 78.125 -0.17441
32.875 78.375 -0.56494
32.875 78.625 -0.7146
32.875 78.875 -0.73591
32.875 79.125 -0.72016
32.875 79.375 -0.66248
33.125 73.875 0.43592
33.125 74.125 0.47678
33.125 74.375 1.3355
33.125 74.625 1.6778
33.125 74.875 0.9846
33.125 75.125 -0.09622
33.125 75.375 -0.94592
33.125 75.625 -1.1447
33.125 75.875 -0.70976
33.125 76.125 -0.56897
33.125 76.375 -0.87553
33.125 76.625 -0.70548
33.125 76.875 -0.60773
33.125 77.125 -0.94847
33.125 77.375 -0.64457
33.125 77.625 -0.53915
33.125 77.875 -0.52548
33.125 78.125 -0.42711
33.125 78.375 -0.50867
33.125 78.625 -0.63611
33.125 78.875 -0.74591
33.125 79.125 -0.78148
33.375 73.875 0.90279
33.375 74.125 0.73786
33.375 74.375 -0.061919
33.375 74.625 -0.80992
33.375 74.875 -0.89002
33.375 75.125 -1.0202
33.375 75.375 -0.63452
33.375 75.625 -1.7105
33.375 75.875 -0.80982
33.375 76.125 -0.62259
33.375 76.375 -0.54701
33.375 76.625 -0.79648
33.375 76.875 -0.88905
33.375 77.125 -0.70982
33.375 77.375 -0.67312
33.375 77.625 -0.66182
33.375 77.875 -0.67278
33.375 78.125 -0.60369
33.375 78.375 -0.59135
33.375 78.625 -0.62283
33.375 78.875 -0.71724
33.625 73.875 1.4195
33.625 74.125 0.5146
33.625 74.375 -1.2761
33.625 74.625 -1.2146
33.625 74.875 -0.52145
33.625 75.125 -0.47639
33.625 75.375 -0.44939
33.625 75.625 -0.65478
33.625 75.875 -0.83035
33.625 76.125 -1.0375
33.625 76.375 -0.66616
33.625 76.625 -1.0293
33.625 76.875 -0.71098
33.625 77.125 -0.66505
33.625 77.375 -0.62501
33.625 77.625 -0.60407
33.625 77.875 -0.75441
33.625 78.125 -0.65509
33.625 78.375 -0.64797
33.625 78.625 -0.5865
33.625 78.875 -0.67189
33.875 73.875 0.6909
33.875 74.125 -0.28335
33.875 74.375 -0.98888
33.875 74.625 0.043153
33.875 74.875 0.066314
33.875 75.125 0.91665
33.875 75.375 0.19771
33.875 75.625 -0.97002
33.875 75.875 -1.174
33.875 76.125 -1.2026
33.875 76.375 -1.0004
33.875 76.625 -0.87357
33.875 76.875 -0.8311
33.875 77.125 -0.81017
33.875 77.375 -0.71409
33.875 77.625 -0.64171
33.875 77.875 -0.64369
33.875 78.125 -0.66324
33.875 78.375 -0.67014
33.875 78.625 -0.64663
33.875 78.875 -0.64711
34.125 73.625 -0.6781
34.125 73.875 -0.25483
34.125 74.125 0.13261
34.125 74.375 -0.43173
34.125 74.625 -0.38145
34.125 74.875 -0.93681
34.125 75.125 0.29904
34.125 75.375 -0.54738
34.125 75.625 -1.6554
34.125 75.875 -1.3402
34.125 76.125 -1.3734
34.125 76.375 -0.87505
34.125 76.625 -0.87309
34.125 76.875 -0.8394
34.125 77.125 -0.79695
34.125 77.375 -0.75432
34.125 77.625 -0.73465
34.125 77.875 -0.6868
34.125 78.125 -0.68109
34.125 78.375 -0.79954
34.125 78.625 -0.64074
34.125 78.875 -0.65297
34.125 79.125 -0.60199
34.125 79.375 -0.59745
34.375 73.625 -0.83504
34.375 73.875 -1.0427
34.375 74.125 -1.3138
34.375 74.375 -0.64875
34.375 74.625 -0.52747
34.375 74.875 -0.76172
34.375 75.125 -0.48323
34.375 75.375 -1.3728
34.375 75.625 -1.9171
34.375 75.875 -1.6801
34.375 76.125 -1.2526
34.375 76.375 -0.92845
34.375 76.625 -0.92382
34.375 76.875 -1.0795
34.375 77.125 -0.87821
34.375 77.375 -0.83705
34.375 77.625 -0.77353
34.375 77.875 -0.76399
34.375 78.125 -0.71387
34.375 78.375 -0.68759
34.375 78.625 -0.67285
34.375 78.875 -0.66019
34.375 79.125 -0.65362
34.375 79.375 -0.67129
34.625 73.875 -1.2238
34.625 74.125 -1.1181
34.625 74.375 -0.92447
34.625 74.625 -0.74171
34.625 74.875 -1.0048
34.625 75.125 -0.57453
34.625 75.375 -1.6167
34.625 75.625 -1.5782
34.625 75.875 -1.3638
34.625 76.125 -1.1899
34.625 76.375 -0.93538
34.625 76.625 -0.92899
34.625 76.875 -0.93377
34.625 77.125 -0.87814
34.625 77.375 -0.83313
34.625 77.625 -0.92058
34.625 77.875 -1.3367
34.625 78.125 -0.75155
34.625 78.375 -0.70685
34.625 78.625 -0.68056
34.625 78.875 -0.63353
34.625 79.125 -0.63125
34.625 79.375 -0.64892
34.625 79.625 -0.68425
34.875 74.125 -1.09
34.875 74.375 -0.90803
34.875 74.625 -0.60559
34.875 74.875 -0.71224
34.875 75.125 -1.2839
34.875 75.375 -1.7744
34.875 75.625 -1.5991
34.875 75.875 -1.3242
34.875 76.125 -1.1136
34.875 76.375 -0.91403
34.875 76.625 -0.96287
34.875 76.875 -0.9241
34.875 77.125 -0.8971
34.875 77.375 -0.86664
34.875 77.625 -0.91398
34.875 77.875 -1.3725
34.875 78.125 -0.79124
34.875 78.375 -0.78397
34.875 78.625 -0.75075
34.875 78.875 -0.65003
34.875 79.125 -0.63833
34.875 79.375 -0.64153
34.875 79.625 -0.66776
34.875 79.875 -0.70054
35.125 74.375 -1.2446
35.125 74.625 -1.1521
35.125 74.875 -1.0492
35.125 75.125 -1.5459
35.125 75.375 -2.0919
35.125 75.625 -1.5662
35.125 75.875 -1.2296
35.125 76.125 -1.1182
35.125 76.375 -0.91716
35.125 76.625 -0.95449
35.125 76.875 -0.95207
35.125 77.125 -0.92383
35.125 77.375 -0.94087
35.125 77.625 -0.95725
35.125 77.875 -0.91993
35.125 78.125 -0.86219
35.125 78.375 -0.85316
35.125 78.625 -0.73535
35.125 78.875 -0.70561
35.125 79.125 -0.6664
35.125 79.375 -0.66561
35.125 79.625 -0.67407
35.125 79.875 -0.69493
35.375 73.875 -1.1739
35.375 74.125 -1.1916
35.375 74.375 -1.0701
35.375 74.625 -0.911
35.375 74.875 -0.72076
35.375 75.125 -1.4758
35.375 75.375 -1.6603
35.375 75.625 -1.5431
35.375 75.875 -1.6286
35.375 76.125 -1.2115
35.375 76.375 -1.0959
35.375 76.625 -1.0581
35.375 76.875 -1.4598
35.375 77.125 -0.98996
35.375 77.375 -1.3906
35.375 77.625 -0.95822
35.375 77.875 -0.91837
35.375 78.125 -0.87479
35.375 78.375 -0.8581
35.375 78.625 -0.76638
35.375 78.875 -0.72997
35.375 79.125 -0.70231
35.375 79.375 -0.69609
35.375 79.625 -0.70563
35.375 79.875 -0.68656
35.375 80.125 -0.67677
35.625 73.375 -0.99038
35.625 73.625 -0.96806
35.625 73.875 -1.1041
35.625 74.125 -1.0707
35.625 74.375 -0.92645
35.625 74.625 -0.79804
35.625 74.875 -0.14827
35.625 75.125 -1.6242
35.625 75.375 -1.6213
35.625 75.625 -1.7339
35.625 75.875 -1.3986
35.625 76.125 -1.2802
35.625 76.375 -1.288
35.625 76.625 -1.7028
35.625 76.875 -1.6513
35.625 77.125 -0.97365
35.625 78.375 -0.82944
35.625 78.625 -0.7815
35.625 78.875 -0.78651
35.625 79.125 -0.75252
35.625 79.375 -0.72804
35.625 79.625 -0.73104
35.625 79.875 -0.63643
35.625 80.125 -0.63709
35.875 73.125 -0.16231
35.875 73.375 -0.67745
35.875 73.625 -0.95101
35.875 73.875 -1.3053
35.875 74.125 -1.0869
35.875 74.375 -1.0045
35.875 74.625 -0.7278
35.875 74.875 -0.56411
35.875 75.125 -1.0982
35.875 75.375 -1.7253
35.875 75.625 -1.816
35.875 75.875 -1.7962
35.875 76.125 -1.4841
35.875 76.375 -1.074
35.875 76.625 -1.022
35.875 79.375 -0.46821
36.125 72.625 -0.40114
36.125 72.875 -0.39662
36.125 73.125 -0.42511
36.125 73.375 -0.47029
36.125 73.625 -0.5377
36.125 73.875 -0.69126
36.125 74.125 -0.91636
36.125 74.375 -0.91803
36.125 74.625 -0.58842
36.125 74.875 -1.2779
36.125 75.125 -1.3006
36.125 75.375 -1.6888
36.125 75.625 -1.6553
36.125 75.875 -1.4086
36.125 76.125 -1.3354
36.125 76.375 -1.0986
36.125 76.625 -1.0351
36.375 73.125 -0.30843
36.375 73.375 -0.384
36.375 73.625 -0.36246
36.375 73.875 -0.46504
36.375 74.125 -0.83691
36.375 74.375 -0.92979
36.375 74.625 -0.73719
36.375 74.875 -0.92322
36.375 75.125 -1.4023
36.375 75.375 -1.7796
36.375 75.625 -1.606
36.375 75.875 -1.3559
36.375 76.125 -1.2207
36.625 73.375 -0.38151
36.625 73.625 -0.45376
36.625 73.875 -0.61149
36.625 74.125 -0.73423
36.625 74.375 -1.114
36.625 74.625 -0.95826
36.625 74.875 -1.1598
36.625 75.125 -1.0092
36.625 75.375 -1.2896
36.625 75.625 -1.406
36.875 73.875 -0.40951
36.875 74.375 -0.59946
36.875 74.625 -0.85223
36.875 74.875 -0.91372
36.875 75.125 -1.1688
36.875 75.375 -1.6034
