    36.875     73.875    5.34515   0.307392   -26.2809  -0.931303    5.81129    11.5049    3.83585   -27.4298   -8.40651
    36.875     74.375    2.76265    4.94407    -8.2824   -5.52527   -1.20485    4.57925   -5.73605   -4.71795   -12.5206
    36.875     74.625   -8.98624   -3.60233   -12.9043    6.11138   -2.02708    3.36579   -17.0166    3.00053   -10.1348
    36.875     74.875   -4.98897   -2.89657   -8.49427    2.83554  -0.429257    4.20887   -14.6258    6.82437   -15.8322
    36.875     75.125    12.7761     3.4207    4.67892    4.75248    10.7815    24.3092   -3.37424    12.9154    6.94527
    36.875     75.375    6.70742    6.22578   -7.45133   0.350431    -4.5456    2.99354   -5.54918    1.94311   -20.2703
    36.625     73.375    13.5249   -3.81543   -18.8638    -1.5153    12.2079    26.7941    13.4345    -29.251   -1.88105
    36.625     73.625    7.73438  -0.401807   -22.8307   0.976115    8.39202    18.8082    6.61868   -26.4777   -7.25988
    36.625     73.875    8.97492   -1.57164   -20.8004  -0.124285    10.4018    18.3211    5.66762   -23.7521   -7.22044
    36.625     74.125    4.87511     -4.535   -24.1406    1.09778    9.44253    23.0738   0.955907   -23.2331   -12.6839
    36.625     74.375    5.73717    1.64713   -14.6048     11.125    15.7828    22.1042    4.77027    -20.448   -9.99829
    36.625     74.625    5.79304   -1.02312   -19.7865    6.68703   0.155926    12.4945    2.69404   -19.6826   -20.6176
    36.625     74.875    22.1394    2.86551   -1.67895    15.2029    5.85428    26.5224    14.5711   -1.95556   -17.3648
    36.625     75.125   -6.58813   -4.48613   -3.19106    7.86056    9.86159  -0.298082   -17.8893    7.42581    7.24631
    36.625     75.375    9.27161     2.8004  -0.298464    -0.2602     0.3496    24.2531   -9.22229    4.14735   -1.23318
    36.625     75.625   -4.33688    -1.1857     9.3881    8.89725   -4.59793    5.78462   -11.4016    8.08992   -7.93967
    36.375     73.125    9.00993   -6.42633   -8.95448   -4.25749    1.36432    11.2295   -5.15097   -9.32772   -1.64618
    36.375     73.375   -2.44561   -6.46981   -10.8936     -6.616    3.37806    1.81361   -14.6563  0.0565861    3.09455
    36.375     73.625   -2.50641   -7.45743   -18.4193   -10.7869   0.349731    4.50347   -15.3527  -0.296018   -6.73228
    36.375     73.875   -10.0433   -9.33314   -14.5558   -10.4329   -2.83751   0.948511   -19.9428    11.8274   -12.4049
    36.375     74.125    2.16894   -3.94164   -21.6328    2.89927    5.37479     7.1093   -1.71096   -18.9873   -12.7344
    36.375     74.375    6.47812    2.61304   -8.61983    4.95156    7.01559    2.55169  -0.886278   -10.4231   -5.68387
    36.375     74.625    2.47669   -1.40528   -14.8454    4.98638     -4.836   -2.72033   -5.38971   -10.8714   -17.4575
    36.375     74.875    10.3881   -2.33548   -11.9004    9.18583   -4.30327    9.02897     -4.615   -5.57214   -22.5521
    36.375     75.125    22.1044    9.28262    3.30914    21.3615    6.42702    15.8914    9.13752  -0.099625   -9.39062
    36.375     75.375    7.76036  -0.293581   -16.3803    11.1231   -14.8039    13.0038   0.208764   -8.21328   -26.9492
    36.375     75.625    8.45688  -0.587215    -9.2996    8.00992   -7.11478    16.2053   -2.24512   -3.53093   -18.7884
    36.375     75.875   -3.78442   -7.39976   -18.3914    3.74928   -18.4097    4.12189   -7.87102   -1.02247   -25.2514
    36.375     76.125   -10.5887     -8.012   -21.9417  -0.601449   -26.9856   -5.41515   -10.0772      1.251   -28.0562
    36.125     72.625    30.8576    6.95938    5.08862    4.03083    11.2747    17.9917    30.5906   -15.1249    6.97745
    36.125     72.875    24.4011    7.88727   -5.33803    4.96045    14.9904    24.1767      26.41   -20.2197    4.22735
    36.125     73.125    25.8763    11.3653   -1.97091    6.37662    16.3084    23.4795    22.3796   -21.3736    1.82559
    36.125     73.375    24.7579    11.1182   -2.76991    5.81985    10.4585    9.67359    16.0754   -14.9573    1.27268
    36.125     73.625   0.314388    5.78992   -15.8744   -1.87801    2.59647   -1.85175   -3.81751   -11.7134   -4.47954
    36.125     73.875    2.16161   -13.9216   -20.9977   -4.76437      2.894    6.95177    -14.381   -12.1109   -17.1224
    36.125     74.125  -0.575856  -0.870036   -13.9935   -3.07004    3.23212   0.476572   -8.63196    -6.1375    -7.3081
    36.125     74.375    1.03201    -4.1104   -10.9394   -3.27442   -1.11094  0.0995514   -8.95239   -4.74601    -12.824
    36.125     74.625   -5.28815    1.08236   -12.4559  -0.888222   -2.11586   0.553268   -12.7326   -3.44192   -4.90415
    36.125     74.875    12.0493    3.32965   -9.62468    11.3701   -11.9491   -0.87785   0.585406   -6.44949   -24.7796
    36.125     75.125      12.81    6.15117   -12.3632     15.718   -12.8777    12.1595    3.70509   -8.10648   -26.2314
    36.125     75.375    6.62394     3.2106   -16.5496    8.26119   -16.9708     17.407    1.37274   -6.00189   -28.9883
    36.125     75.625   -1.82517   -1.78877    -15.018    5.66076   -17.6947    15.1047   -3.01067   -2.49488   -25.6526
    36.125     75.875   -12.4383   -7.25563   -19.4996    2.79778   -23.5491   -4.49876   -8.64311    1.29307   -27.6913
    36.125     76.125   -14.8293   -7.92928   -21.6252 -0.0668875   -23.0934   -11.5646   -10.8723    3.44858   -26.5912
    36.125     76.375   -15.8319   -8.85482   -23.2629   -3.02055   -27.4042   -19.5176   -13.1753    4.55023   -26.5737
    36.125     76.625   -15.3715   -9.87263    -24.757   -3.67167    -26.731   -24.8805   -13.3963    4.13625    -25.499
    35.875     73.125    4.03413    1.59659   -9.82295   -2.28814    7.31099    6.28614   -6.84357   -1.72028   -3.57519
    35.875     73.375   -4.52794   -1.88025   -11.7876   -1.66135    5.22529  -0.519076   -14.4484    5.27254   -2.58536
    35.875     73.625   -5.55481   -2.26708   -8.81537   -2.87404   0.345656     0.2716   -15.7346    7.33023   -6.96997
    35.875     73.875    8.90331    3.30103    14.6887    2.18669    3.19436   0.487304    6.67541     6.5786   -5.70266
    35.875     74.125    12.3519     4.5681  -0.936029    1.06175    6.45551    2.25433  -0.260381   -6.43283   -2.36209
    35.875     74.375    3.91291   -15.7154    -10.435    7.51334   -13.1278    1.45415   -8.88359    2.40025   -18.8799
    35.875     74.625   -4.46227   -6.07783   -13.2409   -12.4097   -19.5938    -10.754   -14.6603    1.97119   -26.9168
    35.875     74.875    9.12005   0.948483   -6.61769    4.93182   -17.3815   -14.1171   -3.00335  -0.399456   -28.2658
    35.875     75.125    11.6335    5.66455   -8.51319    12.4868   -11.5849    14.1341    3.58381   -3.99548   -22.5507
    35.875     75.375   -21.9483   -13.2947   -35.4952    -10.425   -31.7028   -8.98225    -23.965    5.65995   -34.1493
    35.875     75.625   -20.7693   -9.60996   -22.5154   -5.28188   -29.6011   -8.37084   -9.80767    3.46413   -28.1979
    35.875     75.875   -18.3722   -10.3053   -21.4602   -2.03317   -27.9342   -8.20067   -10.4926     5.5007    -25.448
    35.875     76.125   -16.4463   -10.6102   -21.2152   -1.25485   -26.9038   -21.1287    -10.454    5.90901   -24.9011
    35.875     76.375    -13.099   -10.0769   -21.0804  -0.848038   -24.0147   -27.2331   -11.3065    3.74216     -24.17
    35.875     76.625    -10.056   -8.42365   -19.9067   -1.65827   -23.2131   -23.2171   -10.7009 -0.0142125    -22.935
    35.875     79.375   -6.06931   -2.74636   -19.6544   -11.3162   -16.3185   -17.8779   -10.2331   -33.6573   -14.2918
    35.625     73.375   -1.58192   -9.14004    5.35745    2.08834    8.43693    7.94269   -6.14062    12.7462    2.05074
    35.625     73.625    3.10537   -9.88217   -7.20862   -10.9258    4.32556    9.31958   0.399867    13.6188    3.13228
    35.625     73.875    22.9242   -9.34496   -4.12512   -8.89075   -1.28977    6.34259    5.88789    8.91149 -0.0797861
    35.625     74.125   -1.16907   -5.20759    5.07661    1.60012    9.09689   0.255246   -4.59587    14.1585    -1.0745
    35.625     74.375   -4.40736   -7.28211    4.98775    4.14342    3.49887   0.858761   -5.14366    12.8926   -3.74314
    35.625     74.625     15.438   -9.74086   -13.7486   -17.1242   -26.6582   -16.9737   -9.72745  -0.755574   -20.2907
    35.625     74.875    -3.6193   -4.95926   -3.73605    5.64071    6.24978    4.27635    -4.8448    10.6274   -2.05823
    35.625     75.125   -16.3117   -20.6788   -27.1258   -9.65403   -26.4126   -5.53094   -26.1002    10.4033    -28.868
    35.625     75.375   -35.0244   -22.0275   -33.8107   -15.1893   -29.4064   -10.3397   -27.4464    13.0136   -31.0106
    35.625     75.625   -21.4034   -15.8148   -21.0811   -7.16298   -23.1965   -7.07053   -18.6262    12.2253   -24.5677
    35.625     75.875   -19.2921   -14.8554    -22.715   -6.85065   -22.5829   -14.9699   -14.2784    12.7472   -24.2199
    35.625     76.125   -14.6408   -13.6924   -20.4332  -0.754764   -23.5476    -29.307   -9.71137    8.51476   -22.6472
    35.625     76.375   -12.5464   -12.9424   -19.1821   -1.49232    -22.615   -27.1621   -9.72163    3.14832   -22.9094
    35.625     76.625   -8.82323   -9.76285   -16.5846   -1.10083   -22.0991    -20.932   -6.71143   -7.23867   -21.8635
    35.625     76.875   -9.19584   -8.69613   -16.6161   -1.81893   -21.8346   -23.2896   -5.53954   -14.2944   -20.6051
    35.625     77.125   -5.04321   -7.10777   -10.9439   -1.91888   -21.2306   -21.4707   -5.96831   -18.0716   -19.8487
    35.625     78.375   -12.3937   -8.32423   -20.9474   -11.0572   -22.0082   -25.3048   -15.0973   -34.2101   -16.9267
    35.625     78.625   -15.5662   -9.98199   -26.5506    -15.414   -24.0132   -28.6518   -17.4197   -40.7576   -16.6336
    35.625     78.875   -12.7463   -8.48277   -25.7958     -14.61   -16.8557    -18.853   -17.6843    -40.187   -15.7644
    35.625     79.125   -10.6152   -8.51239   -27.2869   -15.6281   -15.3097   -17.9303   -17.0837   -42.6089   -15.1475
    35.625     79.375   -5.15022   -7.77634   -21.5365   -13.5517   -17.3487    -17.799   -9.70762    -36.202   -13.4884
    35.625     79.625   -7.32481   -8.47177   -17.1312   -9.81732   -14.1368   -16.0845   -10.8937   -31.9592   -12.9469
    35.625     79.875   -3.23428   -9.04746   -17.2132   -10.0314   -14.8787   -16.4052   -7.03398   -26.7892   -12.6299
    35.625     80.125    1.84069   -9.77829   -15.8518   -10.2531    -16.055   -17.2159   -1.17951   -24.0449   -12.1039
    35.375     73.875    4.79226   -13.8808   -10.8869   0.942083    11.3666    26.4549   -7.06204   0.121271   -11.6977
    35.375     74.125    2.86449   -17.4082   -18.5671  0.0991764    3.44084    17.5335   -13.2157   0.967718   -15.8594
    35.375     74.375    4.87559   -13.1071   -14.5622    3.26766 -0.0460917    14.5198   -12.1936    1.89667   -17.9367
    35.375     74.625    15.8106    9.75133    3.48786    14.2507    5.93931    6.28092    4.63592    -4.2429   -7.41512
    35.375     74.875    10.6089   -6.61413   -6.33795    11.5256   -6.60151    7.41765   -3.20334   -4.49695   -20.6085
    35.375     75.125    8.74706   -6.27626   -11.5172    6.86923   -13.9337    9.98594   -2.98204   0.436742    -22.174
    35.375     75.375   -27.0713     -25.42   -31.1492   -14.1077    -34.122   -13.2225   -29.1363    11.8784   -34.3787
    35.375     75.625   -28.8159   -25.9725   -29.8015   -13.1489   -35.6958   -14.6129   -29.3957    13.8953   -32.7034
    35.375     75.875   -26.5516   -21.1605   -30.7678   -15.2134   -31.0397   -31.4491   -20.5223    20.9059   -28.7022
    35.375     76.125   -18.6302   -19.6311   -24.3697   -4.48809   -25.3943    -31.524   -12.8806    13.3288   -25.2136
    35.375     76.375    -18.626   -17.2941   -22.8818   -3.74964   -21.9966   -29.9349   -11.5468   -9.07563   -21.9478
    35.375     76.625   -12.7327   -12.9364   -20.8194   -3.53574   -22.2099   -25.3375   -6.91535   -18.4903   -20.2851
    35.375     76.875   -6.20978   -7.79045   -11.5105  -0.842686   -20.0168   -17.9143   -4.49078   -21.6706   -19.1486
    35.375     77.125   -4.27442   -6.53245   -11.6034  -0.913074   -20.7306    -22.753   -4.10942   -21.3736   -18.8597
    35.375     77.375   0.696483   -5.95139   -4.01204   -3.63223   -15.3235   -11.6113   -7.40222   -20.5098   -16.0349
    35.375     77.625   -2.74153   -6.94197   -12.2507   -3.18625   -19.5855   -20.7867   -8.31093   -24.0023   -17.8016
    35.375     77.875   -10.4734   -9.35151   -18.5818   -7.85983   -22.1058   -24.3493   -13.1477   -30.6618   -16.9521
    35.375     78.125   -8.86788   -8.63195   -19.5083   -10.5175   -21.7774   -24.2513   -13.8172   -32.9609   -18.6739
    35.375     78.375   -7.87801    -7.7332    -18.998   -11.5134   -20.9065   -23.3466   -13.6618   -32.9184    -18.839
    35.375     78.625   -10.7585   -9.28006   -24.1676   -13.7823   -14.9287   -18.5361   -16.6205   -38.4932   -18.5374
    35.375     78.875   -7.32353   -9.65151   -24.7028   -15.8186   -19.2261   -18.1978   -13.6278   -39.5057   -21.0453
    35.375     79.125   -3.77893   -10.5265   -23.1999   -9.68891   -14.2091   -17.5368   -11.9246   -40.3105   -20.7789
    35.375     79.375    2.50164    -10.465   -14.1046   -8.53034   -14.1213   -15.6007   -4.58516   -34.8561   -16.8769
    35.375     79.625    10.4098   -8.56607    -10.747    -7.4011   -14.0459   -14.5155    4.25521    -26.545   -12.0467
    35.375     79.875   -1.28394    -11.573   -17.8189   -11.1912   -15.3766   -13.7078   -5.60994   -24.2743   -14.7792
    35.375     80.125    2.19696   -10.3444   -14.3345   -9.84797   -14.2618   -12.4629   -3.30074   -24.4083   -14.8003
    35.125     74.375    18.5204     20.429    -1.8272     15.897    13.4421    22.6311    9.81836   -8.44828   -5.60938
    35.125     74.625    14.3996    11.0972   -4.98811    14.8165   0.133196    14.7198    4.74729   -9.85945   -13.8154
    35.125     74.875    15.4361    5.01049   -1.38408    8.75809   -3.25728    2.50936   0.502508   0.228704   -17.7977
    35.125     75.125    2.92981   -7.75746      5.955    8.42196    9.58626    2.12582   -2.62539     6.8394   -6.95232
    35.125     75.375   -1.23125   -10.4049   -3.98549   -1.74122    2.40344    5.69972   -7.74905    9.87144   -3.31964
    35.125     75.625   -9.46751   -9.54572   -9.77104   -9.28254   -3.75759  -0.331946   -8.96611    14.9283   -4.60794
    35.125     75.875   -16.8857    -11.895   -20.5927   -6.95073   -7.15289   -9.23608   -20.6563    15.3598   -11.5965
    35.125     76.125   -16.2315   -17.5937    -22.493   -13.3069   -21.8034   -24.5487   -14.6393    13.7199   -23.2895
    35.125     76.375   -16.6302   -16.0919   -17.8686   -5.08329   -20.3311   -24.4438   -7.23606   -31.2669   -18.4624
    35.125     76.625   -16.0257    -13.925   -22.9794   -3.43307   -19.8243   -20.2025   -10.9376   -28.2238   -17.8003
    35.125     76.875    -7.8127   -11.7901   -16.3135   -3.28357   -21.3925   -23.6461    -6.7742   -25.2208   -18.6949
    35.125     77.125   -1.43189   -8.27525   -7.39425   -1.22773   -18.7779   -17.4635   -4.12459   -21.7562   -17.6074
    35.125     77.375   -3.63668   -9.28986   -11.3875   -1.71635   -19.6198   -22.0139   -4.39488   -22.0162   -17.0168
    35.125     77.625   -2.07741   -8.60906   -9.67245   -1.06937   -18.5011   -20.5073   -4.36501   -21.0376   -15.8466
    35.125     77.875    -4.8981   -8.97389   -11.9448   -3.54692   -17.3217   -18.7651     -8.894   -24.6164    -14.716
    35.125     78.125   -5.70747   -9.02867   -14.4129   -7.92648   -18.8994   -21.1073   -9.42417    -26.899   -15.1383
    35.125     78.375   0.593226   -7.27129   -10.7604   -7.00416   -16.5641   -18.0074   -6.45147   -24.1626   -15.1294
    35.125     78.625   -4.62722   -9.11354    -18.137   -9.88415   -15.1158   -18.1426   -10.0157   -33.6906   -19.4283
    35.125     78.875    -2.2511   -8.87876   -14.4714   -9.52156   -12.0116   -13.8276    -9.7334    -34.993   -16.2518
    35.125     79.125   -3.01419   -10.6475   -17.9756   -11.1086    -14.427   -14.3528   -10.2391   -40.6419   -19.9785
    35.125     79.375    2.92602   -10.7654   -15.5153   -10.1205   -14.5943   -14.3117   -4.78507   -31.9149   -16.5639
    35.125     79.625    4.41808   -10.6824   -15.0149   -9.80744   -14.9132   -14.5121  -0.936521   -27.2913   -13.6771
    35.125     79.875    6.71924   -10.8906    -15.625   -10.0088   -15.7773   -15.3165    5.25484   -22.4196   -11.6741
    34.875     74.125    18.5398    16.7106    4.07647    6.20973    17.1479    29.3908    4.49741   -3.67855    -8.8901
    34.875     74.375    4.68342   0.226585   -9.15358   -3.14896  -0.808897    12.3281   -9.64908   -3.00338   -13.7893
    34.875     74.625    8.90286    1.71276   -5.20908    7.35099   -6.12569    2.06748   -4.48734    -5.8508   -19.6258
    34.875     74.875    8.24384   -6.26337   -6.76417    8.61974    -4.7206  -0.183267   -5.77186  -0.274901   -19.4897
    34.875     75.125    12.2131   -7.86026   -3.13271    7.20636   -13.7739    1.72353   -7.19052    0.81139   -18.0612
    34.875     75.375 -0.0429778   -12.0015    -8.2517   -2.85435   -21.6977   -10.6196    -12.544    3.01129   -20.9848
    34.875     75.625   -2.21927   -14.6892   -11.3095   -6.12023   -20.1593   -12.9039   -10.5355    5.74368   -23.7461
    34.875     75.875   -6.15971   -16.3204   -16.9478   -5.67175   -19.6253   -17.3587   -9.81541    10.5122   -24.0424
    34.875     76.125   -21.4034   -22.2376    -25.621   -2.62501   -22.5108   -29.9894   -17.0392    20.2249   -21.6731
    34.875     76.375   -12.9504    -11.892   -14.4805   -6.43309   -16.1349   -14.6036   -5.65146   -27.8623   -14.3724
    34.875     76.625   -19.5841   -17.5034   -26.0317   -6.82895   -19.6638   -19.3217    -14.807   -30.8549   -16.9747
    34.875     76.875   -12.9606   -14.9778   -22.3367   -6.66763   -22.2731   -23.1372   -13.7344   -32.6274    -17.468
    34.875     77.125   -11.5087   -13.8811   -20.9937   -7.61286   -23.0417   -25.7023   -12.6728   -32.2724   -17.4204
    34.875     77.375   -5.57974   -10.5641   -12.4516   -3.35642   -16.7409    -15.531   -8.59534   -23.7888   -14.5104
    34.875     77.625  -0.318278   -9.99863   -8.23767  -0.918771   -16.5773   -14.2618   -3.39098   -20.1456   -14.4949
    34.875     77.875   0.232661   -9.49828   -8.02531  0.0381917   -14.8217   -11.5252   -4.09994     -20.15   -13.3166
    34.875     78.125   -2.84829   -10.5966   -13.0927   -8.30066   -17.6989   -20.8787   -5.54859    -25.891   -13.9927
    34.875     78.375    3.92535   -9.13226   -9.76715   -6.20565   -14.9907   -16.9023   -2.52185   -24.0291   -14.1131
    34.875     78.625   -3.70949   -9.68066   -13.9108   -7.91169   -12.7356   -15.0998   -5.99979   -29.5603   -12.8325
    34.875     78.875   -4.19017    -11.078   -17.8011   -10.2102   -13.8342   -18.2721   -9.14817   -38.2064   -14.1372
    34.875     79.125   -3.21639   -11.6697   -19.4593   -11.2162   -15.0215    -18.117   -4.53439   -37.4629   -14.4721
    34.875     79.375    4.71015   -11.2314   -15.2597   -9.82294   -15.0641   -17.8814    2.71715   -29.8226   -12.5082
    34.875     79.625   -10.1492   -13.9094   -25.1084   -14.2316    -18.458   -20.6301   -6.30947   -24.6307   -15.8836
    34.875     79.875   -7.59506   -14.1614   -25.0293   -14.5965   -20.2527   -21.0165   -4.34166    -13.345   -15.8676
    34.625     73.875    21.7783    1.04937   -3.16227     2.1724    19.5189     26.237   -1.19716  -0.333879    5.33587
    34.625     74.125   0.449681   -12.1794   -9.99741    1.89316    7.14399    10.2834   -13.6021   0.944342   -9.42406
    34.625     74.375    8.80714   -4.63837   -12.7107    3.33373   0.404944    4.74196   -6.28566  -0.435428   -14.0589
    34.625     74.625    1.73648  -0.991646   -9.65138   -6.69549   -9.39448   -7.89008    -11.556    1.64635   -19.1036
    34.625     74.875    3.36378   -22.4738   -10.7781    1.05109   -7.90345    -7.5076   -12.4906  -0.212572   -13.2826
    34.625     75.125    16.8486   -8.83852    3.09608   0.855082     -12.84   -2.75184   -8.97446    4.73416   -17.5212
    34.625     75.375    6.39778   -13.2416    -5.7163   -3.87122   -17.6935   -10.3813   -10.8396    1.94504   -21.9686
    34.625     75.625   -6.12658   -20.7056   -16.9081   -11.0292   -25.4742   -14.8093   -18.4801    10.1316   -30.0679
    34.625     75.875   -3.45541    -21.462   -14.8306   -8.12537   -19.9473   -12.2575   -15.5539    15.5473   -25.3797
    34.625     76.125   -25.8411   -21.4909   -28.8879   -4.98562   -21.3269   -27.5776   -19.9869    26.0977   -22.2207
    34.625     76.375   -19.5695   -13.8539   -21.6703   -2.00832   -15.6438   -19.7451   -11.5226   -38.8642   -14.0445
    34.625     76.625   -19.4994   -17.2301   -29.2214   -8.04559   -21.9559    -23.578   -13.5962   -34.5504   -15.2045
    34.625     76.875   -6.16622   -10.9497   -15.7828   -3.22484   -18.6765   -19.7896   -6.80182   -25.3621   -15.6567
    34.625     77.125   -11.7159   -13.5361   -20.7819   -8.80159   -22.3081   -25.5611   -13.9969   -32.2152   -16.3364
    34.625     77.375   -11.2933   -12.5447   -20.4626   -10.7797   -21.2181   -23.7455   -13.2672   -32.8072   -15.6679
    34.625     77.625   -3.24254   -12.0176   -14.5821   -8.47743   -19.3434   -23.9945   -5.56694   -26.2546   -12.4746
    34.625     77.875    4.67368   -9.82445   -5.35891   0.420701   -14.7378   -12.2709    1.42448   -18.7402   -12.4939
    34.625     78.125   0.207964   -10.3277   -10.5841   -6.49307   -14.3458   -17.4593   -2.25254   -25.4148    -12.294
    34.625     78.375    6.41049   -9.97235   -9.68413   -6.90732    -13.399    -16.006   0.743086   -26.2646   -12.8592
    34.625     78.625   -2.96751   -11.2497   -14.9957    -9.5184   -14.2442   -18.6508   -4.27871   -34.2522   -13.7491
    34.625     78.875    1.90042   -11.1113   -16.2138   -10.3368   -13.6701   -17.1469   -5.72528   -34.3768   -13.5087
    34.625     79.125   -4.71562   -13.0966   -23.0669   -13.2455   -16.2765   -18.7383   -6.06872   -36.2366   -16.1271
    34.625     79.375   -5.62429   -14.7467   -24.5015   -14.5618   -18.4341   -21.0588   -3.77079   -30.4272   -16.3747
    34.625     79.625   -4.81695   -13.3814   -23.0329   -13.8912    -19.611   -21.2661   -2.34535    -19.644   -15.1389
    34.375     73.625    24.5175  -0.988103    -11.399   -11.3502    3.54572    3.32186   -7.78004   -3.82152   -7.66348
    34.375     73.875    3.12613    -12.144   -16.4293   -13.3155    -4.3141   -2.21628    -14.739   -0.53221    -8.4531
    34.375     74.125   -2.39974   -21.7851   -15.8191   -4.08849   -2.45346  -0.919467   -17.7517   -5.13841   -16.5614
    34.375     74.375     12.924  -0.929411   -6.12969    10.0852   -5.37917    -2.2936   -2.61404   -4.42788   -17.8616
    34.375     74.625    11.0079   -6.95904   -10.9455    13.2816    -5.4712   -7.68177    -1.6674   -8.24291   -19.2996
    34.375     74.875   -2.61707   -12.5982   -8.42851   -12.5131   -18.0245   -17.7195   -17.9666    5.83035   -27.1026
    34.375     75.125    1.36089   -7.19616    7.19555   -2.00235    4.36022    2.04464   -8.96841    12.9452   -14.7153
    34.375     75.375    5.50821   -7.24807    2.96256   -2.20664    6.27272    4.05231   -7.84599    7.86463   -13.3595
    34.375     75.625  -0.855197   -10.5951   -2.96514   -4.85868    2.84615   -1.66308     -5.922    11.7355  -0.553731
    34.375     75.875   -7.39398   -11.6139   -7.02907   -10.2382   0.248089   -6.68405   -8.18328    18.2235   -2.48458
    34.375     76.125   -20.2228   -18.1323   -24.2518   -10.1218   -17.5836   -18.0678   -14.9738    19.9958   -22.2223
    34.375     76.375   -20.1212   -13.6424   -21.8741   -1.88723   -15.2324   -17.6068    -11.862   -37.7941    -13.179
    34.375     76.625   -8.39794   -8.42475   -15.7413   -3.53557    -8.2894   -8.96327   -10.5856   -19.5749   -6.62134
    34.375     76.875   -9.02848    -12.334   -20.8662   -7.10256   -18.0584   -21.9837   -11.1367   -32.3565   -13.7894
    34.375     77.125   -4.21895   -9.74379    -13.463   -3.34829   -15.6873    -16.934   -10.2308   -24.8456   -13.0263
    34.375     77.375   -3.53878   -9.55384   -12.8856    -3.1247   -14.0486   -13.9036   -8.97148   -24.7567   -11.6784
    34.375     77.625   -10.0943   -11.8646   -22.0858   -11.6031   -15.9122   -19.7554   -9.28688   -36.3619   -13.3847
    34.375     77.875    2.70018   -9.38763   -8.48235   -5.35999   -12.8989   -15.6671    1.69708   -21.9843   -10.7257
    34.375     78.125     4.8011   -9.45805   -8.03037   -5.94263   -13.2933   -16.7698     4.3147   -23.3237    -11.133
    34.375     78.375    5.20948   -9.60115   -9.78464   -7.17222   -12.6137   -15.3316    2.54988    -24.655   -10.9939
    34.375     78.625    1.24521   -11.0477   -13.3378   -10.0273   -12.6359    -15.785   -3.04519   -30.1856   -12.5726
    34.375     78.875   -4.22276    -14.316   -20.6237   -11.9709   -15.5154   -19.6476   -5.27276   -43.6868   -16.4115
    34.375     79.125    3.91981    -12.829    -16.792   -11.8916    -14.372   -13.7175   0.431108   -31.0922   -16.4064
    34.375     79.375   0.955826   -14.1363   -19.5798   -14.0328   -17.4687   -16.8862    2.86263   -16.2206   -16.2379
    34.125     73.625    29.1018   -3.50794   -14.2394   -6.80076    10.9487    -0.2775   -9.12371   -13.1069   -12.5677
    34.125     73.875    31.4529   -1.26724    -7.8738    -2.5871    9.06435   -5.56966   -11.9793   -12.9956   -6.00539
    34.125     74.125    20.6042    1.45523   -2.40817 -0.0417375   -1.74743   -13.5081   -3.90168    1.99999    -10.459
    34.125     74.375    5.91217   -4.21663   -13.1341     1.8055   -11.4495   -20.9208   -5.76473   -4.00923   -16.6334
    34.125     74.625     5.6669   -14.7144    -11.021    6.06501   -8.52289    -15.574    -4.0494   -13.5189   -14.5898
    34.125     74.875    11.2433   -26.2577   -1.18214    14.1807   -5.27263    -10.171   -8.97178   -2.18364    -12.601
    34.125     75.125    22.1369   -4.23324   -1.01284   -4.22742   -9.30654   -12.7865   -1.16744    1.36578   -16.8944
    34.125     75.375    32.3918   0.920346    12.2578    9.82077   -3.84932    5.54376    1.12802  -0.763011   -11.6082
    34.125     75.625    14.9752   -10.8832   0.188214   -1.39489   -10.0005  -0.911601   -3.59018    1.24684   -16.1157
    34.125     75.875     6.7804   -8.16711   -3.61801   -4.17273   -3.81372    2.39107    -4.8947      8.343   -14.8448
    34.125     76.125   -6.04129   -10.0278   -9.38909   -5.91006   -10.2047   -6.73664   -7.82659    6.88556   -13.2766
    34.125     76.375   -11.3438   -6.00023   -14.6371   -1.44241   -10.0905   -12.6853   -3.10931   -23.5032   -9.16403
    34.125     76.625   -2.55501   -6.99213   -11.0665  -0.447382   -10.5262    -13.482   -2.73571   -20.4771   -10.6127
    34.125     76.875   -4.40823   -10.2719   -17.8467    -6.2866   -16.1318   -20.6449   -6.65533   -28.6173   -12.2643
    34.125     77.125   -9.31902   -13.1365   -20.3621   -9.40333   -14.9045   -20.4728   -12.6157   -34.5755   -11.9924
    34.125     77.375   -8.17204   -12.6966   -16.6595   -9.11529   -14.9712   -20.6898   -8.43744   -33.1793   -12.3114
    34.125     77.625   -5.27887   -11.8798    -17.608   -13.1825   -18.0437   -21.6171   0.915125   -32.0553   -11.8622
    34.125     77.875   -1.19305   -10.2602   -11.2516     -7.283   -11.8607    -14.769   -2.57605   -27.6327   -10.6758
    34.125     78.125    1.86357   -10.8399   -11.6992    -8.0596   -13.5195   -17.9086    4.94747   -28.0329   -11.6346
    34.125     78.375  0.0616597   -11.0303   -13.2304   -9.46477   -12.9973   -15.5557   -2.87114   -30.8341   -12.1215
    34.125     78.625    5.65427   -11.1994   -10.4642   -9.08015   -11.2291   -13.4743  -0.814128   -34.3245   -15.0304
    34.125     78.875    1.31213   -13.5969    -20.396   -11.5802   -13.6112   -17.9796   -10.0496   -32.0441   -14.7469
    34.125     79.125    6.29473   -11.2221   -15.1253   -10.1823   -10.8877   -7.66984    5.07393   -35.9396   -18.5301
    34.125     79.375    4.39937   -14.1471   -13.8599   -11.5405   -16.0152    -13.915    2.09397   -16.9194   -16.6088
    33.875     73.875    17.7787    10.9608   -4.14249     3.7976    2.61769   -2.93832   -14.1867   -21.5675   -10.2168
    33.875     74.125     18.427   -6.79805    2.60601    10.5645   -3.71289   -6.35659    -7.4148   -14.1841   -11.1875
    33.875     74.375   -6.44844    1.79698    -16.432   -21.5065   -30.1955   -24.7171   -19.0152    5.05456   -40.9748
    33.875     74.625    22.9152    2.53215    3.08307    4.89111   -14.1327   -24.2479   -8.77934   -7.07897   -9.79523
    33.875     74.875    46.1255   -4.83182   0.247647     11.004   -12.8363   -15.1278   -8.64335  -0.532003    -6.2429
    33.875     75.125     12.182   -4.38063   -8.16488   -4.83298   -13.2209   -22.4784   -5.76181   -9.19339   -18.5312
    33.875     75.375    18.1374   -8.80346   -2.96856   -6.71997    -13.728   -14.8886   -13.5824   -3.45648   -13.5197
    33.875     75.625     25.089   -8.94239    3.53588   -4.25252   -3.24886 -0.00566944   -4.05846    1.70322   -6.43943
    33.875     75.875    18.4278   -8.91698   0.720092   -2.61585   -5.11776    1.88019  -0.771012    9.25688   -10.2943
    33.875     76.125    7.57146   -8.80913   -3.21367    -3.3077   -3.57707     0.3111   -1.25864 -0.0374125   -14.2515
    33.875     76.375   -14.8977      -7.76   -20.2866   -5.07446   -12.8969   -17.6719   -9.09837   -32.6252   -11.6457
    33.875     76.625   -4.04909   -7.60881   -18.0852    -8.0015   -15.0021   -19.8843   -2.79049   -23.3842   -9.68915
    33.875     76.875   -1.54321   -9.46133   -16.6169   -9.07311   -16.2107   -22.6481   -2.29931   -27.4203   -11.0506
    33.875     77.125     2.0816   -8.34783   -12.6945   -5.63786   -13.0226   -18.8505     1.2719    -23.251   -9.88281
    33.875     77.375    1.09261   -9.13068   -8.71382   -6.02115    -12.854   -16.6754    1.70611   -25.5395   -10.2354
    33.875     77.625   -11.8574   -15.6515   -14.7553   -11.3653   -15.1179   -19.4035   -8.71991   -36.4949   -14.9008
    33.875     77.875   -2.31376    -11.673   -11.6006    -8.4688   -13.1284   -18.1702   -0.36446     -31.22    -12.291
    33.875     78.125    1.02336   -10.0729   -12.2501   -9.07563   -12.3183    -15.179   -1.73414   -30.4019   -11.7436
    33.875     78.375    1.47245   -10.7923   -13.1065   -10.1549    -12.503   -15.2107   -2.18995    -30.177   -12.6872
    33.875     78.625    1.90504   -12.0135   -14.5016   -9.53231    -13.732   -19.7798    3.90734   -36.2338   -15.8265
    33.875     78.875    2.20449   -14.1962   -19.1131   -13.5328   -16.5999   -18.9546   -3.82771   -29.5442   -16.7436
    33.625     73.875    11.5108   0.892622   -11.4923  -0.185785   -16.3746   -14.9935    1.29185   -18.1971    1.63714
    33.625     74.125    11.4432    5.66374   -2.52644    15.7899    4.41467   -3.85655   -5.99302   -31.4797    3.72046
    33.625     74.375   -7.83761   -7.66816   -21.2687   -19.9972   -30.3479   -28.4768   -12.6549     -4.984   -6.06625
    33.625     74.625   -5.51642    1.89893   -26.9394   -21.8647   -33.9588   -30.6832    -22.088    5.10255   -16.7945
    33.625     74.875    17.5898    1.54176   -17.0308   -2.89013   -16.6308   -17.7844    3.05525   -23.0384   -11.9825
    33.625     75.125    25.0264   -1.74019   -9.63913  -0.133071   -7.04957   -14.6657   -16.8715   -14.8836    1.70445
    33.625     75.375     23.811   -6.95555   -11.9431   -4.65054   -10.1667   -14.4424   -17.6334   -15.9033   -2.66068
    33.625     75.625    16.8871    -17.439   -10.6355   -16.3328   -15.9241   -10.5002   -12.3087   0.999881   -4.36481
    33.625     75.875    28.7887   -9.97829  -0.992365   -4.09961    -2.8044     3.0362  0.0227292    8.40996   0.248371
    33.625     76.125    15.5849   -9.86301    2.12722   -2.15823    -2.2988    8.71341    3.65626   0.354154    -8.8214
    33.625     76.375    12.7743   -8.62942    2.38944    1.60082    1.64509    2.86492    5.16815   -34.0104   -2.19439
    33.625     76.625   -15.5908   -15.0718   -21.1016   -9.09625   -16.3586   -18.8774   -4.69771   -46.4183    4.72572
    33.625     76.875   -6.09337   -11.4895    -10.396   -7.49663   -15.1353   -15.8684   -5.08627    -37.086   -9.73905
    33.625     77.125    4.87481   -8.76521   -3.24184   -3.27314   -12.8146   -9.70089    3.71561   -26.4241   -10.4063
    33.625     77.375    3.60724   -9.09443   -5.74829    -6.2403   -11.5288   -13.5953    4.59764   -26.5857   -10.3703
    33.625     77.625   0.244569   -8.16022   -8.16947   -6.55008   -9.91231    -12.589   -6.25233   -26.9442    -10.708
    33.625     77.875   -7.31941   -11.9328   -16.2322   -10.8992   -12.3229   -15.3507   -12.2376   -36.4945   -13.4101
    33.625     78.125     3.5235   -8.91469   -11.1742    -8.7251   -13.2272    -16.346     5.9989   -30.0604   -12.7643
    33.625     78.375    5.11123   -8.67351   -12.4379   -8.45792   -11.4578   -15.1227    2.07003    -29.868   -12.7324
    33.625     78.625    7.46938   -9.70806   -12.5544    -10.355   -13.5646   -17.8449    8.14388   -35.7798   -16.5208
    33.625     78.875    9.26923   -11.0122   -17.4115   -11.4553   -15.1832   -18.6139    3.73693   -17.7068    -11.856
    33.375     73.875    2.74873   -14.2669    6.25446   -12.3961   -13.3142   -19.7992   -2.85627   -24.0016    11.2061
    33.375     74.125  -0.689008    -11.566    17.3597   -17.9909   -20.5849   -28.1338   0.998892   -32.6194    14.5923
    33.375     74.375    18.8783    2.30498    30.4595   -1.51612   -16.4333   -24.4972    24.8722   -21.2172    22.4339
    33.375     74.625    6.19619   -2.75541   -10.4064   -1.40847    -20.455   -27.6908   -6.56061   -22.6989   -1.78637
    33.375     74.875    16.6945   -6.53441   -9.24793    1.05247   -17.0555   -25.3946    7.31129   -24.4814   -4.03275
    33.375     75.125    4.74887    -19.262   -21.8613   -18.4673   -24.8919    -30.341   -23.9734   -20.1656   -2.30441
    33.375     75.375   -23.0327   -10.6364   -30.3545   -41.3006   -39.8471   -34.3842   -35.8351    2.47878   -28.2537
    33.375     75.625    18.1585   -20.6622   -19.6942   -20.0317     -23.26   -23.4577   -19.1691   -14.6438    -2.3333
    33.375     75.875    27.0843   -17.0877   -9.75196   -7.49847   -5.96349   -8.08739   -6.36662   -7.78751    3.51043
    33.375     76.125     28.614   -15.4082  -0.907807   0.107453    2.28301    1.49302    9.35868   -9.61624     5.9611
    33.375     76.375    27.7213   -18.7965    4.79936  -0.833704   -2.75032   -7.62502    12.4763   -25.4547    3.19111
    33.375     76.625    11.7417   -15.2836   -2.52067    8.37593   -11.7553   -8.07704    18.2679   -38.7196  -0.289367
    33.375     76.875   0.791915   -14.8831   -6.90838    1.83249   -11.4704   -9.48978    5.41522   -50.0448     6.3457
    33.375     77.125     8.7027   -12.8116   -12.7589  -0.634182   -15.4561   -12.6841     6.2702   -44.6908    -10.091
    33.375     77.375    6.45622   -12.4214    -14.595    -3.5782   -15.1292   -14.3038    5.93252    -42.823   -14.3938
    33.375     77.625    -4.4429   -13.0823   -17.5821   -9.44968   -16.2731    -17.295     -1.553   -45.8797   -17.6009
    33.375     77.875   -7.57426   -11.3696   -18.7981   -12.3898   -16.7854   -15.5167   0.378336   -42.6648   -16.2699
    33.375     78.125      5.553   -9.12494    -12.786   -9.31154   -13.8293   -14.9742     9.4997   -36.9969   -16.9295
    33.375     78.375     6.6923   -10.7472   -16.8296    -10.414   -14.0942    -15.755    10.7186   -40.8348   -18.8247
    33.375     78.625    9.49988   -9.54329   -16.2402   -11.5069   -12.8628    -14.939    6.61418   -21.2126    -13.347
    33.375     78.875    10.7905   -12.0028   -19.1997   -9.61354   -17.8227   -19.5778    10.7528   -11.6995    -8.8284
    33.125     73.875    6.68384   -6.95569    11.5467   -11.5673   -9.17348   -15.2766   -2.56186   -32.8304    20.4001
    33.125     74.125  -0.926024   -13.4474    10.5801   -11.0425   -12.2079   -14.3528   -2.39422   -30.0633    29.2803
    33.125     74.375    15.4616   -7.47833    49.2239   0.522547   -4.13412   -10.6023    14.6321   -48.4564    30.1163
    33.125     74.625    13.2912    2.17737    63.8127    12.3967    5.94711   -2.75249    20.3475   -46.4469    31.0307
    33.125     74.875    17.8155    1.07404    32.4535     9.7567    1.72037   -7.27845    12.9836   -33.3482    17.8329
    33.125     75.125    8.75111   -11.4412    -3.9819   -10.9625    -7.2113   -19.3642   -8.28469   -29.3691    7.11793
    33.125     75.375    20.8279   -8.33991   -12.3022   -9.73264   -5.77901    -11.004   -8.01511   -14.7175   -4.74831
    33.125     75.625    23.0707   -13.0451   -17.2942   -5.68633   -3.15623    -14.019   -10.7578   -19.1282   -6.63111
    33.125     75.875    20.7917   -16.1426   -19.9218    -8.7245    1.64516   -4.47313    4.75053   -33.2707    3.32973
    33.125     76.125     12.908   -17.4017   -9.07322   -19.5435   -11.1569   -15.1312   -3.01318   -24.4018   -3.33415
    33.125     76.375    11.5131    -22.506    5.55765   -4.58724   -3.96806   -9.19732    17.7918   -40.8082    4.06442
    33.125     76.625    26.4153    -10.179   0.346958    1.22047   -13.2142   -8.58434    27.0383   -29.1357   0.473101
    33.125     76.875    36.4855     1.5421   -13.0287    1.03897   -21.6628   -7.81193    37.1296   -30.2856   -3.91894
    33.125     77.125    19.5171   -10.8191   -11.8707     3.0918   -12.9488   -2.96965    29.5965    -26.784   -1.55377
    33.125     77.375    16.0692   -14.0082   -24.6669   -4.50261     -15.57    -13.474    15.2839    -41.101   -14.2252
    33.125     77.625    16.0107   -10.6881   -15.4032   -2.85148   -12.8744   -10.6634    9.85238   -36.1412   -19.7279
    33.125     77.875    13.6439   -9.80125    -14.747   -3.46371   -12.4058   -10.6829    19.7546   -39.7457   -17.2106
    33.125     78.125    18.0747   -1.12913   -6.04667   -3.67853   -7.95474    -7.0799    15.3909   -32.5484   -15.9774
    33.125     78.375    11.6545   -3.04284   -10.3549     -7.346   -10.0604   -9.49109    14.9923   -34.1971    -14.287
    33.125     78.625   -3.04903   -15.1563   -25.3924   -13.5019   -18.0568   -19.2485    1.16467    3.75308   -15.8954
    33.125     78.875    3.24715   -13.8483   -23.6972   -11.8395   -20.3373   -23.0118    4.65585   -10.6961   -8.55219
    33.125     79.125   -1.12232   -16.7584   -27.7509   -8.86748   -22.2275   -25.9112  -0.480121   -12.5753   -7.34903
    32.875     74.375    9.36653   -1.49153    59.7841    1.23111   -1.44496  -0.987211    5.29983   -19.5655    23.5614
    32.875     74.625   -1.80038    8.05054    49.6211   -5.52821   -6.92532   -4.97872    10.3649   -19.9355    22.5059
    32.875     74.875    4.26753    -7.4132    47.0845     6.0259    5.71835  -0.928846    5.33163   -37.7073    20.8529
    32.875     75.125    16.3929   -6.17233    8.13458   -7.89288   -3.34628   -7.02611   0.851979   -22.5872  -0.355137
    32.875     75.375    18.6662     14.261   -2.32456   -9.12468    5.04763    4.81375    4.85626   -14.2143    3.61499
    32.875     75.625    20.2831    35.3268    2.63754   -4.60786    4.99682    8.46839    5.51322   -10.8464    7.18486
    32.875     75.875    17.8675    8.95811    2.01268   -14.7069   -1.61657    5.95682    3.80598   -24.4474   -10.9627
    32.875     76.125    24.7823   -7.78927    21.2767   -14.3973    3.30807  0.0904681    19.0859   -48.5592   -3.62131
    32.875     76.375    16.5398     15.433    7.45342     2.0697   -3.06925  -0.632271    5.40502   -23.6003    5.22258
    32.875     76.625    27.7056    16.2381    4.67728    4.66526   -3.11773    4.23127    20.4883   -21.8756    9.51718
    32.875     76.875    38.2915     4.0202   -10.1594 -0.0698931   -16.6048   -4.74126    37.3796   -31.3084   -3.03021
    32.875     77.125    31.8032    11.4934   -20.7162   -3.56748   -18.9803   -5.28628    33.2351   -27.1205    -1.8125
    32.875     77.375    30.0394    6.97953   -14.5745   -5.71422   -17.7816   -7.88305     28.278   -18.6134   -4.39355
    32.875     77.625    35.8216    4.40937   -14.8447   -9.17232   -17.0264   -10.9034    27.6801   -15.1668   -6.05151
    32.875     77.875    29.5041    2.87043   -23.9643   -11.5649   -17.3601   -14.3685    26.4587   -12.7174   -10.6637
    32.875     78.125    40.7767    4.34511   -27.1263   -11.9672   -19.8138   -20.5228 -0.0807347     1.4342     -14.76
    32.875     78.375    25.6149   -2.25458   -18.9481   -6.07947   -18.4868   -18.5987    1.29251   -13.2194   -3.17022
    32.875     78.625    11.6657   -10.9333   -22.6466    -9.1107   -19.7319   -21.1341   -1.66411   -14.2311   -6.60105
    32.875     78.875   -4.44244   -15.0599   -30.3417   -16.0019   -24.7642   -31.0183    1.41816    -9.1038   -9.13464
    32.875     79.125   -2.94993   -16.0433   -26.3081   -7.99345   -22.1021   -24.6459   -1.07033   -12.2572    -8.8527
    32.875     79.375   -1.93301   -20.9958   -20.3582   -11.0591   -23.7362    -26.476   -8.76491   -11.9416   -11.1216
    32.625     74.875    14.2854   -1.41637    48.8127   -2.67124  -0.587196    1.26701    1.80886   -15.5609    12.1907
    32.625     75.125    19.1342     9.5516    23.8799   -14.5094    2.97201    2.23346    18.0877   -24.9938    3.23038
    32.625     75.375    20.3606    24.9721    31.5392   -17.5285    3.74157   -1.09286      23.13   -30.2133    7.66807
    32.625     75.625    28.9527    31.1234    25.2715   -23.6524    1.41572    1.20646    26.8272   -34.8664   -1.86679
    32.625     75.875    17.7943     12.185     0.1373   -24.0728    3.20759    2.76987    7.85232   -36.7446   -21.9132
    32.625     76.125    8.74863    -3.5929  -0.767528   -24.2707   -2.57336   -4.94234   -7.92337   -57.5808   -16.6385
    32.625     76.375    16.5161    23.3447    6.21717    -7.0141   -3.31987    2.37682    3.75301   -13.3962     2.7132
    32.625     76.625    29.7449    13.7222    8.62032    4.79973   -4.15587     8.9724    28.5435   -25.7643    8.47579
    32.625     76.875    34.7509   0.588146   -9.99253  -0.790874   -14.7091   -4.69415    39.0716   -27.7356   -4.01594
    32.625     77.125    29.0411    1.40606   -13.2236   -4.23784   -17.3348   -10.1537    30.6104   -18.6712   -5.47285
    32.625     77.375    22.2246    2.41802   -23.2479   -10.3106   -16.2911   -10.2049    23.5799   -12.6257   -4.03127
    32.625     77.625    23.2743    4.05459   -23.2181   -10.6062   -16.1006   -8.98899    23.8297   -11.0189   -4.04648
    32.625     77.875    27.4249    2.59239    -25.382   -8.19202   -15.8521   -12.8544     27.251   -9.62396   -6.11684
    32.625     78.125    15.4468   -4.08393   -27.3429   -11.7635   -21.3398   -17.1274   -4.99718   -9.86153   -15.2768
    32.625     78.375   -4.88354   -16.4632   -22.7965   -8.90241   -20.3361   -20.9038   -2.83084   -7.12433   -8.54297
    32.625     78.625   -15.8369   -21.6596   -26.4531    -12.777   -23.9206   -28.8851   -3.10649    -8.8137   -11.1584
    32.625     78.875   -9.58112   -16.7466    -26.094    -9.4773   -21.3323   -27.3041    2.84858   -14.4745   -5.56724
    32.625     79.125   -8.36913   -16.3882   -19.5331   -3.95876   -19.4298   -23.3803    2.68557   -15.3145   -5.37552
    32.625     79.375     11.915   -19.2939   -16.4799   -5.12315   -19.2831   -21.7366   -2.89991   -17.4635   -7.75253
    32.375     75.375   -4.34509    22.4079    32.0461   -15.9368   -4.21676    2.86584    24.9623   -48.8444   -4.67694
    32.375     75.625    6.23448    23.1635    15.1903    -17.273   -2.82922   -1.10312    12.3885   -64.9069   -6.41729
    32.375     75.875    11.1043   0.266324     6.7917   -29.5114   -4.91727    4.34996   0.013925   -56.7787  -0.716022
    32.375     76.125   -2.40122    -7.3417   -18.2263   -32.1832   -13.4613   -5.25395   -11.0922   -32.9086   -21.7999
    32.375     76.375    9.05155    17.1079    5.98182   -16.8315   -11.0831   -6.34655   -1.85215   -36.1393   -8.47561
    32.375     76.625    30.1245    25.0964    10.3799    7.38134    6.69071    18.8936    27.8366   -22.2433    5.39095
    32.375     76.875    40.4664    17.6833     4.8731    8.79707   -5.73772    8.59336    37.1907   -17.5753    2.73521
    32.375     77.125     23.437   -1.78454   -12.5892   -3.22029    -14.329   -7.21328    21.7231   -16.0736   -10.8077
    32.375     77.375    9.35333   -2.95021   -25.5114   -9.48482   -17.2429   -12.6641    5.92413   -10.6034   -7.22337
    32.375     77.625    18.6712   -1.93585   -27.9324   -5.72506   -8.30056   -7.32081    14.2213    -12.411   -9.56147
    32.375     77.875    31.8451     3.2195   -13.6544     2.6535   -3.22472    -1.2967    10.3511   -15.1205   -8.86816
    32.375     78.125    13.4465   -10.5248   -20.5857   -1.53657    -17.818   -13.9832  -0.913706   -19.7603   -11.6209
    32.375     78.375    4.75188   -13.8176   -16.9603   -1.84008   -18.3192    -15.876    6.79868   -13.9411   -7.57141
    32.125     75.375    5.31316     5.2942   -2.11556   -3.29965   -3.46586   -1.72128    15.0207   -30.2518   -2.89152
    32.125     75.625    17.3287    19.2553    20.9606   -2.24308    2.01164   -0.85456    10.1738   -65.3264   -9.09727
    32.125     75.875  -0.711308    4.45328   -10.6937   -18.6773   -3.99829    2.90048   -3.50331   -41.6056    -13.022
    32.125     76.125    -3.8505    11.3458   -6.64442   -14.8524    1.66621    5.85469    12.6416   -20.9965    6.33098
    32.125     76.375    16.0873    23.9535   -31.0792   -22.9908  -0.694913    2.49354    7.19748   -15.1977      6.436
    32.125     76.625    40.6934    20.2547    11.5596    -11.117   -10.0324    2.67263    42.3727   -39.9792   -3.83004
    32.125     76.875    34.5849    6.43013    17.9535   -9.31859    -5.2931     4.2838    15.3078   -32.5149   -14.6905
    32.125     77.125    28.4053   -3.91395     6.2272   -1.22716   -4.90379   -5.66709    13.7773   -19.7274   -14.0305
    32.125     77.375    12.3483   -1.38674   -21.9552   -11.6104   -15.7149      -11.1    9.52819   -16.0895   -10.6407
    32.125     77.625    16.5454    12.8428   -12.2861    8.96931    4.95877    7.49367     16.242   -29.5741   -2.60627
    32.125     77.875    32.6495    6.82697   -2.54794      15.85     2.5061    7.43575    18.5003   -29.8446   -2.25201
    32.125     78.125    4.13639   -18.9718   -24.3612   -8.47291   -24.8125   -25.3397   -12.5541   -7.11746   -17.2569
    32.125     78.375   -1.01729   -19.4699    -20.624   -2.88333   -21.8191   -21.3263   -8.36309   -11.0974   -9.95848
    31.875     74.875    29.1436   -2.80481   -14.9031    -12.705    11.8832    11.1331    7.52749   -24.8267    7.94874
    31.875     75.125    15.4276  -0.799193   -17.6638   -12.9717   -2.09868  -0.963854    1.92557   -30.7389    -3.8215
    31.875     75.375    24.9061   -1.75047   -18.6458   -7.38126  -0.595057   -3.85364    9.16103   -30.8583   -8.03368
    31.875     75.625   -9.05036    5.12704   -12.3114   0.303225   -4.40478   0.533317   -11.2768     -31.64    -8.3735
    31.875     75.875   -7.16347    13.6899   -30.3159   -11.4703   -7.69108  -0.718114   -4.47817   -20.0042   -10.8321
    31.875     76.125   -2.58257    14.1685   -20.2245   -16.7122   -2.31533    2.74837   -1.10797   -3.05017    1.02502
    31.875     76.375    20.3024    18.5563   -13.4302   -29.7208    3.40607   0.170751     13.209    30.4764    11.3753
    31.875     76.625    20.4228    17.4887     4.3321   -24.3757    4.78024   -0.75759     17.258     8.0708    10.8912
    31.875     76.875    26.5197    1.60877    17.7542    3.99177    6.19695    7.19636     20.947   -35.0075   -4.18779
    31.875     77.125    13.7476   -4.33778    8.66216    6.82937    4.59761   -1.45518    2.14826   -28.5298   -6.48902
    31.875     77.375    20.7436   -1.01178    16.4419    15.0254    9.25043   -2.32924    13.3407    -38.711   -8.09789
    31.875     77.625    37.8565    18.2985    17.4681    17.1175    12.6888    7.28591    27.6988   -32.0588     2.6745
    31.875     77.875     31.724    12.1519    6.21755    23.5792    4.19066    13.9893    26.7697   -35.1349    1.63784
    31.875     78.125    12.5967   -2.55171    13.3375    4.34857   -9.25399    1.15591    4.25968    -17.228   -10.6626
    31.875     78.375    2.11972   -18.6121   -15.9095   -1.62987   -19.6378   -17.1786   -7.44967   -14.4755   -13.5015
    31.875     78.625  -0.620017   -27.9486   -20.2938   -6.49732   -23.2523   -16.9476   -5.44812   -12.9365   -12.1105
    31.625     74.875    27.1496   -1.73848     7.4325   -2.33042    4.40324    9.40563  -0.448672   -23.2256     8.2927
    31.625     75.125    13.1977   -3.70946   -12.4917   -15.1612    2.46639    5.08364    5.70013   -22.8495   -10.1571
    31.625     75.375    30.1088    1.08576    14.7879    2.26798    4.09803    2.42996   -11.7527   -23.4889   -8.55087
    31.625     75.625   -2.58253     3.7466   -19.8426    5.74513    3.36356    1.31378   -2.12203   -8.86801   -7.99549
    31.625     75.875   -4.16826   -3.91491    11.1566   -16.7722   0.685383  -0.885793   -3.19826   -31.2891   -20.6356
    31.625     76.125   -5.51727    3.88808   -21.2323   -18.7346   -2.82367   -2.25365    2.55183   -15.2475   -4.65172
    31.625     76.375    22.8979     22.659   -12.0257   -27.1168   -6.64079   -5.51919    6.29822    9.96119   -7.72455
    31.625     76.625   -1.90768    6.95696  -0.255542   -32.7177   -10.4206   -7.41718   -3.60178   -35.3096   -17.4279
    31.625     76.875   -5.37153  -0.516607   0.243771    -17.656   -6.58418   -12.2365    6.77717   -44.4598    -16.832
    31.625     77.125    13.0021  -0.935544    15.6365    8.60465    12.7948    3.54323    5.10613   -51.2691    2.93269
    31.625     77.375    2.30178    3.08115    7.44744    7.84843    5.13919   -7.34821   -8.16392   -56.8271   -8.37776
    31.625     77.625    37.4264    16.4821    26.6015    21.0299    16.9159    7.78835    23.3553   -28.5968   -9.96217
    31.625     77.875    21.8921   -3.78819    18.0859    8.85884    -9.7504    -7.4849    17.8851    -11.097    -11.412
    31.625     78.125   -19.5705   -17.9363    -14.503   -5.49992   0.649508   -4.96199   -3.29072     10.303   -9.32277
    31.625     78.375   -41.7431   -31.4345   -16.4878   -15.5817   -8.96576    4.00408   -15.7677    22.7895   -4.27103
    31.625     78.625   -45.6801   -28.1608   -14.8613   -13.9156   -5.92896    3.92725    -30.126    19.9079   -19.4461
    31.375     74.875   -16.5681   -27.9909   -22.3448   -11.1657   -2.53223  -0.172125   -8.00175   -32.1825     3.7239
    31.375     75.125    2.71609    -5.3906   -20.7396   -11.9251    -5.6439    1.93738     12.725   -30.1757    9.42041
    31.375     75.375   -6.93014    -24.506   -44.3188   -19.4719   -9.23566   -10.9073   -11.2761    -20.037    8.37557
    31.375     75.625    10.0903   0.848619   -9.47484   -0.02915    5.38147    2.74045    14.8373    5.03465    1.09631
    31.375     75.875    25.3226    3.20715   -10.9248   -8.16164     7.8503     0.7771    6.56953   -3.60103   -6.63082
    31.375     76.125    9.02212    6.25516   -27.0383   -6.44493    3.81079   -4.69592  -0.545182   -3.71267   -3.70133
    31.375     76.375    6.02065    15.1966    1.50584   -17.2903   -2.50171   -0.47435    11.7801   -6.48239   -10.0826
    31.375     76.625    5.52142    16.5836   -10.5851   -24.6049   -13.4641   -6.27395    6.81952   -1.18685   -8.21973
    31.375     76.875    1.25349    17.3552   -6.44871   -25.5206   -17.4813   -9.41171    11.6849   -28.2603    -15.339
    31.375     77.125    3.87755     5.9697    10.9591     3.9293    3.16697   -2.62774   -8.72645   -38.4412    1.81598
    31.375     77.375    8.54055    -9.4548    6.08816    6.74268    13.8093    2.33869   -5.54585    -55.641    3.09792
    31.375     77.625    30.7261    1.96315    20.2739    20.9792    24.0766     7.1235    6.18889   -57.4718   -17.6276
    31.375     77.875   -4.27831   -7.15422    4.25326   -9.20869   -22.0355    -4.9021    8.29899    9.81273   -17.8993
    31.375     78.125   -17.6581   -17.0592 -0.0346639   -4.45338   -7.23122   0.166444   -4.08414    14.2197    -8.4958
    31.375     78.375     51.186   -1.14157    21.5617    10.8677   0.976628    1.38336    34.8661   -4.80276    3.57704
    31.375     78.625   -11.2058   -9.14756   0.706968   0.108635    4.04064    3.69367   -17.1117    8.98646   -8.28229
    31.125     74.875   -22.0818   -23.9937    -39.472   -4.35451    -3.4209  -0.364504   -20.9868   -20.3277    19.1276
    31.125     75.125    10.5058    2.47598   -14.2193   -5.49273   -4.13668    9.45984    21.2714     -8.927    10.1541
    31.125     75.375    -16.996   -30.1808   -27.4671   -9.62968   -5.08874   -9.92117   0.497949    -6.4438    4.02532
    31.125     75.625   -37.5547   -34.2483   -45.0306    9.98337   -5.25425   -5.87957     -19.82   -7.49813   -4.46002
    31.125     75.875    11.9385    4.59359   -32.0527   -5.07047    2.84704    7.59039    -19.533   -20.5111 -0.00973194
    31.125     76.125    11.1903   -1.97203   -40.0976   -15.5082  -0.426601  -0.625024    14.6468   -15.9483    -3.4709
    31.125     76.375   -1.91732    4.21755   -26.5086   -12.0166   -1.83847   -4.79869    18.8567   -4.03474   -3.02125
    31.125     76.625   -1.39643     7.3353   -7.90276   -15.8509   -6.68239   0.188678    3.56378   -11.7808   -10.4523
    31.125     76.875    4.07601    4.59627  -0.986497    -21.293   -11.2246   -4.13664    12.2967    -29.798   -11.5035
    31.125     77.125   -11.5973      12.58    -15.487   -15.2988   -13.2915   -5.50609   -8.53791   -35.2738   -17.8577
    31.125     77.375   -17.3255    3.90563   -16.5958   -12.0511   -12.6873   -12.1362   -23.8438   -41.9979   -26.3598
    31.125     77.625   -3.75554    14.8707    7.13366    6.07352   -0.60789   -3.69853    -12.155    -28.642   -19.8677
    31.125     77.875      7.956     7.4458    10.8762    1.07129   -10.5769   -1.34618     9.9743   -15.2065   -18.7112
    31.125     78.125   -2.51197  -0.972792   -6.35159   -17.7044   -31.6078   -12.5272    9.30063   -8.57503    5.20681
    31.125     78.375    37.1132   -1.10804    3.16229   -2.76976   -7.61068   -1.93811    20.1332   -33.6791    8.78499
    31.125     78.625    30.7842     16.379    16.6304    6.46092    6.69219    9.99707    18.4545   -47.0749    31.0387
    31.125     78.875     46.419    31.5389    37.8373    19.4439    30.2089    16.3347    29.8016   -13.7313    34.1468
    31.125     79.125    41.4103    25.3151    34.8713    10.0984    22.0392     19.562    22.6015    -19.627    40.5073
    30.875     74.625   -17.8151   -24.8508   -15.3386   -6.59194   0.750719    11.6524   -12.0552   -7.51584    12.7683
    30.875     74.875   -1.11868   -4.17319   -28.0067   -1.11053   -2.25804    8.47766    8.16642   0.689324    19.9022
    30.875     75.125    24.4033    3.51063   -10.4457   -8.90506   -2.80358    17.7239    23.9819     5.1815    8.46822
    30.875     75.375   -8.36974   -22.5477   -28.3512   -3.87872   -3.81603    0.28206   -1.59664   -4.03043     8.9886
    30.875     75.625   -6.23943   -5.95866   -28.9312     13.954   -3.06361    9.74354  -0.893035   -7.49418    3.77983
    30.875     75.875   -26.8627    -5.8262   -36.7497    7.54456   0.309579    6.66949   -8.40522   -17.2213     12.325
    30.875     76.125   -15.3458   0.623218   -36.3455    2.73351    2.07353    6.34806     7.6319   -6.60479    14.9666
    30.875     76.375   -20.6291   -4.47782   -28.1674   -8.67189    4.71925     5.2666    2.87321   -13.0113   -1.42154
    30.875     76.625     -4.969    13.3496   -31.6563   -23.5347   -3.01245    3.54411     3.1235    -38.301   -9.13265
    30.875     76.875    4.98541    1.96756    2.03442   -1.01665   -1.61074    5.30332    2.41161   -15.6423    10.6537
    30.875     77.125     1.1527    16.5376    -7.9672   -12.3726   -7.17529     9.2276    -0.5728   -31.4716   -10.2359
    30.875     77.375   -1.43601    22.2854     15.671   -8.19517   -13.5703    3.71622    5.03449   -26.4078   -19.2725
    30.875     77.625    6.53282    14.4859    5.01177  -0.824092   -5.82818    4.37394    7.31352   -34.9426   -10.4634
    30.875     77.875    4.07585    5.98029    9.13296   0.798154    3.48917    11.7723     12.418   -56.2102    18.3548
    30.875     78.125    15.6683    10.3661    -1.6951   -7.55986   -3.34038    4.24909     4.4833   -59.4953    14.3223
    30.875     78.375     27.148    26.0079    5.82755   -12.9987  -0.149661    3.46385    6.33826   -28.3201    6.82658
    30.875     78.625    41.8226    21.8402    12.7309   -12.6949    18.4254    9.56875    19.4576   -34.0251    29.3524
    30.875     78.875    53.5985    45.7704    51.8796     30.398     13.256    16.5152    45.6417  -0.427642    12.9281
    30.875     79.125     41.651    35.3491    24.9382    31.4557    7.70382    18.2991    31.4208    8.94233    47.6697
    30.875     79.375    23.6175     21.448     5.1096    25.3319    2.90769    10.8183    13.0553    4.65851    45.1409
    30.875     79.625    57.8163    47.4186    46.1019    41.8262    4.67034    31.9034    49.9692    3.97371   -28.4828
    30.875     79.875    43.5981    26.1329    18.6027    7.33995    15.4108    12.1725    12.5813    10.0367    28.2253
    30.625     74.375    8.55622   -19.7639   -7.85754   -5.94754    4.00121    9.90782  -0.742479 -0.0330264    19.2491
    30.625     74.625    1.69232   -14.0621   -11.6464   -5.90238    1.60597    16.0264   -8.02288    -4.9404    9.55616
    30.625     74.875   -11.5019   -17.9333   -11.4432   0.467483    2.59795    2.69614   -3.26796    1.07833    22.5628
    30.625     75.125    8.25944  -0.441633    -23.003   -10.5281  -0.653506    10.5909    2.03274    5.46515   -5.28426
    30.625     75.375    5.63554  -0.429392   -10.9541   -3.08671   -1.52731    10.7654   -1.31156    4.00537   0.853344
    30.625     75.625    -7.4545   -5.20666   -21.4014   -8.22853   -5.24598    7.93828    -1.3777   -4.40394  -0.580179
    30.625     75.875   -23.7293   -13.7713   -28.3817   -9.83698    3.45966   0.279913   0.624344   -10.6146    3.42879
    30.625     76.125   -29.9526   -24.4874   -36.1157   -12.8097   -2.98252   -3.58206   -9.45528   0.498954   -2.87619
    30.625     76.375   -33.0942   -27.6921   -41.2847   -4.39431   -8.50911   -10.6913   -21.4218   -13.8604    4.41742
    30.625     76.625   -19.0012   -1.10441   -34.5993   -4.95491  -0.586849     2.0962   -15.5394   -35.7971    11.8428
    30.625     76.875   -9.17674    15.4633   -24.1689   -8.99188   -1.84769    4.57094    3.22226    -32.085    11.2173
    30.625     77.125   -2.30909    8.82349   -1.70908   -7.64587   -8.37156   -1.52315   -2.06129   -25.3949    -7.8681
    30.625     77.375    10.4002    22.7202    11.0906    7.13637    8.20915    9.14368    19.8025   -22.8803   -3.47321
    30.625     77.625    9.06529    23.6022    4.78347   0.287938    3.06649    7.85137     20.241   -16.8085  -0.657462
    30.625     77.875    8.40717     20.424   -2.12558   -9.97365     6.0938    11.0928     18.702   -31.1129    16.3814
    30.625     78.125    16.1588    18.0965    4.53852   -2.06624   -2.71555    1.65396    1.77011   -29.2346     11.962
    30.625     78.375    21.5918    11.2696    2.13958   -12.3651   -1.79064     3.7799    10.3374   -31.5783    3.50012
    30.625     78.625     39.632     15.344   0.143621   -7.99957    13.7379    6.15332    18.2817   -25.7749    19.0074
    30.625     78.875    32.1227    37.8234    26.6328    1.45428    15.9888    2.78953    22.2825   -15.1977    25.1104
    30.625     79.125    38.9308    27.9679    14.0816    3.17105    12.8768  -0.989368    27.9783   -14.0012    34.8799
    30.625     79.375    63.9899    44.3182    47.9434    41.8774    18.7244    26.0264    51.7039   -3.33715    33.2375
    30.625     79.625    50.7397    35.4826    51.2442    23.9457    16.2801    16.6604     35.736     4.6144    42.9502
    30.625     79.875    44.7759    18.0103    17.8016    16.4169    13.2521    14.9562    18.8866    18.1583    35.0485
    30.625     80.125    19.4768   -2.11325   0.607174   0.822174   0.353038    3.66484  -0.826056    15.2868    14.5602
    30.375     74.125   -3.85128   -25.0778   -17.0148   -3.81549     1.6235    13.7314    4.36932   -18.2599    25.1223
    30.375     74.375   -11.8022   -27.7382   -6.02882   -6.33388   -3.55193    7.25375   -0.34744   -10.5064    34.4092
    30.375     74.625   -5.85559   -17.2126   -7.74701    1.39071   -1.36043     10.383    4.48361   -22.1401    32.8216
    30.375     74.875   -5.63991   -14.0172    -10.831    5.08658    1.82013    6.95463    2.26339   -12.5786    31.2023
    30.375     75.125    5.19431    -3.5759    -23.851    4.31412  -0.270139    9.23006    1.43441   -8.31231     -6.009
    30.375     75.375    1.63506 -0.0565972   -22.2268    11.7215   -2.66558    8.84846    4.37146   -0.40834   -1.54996
    30.375     75.625   -15.5137   -9.27072    -19.361   -5.02184   -5.11784  -0.186172   -17.7855    2.59913   -5.62571
    30.375     75.875     -33.49   -20.0472   -32.8395   -12.7634   -5.83864   -2.16353   -9.81707   -13.3838    -5.2421
    30.375     76.125   -32.4968   -17.2167   -26.4636   -15.3366   0.153496     1.0188   -10.9857   -15.7338   -9.11292
    30.375     76.375   -12.7666   -8.43157   -17.4786      5.391   -1.51349    5.09784   -9.19994   -9.47139    6.66629
    30.375     76.625   -32.5639    -8.9424   -39.3344    -9.9537   -3.89134   -8.61963   -9.73228   -22.3234   -1.47441
    30.375     76.875   -7.28221   0.448024   -28.5102   -20.1712     5.7405   -3.79655    5.79099   -21.4935    7.38749
    30.375     77.125  0.0371333    14.0289   -2.25128   -8.43203   0.331983   0.723675   -1.18627   -39.3133    8.81036
    30.375     77.375    14.2617     14.546    -12.902   -7.11659    6.95828    4.42108    8.36022   -36.2427    19.6619
    30.375     77.625   -4.06219    18.2098   -30.8947   -8.00462    10.7325    1.26373   -2.03239   -31.9801    11.6172
    30.375     77.875 -0.0286278    21.7403   -7.15615   -3.59648     13.843    8.29897    3.97747   -42.8591    5.03078
    30.375     78.125  -0.203933    25.4541   -11.5834    3.53468   -3.64753     13.429    15.4721   -39.4858      4.439
    30.375     78.375   -3.61225    24.7698   -24.9855   -15.3207   -9.71117    8.36144    6.73745   -23.5191  -0.448543
    30.375     78.625    12.0203     12.679     1.2675   0.005925    6.12563   -2.43481    6.78978   -25.3749    21.3681
    30.375     78.875     11.864    21.5914    3.09767 -0.0322333     22.569    1.10753     9.6011     -17.33    18.6564
    30.375     79.125    12.8412    27.5596   -0.44945    2.63536 -0.0394875     3.0833   0.451872   -15.2726    14.5536
    30.375     79.375    20.2138    21.4569    5.88401   -5.81701   -3.46572   -8.20832    11.5807   -8.09985    17.7692
    30.375     79.625    59.4717    44.6673    23.1329    6.70147    2.81061   -1.97754    37.4778    15.4088     36.008
    30.375     79.875    46.0622    31.3372     38.579    31.5345    10.4439    24.6036    32.0883    12.1573    33.0088
    30.375     80.125    22.3145   -1.10618    7.01303    1.49915    1.65373     10.533    8.05207    13.0442    13.0113
    30.375     80.375     3.3638   -15.6629   -6.97266   -8.87458   -12.1034    1.08065    -8.4457    14.3831    8.21771
    30.375     80.625    7.45715   -18.3073    -4.2468   -11.7227    -7.5746   -1.45849   -6.14745    15.8742    13.2214
    30.125     74.125  -0.284475   -22.6593   -20.2829    6.48318    4.95423    17.1347   -4.70047   -19.9996    9.96434
    30.125     74.375   -15.9992   -28.2524   -20.3281    1.26393    -4.6447    5.88429   -10.7308   -13.2639     20.021
    30.125     74.625   -26.3633   -27.7059   -32.4584   -2.37528   -2.59144     3.4985    -10.728   -19.2987    33.9281
    30.125     74.875   -21.4838    -24.366   -15.0115    2.05628    -2.7835    1.93861   -9.39369   -27.5995    20.8527
    30.125     75.125   -6.72582    -12.134   -22.1616   -8.59351  -0.200336    3.91211   -4.56792   -13.6567   -1.70803
    30.125     75.375   0.383687   -9.27912   -25.7118    1.79302  -0.475633    6.63223    2.05299   -21.4413   -8.53048
    30.125     75.625   -3.35712   -3.49922   -26.3849   -4.69949    -4.4135    12.0796   -9.63052   -14.0076   -7.60459
    30.125     75.875   -32.7504   -25.7088   -33.3323   -4.71896   -7.82184   -2.25433   -9.85191   -21.9403   -10.1939
    30.125     76.125   -19.7597   -7.37198   -17.9598   -5.72008   -4.89447     7.0446   -5.73148   -20.7141    0.11474
    30.125     76.375   -14.6505   -6.46288   -36.6769   0.439575  -0.366692    8.82653   -4.60469   -19.3903    1.85959
    30.125     76.625   -18.3839    1.09147   -36.1817   -7.32589 0.00308472  -0.263428  -0.392179   -21.2959    -1.7294
    30.125     76.875   -15.9838   0.369469   -36.2599   -9.12908   -5.83623  -0.558789   -9.40709   -12.5468    2.57124
    30.125     77.125   -10.3262    3.90891   -26.7743   -14.6872   -6.29568   -3.35017  -0.881007   -12.2457    13.4843
    30.125     77.375   -17.2341    2.96447   -25.1527   -15.9545   -9.82397   -7.40438   -17.9844   -14.0892    5.57397
    30.125     77.625   -5.71922    4.26147    -24.183    8.10124    6.05169   0.842128   -8.31332   -41.7298    4.76238
    30.125     77.875   -17.3813    7.71756   -23.6326    5.46592    2.07701     2.5221   -3.83019   -39.7404    11.2193
    30.125     78.125    17.3711    15.0395   -11.4785    21.5564    24.7216    11.4331    11.9452   -28.6905    15.3373
    30.125     78.375   0.792092    29.1199   -7.44107    29.1881    2.39878    10.3603    10.9096    -23.628     10.597
    30.125     78.625   -1.03939    19.7513   -22.0129    3.21335    16.1525  -0.506793   -6.80169   -21.0041    8.65995
    30.125     78.875    8.73361    25.7733   -11.0911    8.61029   -9.94785    -5.1876   -5.51349   -10.2914    4.15808
    30.125     79.125  -0.473864    26.1163   -5.83473   -3.56156   -7.95068   -3.12875   -12.2044   0.743546   -4.72512
    30.125     79.375    10.0739    18.1485    -1.2374   -10.6159   -6.40681   -11.7756   0.437969    19.0241    17.0347
    30.125     79.625    41.3132    36.6375     18.093    1.91587   -2.99127   -5.90348    23.2642      16.89    17.0902
    30.125     79.875    47.0956    36.2831   -4.94621   -17.0137   -1.26764   -8.30161    17.0438    9.74795    15.0608
    30.125     80.125    27.0885    6.83534     6.5625   -15.8521   -9.39923    2.22935     10.742    15.9467    9.90218
    30.125     80.375     21.147   -4.60228    1.13629    -14.862   -9.41926   -7.59574    7.70154    15.3859    16.9523
    30.125     80.625    19.1173   -6.95672   0.932483   -13.6084   -11.4518   -11.0057    8.55015    15.2113    17.4948
    29.875     73.625    32.0219   -18.3836   -14.4109    9.72834    3.11962    7.39438    35.9568   -50.6163    23.3042
    29.875     73.875    30.6659   -2.82424   -46.2184    4.87117    4.40845    18.4555     33.258   -47.3256   -8.75238
    29.875     74.125    26.1929    -14.934   -18.9666    14.3352    3.86138    13.3274    18.8772   -29.3843   -9.58326
    29.875     74.375   -16.3818   -19.1893   -41.4816    6.67943   -1.74181   -1.99277   -7.22724   -26.5341     17.528
    29.875     74.625   -39.5998   -35.2445   -40.5482    1.22683   -5.50697   -5.63111   -20.2074   -31.1343    27.0137
    29.875     74.875   -40.9198     -32.79   -38.5921     2.2352   -7.02587   -5.70759   -22.6365   -41.5328    10.6514
    29.875     75.125    -16.437   -20.2309   -16.3924   -4.13849  -0.439021    3.34985   -8.32435   -14.3691    2.56287
    29.875     75.375   -14.3429   -19.5259   -21.4696   -9.65009  -0.484826  -0.619592   -17.7643   -12.8819   -5.01001
    29.875     75.625   -15.9744   -8.36801   -16.4297   -7.31633    2.63199    2.38147   -10.3801   -16.2334   -5.69438
    29.875     75.875   -22.7382    -14.711    -8.3932  0.0148944   -4.88239    1.85952  -0.919847   -22.0876    2.21807
    29.875     76.125   -19.6166   -7.66472   -9.76289   -2.62335   -5.71235    5.76709    4.49052   -27.7016   -6.96307
    29.875     76.375   -9.45979   -1.33718   -12.2579   -4.21148   -4.40133    15.9788    10.1265   -35.2092    5.60836
    29.875     76.625   -15.0966   -4.49106    -11.485   -6.68044   -4.50612    13.3079   -11.3657   -35.3718  -0.462376
    29.875     76.875    -20.399   -9.35247    -35.627   -6.51624   -6.04749   -2.28964   -7.17955   -31.0196    21.0476
    29.875     77.125   -16.9387   -1.19129   -6.30665   -14.3137    -5.8865   -1.41604   -3.45395    -24.939     10.623
    29.875     77.375   -25.2917     5.4075   0.340196   -7.17108   -6.41177   -4.76489   -9.10264   -38.8175    19.4288
    29.875     77.625    -23.688    17.6204   -22.7189   -29.5301   -6.64885    -3.8297   -13.9783   -23.5954    24.2794
    29.875     77.875   -4.51378    16.8873   -10.6116   -21.7732    -6.0449    8.40789   -3.64338   -34.1567    28.8878
    29.875     78.125   -23.6426    17.2746   -47.8871   -28.3628   -12.7739   -16.7421   -13.0027   -37.3302    25.9278
    29.875     78.375    -10.123    28.9432   -1.22001    12.4324   -2.25745    4.03773   -6.49509   -27.9922   -5.96731
    29.875     78.625   -15.6462    29.9787   -16.0201    1.79979   -1.82708  -0.765265   -5.61817   -28.5821     11.576
    29.875     78.875    3.93754    22.9256   -11.0223   -1.40459   -9.04662   -4.67694   -1.95446   -18.0675    15.7019
    29.875     79.125    6.92897    22.7733    4.56171   0.593417   -10.7395   -7.45692  -0.469028   -15.6676    5.15313
    29.875     79.375    13.8576    24.9029    12.1281   -1.75099   -6.58825   -3.28809    7.39754    17.4236    12.6383
    29.875     79.625    12.9693    13.9167    12.8269     3.1592    4.25905    2.26851   -3.45785    27.0475  -0.601207
    29.875     79.875    32.7354    21.5233   -13.5637   -28.5922    14.5962   -2.06662    1.80686    6.50618    9.26522
    29.875     80.125    17.4911    8.43756    7.62887   -21.1678   -4.73007   -9.74004  -0.787647    19.7907    7.65779
    29.875     80.375    19.3807    3.55375    15.4287   -16.5921   -1.20196   -14.1811    1.02649    19.9421    9.63531
    29.625     73.375    36.7104   -8.94013   -15.1945    2.17933    4.08875    14.6632    22.9821   -51.3631    24.2331
    29.625     73.625    42.0485   -21.8209   -23.1496    7.14996   0.687054    7.61204    46.1747   -56.6357    28.1251
    29.625     73.875    37.7577   -14.1849   -33.8863    10.9191    11.2417    27.3893    36.7536   -44.4244    2.01348
    29.625     74.125    38.1893   -17.3401   -24.1988    6.71913     10.797    17.5003     32.759   -43.4986   0.973982
    29.625     74.375    13.2653   -15.3446   -22.3192    15.0355     7.0078    8.27047    14.2741   -26.9274    26.2311
    29.625     74.625   -12.2891   -22.1999   -36.7508    2.31705    -1.8619    1.01536   -4.32394   -42.8555    23.9073
    29.625     74.875    7.94861   -16.8359   -24.1405    1.78783  -0.670575    3.42286    4.62721   -42.4891    44.1532
    29.625     75.125   -7.36232   -18.7762   -11.7708   0.955826    0.35436    5.98404   -2.40483   -19.6402     17.558
    29.625     75.375   -8.86964   -25.5058   -19.1795   0.452003    -2.7917   -2.43801   -15.2894   -26.7035    4.50844
    29.625     75.625    -1.0042    6.03927   -10.2341 -0.0213403    -3.6165    4.16387    -2.0858   -11.1226     -1.418
    29.625     75.875   -29.6782   -17.2369   -10.7122   -9.09772   -4.98829    2.92885   -17.7454   -16.2176    2.63305
    29.625     76.125   -29.4102   -26.8214   -4.96169   -3.07867   -2.56832   -5.35069   -16.4521   -22.8281   -4.84765
    29.625     76.375   -1.37074   -5.96852   -5.49397   -3.29787   -4.97528     6.2468    17.2856   -32.5119    7.01933
    29.625     76.625   -18.7773   -6.78487    5.53123   -7.37599   -5.16749    6.98402   -5.51256   -34.1377    3.03907
    29.625     76.875    -18.357   -8.86445    3.90986   -6.59487   0.394332    8.55418   -4.12152   -39.5454    3.74193
    29.625     77.125   -15.8837   -2.65002   -4.47648   -3.75065   -2.76849    2.00443   -11.9618   -20.3323    12.0528
    29.625     77.375   -11.3823    3.32903    3.80995   -4.71397    -3.9507   -7.39898   -7.19546   -24.1697   -4.81232
    29.625     77.625   -9.89534    11.1195    6.47116   -22.4061   -4.30554   -4.55465   -1.81224    -27.051  0.0171611
    29.625     77.875   -10.3171    17.5806    3.39135   -15.3681  0.0247972   -2.19942   -7.28386   -27.6172    24.8805
    29.625     78.125   -12.9374    8.53982    7.06346   -7.60631   -4.01914  -0.182136   -5.57079   -23.1254     13.263
    29.625     78.375   -13.2433    13.9118    14.4324   -4.77346    3.75947   -0.54421   0.390908   -23.1803   -1.98537
    29.625     78.625   -31.5334    5.44815   -33.3596   -27.0446   -19.0883   -17.3555   -19.9178   -35.9458   -5.48727
    29.625     78.875   -8.55241    8.74119   -31.3438   -20.8051   -7.72732   -7.23098   -7.29061   -39.6141     9.2512
    29.625     79.125   -11.9302    15.2706   -25.0183   -7.34975   -4.11842    1.54699   -8.89202   -33.6965   -4.86003
    29.625     79.375    5.44328    21.3051    1.55581    2.10123    4.78146   -2.05226   -3.62922    8.54061    5.74885
    29.625     79.625    7.89666    17.6976    17.7794   -7.40491   -2.66289   -3.97374   -1.24864    31.1616    13.2363
    29.625     79.875   -5.40442    15.6448   -2.32327   -15.5158    15.9133   -5.81128   -5.80702    31.9546    2.97406
    29.625     80.125    19.6612    13.2402    17.9921    -9.7078    10.3096   -6.84613 -0.00967222    9.23777    12.6023
    29.375     73.375    38.1751   -18.9253     -24.58  -0.325758     2.8935    11.9839     45.973    -53.785    3.56217
    29.375     73.625    37.5515   -11.6686   -16.9591    1.10245    14.1553    26.3161    45.8218   -53.9535    9.48666
    29.375     73.875    41.4212   -9.71378   -9.71869    13.6272    20.5824     27.464    35.2044   -42.9255    4.58996
    29.375     74.125    30.1966   -15.6275   -25.1928    8.77325     11.391    23.2474    37.6229    -38.334    19.7789
    29.375     74.375   -20.1277    -26.626    -41.292    1.78348    5.69792    8.97373    5.53585   -38.7757    33.5483
    29.375     74.625    0.39724    -14.946   -18.9333    6.41394     7.6206    14.2865   -0.96606   -41.0919    26.6192
    29.375     74.875    22.7243   -12.8966   -13.4887    1.11358  -0.521733    7.07712    20.2835   -44.7488    41.9116
    29.375     75.125    6.90928   -9.71018   -8.22294   0.614342   -1.59149    1.54869    9.39888   -38.0076     14.734
    29.375     75.375    -2.2734   -17.6361   -21.3689   -3.22561   -1.63399   -1.15352    -3.3263   -43.0526    20.2357
    29.375     75.625   -16.9051   -15.4473    -18.758   -6.76527   -5.21385    2.82325   -9.08095   -27.9985   -5.58408
    29.375     75.875   -39.9578   -31.0039   -28.6767   -11.2511    -4.5836   -2.65577   -33.7868   -28.7284  -0.795207
    29.375     76.125   -6.85717   -15.6874    -3.5008   -8.88066   -1.46141   0.805613    9.01173   -37.0296     4.2448
    29.375     76.375   -30.7414   -33.3435   -6.36797   -10.1768   -3.08828   -3.57706   -4.08031   -32.2721    4.96725
    29.375     76.625   -13.8337    -12.745    3.56686   -15.0283   -2.87317    2.22215    9.33672   -31.2956     2.1801
    29.375     76.875   -41.6984   -43.9161   -6.69682   -14.2137   -4.46461   -7.93665    -6.2163     -36.19    1.96201
    29.375     77.125   -29.7407   -31.0961   -14.5712   -2.40607   -4.18024   -8.38199   -12.0743   -40.1863   0.381113
    29.375     77.375   -9.15388   -1.21969    2.85501   -3.97051  -0.871522    4.00477   0.587321    -31.502  -0.305575
    29.375     77.625    4.61707    1.46127    10.7181   -6.14637   -0.79471  -0.402324    7.77767   -38.1927    9.27122
    29.375     77.875   -3.12382    12.9375   -11.4284   -7.69903   -5.86264   -3.62604  -0.252422   -29.6994    12.6871
    29.375     78.125   -1.49375    21.3631   -11.7342   -6.60473 0.00431111   -2.12793   0.513249   -11.8665    4.21035
    29.375     78.375   -3.13078     24.231   -13.6782    -10.961   0.847036    -3.4173   -1.70368   -17.7431    17.9431
    29.375     78.625   -5.51227    12.7681   -22.4434   -14.1691    1.71746   -5.08658   -1.70267   -32.8891    8.77602
    29.375     78.875   -4.26409    13.2786    8.57423   -12.7668    2.09838  -0.433954    1.76841    -48.455   0.288147
    29.375     79.125   -2.06131    10.5046   -7.65527    -10.393    11.3789    1.24807   -6.76631   -46.6267    5.80094
    29.375     79.375   -14.2327    12.6189    7.38834    18.2367  -0.431443   -1.23973   -11.1095   -19.4303   -8.84756
    29.375     79.625   -17.1871    17.5483   -6.45975   -15.7775   -4.51517   -10.0044   -6.02477   -7.99332  -0.181042
    29.375     79.875    4.76522    14.1675    6.84702  -0.516054    18.8963   -1.41529   -12.8997    48.2974    10.5845
    29.375     80.125    14.7272     20.782     24.588   -11.6915    16.5787   -6.61267   -6.63539    26.6404    1.76767
    29.375     96.125    36.9465    56.2804     45.566    37.7179    28.0421     65.474    86.5047   -5.13322   -2.75713
    29.125     73.125    12.2136   -8.63499    32.1532    14.0261    20.6302      6.219    28.4093   -38.3572   -3.33038
    29.125     73.375    39.7126   -6.38098    12.1863    23.8382    8.10514    11.3464    39.9007   -41.5847    17.6643
    29.125     73.625    36.0626   -8.82102    -17.407     7.1259    11.3808    17.1301    22.8755   -48.0814     9.8297
    29.125     73.875    32.4863   -9.26186   -14.3294   -1.95627    11.9507    25.7639    18.6279   -43.6392    9.74838
    29.125     74.125    5.23244   -19.1827    -24.201   -14.8811  -0.630882    12.2752    8.88824   -33.9904    8.01101
    29.125     74.375   -14.0604   -27.5742   -18.2245   -2.15763    13.0973    29.7786    22.8594   -46.9905    1.78011
    29.125     74.625   -1.70173   -26.0557   -9.37232    6.11277    17.3719    35.3241    19.7202   -52.1901     4.1017
    29.125     74.875    -26.232   -33.6277   -32.9272   -5.17102    14.4384    26.2625    22.9063   -60.1449    27.3262
    29.125     75.125   -12.4154   -15.5533   -34.9582   -6.12034    1.63468    2.14727    11.8851   -41.4688    25.7576
    29.125     75.375    6.94677   -7.03459   -5.72023   -3.17424   -1.92802    12.5757     11.588   -42.5026    31.7232
    29.125     75.625    20.1158   -9.27485   -3.08872   -3.61422   -3.60114    12.6202    9.45368    -41.969     21.662
    29.125     75.875   -12.8895   -22.4119    -8.3478   -8.57876    0.35435   -1.28043   -9.57698   -39.6426   0.650296
    29.125     76.125   -11.9388   -24.5262    -8.2578    -9.4294   0.511207   -3.03606   -13.5219   -29.2933    4.91237
    29.125     76.375   -28.2741   -27.9018   -28.7088   -15.2583   -5.51332   -3.92943   -15.8162   -39.9386    12.4196
    29.125     76.625   -4.56281   -11.7915   -3.12344   -11.4106   -2.05633    5.90524    5.31239   -42.6019    4.01271
    29.125     76.875   -7.48383   -13.2394   -12.0706   -12.8717    -3.2219   -1.40977    3.63157   -36.5023    2.09637
    29.125     77.125   -6.20181   -9.89634     2.3554   -1.19622   -2.55762   -2.63945   -3.15401   -40.2963   0.680429
    29.125     77.375   -1.90928    -5.0743    4.59778   -3.68238   -3.15221    4.37995    4.09582   -40.0947   -2.57289
    29.125     77.625   -1.13486   -1.62801    4.17211   -6.36758   0.540901  -0.602154    7.66644   -46.7254     7.2622
    29.125     77.875   -2.15632    8.01186   -3.87763    -7.0127   -2.46114   -2.70317   -6.89012    -37.368    3.75951
    29.125     78.125    1.69504    24.9472   -11.4429    -7.6541   0.575007   -1.96321   -9.21886   -17.0327    18.0326
    29.125     78.375    3.11533    24.2772   -13.6123   -18.6078   -2.79359   -2.24404   -5.04387   -27.1582    26.2421
    29.125     78.625   0.593736     16.547   -7.10744   -7.32535      3.299    2.63244   -7.87406   -37.6028    10.2634
    29.125     78.875   -5.04409    8.82887    11.7515   -16.2802    2.99419    3.18193   -3.47199   -29.2466    4.32507
    29.125     79.125   -2.57292    12.5765     17.104   -26.6797    10.2817     4.7304   -9.27332   -41.4603    10.9578
    29.125     79.375    -5.6817    12.5998    9.68899    1.39245    15.3445    4.61484    -6.4984    -34.339    5.67663
    29.125     79.625     -4.842    11.5307    8.18317   -6.85784    7.30619     1.1132    -3.9566   -19.5225    19.1917
    29.125     79.875    4.08849    10.5159    17.5205   -8.15653    9.35045    8.66763   -8.44741    19.1531    12.4151
    29.125     80.125    12.1374    16.9663    17.9869   -2.72749    29.2247    6.11511   -6.49482    17.5071    13.5909
    29.125     94.375    2.96187   -6.79835    6.96327   -13.2948    4.02136   -24.3862   -16.4999   -1.36038    35.3769
    29.125     94.625   0.919889   -3.58658     5.9692   -12.1084    3.55339   -27.0233   -17.7338    3.06154    47.0727
    29.125     94.875    13.8573   -6.40633    12.2248   -3.41525    9.55873   -19.1812   -9.43806   -3.07335    28.7781
    29.125     95.625    16.7825    31.6622     29.448     13.067    -6.5129    25.6691    36.6479   -19.2952    25.6851
    29.125     95.875    39.2695     31.698    49.9199    42.5629    22.2164     43.425    72.6406    23.8768    59.6117
    29.125     96.125    65.1549    58.0258    69.3239    51.6766    45.0027    73.2459    79.2174   -5.02486   -2.78763
    28.875     72.875    5.66739   -6.09953    16.8088    13.0169    7.64658    8.94871   -4.31071   -35.5644    4.22955
    28.875     73.125    23.4266   -10.6196    5.65894    9.48139    11.3653    11.5134    8.24253    -36.446   0.311724
    28.875     73.375    19.3149   -12.8696    2.34265    7.84017    7.51946    9.66715    11.1811   -41.6214     14.663
    28.875     73.625      13.11   -14.9103   -12.9088    1.15646    2.72144    5.34876    7.04671   -36.1393    16.0925
    28.875     73.875    16.0137   -21.0455   -21.0119   -6.89302    5.13364     18.762     12.394   -40.7723    11.0558
    28.875     74.125  -0.558017   -21.7357   -20.5667   -12.3462    5.50726    18.6217    2.27098   -40.9053    4.58171
    28.875     74.375    -10.374   -21.0216   -15.1456   -7.26957    6.21952    22.7541    2.22787   -38.4661    2.42686
    28.875     74.625   0.494683    -18.954   -9.08472   -5.31321    8.20427    24.2939 -0.0261167   -43.7277    5.77547
    28.875     74.875    12.5992   -17.4068    -1.5713     9.2831    15.2395    19.6484     8.5799   -49.3031      7.277
    28.875     75.125    4.69383   -28.1181   -29.9943   -1.56283    8.58706    16.7988    21.0264   -53.1404    29.9869
    28.875     75.375    18.8578   -5.87756    1.24138  -0.590139    10.7464    22.8947    11.6083    -36.905     7.2141
    28.875     75.625    5.47064   -3.97585   -12.4433    -6.3861    2.80207    5.93437    5.02194   -67.6331    13.3236
    28.875     75.875    4.39137   -5.94095   -16.0918   -8.18246    2.88925    8.92434   -1.08213   -55.7007    24.4497
    28.875     76.125     1.8747     -10.27    12.7739   -5.81459   -2.49487    3.34361 -0.0492972   -48.1221    13.8859
    28.875     76.375    6.73461   -6.37929   -9.57212  -0.309056   -1.29681    3.24903   -2.05759   -52.2926    31.0325
    28.875     76.625   -12.4683   -8.89698    5.55988   -8.36431   -1.68203   -1.73855    2.41749   -46.3172    12.2943
    28.875     76.875   -15.5502   -8.11857    8.12988   -10.4394   -4.02304   -4.20831  -0.854518   -42.9367    1.91579
    28.875     77.125      -5.22   -6.45737   -4.86518   0.490561   -3.65527    2.02745   -14.4536   -51.2655   0.886832
    28.875     77.375    1.39599   -1.18862    5.38173   0.313319   -4.23001    3.65076   -2.28841   -47.1219    6.15989
    28.875     77.625   -5.95143   -4.64586    9.04796   -2.36751    1.17419   0.797303    7.74807   -50.0422    7.28775
    28.875     77.875   -5.81948    3.65141    6.20519   -7.00966    3.52511  -0.039275   -6.16708   -52.1766    10.5705
    28.875     78.125    2.90704    8.59144   -3.74715   0.606692    -1.3938    3.93613   -12.0478   -40.7179    17.5585
    28.875     78.375    10.8109    12.3049   -1.53041   -7.55179   -1.70314     4.0885   -9.22393   -34.5442    6.34252
    28.875     78.625   -2.86109    13.1738   -9.40558   -19.7536   -2.13488    3.72738   -11.5399   -39.4926    4.88677
    28.875     78.875    -2.9856    13.3792   -12.2176   -23.1477    2.01836    2.98646    -7.2386   -22.3764    15.7763
    28.875     79.125   -6.84327    13.5955    19.4027   -10.1519    4.12944    7.12124   -14.2559   -26.8939    5.98256
    28.875     79.375    7.98931    22.2406    7.12871   -7.17204    5.12294    8.13854   -1.13989    -17.534    9.20418
    28.875     79.625   0.486654  0.0363514    3.40899   -23.2348    13.3028    3.66159   -7.95105   -11.1248    25.5202
    28.875     79.875   0.658715    5.81027     25.676   -14.9077    17.4052    6.78305   -6.77578   -16.9965    31.9169
    28.875     94.125  -0.441967    -14.509   -3.65949   0.886315    1.50689   -7.41081   -13.7929   -26.9832   -3.53834
    28.875     94.375   0.111247   -13.9933   -4.92578   -4.27393   0.430989   -8.56027   -12.1164   -19.9946    2.11106
    28.875     94.625    9.32305   -49.8611    7.98695   -10.0755    2.34827   -42.0037   -8.53145   -1.38527    16.1931
    28.875     94.875   -23.6831   -59.0017   -36.7507   -41.5071   -22.1174   -21.7081   -41.2693   -8.63193   -8.15354
    28.875     95.125    17.5001   -8.02868     16.494    3.90113    9.38577   -14.9416    5.96171   -3.92939  -0.256254
    28.875     95.375    4.44326    15.5768    20.1163   -3.82532   -4.17564   -5.16139    8.50486   -6.90187    2.65194
    28.875     95.625    19.0199    11.8311    26.6829    11.0615      1.058    3.14901    14.6471   -11.3712    7.47913
    28.875     95.875    8.63053   -3.41382    9.47557    5.32669   -8.28763   -3.09317    15.1925   -16.8409    8.26178
    28.875     96.125    2.01216   -4.07369   -13.3194   -10.7497    1.32993    3.27815   -7.36044   -34.3238 -0.0736528
    28.875     96.375    35.6767    16.5354    10.5435    1.47402    10.1621    8.15253    20.4881   -1.01174  -0.102179
    28.625     72.375   -42.5117   -23.3267   -1.96888  -0.216721   -2.85027   -6.12156  -0.697117   -45.0226    9.55759
    28.625     72.625   -24.9212   -24.2975    2.25141   -2.87538   -3.23877  -0.311683    13.7385   -45.6715    8.29138
    28.625     72.875    1.70917    -21.491    5.79915   -5.73215   -7.42557    6.00684    20.0279   -41.7765   -5.90567
    28.625     73.125    23.7967   -18.6541    8.92871    1.07667   -5.19996    7.81564    11.2218   -39.5309   0.190881
    28.625     73.375    23.1301   -18.3097    6.67936    3.33415    -4.1063    3.19372    7.83534   -39.2167    10.1136
    28.625     73.625    20.9527   -21.4705    5.93997 -0.0993667   0.838151    6.18507    17.2954   -49.7493    14.2111
    28.625     73.875    8.46486   -25.9547   -3.65671    3.91457  -0.612164   -3.20123    6.57436   -62.6597    10.4544
    28.625     74.125  -0.766339   -21.4622   0.853838   -2.23372    2.89932    8.80618    2.09486   -60.0211    3.42081
    28.625     74.375    7.76093   -27.2899    2.63711     8.7912    9.34791      23.84    4.10243   -57.5351    4.07192
    28.625     74.625     9.6273    -17.732    17.6247    7.77455    13.1364    19.2027     1.5656   -56.7678    12.7163
    28.625     74.875    7.43696   -16.1693    30.4785    11.7646    9.89503    18.6217    5.13916   -68.0361     2.4886
    28.625     75.125    1.12061    -7.5171    7.75968    22.7928    15.3881    21.4892    11.7292    -47.839    27.6895
    28.625     75.375    10.6955   -7.24174    15.7986    7.02396    24.6483    25.6419    5.51239   -49.9928    12.9136
    28.625     75.625     19.904   -4.83096    9.27039   -3.22872    3.64099    5.51448   -26.2556    -39.176    12.6334
    28.625     75.875    11.7928   -1.33087   -18.6551   -14.7137   -2.76991  -0.527667   -23.4201   -48.7861    50.7709
    28.625     76.125     16.582   -8.72196    31.4517    12.8448    6.98764     20.382    1.46556   -85.6944    40.5254
    28.625     76.375    4.59824   -5.00987    23.4829    3.97769   -3.98978     13.462    10.8165   -44.0333    29.7496
    28.625     76.625    14.6657  -0.113035     19.061    7.32382   -2.17472    15.9895     14.027   -51.9757    27.7285
    28.625     76.875   0.694626   0.686643    10.5254   -3.78871   -2.37504    16.2387    3.88253   -29.2314    15.8871
    28.625     77.125   -13.2169   -9.94122   -19.6441   -14.6176   -5.04167    3.11421   0.822294   -35.4401    8.75583
    28.625     77.375    2.90669   -1.90476   -15.7818    1.44028   -4.41096   -5.05099   -10.4333   -75.1434    9.53317
    28.625     77.625  -0.260343   -8.13112   -1.79104    2.67036   -1.52179    -4.5425   -1.85284   -51.1238    11.5567
    28.625     77.875   -11.5131   -7.93014   -9.68055    2.38831    3.08813   -4.52818   -10.3085   -49.6318    6.37454
    28.625     78.125    1.72924     12.208   -6.24761    5.21157    2.91218    3.99745   -10.7197   -44.7688    9.59157
    28.625     78.375    9.93069    11.9868    9.05401  -0.404833    14.8136     6.0644   -13.1086    -30.565     10.052
    28.625     78.625    1.15013    6.00825   -14.1857   -17.9081    5.18304   -2.28526   -9.77007   -40.4482     6.9243
    28.625     78.875  -0.617794    12.0499   -11.2997    -13.089   -1.31265   0.892819   -16.9276   -24.4457    10.5164
    28.625     79.125  -0.857607    14.5906    5.92799   -12.8413    3.88762    10.0961   -13.3804    -26.887    12.6976
    28.625     79.375   -1.65785    22.4974    8.16788   -19.0947    2.92146    7.65413   -5.89395    -11.491    11.3875
    28.625     79.625     1.9305    11.3818    2.86834   -21.1483    12.0092    5.74145    -5.3996   -6.94712    29.8988
    28.625     79.875    4.75157    9.90539    2.96768   -19.7692    14.6633    5.98455   -6.53053   -22.0685    22.9798
    28.625     80.125   -5.78419    7.71746    1.30998   -26.4799    14.4114    8.16747   -5.29129   -16.2874    35.7783
    28.625     80.375  -0.655339    16.1546    12.0944   -27.0451    10.7727    6.02559    1.59626   -14.3811    48.9268
    28.625     80.625    3.34618     18.308    1.32301   -29.2066    12.6737   -3.26033   -5.95082   -12.1182    60.3699
    28.625     93.625   -6.53506   -6.62656    1.15074    2.51219   0.502535   -8.57582   -1.36756     1.8274    1.92238
    28.625     93.875  -0.196138   -7.10037    5.71548    2.44033    3.90457   -8.54554  -0.792438   -2.13226    3.42696
    28.625     94.125    11.5429   -11.0434    11.4269   -7.16778    7.48915   -18.3442   -11.9309   -7.80248    8.81593
    28.625     94.375    18.1951   -13.1568    14.2102  -0.398106    11.3597   -16.4033   -10.3088   -10.8669    2.13696
    28.625     94.625    7.34145   -13.8861    3.48118   -5.67621    1.79105   -17.8433   -15.5235   -8.70807   -9.83404
    28.625     94.875    9.74289   -19.5094    4.01009   -4.64954 -0.0855583   -20.3409   -11.3541   -9.34181   -10.1695
    28.625     95.125    3.29464   -7.21591    13.2746   -9.56528   -8.29537   -20.0651    2.47964   -3.15135   -3.78094
    28.625     95.375   -3.06644    3.29113    4.69495   -13.2964   -9.02855   -14.0342   -6.52374   -6.14672   -8.49645
    28.625     95.625    3.55649   -3.95198    6.00555   -6.53661   -13.7391   -14.4264   -5.43061    -12.704   -7.15515
    28.625     95.875    2.40896   -17.2521  -0.725419   -4.93472   -16.2729    -15.604    1.31456   -12.4937  -0.232651
    28.625     96.125    -19.191   -24.4666        -22   -23.6712    -22.218    -15.066     1.3317   -3.69623    9.19377
    28.625     96.375    77.8512    55.9972    75.7783    60.0632     53.895    70.9764    81.7027   -4.93579    -3.1725
    28.375     72.375   -33.4326   -22.0397   -5.41341   -1.12159   -4.46103   -3.63803   -8.25025    -42.481    8.17876
    28.375     72.625   -13.4455   -20.5677  -0.651314   0.787685   -4.78489    1.08642    5.55572   -38.4715    6.45317
    28.375     72.875     14.968   -18.3198    6.25922  0.0695861   -7.74514    6.69928    10.3301   -38.0629   -3.78927
    28.375     73.125    22.4391   -17.3632    15.7887    5.85965     -6.831    6.50377    2.37891    -37.356    2.34304
    28.375     73.375    18.7987   -16.5842    12.0011   -1.07107  -0.894479    4.74444    8.41503    -44.297    8.80105
    28.375     73.625    11.2649    -25.984    8.78835   -8.66097   0.745307    6.91171    6.46373   -56.0571    9.15323
    28.375     73.875    22.3914   -13.9911    5.80194    8.51537   0.778051   -4.77023    18.0899   -66.1913    3.90967
    28.375     74.125    24.9318   -11.5733    21.7503     13.359    -5.6101   -3.39958    5.72381   -64.6696    12.7402
    28.375     74.375    18.0351   -13.0768    24.6862    7.12783   0.732837    5.37639    3.76055    -70.262    15.5835
    28.375     74.625     14.039   -14.6993   -6.89918    20.6095    27.9958    17.9409   0.334199   -54.4577    21.7601
    28.375     74.875  0.0163167   -16.7058    13.0198    16.2928     19.609    20.3449    5.58702   -58.7837    29.5153
    28.375     75.125 -0.0771903   -6.45176    19.9313    22.5616    14.8756    21.5342    11.7717   -42.4128    43.1809
    28.375     75.375   0.699793   -8.14257    26.0788    15.1175    6.69507    18.6081    12.0527   -53.2502    52.2463
    28.375     75.625    31.1763    0.16454    74.1182    17.7751    13.0029    30.4039    17.5471   -73.8383    42.2468
    28.375     75.875    16.1771   -3.51966    65.5157    18.4688    10.1711    19.9693    -1.4351   -88.2422    39.5343
    28.375     76.125    6.33505   -5.52868     28.443    20.5485    11.6776    24.0306    8.12905   -62.9596    32.5971
    28.375     76.375    11.5797   -10.4569   -8.59503    13.4998    3.97054    10.9341  -0.209679   -42.6059    26.9197
    28.375     76.625   0.862037    0.83811    22.8779  -0.185287   -1.65095    7.75368    16.2304   -43.4256    10.8916
    28.375     76.875    2.86882    1.86255    8.28276   -5.94214    3.92264    21.1155   -7.55318   -43.3618    14.6657
    28.375     77.125   -11.3938    6.74679    2.67168   -4.81691    -1.8776    9.99347   -1.20137   -46.0643    6.02977
    28.375     77.375   -14.7919  -0.540363   -5.53555    13.4671   -3.35776   -3.22922   -11.6678   -65.9184    4.96757
    28.375     77.625     1.2387   -6.67858  -0.689538    1.41514   -3.17574   0.223951     7.4207   -46.1861  -0.106806
    28.375     77.875   -7.11517    3.13933    14.4326    -0.1986    -2.1015  -0.393601   -1.60147   -51.0175    10.1339
    28.375     78.125    8.20175    7.30129    2.57351   -3.67192    6.98201    4.16061   -8.58655   -41.1377    3.44387
    28.375     78.375  -0.415974    5.04758    1.58417     11.167    23.2218    3.95478   -12.2209   -44.5855    12.1858
    28.375     78.625    1.80535    23.3415   -12.2681   -18.2805    11.1408   -1.10336   -13.3052   -58.1482     5.5913
    28.375     78.875   -12.8142    9.83992   -12.0026    -11.987   -3.54663    2.20928   -12.3442     -49.22    23.7231
    28.375     79.125   -1.46957    16.8865   -8.99306   -8.62123    6.81427    4.78853   -6.82187   -34.3981    19.3251
    28.375     79.375   -1.42621     17.733   -16.5048   -9.61593    4.68337    7.30913   -7.23781   -48.5482    13.4787
    28.375     79.625   -14.0249    21.4693   -8.54309   -22.4247    1.92647  -0.374656   -9.18148   -25.8574    14.9532
    28.375     79.875  -0.193385    14.8419     17.869   -25.9188    5.14449     3.1411  -0.466285   -25.8373    24.4934
    28.375     80.125   -3.30209    1.45666    3.38528   -33.3609    9.15584    4.05131   -5.28569   -17.2578    37.1979
    28.375     80.375   -7.87572    4.79651    9.26701   -30.8737    7.21573    5.52538   -3.88912   -13.5848    50.1601
    28.375     80.625    5.13719    8.92529   -3.56802   -30.2244    10.2216    -3.5223   -6.25061   -14.8773    55.5934
    28.375     80.875    6.51711    7.22922   -14.7278   -34.0823      12.37   -3.65948   -9.27179   -8.82217    57.7373
    28.375     81.125    5.96048    15.3247    -36.644   -36.6546    7.74054   -2.06302   -5.67322    3.43633    54.1997
    28.375     93.375   -10.1595   -15.4086   0.397592   -21.2996   -16.2119   -10.4158   -24.6661    6.28554    3.31314
    28.375     93.625   -5.86538    -29.615  -0.030225   -21.9441   -11.4361    -18.768   -19.2893  -0.608329    1.46217
    28.375     93.875    1.30616   -26.6847    7.72749   -11.1892     3.9048   -16.3501   -14.4666   -2.40119    8.18856
    28.375     94.125    6.81475   -9.87691    4.24799   -7.11874   -2.11502   -17.0931   -12.1379   -6.28472   -5.12314
    28.375     94.375    1.99849    2.04611   0.433129    -5.9776    1.60975   -14.0667   -14.5508   -5.94738   -9.47635
    28.375     94.625    4.48483   -15.1279    5.18311   -6.26273   -4.62815   -22.2252   -12.9444   -9.81723   -13.4157
    28.375     94.875    3.42726   -12.7218    2.84153   -7.13664    -6.9317   -20.8694   -12.4204   -8.94714   -13.6298
    28.375     95.125    -3.4884   -10.5834     3.8819   -18.2426   -15.8692   -23.6236    -8.0137   -7.10332   -6.19511
    28.375     95.375    -7.9356   -12.2214   -10.3249    -20.592   -25.9493   -26.1215   -22.5288   -13.3243   -20.2301
    28.375     95.625   -5.91237   -9.64622    -14.865   -23.7533   -29.5072   -24.8859   -24.4367   -9.47857   -25.0914
    28.375     95.875    2.20376   -12.5165   -5.86195    -10.883   -18.3383   -18.0034   -8.59884   -8.76338   -10.6942
    28.375     96.125   -23.3591   -23.7429   -26.4323   -25.3831    -21.847   -15.0906  -0.611626   -3.90118    4.88598
    28.375     96.625    5.32636   -2.15203    3.54021   -5.49561     3.8893    7.87259    17.5043    24.5299    31.1786
    28.125     72.125   -8.63628   -18.5898  -0.707094   0.314036   -4.52146   -3.22518   -11.8762   -38.1211    16.6772
    28.125     72.375   -12.6674   -17.5087   -5.62691    9.03636   -3.01238 -0.0291125   -3.59359   -34.6391    8.74312
    28.125     72.625    3.74559   -16.1339   -9.64297    19.3138   0.358419     5.9897    5.05059   -38.5625    4.34032
    28.125     72.875    25.5105   -16.8128 -0.0402347    17.0894   0.776817    9.70079   -2.40143   -42.8612    0.79981
    28.125     73.125    32.3571   -9.39088    22.3975    7.88643   -1.43173    13.5214    7.18098   -40.7505    4.06836
    28.125     73.375     34.704   -5.14085    20.0924   -4.18637  -0.349786      15.58    27.7763   -37.0367    6.93509
    28.125     73.625    19.2878    -10.282    21.8893    28.9844    13.1503    13.9779    12.2501   -59.8555    4.08248
    28.125     73.875    10.6831   -9.74081    18.1863    46.8215    1.78079     18.011     7.6137   -64.0544    2.72456
    28.125     74.125    17.6381    -14.028    25.1431    27.0292   -1.79709    2.78724    15.3152   -74.2564    9.29823
    28.125     74.375    10.0988   -11.3717    44.1595    17.1368    10.3712    22.1459   -1.01806   -77.1534    10.1512
    28.125     74.625   -4.91166    -10.197    7.92762    20.2977    34.1411    13.7456   0.707642   -50.0328    25.0733
    28.125     74.875   0.466453   -14.8668    3.91246    25.5321    33.8666    16.9461    4.10555   -49.0349    28.8877
    28.125     75.125    18.3336   -15.3125    47.6666    10.7031    7.74198    9.70516    9.64886   -93.2859    20.2528
    28.125     75.375    26.7412   -3.91053    40.1103    19.0172    15.3883    20.9917    -1.9187   -61.7031    27.2333
    28.125     75.625    24.4947   -3.74826    9.50199   -3.32059    15.0839    22.7775   -4.77477    -78.303    39.7054
    28.125     75.875    19.6577   0.805632    43.3835    20.1504    16.4963    15.8351   0.967182   -84.4629    38.8699
    28.125     76.125    10.5406   -1.94752    20.1145    12.9264    11.3767     22.755    4.62026   -45.2296    22.6763
    28.125     76.375   -6.72475   -1.62594    16.8929     9.2658   -1.97761    19.0394    1.77185   -35.1444    9.91258
    28.125     76.625    8.20347    1.41603   -7.05899    11.7856   -2.03965    24.6063    7.46488   -39.4353    7.93849
    28.125     76.875    4.93549    2.25649     17.901     2.2097    7.42156    17.4316    5.18159   -34.9201    16.0502
    28.125     77.125   -3.45222   -3.45636    9.85428    1.39001    5.24886    4.76704    5.12398   -50.3105    15.2538
    28.125     77.375   -9.43897   -8.10751  -0.470129    4.22875    7.18525  -0.341769    10.4185   -42.2369   0.946231
    28.125     77.625   -13.7197   -10.8013    3.24513   -1.47012   -1.99771   0.321457    12.3828   -53.8213   -6.57473
    28.125     77.875   -4.42368   0.201592    22.9937    18.7084     6.1242    5.26104   -1.16908   -50.7258    1.44678
    28.125     78.125   -10.1934    6.57675    19.9171    16.4083    4.42055    8.90483   -8.29676   -44.9497    3.12613
    28.125     78.375   -5.17649    4.37191    5.15932    13.0804     14.292    5.62429   -4.84319   -56.6088    7.78317
    28.125     78.625     9.9785    13.1864    14.7688     2.5146    1.07314    3.49162    -7.3688   -51.5146    5.76949
    28.125     78.875    6.19791    12.5305    11.4274   -1.66204    7.48724    6.75757   -9.74459   -60.2106    13.2112
    28.125     79.125    2.00268    18.1237   -3.21557   -6.95924    3.19334    3.32799   -1.70722   -39.3609    28.7029
    28.125     79.375   -16.2922    17.8018   -32.9196   -13.0051   0.964999   -1.52481    -9.9251   -46.1594   -1.65349
    28.125     79.625   -20.9697    14.3398   -35.5853   -17.3488     5.8277   -1.30263    -10.074   -45.6844     19.037
    28.125     79.875    11.8554    14.2951   0.793454   -12.8134    2.99493    11.6047   -5.47809   -42.6123    31.2542
    28.125     80.125    5.39361    11.8325    19.9833   -23.4331    8.58859    9.06466   -5.32809     -37.82    49.1439
    28.125     80.375    9.52024    15.6834   -7.78331   -26.4249    10.0762    5.44349   -7.72016   -15.3381    48.9122
    28.125     80.625    6.90181    23.8468   -15.8093   -29.0303    10.8176     6.2945   -9.26849   -10.6331    55.3965
    28.125     80.875    6.59579    28.8437   -13.6379   -32.3805    4.99418   -2.85722   -7.28661   -10.6008    41.4505
    28.125     81.125    12.4488      24.21   -27.1484   -36.6889   -5.19328   -1.87751   -15.2551    4.39942    48.5344
    28.125     81.375    13.5258    20.4974    10.8391   -28.3186   -6.45726  0.0594819    -10.159    2.06648    38.9001
    28.125     92.875   -13.0573    11.1389    6.54137   -2.50977   -6.29629    3.40268   -18.5921     3.7055    11.2749
    28.125     93.125  -0.410064   -6.50107   -1.68119   -25.2949   -27.6396   -9.66616   -16.7302    6.06797    6.34654
    28.125     93.375    7.38699   -20.6768    9.32122   -19.2433   -30.2245   -15.2045   -15.1501    1.38391   -2.05481
    28.125     93.625    13.7861   -22.7578    14.1755   -6.63373   -27.4206     -18.28   -12.8665   -5.19565   -8.10921
    28.125     93.875    11.5934   -6.80649    12.9857    1.78168   -3.52962   -18.4927    -8.2353    -7.2473    3.52577
    28.125     94.125     2.6129   -16.2719    5.31832   -11.1763   -14.8472   -19.1457   -15.5349   -8.51486   -11.2969
    28.125     94.375    6.30921   -5.99918    3.91129   -9.79957   -11.1892   -17.9916   -15.8928   -10.7187   -15.7957
    28.125     94.625   -2.26915   -6.21031   0.549413   -17.1787   -11.0476   -22.8877   -20.0409   -9.00328   -14.7857
    28.125     94.875    2.71148   -4.53174    3.91342    -14.128    -11.808   -20.9332   -11.0813   -10.4333   -10.9861
    28.125     95.125     3.6613   -4.62079    3.77975    -10.046   -11.2697   -24.7087   -11.8577   -13.3706   -12.7203
    28.125     95.375   -6.19243   0.922236  -0.398437   -15.5857   -19.8043   -17.6801   -5.64153   -12.6558   -9.18916
    28.125     95.625    -14.794   -0.61756    -13.893   -21.4073   -29.5636   -22.6142   -13.0403   -7.07341   -10.0618
    28.125     95.875   -16.7017    -12.876    -21.054   -22.0353   -24.9809   -23.8696   -19.1821   -5.01195   -16.0096
    28.125     96.125   -1.19387   -6.17465   -6.63965   -12.3222   -9.94369   -9.65799  -0.587165   -10.2966 -0.0814458
    28.125     96.375    30.0087    21.0119     19.428    12.5502     15.689    12.8005    20.1677    8.54885    31.3829
    28.125     96.625    3.43551     8.1362    3.14283   0.217311    9.41379    6.48478    16.9607    37.7462    27.7059
    28.125     96.875     21.206      22.71     12.202    5.17061    12.7756    20.8807     20.833    13.8646    36.0034
    28.125     97.125    23.2584    46.3582    19.3188    13.7537    20.0499    32.8424    30.0701    30.2496    49.1497
    27.875     70.375    13.4641   -11.0366   -21.3817    6.36206   -4.37694  -0.924836   0.441215    -23.759    23.2834
    27.875     71.875    5.11849   -16.8657    2.66775   -11.0815   -6.52272    1.81648   -1.54491   -37.4618    26.2905
    27.875     72.125  -0.259061   -16.4343     4.9609   -8.80496   -5.67376  -0.532062   -8.84356   -34.0097    21.3158
    27.875     72.375    7.53193   -19.7414    1.86993   -4.31948     -3.178   -1.35649   -12.9092    -41.796     20.219
    27.875     72.625    7.47021    -16.235   -8.47294    19.0023    4.36292    4.66928    5.82981   -47.9539     5.5418
    27.875     72.875    9.44696   -21.6901   -12.2968    15.7137    4.03113    3.80463    8.90616   -54.0198    5.28312
    27.875     73.125    4.89217   -11.5412   -10.8897    20.7593    2.25075    5.29867    5.59537   -50.1088    2.28172
    27.875     73.375    23.8051   -14.8236     5.4664    7.89427    1.51831    20.0521    8.27604   -62.5286    11.8064
    27.875     73.625    12.2874    -6.4791    32.6439    45.9158    17.3216    15.1449     12.922    -61.755     2.8092
    27.875     73.875    12.6306   -8.50454    26.2366    48.0029    15.6156    22.4386    8.57602    -59.676    13.8262
    27.875     74.125    16.2082    -11.779    37.5802    23.9512    4.26554    23.5161     1.0693   -84.8168    20.3063
    27.875     74.375    18.2808   -8.18835    52.3372    2.95487    4.35738    22.5566   -1.61678   -74.0672    4.50673
    27.875     74.625    6.16175   -11.0142    12.3548    32.8724    12.2038    18.9324    2.54985   -26.7259    53.4382
    27.875     74.875    18.3445   -25.0415    31.5909    30.4113    13.2771    23.9484    10.5129   -76.8404    36.9972
    27.875     75.125    13.6456   -9.56135     47.217    12.8729    21.4253      30.31    7.43516   -99.5078    8.03216
    27.875     75.375    41.8428   -7.36817    46.8564    13.5225    9.07393    22.7419    6.24049   -98.4245    16.6338
    27.875     75.625    21.2934   -6.81678    33.3528   0.118532    11.3422    18.1017  -0.702382     -85.68    22.5462
    27.875     75.875    25.5043   -4.27848    34.6202    16.4859    12.8748    19.5221   -6.26677   -95.3943    36.3747
    27.875     76.125    11.7281   -5.01363     34.575    24.1257    2.37829    13.9235   -3.12354   -51.9508    9.52503
    27.875     76.375    6.46009    5.22345    27.7116     16.289    2.43255    14.9876   -8.68941   -46.6024    10.2208
    27.875     76.625    4.86038    4.43142   -3.10867    1.48658   -4.89703    15.4092    16.7342   -59.3997    4.11547
    27.875     76.875   0.127837    4.65376   -3.83922    13.3793  -0.909447    10.8854    18.5652   -45.4166    12.6256
    27.875     77.125   -2.41608    16.2871   0.761233    7.59928    6.44823    8.50069    14.1139   -63.2778    11.0635
    27.875     77.375   -10.3151   -11.8022   -2.01561    1.28163  -0.574218    2.67399    5.03114   -43.6755   -3.92513
    27.875     77.625    -21.867   -25.7812   -17.7386   -5.15841   -4.23175   -3.48561    4.43995   -51.3312  -0.337728
    27.875     77.875    9.57141    5.45307    22.7904    14.9285    3.39867    10.8844    5.45531   -49.9844   -0.69331
    27.875     78.125     3.1948    16.9891    45.0361     21.935    7.55306    12.7508    10.8708   -63.3771    3.03498
    27.875     78.375   -8.72305    5.01513    17.8369    20.2105    4.43451    6.07215   -1.94625   -51.0075    8.73259
    27.875     78.625   -4.72801    2.18047    13.2935     12.878    11.1994    7.74844   -9.29461   -45.2715    10.4851
    27.875     78.875  -0.796013    1.77586    23.7564    18.0209    22.5572    9.39284   -12.4193   -45.2116    23.0408
    27.875     79.125   -6.18715    1.45093   -6.60448    8.99051    2.16082    1.79991   -7.79315   -33.7495    5.40016
    27.875     79.375   -7.24709    13.1587   -17.2215   -11.5722    6.08546    1.91351   -18.0638   -30.8394    20.1487
    27.875     79.625   -11.7136    17.2145   -24.6644   -11.2649    9.69394    2.87663   -13.5299   -34.9594    20.8773
    27.875     79.875    3.47211    8.43781   -12.9815   -5.65528    10.7019    15.1898   -11.3847   -30.3784     20.829
    27.875     80.125    3.23738    11.5711   -6.33706   -9.88312    6.50767    13.0092   -6.56012   -37.4318    23.4605
    27.875     80.375    2.28324    15.3786   -9.73514   -24.5812    5.25944    4.47178   -3.35176   -16.0861    31.9184
    27.875     80.625   -9.24827    21.5849    -27.685   -28.9156  -0.840017       2.51  -0.961572   -19.9422    38.7557
    27.875     80.875   -22.8898    21.8635   -42.7691   -30.6497   -2.53527   -1.17844   -4.36243    1.89105    26.0437
    27.875     81.125    7.67014    26.4234   -24.2529   -29.4049   -3.48861  -0.782401   -13.1362   -2.77849    30.4627
    27.875     81.375    12.1632    18.4197    8.42304   -22.4806    -4.4714  -0.065125   -12.8442    2.84886    34.9093
    27.875     81.625    10.5577    19.7068    17.9495   -22.4579   -7.00198  -0.195392   -5.98514    5.32771    32.5597
    27.875     88.375   -5.51064    20.9121    19.9424   -1.39294    14.4524    36.4258    1.02586   -7.73919   -3.00335
    27.875     88.625   0.541922    31.1105    20.7609    12.2066     13.531    24.7549    2.31952   0.157472    12.7769
    27.875     92.875   -4.17912    9.95758    13.9093   0.248446   -3.38245    9.54695   -7.50473    3.18617     21.895
    27.875     93.125    18.5682   -6.44865    18.4811   -15.2191    -21.731   -13.3355   -11.2022    2.63021     5.6323
    27.875     93.375    24.0051   -18.3244     24.179   -3.55192   -17.1018   -7.45928   -9.88231   -1.20664   -1.40789
    27.875     93.625    15.7967   -12.7812    15.6908   0.155232   -18.3147   -8.84122   -11.8232   -2.63103   -5.38089
    27.875     93.875    5.68384   -16.6476   -1.28516   -12.3953   -29.0776   -31.4787   -19.3557   -6.35437   -9.25074
    27.875     94.125    3.25558   -3.22274   -2.54158   -10.1365   -16.7672   -13.5679   -16.0312   -6.81481   -13.4882
    27.875     94.375    4.70531    1.71671    6.01315   -13.9558   -15.0292   -18.1825   -13.2362   -6.94921   -12.2094
    27.875     94.625    8.91403    13.4747    9.99132   -5.74925   -5.49777   -15.9478   -8.80837   -8.49038   -3.47886
    27.875     94.875    4.30035    5.52932    6.08329   -7.60505   -6.60364   -17.7542   -9.53765   -8.97861   -6.03262
    27.875     95.125   -12.0689   0.798665    2.51354   -12.1881   -16.3335   -20.8767   -9.11939   -1.74297   -5.98245
    27.875     95.375   -23.6529    4.37892   -17.4661   -25.1764   -32.5018    -9.6649   -7.09034   -3.05937    -6.3951
    27.875     95.625   -23.2385   -2.00406   -21.5916   -26.9799    -31.511   -9.83726   -20.9796     2.0839    -5.7961
    27.875     95.875   -39.9495   -22.8126   -31.9077   -23.9859   -29.6964   -15.6605   -16.0359    4.27257   -6.80955
    27.875     96.125   -22.8867   -8.98031   -22.5457   -30.8322   -18.8891   -16.7411   -15.9012    11.3282   -7.99044
    27.875     96.375    7.76943    3.51115   -15.0441   -15.9807   -7.30965   -13.0414   -9.27787    8.67524    4.74655
    27.875     96.625    46.7404    40.8441    28.3632    19.5393    19.0127    15.9961    23.1567    15.3556    31.4553
    27.875     96.875    10.9719    21.1835    10.4494    7.54495    14.3924    11.7054    21.0155    42.4215    37.3262
    27.875     97.125    20.3625    37.1437    6.33438   0.991361    2.57971    3.26798    10.4994    44.3789    34.7861
    27.625     70.125    13.0211   -11.2866   -21.1993    6.06054   -4.22489  -0.504043   0.765729   -21.0463    22.2027
    27.625     70.375    13.9431   -11.5924   -20.9784    5.29365   -4.44714    0.29705   0.095175   -23.4958    21.9006
    27.625     70.625    19.9008   -16.8972   -27.5821    2.87101   -5.89038   0.958176   -6.70803   -35.7305    32.3565
    27.625     70.875    13.6397   -16.8651   -26.1364   -2.59799   -6.34941    4.39922   -1.58195   -37.0572    31.8615
    27.625     71.125   -2.84594   -18.0926   -26.9112   -10.5759   -7.23587    8.20968    19.5889   -41.9145    33.2405
    27.625     71.375  -0.130238   -19.2989   -24.6685   -14.4857   -7.85031    7.79303    20.8186   -45.7402    30.8728
    27.625     71.625    3.97132   -15.2869   -5.66414   -12.2349   -6.83131    6.79273    8.74972   -34.9517    30.6272
    27.625     71.875    5.39427   -13.8001    7.52202    -11.373   -5.83008    2.00913   -1.03943   -31.5973    26.0283
    27.625     72.125    7.49198    -13.078    9.80415   -11.2472   -4.92271   0.729079   -4.15662   -31.5442    24.2775
    27.625     72.375    10.5664   -7.04005    3.24888   -12.6635   -5.28511    4.01007    -13.378   -47.9436    28.0262
    27.625     72.625    3.98151   -20.7287   -12.0045    15.5185    3.83313    3.44809    10.9296   -60.4259    12.4239
    27.625     72.875   -10.6095   -13.8459   -11.6324     16.021    4.78397    3.04278    14.4854   -61.4704    5.17032
    27.625     73.125   -4.56852   -22.8422   -1.56938    22.2769    2.34034    6.01429    12.3741   -66.9077    5.01187
    27.625     73.375    14.0569   -12.7522    17.2083    35.9574    5.30187    22.7592     4.2357    -72.934   0.969007
    27.625     73.625    28.5784   -10.6344    21.0347     50.079    10.5126    20.1609   0.237964    -73.494    4.98637
    27.625     73.875    30.9098   -10.8994    48.7943    40.7166    6.05741     15.051    2.17349   -64.8526    26.5248
    27.625     74.125    21.1764   -12.5363    45.1551    22.7231  -0.351188    15.9306    2.08176   -79.8923    38.3406
    27.625     74.375    25.5428   -16.3936    94.7107    26.7486    2.03189     20.899    11.7849   -90.8517    30.2375
    27.625     74.625    20.3127   -14.5598    31.3599    34.2856    13.5458    21.5958    6.54393    -50.829    59.1757
    27.625     74.875     3.8947   -5.33643    39.2293    27.6876     19.641    32.2357     6.5874   -105.882    48.9039
    27.625     75.125    4.71987   -18.4309    33.5526    14.2603    23.8496    26.4302  -0.526131   -87.3346    23.3837
    27.625     75.375     23.653   -6.58176    23.9453    17.6534     26.194    14.5412    -1.6612   -98.9137     39.561
    27.625     75.625    29.9839    -5.0665    53.0739    23.5558    10.7651    16.0922   -1.94894   -104.138    42.7321
    27.625     75.875    23.9514    1.73448    26.1628    16.9452    11.1387    22.7767    1.58416   -54.8003    18.9732
    27.625     76.125     13.454    8.13736    14.0722      26.14    12.1666    14.5698    -8.5975   -66.8358    9.99819
    27.625     76.375    15.6862    4.57953    15.5147    25.9043    9.27454    10.1669   -1.06242   -63.9017     11.009
    27.625     76.625    10.5882    7.54294    14.1808    24.2625   -3.27652    6.70086    13.5019   -61.3375    21.0649
    27.625     76.875    12.4528    7.01773    34.1854    35.6043    3.31611    19.5093    18.2793   -47.1941     15.859
    27.625     77.125   -20.0219   0.969319   -18.2291     8.5113     -1.922    11.6735    5.91368    -54.116    5.60599
    27.625     77.375   -15.9822   -17.5635    -13.009    11.2896   -2.71938    2.92652   -1.45991   -58.6001    4.44432
    27.625     77.625   -23.2594   -17.7081    -5.7354   0.104621    -1.3985    8.28292     -16.18   -45.2839    4.45816
    27.625     77.875    1.21063    3.34818   -10.4017    2.35425   -4.57022    2.55526    4.83083   -38.9458   -2.32339
    27.625     78.125    0.85156    13.5306    33.1042    9.28879    4.57498    5.87825    2.53076   -37.2147    4.16288
    27.625     78.375   -5.38092    8.26563    9.24191     10.961    7.12609    4.24608   -5.49272   -57.7079    5.03738
    27.625     78.625   -30.3407   -1.92134   -8.82676    5.81211    6.85715    -2.6686   -14.2715   -60.1831    3.70022
    27.625     78.875   -15.0958   0.724163  -0.962606   -9.73439    7.53793    0.55199   -4.80023   -26.4879    1.00482
    27.625     79.125   -23.3478    6.89646   -31.1867   -23.1404    1.77465   -7.10314   -25.2954   -22.5516    10.2874
    27.625     79.375   -45.9479   -9.98441    -57.555   -35.9558   -16.0917   -14.7665   -49.7611   -24.8508    13.6131
    27.625     79.625   -18.8544    7.83344   -26.8651    -17.982    5.86728  -0.101658   -14.7259   -48.8825    17.4993
    27.625     79.875     4.6425    5.26313   -15.4883   -7.50258    11.4211    16.7533   -10.2141   -40.9067    31.8065
    27.625     80.125    6.59015    9.86472   -23.5128   -15.6788    4.88426    12.3975    -14.982   -34.1615    18.1172
    27.625     80.375    1.49717    19.8297   -27.8509   -17.7497   0.539189      2.601   -9.04203   -23.3631    16.5059
    27.625     80.625  -0.494718    19.7046   -26.1923   -17.8481   -3.10621    4.82765   -10.8903   -26.7446    8.07702
    27.625     80.875    4.49275    14.8111   -39.3603   -27.6523   -3.41139   -3.05497    -11.871   -6.02269    29.6633
    27.625     81.125    13.1689    22.3103   -18.5373   -25.6867    -4.6925 -0.00573333    -14.769   -7.10321    27.8737
    27.625     81.375    11.9761    15.0284    11.7684   -20.7527   -4.75949   -1.31472    -6.9612    2.25829    34.0281
    27.625     81.625   -2.75403    12.6588    -3.1873   -26.6546   -6.86417  -0.655431    -19.358   -9.66518    25.3494
    27.625     81.875    6.16146    16.9359    5.43363   -32.2789   -6.76227   -1.23383   -11.6379   -13.6916    30.2324
    27.625     82.125    7.28678    19.7386    14.4825   -31.9662   -5.47766  0.0531375    -13.917   -18.4656     23.103
    27.625     82.375    10.4256    19.4404    5.41379    -33.533   -6.92193   -1.11145   -15.7268    -6.7887    26.8632
    27.625     82.625    1.15837    22.5459   -4.82957   -6.48628   -13.7584   -2.78374   -11.6714   -7.17717     42.406
    27.625     88.375   -12.3861    2.25917    6.38628   -6.22383    12.7585    33.4509   -7.86547   -4.45374 -0.0882903
    27.625     88.625   -16.1795   -19.1222    12.6031   -9.82371    1.80593    26.1621   -12.5888   -5.37984   -11.6873
    27.625     91.625    27.4455    17.9107    28.2978    5.21783    9.19859    11.6821    18.0644   -5.41318    14.9683
    27.625     91.875    19.6696    19.4035      17.94   -1.79339     16.055   -10.7206    16.5133   -2.21158     6.2073
    27.625     92.125     80.368    47.1905    110.578    89.8493     66.088    32.9765     65.109   -38.9554    105.994
    27.625     92.375    32.6108    9.68721     41.372    20.4332    6.29812   -2.44251    10.0968   -8.75199    15.8891
    27.625     92.625    16.3997   -9.50824    54.8361     44.927    71.3437    43.9091    5.12194    17.0157    88.6463
    27.625     92.875   -4.14106   -32.9539    21.9111   -11.5735   0.650132    12.9186   -7.00616    -4.6194    12.0434
    27.625     93.125    21.4924   -13.5243     17.705   -6.62663   -8.13973   -5.16978   -9.91924   -1.96477    4.86481
    27.625     93.375    21.8055    3.42237    22.9774    0.57445   -4.61285   -2.86828   -4.54897     2.0528    10.5414
    27.625     93.625    13.7808    -16.655    11.4954   -4.53988   -15.1201    -9.9466   -13.6298   -4.36275   -3.52153
    27.625     93.875      5.845   -5.01934    2.10766   -8.39675   -21.7536   -20.0084   -17.0502   -6.78249   -10.4371
    27.625     94.125    4.29794    2.67735   -2.99499   -9.21883   -18.0783   -9.18459   -15.8943   -7.22429   -9.00146
    27.625     94.375    7.20811    12.7744    2.27744   -5.80056   -13.4009   -3.88106   -8.47789   -3.14514    1.41691
    27.625     94.625    1.50707    16.2016    7.33836   -12.3677   -17.9695     -6.331   -4.87473   -0.43104     0.6201
    27.625     94.875   -14.1831     11.742    11.1194   -7.64669   -27.9758   -13.3078   -9.95098    6.01921   -3.74527
    27.625     95.125   -19.3734    11.0008  -0.182663   -6.87739    -34.205   -16.5299    -27.965    1.89886   -12.0806
    27.625     95.375   -25.8459    9.60933   -12.3381   -13.7419   -23.0686   -8.82452   -15.2511    5.00695   -10.2187
    27.625     95.625   -17.9159    12.6544    -8.3377   -22.1128   -16.9227   -15.6688   -14.7917   0.148107   -2.78704
    27.625     95.875   -18.9366   -2.24524    3.10455   -19.2752   -7.02063   -11.3528   -3.30159    4.96121   -8.36659
    27.625     96.125   -14.5125   -6.94954    -19.715   -25.0683   -15.4076   -20.6452   -15.0491   -1.39948   -14.5727
    27.625     96.375    19.1923    24.3329    7.80371   -2.37858 -0.0891139   0.859099  -0.782067    8.05606    2.11282
    27.625     96.625      51.21      57.11    39.1923    29.1581    27.6225    25.9761     27.559    18.9081    33.9749
    27.625     96.875    35.3709    67.2066    27.6134    18.0378    20.9661     30.914    23.5397    19.0295    30.5879
    27.375     70.125    12.5603   -11.1753   -20.8475    5.93845   -4.15347  -0.297319   0.923146   -20.5889    21.4794
    27.375     70.375    17.5619   -10.5569   -20.7176    8.13454   -4.60178   -1.22875     1.3281   -22.2697     22.882
    27.375     70.625    20.1942   -12.1592   -21.0304    4.01194   -4.92503    2.61604   -3.75028   -27.0086    25.1791
    27.375     70.875    19.6301   -11.4984   -14.8354   0.991068     -2.872    8.18082   -5.29985   -28.0068    28.3537
    27.375     71.125    0.32985   -20.2196   -29.5529   -11.3479    -6.9603    8.60155    15.6598   -44.7245    40.7947
    27.375     71.375   -1.81565   -16.8109   -21.2873    -12.789   -7.33228     12.288    9.28165    -38.894    32.8066
    27.375     71.625    1.66618     -14.96   -15.5319   -12.3784   -7.16594    8.63789    2.33058   -34.2166    27.3253
    27.375     71.875    5.55619   -13.4289    8.23195   -11.0468    -5.6762    1.58706   -1.07411   -30.7477    25.2587
    27.375     72.125    18.1599   -5.32359    14.4547   -13.8616   -7.20502   -3.05712   -19.8305    -43.006    33.8455
    27.375     72.375    23.6577    -5.4213   -0.68335   -13.5384    -5.2487    8.39936   -7.74085   -49.5977    30.1418
    27.375     72.625    6.68822   -13.9042   -4.02349  -0.135776    2.78634    3.57855   -4.11448   -54.4873     22.665
    27.375     72.875    1.79297   -20.0138   0.558383    22.2755     0.2576    8.44704    6.67737   -60.8952    2.21094
    27.375     73.125    3.80802   -10.4569    22.4504    37.6344    5.71236    23.9113   0.867724   -70.0368   0.509279
    27.375     73.375    4.20636   -10.0397    22.9934    37.3237     4.4111     23.271   -2.91784   -74.5566   -5.60076
    27.375     73.625    31.0175   -12.5355    36.5305    50.1441    11.2044    20.3374   -5.44043   -80.5582    5.73563
    27.375     73.875    25.4058   -4.89393    65.9045    42.5411    11.1349     18.219    2.67188   -82.4398     39.371
    27.375     74.125    14.1748   -12.3319    82.6352    40.9223    2.72713    24.5799    20.8676   -91.1127    42.7043
    27.375     74.375     34.943   -2.21788    75.4882     27.629    8.05778    9.59945    14.3298   -79.9368    20.3181
    27.375     74.625     17.799   -10.7798    14.5787     24.517    13.6456    18.0053    2.44509   -83.4388    26.8527
    27.375     74.875    14.0172   -9.93181    13.7669    23.1387    13.5081    22.9355    6.03275   -79.2008    39.5755
    27.375     75.125   -2.79428   0.183585     32.313    9.36781    34.8715    26.0247   -1.52578   -92.0015    51.9415
    27.375     75.375    5.95376   -4.53733    33.3427    13.9357    35.2641    14.5755    6.51746   -100.079    54.5228
    27.375     75.625    30.8362   -7.79768    25.2739    25.3306    23.7508    18.7441   -4.91613    -103.56    42.3601
    27.375     75.875    18.5459   -4.22294    23.4533    4.87468    24.5144    7.31985   -5.65973   -57.4533    35.2962
    27.375     76.125    8.04031    2.53122     33.556    18.1906     7.2651    10.7084    1.45531   -77.1795    15.0533
    27.375     76.375    10.4123    14.7731    6.08143    10.2446    7.93754     10.973   -10.7373   -56.5091    25.9036
    27.375     76.625   -0.35879    5.49715   -4.57561    12.2487   -3.48363    2.00169   -5.58219   -58.5275    5.67344
    27.375     76.875    1.91531   -1.84437    12.0146     24.428   -1.95373    12.3772    11.9434   -60.9397     8.4664
    27.375     77.125  -0.200239   0.934632    24.8088    25.6442  -0.825678    21.1073    4.44536   -44.2131    13.7079
    27.375     77.375   -16.7525   -17.4661   -10.3611    5.51556   -2.21573  -0.274653     5.5259   -40.5067    8.83852
    27.375     77.625   -3.93885    1.13176   -9.37887    22.8374   -4.14759    3.03529   -6.54075   -37.6238    1.70491
    27.375     77.875    14.1755    1.20721   -2.69564    23.5512   -2.60135    1.97163    -1.7963   -58.3004    2.60875
    27.375     78.125    4.01762    9.29055    8.42716    15.1948  0.0532361    1.91972    3.23132    -56.944    4.75383
    27.375     78.375  -0.489447    8.75634    5.21205    19.6465     2.0853     2.8101  -0.936947   -69.7546    10.8575
    27.375     78.625   -17.8465     10.039   -24.5944   -7.34674    12.5543     5.3242   -4.56878   -65.8615    4.07056
    27.375     78.875    7.07308    15.3049    11.7214    9.13664    12.9861    18.2965    5.74678   -71.1737    4.50675
    27.375     79.125   -6.35569     9.7711   -15.8978   -15.8393    5.90617   -2.71545   -9.64679    19.7951   0.421003
    27.375     79.375    -22.956    14.4238    -33.934   -22.8892    3.29246   -6.64391   -16.0263    10.4217   -1.82493
    27.375     79.625   -17.5648    15.1399   -17.7558   -21.2736    6.07224   -1.06949   -11.1936   -68.6446    16.3085
    27.375     79.875    3.27031    11.2795    1.90818   -7.18518    5.47577    5.27293   -5.08319    -25.197    39.4665
    27.375     80.125    6.23288    12.9042    -36.788   -21.0305    2.74932     -1.678   -12.0196   -18.8759    21.9383
    27.375     80.375    2.46783    16.4781     -44.82   -23.7731    2.30013   -4.66748   -12.1729   -12.4669    17.5534
    27.375     80.625    18.8684    9.62973   -20.2173   -13.2287    4.40208   -2.22661   -4.96317   -18.3734    27.0243
    27.375     80.875   -21.5613    13.1476   -42.3083   -29.0089  -0.532007   -2.88668   -16.8558    -21.429    36.0433
    27.375     81.125    13.6077    22.9194    17.5661   -27.0754    5.55804   0.119818   -7.48914   -6.18032    38.4188
    27.375     81.375    5.20965    25.2384     23.383   -23.8446   -1.88782   0.101565   -9.76785   -8.30964    40.0382
    27.375     81.625   -7.66943     11.152    11.5777   -29.5299   -7.02189   -4.00247   -22.3268   -4.30576    30.4585
    27.375     81.875    9.36495    13.8513    10.0835   -28.5371   -6.12434    -1.6814   -13.2165   -16.5245    22.4271
    27.375     82.125    7.44839    10.0478    9.43586   -30.4308   -6.25478   0.633918   -17.0918   -19.5058    22.6829
    27.375     82.375    10.8682    15.3582    4.73182   -28.4815    -7.4869  -0.849418   -13.0713    5.34141     23.239
    27.375     82.625  -0.868561    20.9269   -4.00783   -13.4103   -15.7966   -3.60032   -13.8642   -9.88704    26.2652
    27.375     82.875   -1.23745    3.91499   -29.6649    1.73085    4.27751   -1.77833   -12.0893    1.96626    30.2526
    27.375     83.125 -0.0445875    10.8029   -35.2518   -13.4931   -5.02748   -2.47826   -2.62989    22.1826    36.6459
    27.375     83.625    5.38314    17.3329  -0.344011   -11.5584     1.5553   -6.25003  0.0221403    10.3342    15.5847
    27.375     84.125   0.458633    14.5621   -11.4111   -11.5731    8.62358   -11.3164   -1.81787    13.5974    20.3799
    27.375     84.375   -7.43224    9.90783   -25.4738   -3.71077    1.41478   -6.19078   -8.70494    18.0264    19.1622
    27.375     88.125   -24.1594    13.7241   -12.2154   -36.0985   -31.3856    -18.383   -27.1546   -2.95999   -35.8966
    27.375     88.375   -25.3841   -9.95052   -12.7954   -22.9675   -25.8051   -10.9313   -28.9078   -4.58859   -32.1336
    27.375     88.625   -21.6613    -15.684   0.829474   -19.4834   -15.5409    2.37946   -23.1939   -8.11274   -33.4495
    27.375     92.125    24.3458    24.5757     25.105    10.2071    3.43432   -19.4066    8.96942   -10.5821       31.3
    27.375     92.375    14.1436  0.0903306    27.6647        7.9    7.44829   -20.7122    -4.3603    -14.234    26.7733
    27.375     92.625    3.46953   -15.3955    16.2237   -3.66595    -0.0093   -13.2394   -13.1013   -13.7245     22.246
    27.375     92.875    6.96942   -10.6453     18.696   -1.67966   -5.97243    -8.0862   -6.07518   -13.2468    8.85314
    27.375     93.125    23.1514   -3.48229     24.527  -0.196764   -2.91472   -3.04349   -3.33701  -0.894251    15.8354
    27.375     93.375    20.1207    1.56156    22.3892    2.60093   -5.69273   -5.95776   -7.67685    4.22593    13.2133
    27.375     93.625    6.97205    -16.132    1.65577   -6.77957   -12.0773   -12.6007   -14.3752   -5.67344   -7.54262
    27.375     93.875    11.4683   -9.70577    3.03649    -10.047   -11.4634   -13.1842   -12.5183   -9.30084   -14.5318
    27.375     94.125   -5.58699    11.4157   -3.94948   -8.35011   -13.7809   -5.39654   -7.22769   -1.80014   0.733711
    27.375     94.375   -9.38206    25.2636   -6.41076    -4.9287   -18.3158    1.65077   -1.71796    5.24899    6.27074
    27.375     94.625   -1.60692    18.7314    9.47835    -3.6437   -21.4153    -1.7576   -4.30122    7.59834    2.44473
    27.375     94.875   -7.40731    18.8066    8.54566   -2.44514   -22.6357    -5.9812   -10.3852    8.07144    -4.7722
    27.375     95.125   -14.6329    25.2276   -7.45499   -19.5811   -26.3031    1.38036   -19.1616    7.20472    -12.603
    27.375     95.375   -15.7717    39.2802   -3.10571   -21.6467   -27.6656   -2.99453   -9.83245    -2.2336   -11.4126
    27.375     95.625   -3.64001    31.8457    11.5368   -15.6317   -1.42183    -7.0028   -9.43991   -7.29248   -8.27991
    27.375     95.875    -7.5594    21.8487    10.7305   -16.7405   -2.79695   -9.70554   -10.8472   -4.30023   -4.69326
    27.375     96.125   -2.58226      7.208     -1.296   -18.0626   -7.95082   -16.0757   -7.30556   -7.79985   -11.8797
    27.375     96.375    17.9114    28.5764    10.4058   -3.29387    1.15523   -1.59392     4.0169    7.61626    3.78448
    27.375     96.625    49.8641    52.3408    37.6637    25.6555    23.6747    8.05135    24.5555    29.0581    44.7276
    27.375     96.875    44.3623    53.4946    39.4275     29.204    32.5839    14.1769    35.2524    29.6217    42.1211
    27.125     69.875    12.0838   -12.6056   -23.3145    4.10596   -4.59569   0.738096   0.166276   -22.7138    21.3542
    27.125     70.125    16.5997   -14.6124   -26.7195    5.24797   -5.17685  -0.643096   -0.17171   -26.5144    28.1154
    27.125     70.375    16.4904   -12.2795    -24.576     7.0848     -4.905   -1.61451  -0.486379   -24.8886    27.7751
    27.125     70.625    17.5891   -9.53763   -22.9806    2.62107   0.769899    7.75016   -2.36882   -32.2933    31.8084
    27.125     70.875    17.5824   -10.8869   -14.1945   -1.33414   -2.99961    9.58596   -5.62023    -28.301    30.6971
    27.125     71.125    14.4151   -11.8969   -14.4289   -4.50581   -2.77377    11.3602    2.13722   -29.8598    32.7469
    27.125     71.375   -2.43577   -19.5598   -23.5032   -8.70152   -2.77064    17.6114    23.8279   -42.8672    48.5291
    27.125     71.625    1.79149   -16.4262   -10.5668    -5.0322   -2.06621    13.7064    17.1598   -38.0525    35.7129
    27.125     71.875    27.6861   -7.03402   -3.56965   -11.8253   -4.28216     7.4295    8.39634   -46.7903    36.7144
    27.125     72.125    41.5594    2.20741   -13.3822   -13.9351   -5.39359    7.25926    12.6379    -53.402    27.4599
    27.125     72.375    35.7301   -3.24523   -17.9037   -14.9675   -5.56424    10.4772    8.67838   -55.6669    30.3357
    27.125     72.625    46.5431   -6.27274   -22.6303    -14.104   -3.32065    10.7404    14.1734    -60.366    22.3656
    27.125     72.875    35.8518   -10.0686    18.0992    13.3569    12.6758    20.5088   -4.25334   -75.6919     8.2155
    27.125     73.125    27.7506   -11.9773    51.1793     21.061     5.1407    18.6775   -9.84595   -76.0693   0.487321
    27.125     73.375    16.9868   -9.21662    32.9576    28.9806     14.692    16.7776   -4.94383   -79.1077   0.397933
    27.125     73.625    35.9843   -8.03421    32.1165    26.3643    11.1305    8.31442    3.76961   -65.4874    11.8646
    27.125     73.875    32.6878    -4.3013    45.5795    49.3301     15.705    9.26264    3.95339   -82.0299    42.8522
    27.125     74.125    39.9042   -6.17238    52.9105    40.7453    9.34135    10.0167     9.1113    -82.258    39.4151
    27.125     74.375    40.9855    -9.3864    39.6984    41.1117   0.614275    22.5939    20.8727   -72.5183    47.9904
    27.125     74.625    40.0986   -12.2368    46.4961    31.7565    4.20684    21.6985     2.5067   -58.9053    42.3761
    27.125     74.875    6.17636   -12.3701    17.7915    13.8011    12.3506    10.5877    1.01056   -51.9416    14.3759
    27.125     75.125    22.4226   -8.04582    41.7868    6.05378    12.4084    13.2926    3.55327   -64.2538    45.0322
    27.125     75.375    9.02003   -1.45863     50.329    36.8971    21.9057    17.6884    3.57043   -115.357     51.395
    27.125     75.625     22.197   -10.4002    31.4312    29.2943    33.7793    17.9772  -0.292924   -112.893    39.3605
    27.125     75.875    30.3659    -9.7646     20.851     6.5219    24.8839    6.24159   -3.15329   -91.4484    32.2437
    27.125     76.125    11.8718    4.75913    33.0834     13.415   -4.15485    12.7648    4.15696   -78.8832    22.8972
    27.125     76.375    8.80327    9.53662    25.2881    11.3057   -3.26512    13.2384   -13.5026   -64.5334    21.2927
    27.125     76.625    11.2561    4.91964    9.06715    1.09445   -3.28431    10.1455   -2.12088   -57.0014    4.84801
    27.125     76.875    2.98618    2.95979   0.821829  -0.799662   -4.43908    7.59994    6.24408   -38.2858    5.25493
    27.125     77.125    16.0944    5.49034    3.31558    19.3471    4.12228    7.07101    8.27819   -39.8928    8.28038
    27.125     77.375    23.0807     2.5949   -10.0483    6.79878     1.7265    1.71255    11.8064   -38.6238    9.58462
    27.125     77.625    16.1145    29.4783    10.0722    31.9855    8.03248    8.24359    29.1281   -64.3895    2.99784
    27.125     77.875  -0.887208    8.15186   -12.0292    18.4132   0.238051    1.57327   -6.05081   -53.6421    2.33335
    27.125     78.125    1.04484    11.1846    2.78662    14.1564    3.05852    5.20823   -11.1267   -45.1404    10.7141
    27.125     78.375    1.71502    6.31088   -11.3219    19.8885  0.0820167     6.5988   -11.3045   -52.1471     8.6303
    27.125     78.625   -19.0483    13.0147   -22.6378   -13.5193    2.45556  -0.880247   -11.0302   -43.5229    5.20596
    27.125     78.875   -1.40614    22.2635   -27.6187   -2.69117   -1.62989  -0.251358   -8.25224   -42.2759    4.12908
    27.125     79.125    6.77505     35.483    1.25224    10.1614    16.4519    13.8288   -7.82915   -17.4032    1.96672
    27.125     79.375   -11.1083    22.9953   -25.8415   -13.4025    8.51018   0.176078   -6.97321   -6.38065   -2.68291
    27.125     79.625    7.65043    22.7367   -15.7999   -14.3732    8.55372    16.4572   -11.8388   -50.9355   0.573169
    27.125     79.875    19.1099    19.0818    7.44915     5.2951    11.7032    13.8919   -6.19899   -26.5402    45.0985
    27.125     80.125  -0.221693    13.4835   -12.8253   -6.59233    4.61309    2.34798   -14.3341   -23.0139    16.3255
    27.125     80.375    5.13127     20.674    1.39678    1.27569   0.571082    1.00167   -13.1454   -3.83891    32.5924
    27.125     80.625    9.53125    18.8806   -24.9968   -9.52964    11.3878   -1.59468   -12.3415   -11.5897    44.3364
    27.125     80.875    13.4156      23.28   -21.9713   -12.9941    8.70121    5.01029   -6.67467   -21.2376    37.8556
    27.125     81.125     10.224    14.7183    12.2426   -11.8939    16.8913  -0.185131   -7.75252   -10.8766    38.8231
    27.125     81.375    2.79883    12.1861    18.0231   -19.1293    1.56901   -1.30165   -12.3896  -0.575061     42.497
    27.125     81.625   -1.06077    22.7091    13.8817   -17.4681   -5.09241   -1.69293   -8.93657   -3.71448    45.2363
    27.125     81.875    5.31643    18.3895    4.81167   -27.4628   -4.79282   -1.10815   -4.29267    -4.4085    40.3345
    27.125     82.125    17.1934    21.7969   -3.33119   -29.0931   -5.64524   -1.42467   -5.92702   -8.99139    34.5291
    27.125     82.375    7.34824    20.7156   -6.45633   -27.6586   -6.64015   -2.25961   -3.91976   -4.82283    24.1831
    27.125     82.625  -0.961329    17.0508   0.342663   -17.5968   -8.26364   -4.89243   -15.2543   -10.2439    28.8431
    27.125     82.875   -2.07391    18.4718   -23.4793   -12.3223    7.78427   -3.25067   -11.2633    5.49369    29.1726
    27.125     83.125    8.04393    21.7606   -9.81689   -10.0515    8.66304   -4.92552  -0.478767   -3.06501    20.1033
    27.125     83.375    -5.5618    12.8592   -8.47174   -2.55297   -18.0313   -4.70352    -9.6661    3.24419    26.2072
    27.125     83.625    7.04945    16.2727   -2.54131   -7.04944     0.4093   -6.34653   0.998947    2.77927    17.9156
    27.125     83.875    3.35492     16.584   -12.0253   -13.0696    7.69875   -8.28833   -1.46658    11.5688    23.0269
    27.125     84.125   -2.37275    12.3645   -24.4069   -11.8844    24.1262   -13.5696   -8.00005    11.7837    15.4898
    27.125     84.375   -3.89371    13.5773   -28.4226   -6.88968    2.69622    -8.5686   -6.15601    18.0867     13.949
    27.125     84.625   -6.73713    13.4713   -27.8061   -8.36879  -0.500879    -5.5929   -8.28723    40.9023    10.5351
    27.125     88.125   -19.8554   -8.22112   -8.51107   -19.6535    -30.028   -30.4733   -29.6506   -5.62804    -36.259
    27.125     88.375   -22.7164   -15.6252   -11.9194   -25.1586   -36.7102   -24.5855   -33.8214   -5.08455    -46.313
    27.125     88.625   -15.7251    -12.724    -1.1983   -22.8008   -25.0809   -12.9043   -21.8567   -3.63802   -32.5591
    27.125     92.125    22.9497    22.5337    19.8505    5.34368   -0.11404   -18.6034    3.51523   -7.40845    28.3241
    27.125     92.375    17.0817    14.3546     26.588    12.5035    8.03846   -8.57389   -3.11168   -14.7337    25.8823
    27.125     92.625    1.41796   -6.45484    12.7722   -6.28181   -3.43914   -11.3351    -11.837    -13.967    16.5195
    27.125     92.875    2.84274   -9.00033    15.9781   -5.54586   -9.56151    -10.235   -7.36036   -12.0229    6.62487
    27.125     93.125    14.7661   -1.66479    18.8244   0.304124   -4.54528   -7.06018   -4.14953   -1.31174    9.43982
    27.125     93.375    13.0847    -2.5235    15.7508   0.440856   -3.34364   -9.73127   -5.37734  -0.120358    6.08607
    27.125     93.625    12.1794   -7.63598    6.74636   -4.85811   -7.54483   -13.6118   -9.16821   -3.80875   -6.32982
    27.125     93.875    10.3246    16.6014 -0.0988292    -14.019   -9.42726   -6.13168    2.51703   -31.2059 -0.0877875
    27.125     94.125   0.126676    18.8498   -2.06079   -12.9694   -14.8769   -5.91296   -2.56332   -1.26037    3.41144
    27.125     94.375   -1.23108    14.5432   -4.45722   -13.4675   -16.9425   -4.56183    -10.355    1.41831    3.54192
    27.125     94.625   -6.90232    17.1058  -0.829089   -5.00905   -24.1632   -9.52933   -13.3755   -8.10055   -3.37485
    27.125     94.875   -14.4441    30.7404   -2.84148    -12.748   -29.9435   -10.5311   -21.7575   -14.1821    10.2797
    27.125     95.125   -8.98931    31.1963     -19.22   -22.9229    -27.412   -18.4814   -21.5256   -21.9565   -13.2686
    27.125     95.375   -4.04579    21.7799   -11.0722   -17.2269   -18.0927   0.252106    -14.415   -6.19887    -5.3607
    27.125     95.625    7.34969    21.3225    7.56831   -5.60926  -0.622265   -1.28179   -11.9029   -7.54994   -3.89629
    27.125     95.875    2.75524    12.5323   -1.04706   -11.3874   -10.3227   -8.44507   -17.2444   -8.62333   -3.55127
    26.875     69.625    10.0398    -10.955   -21.4063    1.89249   -4.26491    1.77188   0.615097   -20.6374    16.4588
    26.875     69.875    10.0011   -12.1554   -22.8753  0.0555833   -4.86477    2.32636  0.0112264    -22.737    17.9691
    26.875     70.125    -3.5267   -17.6558   -33.1695   -6.93713   -6.69408    1.39113     21.864   -31.0927    23.5768
    26.875     70.375   -9.84676   -18.1087   -32.5054   -10.0056   -6.27618    3.10547    26.9872   -32.6247    24.9957
    26.875     70.625     11.421   -9.08541   -8.63111    -1.5123  -0.578113    12.1911   0.809989    -26.049    38.3538
    26.875     70.875    17.8487   -11.4796   -13.1079   -5.56259   -3.23437    10.3078   -6.47712   -27.3714    31.7285
    26.875     71.125    10.3981   -12.8693   -16.8491   -5.60081   -3.30654    8.80724   -3.98091   -29.6408    29.1308
    26.875     71.375    6.36346   -17.8938   -2.79878    5.27275    5.37421    17.1995    31.5384   -42.4956    50.6648
    26.875     71.625    17.8438   -6.23817    8.48092    15.3458    13.2333    20.9325    38.5644   -48.4366    69.9317
    26.875     71.875    13.2784   -9.95964    6.23904    3.89961    4.89826    16.7885     25.202   -41.2702    46.5621
    26.875     72.125    29.3612    1.08665   -6.75583   -8.13643   -1.48943    13.1388    18.4527   -41.2789      31.78
    26.875     72.375    35.0646   -1.75437   -15.5804   -12.8822   -2.48769     14.879   -5.08614   -46.9775    30.7081
    26.875     72.625    44.2572   -9.04439    4.98198   -2.68807    8.14717    20.9327    11.7837   -52.5044    30.7642
    26.875     72.875    58.5616   -9.75155    13.5881    4.00646    2.46062    13.3981    16.8922   -59.6108    25.6008
    26.875     73.125    55.5349     -8.724    40.6905    22.5171   0.384003    14.7378    6.81719   -68.7763    10.5951
    26.875     73.375    51.2993   -9.31981    58.7318    26.4676    3.26078     8.0243    5.12507   -72.9512    13.4975
    26.875     73.625    40.0481   -10.0281     41.363    38.9489    10.0323    8.61783    4.14044   -74.5944    33.7458
    26.875     73.875    33.9085   -7.49259    51.4382    34.3313    8.53637    13.2188    12.5285   -78.1004    78.9005
    26.875     74.125    37.7049   -4.18624    67.0841    27.6161    11.0025    20.6682     18.615   -66.4725    64.1635
    26.875     74.375    57.7308    -2.2155    36.7091    32.2315   -5.85402    16.2916    20.2867   -50.0438     56.252
    26.875     74.625    48.9349   -5.18116    49.7552    24.3585   -7.26105    22.5529    17.4931   -52.3707    54.8454
    26.875     74.875    25.7677   -7.50582     82.682    52.1061    10.0564    28.5595    6.30774   -69.4392    32.9607
    26.875     75.125    2.61186   -11.7024    41.6648    29.4351     6.5953     24.478  -0.517738   -57.7017    27.2596
    26.875     75.375   -3.61143     -11.19    49.0401    32.2612    9.29502    20.9903   -1.75563     -109.8    58.1559
    26.875     75.625   -6.34659    -5.8183   -3.83222    4.82375    9.62428    12.4122   -1.17229   -83.3651    35.8748
    26.875     75.875     8.8222   -3.64006    18.0942     7.9991    6.16882    7.36163     1.5224   -87.1621    41.4614
    26.875     76.125    8.68929    -0.5634    57.8512    33.6066    2.96747     17.821   -4.35981   -86.1053    42.4662
    26.875     76.375     12.939   -7.60929    39.3089    30.7091    2.07753    8.95897   -6.29062   -72.4786    19.5692
    26.875     76.625    31.1624   -10.9826    17.4702    8.27451    3.56349    9.40268    1.52685   -71.4888     20.938
    26.875     76.875    16.2588    8.54262     11.308    23.4008  -0.559729    9.31977   -5.41802   -32.7822    27.8157
    26.875     77.125    15.5686    13.1694    20.5358    12.0971    2.45266    7.27243   -10.9813   -70.0509    31.4649
    26.875     77.375    7.85043   0.991789   -20.0571    16.7714  -0.201922  0.0603917   -2.52177   -44.4087    9.67335
    26.875     77.625     8.6201    19.8338    4.55738    12.6411   -1.43578    11.0966    14.3433   -51.8657    11.9546
    26.875     77.875  -0.964133    10.0642   -17.1821    22.9284   -2.81023   0.354486   -7.41323    -35.977    5.95444
    26.875     78.125   -10.5268    10.4288   -7.20398    2.22949   -2.18187    1.15863   -7.71303   -45.2448    2.42391
    26.875     78.375   -8.05821    7.03146    1.82896    13.1009 -0.0750625    6.93274   -12.2476   -46.7303    3.74644
    26.875     78.625   -7.58746    5.72634   -9.63903    1.89972    3.27832    1.93254   -17.3704   -38.3733    1.79907
    26.875     78.875    7.56796    27.3686   -9.72492    5.22841   -2.69223    2.11378   -7.20194    -52.932   -1.78713
    26.875     79.125     15.092    35.6741  -0.295326    7.31069    21.0515    11.3329   -1.37136   -56.6985   -2.43819
    26.875     79.375    19.4362    30.7909    15.4131    14.5008    25.4003    9.13297    1.65913   -52.0791   -4.63878
    26.875     79.625    11.9469    20.7731    16.9671    13.2041    16.6681    16.6362   -4.72767   -61.2196    2.15714
    26.875     79.875    6.63409    24.1773    7.77267   -2.71843    12.8642    17.5034   -3.36631   -58.3326   -4.42557
    26.875     80.125   -4.17085    15.2517   -11.9152    4.32208    14.9008    6.01664   -3.79245   -33.5218    21.7108
    26.875     80.375    7.44556     16.168   -11.0563   0.915764    5.18423    5.41545   -7.30744    -51.138     25.578
    26.875     80.625    11.8404    22.9774    24.4499   -21.2092    7.74949    5.08798    6.60508   -32.9645    42.1081
    26.875     80.875    3.93684    10.5843   -7.63755   -15.1033     7.8254    1.43921   -1.24096   -36.2537    42.5589
    26.875     81.125   -2.34025    15.8475   -6.78737   -20.1245   -4.15204  -0.464197   -9.43985    -10.696    29.5267
    26.875     81.375   -2.13435     12.157   -7.68761   -23.6303    -5.8867   -1.54637   -10.9352    -4.3405    43.6171
    26.875     81.625    7.12813    12.1055   -1.54808     -25.56   -4.53394   -2.99202   -11.4231    4.78164    36.0339
    26.875     81.875    8.94483    20.5583   -1.45326   -21.2731    1.63942   0.474422   -9.22168   -10.4133    47.7479
    26.875     82.125    15.1704    17.0312   -7.97373   -30.4289   -2.28889   -1.73858    -3.7903   -24.6748    40.4728
    26.875     82.375   -4.40341    27.1758   -17.9858   -30.6464   -7.53416   -2.22336    1.50399   -14.5393    30.7067
    26.875     82.625    13.4065    11.2312     8.6102    -27.837   -7.81449   -6.37867   -12.6072   -1.26594    26.5804
    26.875     82.875    4.44115    14.8954   -22.7123   -26.9486    13.5334   -6.10208   -4.96165     5.4958    26.4558
    26.875     83.125    8.30093    17.5667   -7.59356   -11.3042    16.4361    -8.0963   -5.36317   -3.55221    24.0507
    26.875     83.375    2.31852    11.2425   -7.31864   -37.9662    9.97474   -7.42451   -10.7089   -16.3154     27.296
    26.875     83.625   -9.32344    2.23335   -51.2163   -46.4672    0.70995   -7.75026    -24.177   -11.9804    27.5215
    26.875     83.875   -16.1003    16.7321   -23.9381   -35.4738    -1.6391   -10.7936  -0.227375    13.8434    29.8464
    26.875     84.125   -15.9213    10.5771    -38.789   -5.62731   -6.24751   -11.3588   -15.9434    16.4214    15.7949
    26.875     84.375   -2.10629    6.70358   -9.87852   -4.65339   -16.7773   -4.37556   -12.2001    19.7529     18.662
    26.875     84.625   0.895921    12.0103   -11.3628    -6.1754    -2.6791   -4.70437   -12.2172     17.812    13.3666
    26.875     84.875   0.377011    14.8879   -11.5742    2.82103    5.12038    -3.8731   -16.2385    25.0595    13.3337
    26.875     88.375   -27.2132   -2.55836   -19.0855   -32.5958   -26.6616   -12.5443    -31.765   -2.67491   -22.7278
    26.875     88.625   -30.9393   -7.74015   -15.5119    -41.931   -29.2029   -9.59711   -31.3387   -1.82145   -33.3486
    26.875     88.875   -30.4527   -5.40601   -17.1315   -50.3205   -20.5771   -16.6445   -33.3295    11.1002   -41.7077
    26.875     92.375    5.44028    15.1931    7.53769   -20.4458   -10.9276   -21.6847   -8.84552    8.69469    24.1087
    26.875     92.625    5.04567    14.4691    23.7074   -5.79116   -3.70396   -5.46263   -5.32133    10.5893    24.2118
    26.875     92.875   0.784194    3.01956    17.9759   -18.0624    -5.8766  -0.549078   0.619094    6.80493    11.3248
    26.875     93.125  -0.530428  0.0328458    10.9766   -20.0786   -10.1203   -4.46303   -3.27333   -10.4806    7.20999
    26.875     93.375   -5.52303     4.9021   -18.2123    -33.783   -10.6224   -18.0128   -11.6045   -10.1627    7.86863
    26.875     93.625   -3.28449    16.6996   -6.23067   -19.6454   -21.1064   -12.0681   -4.46159   -5.31204    16.7843
    26.875     93.875   -6.73708     12.676   -23.4197   -13.9532   -33.5929   -13.2869   -17.2042   -3.87706    -4.3157
    26.875     94.125    6.59494    7.07286   -14.2998   -8.01993   -31.6348   -10.8619   -18.7092   -1.13573   -7.51603
    26.875     94.375   -6.79865    8.79825    3.90848   -9.25097   -7.01784  -0.450004   -15.2697   -6.77122    1.12517
    26.875     94.625   -7.86267      26.27    10.1059   -10.3701   -13.7342   -4.83372   -18.4971   -16.0416    7.20279
    26.875     94.875   -3.48796     23.534   -4.61614   -11.8701   -21.1701    -5.1837    -17.577    -16.349   0.564246
    26.875     95.125    9.35695    21.5406    1.29634   -10.5025   -13.8319    5.76158   -11.5773   -13.6206  -0.490715
    26.875     95.375    10.6118    16.1181     3.7995   -9.43022   -9.02749     4.9542   -9.52797   -13.6358    -1.4762
    26.875     95.625   -5.75737    9.01597    -11.839   -20.8771   -19.8802   -8.77472   -26.5179   -6.74369   -5.27754
    26.625     69.875    8.46735   -11.2944   -21.1362   -3.09155   -4.67683    3.51141    1.27285   -21.3783    15.5555
    26.625     70.125   -10.8941   -17.5359   -32.9241   -10.4799   -6.47805    2.67421    26.7669   -30.3759     21.612
    26.625     70.375   -2.90103   -13.0411   -24.9996   -8.32417   -5.32956    3.34818    16.0262   -22.3437    14.9864
    26.625     70.625    6.61972   -18.7838    -22.439   -9.01158   -6.72838    7.68655   -11.6137   -37.8584    32.0879
    26.625     70.875    14.6328   -9.85491   -12.5405   -2.21458   0.214435    9.85507    5.50041   -26.4066    34.9171
    26.625     71.125   -3.92436   -19.0096   -29.9294    -7.8475   -5.50425    3.36405    9.08914   -40.8106    33.3118
    26.625     71.375    16.9428   -19.4183   -6.02814    10.0189    6.55803     15.225    36.8619   -47.6665    66.0589
    26.625     71.625    35.8513   -2.88506     16.547    16.1417    14.6611    19.5419    52.7775   -50.8622    77.4987
    26.625     71.875     32.827   -2.57588    8.15569    8.27884    11.1435    19.5745    44.8561    -51.787    86.2007
    26.625     72.125    22.0748   -2.39848   -4.82181   -3.22759    12.3666    23.5063    21.2224   -51.8607    68.3789
    26.625     72.375    39.2337   -10.7384    1.94588   -4.43354    8.95062    20.6611     10.321   -52.9656    50.6608
    26.625     72.625    44.9943   -7.41745     5.8844   -9.10526    1.39368    9.18653     16.017    -53.703    38.1389
    26.625     72.875    46.4444   -11.2906    5.03796   -9.97407    4.87253    7.29021    26.8443   -60.4645    36.6146
    26.625     73.125    49.2712   -11.8086    11.2955   -6.48478    4.69593     2.9062    8.38979   -63.0896    43.8083
    26.625     73.375    32.4821   -14.0902    13.5398   -8.62906  -0.164899    3.48906    5.52396   -67.5878    70.5721
    26.625     73.625    36.4513   -8.91014     7.0317     13.101    1.26812    11.8919    16.6001   -62.5895    70.5538
    26.625     73.875     40.053   -3.80935    36.9063      14.82  -0.288101    15.6987      18.71   -65.8625    79.5587
    26.625     74.125    31.5134   -3.40565    56.4373    26.5016   0.782575    16.4355    20.3498   -64.3706    66.3089
    26.625     74.375    37.7604   -1.75223    33.9221    24.7269   -3.37123    16.3251    22.1874   -57.4492    65.9861
    26.625     74.625    31.0574   -7.01609     28.366    14.6917   -4.11228    11.9387    16.3118   -56.0988    51.7385
    26.625     74.875    16.5501    -11.887    62.9812    43.1351    14.4919    34.6197  -0.571558   -94.6992    24.8958
    26.625     75.125    5.80377   -12.8706    59.8092     3.8771   0.847697    13.3913    10.5893   -68.3027    23.3817
    26.625     75.375     13.342    -12.718    51.5308  -0.490265    2.41569    13.8345    5.02873   -73.5297    36.7317
    26.625     75.625    15.5439   -9.90303    41.2938    1.09733    2.82602    13.2904  -0.142411     -78.04    37.0721
    26.625     75.875  -0.402882   0.881503   -5.80917    7.28771  -0.552818    9.16705   -3.09388   -88.8959     35.763
    26.625     76.125     17.233   -1.87659    46.5281    32.1527   0.818613     10.844   -5.77362   -74.0301    35.8172
    26.625     76.375    17.8106   -7.39026    13.7892    18.4271   -2.09452    5.73512   -8.91918   -47.4873    22.3018
    26.625     76.625    26.0376    2.51374   -4.12922    13.7929   0.380331    12.0161   -8.61331   -70.4797    28.2148
    26.625     76.875    20.4923    3.37087    3.48488    19.2443    1.44136    9.98223   -12.7778   -73.4631    24.8631
    26.625     77.125   0.883196    8.28501    21.7526    29.0416    -1.3965     2.9084    -2.2849   -61.3608     25.887
    26.625     77.375    8.81137    3.10682    5.86781    27.0117   -1.22829    3.02818   -13.2268   -42.2557    19.7481
    26.625     77.625    6.60633    11.7856    4.54779    32.0436   -2.40199    2.68563   -8.83557   -59.7497    18.3363
    26.625     77.875    -18.435    13.0848   -23.7337    28.1277   -2.33569    1.16377     -19.25   -47.1955    10.2424
    26.625     78.125   -7.95088    15.0416    8.13973    19.9276   -1.94792    2.22782     -19.89   -51.5013    6.92354
    26.625     78.375   -6.56863    20.7599    -4.1619    20.3736    2.03328    1.66796   -14.2256   -46.5702    1.60862
    26.625     78.625   -11.4948    24.9474   -11.9039    18.8505    1.34884    13.8773   -8.80702   -42.9202  0.0716528
    26.625     78.875    3.48062    30.0259    3.34674    21.8183   -2.01681    6.86803   -5.46668    -59.251   0.490217
    26.625     79.125   -15.6909    8.91818   -15.0881   -3.14047   0.288643    5.09092     -16.61   -53.2757   -11.2845
    26.625     79.375    4.18554    31.0759   -8.96386    2.72197    20.8037    3.01047    4.07464   -69.9377   -15.4622
    26.625     79.625    16.5929     31.286    15.0755    5.90625    18.8085    10.0356    9.91102   -54.0465   -3.98304
    26.625     79.875    5.54772    23.7243   -20.6266   -11.8299    8.93806    9.58519   -6.58108   -29.8696    18.7557
    26.625     80.125   -5.63285     26.717   -42.7213   -14.3126    11.1377  -0.906918   -13.2413   -16.5929    16.1042
    26.625     80.375    6.01797    16.3481   -16.3272   -6.84309    19.2537    6.60435   -5.34603   -36.8186    6.43362
    26.625     80.625   -2.05099    29.8953    13.5579   -16.4373    3.54722     3.2823    6.23501   -19.1025     25.854
    26.625     80.875   0.943379    26.7252    -12.058   -13.2923    6.48979    2.20431   -1.12272   -32.0398    30.7727
    26.625     81.125   -6.45496    26.3171   -5.87421   -14.9861    15.7512    1.01891   -5.92556   -10.6351    38.4064
    26.625     81.375    7.28863    21.1422   -19.1105   -21.4095    5.08483   0.257156   -11.2432  -0.678451    20.1363
    26.625     81.625    14.3517    21.0482    13.2663   -23.7486   -5.44859  -0.216961   -6.91601   -16.8246    17.6229
    26.625     81.875   -6.30389    20.3314    18.4778   -22.1662   -3.63381   0.163776   -3.94139   -19.9106    24.1947
    26.625     82.125   -7.08484    20.6029   -29.8884   -20.4225    3.03723  -0.760878   -9.70884    -21.685    40.9387
    26.625     82.375   -7.34249    16.5813   -27.5495   -14.4806     8.6866   -1.60746   -5.98539   -25.1472    50.1907
    26.625     82.625    -27.308    11.5884   -33.4171   -28.3882   -11.0209   -6.48131   -20.3637    5.22679    31.4407
    26.625     82.875   -2.82641    9.85856   -3.19372   -23.6821    16.5315   -4.85449   -13.6155     1.7755    27.2568
    26.625     83.125   -8.12668    12.6608   -19.8781   -30.2014    8.12973   -4.85737   -21.0689  -0.624462    24.9034
    26.625     83.375    2.98432    6.76285   -30.0781    -35.325    20.7092   -6.12161   -17.5736   -14.1521    26.0806
    26.625     83.625    3.72277    6.42952   -32.6503    -26.364    25.4052   -5.30217   -20.0347   -21.7747     33.639
    26.625     83.875   -1.46302    10.8593   -29.3803   -25.8557    9.74299    -6.5427   -5.72252    8.17376    40.8631
    26.625     84.125    4.63207    15.9857   -8.06588    15.5645   -0.79166   -10.4635   -12.5797    18.2102    33.1229
    26.625     84.375   0.000675     19.504    9.58535   -6.73561    2.43563   -9.44635   -8.14592     15.522    26.8034
    26.625     84.625     2.7889    26.6958   -11.4416   -17.2161    2.83943   -12.3231    -8.5773    24.1297    26.5154
    26.625     84.875   -8.36332    39.6621   -13.0568   -12.5268    21.9281   -3.42741   -16.5661    9.83558    10.8142
    26.625     85.125   -1.96029    34.8938    6.35237  -0.659181    4.04938   -1.10499   -9.15679    24.4571    11.5761
    26.625     85.375   -15.0273     31.798   -6.95595    2.02364    12.6292   -6.25981   -10.6584    33.7329     8.6054
    26.625     85.625   -18.9054    19.3435     9.0883   -2.19567    33.9135   -8.30572   -10.1718    26.6506    8.80145
    26.625     86.125    -14.018    21.3892    6.62049    5.20116    12.8135   -4.15836 -0.0992903    19.7521    10.1288
    26.625     88.375   -28.4018    2.79306    2.88586   -33.2624   -13.7194   -9.95573   -20.4311    4.13075   -11.3774
    26.625     88.625    -19.549    10.6407    1.55992   -32.6622   -3.55556   -9.18725   -12.6349   -24.0443   -14.4028
    26.625     88.875   -23.0613    16.7612    0.75916   -25.8675   -8.81922   -17.3071   -20.2379    7.47933   -22.6029
    26.625     89.125     -16.78    10.9431     1.0051   -16.7496   -14.7724   -8.51357   -9.85844    9.48548   -20.7797
    26.625     89.375   -22.7815    10.1936   -1.28727   -17.9335   -18.8084    -13.276    -13.926    14.7674   -26.8477
    26.625     89.625   -6.41549    11.9641    7.07581   -3.87321   -16.1822   -16.7968    1.89161    3.58616   -18.9833
    26.625     89.875  -0.455201     13.735   -8.29427    1.41074   -19.2721   -17.1374    -1.5538    5.14489   -24.6854
    26.625     90.125    2.92492    15.1171   -16.9837     4.0083   -21.6009   -16.2354  -0.450075   -1.03393    -21.218
    26.625     90.375    11.5864    21.4346   -11.8736    9.04546   -12.2002   -1.46559    8.33988  -0.986521   -8.19895
    26.625     90.625    -1.7391    17.8705   -20.4717   -10.7715   -19.7541   -10.6156    -4.0655    4.49867   -8.56656
    26.625     90.875   -7.42132    18.5726    4.55992   -11.4803   -24.3751    -13.944   -12.8494    4.73711   -12.2794
    26.625     91.125    2.61158    26.6651  0.0676125   -6.69317    -17.746   -12.2599   -5.09283    12.0245   -22.2943
    26.625     91.375   -1.31396    34.0251   -4.32172   -1.30624   -25.0231   -19.6031   -8.93966    4.02141   -10.8235
    26.625     91.625   -25.0171    34.3804   -27.9741   -16.8587    -44.055   -29.5477   -4.78173    25.0296    4.62028
    26.625     91.875   -2.08704    32.6307   -19.0514   -12.6004   -27.6804    -12.482   -10.4891    35.0154    4.23595
    26.625     92.125   -1.04818    37.2391    3.09032   -15.2454   -15.9193   -6.30358    4.24552    5.51834    10.8789
    26.625     92.375    9.49372    26.2542   -2.01438   -27.7521   -11.0213   -3.37965    8.72622    16.7444    11.2707
    26.625     92.625     11.384    16.7615    8.96508   -29.8006   -8.60978    -1.1427    4.49977    9.80717    18.0725
    26.625     92.875  -0.324675    15.6628    22.9104   -15.0585   -3.48792    -2.7706    4.14432   -9.40409    13.6559
    26.625     93.125   -2.91874     17.684    12.3365   -19.2915   -8.00641   -8.07704    4.00486    -11.183    14.0268
    26.625     93.375    1.25289    15.5777   -9.51714    -31.001   -7.62402    2.40511   -5.34111   -19.7617     10.483
    26.625     93.625    13.0847    15.2929   -14.3785   -24.5291   -3.36909   0.995282   -9.59606   -12.4677    7.72912
    26.625     93.875    10.2057    16.4241    1.74865   -17.8103   -10.8933     2.7235   -5.75765    5.90662    1.52914
    26.625     94.125    -1.6455    14.6045   -21.9266   -12.7799   -20.8761    3.41167   -20.1773    3.49006    3.65631
    26.625     94.375   -6.56667    17.5362   -8.31905   -16.4031   -26.9544    5.59419   -19.2466   -8.42832    4.60943
    26.625     94.625  -0.131856    20.7446    1.63683   -13.5465    -14.234    3.81244   -16.0239   -10.5004    4.13853
    26.625     94.875   0.315896    17.5639    2.95408   -8.37822    -15.784    3.51452    -16.085   -13.6727   -1.67755
    26.625     95.125    5.14376    12.9332   -3.71537   -9.98111   -15.3736    2.67894   -14.0781   -13.5608   -1.01823
    26.375     70.375    2.59934   -14.3537   -23.1894   -8.80212   -5.46991    5.35449    5.74484   -26.5137    19.1741
    26.375     70.625    -7.7094   -19.0987   -29.6853   -9.95167    -5.5526    3.88762    -1.2948   -35.5525    30.4656
    26.375     70.875   -12.7491   -17.4699   -30.9822   -5.96866   -4.46683    -1.1327    16.6637   -32.3724    27.5087
    26.375     71.125  -0.648082   -11.1563   -24.6604     4.9703    5.41466    6.25825    19.0003   -26.1096    33.3905
    26.375     71.375    6.28484   -20.5034   -27.0158    4.70076   -1.62947    12.4411    37.3049    -40.363     31.691
    26.375     71.625    39.7336   -1.54924    9.73656    6.83496    8.04144    14.3875    39.9069   -49.4448    69.4748
    26.375     71.875    43.4267   -2.45422    26.3613    2.56736    5.63999     13.552    35.3555   -47.5967    66.8776
    26.375     72.125    32.3435   -3.12891    33.3656   -3.68813    17.3468    11.8946    37.5802    -44.823    62.2238
    26.375     72.375     39.994   -6.06568    15.9383   -7.21514    12.6779    10.8797    28.7661   -52.6198    62.6535
    26.375     72.625    34.8653   -11.5985    6.57732   -9.42053    4.04456    8.61908     18.543   -58.1514      24.49
    26.375     72.875    28.6439   -12.3605    4.96901   -10.3793   -1.25477    3.54459    17.5962   -59.3657    26.3607
    26.375     73.125    17.4833   -15.6669    10.2972   -13.8403    5.18146    2.87592       9.74   -71.2371    56.2748
    26.375     73.375     15.792   -15.1924   -21.5877   -15.0105    8.73036    3.27266    15.2508   -67.7812    57.0635
    26.375     73.625     42.934   -8.89302    4.37831    4.34952    8.90638    11.4157    33.5299   -65.3527    74.0073
    26.375     73.875    38.8669   -4.77338    20.4931      9.433    5.56588      15.25    17.7757   -62.1692     88.856
    26.375     74.125     30.179   0.907642    36.6946     24.902   -3.08154    15.4392    20.0801   -60.9685    72.7523
    26.375     74.375    27.4458   -0.49264    49.5408    43.7238   -5.60046    18.7638    2.69806   -50.7867    40.2723
    26.375     74.625   0.763908   -24.1087   -35.9693   0.369226   -3.46638    2.22212   -6.41759   -55.9723    32.3382
    26.375     74.875    13.4418   -10.4057    39.6674    45.6115    9.49428     18.802    20.6488   -53.8256    24.0253
    26.375     75.125    7.99027   -9.62117    31.4293    24.0915    2.74515    10.5576    11.4717   -74.7368    33.0677
    26.375     75.375    7.21701   -7.85744     10.117   -3.86891  -0.923506    8.66385    5.38441   -75.1022    36.9887
    26.375     75.625    17.3694   -5.34216    10.0742  0.0541222   -2.53465    17.2426    1.23012   -81.7041    35.7625
    26.375     75.875    15.2856  -0.491579   -7.87726   -1.58122   0.676254    15.4414   -10.7129   -70.2686    25.7868
    26.375     76.125    13.0297   -2.07302   -3.40927    5.11173    1.84079    18.1804   -15.5113   -51.1032    17.7766
    26.375     76.375    21.6311    3.45117   -7.30537    1.93886   0.433364    5.25546   -16.4884   -67.9334    22.6435
    26.375     76.625    23.5134    1.71049    8.10027    23.0616   -2.50068    11.2452   -11.6214   -65.0831    22.7067
    26.375     76.875    20.0426    2.17044    -5.7576    11.6072   -2.84989    7.36562   -16.2553   -73.0564    27.8081
    26.375     77.125    -1.0836  -0.219931   -16.9662   -5.41202   -2.54057   0.884322    -7.8581    -58.847    23.6791
    26.375     77.375    -3.5877   -7.47861    17.9717     18.039   -2.64184    1.43253    -9.3849   -59.8177    13.3863
    26.375     77.625   0.767951   -1.37543    16.4415    18.8439   -2.08849    0.74571   -10.6033   -55.3407    11.3229
    26.375     77.875   -15.8419    3.36454    -10.735    17.8089   -2.69227    5.61509   -14.0493   -63.1572    2.92202
    26.375     78.125    -2.0188     8.4082    5.59083    6.78678    2.89295    1.65879   -20.6545   -57.8803    14.1622
    26.375     78.375   -9.69442    20.5298    10.3776    6.28102   -2.64393   0.527872   -21.9664   -52.5907    7.76736
    26.375     78.625   -3.59463    29.2654   -4.67912    2.40485    -1.5787    13.8777   -10.2582   -33.2104     6.6039
    26.375     78.875   -9.47012    35.0353    10.8152    11.2714   -1.88933    11.7388   -11.5856    -64.703    8.63167
    26.375     79.125   -3.01916    27.3801   -4.51779    12.2263  -0.703015    6.50727   -10.0416   -56.8594    16.4988
    26.375     79.375   -25.4661    12.6864   -38.8311   -10.6536  -0.759324   0.353789   -15.0157   -59.0088   -5.10209
    26.375     79.625   -42.3751    11.0913   -62.2672   -26.2141   -11.6081    -3.8867   -42.0449   -63.3184   -9.21244
    26.375     79.875    16.7933    26.5066   -4.14645   -9.00357    4.38332    4.44831   -2.27794    -43.904    21.7098
    26.375     80.125    23.3415    21.7783   0.984353   -9.35108    3.66973    3.94916  -0.497264   -30.1344    7.55256
    26.375     80.375   -11.6251    31.1339   -25.0044   -8.25261    3.84188   -1.44334    -3.8712   -52.8352    8.91676
    26.375     80.625   -24.8297    33.9088    -39.278   -15.5392  -0.483825   -3.40483   -6.06569   -40.2947    4.30246
    26.375     80.875   -3.37459    30.3027   -19.3736   -10.7242    4.96941    5.23305 0.00231111   -47.1908    38.2708
    26.375     81.125   -10.9783    26.3608   -34.3297   -19.4028   0.703626    4.46728   -2.83942   -46.7768    39.0787
    26.375     81.375   -41.4124 -0.0167931   -52.3541   -31.5831   -17.5628  -0.692876   -24.7607   -45.0597    35.7725
    26.375     81.625   -17.6169     5.5323   -51.7606   -31.7126   -5.44825    1.95747   -5.83984   -33.0808    17.5859
    26.375     81.875   -7.60892    20.8101   -15.6913   -23.4366   -5.39286  -0.480179   -2.37112   -17.0451    26.7226
    26.375     82.125   -10.1429    21.1819   -34.4237   -22.7616   -1.71063   -2.41364  -0.230597   -8.33385    10.7757
    26.375     82.375   -15.1292    15.1915   -35.0872   -21.6948    14.7297   -1.81677    6.53016   -8.14628    34.2154
    26.375     82.625   -2.90903    12.6385    -27.612   -12.3137   -4.90155   -6.06118   -10.7465   -18.7373    28.4259
    26.375     82.875    7.75687    14.2575   -16.4136   -16.9905    8.55826   -4.27169   -16.2268    -9.3393    29.2394
    26.375     83.125    5.20223    14.8958   -33.7631   -23.8429    5.02139   -4.74634   -12.6747    -11.834    28.9883
    26.375     83.375    3.24348   -3.35423   -52.2377   -18.4418    4.55636   -6.95144   -27.4186   -15.6591    36.6894
    26.375     83.625   -3.48729    4.45044   -26.7054   -4.40503    16.0468   -5.68397   -15.1412   -14.1905    24.4603
    26.375     83.875   -3.99415    16.8579   -15.6571   -3.27792     14.399   -7.59049   -9.36655   -9.70801     26.873
    26.375     84.125     5.3254    6.40402    11.0892   -21.6701    4.36232   -9.75103   -24.7143    12.2274    22.4219
    26.375     84.375   0.788222    20.9524    15.6207   -16.2623   0.510699   -11.4673   -12.5854    17.4347    37.6375
    26.375     84.625   0.219596    18.8661     4.5587   -9.00759    4.60568   -10.1752    -7.3472    14.9199    45.3063
    26.375     84.875   -12.4452     20.921   -4.79735    6.54735    12.0207   -6.39651   -6.64243    15.6579     21.185
    26.375     85.125    -19.078    25.0469   -19.4542   -10.9067    1.65292   -11.5905   -5.59059    32.5411    33.0001
    26.375     85.375   -10.5251    35.1048    4.21007    6.08862    15.4391   -7.70816   -11.7508    24.8918    12.6768
    26.375     85.625   -10.0921     33.332    22.1559     7.1404    38.1433   -5.51278   -7.37767    29.1282    26.4513
    26.375     85.875   -2.14394    20.7114    15.7595    5.03351      16.76   -6.93156   -6.61004    11.1705    26.4969
    26.375     86.125    7.92954    27.3283     10.056    9.02396    20.7635   -3.60222   -4.37916    7.37735    15.4808
    26.375     86.375    2.21508    11.8124    6.51774   -32.0525   -4.44364    -17.687   -6.07192    9.35782    5.40592
    26.375     86.625    4.12127    14.4423   0.445699   -24.3329   -4.15408   -15.2043   -8.04253    12.3486   -0.77384
    26.375     86.875   -1.33863    9.97746   -15.7032    -1.0619     23.475    7.39663   -12.5963    10.1551    5.73841
    26.375     87.125   -8.76063    10.4441   -26.8862   -6.68812    4.04349    4.83295   -21.7125    13.9416    7.87754
    26.375     87.625  0.0238111    9.07093   -7.02404   -28.8524   -6.67833      -14.5   -17.5337    2.42562    -3.4938
    26.375     87.875   -8.60106     13.094   0.759515   -31.2027  0.0559736   0.173206   -13.3994    2.58716   -2.02796
    26.375     88.125   -7.62339    11.7298    6.33087   -18.2213   0.238119   -12.3585   -9.41979   -3.57496   -9.91155
    26.375     88.375   -14.1851    7.55064    5.37042   -22.2599    4.45008   -13.5018   -10.4237    -1.7273   -9.76711
    26.375     88.875   -15.9229     12.118     8.1291   -19.7513   -8.37361   -12.9935   -10.5702   0.446981   -11.6974
    26.375     89.375     -10.14      8.544    8.93348   -8.85534   -9.64203    -4.9297    2.16628      6.864   -23.8958
    26.375     89.625    2.71699    8.54755    21.0227   -6.22792   -3.80044    -6.9728    13.1162    3.85045   -12.7981
    26.375     89.875    13.2198    5.37301    19.9043    6.75305   -4.67501   -10.4691    7.98822    9.48307   -11.3989
    26.375     90.125    2.96001    4.94255    7.13927    6.50668   -9.62525   -7.58046    8.78191    8.93197   -26.8129
    26.375     90.375    15.2522    1.30632   -7.78197    4.66834   -12.4496    -2.5316   -2.57328     20.363   -15.1913
    26.375     90.625    8.77195   -3.96209   -22.0456   0.926826   -22.1685   -10.5431   -9.89815    15.7256   -17.1613
    26.375     90.875   -3.88017    1.35733   -8.23161   -11.6549    -14.775   -4.43347    -11.449     10.759   -8.49448
    26.375     91.125  0.0175375    8.28049    -15.587   -11.3044     -18.31   -10.1464   -12.8401    1.73434   -10.9027
    26.375     91.375    9.91046    11.0696    6.18491  0.0509542   -12.3046   -12.3005    1.83136    8.37703    6.55302
    26.375     91.625   -2.70545    22.8665   -11.7737     3.8706   -37.5202   -17.3876    5.00175     22.385   -6.60807
    26.375     91.875   -1.33551    18.3723   -17.5933   -4.73281   -29.6409   -11.5199   -2.53161   -7.41399    2.21033
    26.375     92.125    7.08074    20.3942    10.4238    -11.704   -10.3665   -5.48908    9.87034   -1.52468  -0.237828
    26.375     92.375    9.96824    17.7591    2.85902   -18.1993   -12.1288   -4.41861    16.4239    1.71725    7.89606
    26.375     92.625    7.33379    23.7131    10.9422    -20.549   -7.05138   -6.17614    15.0668   -17.6484    0.95344
    26.375     92.875    11.8712    27.1104    19.3157     -14.35   -5.55278  -0.944004    7.14165   -2.47215    5.74002
    26.375     93.125    7.45556    19.0867    5.08078   -11.7794   -5.84321   -4.48517   -2.91594    -4.9256    4.12407
    26.375     93.375    8.68765    12.7663   -4.09539   -12.5578   -8.36369   -5.06454   -12.9456   -9.99497    4.13949
    26.375     93.625    13.6009    11.7853   -1.48543   -11.8785   -6.69925   -1.11118   -10.9445   -10.4795    5.56434
    26.375     93.875    17.9464    10.2564    -6.9015   -19.9761   -16.9629    -6.6108    -10.613   -6.28725    9.62949
    26.375     94.125    14.0926    17.6558    6.86487    -13.686   -2.71423    11.8983    3.59908    2.24962    -5.8432
    26.375     94.375    8.97545    21.4818    9.47649   -15.6142   -6.62628    19.7423   -11.7501  -0.812828   -7.89047
    26.375     94.625    14.1383    25.6519    14.5815   -10.5739   -8.89356     18.026     -6.981   -5.61503   -2.47044
    26.375     94.875    6.06432    13.9328    10.2312   -2.41978   -6.30893    13.4542   -8.21658   -10.7684    6.75705
    26.125     70.375    20.5754   -16.1965   -27.9856  -0.828719   -5.15023   -2.05496    11.0534   -39.4856    5.01229
    26.125     70.625    13.3228     -20.25   -34.6748   -1.19187   -5.52571   -3.58116    20.6864   -43.0464      18.75
    26.125     70.875     17.405   -23.8255   -45.3191    1.23938   -5.22066   -4.54213    26.7131   -52.8975    25.5313
    26.125     71.125    28.0134   -6.38793    -21.174    22.2489    4.70399    3.97948    13.4499    -24.633    29.2906
    26.125     71.375     20.406    -16.482   -31.2269    3.72088   0.601046  -0.361844    20.5007   -38.9255     29.286
    26.125     71.625    18.2027   -16.9964    10.6094   -1.26541    10.8937    12.9096    40.1258   -36.8269    64.9723
    26.125     71.875    45.4315   -3.33467    48.3818   -4.48652    6.00053    11.5875    39.6346   -43.1909    81.1169
    26.125     72.125    47.7031   -2.01839    35.7124   -5.09583    3.87872    10.6075    38.1566   -42.5856    78.9609
    26.125     72.375    34.3835   -9.02179    29.1107   -4.94537    11.1641    9.12138    22.9317   -48.5057    61.9437
    26.125     72.625    19.1411   -11.7998    2.29716   -8.09232 -0.0596986    4.25403    16.4523   -58.3258    26.0347
    26.125     72.875    26.8882   -12.2122     4.0649   -8.87083   0.908922    4.47245    17.7052   -70.9497    27.6224
    26.125     73.125    42.9745   -18.6688  0.0390083   -11.4931    9.11271    4.26438    20.5071   -71.9155      45.28
    26.125     73.375    34.9026   -12.9565   -9.77166   -14.5193    17.4491      5.198    24.7578   -90.2677    34.8447
    26.125     73.625    36.0998   -6.09836    4.13382   -17.4609    1.10881     4.3775    17.5786   -53.8102    50.6636
    26.125     73.875    40.3803    -2.8347     1.5258   -17.8409   -5.77012     5.9056    13.2138   -57.7564     58.507
    26.125     74.125     30.461   0.450581    20.4142   -5.54388   -2.58285     11.661    31.7559   -71.8976    71.4108
    26.125     74.375    40.9067     7.6262    21.5314    14.7317   -5.57565    18.6979    15.2863   -39.5029      52.49
    26.125     74.625    32.0468    5.79495    40.4046    6.86352  -0.857912    16.0781     19.136   -61.3529    50.2366
    26.125     74.875    16.2131   -3.88189    66.8521    29.0039    4.36716    16.5309     19.516   -80.7315    53.5746
    26.125     75.125    6.10026    0.95055    36.0502    24.7139    2.88952    8.43958    3.41846   -60.1195    35.4826
    26.125     75.375   -9.31975    3.26929    27.1705     18.773   -1.10605     18.197    3.89185   -82.5832    40.3227
    26.125     75.625    2.94745    4.70968    11.0459    12.3045  -0.324054    13.9109   -4.03345   -75.4015    34.2033
    26.125     75.875    7.96127   0.812278    9.26441    6.73006    3.73767    13.6667   -13.0215   -82.7262    29.6479
    26.125     76.125    14.3612   -2.09956   -5.27531   -5.95288   -1.78547    15.0029    -16.784   -69.8423    12.8167
    26.125     76.375    26.9934     3.3189   -13.7444   -9.98838   -2.75925    9.71794   -13.8047   -55.6112     16.709
    26.125     76.625     20.163    1.29943   -10.7831     -12.05   -2.86733    3.22366   -14.0205   -59.6562    36.1863
    26.125     76.875    13.8388    1.54788   -35.3301   -15.1626   -2.63966    2.29671   -24.0269   -72.0203    37.7932
    26.125     77.125   -0.44371  -0.651439   -24.5383    4.00674   -2.10927   0.588383   -16.9827   -44.9639    26.5848
    26.125     77.375   -8.70507   -3.64334    27.8483     6.5159   -2.19157    1.36011   -7.19657    -57.637    15.8167
    26.125     77.625   -11.0864  -0.244458    49.0734    2.07262   0.529921    10.1476   -14.3775   -63.9166    14.6721
    26.125     77.875    9.99043   -2.73838    1.46725    1.77894    -3.3002    10.2668   -11.7321   -52.4351   0.250632
    26.125     78.125      6.358    18.9008    -3.0844   -2.97586    1.07442    7.65982   -12.9742    -61.785    4.05138
    26.125     78.375   -23.2146     18.582   -29.9459   -10.0605   -3.07125    7.26927   -38.7581   -56.1212    14.3006
    26.125     78.625   -9.27605    25.4579    4.36673   -8.42272   -2.60482    13.6006   -22.4526   -34.0611    6.50223
    26.125     78.875    7.58593    43.5485   -8.00432   -11.9479   -1.62292     3.9051   -23.6155   -22.1473    12.8947
    26.125     79.125   -3.23683    35.8149   -10.5001   -6.55757    2.26262    4.77021   -16.8699   -32.9219    8.76817
    26.125     79.375   -5.37971     16.071   -19.4491   -9.00582    1.30976    3.70648     -14.56   -41.0576    15.0294
    26.125     79.625   -21.9209    17.0304   -39.8199   -21.2465    -7.9006   -6.91128   -14.1563   -45.2287     1.2598
    26.125     79.875   -11.1806    24.3867   -25.3928    -19.531  -0.220344  -0.253779    2.41548   -65.2174    9.33891
    26.125     80.125    4.08801    26.0026    3.22373   -9.53541    2.30147    2.49054    2.26281   -47.8704    16.8225
    26.125     80.375   -15.7322    24.5647   -8.84523   -8.69747  -0.190633 -0.0958611  -0.499787   -46.1906    10.8563
    26.125     80.625    -51.038    12.5051   -59.1582   -26.4119   -15.2177   -3.56322   -31.0415   -55.6987    41.7361
    26.125     80.875   -4.27658    19.7545    16.9181   -2.01904    -1.3601    9.48127   -3.81058   -51.1702    32.0896
    26.125     81.125   -5.02713    17.8874   -9.92298   -6.16112   -2.33824    15.1717   -4.36553   -46.8125     40.453
    26.125     81.375   -21.3514    24.4963   -24.6982   -12.8175   -4.59225  -0.926379   -8.93672   -45.4934    31.3367
    26.125     81.625      5.494    21.0083   -16.9069   -12.9906   -5.86751  -0.163478    -2.6002   -34.7865    18.9209
    26.125     81.875    1.63643    17.1595   -16.4989   -17.7806   -5.53549   -1.01782   -4.30977   -43.6181    32.3864
    26.125     82.125    4.10148    28.4094   -23.4101   -22.1752   -4.13385   -1.35798   -2.48352   -11.4297    16.1656
    26.125     82.375   -15.5199    31.3214   -24.9331   -19.1735   -3.87147   -2.60406   -13.5967   -5.17427    8.19384
    26.125     82.625   -15.9616    25.6193   -30.7258   0.698444   -2.04802   -2.71133   -2.03203   -15.6972    42.3376
    26.125     82.875    3.92383    11.3743   -21.6996    -8.9173    3.53422  0.0528167   -1.88837   -13.9457    37.2792
    26.125     83.125   -5.46057    7.15912   -41.0999   -10.0239   -3.66602    4.68233   -4.89807   -17.4483    29.5053
    26.125     83.375   -1.35938    5.99991   -33.6962   -15.7313    7.09513   -7.21126   -11.2913   -21.1929    34.1406
    26.125     83.625   -4.97015    13.3342   -39.1185   -13.4262    11.8924   -5.00631   -13.8595   -17.4834    38.0561
    26.125     83.875   -6.07221     3.3558   -24.0644   -2.87213    13.8008   -7.85714   -9.87151    1.20115     28.028
    26.125     84.125  -0.306858     9.8375   -13.5811   -8.78035    12.0423   -6.32803   -4.14876   -8.33101    42.9443
    26.125     84.375   -5.57746    6.13855   -15.5978   -6.20281    27.3701   -6.53501   -16.8695    6.20237    58.7245
    26.125     84.625   -5.07834    23.0265    1.85886    3.09746    23.0812   -7.78432   -14.8194   -6.03963    52.0661
    26.125     84.875    -7.0969    20.2964   -6.70887   -2.12029    9.40334   -8.33794    -6.2106    12.3182    25.2361
    26.125     85.125    -6.8171    21.8044    5.68963  -0.272108    14.6297   -11.5271   -14.2914    8.38861    31.6755
    26.125     85.375   -9.77812    29.2022    16.9051   -3.07408    3.51996   -13.3323   -15.7569    8.91986    25.1501
    26.125     85.625   -6.36623    41.4765   -7.01142    12.0309     2.1659    4.05462   -13.6954    9.78434    27.6639
    26.125     85.875 0.00121667    28.5098   -4.69211   0.760363     34.035    3.42115   -12.9069     13.164    27.6515
    26.125     86.125    4.04214    24.5361    16.2474    10.5423    18.0728   -3.98879   -4.69916    8.00022    9.69475
    26.125     86.375    4.86742     26.747    15.9277    1.33225    26.4668    1.83999   -8.23818    7.98989    5.05359
    26.125     86.625    3.44591     19.211   -17.5946   -6.25806    31.4089    1.12083   -8.13059    4.59645     9.7402
    26.125     86.875    4.02023    16.3938   -10.4389   -9.53313    21.8321    10.2319   -17.6613    9.69124    11.0014
    26.125     87.125   -5.48013    13.7199   -7.41363   0.357622    27.1924    4.76303   -19.1765    6.20768    16.1716
    26.125     87.375   -10.3003    20.6152   -14.5804   -2.95981    24.8782    1.55343   -16.2162    7.98358   0.654771
    26.125     87.625   -1.35466    17.1989   -10.4518   -9.83968    23.7882   -13.7934   -11.3742    2.00497   -4.52314
    26.125     87.875  -0.155058    17.6996   -3.90156   -17.3759    16.4755   -9.83852   -8.70606    7.02212    3.07511
    26.125     88.125   -10.8967    8.49292  -0.644449   -30.6278    5.73771   -6.20977   -11.5702    3.87474   -12.4658
    26.125     89.375   -6.91844    24.1326    16.8869   -11.0832    4.33823     -3.018   -2.93344     6.6813   -24.2925
    26.125     89.875    14.8126    20.5496    20.8375    7.33144  -0.787928   -8.61089  -0.463394    15.9719   -21.4418
    26.125     90.125     11.475     20.671   -1.41885   -8.08884   -3.56632   -10.6166    5.91999    4.22035   -5.46173
    26.125     90.375    10.5774    24.7703   -7.89845  -0.421889 0.00993611   -9.36443   0.990439    9.71382   -13.1501
    26.125     90.625    1.55148    9.77228    -9.1454   -3.45048   -16.3879   -6.50849   -7.70832    15.8807   -16.1737
    26.125     90.875    6.36768    14.0169   -15.8772   -12.8085   -11.6896   -2.96534   -7.47882   -2.86483   -6.91092
    26.125     91.125    10.7836    25.7003   -15.8086   -13.4975   -11.5273   -10.8579   -5.13679  -0.602778    1.13063
    26.125     91.375    5.55635    18.0861   -9.92563   -14.3168   -14.9521    -10.786   -4.23005    5.23628    13.4624
    26.125     91.625   -2.56084    16.7968   -17.3718   -26.0191   -30.2624   -18.2904   -6.06694  -0.389615   -3.10469
    26.125     91.875  -0.287842    13.0733    3.37755   -29.7816   -32.7153   -19.9621    3.28386   -2.32934   -15.7673
    26.125     92.125   -13.9043     13.548    9.54928   -5.80956   -13.5674   -11.1146   0.951992   -8.05554   -7.62763
    26.125     92.375  -0.642376    14.7019     16.975   -7.79791   -8.38416   -5.66654    5.54422   -13.2537    4.02812
    26.125     92.625    6.57896    15.6967    21.4278   -6.19068   -3.70909    1.18719    9.87986   -10.6207    8.25399
    26.125     92.875   -5.44381    14.9151  -0.628461   -14.4706   -3.44862    3.66263   -10.0422   -7.41523    6.97299
    26.125     93.125    -8.5333    26.6263   -13.6937   -21.4316   -1.41212   0.226193   -13.5443   -6.56984   -1.69086
    26.125     93.375    4.24857    21.4933   -11.0572   -11.3675   -2.48285   -7.11525   -8.39793   -4.03258   -2.71829
    26.125     93.625    13.9174    19.1746   0.220817   -9.10415   -6.99184    2.32492   -9.64188   -7.74796    -2.6628
    26.125     93.875    18.6523    10.0402    5.14289   -5.15333    12.8004    12.2152    9.37457   -13.4059   0.254589
    26.125     94.125    17.3283    10.9841    7.70924   -4.05439    11.6816    15.4231    1.21544   -4.61582   -22.5873
    26.125     94.375    17.5632    18.2274    7.76501   -7.71746    7.30569    23.0269    1.62488   -1.17504   -22.0822
    26.125     94.625    14.2899    16.1966    11.8407   -2.63246    7.57674    17.6949   -5.29044   -5.01824   -2.18902
    26.125     94.875    16.5401    17.0696    11.0094   0.165832    5.41018     18.107   -4.26175   -8.19212 -0.0449764
    25.875     70.375    30.2781   -7.54879   -36.7822    6.10678   -6.82002    -6.6413     30.713   -57.8073   -7.49985
    25.875     70.625    49.4182   -12.2635   -44.2843    1.52229   -7.29478    -7.7877    23.4953   -59.8839   -4.42248
    25.875     70.875    41.8339   -13.3675   -48.3632    1.23405   -6.49932   -7.50925    20.8919   -56.3719    9.07077
    25.875     71.125    34.7568   -16.3997   -35.6034    10.6408   -1.65618   -1.79823    31.1813   -37.6806    17.6901
    25.875     71.375    30.4337   -17.6727   -23.7864   -5.20972    1.07773   -1.33233    24.1696   -44.4125    13.2857
    25.875     71.625     11.219   -17.2279   -23.0211   -6.03031    4.29809   0.465301    44.3636    -52.338      27.76
    25.875     71.875    40.7818   -9.88482    50.3869   -1.25411    8.56678    12.4444    36.8556   -40.3817    48.9447
    25.875     72.125    51.9587   -4.42555    43.2064   -5.99679    5.71688    10.1112    36.1059   -35.4414    68.3436
    25.875     72.375    38.9847   -9.74436    53.8673   -11.4296  -0.564569    3.23864    13.7691   -50.9741    35.8566
    25.875     72.625    7.58922   -14.9448   -15.6205   -10.2196   0.196507    1.51197    14.6824   -56.5744    29.1853
    25.875     72.875    10.4476   -14.1541   -19.1303   -4.30388   0.775917    1.69667    15.7554     -60.66    38.8776
    25.875     73.125    39.4741   -12.8558    14.5048   -4.51627   0.721249    8.68927    29.4821   -77.8755    44.3059
    25.875     73.375    39.6532   -5.43672    4.81821    1.26384    8.16304    14.8924    24.1194   -76.0556    38.1637
    25.875     73.625     44.794   -6.30862   -2.80615   -12.8048  -0.447411    9.93689    16.9164   -63.2959    32.9656
    25.875     73.875    34.6029    2.38691   -11.2148   -16.1257   -4.31589    7.57875    8.91607   -60.5918    43.7442
    25.875     74.125     11.189    2.47376   -19.1267   -23.2487   -7.88317    1.13348    8.69585   -59.5685    49.0096
    25.875     74.375    26.5935   0.458679    39.7781   -7.47719    3.92149    14.8192    9.79776   -54.6626    15.3501
    25.875     74.625    21.4126   -1.34659    52.8839    13.1003  -0.819339    13.7863     12.462   -80.4447    54.9228
    25.875     74.875   -3.49161   -11.6269    54.6561    35.5998    3.13338     11.652  -0.811214   -60.9818    62.3009
    25.875     75.125   -8.32179   -5.16997    44.2608    45.3457    5.47699     9.6413   -6.32429   -60.9643    41.0584
    25.875     75.375   -11.1666    0.34029     37.672    29.8108   -2.19248    16.4465   -5.18685    -84.013    24.1994
    25.875     75.625   -4.29672    1.29629    35.9863     35.915   -2.80026    17.6246  -0.352717   -81.7248     7.2365
    25.875     75.875    14.6373    -1.0836     20.207    16.3147    -3.0228    6.63766   -14.5458    -34.279    9.00675
    25.875     76.125    28.6829 -0.0679792    35.5521   -7.84061   -2.24055    5.70787   -18.2864   -21.3275    6.29712
    25.875     76.375    23.3681   -2.12875    8.51204   0.781614   -3.38585    10.9766   -12.2642   -44.9867    8.27635
    25.875     76.625    15.9284  -0.211389    -11.439   -21.6016   -5.51474    2.83321   -24.2711   -24.8146    15.1395
    25.875     76.875    21.9612   0.780682   -36.1758   -23.0153   -5.06591      1.531   -26.6041   -28.5234    29.0046
    25.875     77.125    6.67869    7.50979    5.04502   -10.7179  -0.721994    3.85216   -9.72711   -58.6827    16.4302
    25.875     77.375    10.1235   -1.97082    31.4578   -13.5353   -2.14387    2.14702   -17.4321   -72.0602    30.7311
    25.875     77.625   -7.93267   -1.72962    22.0083   -3.33215   -2.18313    15.4535     -21.54   -59.0643    13.4228
    25.875     77.875    11.6722    4.84481    5.26077   -11.5249    -3.5382    15.6542   -22.6592   -53.6996    9.78203
    25.875     78.125     22.156    16.5283    37.8515   -7.02642   -4.13466    12.5594   -5.32487   -50.5754     4.2501
    25.875     78.375  -0.970344     21.059    1.99601   -14.5625   -3.15398     10.862    -31.479    -52.408    6.36281
    25.875     78.625    1.33472    23.5079   0.181692   -11.0724  -0.790681    16.9325   -22.3457   -60.1992    8.68092
    25.875     78.875    1.57615     27.468    13.8772   -5.13519    2.68152    15.0365   -9.62865   -46.7877    11.6826
    25.875     79.125    7.38659     32.382   -6.83884   -6.50963     1.3661    2.56437   -14.9887   -26.1287    6.71101
    25.875     79.375    2.59674    30.3719   -24.2547   -11.1622    1.75024    3.14831   -13.9355   -49.5706    15.9876
    25.875     79.625   -1.99358    27.3297   -9.72471   -6.57268     1.6755    5.21861   -11.9804   -54.5399    21.5129
    25.875     79.875    1.33323    28.9639    10.7564   0.522439   0.506721    7.71424   -3.86827   -56.2888    34.9181
    25.875     80.125     9.1528    41.1627    7.39143   -4.20553   0.217567    5.20266     5.0907   -52.6304    32.6877
    25.875     80.375   -20.4369    46.6879   -42.3682   -25.6994   -1.53558    1.37125    2.55659   -44.6151    52.6232
    25.875     80.625   -36.8833    23.8141   -45.8583   -21.3264   -2.62188    1.51366   -28.2848    -45.502    41.7665
    25.875     80.875   -52.1807     29.999   -68.1546   -32.1956   -17.2399   -16.7517   -36.1919   -67.7626    43.5583
    25.875     81.125   -44.0816     31.117   -42.1719   -19.4377   -15.0387   -12.8089   -21.1988   -44.1676    20.0763
    25.875     81.375     13.139    34.9668   -8.25788   -11.9857   -4.51773   -1.27479    7.22426    -37.096    23.5003
    25.875     81.625    12.3309    31.6261   -2.36107   -17.5318   -1.85214   0.799103    7.27947   -30.2237     24.885
    25.875     81.875    23.1355     19.129   -25.1506   -15.8976   -2.26544  -0.483044    3.59292   -27.5173    15.6562
    25.875     82.125   -21.1916    41.9059   -34.6098   -21.4249   0.427147  -0.945754   -3.50207   -21.8033    23.8449
    25.875     82.375   -2.03975    44.8331   -21.1376   -19.4183    5.98873  -0.996376    3.70155   -15.0092    29.1611
    25.875     82.625   -10.0337    24.8712   -41.0775    3.92017   -3.09916   -3.73749   -6.98702   -26.3036    39.0148
    25.875     82.875     2.2593    13.8939   -25.9555   -4.51014   -1.20959 -0.0820556    -2.5211   -14.5429    40.7851
    25.875     83.125   -1.78178    6.33186   -34.6878   -8.41437   -3.44572    1.00635   -7.86068   -19.1609     31.736
    25.875     83.375   -3.95702   0.468679   -37.2385   -13.9283    5.28539   -4.67281   -15.3266   -23.6216    37.2534
    25.875     83.625    4.02731    13.5688   -21.1602   -1.47812    9.11916   -2.30643   -3.36559   -20.9752    44.0137
    25.875     83.875    14.6772    18.5309   -22.9233   -10.6335    3.34223   -8.01815   -8.27478   -8.18255    38.9135
    25.875     84.125   0.654378    10.9052   -22.0601   -7.36254    16.9815   -3.70915  -0.300022    -10.834    47.6028
    25.875     84.375   -1.16281    10.8572   -19.3497   -9.25631    11.8694   -7.75713   -12.7839   -1.50508    55.7031
    25.875     84.625    3.36345    6.73584   -10.3663   -7.24148    11.9818   -8.22943   -19.8662   -1.44486     29.812
    25.875     84.875   -18.1378    4.74947   -7.35693    2.62473    15.8398    -9.1683   -12.2275    6.78937    37.0285
    25.875     85.125   -21.6787    6.94135   0.412926    -1.1835    11.7413   -10.2586   -17.2022   -2.07918    24.6165
    25.875     85.375   -12.9744    14.5847    8.56347    8.37883    11.1775   -5.36859   -10.1415   -7.86287    26.4147
    25.875     85.625    -6.0517    27.3489    11.7713     9.8666    20.0946    6.76784    -8.6395    15.5923    46.2876
    25.875     85.875    9.15525     54.903   -17.9317    7.14347    10.3578    3.95836   -5.43105    13.8856     37.649
    25.875     86.125    3.77346    54.8996   -10.3967   -15.2636    19.3477    3.56858   -9.16444   -0.14506    23.6847
    25.875     86.375   -2.50053    30.9685    5.00005   -2.85684    28.8491    4.76816   -10.6008   -12.9208     19.826
    25.875     86.625   -4.92538    37.4508   -20.2587   -8.08554    22.0663    -1.1031   -14.2566   -14.9474     11.679
    25.875     86.875    4.72679    25.6814    2.61499   -7.09275    31.4819    1.65343   -12.9734   -8.32166      7.364
    25.875     87.125   -8.53309    9.98618   -5.90585   -4.63233    23.4181    8.31009   -16.9734   -10.5756    10.5513
    25.875     87.375   -7.66205     8.7307    1.99902   -9.95824    19.6298    3.48221   -12.1148   -1.48831   -1.64275
    25.875     87.625   -9.02522     18.164   -11.3555   -2.89286    11.5134    1.60513   -4.80512    11.6918   -3.96884
    25.875     87.875 -0.0862292    19.6913   -17.9853   -7.64494    14.2492   -8.33127   -7.10503    10.3203   -6.23675
    25.875     90.125    7.50231    20.2849   0.625218   -15.0603   -9.10195   -14.3757   -1.04669    13.1973   -15.3734
    25.875     90.375    9.12631    17.2749   0.328786   -0.62899   -4.84342   -14.1665   -2.13389    12.2628   -21.0862
    25.875     90.625  -0.637633    12.1341    -6.0111    -8.2507   -3.98906   -8.55914   -4.83613     9.1917   -13.3998
    25.875     90.875    2.64712    7.43317   -3.68579   -16.1167   -3.96132   -8.05654   -5.76898   -3.18678    -2.5409
    25.875     91.125    10.3365     8.7548    5.42223   -11.5174   -7.38659   -15.3356   -12.5993   -1.93219   -2.43091
    25.875     91.375    3.03212     1.7747    7.14222   -8.73157   -5.14395   -13.4263   -9.59878  -0.824157    11.5791
    25.875     91.625   -4.89965  -0.230629   -3.01325   -14.3435    -10.297   -11.0232   -4.20715    1.84102    3.75813
    25.875     91.875   -9.69178   -1.10223   -6.53496    -28.468   -24.8399   -20.1219   -3.95028  -0.559349   -16.6353
    25.875     92.125   -5.82897     5.6696   -8.60342   -28.4715   -35.4276   -26.3139   -4.97897   -6.54405   -13.3296
    25.875     92.375   -5.62112    7.43773   -5.88649   -19.6796    -19.593   -18.2831   -6.34992   -5.64497     7.0713
    25.875     92.625   -6.38407    11.6038   -1.41047   -12.3507   -14.5081  -0.465137   -7.40987   -11.5161    12.6022
    25.875     92.875   -10.9309    15.0702   -8.13398   -16.7941   -5.98075    9.38949   -10.3465   -7.12625   -0.12746
    25.875     93.125    -15.205    12.1711   -23.1253   -29.4954   -18.7848   0.331335   -13.2897   -6.19318   -5.85132
    25.875     93.375   -13.7412    15.5743   -21.5992   -26.1966   -18.6537    -6.3804   -9.87679   -9.10908   -12.2788
    25.875     93.625    7.10115    24.1795   -2.57075   -7.19884  -0.426956    8.78268   -3.11235   -16.1045   -19.0876
    25.875     93.875    21.4159    16.1238    2.58706  -0.712153    10.0488    9.02861 -0.0853528   -15.8664   -28.0407
    25.875     94.125    14.8311    8.01686    4.83723  -0.810407    5.80772    6.65786   -7.32095   -9.21473    -20.154
    25.875     94.375    15.0495    7.96055    5.60887   -2.85409    6.89387    12.2695   -5.98908   -10.0424   -19.0562
    25.875     94.625    6.34486    9.31077    3.24784   -4.88421    1.90214    8.63752   -10.1258   -3.76306   -7.79982
    25.875     94.875    12.7461    12.0695     7.1847   -3.20834    8.56472    16.2943   -5.47178   -6.52988   -15.6349
    25.625     70.875    42.3593   -21.5336   -50.8968   -7.61655   -4.55365   -6.01159   -4.19305   -40.2344    7.26319
    25.625     71.125    19.0981     -18.16   -27.0974    -3.7753   -5.32272   -4.14823    30.4541   -48.0318    7.60904
    25.625     71.375    18.7097   -18.9201   -26.1617   -3.58123   -5.09232    -2.8935    30.0427   -48.8556    8.88782
    25.625     71.625    20.6398   -18.5826    22.1306    0.52745    8.09414    11.0976     42.973   -54.5575    13.0906
    25.625     71.875    38.4468   -7.00403    69.8982   -5.66966    4.93784    10.9492    35.2016   -50.8624    35.4988
    25.625     72.125    34.0291   -10.7262    56.1254   -12.3515   -1.87157    3.02151    15.2726   -57.5845    47.3472
    25.625     72.375    36.6891   -8.27563    50.2504   -14.2502   -3.03724     3.8619    18.9712   -58.9153    36.1164
    25.625     72.625    12.1178   -15.0994    7.23657   -8.44695   0.785071    3.38323    18.9093   -56.4079    36.4979
    25.625     72.875    12.8238   -10.9836    5.84151   -6.12011   0.459747     2.2606    18.8724   -53.2477    44.5375
    25.625     73.125    26.2141   0.555422    12.7341   -11.0411   -1.05629    6.48883    23.8521   -65.0104    55.1722
    25.625     73.375     36.557   -2.82937    44.0373    11.9772    12.2357    7.70033    17.3789   -44.2471    45.4466
    25.625     73.625    31.0078   -7.25228    37.7461   -2.20689    6.92439    5.50649    17.7577   -57.0905    39.9991
    25.625     73.875    10.9379    2.71886    31.6716  -0.211214    9.70594    9.96366    6.68436   -39.7154    22.9044
    25.625     74.125    7.28733    3.29257    15.6498    11.2738    17.5154    4.77448    6.76813   -58.6497    22.9906
    25.625     74.375    25.9936   -6.10733    42.5734   -9.38816    6.25457    14.0031    10.6301    -59.589    35.7271
    25.625     74.625    6.03587   -8.64872    34.3582    12.3092    9.62676    17.6799   0.131969   -36.7436    20.8855
    25.625     74.875    7.98351   -1.87861    54.4888    31.1445    5.96741    21.8544    7.10471   -43.4507    39.4859
    25.625     75.125   -2.99718     -1.377     38.703    16.0648    16.7716    5.68003   -8.70788   -32.4875    9.84413
    25.625     75.375   -7.36518    1.09815    29.9984    41.7244    5.61029    6.14359   -4.94998    -34.137    5.70391
    25.625     75.625    5.42444      4.842    36.0455    39.6283   0.577112    10.1271   -7.66446   -33.2441    26.1258
    25.625     75.875     13.823    2.56413    28.8904    23.5479   -2.73479    6.07294   -12.0404   -41.8146    18.9135
    25.625     76.125    25.4278     1.0912    25.4654   -7.42493   -3.99014    3.48963   -25.1324   -44.1342    15.1112
    25.625     76.375    28.3685    8.83022    5.25134  -0.197939   -3.81771   0.894183   -18.8744   -41.8651    6.15129
    25.625     76.625     4.0322    2.33044   -17.2332   -24.1026    -6.1313    1.06697   -15.7391   -15.5846    18.1145
    25.625     76.875    7.04629   -9.22211   -11.2944   -27.6717   -7.38686    0.70085   -18.7621   -10.0793     31.421
    25.625     77.125      8.936   -7.84501   -27.9062   -23.7181   -3.95223      1.527   -10.5019   -23.9745    21.1197
    25.625     77.375    10.0562   -2.09876    4.22453    13.3201    -2.1324    1.78645   -3.46495   -58.6846    16.7311
    25.625     77.625    14.6064    2.93067    11.3437    2.94379   -2.59593    13.9426   -16.5552   -53.2153    5.52957
    25.625     77.875   -2.10255    4.24776    10.6615   -3.63216    15.6032    16.1086   -13.6075   -44.9627    8.84351
    25.625     78.125    23.1405     7.8002    36.3026   -13.0662   -2.16756    15.0897   -16.3452   -23.2461    13.2141
    25.625     78.375   -10.4995    10.2231   -3.81673   -23.1149   -2.34219   0.619506   -22.2756   -37.6146    14.2735
    25.625     78.625   -16.4915    19.0035    1.95831   -11.4983    10.0154    2.85878    -19.834   -41.1345    7.71808
    25.625     78.875   -23.7971    17.0646   -20.7507   -17.8497    18.0824    9.25993   -7.05035   -23.0708    9.18563
    25.625     79.125    5.61287    23.1279    33.4738   -6.96473    5.39516    3.46587   -10.4634   -32.1723    4.86624
    25.625     79.375    12.9813    38.2276    44.2199   0.605685    12.7016    3.75365   -5.01716   -33.8209    19.1092
    25.625     79.625   -5.79121    23.1313    10.8131   -3.34195    12.4564    7.31527   -8.37041   -49.3925    15.5293
    25.625     79.875   -6.80234    25.2766    24.7562   -8.77272    11.7622    6.37432   -9.46494   -52.6951    13.4033
    25.625     80.125    9.82099     48.729    31.3981   -6.61138     7.8413     6.3954    10.7597   -25.9283    26.6151
    25.625     80.375   -9.00942    35.4973   -8.74514   -19.8479   -2.41715    2.25635   -14.2965   -35.4915    52.3559
    25.625     80.625   -52.5035    37.9921   -55.6005   -31.5735   -14.1448   -11.3882    -13.429   -49.7588    34.8876
    25.625     80.875   -50.1602    22.0884    -59.228   -31.0274   -14.5814   -13.8873   -20.7907   -58.7379    1.08496
    25.625     81.125    14.0497    28.4112   -29.9958   -14.1625   -3.25264   -2.00586    5.80519   -29.4876    40.5101
    25.625     81.375    13.0534    38.4959   -32.2366   -18.8191   -3.32267   -2.51276    1.43676   -46.2183    52.3071
    25.625     81.625   -1.45258    31.9429    -35.182   -18.4575   -2.36907  -0.367128    6.10882   -50.3246    33.2046
    25.625     81.875    15.5056    22.4549   -36.6743   -15.1018   -2.81449  -0.726346    11.2134   -50.3498    30.2927
    25.625     82.125   -11.7097    16.7416     -45.43   -15.2549   -2.53255   -1.78558   0.575814   -43.4153    34.5686
    25.625     82.375    2.18265    22.8349   -28.4479   -18.5566   -2.25716  -0.748221    23.2552   -29.7464    16.7634
    25.625     82.625   -1.36315    20.9157   -26.0116     16.181   0.602011   -3.55503    3.37725   -24.2608    44.6532
    25.625     82.875   -13.1679    15.6797   -37.1851    2.56082   -2.96883   -3.63458   -10.6833   -20.6047    42.8402
    25.625     83.125  0.0558681    9.00697   -37.8966   -8.63428  -0.586124   -4.12972   -19.0515   -13.2983    37.6579
    25.625     83.375    1.26409     15.331   -29.9914   -12.2489    13.3709   -4.66623   -12.5714    -35.608    47.7272
    25.625     83.625    0.34426    18.7604   -6.91044   -8.11604    4.38849   0.408574   -1.68874   -30.1404    58.3286
    25.625     83.875   0.934006    22.7162   -4.94929   -9.58521    2.75885  -0.181196   0.482406   -17.1527    48.6157
    25.625     84.125   -2.34677    23.7351   -36.1821   -11.5081   -1.52311   -7.72311   -18.2513    -13.194    45.6962
    25.625     84.375   -4.87327    23.0826    -27.951   -6.59373     5.2203    -7.6836   -23.9501   -8.28356    61.6321
    25.625     84.625    12.5051    10.9807   -22.2096    1.26506    22.2831   -6.17242   -8.67325    -7.3385    58.2307
    25.625     84.875   -3.29285    2.70142   -18.0961   -7.15994     17.954   -7.26354    -19.458   -3.91004    54.3297
    25.625     85.125    1.15748    6.64752   -13.0013   -14.4004    8.69925   -9.99478   -21.3787   -9.63857    31.7131
    25.625     85.375   -10.8177    12.7333   -13.4268    8.42779    5.35034   -9.06921   -16.1569   -1.46457    31.0283
    25.625     85.625   -6.86829    18.6113    1.12851   -5.75709   -4.66237   -1.43403   -19.2112   -4.53124    45.4119
    25.625     85.875   0.924174    30.3945   -3.68699   -0.87691    8.54667    2.55417   -11.6539   -17.5896    57.4884
    25.625     86.125   -4.69185    22.1916    -2.7906    3.56791    2.44296    1.20984   -14.4173   -7.58749    27.8289
    25.625     86.375   0.497582    29.2622    2.94437    4.84786    14.9139    2.13195   -7.76622   -14.8311    17.8739
    25.625     86.625    -7.0073    28.8931   -21.9077   -18.1056   -1.81847   -13.4367   -13.2994    -6.1403    16.0151
    25.625     86.875   -3.09225    30.0328   -6.55204    -5.8473    14.3582   -8.06576   -9.92545   -10.2276     9.9926
    25.625     87.125  -0.600856    25.8232   -17.0387   -8.17235    19.7783   -1.63885   -3.95696   -17.9125    9.91049
    25.625     87.375   -11.5091    18.8245    2.99762    -11.806   -2.23672   -2.23122   -7.51433    -7.6331    14.1928
    25.625     87.625   -3.36086    15.8103   0.587957   -5.93954    11.5744    14.9722   -1.98576   -7.53459    9.29527
    25.625     87.875     2.6101    9.97551    1.27669   -4.42449    16.5189    9.23748    -2.3642   -8.08702    3.94813
    25.625     88.125   -4.69347    13.8699   -10.7219   -4.69377   -5.18472    3.55138    2.43523    11.3684   -7.93377
    25.625     90.125   -1.90595    10.1523   0.777588   -12.0594    -11.601   -13.5671    3.79555    14.0509   -4.56117
    25.625     90.375    3.26912    6.18507    5.73436    -11.652   -7.58251   -16.0747   -1.37868    4.89832   0.538364
    25.625     90.625   -2.94769    4.34919   -5.43401   -22.0053   -10.3888   -20.1677   -10.4405   -2.15361   -1.96899
    25.625     90.875    2.76315   0.744456  -0.687632    -14.473   -16.2242   -15.8311   -11.8913    -2.1946   -2.56098
    25.625     91.125   -5.26872   -11.1676   -10.2958   -14.6922   -25.8581   -25.3331   -19.7605   -7.93414   -14.3419
    25.625     91.375   -4.56219   -9.13424   -9.05599   -17.7298   -18.4704   -29.4609   -15.2736    -2.9067   -16.2516
    25.625     91.625   -2.12995   -9.77302   -7.67962   -12.4031   -14.4858   -24.5415   -16.2931   -6.10628   -12.0031
    25.625     91.875   -1.77328    -4.6477   0.936378   -11.7136     -6.479   -10.2802   -3.41548   -4.46178   -5.24403
    25.625     92.125   -11.0391   -6.01222   -12.5654   -29.3809   -16.8433   -16.1638   -7.62102   -5.69128   -15.4116
    25.625     92.375   -8.10024   -1.94464   -8.15618   -22.6126   -18.4418   -11.0715   -4.82864   -6.60989   -4.59409
    25.625     92.625   -5.49446   -1.05878   -3.92981   -13.6838   -12.4826    2.27099   -12.2436   -14.5796   -10.3487
    25.625     92.875   -1.33902   0.916531   -7.13999   -15.3066   -8.73858    7.23235   -3.13062   -11.9553   -8.06203
    25.625     93.125    1.43073    2.85747    -1.7811   -11.8182   -11.1126    4.27933   -5.21207   -10.8464  0.0127833
    25.625     93.375    2.69194    5.83168   0.419685    -6.8706   -5.01818   0.757199   -8.87236   -9.50406   -18.3191
    25.625     93.625    7.49321    13.1011     16.232    1.33721    -0.6554   0.158853    2.66201   -6.99348   -25.6568
    25.625     93.875    20.4997    14.2922    16.5111    3.40202    3.49346    3.20832   -2.83071   -8.60219   -11.3525
    25.625     94.125    16.2267    6.92884    11.8834    2.67238    3.60542      8.327   -5.90377       -8.3   -16.3358
    25.625     94.375    13.1475    3.12247    8.73702  -0.645772    2.06253    8.93495   -8.01872   -7.63262    -19.108
    25.625     94.625    15.6935    5.77923    10.0002  0.0359014    7.59566    13.1548    -6.1447   -7.70063   -19.2073
    25.625     94.875    8.24793    6.20274    1.68491   -5.09998    3.47552    6.17073   -10.9364   -6.32966   -17.5964
    25.375     70.875    54.0155   -5.54306   -18.2027     18.533    4.99147    8.90464    19.6147     -27.41     6.1204
    25.375     71.125    34.1378    -19.999   -32.2035     1.3673   -4.63222   -4.14975    33.3662   -42.9986    3.73988
    25.375     71.375    13.4231   -20.4224   -25.9143   -6.74215   -5.14783    -2.9813    30.9729   -49.7632    2.41766
    25.375     71.625    19.1804   -4.67944    31.7686   -6.49886     3.0471    11.1036     40.964   -54.7709      10.26
    25.375     71.875    13.5057   -8.17117    43.2951   -8.18677    1.87428    10.9016    27.8256   -53.9957    15.4118
    25.375     72.125    24.5607   -12.1236    51.2777   -14.9927   -4.98458    6.09792    20.6786    -64.595    27.6512
    25.375     72.375    25.8446   -10.1194    8.12613   -13.9774   -2.68582     7.4816     24.835   -51.5075    34.7393
    25.375     72.625    29.3489   -14.4321   -2.16262   -18.6912    -4.4525    6.12448    30.5602   -46.5503    36.3039
    25.375     72.875    16.5567   -8.11873   -4.24729   -13.4587   -2.96331    5.07642    27.2834   -58.6031    48.4158
    25.375     73.125    24.2758   -5.65739    11.0677   -13.8041   -4.35514    3.92077    21.1047    -57.169    48.8246
    25.375     73.375    30.6104   -7.34845    52.0438     17.614    6.33833    7.32944    10.8079    -48.342    51.9066
    25.375     73.625    10.5543   -2.05099     36.741    45.3006    17.4311     5.9732    9.57938   -73.7137    37.0972
    25.375     73.875    6.03156   -2.20537    10.5093    1.29669     6.7423   0.922094    10.9162   -47.2636    17.4425
    25.375     74.125   -1.49486   -10.6249    12.6109    6.56198    12.8427    11.2576    18.0833   -59.0633    24.5115
    25.375     74.375    1.48168   -10.6229    41.4698    7.65975    10.2451    11.1983    1.90668   -44.4085    36.2424
    25.375     74.625   -5.81993   -10.4173    18.9291     2.5831    5.91453    11.8729   -2.99833    -48.291     27.561
    25.375     74.875     3.5673   -12.4743    26.0103    17.5611   -4.48296    17.3298     7.2668   -44.4665    28.2866
    25.375     75.125     2.1896   -4.77219    27.9756    28.5021   -0.59665    4.29944  -0.673801   -47.9708    17.5933
    25.375     75.375    10.8333   -3.86326    2.01623    12.2204    3.48725     2.8133   -10.7563   -18.5942    9.99537
    25.375     75.625   -7.32058   -1.00688    8.90146    23.4222    4.34598     2.0662   -17.1546   -55.5168     5.2407
    25.375     75.875   -10.0481   0.150726   -1.77332 -0.0178431    2.67159    1.86285   -9.32127   -53.6603  -0.307854
    25.375     76.125    18.1091    5.98693    13.6477    7.34502   -1.21045    2.19554   -6.95906   -42.4962    1.35065
    25.375     76.375    9.36946   -5.39023   -8.78907   -8.73843   -3.20947     0.7394   -20.0603   -46.7463    3.15794
    25.375     76.625   -5.79987   -6.32182     5.2825   -25.7788   -2.45607    1.29289   -19.9006   -16.2081    18.8484
    25.375     76.875   -5.43209   -9.79782   -11.9254   -26.6316   -1.39789   0.402775   -19.3281   -20.6854    27.6499
    25.375     77.125   -8.99578   -12.2322   -15.8778   -24.1129   -2.92045    1.06462   -21.7803   -48.7425    30.8648
    25.375     77.375   -4.26534   -5.21184    20.8925    10.7703   -4.02767   0.912632   -13.2994   -40.5864    18.8556
    25.375     77.625     11.567     3.5063    13.8791    1.42536    1.86315    15.1152   -16.9191   -58.8942    5.90133
    25.375     77.875    17.2182    12.3525    45.8438    2.22282    11.6394     14.305   -17.8965   -48.2648    7.79388
    25.375     78.125    17.4467     24.679    23.6374   -12.1678    12.2469   0.221472   -20.6771   -53.3298    16.2909
    25.375     78.375    10.5098     25.266    15.6218   -9.08006    3.17577   0.334924    -17.831   -66.4791    21.5422
    25.375     78.625    -21.012    23.1583   -31.4194   -17.8231   0.815993    2.37302   -15.5231    -51.066    20.4513
    25.375     78.875     -29.05    14.8052   -35.8921   -21.9278    18.5592    1.51618  -0.811042    -32.208    12.9129
    25.375     79.125   -6.47288    21.0994    27.8565   -13.1235    23.0098    2.21428   -14.0853    -44.456    7.24047
    25.375     79.375     -6.755    27.1058    36.3468    -5.2726    8.33437    3.74382   -16.8867    -43.251    3.93121
    25.375     79.625    5.82891    33.4031   -8.27128   -12.0481    6.92672    5.60502   -5.77849   -53.3771    4.88241
    25.375     79.875    -6.6097    35.2334    31.1305    -15.535    7.16862    4.76267    -2.9981   -47.7139    8.88475
    25.375     80.125   -8.87853    36.6826    13.7059   -15.0596   -2.92581    3.81281   -2.43573   -41.3051    24.4752
    25.375     80.375   -12.8306    29.4027   -2.75875   -18.3778   -1.75217    17.0634    -7.4197   -35.5028     27.945
    25.375     80.625    6.60334    32.7424    8.57901    -14.737    5.13752    12.3878   0.491744   -37.2504    46.3773
    25.375     80.875   -25.7715    37.1139   -66.5728   -31.0733   -11.8218   -1.05454    8.36305   -68.6789    30.1509
    25.375     81.125   -15.1069    38.5614   -47.5832   -23.8473   -6.62247     0.3906    8.77929   -77.6942    48.8861
    25.375     81.375    20.0193    31.4672   -14.6297   -11.4406    5.54971    2.59134    2.84426    -24.644    43.0984
    25.375     81.625    21.6584    30.1082   -9.66852   -18.5783     1.1278  -0.360931   -5.24978   -37.9794    38.7667
    25.375     81.875   -13.6384    22.8644   -27.0452   -23.4075   -8.25599   -2.89759   -26.0798   -41.6233    38.3335
    25.375     82.125   -20.0951    21.5555   -45.0291   -14.1307   -2.90782   -3.32601    7.23818   -17.4276    33.3263
    25.375     82.375   -10.5979    24.0397   -29.9684   -21.0469   -3.74458   -1.39156    7.51805   -17.4442    24.6679
    25.375     82.625   -10.1407    8.51804    -45.562   -9.29785  -0.860543   -2.26256   0.215546   -13.9642    44.5289
    25.375     82.875   -26.0915    3.53826   -48.6457   -24.4375  -0.738024   -4.79644   -6.89796   -16.1292    39.3924
    25.375     83.125   -4.05539    2.12732   -46.2781    2.18207     2.3948   -3.57879   -11.9494   -10.7947    28.8414
    25.375     83.375    6.71302     14.305   -33.6688   -11.8714     12.539   -2.33553   -11.6788   -34.1721    41.7994
    25.375     83.625    13.4637    20.5081   -25.6083   -18.3245    23.2146   -3.71288    -6.8914   -17.4986    64.3835
    25.375     83.875     11.388    17.6568   -28.7824   -22.0909    29.1961   -3.52071    -17.352   -22.2596    52.1981
    25.375     84.125    12.7738    24.4436   -52.1832   -18.6628    17.6114   -7.10859   -4.00393   -20.1234    48.0673
    25.375     84.375    4.86863    37.5197   -38.3579    -11.744     18.185    -6.7752  -0.876868   -12.1653    40.1565
    25.375     84.625    14.7932    20.1182   -32.6306   -15.2763    16.1807    -5.9379   -13.8942   -21.1759    50.5134
    25.375     84.875    24.2836    14.3634    -16.767    0.84591    12.5312   -7.07798   -3.59389   -13.8648    57.3578
    25.375     85.125   -6.14331    15.4006   -1.91684    -19.582   -2.21567   -8.08913   -18.7581   -16.2334    58.0595
    25.375     85.375   -15.0438    15.8121   -30.0234   -14.4359   -7.32437   -6.44142    -16.729   -4.64092    53.2999
    25.375     85.625   -19.6452    17.1446   -24.9617   -2.32216    15.2453  -0.639022   -17.7702   -4.10794     63.859
    25.375     85.875     1.4181    23.7335     1.8789    3.65758    19.7951   0.558343    -6.1845   -11.5059    59.9131
    25.375     86.125   0.791596    25.2436   -4.03781    5.98203    17.1952     6.9736    -1.3399   -10.7565    43.6793
    25.375     86.375   -0.49401    17.7608   -9.06414    6.66036     1.8949   -2.05942   -4.49301   -7.89539    47.4234
    25.375     86.625   -1.91209    22.6151   -12.8167    21.8925    20.4685    3.60496   -9.53099   -8.37152    46.9469
    25.375     86.875   -1.48617     13.912   -7.51234    22.7951    8.36613    1.20464   -12.7121   -16.6627    21.8075
    25.375     87.125   -7.18795    8.39902   -15.3695    10.7862    9.93189    8.00868   -2.95015   -6.77725    24.8566
    25.375     87.375    1.51059    10.0659   -2.18856     1.3204    10.8038    13.8698   -4.88471   -9.81179     30.345
    25.375     87.625   -2.72631    3.22857     1.7362   -6.42433    27.5504    18.6925  -0.890514   -5.50975    18.9751
    25.375     87.875    5.02864    2.25936   -2.49221    5.59042    11.4055    7.81554    4.47854   -6.57642    12.0263
    25.375     88.125   -2.25183     8.3896   -19.4273    4.74741      4.336    4.77414    8.18117   -1.00552    5.20074
    25.375     88.375   -4.12497    11.5121   -19.0112   -1.85283   -3.42474    3.88692    9.24833    7.59611   -2.87714
    25.375     88.625   -8.15468    9.51881    -9.1298   -8.57793   -14.7396   -6.31167    12.4309    13.2948    -4.7949
    25.375     90.125   -17.1157  -0.943378   -16.1766   -25.0041   -22.9509   -25.2671   -14.1244    6.54783   -3.21317
    25.375     90.375   -3.48082    4.07532   -4.58835   -21.1921   -18.4552   -25.8028   -7.47932    1.59875   -5.58806
    25.375     90.625    1.20425  -0.172153   -1.16982   -19.2512    -18.903   -30.4222   -15.3425   -5.64024   -10.2504
    25.375     90.875   -2.66347   -8.14338   -2.75927   -15.0245   -21.1616   -31.7708   -13.7139   -7.60784   -11.8372
    25.375     91.125  -0.117875    -13.776   -7.12146   -14.8215    -20.532   -23.4455   -10.5218   -5.60913   -8.60446
    25.375     91.375    4.06852    -8.1209   -2.01255   -16.5312   -16.3131   -20.0721   -11.3143  -0.275707    -15.997
    25.375     91.625   -3.83119   -13.5654   -11.8022   -28.1669   -14.6603   -22.2273   -15.4581   -13.9476   -8.54143
    25.375     91.875   -3.19319    -8.1651    -2.1455   -20.3347   -7.62433   -12.0319   -10.7597   -11.8577    -3.7502
    25.375     92.125   -4.02155   -4.44754   -5.30128   -18.7087   -7.76803   -16.3672   -11.4972   -14.2467   -3.10653
    25.375     92.375   -5.85827  -0.612703   -2.69065   -19.7905   -9.74592   -9.55462   -7.53807   -4.04857   -4.37689
    25.375     92.625   -1.86185    4.16226   -1.97185   -12.7454   -7.31904  -0.818753   -3.82895   -7.22548   -7.83551
    25.375     92.875    13.6071    4.85063    10.2013   -4.86873    7.03278    4.32695    5.89334   -13.6765   -4.32354
    25.375     93.125    8.83978    2.08977     3.1256   -4.32894   -2.22328    8.29652   -1.81672    -14.292   -1.40154
    25.375     93.375    10.3689    7.47842    5.33842   -4.40718   0.132908    -2.5885    -2.1743   -13.5383   -6.42484
    25.375     93.625     15.721    11.6517    16.3859    4.78583   0.642232    1.82695   0.516397   -14.7974   -5.01171
    25.375     93.875    15.1866    18.3651     15.812    7.54697     3.8661    1.96929    1.56043   -8.76288    7.15214
    25.375     94.125    10.7187    8.88743    11.8254    0.71739  -0.106994   0.939207   -1.32201    -9.4943   -13.8256
    25.375     94.375    14.6469     3.4209    13.0098   0.431951    1.41983    10.3679    -3.8912   -9.79327   -20.0364
    25.125     71.125    60.4431   -6.98466   -6.39459   -3.24806    4.02208     10.657    15.6887   -44.2125   -8.13684
    25.125     71.375    28.2762   -8.85841    10.9657   -7.48545    2.91849    10.0389    13.9696   -65.4219   -8.27748
    25.125     71.625    1.65987   -13.3694    51.1712   -11.7318   0.394265    7.84014    12.5574   -70.1929    -2.5222
    25.125     71.875   -8.30705   -15.7839    5.17979    -13.632  -0.989276    7.51511   0.152454   -59.6377    25.8391
    25.125     72.125   -7.71391   -29.0486    35.7919   -11.1726    1.30556    11.2255    26.3769   -66.0288    37.0687
    25.125     72.375    35.4943   -10.6453    20.3728   -8.60664   -4.09159    10.4343    30.3613   -55.5971    51.6368
    25.125     72.625    26.9679   -12.6863     18.334   -13.8393   -1.52788    10.0687    26.2415   -53.8231    35.3537
    25.125     72.875    10.9144   -16.9092   -20.6791   -17.5693    1.53781    7.32269    21.1298   -57.2147    20.6883
    25.125     73.125    18.6363   -14.5272    8.64238   -18.5105     0.6938    3.52903    23.2164   -64.7117    39.3506
    25.125     73.375    9.22012   -8.90199    24.9708   -21.4244   -9.41486    3.92713    10.2361   -47.6531    44.8694
    25.125     73.625    18.8387   -1.20744    9.63897   -15.0223     11.291    13.4375    3.02806   -51.5532    25.5776
    25.125     73.875    3.07982   -7.88698    12.3683   -7.80293    8.13018    5.27212    16.7532    -51.813    18.2696
    25.125     74.125    5.37051   -10.2584     24.295   -5.17993    4.51136    4.61488  -0.322292   -55.0796    17.2591
    25.125     74.375    5.48372   -13.1617   -1.04886    8.76099    16.6292    3.15977   -6.83728    -60.205    25.9227
    25.125     74.625   -18.2759   -11.6096  -0.713361   -2.74152    13.4966    7.88363   -15.4933   -52.8069     25.957
    25.125     74.875    -28.515   -4.21502    7.52279   -4.38491    17.6191    9.34937   -19.5862   -40.8713   0.557606
    25.125     75.125   -6.79142   -4.54273    0.36045    7.59038   -2.65492    1.53732   -11.6455   -29.6135    -4.1484
    25.125     75.375   -7.65232   -1.94345    4.63562    15.7909    -1.6149    3.33245   -8.43452   -36.4193    4.47612
    25.125     75.625   -6.76711  -0.697522    26.7573    24.3643  0.0188639    4.02352   -7.39141   -45.9822   -2.23316
    25.125     75.875   -1.10563   -5.88986   -1.07309   -5.67047   0.996233    2.26517   -17.0703     -28.91    1.52592
    25.125     76.125   -5.82905   -5.86948   -11.4081    -5.7205   -2.21431   0.620804    -18.171   -50.8468   -2.18429
    25.125     76.375    6.05411  -0.292035   -17.9579    1.92916   -2.04701    1.04363   -21.2219   -49.0865    9.42553
    25.125     76.625    6.62943   -3.49309     24.848   -5.70654    10.7622    1.64604    -12.505   -54.7895    29.9857
    25.125     76.875     5.7213   -3.29666    1.47771   -5.40868   0.585943    1.24162    -18.236   -48.7414    34.0782
    25.125     77.125   -4.97268   -4.78117   -3.77549   -16.9546    3.99862   0.516717    -18.816   -57.1342    17.7088
    25.125     77.375   -1.38447   -2.31617     13.766    -12.953   -3.33902   0.447149   -11.0393   -41.8427    5.84544
    25.125     77.625    8.23484     6.8984    35.5879   -23.3828    3.76302    2.04104   -18.7221   -62.4063    6.67434
    25.125     77.875    16.0901    14.8115    44.8587   -1.50367    10.5188    2.53255   -13.7707   -48.0986    9.73321
    25.125     78.125     5.1141    21.7109    25.4654   -10.2516  -0.183482    3.09214   -27.2419   -73.2072    19.2384
    25.125     78.375   -5.76574    22.6326   -13.0412  -0.790286  -0.231404    5.78596   -24.2102   -67.4174    31.5113
    25.125     78.625   -7.20825     27.166    9.02489   -4.02173    1.33054    7.17204   -15.5153   -63.9685    36.7878
    25.125     78.875   -9.47078      14.64    39.9067   -12.2425    19.2029    7.08177    -18.478    -58.069    17.2078
    25.125     79.125   -3.26878    14.4806    47.7626   -11.9494    17.0515    3.85888   -11.9707   -39.5907    14.3067
    25.125     79.375   0.972072    15.2977    21.0666   -15.8845   -2.55576     2.3569   -14.0303     -27.86    15.7054
    25.125     79.625   -9.98186    35.6487   -8.53513    -7.0907    10.9212    16.5857   -15.0632   -41.3615    13.9836
    25.125     79.875   -32.1349    21.9132   -3.81041    8.15322  -0.233287    25.6213   -31.0281    -46.776    17.8108
    25.125     80.125    -10.316    36.9406   -5.76169   -11.1488  -0.557829   0.365811  -0.809286   -49.7057   -6.08074
    25.125     80.375    12.0646     46.608   0.927406   -12.9978    3.96797    4.39754     -6.577   -46.7666    53.2888
    25.125     80.625    2.77285    29.4511   -13.6068   -17.7978    9.71552     3.7579   -13.9171   -49.8944     35.277
    25.125     80.875    7.31714     35.649   -27.8398   -18.3754    7.20491    4.94233   -13.8528   -60.0085    45.3898
    25.125     81.125   -17.1054     37.175   -41.9941   -31.8591   -7.48784   0.789424    -2.2169   -62.1696    37.3435
    25.125     81.375    14.3748    37.3681   -21.8206   -21.0895   0.605531   0.673311   -3.22298   -25.9986    48.4215
    25.125     81.625   -24.8317    34.2363   -51.1344   -32.1319   -14.4915   -14.7695   -46.2973   -34.1079    18.7625
    25.125     81.875    2.28859    31.3724   -24.9601   -14.0987   0.314194   -1.49683    1.36859   -37.7703    36.0708
    25.125     82.125    17.8381     19.508   -12.8156   -19.1883  0.0909611   -1.08121   -4.55602   -11.7645    28.0521
    25.125     82.375   -1.60073    34.1649   -18.9638   -15.5696  -0.736217  -0.850653   -2.58793   -21.8455    33.0676
    25.125     82.625   -6.98987    20.9669   -28.6019   -20.4851    4.63932   -2.52833   -4.51077   -17.8655    60.1521
    25.125     82.875   -22.0118    8.94976   -48.6685   -24.3265    4.20741   -5.53336   -14.0756   -7.76001    45.1769
    25.125     83.125   -11.0528    7.54442   -44.6937   -14.5423    13.9081   -2.79533   -10.0084   -27.9732    55.8743
    25.125     83.375   -15.4049    25.9455   -30.9707   -23.5944    17.8984   -3.90632   -19.5943   -20.9394    70.4799
    25.125     83.625     3.7426    29.0248   -35.2896    -17.829    33.7993   -3.17457    -7.5212   -23.9202     58.548
    25.125     83.875    4.83869     10.447   -51.8758   -9.20111    8.38549   -4.66521   -5.37611   -20.7029    28.9997
    25.125     84.125   -1.93448    18.2365   -51.8798    -0.0108    8.04385   -6.41765   -4.25898   -18.0911    38.9971
    25.125     84.375   -10.9485    24.7269   -19.2373   -9.95825   -6.31474   -9.44181   -5.42197   -19.9914    47.4462
    25.125     84.625   -11.5884    7.26937   -26.7418    17.0435    17.8716   -7.86409   -18.9912   -3.93026    50.0252
    25.125     84.875   -5.64456     18.133   -29.2176   -23.2896   -4.68827   -6.25183    -24.064   -16.0249     61.325
    25.125     85.125    6.47476    25.8312   -10.0146   -17.9953   -10.2099   -5.84134   -12.7073   -9.47431    46.4865
    25.125     85.375    -6.6922    17.9307   0.197321   -16.7969    23.1107   -6.60678   -15.7125   -3.28677    43.6622
    25.125     85.625    11.1319    16.8306   -5.77778    -4.4969    15.8191   -4.13368   -9.32664   -7.92529    26.2674
    25.125     85.875    5.41574    18.0879   -10.6364    5.33724  -0.893289   -2.02914   -21.0927   -11.1814    47.4156
    25.125     86.125    3.45437   -1.08148   -10.0693     -15.77    15.8779   -4.71768   -16.0825   -21.4835    59.4335
    25.125     86.375   -1.65589    31.0173   -26.7172    6.75031   -6.17582    6.63616   -13.4938   -20.4799    50.0165
    25.125     86.625   -15.8414    16.3144   -33.7689    12.7686    3.34637    13.9167   -10.9519   -15.0562    20.0178
    25.125     86.875   -22.9834    6.40153    -23.306   -22.6763   -5.35567   -5.53904   -18.1108    24.4265    14.4084
    25.125     87.125    -7.2415    10.4053   -33.4226    0.22671    10.9204    15.5824    -2.3072   -10.5712    18.8672
    25.125     87.375   -9.47253    15.7074   -35.1882   -6.46822  -0.606472    7.75646   -7.28773   -18.4405     24.499
    25.125     87.625   -6.08721    20.5064   -11.7032   -7.30893    1.94388    9.19428   -6.26171   -7.40928    8.52527
    25.125     87.875    4.13105    14.1033   0.484351    9.50119    18.8485    6.76501   -1.43305   -5.11728     15.242
    25.125     88.125   -2.94361    4.77252   -18.0551    4.57972    5.07986  -0.715538    6.83979   -5.35742     7.7507
    25.125     88.375    -4.7033    7.69757   -18.2785   0.783146    2.59651     4.2784     9.0332   -5.25328    5.70041
    25.125     92.375    2.73525    1.33019    1.80495   -7.80944   -7.77253   -3.12075  -0.794353   -4.65263   -7.04422
    25.125     92.625    8.36294    3.96018    10.4498   -4.15093  0.0384903   -4.54048    5.62374   -5.22715   -5.23442
    25.125     92.875    9.52681    3.11778    11.5489   -3.89762    3.33539   -5.37534    8.07521   -7.66553    -2.9151
    25.125     93.125    16.6955    10.0052     14.786  -0.871781    8.80905    2.27241    9.90435   -15.6478   -19.0754
    25.125     93.375    8.09639    9.09188  -0.744956   -6.94694   -1.68585   -6.61965    1.51289   -14.9662   -18.0014
    25.125     93.625    12.4775    12.4486    5.46423   -3.49357   0.570756   -4.34254    3.79857   -16.5272   -12.3027
    25.125     93.875    17.1078    18.8826    16.5408    2.44637  -0.352176   -1.53946    4.28091   -9.90545   -4.73034
    25.125     94.125    13.6289    10.2867    14.5482   -3.01083   -2.51525  -0.103907   0.258839   -11.4058   -16.8281
    25.125     94.375     15.001    8.59426    13.0873     1.2081   -2.70735  -0.235072  -0.961296    -9.6606   -10.5192
    24.875     71.125    33.9653   -12.8307   -10.4341   -5.48223    2.66079    8.92963   0.489461    -58.528   -8.28812
    24.875     71.375     25.043   -17.0553   -2.10714   -12.7347   0.386337    7.65645    3.64011   -70.9133   -7.83283
    24.875     71.625    1.75829   -18.7466    23.9305   -8.18915    1.82353    11.5963   -2.78611   -68.6607    4.63323
    24.875     71.875   -4.67794   -19.9876    18.5053    -14.029   -1.65802    5.94944    13.1523   -60.3816    28.7815
    24.875     72.125    -2.0909   -15.8324    31.2424    -7.5876   -2.27834    3.47446    10.9692   -41.0113    30.8181
    24.875     72.375    4.31992   -18.5861    33.6225   -20.1575   -2.71892     3.9291    11.7479   -49.5823    17.2836
    24.875     72.625    2.91673   -18.1033    33.5056   -26.4662  -0.783599    5.52871     12.864   -58.4675   -1.10556
    24.875     72.875   -1.71482   -16.6592   -27.8122   -19.0129    6.36484     4.1489    18.8251   -56.2177    16.8851
    24.875     73.125    9.24963   -19.8079   -16.2108   -27.2141   -2.61661   0.735067    15.5421   -72.0899    42.7077
    24.875     73.375    -1.4128   -8.70617    5.91357    -27.243   -9.44238   0.161128     3.5273   -65.5339    47.6393
    24.875     73.625    1.21765   -9.46023     17.745   -6.00112    5.44282    7.53964    7.38095   -57.0466    52.1068
    24.875     73.875    1.30326   -3.95328    34.3265    27.0788    1.19819    1.07509   0.634263    -67.566    32.4766
    24.875     74.125    8.80693   -9.28954    43.8007   -7.71193    -1.1353    0.40144   -6.45407   -66.3334    19.4729
    24.875     74.375  -0.255854   -12.4059    14.1511   -3.53656    8.99517    1.86322   -12.8958   -57.2363     26.154
    24.875     74.625    1.73789   -7.99759    47.9317   -3.12818    13.4126    1.94269    3.96379   -63.7638    13.4338
    24.875     74.875   -2.50722   -12.5959   -13.0109   -3.93125    12.9682   0.564244    3.20808   -47.3613    1.81853
    24.875     75.125   -6.51223    -1.0042   -30.4307   -10.8024    -1.3929   0.943485   -7.87053   -46.5128   -5.91791
    24.875     75.375   -11.9602    2.30829   -14.3213    14.8192  -0.621947   0.816508   -9.51594   -44.0649   -5.79248
    24.875     75.625    4.94041  -0.870565    3.79182  -0.795193    2.28917    7.29292   -12.2407   -45.1284   -1.16437
    24.875     75.875   -5.59608   -10.4011    25.2173    9.86134    3.25651    2.61208    3.87002   -28.2132    13.0131
    24.875     76.125    2.17305   -6.59507    8.69572   -3.42024   0.139226    1.46754   -14.2246    -33.125    14.4998
    24.875     76.375   -13.4499    1.62227   -3.56342    12.6024    9.21145   0.711979    -19.397   -44.9548    11.4782
    24.875     76.625     4.2523    -6.5678    38.8238    3.61474    7.35851   0.747722   -13.9633   -56.9628     18.423
    24.875     76.875    19.4874   -12.3346    41.8414    -7.4597    14.6996    1.60679   -7.83475   -71.7282    43.4397
    24.875     77.125    10.2627   -8.28945    16.9522   -12.2752     4.4622    3.45239   -19.4452   -67.5676    17.6156
    24.875     77.375    6.17611   -10.0009   -2.65975    -7.9382    1.10307    5.51659    -18.289   -51.9717    6.82276
    24.875     77.625    11.9124    7.99973    20.1275    -21.571    1.66405    2.78252   -23.5941   -57.9568    6.66388
    24.875     77.875   -1.23067    7.00575     47.495   -23.8136   0.373938    4.20947   -17.4652   -48.2943    7.53128
    24.875     78.125    -11.992    11.7109    23.3747   -1.85391   0.413813    5.81308   -32.6952   -63.6005    9.52697
    24.875     78.375   -14.2242    7.36772    12.6111   -26.2628    1.65894    1.48721   -32.1014   -73.7081    8.94732
    24.875     78.625    2.29067    13.4203     8.4476   -12.2291   0.505212    3.74559   -29.5291   -70.1778    19.3392
    24.875     78.875   -21.5972    1.64775    39.5839   -9.68641    9.02873    1.06309   -33.0755   -68.3851    16.0464
    24.875     79.125   -5.28554    4.96644    51.8977   -12.2878    11.3207    9.75337   -19.0222   -31.0031     14.035
    24.875     79.375    4.31022    18.1034    19.3396   -15.0006    8.35397    4.40034   -21.1244   -55.2977    38.4768
    24.875     79.625   -4.89329    21.2455    3.70476   -17.5175      1.096    5.23893   -14.6853   -42.9901    45.5682
    24.875     79.875    5.37936    24.0979    8.42752     5.1093   -1.01943    3.84161    -11.612   -29.7986     46.779
    24.875     80.125    6.32051    33.8767   -13.1153   -6.86361 -0.0106139    7.32924   -12.7426   -51.7559    12.9442
    24.875     80.375    19.8665    38.6806    1.84771   -14.6704    4.49382    7.36308   -15.5015   -54.6166     52.286
    24.875     80.625    15.4353    33.2368    8.48136   -16.8842    9.69573    5.31166   -15.1348   -48.9235    40.2897
    24.875     80.875      10.28    34.5313   -9.40168   -22.2039    8.65195    5.57884     -13.53   -47.4728    46.3172
    24.875     81.125   -4.10469    22.5761   -38.0094   -27.2389    5.31276  -0.698885   -12.4118   -42.9137    37.8799
    24.875     81.375    1.51013      38.93   -37.3859   -22.6062    3.58033    1.77501   -12.1984   -56.8361    46.5624
    24.875     81.625     8.7642     31.517   -24.3807   -19.9608    9.38833    2.33361    -9.4749   -36.8517    42.3249
    24.875     81.875    4.53644    36.1887   -29.9158   -16.4693    9.58695    2.95895  0.0657389   -35.3764     45.878
    24.875     82.125    3.43652    28.8243   -24.5906     -20.42    4.33004    1.00253   -5.71868   -17.6451    32.5076
    24.875     82.375   0.819311    31.4385   -3.02578   -22.1675  0.0848375   -1.27198   -17.7222   -13.3795     35.508
    24.875     82.625   -13.3463    31.8931   -2.79744   -21.4156    12.5674   -1.17275   0.667706   -12.0592    52.1771
    24.875     82.875   -25.0572    14.3552   -33.5563    -24.778    11.6651   -3.47044   -15.9391   -24.5445    63.3835
    24.875     83.125   -15.1886    17.2396   -15.0852   -9.01979    14.4934   -2.68454   -12.4031   -27.9486    82.0937
    24.875     83.375    -7.9495    25.1053   -28.1429    6.29749     7.5305   -3.67031    -10.135   -19.3498    58.4651
    24.875     83.625    13.9801    32.6452   -20.6712    3.13825   -4.16251   -2.57506   -14.4112   -14.2403    41.2129
    24.875     83.875   -7.21163    30.1193   -36.6266   -8.78245   -4.01961   -3.68609   -9.56483   -24.3143    43.2559
    24.875     84.125   -2.96796    18.9183   -41.0056   -16.1072    12.7376    -3.1075   -13.2981   -20.1866    59.3227
    24.875     84.375   -19.9897    18.4751   -45.9357   -18.4513  -0.885536   -6.73651   -12.7524    -17.324    33.2552
    24.875     84.625   -15.2214   -1.17053   -52.0547    -6.4125    13.1133    -7.8563   -7.37851   -11.3729    42.7176
    24.875     84.875   -1.66515     13.872   -14.0945   -6.03517    14.8833   -4.58269   -17.8533    -11.106    61.7338
    24.875     85.125   0.367458    20.3304   -21.2103   -3.78746    9.91331    -5.3163    -16.603      1.673    54.8722
    24.875     85.375    1.05035    7.47824   -3.75324   -20.3484    17.7481   -4.02276   -7.44835   -3.29291    38.6808
    24.875     85.625   -9.46713    19.2055   -16.6339   -15.3344    27.9398  -0.729271   -10.6721  -0.715765     41.282
    24.875     85.875   -0.72059     17.944   -3.59083   -2.64463    30.4351    13.6932   -14.9872   -5.42458    41.4234
    24.875     86.125    -19.652    9.36251    -30.103   -25.7923     14.872    3.35944   -7.58588   -16.5365    37.1739
    24.875     86.375   -13.4796    27.3491   -18.5563   -7.45382    24.7078    15.7236   -8.27904   -13.8782    41.0107
    24.875     86.625   -12.8116     24.702   -1.86801   -17.9869    16.5736    10.4564  -0.867524    -13.261    31.7077
    24.875     86.875   -8.93331    18.2658   -14.4845   -34.8287  -0.194444    9.15906   -8.90151   -7.67566    29.5611
    24.875     87.125   0.408931    11.3483   -34.1846   -48.6091   -14.2301   -6.48632   0.447931   -34.4681      34.21
    24.875     87.375   -8.69573    24.1508   -35.5815   -46.8265    -28.496    1.53985    11.0546   -10.4844    19.6592
    24.875     87.625   -9.64897    11.5358   -20.6753   -5.76863     1.2313    10.5006    -12.742   -8.13104     10.073
    24.875     87.875    -3.8547    5.33975   -20.0787    7.33497    14.6631    10.5526    -7.0893   -10.0294    8.23357
    24.875     88.125   -6.82131   0.337217   -17.1337    1.86195    7.87189    8.65675    4.95009   -9.43143    6.06545
    24.875     92.625     18.551     16.407     9.6456   -12.2372   -1.87236   -9.42684    17.4296   -6.68099   -3.64718
    24.875     92.875    14.3048    15.7608   0.544486   -22.4087    -3.6962   -19.2926    11.9551   -10.9926   -3.31009
    24.875     93.125    17.9383     13.117    14.5933   -9.21397    12.6507    1.41509    16.2628   -16.8281   -11.3671
    24.875     93.375  -0.335997    5.29932   -10.5189   -20.2534   -2.69367   -4.54426     3.5399    -8.5519   -26.7404
    24.875     93.625    8.97849    11.6227    6.06188   -9.40056   -4.56951    -3.2244    7.36039   -10.5284   -27.7149
    24.875     93.875    12.7375    14.4047    15.3014   -8.11736   -6.69967   -2.56006     1.9689   -8.48985   -16.1702
    24.875     94.125     11.466    17.4457    11.5678   -4.37569   -2.75534  -0.813735    4.67949   -11.3349   -18.4297
    24.875     94.375    16.7679    11.1021    15.8582   -2.36632   -2.57218   0.102418    5.47268   -8.69263   -15.4247
    24.625     71.125    16.0806   -8.40639   -25.7225   -9.04365  -0.718774    3.28048    2.14945    -38.802   -3.00908
    24.625     71.375    22.4238   -8.93845   -3.58699   -4.13433    1.24209    8.31096  -0.990886   -56.7112   0.608501
    24.625     71.625    31.9201   -7.37431     4.3958   -3.09063    2.49711    12.6353   0.413758   -68.2088    3.50322
    24.625     71.875    0.12289   -23.6746    21.4737   -7.12768    3.28601    14.9334    34.3844   -60.2737    20.2337
    24.625     72.125    9.71787   -14.7374    4.62135   -22.1446    -3.6365    5.15171    16.7398   -45.4923     16.119
    24.625     72.375    11.3102      -17.6    27.2136   -28.7519   -4.67701     4.9422    15.9505   -49.6036    17.7651
    24.625     72.625    6.63515   -18.1982    43.9395   -33.8189   -6.92601    3.07567    10.5836   -72.7471    2.76631
    24.625     72.875    8.05558   -16.0382    36.3353   -28.8234   -5.02256    1.21003    16.6681   -59.0145    34.2649
    24.625     73.125    15.8499   -15.1261    1.88104   -25.0924   -9.05629    2.27275   -1.02995   -74.3733    45.4396
    24.625     73.375   -8.08049   -4.48156  -0.707326   -16.2329   -6.09696    2.85114   -2.01799   -56.8732    23.8976
    24.625     73.625   -13.6269   -11.2474    26.7663   -17.1519  -0.767658  -0.468144    8.07656   -56.7344    37.4971
    24.625     73.875   -4.44118   -12.0757    61.6386   -6.03148    1.34278  -0.197778    6.53962   -60.0331    36.4322
    24.625     74.125   -12.6777   -13.0292    62.1462   -14.9636   -2.53627  -0.357535   -1.78789   -67.5777    22.7876
    24.625     74.375   -9.49083   -13.9558    79.7061   -21.2978   0.917362   -1.72916   -5.96463   -68.7471    13.7258
    24.625     74.625   -6.52064   -12.9387    73.8383    -22.848   -1.09763   -1.54131   -7.96834   -70.1974    40.2476
    24.625     74.875   -4.28246    -14.039    30.9413   -14.5729    8.41611  -0.891501   -1.04156   -58.3329    13.2408
    24.625     75.125   -3.66814   -4.84414   -15.4728   -16.5582   -2.01818     1.0155    1.07546   -44.9184    2.53065
    24.625     75.375     4.0197   -5.47432    9.67845    4.47239   -1.00851    1.05753   -11.1208   -38.2336   -5.58152
    24.625     75.625    4.35296  -0.302196   -8.41393     3.4019    1.76234    4.81959  -0.860336   -35.8593  -0.746862
    24.625     75.875  -0.142188   -9.46529  -0.406756    13.0756    3.13191    1.13751  -0.146187   -38.8868    1.61446
    24.625     76.125   -5.46349   -12.9324    41.1881    5.75461  -0.684499    1.35569   -2.40679   -29.6297    -6.6073
    24.625     76.375    12.0368   -1.70143    40.1259   0.898942   -1.34994   0.663324   -3.92245    -43.884    7.18213
    24.625     76.625    4.18443   -5.71693    42.2157    6.56055   -1.72259   0.957828    2.86383   -43.3879    10.4681
    24.625     76.875    7.46774   -15.5093    90.1866   -12.5532   -2.45159 -0.0682611   -9.07476   -70.8322    32.4719
    24.625     77.125    24.6706   -1.27121    47.0449   -22.0924   0.290378    2.41253   -4.56312   -61.0066    21.4875
    24.625     77.375    18.3706    -1.7193    42.3731   -17.8453    2.34612    2.84222   -12.3301   -42.5142    36.0683
    24.625     77.625    20.5753     5.9847    23.3987    -14.087    2.59632   0.965832   -22.4196   -49.2216    27.8414
    24.625     77.875    4.46671  -0.880653     58.475   -22.9379  -0.683257   0.524869   -20.6336   -36.2091    32.8361
    24.625     78.125   0.307767    7.75844    50.3446   -21.6134  -0.476333    1.66131   -19.3239   -41.6041    1.85677
    24.625     78.375   -3.73276    19.9418    17.3439   -25.8791    11.1959     3.1418   -20.8689   -65.1522    1.44932
    24.625     78.625   -18.4913    18.1833    15.8099    -26.909    8.11168    1.57789   -13.7263    -66.882     7.3465
    24.625     78.875    -22.696    11.7444    19.3163   -27.7954   0.134651   0.970393   -26.1063   -77.5879    31.7215
    24.625     79.125   -15.5598     9.7946    20.6104   -14.7264    12.5828   0.227874   -27.5496   -66.2577    44.7992
    24.625     79.375   -7.92229    20.0944    2.70241   -13.2086    7.89197    2.28911   -11.9083   -57.8125    35.0911
    24.625     79.625   0.658215    19.1639    22.1811   -13.9877    2.77163    4.77203    -18.578   -60.3405    41.7667
    24.625     79.875    8.19192    23.8808    34.1936  -0.471683    6.53943    2.79125   -10.3919   -41.2414    29.6513
    24.625     80.125    16.7648    34.4742    26.0736    2.57024   -0.94101    1.28036   -14.3143   -32.2169     12.167
    24.625     80.375    3.37747    30.6166    18.2701    4.45986  -0.152114    5.68802   -20.2914   -31.5805    13.5748
    24.625     80.625   0.942568    29.0582    21.8392   -20.3857    7.27443    6.43158   -15.2911   -65.6766    52.6366
    24.625     80.875   -11.9089    24.3552   -13.5311   -30.3592    6.89599    7.60514   -18.0595   -34.0084    45.4035
    24.625     81.125    8.48284    32.8429   -25.8044   -30.5439   -2.06355  -0.210714   -19.4573   -36.7931    31.0623
    24.625     81.375    11.0984    24.7744   -36.4804   -26.4195    2.94588    3.27903   -12.8383   -47.0414    41.8471
    24.625     81.625    16.8804    34.6892    14.9676   -20.5814    6.05739    5.81014    -9.9684   -24.6302    46.2143
    24.625     81.875    22.2956    31.5506   -19.5147   -19.4294    10.6978     5.2312   -14.5723   -34.7385    49.1243
    24.625     82.125   -2.09429    37.1921   -29.4466   -31.2646    4.16766   0.254621   -7.75469    -11.264    48.8042
    24.625     82.375    5.04216    29.6758   -27.6722   -26.7789    1.84842  -0.773231   -9.99794    4.05637    49.0645
    24.625     82.625    9.48414    31.7037    18.2373   -27.3873    23.9429   0.629508   -6.29746   -11.8891    54.1658
    24.625     82.875   -2.34173    27.3624   -12.4277   -24.7591    27.4581     0.5437   -12.4516   -21.6149    56.4475
    24.625     83.125   -9.94554    28.4751   -31.8948    3.28903    31.8942   -3.16793   -15.2855   -34.7741    63.5765
    24.625     83.375   -17.2792    31.4112   -23.0688      5.035    25.4161   -3.19319   -14.3453   -33.5788    55.4625
    24.625     83.625    8.62486    33.3427   -23.0419    -2.9972 -0.0813472   -2.58271   -17.4995   -19.7511     57.256
    24.625     83.875   -11.4361    32.2567   -9.54935   -11.9944    17.0479   -4.14803   -11.7794   -14.7873    47.3434
    24.625     84.125    8.15284    29.5415   -33.9824   -30.3478    23.7867  -0.289475   -22.3495   -19.2104     66.378
    24.625     84.375    13.5388    33.6585    -45.885     -21.96    20.6529    5.41606   -17.9966   -12.4957    52.3974
    24.625     84.625    3.38763    25.2815   -51.1406   -25.3856    30.7764   -3.52544   -19.3593   -6.46235    76.5219
    24.625     84.875   -1.36917    12.4907   -29.6964    16.3152    23.5499   -2.84899   -16.6073   -16.4691    55.2153
    24.625     85.125   -7.52131    17.6123   -25.1598    16.3972    30.2646   -4.87412    -17.542    -5.7262    55.9064
    24.625     85.375    1.34363    8.06404   -21.6173   -8.00787   0.617117    8.27882   -17.3121   -13.1471    63.1901
    24.625     85.625   -27.7939    8.34056   -15.5656   -19.4272    7.88781    1.25945   -21.4648   -9.16506    42.2123
    24.625     85.875   -10.6057    11.7361   -22.1832   -12.4826    8.41821    5.81204   -30.5804   -16.1832    45.9324
    24.625     86.125   -13.8941    6.50547    -21.645   -23.2331    22.7673   -1.38838   -14.3828   -18.9489    34.6841
    24.625     86.375    -10.806    9.82174   -5.93717   -15.0984    21.9451    9.23199   -8.39331   -19.2255    28.2999
    24.625     86.625    4.25443    23.3009    2.74047   -19.4411    23.3031    6.61814   -3.26277   -5.55162    32.9616
    24.625     86.875    2.36034    11.8395   -20.7683   -35.3818    21.3888    8.17774   -2.50746   -20.2402    37.3314
    24.625     87.125    8.36281    21.4674   -14.8381   -41.8275   -29.6113   -14.0975   -2.77109   -19.1394    35.5028
    24.625     87.375   0.329572    12.7063   -33.2247   -22.6714   -22.7256   -12.6753    2.79187   -23.7017    27.5636
    24.625     87.625   -6.56378    10.3598   -36.4139   -20.5546   -6.69245   -4.67245   -7.69918     -28.11    49.8093
    24.625     87.875   -4.37134    4.04677   -21.4876   -17.7425   -7.81545    -1.7938   -10.5765   -15.7389    40.1861
    24.625     92.375    5.18736    21.0645   -15.5442   -13.9094   -4.93381   -9.86402  -0.575539   -3.42251   -1.85071
    24.625     92.625    6.24188    19.4766   -2.03384   -12.9256   0.898101   -7.33573    11.9478   -9.77146   -2.69372
    24.625     92.875    16.7015    16.1393   0.528571   -9.70877  -0.361179   -21.5917    14.8137   -10.1599   -5.93542
    24.625     93.125    9.54729    6.30953   -7.97102   -13.7437   -5.20262   -17.9485    7.85369   -4.51393   -11.0441
    24.625     93.375 -0.00295278    3.74533   -16.5781   -14.5878   -4.05088  -0.540113   -2.74825   -1.99397   -19.4184
    24.625     93.625   0.623824    3.23841   -10.4787    -16.387   -9.18759    -7.1481    8.98732    -5.5047   -16.5337
    24.625     93.875    12.6658    9.63356    9.53803   -5.57202   -3.36264   -0.53634    7.72744  -0.235935   -12.2558
    24.625     94.125    16.4772     20.544     14.289 -0.0755125    1.30998    2.70632    10.0241   -5.66204   -10.7801
    24.625     94.375     16.617    22.0253    18.5273   -3.08416    1.32006    4.29775    11.7878   -5.05638   -10.2396
    24.375     71.375    20.4047   -6.37479   -16.7824   -3.62746   -1.21567    2.80144   0.491585   -49.4083    -6.5483
    24.375     71.625    20.7984   -14.1765    7.60524   -3.45604   -2.73221    6.37197    16.0596   -43.0022   -6.08488
    24.375     71.875    23.2499   -12.6602    23.4239   -13.5005    3.01652    11.3339    12.0211   0.488449    6.98026
    24.375     72.125    14.8306   -13.6351      11.58   -23.2102   -3.62112    3.33784    9.36619   -47.4959   -2.79503
    24.375     72.375    7.70126   -20.9167   -1.29284   -33.2407   -4.60567    3.06369    6.93806   -60.9085   -8.44015
    24.375     72.625    24.6387   -16.6294    11.3731   -26.7415   -3.69557   0.987536    11.6735   -54.6843   -4.84085
    24.375     72.875    21.5832   -18.1905    14.5344   -18.5442    1.83588    3.14848   0.860521   -65.2325    37.4665
    24.375     73.125    19.4486   -19.0423   -44.7749   -29.4111    5.03535    1.03304    17.1505   -78.4505    27.0293
    24.375     73.375  -0.568897   -10.6863   -29.6057   -26.6442   -4.30424   -1.36659     3.2525   -65.0621     31.152
    24.375     73.625   -12.7175   -12.0474    18.4181   -25.4695   -6.01277  -0.697629    7.63344   -64.3745    29.2184
    24.375     73.875   -7.02352   -18.6682    40.2547   -9.41368 -0.0736125    1.47349    1.94338   -66.3322    23.3043
    24.375     74.125   -13.0643   -17.7291    64.9162    8.19977   -1.84113    3.09878   0.928415   -76.9968    26.7015
    24.375     74.375   -13.3415   -14.1225    59.6192   -26.9077      -1.96   -2.09228   -5.71873   -70.7531    34.6478
    24.375     74.625    5.77733   -13.9818    77.9303    -22.452   -1.45993  -0.431546   -3.38217   -73.5217    23.4196
    24.375     74.875   -3.26982   -13.6349    31.8991   -3.09041  -0.191461   -1.50047   0.470076   -50.7146    40.0995
    24.375     75.125    7.37917   -7.47186    12.5187   -14.1654    -1.8722  -0.304717  0.0724736   -42.4179    17.0295
    24.375     75.375   -1.61266    -3.6398   0.434928    1.79124  -0.198601    -1.1467    7.17964   -31.3116    1.53572
    24.375     75.625   -3.35383   -7.91767   -0.20915    6.41205  -0.583007  -0.139565    2.74977   -37.3901    -2.0012
    24.375     75.875   -9.68968    -12.881   -2.64548   -7.00917  -0.463844   0.241146   -21.8417   -40.6054   -1.07847
    24.375     76.125   -1.54384  -0.808535   -34.7882   -14.4401  -0.278714   0.274472    -15.305   -34.4229   -8.51959
    24.375     76.375   -1.88957   -4.40385    10.8809   -3.51103    -1.8645   0.556857   -3.69167   -35.6186     -2.131
    24.375     76.625    2.60797   -5.58715    67.9801   -1.29395   -1.78323   0.657493    2.96867   -34.1507    5.01734
    24.375     76.875    5.17556   -13.2553    85.4969   -25.1795   -2.51771   0.265982   -15.2871   -58.3289  -0.156189
    24.375     77.125    21.4671   -9.98412    10.2647   -29.2438   -1.97053  -0.299379   -19.6555   -56.3486    33.3319
    24.375     77.375    23.0639   -6.86871    81.5473   -27.5662    -2.0992   0.360329   -8.34989   -47.5058    53.0792
    24.375     77.625    1.57208    5.20634    101.909    -20.573    6.24491   0.519868   -13.8611   -47.9921    46.3153
    24.375     77.875     3.3828    1.76893    64.0221   -15.5544    9.33902    1.22326   -14.7015   -40.2535    48.3351
    24.375     78.125  0.0202722    9.90209    10.6183   -29.2012    6.50597     1.2909   -13.5641    -52.245    17.9069
    24.375     78.375   -3.91961    16.7612   -4.95566   -27.4241    9.74938   0.567036   -21.5694   -53.7002   -1.47787
    24.375     78.625   -26.6177    15.3407    18.4906   -31.0207    19.2872    1.75027   -18.5428   -75.3487    4.40261
    24.375     78.875   -12.7341    14.5404    29.7119   -28.3333    3.69673    3.17637    -17.784   -72.9721    14.0907
    24.375     79.125   -10.5048     14.211    23.5004   -30.2419    6.04618      13.36   -18.8587   -55.4474     20.666
    24.375     79.375   -1.73427    17.6135    10.6367   -34.6554    8.13746    6.34425   -17.5532   -59.3736    32.3178
    24.375     79.625   -5.88484    16.6319   0.941201   -26.2679    6.80143    1.30697   -20.2584   -34.9811    37.2633
    24.375     79.875    3.81894     30.355    7.90399   -28.5966    12.6576    5.75242   -11.9391   -23.5688    15.3597
    24.375     80.125    10.2444    39.1806   -10.0261   -23.9364    3.66243    4.03628   -13.8795   -35.8826    11.0319
    24.375     80.375    3.52512    26.3751   -4.98733   -18.9515  -0.137192    3.07821   -21.7461   -47.0621    10.7144
    24.375     80.625    10.7714    21.3793   -15.1843   -7.69719    5.53817    4.85133   -15.8114   -46.2045    18.6904
    24.375     80.875    22.3229     31.478   0.952462   -28.5917    17.3536   0.853269   -9.69285   -39.2576    30.2601
    24.375     81.125    12.2895    22.2783   -28.2399   -28.0821    6.83141   -1.34303   -13.3728    -29.881    17.8172
    24.375     81.375     16.071    20.7604   -27.9852   -27.7247   0.881732   -2.08315   -17.1925   -22.5297    26.1775
    24.375     81.625    30.3227    17.8655   -18.8645   -23.3521    2.82524    -1.8587   -11.1532   -9.04235    53.0656
    24.375     81.875    11.5454    15.2616    -23.613   -14.9825    12.1576    3.85738   -23.7528   -42.5232    38.2495
    24.375     82.125  -0.868906    26.5106   -8.77207   -31.6429     6.9354  -0.243154   -27.2458   -7.70197    57.6238
    24.375     82.375    0.11045    30.8736   0.937157   -28.4115    6.72013  -0.155046   -13.3717   -7.88864    62.1198
    24.375     82.625    10.9665     38.944   -6.16139   -33.6096    18.8339   -2.12554   -6.12566   -18.4698    59.1907
    24.375     82.875    11.3015    27.7121   -18.7016   -36.5028     22.078   -2.27492   -7.35367   -26.7019    53.5869
    24.375     83.125    12.0435    27.0174   -39.7087   -17.0177    20.2723   -4.02767   -20.6073   -35.5837    63.9073
    24.375     83.375    1.62739    40.4223   -37.6459   -28.5801    27.2584   -2.48906   -9.67511   -53.4795    50.0434
    24.375     83.625    17.1535    40.0618   -9.85976   -48.0456    11.7808   -5.48401   -19.7484   -23.4658    50.5242
    24.375     83.875    5.54891    42.8784   -56.3115   -43.4467    24.0767   -1.05602   -20.6562  -0.536328      66.62
    24.375     84.125   -4.64292    27.2443   -31.2501   -33.1411     30.851    5.10767   -16.4902   -21.3125    54.0044
    24.375     84.375    10.8569    28.6559   -23.2875   -21.2962    13.0727    14.3365   -13.4138   -6.05103    41.7557
    24.375     84.625    6.46758    29.0109   -35.1375   -24.8463    20.7849    5.00746   -12.0849   -6.71635    58.6332
    24.375     84.875   -3.69384    13.9928    -23.517   -10.8741    9.56369   -5.85145   -17.9664   -16.0704    60.2197
    24.375     85.125    1.86788    18.3071   -6.76943   -11.8234  -0.188592   -7.89303   -14.8131    -20.843    39.5621
    24.375     85.375   0.309444    15.5063   -22.2323   -27.5432    11.8531   -4.41005   -14.3395   -17.2648     41.905
    24.375     85.625   -14.4517     13.671   -8.69943   -26.4881    12.4263   -5.58331   -12.2163   -4.31574    50.5546
    24.375     85.875   -12.7537    7.79296   -4.53813   -17.6961    1.50178      3.219   -6.25589   -3.03342     43.663
    24.375     86.125   -6.62687   0.135231   -4.78518    -32.195    9.90973   -7.78026   -12.1064   -13.5875    16.7151
    24.375     86.375    1.89155    3.04232    9.87096   -32.6399    2.26443   -9.21104   -9.87585   -21.7873     22.987
    24.375     86.625   -3.48622   0.276414    20.7891   -21.6657    35.8516     13.685   -10.8354   -25.1577    28.4769
    24.375     86.875    2.84249    19.4514    6.80278   -6.15063    29.1042   -7.02951   -15.5438   -30.9636    31.3612
    24.375     87.125   -2.07138    15.1499   -8.76311    7.65672   -7.98086   -16.3144   -14.3739   -32.2296    42.6481
    24.375     87.375   -3.12056    16.6053    -2.6233   -21.3378   -9.34589   -6.81773   -20.8052   -32.4521    0.67864
    24.375     87.625    2.74078    3.14427   -38.6175   -16.4561   0.309594   -17.0008   -21.0342   -28.8267    30.1988
    24.375     87.875   -2.42222    9.24051   -32.5862   -11.8689    2.23346   -3.85553   -5.79822   -26.5307    24.0674
    24.375     88.125   -2.42657    5.29383   -28.0735   -11.0606   -4.22124    4.58237   -2.05047   -10.1941    20.1254
    24.375     92.375    6.78703    16.3584   -18.8483   -12.0675   -5.95192   -9.80077   -3.09077    -5.7045   -4.09831
    24.375     92.625    8.02817    11.8981   -2.74374   -5.88924   -2.38463   -7.22812    5.76227   -7.54807   -4.94357
    24.375     92.875    8.56281    7.67974   -19.6228   -20.1346   -20.9501   -47.2664    5.71191   -5.23882   -1.86115
    24.375     93.125   -16.4336   -5.91607   -51.7942   -39.5594   -31.9465   -36.0613   -2.69644  0.0851375   -2.40439
    24.375     93.375   0.294764    2.67997   -17.9574   -14.7906   -13.3219   -14.3777    2.68156   -1.87599   -10.4219
    24.375     93.625     4.7738    9.33928   -8.84467   -8.35933   -8.17701   -9.88526     5.6845   -3.23104   -8.68373
    24.375     93.875     6.5626    8.07038   -3.78803   -6.78148  -0.322057   -5.69124      6.479   -1.44583   -12.7351
    24.375     94.125    15.4244     15.836    11.4699    1.64886  -0.446778   -1.17674    7.69958     -1.969    -12.164
    24.125     68.875    6.06854   -23.3554   -42.7483   -16.0155  -0.962574    1.42284    18.5105   -42.6728   -4.80855
    24.125     69.125    1.07411   -22.4706   -43.8204    -16.563   -1.43362    0.17836    20.0286   -40.5193    -5.0846
    24.125     69.375  -0.178743   -19.0221   -44.5128   -17.2128   -1.64001 -0.0624389    22.6188    -38.865   -5.12177
    24.125     69.625    2.29247    4.75895   -33.5648   -19.5694   -1.74806   -0.37396    17.1573   -20.1219  -0.527332
    24.125     69.875    22.3533    6.80604   -22.9555   -18.8049    -1.1981    1.05786    3.41236 0.00552778    7.23448
    24.125     70.125      27.35    8.51694   -29.0742   -18.5505   -1.55202  -0.390036   -5.92984    23.0049     11.817
    24.125     70.375     22.759    4.21562   -29.7939   -18.3026   -2.55172  -0.659986   -10.3201    27.5895    8.92811
    24.125     70.625    17.5922       1.34   -32.1036   -16.1868   -2.61802  -0.636965   -1.62055    18.5821    2.21344
    24.125     70.875    13.7534   -1.05794   -32.2487   -15.2109   -2.37532  -0.940131   -1.73662    9.04908    -4.5222
    24.125     71.125    16.6106  -0.605615   -30.9333   -13.5781    -2.0926   -1.20493   0.156117   -13.6081   -5.60042
    24.125     71.375    11.1185   -10.3015   -12.7252   -4.57111   -1.66782    3.19238   -2.11285   -45.2184   -6.65111
    24.125     71.625    20.7221   -13.7423   -14.0652   0.610481   -1.89126    4.56667    10.9115   -50.0504   -7.48488
    24.125     71.875    28.8836   -12.7771   -12.9866   -11.8862   -3.02746   0.979839    15.0957   -33.6116   -5.87176
    24.125     72.125    15.6955   -15.5289   -14.6019   -22.6577    -2.5805  0.0777069   -1.00564    -41.371   -6.74284
    24.125     72.375    37.1702   -15.6774   -38.2237   -32.3036   -2.19442   0.431693   -7.04528   -56.7728    14.2664
    24.125     72.625    27.2054   -14.7019   -6.84312   -29.1166    1.07757   0.585665   -3.68588   -69.1817    26.6851
    24.125     72.875    25.7691   -18.0974    15.1013   -15.5027    2.28989    4.68175   0.816896   -83.1413    45.4714
    24.125     73.125    21.9856   -18.4351   -5.56293   -24.9875    4.62721    3.79807    17.3783   -74.1896    39.9633
    24.125     73.375    2.56034   -14.5232    8.44063   -31.5911    3.23689  -0.229383    20.5501   -65.4928    17.5053
    24.125     73.625   -14.2484   -18.1859     34.453   -23.7211    8.68616     6.9531    27.0478   -66.1172    34.0954
    24.125     73.875    -13.417   -17.9041    55.3921   -17.1452    6.76157    7.26856    10.5823   -74.0328    46.5135
    24.125     74.125   -4.87747     -18.55    81.5704   -18.9177    3.38618    4.98463    6.05263   -78.4523    55.3793
    24.125     74.375 -0.0636264   -14.2815    77.5142   -21.0206   -1.64357    1.21874    11.6855   -73.0868    53.5678
    24.125     74.625   -16.6998   -17.9093    39.0217   -14.5807   -2.75689   0.440436    13.9287   -70.3412    45.8346
    24.125     74.875   0.225513   -19.6127    25.0285    9.08102   -3.36111  -0.678737    15.8773   -61.2607    49.0079
    24.125     75.125  -0.725457   -13.7716   -8.10032   -32.6209    -1.8252 -0.0904625  -0.746057   -42.4597    11.6514
    24.125     75.375    4.86207   -9.04851   -5.32439   -11.6665   -1.10505   -0.27941    9.41477   -36.1672   -1.90203
    24.125     75.625  0.0391514    -10.541    7.58341   -6.51429   -1.29346   0.418257   0.224451   -27.5029   -9.04349
    24.125     75.875   -6.66216   -7.00074   -4.89485   -9.97201  -0.941332    1.26881 -0.0782556   -34.5326   -11.1242
    24.125     76.125   -9.07097   -7.39542   -2.46499   -14.2207   -1.03144   0.618217   -4.99427   -39.9385    2.42588
    24.125     76.375    3.57523   -7.00463    30.6507   -23.8742   -1.78004    0.70016   -3.35657   -2.12435    -3.3459
    24.125     76.625    11.0524   -10.3754    49.0895   -20.6815   -2.17242   0.275061    1.74469    1.85427   -5.03183
    24.125     76.875     7.1427   -16.1641    52.0307   -27.4842    -1.9386  0.0967375   -12.3357   -41.0658    2.35392
    24.125     77.125     15.559   -6.98054     64.421   -34.6785    -1.4794   0.421583   -14.0715   -51.3064     46.979
    24.125     77.375    13.5106   -9.48554    75.0714   -30.9903   -1.43765   0.289479    -10.924    -62.446    40.2754
    24.125     77.625    1.97195    4.47537    80.9876   -31.7372   -1.05509   0.429982   -10.8984   -41.7826    42.1243
    24.125     77.875   -14.3038    10.0292    48.6659   -29.6411    2.72487    1.08696   -16.6318   -35.4179    39.0319
    24.125     78.125    10.7742    9.53165   -28.4931   -33.3982    0.86904    2.88229   -25.9301    -58.109      45.18
    24.125     78.375   -9.20642    12.6907   -26.1419   -28.7912    3.66256    5.95286   -19.3082   -57.4585    1.76766
    24.125     78.625   -22.0914    9.72235    3.13291   -20.9867     5.3352     8.4582   -15.2356   -45.9925    22.6532
    24.125     78.875   -6.25218    8.97072    11.2248   -23.4022    10.5486    4.48008   -11.6991   -57.2323    12.8549
    24.125     79.125    5.28601    15.1265    20.3757   -31.7719     9.1184    2.98067   -13.2876   -64.6885    13.1931
    24.125     79.375    13.2576    10.4428    63.3256   -35.1031    6.94196     2.7571   -19.6076   -65.2702    28.0402
    24.125     79.625   -1.83952     12.476  -0.675443   -30.1919    2.30866    4.00451   -22.6655   -30.4712    34.7414
    24.125     79.875     25.142    27.2186    24.4795   -24.8069    10.4422    10.1631   -12.1615   -16.4942    26.2196
    24.125     80.125    22.3427    35.0972  -0.364011   -29.0781    3.50659      11.77  -0.604904   -34.2429    25.3599
    24.125     80.375     2.5252    22.4379   -12.4914   -25.3446    3.07978    2.29518   -12.4205   -27.8728    17.6174
    24.125     80.625    1.01957    16.0927   -28.7157   -25.4002   0.615611   -1.27143    -12.244   -39.8569    19.2937
    24.125     80.875    14.8219    17.7691   -33.2262   -25.5836    3.57788   -1.48477   -13.4229   -45.2092    32.9778
    24.125     81.125    8.01023    27.1295   -19.8217   -35.9204    18.7306   -1.12648   -14.5488     -42.61    39.6038
    24.125     81.375    27.4703    25.7991   -2.55152   -28.3105    8.64579    -1.1066   -17.6727   -24.7418    32.6547
    24.125     81.625    24.9904     19.825   -17.2599   -23.1772   0.512293   -1.04628   -20.1909   -22.0456    41.7272
    24.125     81.875    13.4267    20.6787   -16.0619    -31.478    8.75393  -0.937536   -12.4192   -30.0627    55.1755
    24.125     82.125    10.0067    25.6736    -7.2121   -30.8008    7.35045  -0.265999   -9.67018    2.68257    63.2457
    24.125     82.375    6.65722    23.1009   -12.9847   -31.6823    3.76518 -0.0948306   -11.9276   -1.54821    45.4846
    24.125     82.625    18.5775      26.76   -26.8145   -33.3304    15.6068   -1.15173   -8.98899   -17.8375    52.4641
    24.125     82.875    25.7142    22.5415   -27.6043   -34.6673    10.5482   -3.85428   -4.77904   -19.5885    46.1905
    24.125     83.125    14.7485    35.4511   -34.0009   -38.4924   0.487728   -3.01066   -18.8263   -21.3655    47.4795
    24.125     83.375   -13.8086     26.983   -68.3161   -46.4959   -5.22207   -5.29739   -20.4654   -12.7384    58.3988
    24.125     83.625  -0.529618    23.3168   -8.39588   -46.9658   -2.24424   -4.45803   -13.5729   -25.9989     61.899
    24.125     83.875    7.07361    24.6747    -14.318   -48.6867   -3.71981   -3.31427   -11.7087   -33.4482      63.82
    24.125     84.125    8.30898     26.179    -15.027   -47.6551  -0.421438   -3.05273   -21.9738   -38.8329    57.9891
    24.125     84.375    18.3674    27.9612   -28.0632   -47.2341    5.66908    5.83777   -19.2082  -0.116206    42.4017
    24.125     84.625    13.5458    26.4668    -26.706    -48.114    19.2552    3.73144   -16.3553   -17.0162    58.6896
    24.125     84.875    2.29464    14.4065   -20.0072   -40.9968   -2.00441   -8.92637   -22.3164   -8.32726    69.7295
    24.125     85.125  -0.153099    12.4774   -29.5164   -49.0774   -6.83598   -11.0009   -23.8419    -9.2308    51.8539
    24.125     85.375   -26.2306    4.13781   -43.8823   -25.9711     11.889   -2.41019   -15.4371   -22.6834    26.1777
    24.125     85.625   -8.46288    10.3244   -30.3449     -38.18   -9.17217   -4.50959   -6.76208   -17.8876    49.6451
    24.125     85.875   -6.93703    22.3145    18.0384   -22.1667    7.38159    4.84673   -5.59583   -14.5912    37.6074
    24.125     86.125    7.62429    8.18669    7.48653   -37.5832   -4.13137   -6.54098   -14.3419    -23.152    18.8442
    24.125     86.375    1.15432    8.25411   -22.2391   -67.0009   -11.2735   -14.0804   -5.47008   -16.5865    8.57493
    24.125     86.625   -4.47963    9.80197    7.30394   -35.5095    22.0763   -6.83539   -5.71053   -31.9271    45.0944
    24.125     86.875    13.0128    6.87156    22.8372   -9.71593    3.56405    3.38933    2.55223   -31.8818    19.1937
    24.125     87.125   -2.65206    8.82458   -32.9165   -9.99228    11.4743   -3.36785   -6.38426   -35.3367    49.5294
    24.125     87.375   -2.40569    13.5579   -29.1215   -20.3971    8.35965    13.5589    1.53101   -31.6105     30.968
    24.125     87.625    8.13986    16.7158   -35.6201   -6.69787    14.8146    5.37853   0.712157   -18.3567    38.9857
    24.125     87.875   0.363235    12.9674   -35.0076   -10.0741    4.99878    6.38083   0.525035   -11.2154    22.0213
    24.125     88.125   -3.55704    15.9062   -21.7031   -11.7927    5.26161    4.80008   0.454363   -12.7072    21.8925
    24.125     88.375   -1.85245    18.6473   -20.4219   -10.1327    4.99456    4.52427    1.88425   -8.53407     19.676
    24.125     91.875    10.1637    12.1448   -5.06926   -2.91117   -6.91379    2.04249    3.55747   -4.71265    0.68311
    24.125     92.125    11.8578    9.93616   -14.8253   -2.65626   -7.42852   -15.6334   -7.51628   -7.07439  -0.415544
    24.125     92.375    6.40369    8.46592   -16.7106   -6.26396   -9.60646   -16.9967   -3.78921   -9.34043    1.00796
    24.125     92.625    7.78454    7.28529   -1.00282   -3.62948    0.28576   -6.58825    8.66484   -10.8131   -3.04602
    24.125     92.875    3.30384    7.26151   -25.9933   -23.9972   -23.7598   -47.9939    5.18724   -9.24819     3.2821
    24.125     93.125   -18.4489   0.803732   -59.7634   -52.6824   -48.7914    -48.509   -5.01596  -0.457685    5.12826
    24.125     93.375   0.974154    7.86522   -15.3847   -17.2885   -14.7571   -29.7733   -3.12225  -0.520399   -4.35111
    24.125     93.625    5.81656    8.16681   -10.3123   -10.9764   -9.10623   -21.6166    2.42666  -0.352981   -10.6536
    24.125     93.875     6.4025    10.3205   -8.65316   -8.20736   -7.84716      -12.6     5.4542  -0.583047   -13.3747
    24.125     94.125    7.08048    10.1833  -0.885565   -3.06626   -4.19741   -7.96608    5.48168  -0.775151   -13.5405
    23.875     68.875    6.65347   -21.5783   -42.9922   -16.3037   -1.28808    1.71414     19.426   -42.4726   -5.18523
    23.875     69.125    1.33139     -21.88   -44.4331   -17.3071   -1.59044   0.516175    22.3448   -40.2072   -5.29646
    23.875     69.375   0.430947   -16.6621   -44.1344   -18.1665   -1.83228   0.370703    21.5655   -37.5503   -5.33146
    23.875     69.625   0.291885   -10.9237   -41.2022   -18.8574   -1.76396    2.29655    17.7283   -31.9079    -3.3262
    23.875     69.875    14.0365   -4.85223   -19.5342   -19.3141   -1.32575    6.40958     13.715   -26.2895    2.58624
    23.875     70.125    26.9107    12.2556   -26.8789   -17.1331   -1.44115    1.00092   -10.5307    5.77387    8.72927
    23.875     70.375    24.5346    9.51194   -27.1358   -17.3425   -1.81132  -0.164325   -16.4079     11.917    9.32836
    23.875     70.625    18.6699    1.07956   -21.3497   -16.1734   -1.54881    2.19223   -10.9244   -1.98687    6.69172
    23.875     70.875    17.3949   -1.22886     -22.55   -14.2796   -1.80568    2.14728   -1.16375   0.336592  -0.118526
    23.875     71.125    9.75053   -9.62696   -28.7864   -16.6585   -2.31134    1.03662    4.48613   -3.76262   -3.45664
    23.875     71.375    1.13199   -17.0847   -14.2428   -9.46977   -1.01746    3.96737    16.9584   -36.5428   -8.19648
    23.875     71.625    4.49628   -16.2391    27.5457   -3.39073   -1.69106    3.86604    13.8975   -43.9713   -10.6135
    23.875     71.875    9.05953   -17.7272   -4.47379   -19.2223   -1.98972    6.93236    5.56853   -42.5811   -7.19912
    23.875     72.125    23.7352   -14.1407    7.26113   -28.6598   -4.11529    3.92084   -6.49399   -43.1774    27.7613
    23.875     72.375    23.0181   -15.4685   -34.2502   -29.1102   -4.04143   0.367275    -5.0588   -52.5895    4.20204
    23.875     72.625    8.10452   -17.3723    28.9269   -28.8511   -2.09588    1.68564   -13.7561   -62.2673    4.86737
    23.875     72.875    23.0159   -19.3796   -36.6219   -21.3732   -2.91703    8.75261   -21.1981   -58.3275    9.28066
    23.875     73.125    9.09618   -19.0421   -18.4995   -20.8666   -4.02832    9.23723    2.45938   -75.4872    19.6196
    23.875     73.375    6.13527    -11.737    19.7562    -13.191    2.03606    5.81526    12.7313   -57.2236    6.96398
    23.875     73.625    9.92079    -14.912    54.7438   -22.4532  -0.948344    4.52825    25.2364   -54.0295    34.4035
    23.875     73.875   -14.6329   -16.4221    34.7789   -19.6383    3.73487    7.74901    15.0336   -47.6907    51.0633
    23.875     74.125  -0.383893   -18.8993    66.4068   -19.6221   -1.41434    2.23433    19.4785   -68.5194    32.0314
    23.875     74.375    5.35906   -17.1211    30.2936   -22.9626   -2.51357    1.49941    15.5247   -64.1666    23.4172
    23.875     74.625    1.38771   -18.0037    41.8674    1.79312   -2.39164    1.33021    8.39331   -59.9039    41.8105
    23.875     74.875   -13.6526   -17.9717    30.8527    6.22406   -2.71791   0.108667    8.11337   -61.1453    34.7423
    23.875     75.125    6.83857   -10.9369    48.7899   -25.6344  -0.761058  -0.134043    13.1486   -37.2113  -0.943867
    23.875     75.375     10.664   -10.6099    34.5636   -26.1551  -0.471856   0.164979     20.542   -37.8761   -4.66519
    23.875     75.625    2.60757    -3.6757    19.4124   -17.0102  -0.623456   0.488772   -6.38222   -50.7557   -6.28245
    23.875     75.875  -0.449521   -8.12987    35.8456    -16.779  -0.734894     0.9509    7.49798   -36.8656    12.4643
    23.875     76.125   -1.59438   -11.7015    70.5957   -1.75067   -1.31092     1.9187   -11.6651   -47.5834    42.0416
    23.875     76.375    -5.1738   -10.8117    62.1716      -19.5   -2.26132    3.49219    -4.1929   -48.2184    39.6572
    23.875     76.625   -1.63784   -17.3318    35.3594   -24.6347   -1.75083    1.39808   -8.68744   -42.5174    32.7312
    23.875     76.875  -0.774469   -15.8219    30.8426   -30.5861   -1.30798    0.30505   -25.8896   -48.0242    13.4563
    23.875     77.125  -0.266683   -4.38042    62.2078   -29.8096  -0.659035   0.287494   -15.0784   -37.5019    44.0021
    23.875     77.375   -1.06593   -10.1888    61.8475   -29.7592   -1.51577   0.406786   -7.21493    -56.246    63.7517
    23.875     77.625   -4.00374   -2.08543    61.7004   -38.5641   -1.11055    4.03717   -2.04024   -41.5517    32.1589
    23.875     77.875   -2.49294    1.61372    43.8011   -41.3575    -2.2079    4.22566   -13.9236   -44.7629    46.3483
    23.875     78.125    11.4569    6.51108    38.3151   -36.6097    -1.9891    8.47113   -15.4967   -46.8686    38.1023
    23.875     78.375   -3.12515    13.2562    13.3015   -21.6957    5.46596    5.49849   -20.2026    -41.855    44.8081
    23.875     78.625   -12.2107    2.74683   -4.16771   -6.50533   -3.05926  0.0280736   -17.3298   -30.4263    33.1045
    23.875     78.875   -2.81386   -3.30656    10.9584   -22.3445   -1.61965    2.79108   -14.7793   -51.2989    42.1444
    23.875     79.125    12.7027    3.92937     30.797   -39.6408    1.42223   0.810033   -22.2738   -45.6374    32.6028
    23.875     79.375    16.0183    11.7132    35.8287   -38.1912   -2.65648  -0.236968   -8.20809   -43.1215    43.5407
    23.875     79.625   -3.03531    10.3524    11.9035    -30.604     4.6555   0.366101   -8.53871   -30.5633    50.4034
    23.875     79.875   -5.55583    14.1547    36.3229   -30.4247    9.13584  -0.849528   -13.9063   -11.3222    42.9629
    23.875     80.125   0.975301    20.5498    49.2652   -33.2951     6.4364  -0.976408   -18.3477   -21.2303    32.4646
    23.875     80.375    3.24901    20.7317   -12.5372   -34.6461      1.909  -0.959044   -20.2026   -38.3629    29.2339
    23.875     80.625     16.775    18.9509   -25.0966   -34.6308   0.345369   -1.33514   -12.5557   -21.5021    20.1443
    23.875     80.875    17.2887    16.6232   -35.4487   -31.0829    11.1141    -1.6885 -0.0468444   -36.5383    45.2213
    23.875     81.125    37.1117    20.9899   -23.5102     -32.12    15.9878   -1.64447   -11.0912   -39.3618    34.9023
    23.875     81.375    25.0558    25.2209   -24.3338   -19.2397    9.65769   -1.53022   -23.7273     -39.57    29.3423
    23.875     81.625    13.2548    17.3086   -35.5526   -10.5987   0.428815   -1.58991   -26.4365   -41.0927    30.4527
    23.875     81.875    17.8639     15.965   -31.5375   -29.3016  -0.690847   -2.26386     -11.97   -23.5718    49.3066
    23.875     82.125    20.1238    16.5601   -31.5284    -29.327  -0.927308   -2.36873   -11.1182   -11.9286    44.9183
    23.875     82.375    40.6224    20.7554   -14.2272   -27.1545   -1.78605  -0.838171   -6.78609   -11.5161    50.5005
    23.875     82.625    36.0787    24.3255   -19.6836   -27.5174   -2.90358   -2.82444   -11.8141   -17.3542    43.3798
    23.875     82.875    41.0295    27.2992    -21.494   -34.0988  -0.817783   -3.96063   -15.0859   -37.1409    64.8935
    23.875     83.125     4.4669    27.1151   -24.5744   -51.8216   -3.91601   -4.92091   -26.1788   -25.8208    70.6812
    23.875     83.375    7.97014    21.9056   -2.74206   -48.7467   -7.66174   -6.01664    -24.318   -20.3167    61.1225
    23.875     83.625   -1.25269    17.9519   -6.57616   -47.5839    3.99388   -4.64139   -26.8069   -19.8906    46.2674
    23.875     83.875    2.48719    18.5844   -8.15682   -45.6842   -2.86516   -4.99411   -19.8384   -27.4757    65.3998
    23.875     84.125   -18.9691    20.5248   -19.9665   -37.4787    9.82103   -4.69325   -23.0517   -29.7641    53.3841
    23.875     84.375   -1.05387    25.3396     -25.09   -54.7786   -2.07045  -0.618943   -24.3654   -24.4964    24.9411
    23.875     84.625  -0.705543    15.0696   -15.2343   -51.6735     19.815   -2.83983   -22.9271   -30.6711    54.6297
    23.875     84.875    10.5098    16.4941   -17.9504   -46.0909    19.0454   -3.56207   -21.4835   -7.48596    53.5398
    23.875     85.125   -2.43714    5.63674   -22.3977   -53.7816   -8.10782   -7.84828   -19.1746   -12.8625    53.2875
    23.875     85.375   -9.48755  -0.839996   -27.6676   -30.5925   -4.11774    -5.5363    1.43425    -26.405    21.2947
    23.875     85.625   -5.43133  -0.978771   -6.73453   -15.7719    13.7118    11.3207    6.73957   -30.1548    23.5026
    23.875     85.875   -9.08752    14.6027   0.625478   -17.3268     9.8297   0.459514   -5.08292   -34.7027     41.157
    23.875     86.125    9.70494    13.8836   -13.1569   -35.6497   -15.0434   -5.97124   -17.8517    -28.621    41.6593
    23.875     86.375   -12.6345    6.78126   -10.0625   -16.2156    20.3603   -13.9964   -14.6093   -18.6753    60.8158
    23.875     86.625   -11.4782   0.580567    14.3982   -41.4149    27.4606   -6.94587    1.29778   -37.5753    58.1677
    23.875     86.875   -4.76501  -0.909036   -4.91649   -11.1826    9.17802     5.0568   0.723092   -23.7375    41.8108
    23.875     87.125   -4.97429    5.92321   -11.8158    -16.408    22.6231   0.813903    2.98381   -28.8075    52.5709
    23.875     87.375   -7.29232  -0.913493   -11.0805 -0.0801417   -10.1932   -2.46043   -4.80322   -20.3574    30.7186
    23.875     87.625   -15.3338   0.439319   -26.9968   -15.2462   -5.97266   -12.4648   -4.05215    -14.932    12.8548
    23.875     87.875   -10.5863    5.64845      -27.3   -9.08462    2.25068     8.3185    2.15551   -8.50424    11.5416
    23.875     88.125   -10.9202    10.5396   -18.3827   -13.3848  -0.788379    5.72987   -2.04287   -8.80303     14.366
    23.875     88.375   -1.81332    11.2444   -18.0292    -7.0825   -2.32679    4.95824   0.939278      3.375    10.8625
    23.875     91.375   -28.0081   -3.65108    21.3862   -16.8125   -18.6969   -34.7641   -16.2897    15.4844   -31.7301
    23.875     91.625   -8.67661    3.29504    7.13386   -6.39055   -5.13563   -13.9723   -12.3998   -6.64353   -17.3751
    23.875     91.875    9.08104    3.68071   -3.28445   -2.08608   -4.76942   -7.10701    2.10274   -6.05992   -1.37843
    23.875     92.125    10.8699    11.5197   -15.3951   -7.85377   -1.04305   -17.5532    -3.7856   -3.58624   -5.46495
    23.875     92.375    13.3789    13.3085   -10.8964   -5.46861   -1.91129    -14.943    -3.4179   -5.97938   -5.60304
    23.875     92.625    16.6027    11.8628  -0.892928    3.79674    3.78164   -1.55385     5.8045   -9.83984    -4.3852
    23.875     92.875    7.89722    14.2235   -16.3117   -10.6828   -19.9734    -48.919    5.09172   -8.46998  -0.456943
    23.875     93.125    -15.733   -1.78827    -49.018   -44.3015      -37.8   -57.3765   -4.06395   -2.22701    3.10274
    23.875     93.375   -7.27789   -1.45215   -31.9779    -30.038   -26.9567     -47.84   -4.33599   -2.79871    2.60197
    23.625     68.625    30.1878   -7.58015   -32.1054   -11.2183    2.08169    8.48524    29.2543   -50.5925   -1.06049
    23.625     68.875     27.803   -3.36133   -33.9546   -11.9891    4.64084    10.0505    30.7651   -45.1666   -1.16565
    23.625     69.125    21.6463   -10.7726   -33.2493   -12.4417    2.13792    8.21805     32.478    -39.848    -2.1987
    23.625     69.375    11.8841   -11.0926   -35.0724   -13.1407    2.02214    5.23685    27.2121   -37.1296    -1.2531
    23.625     69.625    11.4193   -13.9369   -31.1181   -13.4295    1.43878    7.11676    23.7953   -33.2576 -0.0191736
    23.625     69.875    6.96078    -11.892    -26.213   -16.4981   0.519683     5.0583    8.50038   -21.1707    3.49385
    23.625     70.125    23.3013    7.65745   -30.8908   -19.2007   -1.63472   0.695206   -4.23826    9.31273    9.00991
    23.625     70.375    15.8891   -1.57288   -16.9625    -19.693   -1.92775    1.06508   -7.01319    3.87456    9.24202
    23.625     70.625    9.82723   -12.5046   -12.3827   -19.4167    -1.5283    6.37344    7.22293   -35.8278      4.453
    23.625     70.875    8.04803   -14.1793   -14.9967   -17.6883   -2.15947    4.76394    6.82343   -26.9804    3.09038
    23.625     71.125    7.57594   -10.1272   -28.5685   -18.7105   -2.10299   0.197717  -0.412663    5.18928   -1.78831
    23.625     71.375    6.99653   -10.5838   -23.1798   -6.85293   -2.14166   0.763321    14.7248   -3.18271     2.3969
    23.625     71.625    7.85572   -17.2889   -15.5659   -16.7195  -0.644589    3.29213    11.9139    -45.169   -9.98325
    23.625     71.875    10.4811   -19.4082   -13.6392   -12.8751  -0.804671    2.23986    12.7391   -33.3534    -7.0163
    23.625     72.125    7.15324   -17.8635    1.22408   -26.4314   -3.07362    8.64841    7.89934   -38.9762    15.4987
    23.625     72.375      25.91   -17.6113   -46.0197   -24.4696  -0.720242    6.77276   -5.67241   -49.2143   0.591287
    23.625     72.625    2.16788   -15.5094   -22.9272   -32.4497   -3.83809    12.2374  -0.251818   -64.9402    17.9721
    23.625     72.875   0.261732   -20.5514   -10.5492   -35.3905   -3.44332    3.92571  -0.679368   -67.7525    13.0666
    23.625     73.125   -8.22171   -19.2461    17.1716   -17.1466    -2.7958     3.5509   -1.49221   -59.8748     25.557
    23.625     73.375   -5.98716    -20.719   -29.1325   -26.2187   -1.36509    2.50571    29.7992   -63.9996    12.2616
    23.625     73.625   -4.38081   -20.9038   -28.7812   -27.7095  -0.349494    3.15031    30.2925   -65.2343    23.3578
    23.625     73.875    4.86598    -21.076   -7.18613    -21.947  -0.632569    2.95294    16.9758   -53.8271    25.5993
    23.625     74.125   -3.85666   -18.7153   -9.68295   0.479217   -1.97438    5.82089    31.3979   -67.3467    20.6122
    23.625     74.375   -1.72978   -14.4748    18.5031   -24.1427   -1.02463    3.15643     17.126   -73.8785    5.48373
    23.625     74.625   -3.89084   -21.4458    56.4325   -18.5755   -1.52727    10.3657    24.5302   -79.7923    30.3253
    23.625     74.875   -1.15088    -18.318    38.0637   -17.5989    -1.6103    3.92212    28.0564   -72.4052    11.1574
    23.625     75.125    -14.623   -14.0522  0.0750694   -34.0585   0.557254    0.54996    12.3922   -49.2356    4.13264
    23.625     75.375   -10.0307   -14.1079    39.7334   -29.5471  -0.523621   0.327556    25.2188   -45.6147   -6.26685
    23.625     75.625   -1.14241   -1.42321    44.0753   -25.2604  -0.280928  0.0497528    10.8038   -58.4545     9.4615
    23.625     75.875   -8.06782   -6.22057    24.2816   -4.39484  -0.510083    1.46659    23.1154   -49.5575    30.0659
    23.625     76.125   -11.7178   -13.2938    38.5702   -10.1874    -1.4463    1.53134   0.496104   -42.1674    39.4366
    23.625     76.375     2.1169   -15.1094    52.0936   -19.3084   -1.51573   0.679533   -13.0051   -43.4975    21.2096
    23.625     76.625    6.82487   -18.1418    33.0004   -26.8077   -1.50686   0.468911   -16.4035   -47.3557    9.97332
    23.625     76.875    8.87351   -12.9008    19.2833   -20.0412   -1.76641    4.83484   -24.7247   -44.6618    5.34057
    23.625     77.125   -6.61653    -11.268    21.0352   -13.4174   -2.43431    1.29129   -23.4234   -41.3747    53.2463
    23.625     77.375   -2.29125   -18.1538    1.93698   -40.6787   -1.73759    1.08951   -7.01045    -48.647    45.4801
    23.625     77.625   -6.93491   -12.9896    5.69784   -29.6404  -0.670561    1.46306   -10.6112   -41.1648    20.1078
    23.625     77.875   -9.91324    2.03996    31.9267   -37.7325  -0.586729   0.884739    -16.036   -20.9234    35.4332
    23.625     78.125   -13.7997    1.79412    29.7951   -38.3397   -2.28791   0.427549   -11.1485   -43.5077    33.8316
    23.625     78.375   -14.8776    7.21271    20.7189   -34.4594   0.522857    1.71958    10.5976   -40.4817    54.7384
    23.625     78.625   -4.30927    5.60358    13.9864   -27.1035   -4.06225  -0.866506   -7.57567    -35.607    55.6951
    23.625     78.875   -8.89464    3.49406    36.1931   -27.3412   -3.75444   -1.10266   -14.7068   -39.5102    59.6755
    23.625     79.125    16.6017     10.945    26.1811    -28.332   0.717971  -0.956125   -2.31888   -39.0211    33.3979
    23.625     79.375    3.45621    8.65238    14.1653    -32.672    8.59179    3.07185    1.97931   -41.0255    63.1685
    23.625     79.625    3.61261    10.0789     5.3825   -34.2389    1.49673     1.5493    5.32151   -48.5261    60.6598
    23.625     79.875   -2.38165     11.718    4.02654   -28.4542    8.22955   -1.16777    5.61345   -17.9498     54.392
    23.625     80.125     4.4175    15.5748   -17.5563   -32.1277   0.702415   -1.47815    -4.3034    -16.327    45.8767
    23.625     80.375    7.33352    11.6712   -30.2514   -33.2972    1.05301  -0.942922   -1.55008   -23.6611    25.5784
    23.625     80.625    16.5136    15.1956   -40.0483   -36.2482    1.49336  -0.991063   -8.06965   -22.3043     33.918
    23.625     80.875    16.8881     21.953   -26.7176   -32.8232   0.632861   -1.03138   -4.31465   -27.7085    38.1843
    23.625     81.125    8.00932    20.7958   -6.36768   -29.3798   -1.54491   -1.59753   -19.1942   -37.0138    30.4328
    23.625     81.375    28.9752    25.7756   -12.0697   -27.4524    1.68292   -1.59487   -14.3385   -39.0297    30.3327
    23.625     81.625     24.639    20.8138   -11.1157   -15.8843   -2.50516   -2.62818   -13.4491   -35.2982    26.9197
    23.625     81.875    22.8051    18.7768   -23.3342   -24.6136   -5.06386   -2.18714   -9.96155   -23.2016    38.8755
    23.625     82.125    35.6503    17.7462   -36.4659   -36.3045    -4.7625   -1.86708   -2.18032   -11.1788    36.3784
    23.625     82.375    32.9208    13.2328   -23.3582   -27.7124    -4.2687   -1.28007   -5.26256   -12.3773    39.5555
    23.625     82.625    20.7504    13.1791   -24.6943    -26.116   -6.54994    -3.0022    -14.492   -22.3959    46.4217
    23.625     82.875    13.2768    10.9551   -19.1791   -37.2366    -7.3934   -3.77858   -24.7074   -29.6098    60.8217
    23.625     83.125    17.6086    13.8611   0.197217    -26.413   -8.67725   -5.91857   -18.1757   -27.1141    59.9686
    23.625     83.375    5.28386    17.2293    4.81487   -38.3572    -9.9214   -6.21138   -13.3457   -28.3914    49.1377
    23.625     83.625    12.9882    13.8172   -1.70153   -37.9807   -4.53287   -5.42683   -18.1715   -36.7373    51.6407
    23.625     83.875    1.68178    14.0409    -4.3357   -46.3279   -5.83923   -6.14661   -19.1318   -21.8077    58.9866
    23.625     84.125   -7.27927    10.1922   -37.4882   -46.4184   -22.8076   -9.41862   -18.5481   -8.88127    33.9122
    23.625     84.375    -10.148    17.9273   -10.0364   -61.5381   -19.4393   -8.58322   -14.1504   -6.22681    34.7422
    23.625     84.625     4.8403     8.5006     19.494   -30.4346    42.3695   0.742425   -15.6229   -23.0732    34.8894
    23.625     84.875    2.83591   0.852724   -11.0184   -29.1406     30.301    3.54559   -22.6931   -27.9847    53.7237
    23.625     85.125    14.6046    4.76316   -24.3442   -33.4349    2.19069   -6.01794   -16.7424   -27.4389    47.1534
    23.625     85.375    15.1581   -4.98506   -10.1285    -1.5465    23.3477   0.302107    6.79007   -21.0825     29.531
    23.625     85.625   0.568271    5.91382   -21.2092   -16.3837    22.6557    3.45117   -1.17403    -35.976    34.5509
    23.625     85.875    8.20746    8.71188   -15.2187   -7.05259    5.17172    5.62002   -2.56214   -7.36447    36.8547
    23.625     86.125    -9.7631    5.61314   -55.0196   -70.0329   -24.0333   -11.2958   -17.7382    2.47636    32.5377
    23.625     86.375   -12.1854    2.92713   -15.4306   -2.72294    13.5935    -6.8385   -8.29069   -11.0225    52.8129
    23.625     86.625   -2.96753    5.87145   -3.74648   -4.92196    37.7651   -3.43496   -19.4488   -24.3181    47.3852
    23.625     86.875    2.99086   -1.92549    -12.744   -23.3263    19.8986   -5.69184   -7.09774   -17.8482    13.5022
    23.625     87.125   0.816356    5.77257   -15.1484   -20.3487    9.55243   -7.49861    10.8914   -29.0874    24.6704
    23.625     87.375   -13.0293    2.10705   -9.16604   -8.65048  -0.347192    4.38372  -0.976311   -20.2503     25.344
    23.625     87.625   -15.9418    8.48468   -23.1812    5.02984    2.62386   -20.3728   0.311547   -9.42537    18.1506
    23.625     87.875   -19.7816    2.14595    -27.419    -7.2428   -17.0112    3.63101     3.1181   -17.1127    11.5902
    23.625     88.125    -5.7755    6.08166   -16.2581   -3.31242   -14.2415  -0.821486     11.681    3.37343    10.4437
    23.625     88.375    4.97521    14.1497   -8.75196   -1.25253   -10.5238  -0.967011    4.54441    2.21197    12.9295
    23.625     91.375   -14.4387    5.79535    6.54391    -9.4721    -14.757   -18.9088   -7.09617    20.7738   -11.1826
    23.625     91.625   -7.25848    9.18459    5.47902   -8.83917   -4.75683   -19.6801   -3.92098    1.44251    -10.965
    23.625     91.875    9.37017    6.41058   -4.65545   -12.2402   -4.60259   -30.0776   -3.99713   -4.03168   -2.98913
    23.625     92.375    8.73319    8.85978   -14.8895   -13.6001  -0.842901   -15.9575   -7.27801   -5.60901    -25.367
    23.625     92.625    16.7649    14.5635   -3.74403   -0.95809    3.01878   -3.48723    3.78443   -5.73112   0.459893
    23.625     92.875    17.2652    9.91683   -13.0969   -11.0919    1.55898   -22.6589     10.574   -7.30581   -1.19299
    23.625     93.125    2.69599    5.67799   -30.6154   -31.8139   -25.0994   -51.2599  0.0351861   -3.52599     1.8602
    23.375     68.875    27.4705   -8.53784   -37.2437   -16.4728  -0.191571    10.8495    29.8896   -45.4883   -5.48312
    23.375     69.125    27.1224   -3.45743   -32.2657   -14.3273    1.32617    9.07606    33.2919   -45.6349   -1.98389
    23.375     69.375    20.0853   -4.72306   -33.1252   -15.7312  0.0676583    8.55814    31.5461   -52.4217   -2.35412
    23.375     69.625     16.388   -9.78851   -33.0562   -16.2893   0.672086    8.77068    19.6616   -47.4341   -1.59656
    23.375     69.875    17.3583   -11.5191   -34.9665   -18.1395  0.0948264    8.28452    17.5296   -41.5151   -1.27494
    23.375     70.125    8.27167   -11.1748   -16.1786   -13.5842    2.98333    5.37589    1.30397   -25.9137     5.9285
    23.375     70.375    10.3584   -9.73468    14.3278   -12.3958    3.28455    5.01311   -3.78303    -26.829    13.7865
    23.375     70.625    9.56007   -10.4256    8.85315   -14.3408    3.38246    4.82009    3.02937   -29.1559    8.09263
    23.375     70.875    11.6522   -6.66269   -20.4706   -18.4455 -0.0112333     1.4195    2.95168   -18.5178    18.4454
    23.375     71.125    7.97164   -6.81202   -35.2926   -22.7681   -2.57448  -0.804908   -3.52126    21.5787    16.9416
    23.375     71.375    9.32901   -2.33973     -34.78   -12.5318   -2.64807  -0.654585   -3.64689    17.9946    8.22326
    23.375     71.625  -0.900069   -14.3504   -20.1956   -16.7059  -0.520956  -0.254237   -10.4115   -20.1219    5.15597
    23.375     71.875   -1.56761   -22.6665   -39.4324   -24.3537   -1.40121    4.91135    23.2975   -24.9406  -0.356567
    23.375     72.125    4.95869   -17.4864     1.5283   -29.7836   -2.57287    3.92158    12.4363   -8.02168    43.4173
    23.375     72.375    2.22396   -18.1001   -13.0922   -19.2481   -3.72718    26.8793    9.84056   -60.8299    23.6864
    23.375     72.625   -1.58035   -17.0408     4.1844   -36.1112   -2.76143    16.7034    2.34945   -52.5744    11.8575
    23.375     72.875   -1.43151   -18.6504      9.288   -37.4184   -2.12757     16.955    13.7363   -48.0538    27.4574
    23.375     73.125   -2.31047   -16.8904   -3.32293   -13.6382  -0.715683    13.3157    16.7996   -50.2126    24.0377
    23.375     73.375    5.34365   -16.9409    -11.557   -15.7422   -1.48979    6.12723    10.1485   -60.4496    30.1198
    23.375     73.625    8.92212    -19.005   -5.66509   -24.0085   -1.58496  0.0352611     10.901   -54.8343    10.3092
    23.375     73.875   -16.8295   -22.1266   -27.7667   -26.5184    3.14648    4.80463    14.8339    -69.422    24.6339
    23.375     74.125   -5.53592   -16.4118   -20.6322   -9.58252   -2.40875   0.542232    17.4902   -63.8603    19.0352
    23.375     74.375   -2.18534    -16.768    75.1554   -11.1875   -1.43921    8.79641    36.5215   -72.0495    2.02888
    23.375     74.625    6.74717   -18.0788    17.8941   -2.59202    -2.2151    3.87526    20.3774   -60.1382   0.989471
    23.375     74.875   -11.3214   -20.9101    19.7559   -20.5299   -1.83662    7.24784    28.6563    -71.778    30.1208
    23.375     75.125   -20.7025   -17.0222    39.9063   -34.0132  -0.560489   0.334003    26.0103   -45.0436    32.8849
    23.375     75.375   -19.5578   -10.0145    39.2164   -2.18499  -0.531618    3.04308    15.1494   -23.1486    18.4715
    23.375     75.625   -25.7935   -14.2211    46.1686   -22.1335  -0.903813   0.377778    2.97232   -38.7629    6.72206
    23.375     75.875    1.82221   -9.23897    42.4582    -13.256   -1.66077  -0.102633   -5.54569   -35.3844    9.48402
    23.375     76.125    7.44767   -7.26166    32.4452   -1.00133   -1.51066   0.721593   -2.25563   -37.3365    11.8556
    23.375     76.375     4.0548   -8.46554    27.1424   -12.4684    -1.6577   0.601051     2.6415   -40.0402    16.7998
    23.375     76.625    1.45333   -12.3993     16.693   -22.6997   -1.39608   0.528981    -10.712   -37.9962    11.8866
    23.375     76.875    8.05518   -10.0145    35.1784   -18.3498   -2.90701   0.916793   -24.4089   -35.6607    23.0734
    23.375     77.125    1.45254   -14.0155   -1.38541    1.60498   -2.92414    2.22064   -11.1427   -42.3144    50.3107
    23.375     77.375   -1.25655   -14.3013    28.5341   -18.2734  -0.988094     2.4088   -10.4272   -49.9635     54.199
    23.375     77.625    4.22324   -10.8509    11.4567   -29.5322   -1.09593    2.46417   -9.65806   -50.8867    47.0974
    23.375     77.875   -3.63022    1.33596    15.9766    -36.654  -0.840299   0.649607   0.610083   -14.7568    25.3826
    23.375     78.125   -6.11519    3.72535    42.3581     -32.22    1.54612   0.447793   -5.57959   -25.2151    31.2614
    23.375     78.375   -13.7562   -4.08987    11.3267   -38.1118    1.65477   0.927001    6.51071   -58.5059    19.7869
    23.375     78.625   -6.30736  -0.941719   -20.3561   -40.3252   -1.33289  -0.817636   -3.57926   -52.0402    42.6435
    23.375     78.875   -1.05006    4.09399    23.3331   -34.7322   -3.55461   -1.71084   -1.90956   -58.0219    48.5519
    23.375     79.125   -4.22882    8.70144    26.3704   -40.2124   -1.00655  -0.656847   -5.07322   -44.4321    43.6587
    23.375     79.375    5.06164    3.83428    30.1681    -34.284    1.77631  -0.230856   -8.92386   -51.1334    42.8952
    23.375     79.625   -12.4396   0.852069    2.59035   -29.0939    1.85968  -0.227456    -8.6304   -54.2596    49.8372
    23.375     79.875    8.66099    8.24348     6.4818   -34.3877    7.27353  -0.492776   -12.7732   -51.2076    51.7827
    23.375     80.125     4.0581  0.0956472   -10.7776   -36.2468  0.0595083   -1.22616   -22.7636   -26.3716     46.693
    23.375     80.375    5.02709    11.3377   -29.9054   -34.8319    0.85406   -1.28602   -10.0885   -24.4933    35.5364
    23.375     80.625    18.0744      21.89   -8.66836   -34.3139    3.07726   -2.48565    13.8862   -15.0289    35.7089
    23.375     80.875    6.78494    19.6694    2.87111     -37.66  -0.758401   -1.81245   -4.84216   -22.4742    33.9935
    23.375     81.125    8.11674    16.5897    6.06851   -34.5636   -1.41022   -1.86392     -20.41   -41.6381    29.4102
    23.375     81.375     10.495    16.9304   -3.84313   -36.5009   -3.86904   -1.45245   -18.1044   -61.5947    27.1475
    23.375     81.625    19.3466    26.1013    16.6932   -38.6365    -1.9867   -4.06843   -22.3375   -36.1705    40.0228
    23.375     81.875    21.1265    26.3735    13.9488    -42.256   -1.68829   -3.30346   -8.46631   -37.7414    33.3199
    23.375     82.125    22.4309    20.0148   -33.2552   -39.6021   -5.35516   -1.65625    -4.5197   -6.93006    38.9266
    23.375     82.375    28.2643    14.7077   -42.3704   -40.0218   -4.74669   -3.03349   -31.8239   -16.2422    35.9493
    23.375     82.625    23.4703    19.1785   -34.8241   -41.8013   -5.63808   -4.91281   -11.6554   -22.1528    39.8732
    23.375     82.875    3.82523    15.3279   -25.8727   -36.8663   -6.60194   -4.37651   -11.8589   -8.81214    61.4858
    23.375     83.125    18.9944    23.9688   -3.52346   -23.9784    -11.245   -5.16051   -24.7006   -22.0158    60.3986
    23.375     83.375    21.4697     18.171     6.4312   -12.5128    -12.962   -3.95773    -13.328   -37.1251    52.0829
    23.375     83.625    12.1037    13.6744   -5.88848   -15.6431   -15.2145   -4.06781   -6.23826   -47.2642    42.9576
    23.375     83.875    18.2843    15.3291    15.5014   -29.6304   -10.4014    -4.8914    -9.1652   -24.8049    45.3991
    23.375     84.125   -5.50104    10.3926    -38.936   -62.9066   -11.7615     4.6846   -14.6537   -10.4411    37.3241
    23.375     84.375   -2.13363    12.0038   -17.3482   -58.9913   -20.8784    -2.5721   -23.3815   -11.1213    22.4757
    23.375     84.625     3.2887    6.20637    13.7625   -30.8267    12.1513   -5.62856   -17.7992    -8.6506    30.1816
    23.375     84.875     5.5628    4.95696    3.10823   -5.09725    31.7509     -6.545   -10.9325   -15.4473    45.8318
    23.375     85.125   0.795283    5.19378    1.29603   -21.7735    23.1856    -3.9579   -6.67482   -13.4131    48.9938
    23.375     85.375    9.74841   -4.65998   -5.02854  -0.753114    19.9195    1.56936   -3.51619   -29.9635     25.126
    23.375     85.625    7.45686     6.4584   -14.7413   -15.0786    16.6086    -2.6185    5.56456   -37.1181    31.7787
    23.375     85.875   -9.55761   0.558558    -41.271   -27.3379   -6.16233   -9.24567   -18.7553   -6.12148    43.4893
    23.375     86.125   -9.94075    5.78719   -2.99936   -16.2004    1.05589   -11.4943   -10.1701    1.50636    32.9641
    23.375     86.375   -4.89312    10.5693    1.21905  -0.194664     23.913    5.15515  -0.872621   -3.13791    35.5296
    23.375     86.625   0.401919    4.77455    1.11983   -7.17344    34.6316   -9.52866   -14.8719   -17.0031    26.8784
    23.375     86.875   -2.08762    8.25122  -0.225082     -1.124    7.24633   -7.26501   -1.33272   -6.31393    22.9761
    23.375     87.125    4.03146    8.74663    12.6893   -20.8591    20.3438   -6.36246   -9.38364   -23.6886    14.5531
    23.375     87.375    3.11199    5.18045    8.07037   -3.43213   -1.09375   -6.65053   -3.60751   -27.1298     10.936
    23.375     87.625   -14.5794   -3.29495   -18.2981   -7.53571   -11.8883    9.54763   -11.1086    -9.2655    13.5513
    23.375     87.875   -4.48936   0.785961   -21.4505    6.35842   -10.8803     7.2907    4.11504  -0.844065    19.9435
    23.375     88.125    4.55863    5.35072    -11.363    1.74736   -9.01307    5.61341    8.54343   -3.08148     15.747
    23.375     88.375    12.1353    15.1164    -4.2416    2.25289   -13.6328    2.96631    3.60383   -1.53232    21.5546
    23.375     88.625    11.1755    18.8222   0.547158    1.63172   -13.2821    1.51452    1.62899   -1.52839    24.7393
    23.375     91.375     3.1876    4.26762   -7.81708   -8.78634   -11.5168   -13.9945   -11.1986    17.6649    7.59767
    23.375     91.625    4.05181     15.067    3.37364   -2.76464     -4.388   -16.4616   -2.76189    10.4179    9.32112
    23.375     92.625    16.5558    12.9685   -1.93768   0.201156    4.35079   -9.91041    7.04913   -4.26794   -8.95427
    23.375     92.875    18.5278    10.0144   -5.67846   -4.66237    6.58163   -12.6811    8.86654   -4.91186   -4.49628
    23.375     93.125    13.1473     8.3549    -20.275   -16.2304   -12.1597   -35.3743    7.72886   -7.16339    6.09502
    23.125     68.875     23.973   -12.1693   -28.7145   -11.5594     2.2356    13.2528    32.8614   -40.7218   -1.61465
    23.125     69.125     23.319   -2.05652   -28.7825   -13.0693    3.89979    10.7501    36.0556   -46.0978   -1.66338
    23.125     69.375    20.4111   -4.64817   -37.2065   -16.7239    1.91272    8.31834     29.782   -53.9827   -1.27015
    23.125     69.625    24.8444   -4.56765   -35.2824   -16.4782    1.23937    7.61527    22.7633   -52.3313  -0.580687
    23.125     69.875    27.5904    -7.4934   -22.7753   -17.4088   0.909024    14.5306    20.4086   -41.1318   -2.17138
    23.125     70.125    22.5952   -9.46848   -28.6687   -17.4949  -0.654436    3.55611    11.4887   -26.2185    1.14732
    23.125     70.875    14.5968   -14.1676   -22.2425   -28.8568   -1.90076   0.900935    2.63102   -21.8908    23.4283
    23.125     71.125    16.5282   -17.0667   -25.2366   -28.1472    -1.6693   0.143339    2.21683   -23.2644     22.809
    23.125     71.375    1.87643   -16.0344   -36.8949    -10.082   -1.29851   -1.16727   -6.04667   -5.30283      8.352
    23.125     71.625    2.91882   -13.4016   -14.2591   -7.06701   -1.32143   0.266108    1.72462  -0.815814    6.86024
    23.125     71.875   -1.94209    -23.671   -7.33136   -20.8634  -0.431718  -0.708599   -17.1324   -26.6687    6.31813
    23.125     72.125   -9.33489   -23.6562    13.7218    -24.808   -2.65451 -0.0538861   -5.14539    19.2975    41.4656
    23.125     72.375    12.2686   -22.4583    28.4301   -18.7227    1.20801     2.7873   -4.91059   -41.4026    31.0153
    23.125     72.625     5.7617   -18.7933    9.32781   -22.8421   -2.05942    6.80573    24.7868   -26.9707    21.1519
    23.125     72.875   -8.98028   -20.2606    51.0827   -21.1215   -1.68544    19.8745    16.4852   -40.8773    2.56033
    23.125     73.125  -0.357447   -19.7098    18.0055   -21.4146   -1.51511    18.0474    17.3801   -40.3024    18.7056
    23.125     73.375    18.0463   -23.0833    47.6417   -20.5876   -1.97553    2.64325    9.98964   -48.5002    18.0815
    23.125     73.625     25.029   -24.4581    24.7108     9.3062   0.542303   0.207111    18.0233   -60.4542     25.384
    23.125     73.875    15.3537   -37.5334   -23.9615   -16.7619   0.601928    1.70252    23.9148   -61.6815    8.91284
    23.125     74.125   -5.31342   -22.6225    14.6139   -31.4273   -2.82628    2.05271    8.37187   -50.3882   0.762889
    23.125     74.375   -7.58287    -16.253    18.1074    -27.608   -2.11364    3.18214    22.6462   -63.3737    16.4899
    23.125     74.625   -2.74783   -19.3834   -1.30352   -41.2204   -2.60908     7.4035    28.6296   -37.3804   -3.76151
    23.125     74.875   -12.0171   -18.8335    28.9238   -25.7397   -3.98494    6.39062    32.0701   -65.1091   -10.0946
    23.125     75.125   -15.7548   -16.0318    43.8043    -20.496  -0.516582   0.257094    27.6381   -63.2043    16.5704
    23.125     75.375  -0.130428   -10.7258    45.7782     -26.79  -0.542826   0.422156    36.0882   -38.2126      1.438
    23.125     75.625   -19.1728   -9.37871    40.5552   -30.7016   -0.61264   0.499763    6.40286   -33.2583   -2.82037
    23.125     75.875   -21.1549   -11.2503    49.1129    -19.568  -0.735793 -0.0793028    23.4261   -26.0051   -2.70299
    23.125     76.125   -7.27452   -9.98744      53.16     -15.36   -1.72257  0.0420208    4.58208   -49.5827   0.322015
    23.125     76.375   -7.11353   -3.98084    58.3492   -23.3664   -1.13318   0.319512    1.29147   -39.8201     21.376
    23.125     76.625     7.3451   -7.09744    12.2624   -32.2431   -1.67497   0.511394   -12.1751   -38.0877    52.9935
    23.125     76.875    14.0219   -8.17946    28.5575   -15.4922   -1.94725   0.481633   -18.6341   -45.5543    56.7801
    23.125     77.125    3.07538    -9.4297    1.96187    3.44803   -1.96424    1.48889   -11.5646   -38.8984    39.9337
    23.125     77.375    2.09553   -11.5645    7.99701    -25.168   -1.15735     1.5812   -7.05137    -58.835    71.2688
    23.125     77.625   -3.55616   -8.68745    6.67048   -35.7707   -2.49048    2.08278   -9.69426   -42.4147    84.2163
    23.125     77.875    4.59001    -11.785    10.5687   -37.5746   -1.18432 -0.0109458   0.794514   -37.7428    44.1468
    23.125     78.125    -5.3437   -4.29327    21.8463   -29.9748   -1.26838  -0.259336     2.2811   -36.3285     24.699
    23.125     78.375  -0.497863   -9.99152  -0.486103   -37.6176   -1.50421  -0.761756   -9.01926   -62.3647    12.2824
    23.125     78.625  -0.730006  -0.610226  -0.802693   -37.7291   -1.80364   -1.34268    8.97989   -57.3252    7.09272
    23.125     78.875   -6.03739     2.6719     9.4305   -41.1829   -4.11951   -1.86768    10.1787   -60.4572    35.2695
    23.125     79.125   -1.79817   0.856357    13.6917   -39.8216     4.6353   -1.12798    2.44073   -52.3515    44.7676
    23.125     79.375    9.04114     2.3985    10.5693   -32.7372    2.36553  -0.945908   0.712243   -41.4125    18.2596
    23.125     79.625   -6.46937    8.60126    22.1793   -38.2511    4.46783   0.734249   -8.51337   -54.7588    42.5078
    23.125     79.875    17.6067    8.35137   -22.9057   -42.0536   -1.27156  -0.690314   -25.5955   -50.8012    46.2796
    23.125     80.125    1.76977    1.71046   -37.2972    -44.777   -1.38984   -1.06505   -30.8893   -35.0139     58.038
    23.125     80.375  -0.190461    11.0504   -32.2785   -41.2629    20.8884   -1.37581   -17.2453   -27.6136    34.4346
    23.125     80.625    3.73146     18.341   -9.27368   -20.9528    7.00457   -1.61486   -15.3356   -34.4523     43.404
    23.125     80.875    12.4154    19.4795   -1.86177   -30.0011     2.1494   -1.44153   -6.41539   -38.5381    34.2759
    23.125     81.125      19.87    22.1054    13.9897   -30.3077   -1.39804   -3.82458   -5.78664   -33.4698    33.3748
    23.125     81.375    9.05952    33.3627    3.30803   -42.7688   -5.62221   -3.61995   -33.8279   -64.6869    22.5221
    23.125     81.625    18.3656    25.3433   -25.4271    -46.058   -8.32165   -3.52293   -40.6643   -64.6489    12.5159
    23.125     81.875    26.3859    24.4474   -7.93648   -47.6593   -2.11786   -4.33784   -24.9718   -50.2265    1.38521
    23.125     82.125    21.7569    12.1056   -24.0254   -54.7973    -4.6637   -3.57941   -9.61346   -2.83216    51.3414
    23.125     82.375    20.3093    22.9144   -25.1664   -25.9409   -5.33405    -3.1061   -5.09025   -7.80697    42.4676
    23.125     82.625    21.2214    26.7972   -22.7256   -23.5669    5.30678    -2.9871    -2.1916   -17.4268    52.8101
    23.125     82.875    23.0258    29.5629   -3.66443    -19.666    4.00852   -6.58139   -13.6571   -11.4422    48.2787
    23.125     83.125    17.9233    33.1747   -30.9786    -54.931   -13.7847   -8.30589    -19.479   -13.7506    59.0183
    23.125     83.375    26.0538    24.5238     -21.92   -38.7293   -13.2767   -4.53629   -9.97903   -35.4425    48.9991
    23.125     83.625    16.1783    19.5378   -2.40955   -6.63904   -9.71468   -2.04517    -7.3834   -29.6072    33.6597
    23.125     83.875    22.2492    18.5883    38.3959   -12.0365   -6.06852     -3.314   -10.8017   -28.6528    40.3558
    23.125     84.125     6.3618    10.8091    -3.3629   -63.4376   -10.7279   -4.00549   -11.4903   -19.8093    42.3191
    23.125     84.375    3.19582    12.1024   -24.8183    -59.925   -13.3399   -2.47452   -13.3478   -15.0233    39.3184
    23.125     84.625    4.61148    19.8792    1.80481   -15.6513    2.97099   -3.75213   -7.64872    -3.4418    52.3063
    23.125     84.875     10.428    14.2783   0.364819   -1.34207    11.4679   0.970379   -5.71161   -4.79216    25.9585
    23.125     85.125    8.11738    10.1978     2.8855   -7.20307    14.6399   0.621782    1.93048   -9.37223    59.7076
    23.125     85.375    4.95632    4.88631   -3.08896   -25.8332    21.7691    2.35099    13.0945   -28.2727     41.216
    23.125     85.625   0.210354    7.25963   -10.1662    -15.794    12.9971   0.497599   -9.21135    -42.312    45.5609
    23.125     85.875 -0.0312028    7.55274   -9.64838   -22.1334    4.16299    -5.3052   -15.6353    -6.8083    35.5148
    23.125     86.125    11.4436    19.1385   -4.61064   -27.1306     7.0143   -3.94407   -5.95883    2.01403    31.8162
    23.125     86.375    13.4392    18.4724    17.2523    -15.546    8.55572    2.57501   -1.43363   -7.82295    34.3099
    23.125     86.625    14.3188    10.4649    14.6569   -14.1516   0.883644  -0.454412    -3.6837   -6.08295    7.87508
    23.125     86.875     9.3048    10.8852     12.949   -15.7047    10.1363    2.58658     1.4625   -11.2828    19.2087
    23.125     87.125    9.66651    10.9627    15.0831   -14.7662    17.9797  -0.244579   -9.50179    -17.143    15.0016
    23.125     87.375   -1.57653   0.012525   0.581478   -3.83791    7.57648    9.52958   -3.71133   -16.1138    14.2256
    23.125     87.625   -14.0207   -1.10515    2.69403    2.95615    -6.7581    9.35904   -22.0293   -10.2725    22.1193
    23.125     87.875    9.73887     4.0307   -16.7492    19.6097   -15.6654    7.74802    1.25457 0.00654028    27.8466
    23.125     88.125    19.1283    14.5403   -6.84217    12.7346   -10.1548    5.73591    5.40587  -0.441715    23.4096
    23.125     88.375    16.3097    20.5937   -8.59423    8.61578   -11.7857     4.4901    3.92011   -3.36679    26.7073
    23.125     88.625    11.6273    16.5431    4.90772   -5.13505     -14.82     6.5296    3.21349    -3.2947     21.464
    23.125     91.625    8.54201    4.56895 -0.0206069   -8.07516   -8.26695   -11.7185    4.55571    10.2101    5.81367
    23.125     92.625    20.0298    16.9652     7.9944    12.2219    14.6581   -1.85147    9.37678   -8.54852  -0.711707
    23.125     92.875      19.66    16.5829    12.7327    16.6537    21.5198    15.4098    10.6642   -7.04988    5.66834
    23.125     93.125    19.7314     29.864    20.1737    12.8347    14.2386   -6.99884    18.8234   -16.9493     13.748
    22.875     69.375    2.95533   -16.1627   -49.0876    -21.116   -1.23651    2.37318    21.4343    -41.612    -5.0682
    22.875     69.625    3.77984   -19.1861   -45.0039   -19.5328   -1.11504    3.62863    19.8508   -35.6702   -2.92828
    22.875     69.875    4.63086   -20.1524   -30.7463   -19.7863   -1.06678    3.87633    15.5686   -31.8744   -4.02048
    22.875     70.625     12.626   -10.2737   -7.46806   -29.1805   0.644883    2.25811    24.2111   -44.2557    9.84439
    22.875     70.875    16.8292   -15.0134   -12.5266   -32.0533 -0.0431625    2.64029    14.1528   -44.1119    22.5987
    22.875     71.125    9.15851    -21.858   -20.0097   -30.3776  -0.835988   0.309953     14.021   -40.3931    16.7638
    22.875     71.375    9.39611   -25.1834   -34.5606   -12.5292  -0.642896  -0.309744   -12.1218   -28.8737    11.9923
    22.875     71.625   -3.81704   -25.4431    12.8272   -3.87417  -0.851507   0.151433    -18.129   -33.6322    19.5185
    22.875     71.875    3.42405   -21.8863   -27.4964   -20.9513  -0.541889   -0.20315   -15.8583   -25.1035    13.7736
    22.875     72.125  -0.934232   -22.8314    2.62216   -28.9906   -1.06667   0.690488   -7.93243   -28.5623    22.6502
    22.875     72.375    9.46374   -20.7211   -27.3212   -30.5893    -4.3702   0.313037   -9.39566   -18.8133    13.4787
    22.875     72.625    17.4561   -21.5309  -0.599054   -32.0729   -2.45545   0.262683    6.59033   -51.6213    34.3285
    22.875     72.875    29.6889   -19.5597    3.87674    -28.817   -1.46092    7.82712   -3.10195   -40.0085    19.1228
    22.875     73.125    1.70499   -18.6684    48.6202   -22.5752   -1.92431    16.7009    7.38329   -33.3022         34
    22.875     73.375    12.8161   -22.8896    58.1875   -13.2943   0.122478    22.8226    9.85445   -52.7183    32.9739
    22.875     73.625    11.9276   -20.9919  -0.445207   -16.6702   0.092075    15.5814    8.60268   -30.5516    11.8114
    22.875     73.875    9.98377   -32.7669   -7.00995   -25.3151   0.245492    4.26775    12.0442   -53.6217   -4.13333
    22.875     74.125    20.2531   -18.8098   -7.92284   -36.7413   0.652621    2.16647    14.4796   -47.8792    6.25941
    22.875     74.375     15.923   -16.4086    17.8755   -40.4142  -0.264228    3.97668    4.15622   -41.1865    12.9805
    22.875     74.625     6.6965   -21.2715    10.8521   -26.9357  -0.994915     3.4321    23.3176   -50.3956   -2.12639
    22.875     74.875   -8.69353   -17.2525     31.373   -21.2985    -1.3702      2.474    21.6053    -50.469   -14.4975
    22.875     75.125   -5.64941   -13.8863    25.8089   -4.47418  -0.324369   0.724886    36.2264   -43.6202   -4.33105
    22.875     75.375    -14.832   -15.4748    62.2999    -28.931  -0.557488      1.513    18.2782   -50.2413   -5.97597
    22.875     75.625   -13.4277   -10.7963    70.9042   -32.7243  -0.112953    1.61735    21.3668   -46.3031   -3.23125
    22.875     75.875   -19.1236   -8.07715    84.0451   -28.7655   -0.64691   0.188846    33.6755   -34.0647   -9.22076
    22.875     76.125   -20.6333   -8.52512    105.911   -28.5389   -1.09993   0.119356     9.1502   -28.8105    6.89295
    22.875     76.375   -15.5584   -6.00243    66.3471   -16.5569   -1.36655    0.48571    6.54005   -38.4066    7.42142
    22.875     76.625    -8.9469   -4.10181    70.6427     1.2875   -1.34633  -0.116335   -10.6034   -53.7112    20.4917
    22.875     76.875    5.15294  0.0803528    44.1179    19.9366   -2.55782  0.0287181   -15.3534   -61.1374    21.2434
    22.875     77.125    1.78627    1.45969    9.59399    20.1146   -2.51018   0.628882   -17.9557   -61.1965    49.6626
    22.875     77.375   -6.99816   -5.21305   -22.9202   -28.9883 -0.0654208   0.363728   -5.59346    -43.229    59.3635
    22.875     77.625   -9.86902   -10.6513    5.61854    -31.314   -1.72426    1.15431   -10.5168   -40.3105    63.9075
    22.875     77.875   -2.93653   -12.5869    17.5335   -36.5098   -1.75577  -0.420736   -17.9933   -50.8186     27.965
    22.875     78.125   -3.13842   -5.95724    -3.4749   -15.1816   -2.50409    -0.7552   -5.87913   -48.9323    21.3686
    22.875     78.375   0.450324    2.53194   -4.37926    -39.889   -1.33914   -1.35624  -0.150276    -66.602    31.6086
    22.875     78.625   -2.05577    2.31926    8.36611   -39.7371    -2.2898   -2.06947    3.65233   -60.1301    17.1195
    22.875     78.875    5.92679      4.706     37.344   -34.3058   -3.79465    4.07535    24.2408   -54.3903    21.7637
    22.875     79.125   -2.14345    9.48264    7.80061   -42.2793   -1.27053   -1.78126   -2.35345   -63.3574    28.9476
    22.875     79.375     4.7476    4.10688   -16.6898    -45.483   0.234901   -1.59214    -8.3981   -59.4753    21.6085
    22.875     79.625    10.8128    7.84691    34.4181   -39.9398    -2.1442   -1.35233    5.57803   -46.4661     36.034
    22.875     79.875     8.8518    9.20057    3.35876   -46.6881  0.0232292   -1.18345   -15.3029   -44.2234    40.7095
    22.875     80.125    1.82711    9.12657   -8.98441    -40.247 -0.0544181   -1.38024   -10.5014   -27.6912    42.3549
    22.875     80.375   -5.39461    1.84949   -32.3394   -47.3878    18.1107   -1.66552   -11.9831   -36.5209    41.8755
    22.875     80.625    3.15235    10.8214   -5.18669   -47.3261    11.1094  0.0661514   -5.37735   -40.0633    68.4315
    22.875     80.875    2.55161     15.769    3.45121   -46.0651    10.0879  -0.507542   -1.69809   -47.6605    49.7155
    22.875     81.125    4.39321    27.6447    8.87083   -50.1012    10.1392   -3.56394   -2.82799   -44.6967    49.8951
    22.875     81.375    20.1685     31.623   -11.8668   -43.5289   -5.93166    -11.832    -17.189    -65.624    46.3025
    22.875     81.625    16.2098    19.7529    6.41844   -45.8762    -2.7722    -4.0798   -19.3881   -50.3697     24.438
    22.875     81.875    28.8667    22.7214   -3.57684   -47.9566   -1.03592   -2.49472   -22.2542   -63.6039     10.418
    22.875     82.125    20.5443    11.3927   -22.4946    -36.074   -2.73545   -2.72635   -18.8897   -26.5549    41.5983
    22.875     82.375    16.1264    13.5499   -20.9896   -11.8542   -3.84051   -3.63707   -21.3285   -30.2775     50.314
    22.875     82.625    11.3656    29.2232   -21.2761   -43.9778   -5.79825   -5.80083   -1.95822   -35.4092    57.8614
    22.875     82.875    23.2729    33.3078   -1.76219    -23.118    2.69647   -6.16464   -7.85626   -30.5956     41.849
    22.875     83.125    23.0008    29.3634   -39.7545   -47.9148   -9.98778   -10.0233   -15.4666   -32.5156    41.2984
    22.875     83.375    33.4451    23.9221    12.3056   -50.6875   -4.48632   -9.27717   -19.0418   -32.7977    32.8888
    22.875     83.625    23.0409    19.7888    37.9964    -23.799    2.50503   -7.49455    -17.864   -25.6439    27.8025
    22.875     83.875    15.7828    12.8913    43.7467    -41.205   -14.7174   -5.39013   -13.9393    -24.037    35.5038
    22.875     84.125    3.30182     8.6469    42.9955     -39.35   -9.44891   -9.99453   -11.3127   -36.3381     25.479
    22.875     84.375    14.3415    6.58859    9.19759   -54.7557   -6.08488   -9.05453   -19.8819     -19.47    40.3126
    22.875     84.625    12.4164     4.8921    -29.715   -53.6752   -8.21636   -10.8556   -20.7861   -35.7301    67.3017
    22.875     84.875      21.19    5.43744   -14.6848   -31.5637  -0.145563   -4.38682    -2.6292   -15.8548    58.6128
    22.875     85.125   -6.22096   -2.76944   -11.3139   -16.9585    16.7216     3.3001    2.63434   -7.06154     44.574
    22.875     85.375    8.04857    2.14993   -1.21881   -11.9032     1.7741    6.18056    5.75367   -28.9455    25.6305
    22.875     85.625    2.06159    6.35088   -3.30791     -28.72    4.05907    6.15833    2.33239   -39.7705    32.0606
    22.875     85.875    8.95886    7.66752   -8.13761    -28.853     13.544   -2.43427   -16.9473   -19.9515     31.765
    22.875     86.125    14.6621    21.6626    -1.1319    -25.796    5.33856    3.78464   -6.77445   -16.3631    24.3023
    22.875     86.375    17.8166    20.0627     6.7591   -9.86919    2.52814    5.24715     2.4004   -9.07471    24.0112
    22.875     86.625    16.8849     20.492     11.599   -12.1375     6.7404    7.85582   -2.20852    -3.4824    23.9047
    22.875     86.875     9.6414    15.6388    11.5345    -14.736    4.31745    9.72739    -1.7458   -5.89745    21.7223
    22.875     87.125    11.8774    11.9503    9.01761   -12.5073    12.5463    5.29376   -16.2062   -8.43437    20.0068
    22.875     87.375    6.01634    5.31491    3.77386   -10.1138    7.79558    5.75814   -16.9059   -10.6432    21.4705
    22.875     87.625    11.7206    9.98749   -2.09587    -1.5444   -3.49272    6.07038   -11.8678   -12.6158    24.2317
    22.875     87.875    14.8228     13.576   -25.8469    -11.188    -5.5779   0.137885   -3.58329   -15.3044    26.5969
    22.875     88.125    9.06219    21.2497   -11.4329   -20.3488   -9.03997    6.38146   -4.73551   -6.39184    22.0534
    22.875     88.375    5.49641    16.9497   -1.22348    1.37643   -7.01917    1.72616    3.75441   -6.08148    19.3575
    22.875     88.625  -0.273989    14.6205    2.10842     1.8866   -13.0117    1.38902   -2.37119   -3.52527     21.621
    22.875     92.625    11.7668    20.8021    14.3044    10.9024    11.2011   -3.40378    15.4518   -8.88328    10.5186
    22.875     92.875    38.5974    41.5499    41.5109    36.3246    41.5335    33.9139    39.9714    21.8554    35.8659
    22.625     70.375    8.01915   -7.00044    -23.513   -29.7627   0.907726    1.05746    14.5981   -39.9124    7.25764
    22.625     70.625    18.4288   -11.2369   -32.5956   -32.6018  -0.240561    1.03417    26.5238   -49.4125     15.037
    22.625     70.875    1.86043   -14.5384   -19.5562   -34.2636   0.044125    1.71018    14.0788   -54.2974    22.3275
    22.625     71.125    8.32532   -20.8969    6.70809   -33.1945   -1.29626   0.994869    12.0087   -40.3632    17.3999
    22.625     71.375    18.8309   -17.9995   -16.1483   -7.68082   -3.22017   0.820333   -1.20015    -32.128    11.3693
    22.625     71.625    1.63436   -22.8274    16.4094   -7.61787   -1.83376   0.755057   -11.0421   -32.8602    10.2241
    22.625     71.875    1.05722   -28.6568    9.36765   -20.6141   -1.23487   0.936049   -2.61828   -37.4734    8.11283
    22.625     72.125    1.53059   -22.2211   -22.9045   -29.2298  -0.817453   0.896121   -4.97151   -43.9448    18.8773
    22.625     72.375    5.79274   -21.0438   -43.3087   -11.7991   0.339558    2.99713   -6.58936   -36.0081    22.2064
    22.625     72.625    4.82432   -21.0222    21.1649   -12.3599  -0.172999   0.880357    2.99432   -40.8037    11.8166
    22.625     72.875    5.48956   -18.6699    15.2456   -11.4739   0.523939    6.13862   -8.15704   -47.4275    8.09186
    22.625     73.125    10.4325   -19.1648    18.9073   -34.5225    1.08397    2.43009   -1.69111    -52.969    23.5434
    22.625     73.375    9.33235   -17.1774    51.9431   -5.06858   -1.75373    5.94902    3.88035   -35.7743    8.04619
    22.625     73.625    8.36121   -18.2788    13.1672   -25.6206    -0.2865    3.62416  -0.655289   -51.1753    17.8451
    22.625     73.875    8.75817   -24.5539   -11.0561     -30.46   0.894378    3.75739    10.6903   -25.4523   -8.03501
    22.625     74.125    12.2918    -17.343   -11.3345   -21.3224    4.56778    8.22438    23.3179   -40.9191   -4.62232
    22.625     74.375    11.5012   -14.9368    34.7436   -12.3526    1.56059    11.8512    21.5046   -39.3677   -4.30572
    22.625     74.625    9.50925    -18.058    23.2525   -46.0548  -0.185664    5.81086    20.3362   -50.1125   -11.1899
    22.625     74.875   -3.74756   -16.3147    22.2201   -48.5332   -1.45249    1.97643    26.6421   -43.1034   -22.8713
    22.625     75.125   0.468201   -12.5124    16.7276   -23.3563  -0.794096 -0.0452222    12.7606    -50.396   -2.79497
    22.625     75.375   -21.0716   -14.7639    42.4666   -30.0477   -1.90287 -0.0265694    15.7205   -44.6678   -12.8861
    22.625     75.625     -18.09   -6.42681    53.7898   -32.6489   -2.56659    0.19836    28.4789    -30.872   -10.6797
    22.625     75.875   -13.7766   -13.5352    77.0387   -33.7589   -1.28917  -0.564689    9.66629    -41.574   -6.97502
    22.625     76.125   -12.7516   -12.0964    80.8263   -21.1185  -0.737889  0.0354875    6.14529   -58.6736   0.328557
    22.625     76.375   -18.2169   -8.04323    58.5668   -22.8736  -0.685846   0.354604     1.5166    -46.278    23.0083
    22.625     76.625   -15.8101   -14.8894    59.0318   -26.0407  -0.363032    0.83921   0.773344   -48.7191    35.8681
    22.625     76.875   -2.23273  -0.387038    37.1414   -16.8714   -1.65011     4.9263   -3.52333   -67.6852    32.3243
    22.625     77.125    3.75954   -0.53949    26.8394   -18.4785  -0.306882      4.669   -2.02836   -63.0621    50.9508
    22.625     77.375   -15.3113    3.84593    42.9264   -15.4703  -0.882388    0.62899   -12.9763   -29.6727    46.1616
    22.625     77.625   -3.80349   -5.37589    14.9703   -14.0095   -2.36887   0.937058   -11.1214   -50.3311    53.5288
    22.625     77.875    15.9866    3.10278     66.578   -20.0067  -0.546253   0.625692    10.2936    -67.194    55.5699
    22.625     78.125    7.60201  -0.369072    18.0863   -30.4235   -1.73454  -0.754644   -5.58109   -70.2383    45.7656
    22.625     78.375     3.9285     2.1671   -9.02465   -36.5804  -0.581497   -1.33741    -2.8997   -48.5277    32.8642
    22.625     78.625    6.25919    5.43587    18.2447   -36.6964  -0.768637    7.29989    11.4854   -45.2259    41.7496
    22.625     78.875   -1.32628    2.76236    13.1642   -34.4356   0.203007    2.63811    -14.368   -42.1639    29.5841
    22.625     79.125    7.36755    1.39626    20.4709   -42.0632    -2.9335  -0.760978    21.0559   -50.0747    38.6746
    22.625     79.375    17.4983  -0.232285   -14.4939   -46.5266    2.96366   -2.33654    19.8135    -47.801    35.3191
    22.625     79.625    21.6941   -2.90173   -1.58459   -45.7812    1.44143  -0.826928    12.4003   -55.1179    33.6759
    22.625     79.875    13.8786   -1.09801    16.6422   -45.6882   0.675631   -2.54147   -4.22447   -28.5158    51.7607
    22.625     80.125    2.29118   -7.39218   -6.60171   -47.9451    8.36337   -2.38617   -2.52742   -36.9975    48.5095
    22.625     80.375   -19.5552   -10.0341    -26.091   -49.4048    9.63318   -2.30901   -5.92099   -45.5016    40.1181
    22.625     80.625    8.12528    4.91863  -0.625232   -49.1894    5.75829   -1.41559   -4.36742   -36.9033    45.3885
    22.625     80.875    1.94249    8.98219    7.82564   -52.1763    3.48936  -0.885232   -13.0789   -54.3821    53.1784
    22.625     81.125   -2.00703    12.4466    6.01421   -45.9144    15.1923   -1.71774   -2.85553   -49.1126    54.4696
    22.625     81.375    7.05439       10.9   -4.97531   -42.9658    16.8117   -3.25814   -11.4696   -36.1263    45.8946
    22.625     81.625    18.0539    13.6466    13.3814   -32.9005     6.1663   -1.74214   -7.53555   -27.7805    34.5351
    22.625     81.875    19.4644     15.647    8.79714   -45.3357     0.8377   -4.57566   -19.7718   -44.4637    35.5781
    22.625     82.125    19.4381    19.2889   -6.97578   -31.7204   -5.59367   -4.35217   -18.7187   -39.8555    38.8144
    22.625     82.375    2.76238    12.9815    -21.736    -33.007   -6.96131   -4.53726   -21.8332   -20.1947    42.5379
    22.625     82.625    9.70503    22.4624   -12.7503    -55.943   -13.7636    -8.6881    -11.053    -30.107    47.0443
    22.625     82.875    10.6271    10.9455   -17.0956   -38.5837   -14.7462   -7.91002   -7.53957   -33.7864    27.1314
    22.625     83.125    29.2443    16.1398   -35.9954   -61.5863   -15.5964   -12.9103   -19.0606   -24.4306    18.9863
    22.625     83.375    17.0516    15.1383   -11.3546   -28.6214      4.301  -0.364668    -15.806   -32.9112    22.4988
    22.625     83.625    20.8953    15.0775    4.82255   -51.5367    -3.8322    0.52514   -8.58288   -12.0104    32.8784
    22.625     83.875    15.0939    3.73943    29.4309   -67.0354    -20.195   -10.7345   -10.6187   -24.9206    32.7452
    22.625     84.125    16.4092    1.94755    34.7185   -35.9546    20.9953   -2.94375   -14.3063   -17.7898    30.3345
    22.625     84.375    17.5806    2.67025    19.7426   -31.2811    1.59135   -4.04576   -13.1956   -12.9625    38.4343
    22.625     84.625    18.3447    3.28311   -6.29221   -48.5983   -4.59057    -7.2476   -18.8735   -22.6768    49.8876
    22.625     84.875     16.826    3.17048   -2.05214   -39.4802    14.0518    3.71365   -16.4447   -27.3464    51.4348
    22.625     85.125    11.5026     3.2341    7.83184    -16.155    14.1348    2.40231   -11.0477   -30.8138    31.6584
    22.625     85.375    15.2488      6.736    13.5496   -18.0328    17.8906    3.13442    -6.8306   -26.3709     20.539
    22.625     85.625    7.42748    10.7966   -4.65936   -23.9668    24.8248    6.26257    9.92038   -19.5027    31.5712
    22.625     85.875    10.9778     13.294    3.28792   -20.9448    22.5771    1.30158    6.38169   -7.70056    20.3806
    22.625     86.125    14.7457    14.7597    2.15308   -25.1001   -22.3837    -11.999   -5.34085   -14.1603    27.7172
    22.625     86.375    17.6765    24.2978   -7.39959   -8.48817    14.7638    9.63267   -4.77549   -10.0363    23.5138
    22.625     86.625    5.15115    11.3728   -8.92672   -27.1956    15.9496    10.1347   -5.51635   -5.24904    18.5586
    22.625     86.875    9.38713    15.4842    8.98632   -1.78375    11.6214    11.7655   -6.97977   -8.95124    25.8577
    22.625     87.125     15.098    9.28667   -4.72795   0.418612    7.63517    8.53524   -3.85444   -11.3976    14.4237
    22.625     87.375    11.6977     10.811   -10.1133   -17.5406    4.05254     4.7532    -10.241   -7.50924    22.7434
    22.625     87.625    18.0708    11.3711   -8.55635   -13.7815   -7.74796    4.27861   -4.35936    -10.272    15.2557
    22.625     87.875   -0.78005    10.7057   -14.3908   -14.8215   -6.80998    5.73113   -2.05775   -11.2333    10.2908
    22.625     88.125     5.5417    13.5469   -14.8947   -3.88235   -4.47226    8.62384    -6.8505   -12.9518    12.7157
    22.625     88.375   -3.84157    7.85095   -7.85781   -7.85413   -14.3939  -0.117072   -6.92027   -12.4408    17.8975
    22.625     88.625  -0.832937    17.9371   0.883969   -4.88071   -11.1807   0.373469   -3.71604   -11.6172    23.1251
    22.625     88.875   -5.29454    14.3282    5.74182   -4.04632   -8.24912   0.755139    2.11496   -12.5486    23.3282
    22.625     92.625    12.4873    29.4245    18.2847    17.4429    11.3617   -6.64792    16.8469    2.31402    12.6295
    22.625     92.875    66.4053    76.8797    71.4329    64.8396    66.2927    59.5376    69.4046   -39.5939    62.0983
    22.375     69.125   -5.54813   -36.2546   -55.1867   -24.8007   -0.38119    7.53713    21.6278   -38.7259   -6.58462
    22.375     69.875    10.5392   -18.5233   -33.1807   -30.2652   0.561186     1.6764    22.1311   -20.1146   -7.41358
    22.375     70.125    3.98703     -11.19   -23.4125   -28.2079    3.57814    2.31332    23.0968   -49.9092   -3.64942
    22.375     70.375    9.75952   -18.5934   -31.4223   -34.0284    1.52679   0.791951    7.55652   -54.8556    6.54016
    22.375     70.625    19.9088   -9.36436   -21.9807   -38.3215  -0.909628   0.760138    17.1759   -60.9453    22.9042
    22.375     70.875    3.84223   -11.9045   -9.65183    -33.834   0.979871    1.06229     15.667   -57.2068     27.446
    22.375     71.125     18.196   -12.0086    40.0595   -27.8568  -0.725435    1.62765    9.88737   -48.8709     16.982
    22.375     71.375    17.0341   -19.8457   -11.8141   -5.07884  -0.471304    1.49511    14.0607    -31.259    18.4259
    22.375     71.625    5.71116   -23.7752    56.4619   -12.0916   -1.60313    2.21129    2.91056   -34.2775    10.2051
    22.375     71.875    11.9153    -26.427    13.4507   -13.1525   -1.20442    1.38518   -6.17437    -40.612    11.2882
    22.375     72.125   -2.19062   -23.8782    6.45862   -28.2183   -1.81425    2.06783   -8.34642   -44.7466    19.2224
    22.375     72.625    6.14967   -25.0249   -2.94971   -31.5053   -1.76656      1.455   -1.31973   -47.5068    1.23863
    22.375     72.875    1.98237   -18.7612   -1.83249   -27.7083   0.657628    1.65558   -2.84073   -57.8867     1.1487
    22.375     73.125    4.15886   -21.0704       34.2   -31.3254     1.7349    2.88191    1.38226   -39.4686    23.4082
    22.375     73.375   -2.00405   -24.6223     29.322   -32.5978   0.922983     3.7347   -6.71695   -42.7117    6.43902
    22.375     73.625    4.30823   -16.8246    9.47039   -22.5888    2.39707    3.66043   -12.4416   -50.7574    2.23498
    22.375     73.875    3.92149   -14.6864   -50.8924   -23.8265    3.09052    4.23531    17.3406   -47.0675   -7.09134
    22.375     74.125   -18.0404   -25.2727   -36.4162   -26.3629   0.262087    1.21827    19.1154   -30.4322    -5.6036
    22.375     74.375   -14.7578   -17.7229  -0.254422   -28.0726   0.555993    5.59355     33.202   -47.2652  0.0169444
    22.375     74.625   -2.91777   -25.2069    9.08136   -44.7094  -0.918274      3.192    19.6256   -42.0332   -6.67922
    22.375     74.875   -6.59167    -24.214     16.419   -50.1278   -2.52249   0.802285    30.8042   -41.2473   -9.89404
    22.375     75.125   -1.16768   -14.2876    22.4142   -36.1773  -0.366446   0.381386    16.2682   -50.2491   -14.4497
    22.375     75.375   -13.1336   -13.3456    60.8794   -32.4334   -1.06998   0.411167    5.82181   -46.3477   -10.0052
    22.375     75.625    -17.715    -12.251    63.0194   -34.2232   -1.88086 -0.0230708    9.82085   -45.3719   -10.8906
    22.375     75.875   -11.7018   -11.1533    55.7297   -31.3551   -1.28663    -1.0151    12.1759    -46.081   -7.77975
    22.375     76.125   -11.1258   -10.7749    48.5845   -21.1166   -1.05967  -0.230058    8.73035     -51.73  -0.429807
    22.375     76.375   -16.7459   -10.3155    17.3193   -20.3588  -0.171965  -0.102211   -4.01313   -47.5501    16.0561
    22.375     76.625   -8.77223   -13.8717    24.7754   -11.0961  -0.594779    1.48351   -2.30523   -43.6189    14.8995
    22.375     76.875   -7.76081   -2.44632    14.5316   -28.1822   -1.14304    4.03138    4.85759   -56.3299    38.7114
    22.375     77.125    1.74043    3.70848    25.3791   -25.4164   -1.59422    3.84834    10.6501   -61.0366    55.7326
    22.375     77.375   0.760146    7.94273    61.2975   -18.5029  -0.734157     2.1198   -14.6777   -59.7842    55.2387
    22.375     77.625  -0.522069  0.0499986    46.8451   -22.6869  -0.944601    2.95499   -9.23427   -46.9915    70.3331
    22.375     77.875    6.21912   -2.46456    17.4241   -37.0448   -1.93684    3.53732   -5.03298   -62.3552    55.3026
    22.375     78.125    11.3264   -4.36696    21.0327   -28.7676   0.166517   0.538526    3.62153   -55.0901    41.2164
    22.375     78.375    7.57648   -2.85395    29.7576   -39.6021   -1.47348    8.29512  0.0237833   -44.7374    37.0062
    22.375     78.625    1.83829    4.76647    18.3513   -47.1546  -0.711243    3.06922   -19.9605   -37.4407    21.2625
    22.375     78.875    3.48838    7.89278    14.2188   -42.8693   -2.39421    1.80157   -17.8123   -22.6713     18.936
    22.375     79.125     11.181   -3.32799    33.1818   -47.0783    -3.3808   -1.04687    23.1182   -22.6215    30.1032
    22.375     79.375    11.9254   -3.30805    15.6339   -45.8955    -3.6957   -1.23049    21.3256   -50.9117    36.9839
    22.375     79.625   -9.32296   -10.1239     24.759   -50.1694   -1.39806   -1.94634   -1.05296   -60.7278    33.2843
    22.375     79.875   -11.0364   -3.07323    4.31464   -46.1591      1.135  -0.979664   -2.46752   -56.8271    51.0945
    22.375     80.125    4.02903 -0.0130583   -5.19692   -32.5953  -0.736029   -2.78439   -4.85077   -36.7716    39.2445
    22.375     80.375   -21.4046   -1.87809   -39.1163   -48.2393    15.3066   -2.51717   -18.4979   -33.4882    47.4594
    22.375     80.625    2.53302    2.62421   -10.6831   -50.2381   -3.76903   -2.65393   -16.8905    -16.824    27.4078
    22.375     80.875    9.53563    3.47032   -16.8311   -54.5345    8.16403   -2.70872   -18.0846   -12.1158    31.4674
    22.375     81.125    4.31382    4.89913   -24.0017   -45.1784    12.0226    -4.4716    -13.127   -21.0505    43.7894
    22.375     81.375    8.90631    12.7737    -2.3878   -46.5467     26.423   -4.83931   -10.0773   -31.7451    54.8597
    22.375     81.625    10.9096    8.04214    1.90156   -51.6594    6.55393   -6.25723   -20.9252   -21.9244    40.0821
    22.375     81.875    1.09676    8.13697   -11.8147   -48.9721   -7.08406   -7.88556   -22.3333   -27.3345    23.2588
    22.375     82.125     40.202    25.6389    3.56451   -37.7285   -4.16102   -2.10852    2.99009   -37.1008    56.2606
    22.375     82.375    28.2363    24.4431   -12.1148   -44.0207   0.729164   0.231196   -11.9995   -29.7046    38.3315
    22.375     82.625    24.4431    18.8459    -16.554    -58.867   -9.47353   -4.00635   -19.8006    -11.026    24.7773
    22.375     82.875    17.4267     10.791   -26.8169   -55.1624   -10.2186   -4.96132   -25.8365   -9.71642    26.2907
    22.375     83.125    41.8139    10.8292   -10.9941   -60.5783    5.73887  -0.219832   -26.8632    49.8474    3.34593
    22.375     83.375     16.437    14.1374   -35.1059    -66.244   -5.13257   -5.78078   -38.4964    41.5904    14.9965
    22.375     83.625    26.0499    11.5526   -16.4168   -43.6509   -13.7131   -7.86421   -36.6837     7.4234    19.5657
    22.375     83.875    14.3757    1.80294   -11.1096   -40.2584    5.24841    13.3928   -20.7872   -24.6217     23.051
    22.375     84.125    20.7832   -1.02364    24.5914   -29.3422    29.4197    1.20101   -23.1463    -14.657    37.5101
    22.375     84.375    22.1114     8.3067    30.0632   -23.5841    24.3449    6.40152   -22.7035   -34.1328    35.5955
    22.375     84.625    28.8854    14.4149     -0.588   -23.1646    17.3749    3.04653   -16.2684   -23.8079    33.7761
    22.375     84.875    24.5385    9.23781    14.9326   -33.2928    16.2664    9.73106   -10.4927   -18.5422    37.6929
    22.375     85.125    21.3286    14.0884    20.3099   -7.07107    30.8469    8.33003   -15.7766   -29.3484    22.7505
    22.375     85.375    25.2424    10.2539    6.33051   -12.6856    22.9676   -1.13586   -12.7877   -18.5579    36.7238
    22.375     85.625     15.998    16.2597   -12.8086   -11.0904    9.63403   -10.6805   -5.88649    -33.413    20.3576
    22.375     85.875    19.2841    20.9749   -21.2686   -36.5241   -14.4522   -16.6564   0.766447   -27.8197    24.5278
    22.375     86.125    28.2339    19.1922   -3.76162   -34.6377   -33.5713    -15.393   -3.96824    -13.229    24.8728
    22.375     86.375    28.3822    20.6287    1.50108   -24.0754    23.7465    11.7678   -4.77506   -11.0993    37.3481
    22.375     86.625    12.2582    17.9383   -1.69446   -25.8508    19.1675    6.28444   -12.3369   -9.04419    27.6827
    22.375     86.875    6.89481    4.60221    19.8287    3.09612    2.80306    10.4711   -6.60109   -7.40973    12.4246
    22.375     87.125    3.47032    6.77549    10.2529   -3.50675    5.29038    9.53376   -6.76838   -5.01411    13.3313
    22.375     87.375     14.827    11.7782   -11.9263   -8.73248    4.18857    8.73018     6.2607   -3.82763    27.6792
    22.375     87.625    7.05355    10.5386   -24.4612    3.96011    1.72863    10.3127    6.47265   -7.20914    16.3915
    22.375     87.875    15.8876    9.27577   -3.40439    -7.1778    -2.9802    2.28927   -0.64046    -8.4751   -2.26657
    22.375     88.125   -19.3821    4.54327   -27.2794   -30.5763   -4.76072    3.94928   -11.1573    -12.991    1.90288
    22.375     88.375   -8.52387    9.96513    3.58917   -6.82152   -8.04244   -1.53925   -4.93247   -14.3081    7.91814
    22.375     88.625  -0.569682    14.6231    13.0821   -3.73777   -9.22899   -3.69311   -3.93318   -13.6319    7.35164
    22.375     88.875   -5.98477    15.6218    8.34456  -0.787589   -6.89128    2.20057    1.95673   -13.2232    4.16567
    22.375     92.875    74.0705    87.0848    81.2951    74.5423    78.9684    70.1062    76.8111   -29.1391     73.946
    22.125     69.125   -15.8895   -34.0353   -54.2194   -25.3562   0.378546     15.059    18.3474   -10.5003   -6.27801
    22.125     69.375    13.7129   -24.1787   -42.2576   -30.2827    6.03045    14.3634    22.2445   -28.1398   -7.54339
    22.125     69.625    30.3146   -20.8935   -31.5837   -36.3007   0.332292    7.29843    26.5515   -40.0681    -10.438
    22.125     69.875    21.9648   -13.1298   -25.6625   -33.9001   0.668732    5.21589     12.794   -44.7726   -5.91105
    22.125     70.125    21.0468   -9.69239   -1.01129   -34.2774  0.0426958    2.37254    6.48469   -44.9433    23.0881
    22.125     70.375    9.35325   -14.2956    5.59082   -36.8999  -0.488869    2.32628    24.0957   -55.8222    30.5857
    22.125     70.625    8.84125   -12.5309     7.2194   -39.5601    -2.1226    1.85477      24.78   -54.0566    27.9414
    22.125     70.875    11.1817   -12.9357    3.18398    -40.271  0.0576431    1.21032    28.4465   -56.9201     5.0145
    22.125     71.125   -1.10429   -18.7161    6.25232   -35.1157    1.44635   0.920325    13.0559   -49.2555    9.92144
    22.125     71.375    25.4667   -12.7002    9.22095   -29.9682  -0.835211    2.20477    14.8183   -42.7683    34.0298
    22.125     71.625    22.0376    -19.112    55.2985   -13.0168   -1.45358    3.18675    9.07782   -40.0393    39.8411
    22.125     71.875    15.7737   -24.7231   -9.46313   -7.68272  -0.727628   0.765486  -0.543004   -40.4371    14.2911
    22.125     72.125    10.4286   -21.3012   -13.8526    -17.622   -2.07093    1.13479   -2.91397   -33.7274    37.6776
    22.125     72.625    10.6896   -19.1809   -31.1403    -29.599   -1.88863    2.61589   -8.13834   -30.8091    39.1495
    22.125     72.875   -0.10954   -22.6219    -12.839   -32.9327     1.4444    2.01048   -18.2121   -56.3409     34.123
    22.125     73.125    5.67434   -25.1696    2.05746   -31.0863    1.21114    1.85954   -14.6066   -60.4692    20.0551
    22.125     73.375    2.57867    -20.254    25.8761   -37.8518   -1.13832    1.54999   -9.18083   -63.9939   0.620547
    22.125     73.625    9.52025   -20.0206    5.70113   -40.2021   -2.68857    1.23145   -16.9577   -67.3207    -4.1332
    22.125     73.875    20.6169   -20.3588   -22.5896   -31.2735   -1.93826   0.533208    7.10061   -53.8186   -10.0091
    22.125     74.125    20.1539   -12.8154   -44.5069   -21.3549    -2.2696    3.19257    21.1579   -54.2668   -6.42179
    22.125     74.375   -12.8739   -23.1341    8.77394   -35.5663   -1.66496    13.8853    36.7125   -48.9246   -4.10856
    22.125     74.625   -6.15718   -35.6226   -5.93789   -35.7332   0.189832     1.2156    30.8143   -41.5266   -12.7077
    22.125     74.875   -6.06572   -18.7579     5.3285   -33.7315   -1.42204   0.128833    23.5998   -55.6229    2.75361
    22.125     75.125     -5.574   -18.4948    4.11006   -37.3821  -0.983058    0.67164       8.99   -55.1336   -3.97175
    22.125     75.375   -5.34934   -18.0949    37.5163   -40.3665  -0.992161    1.73403    15.9006   -43.6178     2.2389
    22.125     75.625  -0.287004   -13.3585    77.1872   -36.8188   -2.24396     2.6011    27.8525   -31.7652   -6.85526
    22.125     75.875  -0.134649   -7.53073    91.2892   -17.2231   -2.14898 -0.0460583    31.1532   -29.2983   -8.43334
    22.125     76.125   -7.38578   -9.08588    50.1148   -20.6005   -1.35439  -0.365965   -7.30668   -46.5035     1.1907
    22.125     76.375   -12.3346   -1.74263    47.4246   -25.1903   -1.59458  -0.262769    8.24689    -53.046    11.8314
    22.125     76.625   -15.8767   -9.27391    50.5122   -28.1894   -1.32375    1.27867    4.74763   -57.3202    1.60994
    22.125     76.875   -11.3475   -6.48377    13.1694   -31.2368   -1.07306    4.62495    4.40078   -52.2302    40.5016
    22.125     77.125   -9.55958   -5.92975    58.9437   -36.1207    -1.6389    4.08425    10.9926   -49.2206    58.8262
    22.125     77.375   -12.2012   -4.23619    58.6043   -42.9124   -1.01216    5.79548  -0.572957   -44.1055    56.8174
    22.125     77.625   -15.4387   -3.02237    44.8995   -38.9216   -1.67349    2.84634   -17.0773    -42.614     64.682
    22.125     77.875   -14.4453   -5.55926    23.9789   -41.8242   -2.66876    5.42877     -4.736   -44.7837    64.5108
    22.125     78.125     3.5438   -1.55242    30.4453   -48.1465  -0.480615    2.81282  -0.622204   -60.4949    40.1031
    22.125     78.375    7.13879   -4.01776    40.4106   -43.3231  -0.669547    7.80773   -0.53811   -57.7069    41.9316
    22.125     78.625    7.49711    14.1842    37.4224   -46.8378    5.84446   0.124539   -14.4253   -46.6949    28.7059
    22.125     78.875     25.826    9.46601     68.148   -45.2455    25.1088  -0.905936   -3.28671   -33.3061    23.0724
    22.125     79.125    9.86649   -5.83517    72.3562   -46.3023   -3.46928   -2.61488    2.96919    -45.554    32.9163
    22.125     79.375    13.0285   -2.79554    52.9142   -46.8032   -4.56696   -4.04221    13.5793   -47.5547    34.7769
    22.125     79.625    10.6102   -2.50112    27.8642   -46.9679   -4.46715   -1.55688   -10.0715   -65.1952    26.7114
    22.125     79.875   -2.79741   0.573283    1.07466   -42.1533    -1.0469  -0.876453   -7.50721   -60.8923    19.2465
    22.125     80.125    3.86495    4.28043    6.72208   -42.7884   -1.23854   -1.04827   -12.9591   -47.6887    31.4545
    22.125     80.375    1.43575     7.3986    9.16907   -40.9138   -2.32131   -2.03365   -10.4972   -21.2001    41.2168
    22.125     80.625    10.5189    10.6115    3.10824   -45.2299   -3.25814   -1.45303    1.84718    -14.089    36.2092
    22.125     80.875    11.6006    4.83014   -9.25517   -41.0308   -1.34095   -1.86347   -6.07374   -3.18093    17.8318
    22.125     81.125   -4.16944  -0.408879   -20.5767   -43.2626    -5.7486   -3.23683   -24.4551   -14.8549     25.192
    22.125     81.375    9.64347     11.251    -33.263   -52.1435    1.22613    2.28994   -21.8814   -28.3568    17.8883
    22.125     81.625    15.6999    9.42522   -9.54662   -52.7946    12.8633  0.0563403   -11.5364   -26.0186    27.2387
    22.125     81.875    22.9505    19.3072   -9.00319   -47.0861    9.11393  -0.385614   -13.1513   -33.5287     51.751
    22.125     82.125    38.0789    33.5839   -32.7634   -50.0916   -2.50002   -2.80141   -20.5737   -51.0066    31.0991
    22.125     82.375    39.3031    27.1572   -34.1158   -48.9229   -7.06819    3.65301   -25.4933   -37.3668    21.7351
    22.125     82.625    21.0893    7.03217    17.2284   -59.1332    13.8589   -2.19303   -19.0048   -33.3162    19.7045
    22.125     82.875    35.3327  -0.649408   -13.6707   -56.8783   -2.11843    2.92013   -28.0551   -21.9702    21.1701
    22.125     83.125     27.248     1.3151   -14.7649   -44.3826  -0.540168   -1.98399   -30.6295    38.8434    23.9353
    22.125     83.375    25.4369    6.18032    5.40466   -39.8393    2.66603   -5.45559   -24.0442    39.7786    34.2408
    22.125     83.625    17.9847    7.69024    -5.0075   -26.9631    23.4618    5.81599   -16.2454   -9.24223    31.4474
    22.125     83.875    10.7441     11.081    8.20479   -32.7181    15.4491    15.2489   -14.5525   -42.8821    28.3126
    22.125     84.125    11.2076    9.72685    21.2757   -21.9013    40.4444    20.9537   -29.8731   -36.0008    23.5311
    22.125     84.375    28.4007    15.0738    2.04713   -7.96121    43.6891    21.2356   -23.9698   -36.6975    23.6258
    22.125     84.625    31.4347    17.2303    1.16328   -7.53847    35.1857    16.8746   -21.1671   -35.2388    20.3552
    22.125     84.875    31.6402    17.2787     1.4612   -23.3384    29.6906    20.0213   -15.4306   -13.6446    19.6291
    22.125     85.125    21.1017    10.9676    19.7298   -15.5606  -0.229221    15.0925   0.613319   -16.7917    21.1725
    22.125     85.375    24.1465    14.1686    18.4259   -22.7787     2.9358    13.1292   -6.36068   -28.2939    13.5504
    22.125     85.625     20.648    19.0041     -25.64   -27.2088    7.85104   -2.79166   -15.4966   -25.6751    15.1475
    22.125     85.875    17.8442     16.726   -1.19348   -12.3834    2.45667    1.71759   -15.2854   -28.9232    10.0662
    22.125     86.125    33.8391     20.865    21.6554   -2.56273   -12.4426     10.148   -2.24203    -23.975    18.2738
    22.125     86.375    26.1888    19.2993    10.4704     5.7009    6.69986    14.1958  -0.924754   -12.0917    20.1865
    22.125     86.625    13.3296    20.1528    15.2549   -19.3267    4.10937    7.88273   -12.4029   -1.35097    24.2959
    22.125     86.875    5.35077    11.1885    25.9269   -9.15036   -2.44921    12.0915   -5.87133   -2.21232     17.366
    22.125     87.125    3.56951    4.85553    13.5203    -6.6485    4.04013    10.3131   -7.43999   -4.87141    13.2227
    22.125     87.375    15.5993    10.4717    -17.723  -0.307465    3.85338    14.6536    8.99792   -7.31747     20.649
    22.125     87.625    21.9245    7.86963   -17.3138   -6.78959    5.82711    10.0614    2.90969    -8.0849    22.0292
    22.125     87.875    17.8121    6.48502   -14.0403   -0.95276  -0.759732  -0.628497   -1.30169   -4.36293    16.6192
    22.125     88.125   0.468949    5.20197    3.55977   -1.72094    1.35943    1.28092   -3.52185   -6.14095   -7.69842
    22.125     88.375   -1.62238    14.5911    12.5639   -11.1563   -2.24554   -2.37056   -1.47558   -10.9752   -1.35264
    22.125     92.875    66.3505    76.7494    79.9085    64.9453    54.5408    23.1233    72.5863   -27.7055    52.3001
    21.875     69.375    6.96791   -24.2417   -45.9802   -32.7841   0.118761    11.4866    20.5229   -42.9874   -10.6057
    21.875     69.625    9.28875   -18.8387   -46.2714   -32.8606    -1.3344    7.29897    27.9414   -43.0871   -10.5882
    21.875     69.875    5.69248   -22.8977   -35.3277    -40.459    -2.0377    4.62558    16.1302   -53.5104    -12.958
    21.875     70.125    16.8478   -11.0081   -2.09932   -34.9985  -0.111083    3.92131    26.4496   -50.3405    12.3849
    21.875     70.375    9.03883   -11.1464    33.5308   -36.3649   -1.09281    3.21368    44.4099   -56.8994    41.1876
    21.875     70.625    5.13598   -7.73079    37.3089   -39.8782   -1.12323    2.56714    27.9521   -57.2015     29.836
    21.875     70.875    1.94687   -21.9611   -1.65456   -38.4116   0.487961     1.1188    13.2278   -50.7088    24.3963
    21.875     71.125    10.0747   -22.6997   -17.8784   -41.1454  -0.173838   0.413707     3.7592   -55.9409    38.0059
    21.875     71.375    23.3569   -11.0182    1.25721   -36.8406   -1.62781    4.31794    6.72365   -43.8533    42.8737
    21.875     71.625    15.0342   -15.7664    36.4568   -41.4674   -2.01253    3.87974  -0.763135   -50.2099    36.3481
    21.875     71.875      17.85   -22.5325    28.3638   -31.8177   -1.74039    6.58551   -6.61299   -52.2449    36.1532
    21.875     72.125    11.2002   -13.8271   -7.18416   -28.1612   -2.97654    11.1791  -0.227435   -4.14272    59.6882
    21.875     72.625   -9.73488   -24.2789   -43.9708   -32.9474   -2.07531    1.90778   -19.4924    3.21473    30.2259
    21.875     72.875    5.20857   -26.9567    2.72926   -41.8275   -1.47522    2.40226   -6.76163   -33.0704    20.0581
    21.875     73.125    6.01137   -27.9678   -8.68657    -42.891   -2.66465     0.6246    14.1736   -47.9992    14.0853
    21.875     73.375    27.7731   -25.4392    8.55902   -47.2905   -2.51865   0.409836  -0.526133   -56.6903    10.4037
    21.875     73.625    15.1869     -19.12   -26.6024   -46.2334   -1.68816   0.291126     8.9449   -73.9548    13.4015
    21.875     73.875    14.2396   -17.7117   -42.4498    -43.285   0.143392    7.66916    21.7486   -70.2127    16.9968
    21.875     74.125   -14.9314   -27.0442   -39.0538   -41.0279  -0.106408    17.2349   -8.06256   -50.7103    3.12566
    21.875     74.375   -18.0575    -22.191   -2.61498    -34.676   -1.11072     13.918    14.2467   -44.3226    -17.509
    21.875     74.625   0.108607   -17.8535    51.1985   -24.5105  -0.164119    4.99467    34.0234   -48.7554   -2.90331
    21.875     74.875   -6.19785   -19.8285    75.3848   -30.9702    1.10686     2.3607    7.54665   -47.2321   -3.87071
    21.875     75.125     2.8865   -14.7882    2.68095   -28.5807  -0.429513   0.418108     7.7961   -45.6106   -10.4162
    21.875     75.375   -10.5623   -22.4837    11.7238   -37.8026   -1.65155  -0.567279    9.49918   -43.9901   -4.62439
    21.875     75.625   -16.7431   -13.4563    39.5457   -35.6528   -2.65716  -0.298435    3.78135   -34.9065   -11.2042
    21.875     75.875    2.82912    -10.538    53.3569   -39.1209   -2.69046  -0.462718    30.7311   -42.9393    -13.496
    21.875     76.125    8.31632   -13.7192    49.6989   -36.8568   -2.76314  -0.806272    27.3796   -51.7399   -11.4102
    21.875     76.375   -4.22621   -6.83399    42.5583     -36.63   -1.25513  0.0293569      16.15   -59.2241    9.75051
    21.875     76.625   -10.8182   -7.45621     42.338   -32.3601   -1.42387   0.363782    15.7558   -65.4556  -0.579514
    21.875     76.875   -6.10506   -4.12359    48.3106   -36.0689   -1.29712   0.807251   -1.94496   -63.3734    25.7454
    21.875     77.125   -11.6285   -8.35569    38.7201   -43.1294   -2.67769    2.08499      -2.51   -44.2156    55.4136
    21.875     77.375    -4.0524    -4.5706    61.6207    -28.289   -2.12667    10.4347     2.3125   -34.6004    28.2525
    21.875     77.625   -23.9065   -3.56835    45.0584     -47.05     -3.627    4.20297    -6.0129   -49.1443    55.6411
    21.875     77.875   -21.4681   -1.41913    41.9432   -48.9989   -3.27008    7.43712   -1.42124   -56.8137    37.3591
    21.875     78.125    4.67459   -3.70418    53.1949   -54.2744     -2.969    3.36245   -13.3542   -64.1913    41.5936
    21.875     78.375    7.43602   -7.15475    51.2559   -55.1362      -2.03   0.397979   -10.6559   -65.4509    21.9187
    21.875     78.625    2.66994    5.16682    23.7932     -42.35   -2.60903  -0.868186    19.0046   -59.7372    28.3166
    21.875     78.875    13.7156   -5.66736    24.3429   -50.7669   -2.98751   -1.38188    7.36781   -50.4458     26.783
    21.875     79.125    11.6052   -5.46356    32.8885   -42.1354   -1.92118   -2.08954    3.92473   -44.9173    19.5491
    21.875     79.375   -2.82165    -5.7236    14.0199   -32.1416   -1.69933   -3.64072    5.67985   -40.8161     16.025
    21.875     79.625    2.65039    2.69517   -1.79442   -39.7581    2.49419   -1.35238    -17.829   -41.7018    29.2091
    21.875     79.875  -0.780464    1.30918  -0.433285    -47.775    2.20964   -1.63895   -19.1482   -48.5906    9.38537
    21.875     80.125   0.953617    10.5045   0.107582   -48.0547  -0.161903  -0.565057   -27.9752   -37.0452    11.4274
    21.875     80.375    4.67579    7.36896   -3.92539   -30.1084   0.411789    -1.0686   -1.32371   -13.4793    21.7275
    21.875     80.625    17.0815    7.71619   -10.1219   -41.6453   -1.63395   -1.58484   -2.86827   -9.50661    32.4512
    21.875     80.875    18.4956    7.39882    16.0264   -27.8443   -4.44743   -1.70071    4.47843    10.6406    9.00761
    21.875     81.125  -0.996331    16.2289   -1.76796   -40.1899   -7.97413   -5.91991   -6.65443   -26.8241    11.8606
    21.875     81.375    2.20568    19.6171    40.9635   -23.1158   -3.62907   -2.98486   -10.2677   -25.1588    8.92053
    21.875     81.625    1.68305    6.73489   -18.2583   -53.2008    1.47422  -0.994422   -32.6356   -19.9042    19.6948
    21.875     81.875    2.40835    12.1791   -40.0751   -56.6446    4.77472  -0.460918   -45.8556   -49.7155    19.0339
    21.875     82.125    38.4257    29.9248    -5.6003   -42.7631   0.360306   -1.21423   -21.6448   -47.5805    23.2385
    21.875     82.375    26.9706    23.0798   -15.7824   -45.3495   -2.34306   -2.26347   -10.5758   -45.9876   0.439194
    21.875     82.625    8.22196    9.83701    38.3283   -49.1345    -1.3101  -0.525136   -14.9797   -13.4893    18.6794
    21.875     82.875     23.571   -7.46317    8.09417   -49.2809    2.03759   0.390471   -21.2131   -18.6594    34.2345
    21.875     83.125    7.10364    -3.8512   -4.04747   -48.0255  -0.623503   -1.92448   -26.6735   -8.56155    55.7268
    21.875     83.375    9.72459    11.0504    5.60585   -47.3387    12.8908   -2.46142   -31.2955    23.5591    26.6985
    21.875     83.625    17.2695    9.54601    5.24528   -28.8509    4.52046    1.14468   -12.5944    42.4285    28.3788
    21.875     83.875    2.34175    9.17525    1.65053   -22.4009     33.064    1.08795    2.98545   -17.7007    31.0122
    21.875     84.125   -1.03331    11.9998    29.5853   -26.7667    34.7541    21.3438   -13.1332   -19.1125     50.507
    21.875     84.375    18.1342    14.6205    31.3426   -15.8067    22.5431    4.11649   -18.1493   -30.8271     45.265
    21.875     84.625    10.8358    10.9076   -9.93008   -16.5569    21.0816     5.0041   -15.7757   -11.0671    19.9579
    21.875     84.875    24.5817    12.6845   -2.87463   -11.2338    19.1732   -2.46543   -11.1788   -6.16102    19.6883
    21.875     85.125    19.1703    11.9186    6.83677   -17.1171   -4.59206    13.1868   -7.17003   -21.0111    5.98666
    21.875     85.375    27.0351    15.4488    22.1299   -19.9183   -4.52524    18.9409     1.4728   -11.2201 0.00806667
    21.875     85.625    19.1579    16.6219    1.22945   -6.06973     10.728    15.7807   -2.94605   -5.37987    7.29504
    21.875     85.875     24.667    19.2843    14.8606    1.82641   -5.62159    11.5009    2.02269  -0.450489 -0.00124444
    21.875     86.125    29.5633     27.394    19.0041    4.70955   -8.13252    13.8299    3.55277    -24.084    16.7628
    21.875     86.375    21.9211    24.9233    20.3261   -3.02615  -0.776982    24.6476    3.92302   -11.5739    14.4391
    21.875     86.625    29.5986    14.9265    7.14771   -13.4322   -18.3003   -3.57359  -0.887267   -15.0776    13.8183
    21.875     86.875    25.0838    1.40073    35.3487   -17.7678   -1.34718    4.84252   -3.17137   -10.2526    17.2053
    21.875     87.125    22.7998   -1.20211    22.3533    3.20254   0.558446    14.9038    3.76377    -16.838     14.756
    21.875     87.375    30.9295    4.33517   -13.7081   -27.1337   -10.5067    8.88419   -4.76116   -9.86664     8.0871
    21.875     87.625    23.3848  -0.205206   -13.1175    -21.653   -3.81925    12.5387    -6.8605    -10.775    16.1519
    21.875     87.875    13.2055   -2.19523   -6.25943   -11.4085    3.35826    7.11193   -1.91944   -1.34056  -0.731746
    21.875     88.375    3.10921    2.42152    9.40192   -1.94663    4.17825   -0.89419   -1.34999   -12.6553    4.02526
    21.875     88.625    -3.0489    4.77417    12.2447   -1.21121  -0.351882   -2.16295  0.0910972   -12.7312    3.98744
    21.875     88.875   -3.42875    4.79499    10.6261   -1.24185  -0.979568   -2.95867  -0.574246   -12.6811    4.02534
    21.625     69.875  -0.417462   -28.0575   -31.2372   -42.7224   -1.77688      3.294    16.0321   -46.3579   -9.92905
    21.625     70.125    8.67343   -10.9749   -21.1672   -33.7309  -0.648681    4.12552     19.678   -45.5883   -2.00521
    21.625     70.375    7.76706   -4.90362    2.89421   -36.0087   -2.16513    3.09133    31.9178   -47.8941    5.85823
    21.625     70.625     12.977   -2.17631    32.4781   -38.2968  -0.701331     4.2007     34.728   -49.8765     30.315
    21.625     70.875    6.75184   -12.2246    28.2105    -37.585  -0.412508    2.53749    12.9349   -47.3897    36.6747
    21.625     71.125    6.96309   -10.6053   -7.23775   -45.9877   -1.02907    2.74429   -1.55071   -53.2655    36.5698
    21.625     71.375    9.01269   -8.33982    17.8813   -41.4116   -2.39256    2.54938    28.4003   -52.3329    35.1475
    21.625     71.625    15.1318   -12.3344    33.8333   -43.6225   -1.77498     3.9861    10.8258   -53.3765    29.6782
    21.625     71.875     7.5631   -17.8449    40.7996   -40.9632   -1.81149    19.0797     9.7242   -46.5842    47.3629
    21.625     72.125    10.2515   -18.2605    19.2675   -35.1215  -0.831185    21.4284    7.72887   -36.3653    42.1669
    21.625     72.875     2.4019   -24.8579    6.69307   -37.4384   -2.51471    1.43795     6.9373   -52.8206    15.0606
    21.625     73.125    14.9829   -25.1143    14.6789   -46.6346   -3.22752    1.33617    8.13949   -59.5936    23.5251
    21.625     73.375    5.99073   -27.2729   -19.2893   -53.7601   -2.84205   0.596299   -9.36107   -61.0382    31.0238
    21.625     73.625    14.4766   -23.2739   -8.45311   -46.3716  -0.423667   0.459774   -3.52172    -56.369    54.5873
    21.625     73.875    18.0714   -16.6325   -4.99512    -47.776   -1.92224    1.71158    15.0523   -47.9307    37.2415
    21.625     74.125    15.1336   -22.0038   -25.8626   -47.1688   -3.26253    3.91918    15.1705   -41.6101   -6.40896
    21.625     74.375  0.0732458   -24.1353   -10.3099   -40.0241   -3.12853     4.4104    18.1861   -38.4049   -13.8001
    21.625     74.625    6.83923    -23.471    21.3821   -36.3156    1.78424    3.86176    16.5006   -44.3727     7.7057
    21.625     74.875   -1.96623   -15.3557    48.5756   -33.7345    1.44379    3.18633    31.0832   -32.6641    21.7704
    21.625     75.125   -10.3165   -14.2434       15.4   -36.2265    -1.0514   0.448239    23.1017   -40.2423   -2.69993
    21.625     75.375   -10.0537   -16.3299    49.1047   -29.1004   -1.62232  -0.622189    9.14099   -29.3516   -9.15964
    21.625     75.625   -8.02338   -10.5574    74.6896   -38.5036   -2.65095  -0.359192   -2.11958   -30.4411   -9.88715
    21.625     75.875   -3.02646   -10.5059    55.1766   -38.8875   -2.96457  -0.008875 -0.0500625    -36.396   -16.8267
    21.625     76.125    17.6062   -11.3367    57.9611   -36.2058   -3.32953    2.09986    38.9061   -53.7919    4.87412
    21.625     76.375    2.86363   -11.5188    48.4908   -41.7743   -1.81163 -0.0546361    21.7139   -50.7039    8.37711
    21.625     76.625   -18.1668   -8.56007    33.8119   -42.4115  -0.562296 -0.00117222    19.0737   -57.5248    4.00234
    21.625     76.875   -14.8464   -2.02921    34.5336   -49.1424  -0.785649  -0.495049    6.61097   -55.2047    53.1414
    21.625     77.125   -19.3723   -6.55975    9.71657   -47.0133    -2.2801    1.20579    3.18087   -52.8995    55.3718
    21.625     77.375   -11.8725   -9.13733    29.7484   -40.7925   -2.71983    4.10422   -7.37535   -27.3663    42.2963
    21.625     77.625     -24.93   -1.01071    24.1058   -50.5072   -5.04647    3.70725   -5.68566   -52.0123    32.6666
    21.625     77.875    1.91012   -3.79397    73.8404    -48.329   -3.77681    6.72727    20.2334   -50.7698     3.3532
    21.625     78.125   -2.98051   -10.5269    81.3493   -46.0903   -3.20133    4.76636    21.0536   -62.6324    4.62609
    21.625     78.375   -14.9384   -9.32311    57.9072   -36.1279   -2.35744   -1.59888    17.1618   -71.0799    9.96289
    21.625     78.625   -11.9501   -10.4413    29.4465   -43.6258    -2.3662  -0.643899    5.87017   -62.8993    32.5217
    21.625     78.875    5.86079    -9.3025    12.3989   -51.6649   -3.13894 -0.0711056   -1.88831   -68.6197    29.9831
    21.625     79.125    4.39019   -8.64477    4.69809   -37.8877   -2.69616  -0.695651   -5.43601   -40.6491    24.6783
    21.625     79.375    0.68456   -1.03012    8.10324   -33.0953   -1.98265   -2.67696    1.06526    -44.815    18.7447
    21.625     79.625    3.09617    4.21402    5.63495   -45.5106   0.291407   -1.64355   -17.1325   -45.3113    17.9819
    21.625     79.875    10.9484     8.8694    26.1299   -47.0249   -3.02008   -1.89266    -19.416   -53.6658    31.4585
    21.625     80.125    13.2391    15.9694    19.5196   -46.3972   -2.40225   -2.15781   -11.4771    -44.914  -0.726151
    21.625     80.375    19.6987     16.853    4.06731   -44.5171   -2.05558    -1.1531   -12.9283   -38.9789    14.4057
    21.625     80.625     3.7346    8.21324   -3.57677   -36.2901   0.183624  -0.302917    -1.5147   -10.0169    31.2899
    21.625     80.875    10.5604     1.1523   -7.90615   -46.4085   -3.09945    -1.0876   -11.4204   -1.80893    6.00592
    21.625     81.125    16.8681    13.3856    -13.344    -54.062   -9.23649   -10.1261   -13.9306   -2.95892    26.9195
    21.625     81.375 -0.0229347    24.4071     -8.829   -39.5926   -3.89004    -2.2429   -24.9508   -15.9133    20.0428
    21.625     81.625  -0.237871    23.1903   -21.3211   -45.0002    17.6974   -1.39363   -37.2953   -16.7668    12.5863
    21.625     81.875    15.0608     23.178    3.02546   -45.9406    17.5064  -0.868485   -41.5702   -57.6962    11.2551
    21.625     82.125    34.2326    24.6968    2.44011   -43.7582    12.8668   -1.30668   -20.5695   -42.5803    6.75495
    21.625     82.375    14.0259    13.9894   -1.45628   -40.1912   -3.40469   -2.72708   -39.5298    -39.573    22.6337
    21.625     82.625    10.3174   -2.16363   -16.5797   -51.5004   -5.52095   -4.04218   -19.7214    -23.046      24.58
    21.625     82.875    13.0057   -5.91238    -5.4984   -58.0651     3.6457   -3.31711   -33.6803   -23.0796    32.0729
    21.625     83.125    13.3344   -2.26526   -3.64542   -21.1685    12.2404   -2.20755   -19.3231   -31.5783    43.0724
    21.625     83.375   -11.9785    1.40589   -27.4288   -41.3156    25.9875   -6.48303   -22.4981    -25.909    36.3617
    21.625     83.625    5.63582    4.48124   -7.04525   -19.4962    9.25645    -1.7544   -7.68488   -1.48635     32.984
    21.625     83.875    5.48582   0.986956   -11.7448   -27.0779     23.386    1.35318   -9.17578 -0.0974986    42.7923
    21.625     84.125    18.6135    10.3663    14.9868   -35.2191    21.0725   -2.34785   -4.32284   -15.4913    62.6689
    21.625     84.375    11.1619    10.1552    15.5589   -12.1183    15.4387   -9.37104   -14.0565   -27.6387    57.6167
    21.625     84.625    9.21945     10.665   -17.5819   -22.0939    20.0319   -9.79952   -16.6649   -19.2997    25.4597
    21.625     84.875    19.6575    12.3646   -8.29759   -4.58281    22.8102    5.74686   -17.5267   -3.79035    24.0126
    21.625     85.125    19.3735    8.72226     4.8857   -1.54859    9.96101    7.90733   -11.4155    -11.991    15.6699
    21.625     85.375    25.0748    12.5833   -2.26605   -9.23257    12.8911    15.6511   -7.33437   -21.4401    10.3374
    21.625     85.625    11.7445    18.0153    4.54194   -8.66556     3.2801    16.7571   -10.2836   -15.3461    5.20682
    21.625     85.875    26.1352    13.9677     9.6602   -12.6659   -8.63085    9.85072   -1.11434   0.104032    2.77137
    21.625     86.125    33.1462    29.3133    2.37108      1.984   -3.66578    3.81441    7.93584   -14.0196    30.3311
    21.625     86.375    28.8822    28.4055    8.44595    3.76522    3.99661    14.4351    9.85907   -13.1615     21.754
    21.625     86.625    31.0297    16.7773    16.0263   -3.36296   -27.1934   -9.64377   -5.23175   -26.0463    19.0912
    21.625     86.875    21.4801   0.621874    13.5372    -19.623   -9.09764    7.97906    3.69604   -5.34245    18.8347
    21.625     87.125    17.9975   -2.10322    19.0018    5.55211   -4.05695    10.6796     6.7919   -5.83396    15.4259
    21.625     87.375    11.5058   -6.98216   -5.12451    -23.459   -6.19371    3.50093   0.315213   -7.90343    5.84707
    21.375     70.125   -4.41134   -33.2165   -12.0118   -48.2473   -1.94534    3.68572    26.6163   -31.3127   -3.07004
    21.375     70.375    2.99588   -30.6316   -14.8842   -50.5945   -2.43449   0.796915    22.7394   -46.1641    18.0604
    21.375     70.625   -1.50729   -24.1532    25.4903   -45.1648  -0.656722    2.55619     24.559   -49.8019    35.0929
    21.375     70.875    2.85102   -18.0682    12.4115   -44.4267   -3.54574    2.27461    17.0368   -44.5123    33.0088
    21.375     71.125   -1.85887   -16.5152   -3.54895   -42.0508   -1.75315    1.70662    1.00903   -44.6244    33.3385
    21.375     71.375    5.74002   -16.1595     33.628     -42.44  -0.852268    1.56802    15.1352   -49.9238    26.2674
    21.375     71.625  -0.754424   -16.5274    44.0993   -44.3278   -1.15861    2.75978   -2.98632   -34.2515    30.8302
    21.375     71.875    16.2047    -24.296    25.6914   -46.9822    2.09149    11.3384   -2.90957   -38.4881    53.4735
    21.375     72.875   -9.09432   -33.6766    21.7323   -53.4775    -2.8439   0.723715    5.49558   -64.0946    25.5746
    21.375     73.125   -5.15133   -32.4246    17.5721   -36.7402   -3.79631    2.30442   -9.85103   -65.2334    26.0863
    21.375     73.375   -3.75882   -32.9479    34.3901   -36.2472   -2.08399   0.269193   -12.5565   -59.3619     7.1869
    21.375     73.625   -7.41525    -22.962     52.696   -49.2373   -1.50191   0.633783   -8.97975    -63.741    17.5448
    21.375     73.875     19.279   -19.0707   -24.5247   -47.0989   -2.32962  -0.471164   -6.68936   -39.8873    -13.825
    21.375     74.125    21.1258   -18.9006   -41.6085   -44.8187   -2.11164    1.16285    6.97768   -46.9704   -13.5534
    21.375     74.375    20.7358   -26.1771   -21.2281   -44.5523   -1.00357    2.88288    17.4907   -60.8922   -12.0748
    21.375     74.625    26.5357     -24.83    44.8811   -39.7254   -2.32915    12.4332    20.7636   -46.9576   -13.5666
    21.375     74.875    2.31476   -17.4681    44.7367   -31.5931   -3.10659    1.45761    12.4132   -40.2703    16.1143
    21.375     75.125    1.51404   -21.6988    37.9926   -39.7926   -2.45404  -0.430921    13.2953   -42.1948   -7.42165
    21.375     75.375   -12.4367   -20.4119    35.5664   -39.7083   -1.97673    4.91929    7.78479   -36.0617   -1.86567
    21.375     75.625    -2.6593   -14.8068    22.4097   -39.8561   -1.48187  -0.649504    17.4819   -33.3612    -10.358
    21.375     75.875     1.6347   -14.3232    58.4389   -44.0526   -2.77448  -0.271182    14.4041   -39.4876   0.226028
    21.375     76.125   0.897414   -10.5481    44.4967   -33.3901   -1.76002   0.508985    20.5608    -45.639   -1.53204
    21.375     76.375   -3.12424   -7.51222    46.5061   -40.3858  -0.390137    2.67471    20.3323   -44.9403    6.74939
    21.375     76.625     1.7227   -1.18311     24.131   -37.9677   0.833542   0.916064     21.845   -44.4815    22.0498
    21.375     76.875   -11.8229    1.95963    12.8702   -49.2802   0.194431   0.350011    9.13315   -48.4412    35.9711
    21.375     77.125   -10.7541   -4.58798   -11.9397   -47.3737 -0.0746333    1.87045    9.83204    -37.807    49.6104
    21.375     77.375   -10.0336   -3.79003    12.8773   -44.2538    -1.2913    4.68294  -0.531028   -39.0783    46.8166
    21.375     77.625   -15.0776    -5.7426    36.2285   -42.9449   -2.82257    6.03668    1.74863   -60.0798    37.5345
    21.375     77.875   -3.03306   -11.2407    42.5655    -44.079    -3.0731    4.31775    15.8622   -60.2005    29.2381
    21.375     78.125    11.6033   -10.2586    31.4526   -39.2036   -1.85479  -0.547342    15.9171   -60.3031    15.2798
    21.375     78.375    -8.2295   -5.38749    49.2176   -38.2481   -3.36713   -2.33242    21.9071   -64.5864    21.2954
    21.375     78.625   0.366138  -0.608656    47.0891   -31.1166   -2.08038   -1.84004    15.9648   -63.9095    15.7386
    21.375     78.875   -2.79981   -2.03486    42.3554   -38.0189   -1.10433   -1.78408    6.30799    -63.801    14.2604
    21.375     79.125    14.4686  -0.702056    41.4031   -41.3225   -3.07158   -1.21123     6.0002   -55.6627    7.58653
    21.375     79.375    28.5225    9.81948    26.7791   -35.7376   -1.95887   -1.63299    2.47103    -33.479    20.8103
    21.375     79.625    17.3097    6.24066    10.9292    -38.907   -1.80897    -1.4414    -11.072   -40.1026    31.8278
    21.375     79.875    4.59581    6.88032    21.2366   -41.2395    -3.2274   -1.73244   -7.82779   -40.0519    38.1225
    21.375     80.125    18.5354    16.1573    31.7215   -43.0459   -1.31181   -1.54241    2.46913   -37.3567   0.173579
    21.375     80.375    12.2907    23.5017    47.1323   -49.0048  -0.287739   -1.39082   -10.6146   -47.0488   -2.02753
    21.375     80.625    8.92496    14.1737    2.41575   -35.3534   -2.90472  -0.607518  -0.727839    2.00968    12.0506
    21.375     80.875    7.54747     3.7466   -4.12803   -45.5906   -4.41527  -0.631732   -18.4482   -12.0806     5.7848
    21.375     81.125    14.6662    8.12667    -14.436   -45.2646   -4.06385   -2.76343   -39.2519    -12.006    18.1398
    21.375     81.375    11.6742     23.274   -29.8235   -42.0633    1.94882   -2.50099   -26.3114   -37.4978    12.0297
    21.375     81.625    27.8195    35.4829   -3.02687   -43.3175     7.4125   -1.83857   -27.4782   -46.6136    4.52295
    21.375     81.875    22.3918    26.7533   -4.02444   -39.3292     18.981   -1.25787   -34.0619   -49.0578    2.20349
    21.375     82.125    28.1348    24.7344    6.08605    -39.556    20.2614   0.723938   -12.3829   -26.4396    2.59186
    21.375     82.375     -1.917    7.91704   -4.68987   -37.2936   -2.45683   -1.61863   -26.5026   -24.3819    11.0773
    21.375     82.625    10.0686    7.30928   -2.25142   -47.1302    3.71341   -5.43923   -9.42329   -18.9279    21.1621
    21.375     82.875    8.60324   0.274407   -2.43378   -55.3253    6.00524   -6.10355   -23.4842   -20.4549    25.9223
    21.375     83.125    11.7196 -0.0411208   -4.17877   -22.6034   -1.30365    1.85768   -26.7308   -22.5763    21.9249
    21.375     83.375    3.98924    5.45697   -9.31378   -32.6531     42.482   -3.28742   -31.9249   -12.7943    34.5128
    21.375     83.625    3.11144    6.42953   -3.16767   -28.0495    28.4639   -4.43208    -24.706   -9.20491    28.9568
    21.375     83.875      1.725    2.62435     3.6081   -22.2732    20.6316   -5.37914   -15.2299   -17.8934     35.642
    21.375     84.125    10.9843     7.6516   -2.55654   -34.0303    27.8205   -8.41903   -12.5825   -38.3159    27.0086
    21.375     84.375    14.1065     7.3796   -2.92434   -40.5844    53.6925   -13.2919   -17.4199   -22.8695    29.6883
    21.375     84.625    9.86525    16.4795   -10.3939    -33.295    23.3684   -10.7789   -26.1165   -14.5123    19.8095
    21.375     84.875     18.097    6.92927   -27.4887   -35.3357    3.28272    -10.347   -25.2589   -10.3032   -3.01575
    21.375     85.125    11.3947  -0.378815   -3.93244  -0.308117     6.1914   -3.73078   -26.0764   -15.2166  -0.198582
    21.375     85.375    20.9205  -0.153574    9.59373   -9.62753    4.79841    11.7676   -14.1336   -38.3867    10.3297
    21.375     85.625    8.65599    18.3888   -10.0082   -22.8449    40.0644    6.10053   -27.1816   -15.7644    12.6036
    21.375     85.875    21.7852    14.0722     3.8759   -7.39893    32.2611     4.6897    -15.123   -22.2861    9.44506
    21.375     86.125    32.2286    10.8709    9.39405   -8.60942   -6.20506    17.6423   -10.8519   -17.8417    4.91363
    21.375     86.375    19.7952    18.0759    -10.045    14.2733   -15.3346     2.1287   -1.84616   -23.4874    4.12189
    21.375     86.625    20.8762    16.1713     7.3238    5.26923   -16.0472  -0.418424   -4.45721   -14.2282    9.03873
    21.375     86.875    17.8017    4.44951     6.9547   -5.81961    -11.071   -1.50742    2.50669   -9.90075    7.13397
    21.125     70.375    2.31646    -34.931    1.14902   -53.6865   -2.05539    3.53498    18.4076   -43.8837    36.7105
    21.125     70.625   -10.2296   -27.9708   -3.90969   -50.0094  -0.334411    2.57846    18.2375   -45.9403    34.2475
    21.125     70.875   -7.89553   -26.2498   -13.3108    -42.112   0.294243   0.679574    7.29887   -56.0906    47.0392
    21.125     71.125   -1.52956   -20.9905    29.3119   -44.8924   -2.56236    3.22688    12.0272   -38.4931    32.3984
    21.125     71.375   -9.83563   -24.0329    21.3409   -49.9006    3.39947    8.97547    1.34437   -30.2037    59.6306
    21.125     71.625    3.47507   -25.5002    28.6145   -49.8478    3.49242    8.93374   -2.40213   -30.5481    59.4484
    21.125     71.875    16.3139   -28.4215    19.8435   -46.5512    3.17913    8.85065   -5.18637   -40.8322     49.733
    21.125     72.875    5.33998    -28.592    16.7429   -55.7233   -2.20489    1.61417   -13.3027   -46.9494    38.1541
    21.125     73.125   -10.4251   -29.6281    1.79375   -47.5295   -1.38157   -0.56999   -8.99464   -38.1693   -8.88034
    21.125     73.375  -0.400006   -25.5288    45.9215   -56.0993    12.4885    2.04302   -7.47081    -35.699   -7.27253
    21.125     73.625    4.07961   -24.5512   -15.3168   -50.4472  -0.221406  -0.125367   -10.0258   -39.4804 -0.0255861
    21.125     73.875    35.8524   -15.0255   -25.3411    -40.943   -1.43196   0.740817    10.1482   -29.8555  -0.539464
    21.125     74.125    17.2563   -12.2392   -12.7037   -41.9178   -1.64839    5.81933    19.8924   -26.0902    2.63271
    21.125     74.375    19.4025   -18.4521    42.9418   -44.0483  -0.807075    16.1825    4.63588   -46.8194   -4.22022
    21.125     74.625    19.3608   -21.1623     38.895   -41.0927   -2.43037     16.059    11.0548   -44.7345   -2.25485
    21.125     74.875    15.1933   -19.2779    45.9629   -43.2476   -2.57908    8.68792    11.8626    -39.589   -10.1105
    21.125     75.125    7.41073   -15.7182   -9.78907   -35.1113   -1.41109    13.9816    3.88313   -35.3778   -10.3738
    21.125     75.375   -20.0924   -19.6673    23.6333   -37.0375   0.281471    3.62834   -9.11134   -47.8818   -1.22751
    21.125     75.625    -6.7706   -20.4777     3.3421    -43.531   -2.15452    12.7495    13.7959   -43.9664   -12.4945
    21.125     75.875   -1.37426   -20.5664    29.7306   -42.3758   -2.71112    1.29414     27.904   -42.5905   -9.91834
    21.125     76.125    14.9273   -18.1496    38.6272   -34.1098   -1.47939     8.3043    30.1727   -47.4775  -0.719496
    21.125     76.375   -12.1197   -12.3807     23.956   -38.6087    -1.3502     3.3114    8.23055   -35.5056    5.13596
    21.125     76.625    3.02479    -6.7723    32.3886   -42.0321   0.115771   0.825132    17.0174   -38.9148   -6.63407
    21.125     76.875   -6.68665   -8.36123    22.5506   -45.8129   0.401403   0.335585    25.1409   -48.2969    14.9237
    21.125     77.125   -10.8301   -14.8333    3.57751   -46.2776  -0.540006  -0.869004    9.73987   -59.0552    53.4142
    21.125     77.375   -1.63208   -8.34806    59.6595   -40.5237   -1.09906   -1.81781    13.7442   -55.3404    26.7436
    21.125     77.625   -1.21068   -4.74549    45.8524   -41.1407   -2.92914   -2.04995    9.77532      -56.5    44.2719
    21.125     77.875   0.590761   -3.92494    24.5316   -47.4877   -3.99647   -2.55002    1.59936   -59.4368    28.8277
    21.125     78.125    11.3212   -1.63427    65.8541   -43.0832   -2.79161   -1.56566    6.25734   -62.4547    20.0558
    21.125     78.375    9.90969    4.64334    60.2055   -35.5547   -1.56521   -2.25178   -5.50611   -58.5877    29.9685
    21.125     78.625  -0.826364     5.0707    2.03669   -25.6178   -1.89614  -0.143356    6.68464   -46.1839     20.093
    21.125     78.875    3.36194   -2.54313    26.6494   -38.8714   -1.18346   -1.54218   -0.81766    -62.235   -1.12952
    21.125     79.125     14.913    1.41731    31.8191   -44.1297   -3.27373   -3.60326    6.49637   -51.2909    16.3824
    21.125     79.375    45.4433    13.2509    22.4194   -33.5807   -2.08027   -2.76111    1.32797   -39.4444    23.0659
    21.125     79.625     46.384    12.4979    41.9234   -32.3085   -2.38613  -0.704075   -5.91706   -32.2494    23.8751
    21.125     79.875    13.2186    4.67015  -0.750611   -43.1909    12.7559   -2.06751    -12.193   -39.4931    20.6863
    21.125     80.125    3.74213    6.61043   -17.7988   -52.6016     18.082   -1.56516   -16.3595   -45.4361   0.173972
    21.125     80.375   -2.02494    10.2913   -14.1526   -43.3955    0.56231   -1.67382   -13.1288   -13.8369    1.90331
    21.125     80.625   -5.13455    15.2859   -4.54815   -47.5795   -3.78338   -1.32338    0.73815   -13.9671    7.27293
    21.125     80.875    1.57312     22.158   -11.3456   -42.5996    2.19879   -1.56796    6.47582   -8.41562    6.23146
    21.125     81.125    15.2041    28.3683   -29.7549   -46.1359    1.22626   -2.93053   -6.69025   -29.9227    4.30876
    21.125     81.375    4.09913    29.9901   -24.9414   -27.7222     14.848   -3.90337   -12.5413   -30.4349    5.36376
    21.125     81.625    14.1117     26.373   -24.2126   -40.6832    6.21533   -2.38261   -7.25769   -34.2572   -7.09815
    21.125     81.875    11.8695    16.4879   -16.7392   -44.1868    3.98553    1.55286   -16.1347    -48.684   -2.27583
    21.125     82.125    5.21668    6.98235   -10.3125   -42.9683    7.34028    3.56032   -29.3284   -26.4636   0.174381
    21.125     82.375   -2.53201   -4.46647   -18.1214   -47.7852    3.50811    1.63466   -40.5414    -27.227   -9.68261
    21.125     82.625  -0.322993   -2.96193    -16.169   -30.2187    3.64399   -2.32644   -37.6417   -25.4053    19.7662
    21.125     82.875   -2.41396    7.88381    -2.2384   -53.9096    13.1748   -6.11616   -21.9767   -27.8601     4.2247
    21.125     83.125   -2.09241    6.82274    22.7607   -32.6514    17.1357   -5.84869   -18.1968    -23.551    13.9773
    21.125     83.375   -10.1071    11.7905      11.54   -33.1811    15.1476   -6.92677        -22   -4.18028     28.408
    21.125     83.625    4.15109    2.76764   -10.0572    -28.202      8.103   0.532724   -23.1428   -17.7334    16.7569
    21.125     83.875    5.80236 0.00887778   -9.27072   -27.2103    3.83994   -6.81944   -24.5999   -34.6693    23.9191
    21.125     84.125     4.9834      -5.59   -30.5739   -54.6892   -19.8656   -10.1638   -41.1515   -34.3422    23.3285
    21.125     84.375    4.11724     3.0465    4.24685   -55.7054    6.47188    -15.053   -21.7456   -25.7952    21.8227
    21.125     84.625    8.04822    2.38262    7.37871   -35.2936   -3.34367  -0.832322   -17.0802    4.67839    15.8457
    21.125     84.875    5.74673  -0.834951   -26.9292   -20.9152    27.1407   -7.58532   -30.4584   -21.7856     10.332
    21.125     85.125    11.1932   -12.7061    1.19427   -9.27935   -13.4813   -8.69704   -22.5915   -39.0765    15.0146
    21.125     85.375    17.6339   -7.82213     8.3545    10.8713   -6.25766   -3.87662   -26.1622   -50.5555    2.56355
    21.125     85.625    22.1741   -3.69468    15.0005    -18.009   -10.6018    4.98276   -16.8374   -29.8271   -4.66765
    21.125     85.875    21.2597   -7.55234    2.00169   -18.7838   -12.1518    5.37927    -29.096   -31.3915    1.10387
    21.125     86.125    28.3789   -4.35813    5.32407   -12.7015    -16.186    15.5177   -11.8735   -12.2017   -6.88478
    21.125     86.375    31.7022    1.09445     11.058   -22.8758   -15.9992    14.1613   -24.8319   -15.7218   -8.58294
    21.125     86.625    16.4764    6.44441    2.44209  -0.569649    -17.139    10.8217   -10.0602    -19.976    1.11827
    20.875     70.625   -12.6263   -38.2671    5.89724   -50.9213    1.40762    5.86975    11.7466   -45.5456    31.3513
    20.875     70.875   -8.60097   -39.1312    29.0732   -54.0312   -1.05224    8.50756   0.289832   -49.1237    33.9877
    20.875     71.125   -11.0142    -28.386   -1.49458   -48.9581  0.0366167    5.95772   -1.18497   -39.2757    36.6339
    20.875     71.375   -1.87605   -22.0498   -4.68879   -44.2109   0.614139    4.00971   -3.40605   -12.7277    62.8931
    20.875     72.875    4.14931   -15.8602   -14.3646   -30.5762   -1.64345   0.164378    -14.488   -23.3264    23.7567
    20.875     73.125    -11.192   -27.4372    8.95759   -39.2321    4.05923  -0.312275   -7.82694   -38.3509   0.561246
    20.875     73.375    5.21225   -27.4373     -8.858   -54.7159   -1.16444    0.10701   -5.37635   -27.4534  -0.237035
    20.875     73.625    9.07807   -19.9075  -0.540087   -49.1175   -2.59724    1.27808   -3.08023   -24.2869   -12.7956
    20.875     73.875    20.1432   -13.6393    11.4853   -42.9218   -3.37944    9.74153    20.2627   -31.6606   0.702825
    20.875     74.125    15.8296    -10.596    38.9597   -35.6281   -3.00255    16.7459    12.7416   -17.3951   -5.08406
    20.875     74.375    19.3369   -12.0666    31.9862   -47.7888   -2.13943     8.8299    12.4933   -34.4132     19.491
    20.875     74.625    13.3221   -19.8864    12.1902    -50.626   -2.46854    9.21083     1.6844   -39.0412    33.2956
    20.875     74.875    10.1517   -19.9572     48.013   -50.6185   -2.07164      2.409  -0.201815    -33.074    20.5111
    20.875     75.125    11.8815   -12.2463    5.53759   -36.8985   -1.36623    10.3706   -8.86834   -42.3403    7.25061
    20.875     75.375    -2.9719   -17.6926    0.46945   -41.0675   -2.15563    7.01606    -8.3474   -45.8877    1.35771
    20.875     75.625   -13.4025   -33.0358    11.2031   -39.2663   -1.69282   -1.26677   -5.37658   -40.7595   -14.4743
    20.875     75.875   -13.1359   -27.5744    11.5819   -34.8148   -1.28882  -0.293407    13.9371   -36.4191   -5.30547
    20.875     76.125   -3.63967   -21.8581    37.5563   -38.8197   -1.58988   -1.33706    17.7074   -40.9863   -15.1319
    20.875     76.375   -7.57463   -17.8725    35.4353   -37.0193   -1.36559  -0.872021    3.27037   -35.5531    17.2357
    20.875     76.625    5.18385   -14.9317    36.9338   -33.0266  -0.482933  -0.237663    24.4295    -39.784   -6.94235
    20.875     76.875    5.51292   -15.6285    41.5534    -40.339  -0.651542  -0.288194    23.4867   -48.3902    28.2656
    20.875     77.125    10.2601   -24.2086    35.4186   -39.5821  -0.890163  -0.840951    26.9343   -42.2457    46.8836
    20.875     77.375   -3.94995   -10.8809     43.033    -39.635   -1.16674    -1.4395    5.53385   -43.0362    59.2011
    20.875     77.625   0.871307   -5.70048     17.563   -39.4161   -2.49698   -2.00466    18.5868     -47.16     58.099
    20.875     77.875    16.0475  -0.430217    36.7273   -30.1977   -3.80481  -0.787463    15.3576   -46.7846     48.444
    20.875     78.125    11.5437   0.399671    31.1404   -37.4039   -3.85287  -0.564583    14.7919   -55.6979    40.9287
    20.875     78.375    14.0166    1.27797    74.5483   -48.0027    -4.1681   -1.07866    11.2574   -58.2022    25.6889
    20.875     78.625   -2.78618   -2.60324    19.5258   -39.5105   -2.89771   -0.86055   -10.4486   -47.1421   -1.88961
    20.875     78.875    14.4783   0.185133    13.9088   -37.7794   -2.65355   -0.19254   0.840682   -46.3912    11.1946
    20.875     79.125    9.99142    5.09186   -15.6428   -40.3522   -1.94576   -1.80729    2.35442   -54.9839    43.1277
    20.875     79.375    38.0566    17.9112    26.0824   -45.4222   -3.59254    -3.4947    5.95606   -45.6223    48.5121
    20.875     79.625    38.2609    8.90039    43.8887   -41.6371   -3.09113   -1.94306    -10.266   -65.6454    14.1675
    20.875     79.875    28.8796    3.62047     10.436   -47.7306    -2.7535   -1.44263    -17.494   -58.8326    12.4479
    20.875     80.125    21.2451    6.20963   -1.06044   -40.7935    1.36896   -2.55199   -4.21728   -42.8569    21.5635
    20.875     80.375   -7.27145    3.60971   -29.6303   -55.2902   -7.11282   -5.35717    1.37375   -11.0535    9.62009
    20.875     80.625   -4.68287    10.5875   -20.9473    -56.145    -8.9483    -3.6564    10.1244   -9.64049    2.06619
    20.875     80.875    9.07086    20.8766   -26.8673   -54.6125    14.6922   -5.33072    0.21776   -12.9045    7.47009
    20.875     81.125    2.28781    24.8032   -18.9301   -42.7483    -5.0174   -1.14012    5.37411   -33.5065    14.6484
    20.875     81.375    15.3619    30.4912   -44.0046   -50.6758   -6.44914   -1.09151    9.71257   -40.9071    10.4029
    20.875     81.625    15.0911    20.5239   -35.7794   -43.9559    4.05631   0.333492   -5.34195   -38.3184    4.35079
    20.875     81.875    11.2654    12.0167   -15.5087   -50.5541    8.96282    2.89608   -2.45533   -44.1332    7.43719
    20.875     82.125    11.4654    8.31728   -12.3126   -39.7233    8.98685    1.33107   -5.89005    -29.772   -3.25409
    20.875     82.375   -4.86904    2.76921   -27.8041   -48.5291    8.82028     1.6474   -18.9371   -35.8318    14.2177
    20.875     82.625   -6.02537   -7.11461    12.2957   -22.0052   -9.57111   -7.82902   -14.6212    -29.572    33.1981
    20.875     82.875    -4.6957    7.09192   -4.72984   -39.0239    6.65034     -7.433   -13.9917   -31.3698    6.38651
    20.875     83.125    1.93936    14.4116    10.9379   -53.5161    3.32459   -1.30235    -19.886   -32.7534   -12.1493
    20.875     83.375   -11.0464    8.55518    1.38456   -61.9093    8.69042    -10.868   -28.2924   -21.7142    1.94745
    20.875     83.625    -7.7438    6.49157   -3.95954   -59.3388     14.811   -9.38374   -26.8752   -30.0651    16.3701
    20.875     83.875  -0.833539    7.69517    15.0861    -31.787   -2.89538   -12.0958   -20.3841   -18.2174    21.3766
    20.875     84.125   -4.35626    1.65539   -5.04123   -43.4533   -10.5861   -13.5741   -11.5611   -27.3179    43.0203
    20.875     84.375    17.1306    4.45473    4.91041   -57.3803    43.8375   -14.7444   -26.3727    2.13314    52.0765
    20.875     84.625    11.4987    5.80341   -14.8651   -1.34468     1.6078    3.46175   -4.97571    4.72819    36.1371
    20.875     84.875    14.6312    -12.722     10.427   -27.1227     25.278    -12.543   -14.1161   -30.8103    16.6727
    20.875     85.125    14.3528   -13.0693     11.769  -0.994806    -16.632   -4.83694   -10.0302   -23.0969    29.0574
    20.875     85.375    12.6416   -22.0121    32.9223   -15.5696   0.244864   -3.38558   -8.20026   -37.8887    1.81801
    20.875     85.625    14.8985    -7.6078    10.8276    1.52979   -38.2578    -18.843   -13.5525   -36.1509   -1.10284
    20.875     85.875    14.5285    1.17227    2.63898   -20.9996   -20.1897   -20.8115   -6.48317   -16.0088    1.99047
    20.875     86.125    18.0537   0.319821   -7.62318   -2.59758   -7.48511    20.4754   -16.3391   -11.3857    6.39368
    20.875     86.375    16.5288   -4.35002   -2.96637    -7.6104   -9.62908    3.61343   -18.6707   -8.19679    4.56778
    20.875     86.625     9.1641    3.38859  0.0624125   -12.0676   -8.08871    5.05974   -10.5008   -11.2803    7.83695
    20.625     73.125   -7.27441   -26.0828   -17.2085   -44.1359   -2.73824  -0.220789   -17.7864   -44.8667    2.09718
    20.625     73.375   0.209521   -8.96676     20.973   -54.2288   -4.31566  -0.551494   -17.8513   -21.4953    13.4198
    20.625     73.625    13.3049   -11.1364    7.79277   -54.6809   -4.25578   0.104414   0.398053   -20.5055   -11.4868
    20.625     73.875    31.2151   -7.77393      51.62   -38.8781   -3.53256   -1.34655    35.3241   -10.2089   -16.7442
    20.625     74.125    7.84629   -13.4324    42.5211   -42.4185   -4.53034    3.44402    4.86559   -15.9783    1.05242
    20.625     74.375    5.49945    -21.256    50.9722   -43.2509   -4.00379    2.83709    7.12475   -40.1128    11.3329
    20.625     74.625   -3.44364   -17.5912    19.7925   -47.7088     -2.773    6.69706   -3.11014   -38.0313    14.1402
    20.625     74.875    20.8417    -10.086      24.33   -48.5271   -2.37881    14.5593   -3.20322   -32.3479      17.73
    20.625     75.125    4.71412   -10.6698    43.6429   -38.1201   0.700318    3.90495   -5.91088   -50.8343    13.2561
    20.625     75.375   -7.50763   -17.2814    57.7792   -39.4489    2.02923    3.38589    5.67127   -42.6296    -13.907
    20.625     75.625   -10.4867    -18.234    45.2496   -37.9672   -1.11213   0.590549  0.0194514   -36.6324   -12.4572
    20.625     75.875   -17.0849   -18.9818    -21.913    -39.123     -1.654   -1.14631    2.02972   -36.4132   -11.3744
    20.625     76.125   -2.24082   -17.0122  -0.622214    -38.311   -1.53742   -1.20111    3.58378   -37.4664     8.1971
    20.625     76.375    -12.203   -18.1178    46.5159    -37.704  -0.484372  -0.390306   -0.60895   -33.1105   -12.0855
    20.625     76.625   -8.79545   -18.4338    24.0931   -38.0763   -1.46144  -0.544056  -0.849051   -42.3127    6.91514
    20.625     76.875   0.118551   -17.5766    22.6364   -35.2151   -1.83156  -0.654094    6.60075   -36.4267    16.8818
    20.625     77.125    2.72178   -6.97564   -3.07974   -30.9911  -0.415258  -0.831176    29.5167   -40.5917    10.5619
    20.625     77.375   0.114289   -16.2486    35.0781   -41.8814   -1.42944   -1.35333   0.923989   -42.3595    51.2735
    20.625     77.625    8.25899   -11.3679    2.70052   -40.9946  -0.764228   0.761519    13.8198   -55.7104    66.7884
    20.625     77.875    14.8029   -7.57507   -5.86313   -29.9603   -1.71538   -0.87825    11.0233    -59.396    54.2538
    20.625     78.125    13.3269   -7.81841    82.3264   -33.6513   -3.30189  -0.945989    13.7654   -55.0501    45.9565
    20.625     78.375    24.7833   -1.22032    30.0639   -40.5195   -2.88147   0.250357    21.4964   -51.2385    36.8033
    20.625     78.625    23.9154   -3.71062  -0.548636   -44.9139   -2.66585  -0.543596    15.0856   -52.6046    28.7503
    20.625     78.875    16.0349    11.9516   -8.59502   -32.8757  -0.567662  -0.760192    7.33357   -44.7453    40.2089
    20.625     79.125    22.6959     11.412   -3.78906   -25.5206   -0.89875   -2.11752    7.83826    -31.208    38.6057
    20.625     79.375     38.189    15.9172   -27.2018   -27.7322   -2.69425   -2.52565    19.2357   -24.3171    24.1331
    20.625     79.625    61.8818     16.223   -12.4339   -42.5302   -3.23379   -3.12637    18.1139   -46.5833    10.2083
    20.625     79.875    25.9552    15.0684   -14.9946   -50.4696   -3.19099   -2.82242     33.434   -59.6387    28.2487
    20.625     80.125   0.200817    12.4207   -20.2919    -43.838   -3.66201   -1.67964    7.34852   -50.5156    19.2392
    20.625     80.375    11.6004    5.95442   -10.5555   -40.8199    1.28272   0.298488    6.41328   -17.9423   -3.48202
    20.625     80.625    8.40594    2.59769   -34.1787   -51.4807   -4.55247   -6.08009    17.5826   -13.8337    5.05307
    20.625     80.875    4.35768    12.5987   -42.3307   -43.5854    15.6555  -0.315404    31.0585   -8.72466    13.6999
    20.625     81.125    7.56242    15.2276   -32.4013   -49.1814 -0.0274264   -1.50852    16.2174   -30.3969    4.42524
    20.625     81.375    8.52492      13.76   -30.3178   -46.8535    1.48097  -0.629531    6.33392    -36.665    8.56232
    20.625     81.625   -3.35434    10.9946   -23.3605   -40.6565    2.25549   -2.16868    13.9057   -30.5446    10.1578
    20.625     81.875    3.76269    8.16042   -11.9867   -46.3049   -3.12732   -4.04274   -4.77921   -26.2818    15.5765
    20.625     82.125    8.42711    5.80714    5.17967   -43.6606    16.7035    0.76751    2.74001   -29.5256   0.866699
    20.625     82.375    8.63779    6.56826   -15.0286   -19.3311    5.60083   -1.22641    2.18869   -34.1124    15.5762
    20.625     82.625    18.4085    1.80729   -2.23893   -53.3197   -3.80573   -6.98598   -11.4096   -32.4276    6.92725
    20.625     82.875   0.148489    16.0436   -11.1414   -34.9976     17.688   -9.91598   -21.4788   -34.8922   0.161493
    20.625     83.125    5.76586    21.9555   -3.96543   -57.8743   -6.11123   -13.4562   -18.3525   -21.2197    15.2568
    20.625     83.375    4.64697    11.7924   -29.3619   -22.3708    42.5032   -16.2349   -29.6932   -30.4817    34.6144
    20.625     83.625   -1.49933    7.73894    11.6064   -56.7859    25.2978   -15.1361    -27.241   -27.0051    18.6786
    20.625     83.875   -7.39984    8.60136   -21.6082   -56.5455   -3.76893   -17.7079   -21.4872   -14.6423    28.3539
    20.625     84.125    2.05617    3.96645   -5.91613   -26.6168    -7.4779    -15.379    -26.144   -14.4894    34.7678
    20.625     84.375   0.207378  -0.662521   -21.8562   -38.7193   -22.8011   -15.9488   -11.9539   -7.37493    39.0594
    20.625     84.625     16.676   -4.02313   -1.72262   -23.8614    22.2191   -3.16826   -1.91514    -16.651     35.766
    20.625     84.875     14.764  -0.854299   -3.32318   -12.0562    27.4461   -2.57543    2.11681   -36.9961    30.5268
    20.625     85.125    11.4966   -9.26021   -0.37816   -19.6863   -9.29366    2.74499   -1.34387   -12.2237    7.48423
    20.625     85.375    5.66265   -14.2703    27.6274    -10.453  -0.714336    -4.5599   -11.4995   -14.6648    5.42688
    20.625     85.625    20.2467   -1.28533   -9.12528   -36.2941    -26.229   -19.3582   -25.6877   -3.70725    12.3239
    20.625     85.875    11.5098    6.89603   -10.4241    3.38407   -16.9523   -3.34222   -2.51126   -4.18027      10.65
    20.625     86.125    11.0182    4.42348  -0.789104   -26.1578   -11.4727    5.63206   -2.28501   -4.38671    11.0164
    20.625     86.375    16.8056    2.91012    12.4639   -2.97586   -15.7678    7.21988  -0.102603   -17.1396    4.49853
    20.625     86.625    12.8063   0.156969    11.1406  -0.787068   -15.2289    6.55049   -3.55769    1.97004    11.5021
    20.625     86.875    12.4584   -5.08671    3.67803   -2.09286   -17.0796    8.92682   -2.00733    2.09414    11.5686
    20.375     73.125   -4.35618   -7.95086    2.18028   -58.2654   -1.87026   0.443957   -6.00068   -35.2219    27.2783
    20.375     73.375   -1.20657   -2.93277    8.74833    -56.113   -2.20694    1.42358   -8.11347   -42.9908    20.2311
    20.375     73.625    3.92043   -7.69597    32.0242    -50.903    -6.5846    -1.2832   -1.81577   -31.6567    24.9803
    20.375     73.875    9.43969   -10.1751     50.527   -36.7515   -5.41592   -1.37954   -12.5966   -5.08094    11.5473
    20.375     74.125    19.4103   -10.4319    68.5378    -39.247   -5.58104   -1.21963   -14.2277   -10.8667    13.9901
    20.375     74.375    6.04198   -17.7432    72.7025   -33.0205   -5.07438   0.826197    7.90758   -32.2422    8.78296
    20.375     74.625    -4.0555   -27.0092    53.1387   -34.2791   -4.34049   0.777517    -6.5111   -30.1943   -1.29141
    20.375     74.875    11.0876   -16.2092    56.7625   -39.4653   -3.31925    9.99133   -1.89183   -38.6558    4.94108
    20.375     75.125    6.41072   -8.52127    63.9713   -38.7101    1.57328    2.72486   -2.06908   -40.7941    8.92719
    20.375     75.375    7.90415   -9.77764    68.2675   -40.0749   0.274815    1.37497   -9.13365   -43.9096   -11.2242
    20.375     75.625    11.8592   -6.56107    63.4928   -46.4536  -0.817271   0.645844    -7.2721   -37.9128  -0.288219
    20.375     75.875    6.07593   -10.5439    47.7973   -44.4428  -0.721846   0.677667   -7.48847   -31.7812  -0.971336
    20.375     76.125    3.29134   -13.5206    61.2873   -46.4598   0.583097   0.617189   -6.51096   -33.9965    23.3715
    20.375     76.375   -8.09148   -11.8918    38.5386   -43.2249   0.678947   0.536776   -3.51398   -41.6839    28.0673
    20.375     76.625    3.42351   -10.5117    41.9073   -40.0835   0.139293  -0.293568    1.82911    -43.622   -12.8133
    20.375     76.875   -2.55468   -16.1322    22.7772   -38.7176   0.413597  -0.128846    16.6391   -48.9875     38.588
    20.375     77.125  -0.205892   -12.6329    41.2846   -44.2136   0.548354   0.245113     11.994   -40.4661    47.2388
    20.375     77.375    1.84891   -16.6258     20.081   -46.4645   0.723203   0.678117    24.5341   -41.5797    50.3405
    20.375     77.625   -6.32635   -16.8273    39.6249    -41.461    1.13734   0.268031     17.776   -48.1949    33.1033
    20.375     77.875    13.5813   -16.9131     29.837    -40.611    0.15616   -2.18404    13.5928   -51.8583    43.7171
    20.375     78.125  0.0419694   -9.76039    7.93352   -43.3807   -1.92227   -1.84694    15.5398   -48.5195    39.9648
    20.375     78.375    5.46207   -4.07304    34.6734   -46.7758   -1.42946  -0.749064    21.6817    -55.961    38.5232
    20.375     78.625    10.7032   -3.46394    22.5356   -46.7356  -0.898171  -0.887013    14.8214   -55.2101    42.4666
    20.375     78.875     14.531    9.48619    5.83306   -42.3245   -1.58262  -0.823682    7.17256   -49.9386     63.842
    20.375     79.125    12.7718    23.7395    3.02384   -34.5596   -1.64131  -0.862974    12.3844   -27.3931    68.7044
    20.375     79.375    10.1323    5.52601    1.93701    -29.844  -0.667308   -1.56113    3.67804   -47.3008    52.1704
    20.375     79.625    35.7309    20.7167   -30.5207   -41.2106   -1.61588  -0.652206    2.58259   -57.5786    26.4257
    20.375     79.875    21.1684    12.5873   -5.37751   -49.0194   -3.01169   -2.47135    24.4852   -49.1861    6.12565
    20.375     80.125    10.0669    14.1305   -10.5946   -52.9764   -3.96779   -1.41997    17.7768   -61.3794    20.1036
    20.375     80.375   -7.60777     12.536    -23.376   -46.5728    1.06419  -0.345469    15.0942    -34.612    21.8199
    20.375     80.625    9.72856    2.56265   -39.9322   -41.4734    6.06408  -0.496076    10.0426   -30.7335    12.5473
    20.375     80.875    5.89852    11.4927   -41.5448   -48.0786   0.336321   -1.04837    13.1641   -34.5911    20.3251
    20.375     81.125    2.29835    10.2986   -32.3799   -41.8959    6.77171   -2.66653    9.63155   -36.2438    10.8893
    20.375     81.375   0.474604     14.716   -37.1754   -45.1297   -4.37231   -1.06695    16.0128   -38.2356    12.3603
    20.375     81.625    3.68805    13.5851   -31.4253   -39.6343    1.60614   -1.26816    34.8263   -30.9211    3.91342
    20.375     81.875     4.9849    9.92849   -23.9742   -44.3459   -3.99811    -2.7089    14.9961   -14.1483    4.82071
    20.375     82.125   0.436331    2.24577   -6.20697   -39.2564    8.76863    -2.8476   -1.49067    -25.557  -0.153857
    20.375     82.375   0.868878    7.87322   -25.7669   -37.0337    4.17829   -1.35253   -3.96812   -24.0169  -0.708307
    20.375     82.625    8.19666    5.03005   -24.3918   -37.5964    1.75998   -7.13334   -15.1284   -31.4744    23.4564
    20.375     82.875    8.42223     15.182   -8.88299   -40.4932    24.2048   -6.39745   -29.6989   -30.3929    18.9341
    20.375     83.125    8.95423    10.4108    1.44962   -37.2673    24.0642    -10.923   -33.4435   -24.5878    23.6328
    20.375     83.375  -0.310685     13.327   -22.2775   -46.1547    24.7626   -18.2768   -29.9443   -16.1239    29.3937
    20.375     83.625   -11.7182    7.53096   -9.78826   -16.2109    41.5899   -22.8367   -5.54928   -25.7885    11.5656
    20.375     83.875   -14.6796    6.90027   -8.77895   -19.0684    5.79508   -17.3659   -2.67547   -17.6751   -1.82637
    20.375     84.125   -11.1975    7.83176   -8.79398   -9.38306   -4.99413   -14.4202   -7.13992   -13.2857     16.905
    20.375     84.375   -9.70663   -1.42956   -35.8571   -53.3753    -13.827   -9.61543   -5.82853   -18.1741    7.79146
    20.375     84.625    3.00928   -3.37118   -2.97354   -33.6875    8.25102   -15.4099  -0.530019    -12.891    18.3092
    20.375     84.875    27.7606    1.57427    -2.7177   -29.4394    10.5571   -12.2225    4.27411   -9.26247    16.9288
    20.375     85.125    18.3275   -5.65058    13.0272   -36.2624   -15.1298   -10.4265    -6.9923    7.13027    42.3806
    20.375     85.375    28.0106   -2.60673   -19.8593   -34.1461   -10.1951   -6.77496   -7.38428   -3.00836    31.6032
    20.375     85.625    24.0214   -3.65476    14.7583   -10.3376   -1.56483   -4.40479    3.57098   -2.93323    14.7942
    20.375     85.875    11.1349   -9.69974    6.05975    8.50847   -21.0484   -5.44618    4.08177   -10.1738    8.44059
    20.375     86.125    23.4843    -4.1207    20.8733   -9.21943   -16.9665   -15.7107    2.88206    -5.8944    13.6745
    20.375     86.375    16.0769    6.75028    26.9499   -6.70589   -11.2722    11.9535    11.0179   -4.98424    35.5436
    20.375     86.625    9.76331    3.14364    25.3769   -14.8784   -11.2708    9.11984    11.2992   -3.64347    11.3987
    20.125     72.875   -6.16459   -10.7563   -17.1589   -76.3563   -2.10915    9.79878   -11.3203      -34.5    23.9704
    20.125     73.125   -12.0582   -8.79677    18.1249   -65.9515   -2.18701    3.07855   -16.7319   -27.5055    36.3435
    20.125     73.375   -6.77842    5.19422    2.67272   -60.7913   -4.45509    6.08791   -10.2955   -27.2366     29.762
    20.125     73.625    27.6606    17.5435    52.1076    -28.689   -6.00955     1.8983    24.8215    -18.771    31.1145
    20.125     73.875    31.2904   -3.80728    95.8275   -37.0326   -5.72193    8.67539   -2.71019   -22.4072     31.959
    20.125     74.125     49.135   -6.24525    118.126   -22.8943   -6.39167    1.37922    8.33747   -17.1682    10.4776
    20.125     74.375    11.1835   -10.0027    88.6104   -18.0485   -4.22594    6.54891    12.8475   -29.2608    12.4557
    20.125     74.625    6.17956   -15.8264    54.1595   -24.2196   -7.27917    2.00633    11.3572   -26.5785   -5.95124
    20.125     74.875     11.407   -15.8358    37.0284   -36.8795    -3.5941     1.5213    8.61427   -9.88139    13.9682
    20.125     75.125    5.75606   -11.3754    65.4108    -44.039 -0.0239972    1.82792    1.91326   -34.5157   -3.24248
    20.125     75.375    4.77641    -10.279    32.6674   -36.2918     0.4015   0.828525   -1.36969   -31.8239    13.6335
    20.125     75.625    4.08609   -11.4348    26.1878   -43.1971   -1.06825     1.1602   -2.64201   -24.9941    2.14521
    20.125     75.875      2.056   -13.8521    40.4473   -47.8152  -0.950094    1.11245     1.7085   -24.0883    22.7442
    20.125     76.125    18.3252   -15.8539    42.6945   -48.3562    1.50286    1.13668   -4.36782   -31.9164    30.8424
    20.125     76.375    17.2619   -13.4756    17.1922   -46.7586   0.825956    1.41005    -3.7164   -34.8576    30.3255
    20.125     76.625    18.0931   -14.0652    11.3811   -51.1271    1.73957    1.27854     15.977   -46.9468    41.3298
    20.125     76.875    20.1716   -16.3785     46.983    -47.285    2.65444   0.942861    23.9907   -39.1632    49.7612
    20.125     77.125    19.6011   -9.80194    2.13034   -45.9709    2.04658    0.42361    29.5244   -40.8537     17.907
    20.125     77.375    15.5374   -13.1424   -4.31916   -45.8904    2.34668    1.00043    26.7155   -43.9508    69.2626
    20.125     77.625    9.40615   -19.3037    46.6056   -46.7225    2.18624  -0.934197    22.7591   -47.6113    50.5831
    20.125     77.875    8.90629    -17.209    18.8757    -49.231    3.28757   -1.23998    21.0212   -55.9869     61.177
    20.125     78.125    12.9219    -15.828    -26.627   -42.4898   -2.35985   -1.67691    11.1816   -56.2263    50.2607
    20.125     78.375   -1.68744   -15.0843   -1.76549   -53.8127   -2.24257    -1.4521   -2.78314   -58.1267    25.6284
    20.125     78.625   -9.74808   -11.4321    10.1616   -41.2093  -0.711029   -1.13885   -3.43618   -54.3017    40.9989
    20.125     78.875   -2.11443   -13.3293    23.9427   -16.5763   -2.19303   -1.45461   -5.18463   -57.4368    31.7582
    20.125     79.125    20.0994    1.17213   -8.87288   -36.2249  -0.869375   -1.68252   -2.81482   -45.5337    47.2486
    20.125     79.375   -9.98795    1.89021   -37.0597   -31.7082   -1.45722   -1.24999   -5.94785   -43.9728    31.4626
    20.125     79.625    2.48386    2.75034   -8.08208   -40.7322   -1.54462    -1.0076    6.37646   -58.9569     5.6185
    20.125     79.875    3.15381    12.8779   -24.3086   -44.3319   -2.27735  -0.695443    11.8734   -54.8286     6.9577
    20.125     80.125    5.76366    14.5892   -13.0427   -48.6008    -2.1037   -1.20034    13.0288   -50.1985    21.7288
    20.125     80.375 -0.0148931    9.01975   -27.9611   -38.5897    3.20022  -0.580207    10.3038   -30.0862     16.098
    20.125     80.625    5.61368    15.6869   -33.4781   -51.0869   -6.53976    -3.8513    10.0156   -32.7157    22.3556
    20.125     80.875   -1.39649     20.793   -37.8462   -42.7773    6.43937   -3.49803    6.29661   -36.7282     41.335
    20.125     81.125  -0.594249    19.0022   -27.9627    -38.409   -11.2584   -5.79609    10.6723   -25.1418    11.3709
    20.125     81.375    5.24726    13.2645   -19.2394   -33.5847   -12.2578   -6.24678    17.6267   -29.6782    10.9065
    20.125     81.625   -11.5525    4.64244   -29.5573   -39.0933   -11.7359   -6.51854    11.4658   -29.7551    29.6389
    20.125     81.875   -4.52329    4.10737    2.94354   -28.2664    -2.6682   -2.09764    14.8492   -25.2853    28.3127
    20.125     82.125    -9.9293    1.93935  -0.838022   -29.7942    5.61724   -1.26862     3.8976   -23.8349    1.69741
    20.125     82.375   -8.28995     -3.768   -18.1105    -42.408   -3.37525   -2.08986   -11.8487   -29.2747   -4.75029
    20.125     82.625   -2.98442    3.51481   -37.8204   -20.2864    9.07489   -10.9227   -26.4473   -39.7843    9.96851
    20.125     82.875   -9.04039    3.57268    3.53389   -19.3412  -0.795604   -10.6859   -23.4193   -27.7063   -6.26267
    20.125     83.125   -5.84336    10.3252   -17.0341    6.64597    11.3264   -12.6267   -26.7672   -17.0647   -15.4758
    20.125     83.375   -3.60835    5.65735    1.01378   -37.3069   0.417594   -16.8797   -34.7694   -17.1865   -16.8123
    20.125     83.625   -3.88285    7.45407    8.34111   -39.6426    -10.993   -20.2201   -20.0403   -14.2913    1.92935
    20.125     83.875   -12.0551    10.5446    -4.3244   -1.63735   -5.76126   -14.7239    14.0868   -13.9868    7.67021
    20.125     84.125    -10.059    11.9085    -1.6347   -8.23678    5.87101   -10.5535    12.1773   -7.72322    12.4874
    20.125     84.375    5.99232    1.22098   -28.1502   -22.3383    7.20074   -7.65244    2.42702   -5.67336     11.224
    20.125     84.625    18.2399   -4.26925   -10.2529   -5.97643    14.6096   -4.46705    1.77452   -15.4863    10.8268
    20.125     84.875    16.0342  -0.789568    -14.245   -12.3912    2.29683    14.5928   -1.76735    2.04228    5.72018
    20.125     85.125    9.86973   -12.7693    2.15207   -24.1566    17.1714    7.56377   0.254333    7.46606    34.0369
    20.125     85.375    23.9276   -4.81376   -9.87228   -29.0988   -12.1691    16.9811    6.42155   -8.67488    32.7722
    20.125     85.625   0.431618   -12.8622    3.23332    -18.145     6.9301    5.23857    16.9273   -9.59789    32.4692
    20.125     85.875    14.0833   -12.8802   -9.55441   -25.3106    1.83892  -0.387404  -0.152058   -7.39016    1.61353
    20.125     86.125    2.98129   -7.25839   -10.8107   -34.6984   -9.81978     10.269   -4.88121   -14.9134    17.5387
    20.125     86.375    6.76767   -1.04711   0.848144   -26.5578    -7.4545    22.3118    2.51177    -15.205     17.215
    19.875     72.875   -7.23704   -10.1566    10.2219   -93.2323   -6.43725    1.25235   -20.2794   -38.9922    32.3065
    19.875     73.125    1.40452   -6.89536    37.3426   -81.2543    -5.9566    2.25388   -8.71788   -42.6535    60.1843
    19.875     73.375    12.9403    10.6531     39.171   -58.2074   -3.66491      1.378   -11.7713   -18.8965    61.9035
    19.875     73.625    15.8516    14.4365    27.1636   -21.7973   -3.96833    5.38126    3.10506   -10.4522    19.8766
    19.875     73.875    14.8012   -1.86532    59.9554   -35.8038   -4.03988    4.91526   -6.49984   -2.06199    19.9913
    19.875     74.125    8.83818   -13.6833      85.22    -25.723   -5.47528    4.09142   0.287585   -12.9947    26.4281
    19.875     74.375    10.7144   -22.2068    86.7986    -28.967   -3.65829    6.75075    9.42205   -29.5203   -2.47152
    19.875     74.625     11.239   -17.5254    73.2184   -31.4764   -5.00322    11.9205    12.6012   -23.2107    4.05133
    19.875     74.875    11.2994   -15.5835    72.5224   -46.8005   -5.60156    6.79284     6.8866   -15.2741    39.3668
    19.875     75.125    8.57109   -18.6056    68.4608   -47.0123   -4.14145    1.72516   -1.19201   -21.5555   -2.26513
    19.875     75.375 -0.0640708   -12.3226    40.5848   -49.4479   -3.71303    3.33675   -5.20707   -28.5095   -9.07838
    19.875     75.625   -12.6843   -11.1095    13.4174   -43.1259   -1.69147    4.03381  -0.377476   -30.3948   -6.58924
    19.875     75.875   -1.46414   -9.33167    27.7601   -48.4878  -0.928113    1.85061    4.83506     -27.54    3.86976
    19.875     76.125    9.78162   -11.7939    10.9358    -44.245    1.38272    3.58874  -0.158883   -32.5393    6.07429
    19.875     76.375    8.94156   -15.6796    2.06449   -42.7403     1.8164    4.32362   -1.24014   -39.1804    4.56636
    19.875     76.625    14.8215   -13.5126    13.5013   -52.1809    1.83657   0.677964    9.65054   -35.8765    39.5232
    19.875     76.875    13.5591   -14.6486    33.8034   -49.2811     1.5581  -0.250107    25.8175   -34.1376    25.5443
    19.875     77.125    19.8784   -11.1333    23.0724   -52.5338    1.28517   0.497837    12.8435   -51.1409    56.4946
    19.875     77.375    22.7713   -11.3831    57.9743   -49.3458   0.442451   0.197554    18.3122   -43.7158     81.917
    19.875     77.625    9.34931    -16.612    24.8667   -49.9004   0.632928   -1.09601    3.89191   -52.0698    57.1042
    19.875     77.875    25.0654   -16.2692    22.7987   -51.1221   -1.54607   -1.42384    4.74927   -55.7551    55.1621
    19.875     78.125    29.4099   -13.5176   -18.7529   -41.7444   -2.30345    -1.0532    10.5168    -48.172     33.935
    19.875     78.375    15.0948   -16.1347    66.3056    -46.309   -2.20925   -1.18198    4.98697   -45.6701    31.2326
    19.875     78.625    8.36911   -10.0309    21.0434   -35.7802   -1.87087  -0.635849   -0.50849   -51.2339      26.51
    19.875     78.875    6.38271   -10.8822    49.0435   -22.3653 -0.0966875   -1.93782   -3.89779   -49.6204    31.4057
    19.875     79.125    10.9976   -7.86145    5.82711   -21.6436   -1.29618   -1.41237   -2.74909   -44.9072    31.1882
    19.875     79.375   -11.2883   -7.20251   0.219797   -7.74765  -0.906169   -1.26052  -0.619449   -46.9131    35.5486
    19.875     79.625    -6.7508    3.80618   -3.24251   -30.2185   -1.76571  -0.815318    10.7202   -53.6566    18.4812
    19.875     79.875  -0.852706    10.0641   -7.36731   -40.8002   -2.69329  -0.931319    8.41239   -55.3504    13.0611
    19.875     80.125    6.12211    17.4855   -42.1798   -61.3733   -6.37778   -1.62792    11.1088   -42.1641     30.233
    19.875     80.375    4.55935    11.5043   -46.9302   -62.0871   -7.88916    -5.7258    3.79775   -33.7508    50.5953
    19.875     80.625    2.62347    16.7172   -39.3668   -58.0892   -8.42811   -5.60645    8.49957   -34.6696     56.526
    19.875     80.875    -4.2308    11.9229   -22.7007   -32.0594    -1.8946   -3.55953    10.6892   -30.1637    33.1825
    19.875     81.125   -1.64053    3.90123   -11.8323   -43.4687    -2.2174    2.58432    2.94057   -35.0915    20.2811
    19.875     81.375   -17.1136    5.81348   -30.2705    -39.885   -15.2158   -8.85723    -2.6103    -29.861    25.0384
    19.875     81.625   -6.33923    6.75208   -23.8223   -42.8156   -14.4465   -10.7127    10.3646   -38.1831    24.1666
    19.875     81.875   -7.49047    9.28996   -3.78492   -41.9286    2.23617   -3.24456   -2.50237   -22.3588     18.486
    19.875     82.125   -5.16574    10.7936   -14.9284   -37.3311   -5.39778  -0.448932    -14.574   -25.4674    14.0343
    19.875     82.375     1.0224    6.89449    2.15894   -24.5002   -2.85583    9.18522     2.5275   -20.8435    2.81456
    19.875     82.625    7.06434    8.71499     -21.24   -23.1938    9.08868   -5.34062   -7.94186    -44.993   -10.3364
    19.875     82.875   -5.72648    25.4336    -22.997   -11.5145   -8.62158   -9.52553   -9.53568   -45.2606   -2.16658
    19.875     83.125   -3.05267    14.6111   -21.1018   -28.0394    15.2829    -9.6222   -11.7683   -43.5444   0.939094
    19.875     83.375  -0.277161    9.91228    4.52532   -34.3186   -3.98684    1.00909   -8.39466   -19.6357   -1.40326
    19.875     83.625    5.10113    4.68387    27.2682   -23.5151   -1.77172   -10.7969    14.5162   -7.52498    3.63383
    19.875     83.875   -11.6427    6.19972      14.96    -19.823   -6.56145   -20.9569     0.2601   -3.66233     25.835
    19.875     84.125   -8.17383    3.92906   -24.3429  -0.646768    34.2329    9.27598    10.1904  -0.819054   -10.4259
    19.875     84.375   -6.89672   -9.25119   -31.9391    8.57357     46.996     11.213    2.29598   -14.5788    -26.557
    19.875     84.625   -7.04254   -10.5151   -4.85331    -17.658  -0.205901    35.5965   -21.5673   -2.46584   -2.25677
    19.875     84.875    7.23957    10.6178   -21.4657    7.61086  -0.807281     34.331   -7.78563     18.942    17.2052
    19.875     85.125    7.05106    3.97587   -17.5579   -20.2584   -1.69444    22.6252   -4.57924   -8.09469    2.59954
    19.875     85.375    8.21307   -13.2175     4.1711   -37.9633   -5.14769    3.49275   -3.04053    -1.8203    19.4363
    19.875     85.625    16.8614   -9.65401   -20.8935   -35.0502   -3.60892    13.4177   -5.66968   -1.59567    19.3662
    19.875     85.875    10.6535   -7.27666   -1.97777   -24.4596   -6.27683     1.9152   -7.40857   -1.85874    13.0148
    19.875     86.125     17.925    -6.9273    9.88327   -26.7171   -3.48525    4.24997   0.297688   -13.1621    24.0274
    19.625     72.875   -8.68954   -14.3687    9.27833   -94.0006   -5.79701     1.4519   -2.32244   -43.5734    40.5561
    19.625     73.125   -4.18966   -7.53048     21.822   -93.7737   -4.37462   0.524131   -22.2845   -24.8264    80.0703
    19.625     73.375     1.3318    9.45446    8.39309   -74.2304    3.02971  -0.437981   -16.9596   -24.1335    79.8569
    19.625     73.625    13.7635    1.85368    30.4464   -47.0956   -6.75588    2.49256   -1.33937   -35.9341    38.5673
    19.625     73.875    15.0512    1.28888     21.496   -31.6252   -5.63765    2.36565   -2.47682   -14.4517    34.5281
    19.625     74.125    19.0333   -9.73761    74.4612   -23.2327   -3.80483    4.42262   -6.86575   -8.09689    42.0662
    19.625     74.375    11.3252   -16.8226      85.37   -28.4443   -4.51388    7.15021    6.37836   -18.4035    11.1021
    19.625     74.625    -5.0677   -26.4953    60.0166   -37.1205    -6.9708    7.83142    19.3899   -33.6899     2.9928
    19.625     74.875    9.22252   -30.4266    70.8919   -45.4381    -8.1644    8.43055   -4.38178   -17.0087    20.6761
    19.625     75.125    2.68662   -21.8677     45.783   -42.2952   -4.39238    2.96647    3.62802   -20.8766    5.59707
    19.625     75.375   -3.60544   -23.2237    10.6115   -50.3802   -3.19936    5.00118    8.75656    -22.912    7.42256
    19.625     75.625   -15.5504   -12.9919   0.299181   -45.7022   -1.15481    6.88181   -6.21673   -23.6408   -5.07765
    19.625     75.875   -5.91765    -13.849    18.0321    -45.951   -1.02832    4.18029    3.78595   -28.9867    23.3059
    19.625     76.125   -1.50575   -13.9548    6.09217    -44.839    0.30334    3.45853   -9.46665   -37.1661    50.5011
    19.625     76.375     1.0857   -12.5234    31.5172   -42.4434   0.606232    2.17352     4.5497   -41.5642    4.63908
    19.625     76.625   -3.61916   -23.4227   -19.0695   -43.2735   0.933164  -0.543136    0.72894   -30.6178    13.4846
    19.625     76.875   -24.0387   -36.2028   -42.2968   -33.9307 0.00331389 -0.0417153  -0.746633   -29.4937     27.261
    19.625     77.125   -1.20765   -20.0972   -4.33884   -45.4815  0.0216222  -0.134779    8.05895   -30.7071    52.9158
    19.625     77.375    15.1395   -11.6182    18.2239   -55.6122 -0.0782083  -0.611097    14.8274   -43.2958    58.2878
    19.625     77.625   -1.33547   -17.3154   -19.8308   -54.8806  -0.190296   0.261604    7.09993   -51.3416     45.881
    19.625     77.875    16.6061   -9.77534   -16.0069    -33.458   0.403169  -0.812168     3.9961   -36.4603    29.9169
    19.625     78.125    2.20766   -7.73506   -7.94046   -26.9323    1.29841   -1.29056   -0.95504   -37.1885    26.6257
    19.625     78.375    16.6231   -11.1438    20.2701   -26.9707   0.162486   -1.32449    8.22525   -42.1678    14.6806
    19.625     78.625    6.78591   -8.16071    31.1381   -31.6792   -3.23813   -3.01535   -1.02429   -47.4249    18.5846
    19.625     78.875    7.97701   -6.87183    35.7005   -36.7954   -3.01274   -2.34748   -1.77769   -43.9677     16.332
    19.625     79.125    15.1998   -7.98008   -13.6801   -17.3052    -2.7922   -1.68252   -5.35843   -47.1137    21.5833
    19.625     79.375    6.11573   -8.19342   -8.68414    -24.799  -0.913346   -1.01513    5.40943   -48.0137    42.1254
    19.625     79.625   -8.85821   -4.84892   -5.99174   -42.9253   -1.71121   -1.01034    -14.003   -57.7459    18.3908
    19.625     79.875    2.12814    6.82639   -16.2451   -43.9293   -2.62413   -1.21054   -4.15406   -43.9631    24.0956
    19.625     80.125    4.78273     12.555   -29.8062   -47.6504   -1.57271  0.0354278    7.74403   -38.3774    25.2397
    19.625     80.375    6.27851    13.8722   -9.26732   -55.3363   -7.14058   -5.31305    7.92701   -28.3372    42.4352
    19.625     80.625   -7.86036    8.44392    -11.395    -28.334   -1.69531   -2.44944    8.83354   -41.2822    35.9732
    19.625     80.875   -8.38822    7.94778   -1.52053   -17.4391   -1.96531   -1.54102    6.82588    -35.259    28.9613
    19.625     81.125   -7.62757    5.26612   -12.6389   -27.2598   -5.49159   -1.62122   -2.93777   -40.6741    26.2252
    19.625     81.375   -7.34919    9.28126   0.586486   -43.8061   -17.2259   -8.85907    2.98481   -28.0456    23.2046
    19.625     81.625    -6.8417    1.57881   -4.10353   -43.4063   -17.9445 -0.0237444   -14.2413    -25.613    18.1062
    19.625     81.875   -5.49924    7.35132    4.57331   -40.2137   0.331303   0.832937   -14.0585   -8.05234    19.9143
    19.625     82.125   -6.50419    20.2461   -3.71225   -32.2113    2.93778    3.74825   -17.0987   -21.8779    10.0914
    19.625     82.375   -2.10253    12.1698   -37.9713   -26.2103    5.10819    8.53482   -7.38823   -30.8779   -1.67481
    19.625     82.625    4.58854    13.7231   -19.3238   -41.8415    5.90636   -7.59875   -5.47286   -6.06758   -7.75453
    19.625     82.875   -2.84511    26.0073   -12.0129    2.93524    7.33614   -12.4279   -5.05041   -40.7491    7.92112
    19.625     83.125  -0.717771    21.5274   -12.0968   -28.2009    4.38045   -15.2434   -2.07147   -23.1146   -7.59001
    19.625     83.375   -7.30333    16.7305   -2.70542   -21.6711   -0.07225   0.450954   -15.0086    -16.047    7.23427
    19.625     83.625    9.09759   0.830535    2.47703   -5.11654    39.8094   -17.8395    19.7355   -21.0789    4.38627
    19.625     83.875    9.12454    6.81232   -6.40633   0.248697     51.537   -19.0561   0.935436    -10.388    16.0373
    19.625     84.125   -8.45548    1.13854   -12.3963    14.7296    10.0383   -4.29791    8.05132   -11.1856   -15.0619
    19.625     84.375   -18.4224    -10.398   -17.3169    14.8884    8.69282  -0.364214    1.74848   -18.8833   -2.30858
    19.625     84.625    5.57919   -4.06374   -13.9876    18.8865    29.2512    11.6751   -5.60401   -7.63511    52.4079
    19.625     84.875 -0.0465208   -1.09744   -36.0196    9.34418     3.2648    12.1805   -5.56472    25.7994    41.5383
    19.625     85.125    15.2957   -8.41017   -28.7064   -37.2019   -1.53533    5.60785   -10.2351    20.0195    19.7779
    19.625     85.375     10.283   -9.90754    -11.764   -28.7023    1.75857    5.28239   -1.03392   -4.89611    10.7455
    19.375     72.875  -0.906092   -15.8537   -19.9552    -87.787   -3.16197     2.2101   -7.61659   -33.3293    64.9281
    19.375     73.125   -8.42588   -17.5868   -5.21027    -85.803    1.09564   0.209492   -4.12058   -39.1658    65.9933
    19.375     73.375    3.48598     1.4331    2.26468   -81.2121    1.66496   -1.45415   0.208282   -19.4221    59.4873
    19.375     73.625    19.0109    3.43905    37.3519   -42.1907   -3.22497  -0.339654     6.9662    -36.975    50.1435
    19.375     73.875     10.732    4.55226    29.5129   -30.9704   -4.19645   -0.31136    7.08623   -32.2831    35.0228
    19.375     74.125    14.0883   -9.42235    61.9676   -25.0735   -5.92609    1.04766     15.763   -7.50685    58.9211
    19.375     74.375   -8.31961   -25.2964    56.1565   -12.1257   -3.27794    1.06754    20.8055  -0.444131    29.1275
    19.375     74.625    10.0046   -24.5059    61.0679   -40.9406   -4.80702    1.97552    23.4741   -26.8062    15.9344
    19.375     74.875   -5.05807   -29.9418    54.6724   -46.8011   -6.50322    2.18481    34.9329   -23.1843   -3.17641
    19.375     75.125   -11.8041   -13.9888    37.9679   -33.5798   -2.06673    4.52745    5.27407   -11.0324    24.9413
    19.375     75.375   -4.38711   -21.3018    14.6247   -43.4518   -2.30955    2.87493    1.37829    -18.686    14.7665
    19.375     75.625   -12.9058   -22.3833   -12.5809   -45.7523   -1.44603    1.49454   -8.07587    -20.663    15.9201
    19.375     75.875   -22.2401   -14.9507   -23.7023   -45.5066   -0.13996   0.731164   -8.11241   -20.1467    5.62966
    19.375     76.125   -15.0995    -14.311    4.40431   -47.3201   -1.20813   0.887668  -0.646664   -28.6204    22.2066
    19.375     76.375   -19.6006   -13.3674    5.20372   -42.9988   -1.49275  -0.699303    5.22427   -36.8329    20.3006
    19.375     76.625   -20.1022   -23.3676   -3.73485   -36.9037   -2.15492   -1.06148    4.86921   -36.7115    6.26327
    19.375     76.875    -1.3845   -16.2787   -18.2483   -39.8478   -2.10495   0.116332    25.7213   -31.0863      21.01
    19.375     77.125     3.0515   -16.1365    16.0495      -41.9    3.04803   0.203918    15.2708   -33.5488    35.7971
    19.375     77.375   -8.14321   -5.83158   -26.1398   -44.1025 -0.0645917  -0.746949    21.5436   -40.5822    11.1943
    19.375     77.625    17.8267   -9.16868   -52.5122   -55.5891  -0.223469  -0.495851    8.21247   -40.5259    33.8847
    19.375     77.875    11.9936   -8.81905   -5.58842   -29.8276   -1.50051  -0.139921   -2.57032   -38.0139    31.1752
    19.375     78.125    13.2006    -7.0715   -24.1797   -50.9137   -1.21583   -0.94899   -4.67971   -38.0646    35.1935
    19.375     78.375   0.025675    -2.8552    12.4289   -43.4958   0.528382    -1.3375  -0.980425   -41.1488    75.5004
    19.375     78.625    15.4811   -3.39082    29.4635   -40.4481   -2.48097   -2.42812    4.13318   -34.7024    51.1551
    19.375     78.875    18.7311   -3.23015    6.60191   -38.7616   -5.25353    -3.3682    5.78001   -22.1848    31.3834
    19.375     79.125    16.9332 -0.0747639    30.4137   -27.6798   -5.06715   -2.67313    10.8152   -20.8865     49.496
    19.375     79.375     20.432 -0.0812792   -8.16956   -28.1481   -3.51976   -1.64067     8.3072   -9.26424    34.8431
    19.375     79.625    21.3501    7.86703     4.6003    -47.655   -1.47656    -0.6163    1.33257   -38.3386    30.9517
    19.375     79.875     13.443    10.2208    -27.357   -61.0447   -8.21818   -1.36548  -0.256861   -37.6099    23.1031
    19.375     80.125   -2.19605    10.5062    -24.885   -46.3565   -1.78949    -1.0545    2.42085   -31.1091    24.6657
    19.375     80.375   -7.41576    7.47326   -29.4749   -51.1474    2.37273   0.303582   -1.23256   -37.6533    30.7324
    19.375     80.625   -4.38238     7.4803   -3.77067   -26.7281  -0.153878   -1.04502  -0.259483   -40.1452    24.5879
    19.375     80.875   -11.7563    6.31043  -0.425815   -22.6319   -2.20064   -2.30138   -3.61198   -33.9353    22.2323
    19.375     81.125   -6.39893    5.14707    9.19038   -20.6721   -6.75381    -3.6323   0.723071   -29.0021    21.0554
    19.375     81.375   -6.24731    2.15138   -24.0569   -36.0346   -9.47585   -6.46716    4.05909    -28.792    19.2867
    19.375     81.625   -9.87744    5.48542   -21.3201    -37.427   -23.4162   -6.93399   -6.42474   -18.4663    11.2768
    19.375     81.875    3.02623    9.48619  -0.755249   -46.5648   -2.19602    8.67257   -14.6925   -25.5773    18.5274
    19.375     82.125   -6.46485    12.4732    2.20856    -44.297    4.51121     16.085   -13.8188   -29.2422   -6.70199
    19.375     82.375   -17.6325    23.3476   -7.66061   -50.0191    4.35702   -4.62472   -11.9063   -27.0417   -9.24026
    19.375     82.625    1.81972     21.445   -16.6655   -55.1674   -3.19499    12.0033   -13.2774     13.087    11.6964
    19.375     82.875   0.033325    31.5919   -8.35698   -43.6374    2.30974    37.2735   -7.94327   -11.6984    25.5522
    19.375     83.125    1.45186    34.1692   -23.7206   -14.5388   0.736008   -8.62955    5.04586    -20.908    -21.228
    19.375     83.375    5.44022    17.6825   -17.5249   -30.6364   -28.7091   -15.3678   0.945518   -13.3914   -16.6607
    19.375     83.625   -5.40875   0.424649   -16.8637   -28.1425   -13.6363   -14.0828    7.62105   -21.2082   -19.4133
    19.375     83.875   -14.2856    6.71184   -28.0488   -14.3583    6.23313   -18.1072    17.8588    -16.563   -9.25501
    19.375     84.125   -13.6202    7.14468   -18.4867    7.07433   0.707972    -1.2511    3.53073   -1.57096   -13.8693
    19.375     84.375   -12.6368  -0.634857   -12.8044    27.7425    -1.8373    -10.871   -8.43712   -7.87916   -21.4659
    19.375     84.625   -9.70178   -3.21128    -8.6615   -9.50108     22.377    -7.6843   -12.4373   -14.9044    13.4777
    19.375     84.875    5.89302   -2.36538   -21.7315   -16.0497    12.2455   -2.72722   0.533519   -13.2294    9.50177
    19.125     73.125    8.02039   -9.62403    2.26577   -76.4201    3.92144   -1.68567    11.7419   -17.6375    42.2653
    19.125     73.375    5.66348   -11.6112    6.19386    -65.831   -1.19061    2.19133    15.2761   -20.3738    33.4016
    19.125     73.625    6.28097    6.29443     29.009   -31.9356   -6.66966    5.75976   -13.2163   -20.6205     23.783
    19.125     73.875    13.0906  -0.364679    45.0298   -35.7352   -7.02568     5.9264    2.22129   -25.9347    14.9681
    19.125     74.125    17.0236    -35.544    38.0268    -52.744    -12.235   -3.65245    -3.5033   -11.6009    19.9616
    19.125     74.375   -4.82224   -26.7503    50.0409   -15.7164   -5.31538  -0.698381    18.7294   -1.39082     13.736
    19.125     74.625   -9.15608   -32.6377    44.7062   -28.4656   -8.88517   0.674496    23.0525   -18.8125    20.1066
    19.125     74.875   -16.2126   -34.3834    3.87488   -46.0447   -6.36441  -0.634314    20.8233  -0.682554    24.7862
    19.125     75.125   -13.5199   -21.1073     16.661   -39.4426   -2.89994    2.70774    22.0371   -12.9326   -6.07132
    19.125     75.375   -7.69405   -14.4275    14.4084   -38.3422    -1.1134     1.4983     10.101   -9.66701    16.1205
    19.125     75.625    -7.8788   -15.6919   -3.08175   -39.4836   -1.29903    1.20252     5.6361   -14.4332    14.4747
    19.125     75.875   -0.72904   -20.4695   -10.9828   -11.9315   -1.84293   0.420743    4.77246   -16.9092    6.64212
    19.125     76.125    13.1489   -14.7096   -6.77119   -22.1759   0.128847     0.6458    10.4145   -15.8923    2.63356
    19.125     76.375     12.959   -13.9061   0.210736   -35.4556   -1.27128    3.16394    15.5582   -30.3879    18.3201
    19.125     76.625     22.381   -12.5489   -3.73848   -19.5434   -2.90092    4.62258    7.57122    -35.069    29.2707
    19.125     76.875    22.0394   -14.8298   -25.3471   -13.2975  -0.713947    1.98049    8.95659   -35.2118    1.89532
    19.125     77.125    4.94693   -18.3616     19.151   -22.1983    4.68721  -0.936274    14.1237   -32.8558     12.674
    19.125     77.375    27.6969   -15.9948    34.4636   -40.9031   -1.62887   -1.19406    1.01976   -32.6155     20.546
    19.125     77.625    15.2141   -9.08663   0.741282   -48.1888   -1.01532   0.913124    4.81518   -38.3026    37.5075
    19.125     77.875    13.5398   -9.86267   -15.1073   -44.5544   -4.64864   -1.06037   -3.07548   -45.8112    27.6093
    19.125     78.125    6.54485   -7.99999   -24.0677   -47.8916   -3.53954  -0.396117   -8.77095   -33.6195    14.4712
    19.125     78.375   -8.22762   -9.51916     21.999   -37.1465   -2.88578   -2.72447   -10.5131   -42.3721     39.772
    19.125     78.625    1.19725   -3.70875    27.7231   -36.8433    -2.1323   -1.92765   -7.05405   -47.4891    49.5344
    19.125     78.875    16.6251  -0.140924     41.275   -34.1228   -4.26043  -0.516868     7.5318   -35.0175    27.5373
    19.125     79.125    28.8255    4.59733    12.5107   -30.9894   -3.01658   0.550013    -9.7995   -23.8186    47.9826
    19.125     79.375    8.66066   -1.50847   -12.4058   -45.9835   -2.43082   -1.22445   -26.8929   -21.7956    60.3702
    19.125     79.625    22.7231    12.5481    9.59715   -46.1906   -5.07028  -0.722844    1.14559    -34.551    56.5257
    19.125     79.875    12.7254    14.9026    22.4712   -43.3374   -2.94746   -1.67443    3.92038   -32.1921    29.9051
    19.125     80.125    7.55812    16.1794   -13.2551   -57.7477   -8.41839   -6.10921   -6.65618   -23.2253    35.3842
    19.125     80.375   -1.14723    12.7579    -24.856   -58.0835   -6.76127   -4.13414   -5.60143   -22.5734     40.456
    19.125     80.625   0.352906    7.68405   -5.16541   -40.7471   -2.78158   -4.88999   -11.7941   -34.2356     19.389
    19.125     80.875   -10.9195    1.87299   -19.1989   -38.2246    1.14348   0.656114   -17.4001   -32.9297    16.0021
    19.125     81.125    -3.5946    6.68714    8.62453   -43.4163   -7.16452   -4.02239    -3.0907   -38.6401    12.2983
    19.125     81.375   -8.15121    4.89206    -32.085   -32.5805   -20.3134    -10.138    1.81539   -22.5451    12.1025
    19.125     81.625   -18.7733    18.8074    25.5994   -31.7932   -10.0972   -7.41232   -13.6988   -12.3014   0.909038
    19.125     81.875   -37.6629    20.3395   -33.6294   -23.4214   -15.1713   -12.1455   -27.0872   -3.72273   -11.2303
    19.125     82.125   -18.1845    14.8946   -6.59387   -14.7478    16.9266    10.3348   -15.6146   -6.97735   -6.82562
    19.125     82.375   -21.3514    15.0374   -31.9023   -33.3143   -6.20988   -2.93067   -24.8727   -19.1373   -12.2982
    19.125     82.625   -13.7827    16.1208   -18.0443   -3.52458   -7.23438    20.7981   -9.73959   -7.98575   -2.57884
    19.125     82.875   -3.40349    27.3652   -6.63619   -19.8264   -10.9376    26.5751    4.33631   -17.5417    -6.5961
    19.125     83.125   -3.82845    21.4389   -2.55667    -10.363   -14.0012   -1.40884    1.87035   -11.2063    -21.159
    19.125     83.375   -8.64848    2.82604    -24.276    -6.1036    15.6616    9.40258   -4.68578     -12.94   -35.4225
    19.125     83.625   -8.53481  -0.169871   -1.41215   -11.8386   -7.74074    3.34401   -8.27921    -26.276   -25.7738
    19.125     83.875   -13.2539    18.3601   -5.68503   -18.7133    19.4429    8.79551   -9.03208   -21.9563   -17.2897
    19.125     84.125   -3.74361    15.2021   -17.6222   -4.34531    29.3293    3.59644   -6.48771     7.8387   -11.8344
    19.125     84.375   -4.36572    6.27941   -18.0485   -24.4699    14.9516    -8.2358   -8.67662    1.67921     4.3949
    19.125     84.625   -14.2489    1.74917   -10.6539    6.63961    22.7615   -6.13328   -4.54261    4.47143    3.86044
    18.875     73.125    2.89217   -9.64265   -6.15653   -85.0905   -1.92628  -0.697517   -3.30993   -23.6405    66.3653
    18.875     73.375  -0.457464   -18.4175   -11.8844   -56.9966   -3.92466    14.1505    3.82544   -16.1705    30.2602
    18.875     73.625    4.75367 -0.0121153    26.7717   -25.2962   -6.91522    18.8406   -13.4106   -26.7819    27.4222
    18.875     73.875    16.8801   -2.57233    55.3357   -28.7999   -9.41252    15.4302   -3.51699   -40.9556    27.8474
    18.875     74.125    3.70756   -33.0173    11.5978   -44.2836    -9.2487   -4.79173   -17.3003   -7.88125    2.91116
    18.875     74.375     2.9345   -40.7589    48.0015   -57.3953   -14.3544   -6.22938      6.218   -11.1825    -3.1666
    18.875     74.625   -16.5832   -34.5823    34.1481   -38.2206   -9.45502   -1.96526    24.3234   -13.2074    5.93005
    18.875     74.875   -11.6409   -34.1239    8.87144   -49.9935    -7.8821   0.377113    26.2892   0.418121    17.0194
    18.875     75.125   -18.8008   -30.3565    -9.0373   -49.2107   -5.94234    2.88043     24.547   -8.32509   -5.67074
    18.875     75.375   -11.1676   -6.55645    2.39843   -36.7659   -3.62964  -0.969837      10.09   -14.1676   -3.12037
    18.875     75.625   -9.93214   -19.6477   -8.70981   -34.9839   -2.04364  -0.327294    7.72276   -13.8698    12.6747
    18.875     75.875   -9.38018   -28.5053   -4.73678   -26.5572    -2.7051  -0.548836    2.73402   -17.0627    8.89407
    18.875     76.125  -0.294232   -18.9084   -10.7068   -44.9426   -2.08869  0.0992139   -5.13803   -19.5801    1.44306
    18.875     76.375    17.4291   -15.6534    19.8096   -39.3104  -0.202276    4.58129   -1.31862   -32.6256      47.04
    18.875     76.625    13.0793   -20.1818     -7.615   -22.4702  -0.700182    4.40869  -0.321439   -38.0949    28.0185
    18.875     76.875    7.58267   -16.9415   -9.24217   -10.3967   0.724693    0.91225   -12.7868   -37.8657    5.66902
    18.875     77.125    12.1822   -16.3548    49.9794   -19.3921    1.03096   0.212621    8.40934   -37.1358   -2.15324
    18.875     77.375    15.5234   -21.2107   -16.6003   -49.5343   -0.98759   -1.06976    8.98594   -46.7066    41.3926
    18.875     77.625    24.4958   -6.01663    37.1537  -0.684254     1.9196   -1.22126     10.219   -33.1914    46.6879
    18.875     77.875    27.0666   -7.85712    4.88193   -40.4256   -3.25396   -1.24513 -0.0499389   -28.4756    27.7021
    18.875     78.125    31.2435   -8.70559   -10.8639    -44.556   -4.59452   -2.51455  -0.918746   -26.8548    19.4601
    18.875     78.375   -34.0233    -17.801   -61.0447   -48.9754   -9.95913   -7.73553    -9.1466   -32.6632    23.9624
    18.875     78.625    17.4591   -3.22844    63.2494   -33.5214   -5.78848   -1.10789   -9.21891   -41.8665    35.5671
    18.875     78.875    10.7974   -1.75758    45.8679   -40.5975   -4.36048  -0.821807   -4.34954   -43.7223    41.0933
    18.875     79.125    35.6888   -4.50209   -7.90201   -37.4317   -3.48913  -0.550628   -6.22251   -38.3226    24.1421
    18.875     79.375    20.6864   0.838096    6.78454   -22.8942   -3.32823 -0.0592347    -21.195   -41.8117     49.116
    18.875     79.625    21.2909    12.2471    10.5367   -26.4034   -5.39525   -1.67727   -2.71506   -27.2983    47.9086
    18.875     79.875    21.0134    25.9512   -4.20584   -46.6668   -5.79921   -2.86932  0.0256667   -37.2706    42.1203
    18.875     80.125    11.8136    20.5097    3.56908    -50.797   -7.95072   -5.04921   -9.79329   -20.7985    44.0971
    18.875     80.375    8.12009    14.6974   -9.31353   -41.6875  0.0612264   -1.42154   -11.0295   -34.0549    32.7998
    18.875     80.625     2.8148    11.1593   -11.6309   -41.3106   0.821121  -0.515062   -18.8683   -27.2493    17.5603
    18.875     80.875    7.43682    10.5366     -1.824   -45.2888   -7.51916   -2.60722   -15.8014   -34.8621    7.63615
    18.875     81.125    3.44334    16.3495    7.30857   -52.0647   -15.3624   -6.76056   -13.4475   -39.2818    8.48112
    18.875     81.375   -22.7236    16.2809   -14.4452   -21.7231   -12.1959   -1.62693   -9.56112   -25.8676    7.36425
    18.875     81.625   -11.5261    28.6169     40.381   -33.2829   -11.1422   -7.58965   -10.3217   -9.55376    7.79427
    18.875     81.875   -18.5595    12.7603    5.57758   -19.2895    5.72582     26.108   -20.4713  -0.140904     7.0057
    18.875     82.125    8.39657    11.9844   -2.17185   -17.3173    9.02086    16.1635   -9.06533   -24.5987    19.8535
    18.875     82.375    10.3685    18.8029   0.295046   -19.6269   -2.30601    11.3764    -15.482   -9.39685    22.1672
    18.875     82.625   -15.6942    10.6105   -14.6948    3.46813   -11.2536    -13.292   -9.89299   -22.6236   -7.45162
    18.875     82.875   -0.19296    15.5999   -27.1826   -8.48518   -16.4698   -1.26773   -4.54086   -20.8016   -37.6488
    18.875     83.125   -13.6509    9.76618   -30.1577   -6.87649   -31.3915   -18.9078     14.097   -5.38341   -12.9817
    18.875     83.375    3.68653    5.01345   -5.06649    22.7525    11.5888   -7.20068   -4.87727    1.06469   -11.0636
    18.875     83.625   -8.53485     6.9285    2.78266   -10.3325    24.2528  -0.613336   -22.5309   -5.48498   -24.3886
    18.875     83.875    -18.635     13.743    4.47621   -23.3216    18.5504     6.4644   -17.1416   -6.18747   -3.21075
    18.875     84.125   -18.7359     11.635   -16.6418   -11.0286    10.6651    9.26324    7.06044    0.31766   -9.73941
    18.875     84.375   -2.65042    2.00975   -26.0382    -15.144    12.3817    7.22949    6.19048    2.08638   -10.1776
    18.625     73.125    2.66344   -1.80933    6.44414   -68.9215    4.22454    -2.0969   -7.64016   -24.2216    60.6119
    18.625     73.375    7.33036    5.49635   -4.89871   -42.9762   -5.99381     14.512    -18.645   -25.9809    29.7931
    18.625     73.625    4.99651   -4.61681    12.7216   -34.1346    -12.035    5.68919   -17.3216    -31.665    8.04511
    18.625     73.875    11.0553   -12.3237     16.038   -26.7627   -13.0182    4.27443  -0.181686   -31.0863    1.17549
    18.625     74.125    26.6008   -26.2555     47.254   -31.1328   -11.4649   -3.19332    24.4062   -28.9118    16.2305
    18.625     74.375    24.7577   -28.5617    45.8605   -35.7185   -14.2973   -1.77259    26.7385    -11.347    4.87627
    18.625     74.625   -8.14822    -45.216    29.6948   -45.2253   -11.7438   -3.07991     41.911    -10.415   -4.40932
    18.625     74.875    -16.966   -40.7408   -4.53955    -52.101   -7.18545    -2.9455    48.6796   -4.89074    1.34962
    18.625     75.125   -21.5943   -32.3316   -14.4031   -47.0269   -6.60045  -0.637889    42.5467   -10.9417   -16.4668
    18.625     75.375   -10.1676   -30.4645    10.5157   -38.6339   -4.39029  -0.501976    24.8449   -4.83495   -9.82274
    18.625     75.625    1.56609   -20.1149    15.5086   -7.44586    -4.7878  -0.870093    12.8713   -18.1369    21.0817
    18.625     75.875   -9.79925    -17.423    9.34333   -13.4317   -3.75384   -1.38273    17.2751    -21.586    3.66304
    18.625     76.125    -5.3054   -12.2069   -16.1343   -27.9142   -2.81962    1.64145     8.9208   -20.8781    3.79544
    18.625     76.375    14.4506    -24.818    -16.152   -23.6924   -1.48724  0.0781556   -2.90108   -28.5601     42.265
    18.625     76.625     36.408   -19.9973   -22.5112   -30.0585   -2.68084   0.740219  -0.885364   -19.0568    43.8571
    18.625     76.875     6.0116   -21.7289    10.7261   -32.1966   0.361692  0.0470292    -3.7826   -28.1328    21.8622
    18.625     77.125    -2.3145   -19.8281    -31.436   -42.0733   -0.23719  -0.701964    -7.9389   -40.7956    20.2991
    18.625     77.375    31.4102   -8.71647   -33.9615   -43.7425  -0.872892  -0.546246   -8.40088   -37.4056      32.47
    18.625     77.625    48.1396   -9.78994    3.20918   -33.0098  -0.754793     2.0671    13.4956   -33.0394    21.5308
    18.625     77.875    24.9095   -5.99288     9.7425   -28.5749   -4.29817   -1.39727   0.721965    -35.209    50.4996
    18.625     78.125     19.068   -10.1394    28.5128   -14.3857   -3.25828  -0.774033   -6.67812   -31.2836   -2.71664
    18.625     78.375    12.9294    -8.9449   -5.93531   -12.3431   -4.15836   -2.41022    -12.991   -16.8091   0.330801
    18.625     78.625    15.8783    -4.7272    35.0755   -15.9619    -7.1766    -1.5396    1.08641   -38.6151     26.984
    18.625     78.875    18.4176   -8.59676    15.2547   -14.6496   -3.89357   -1.71211   -1.59313   -30.0684    14.2396
    18.625     79.125    18.5388   -3.57295    47.5514   -27.9736   -3.30861   -1.41663    -6.9505   -18.1118    18.8719
    18.625     79.375    21.1871  -0.323917    9.71461   -25.1153   -4.24978   -1.02711    -3.4887   -40.6446    40.7499
    18.625     79.625    22.7609    8.95037    7.67966   -23.3485   -6.03839    -1.6365    2.91898   -39.3225     53.379
    18.625     79.875    20.6241    20.9412    42.2888   -47.0369   -5.90995   -2.78398   -13.5933   -38.9524    43.5236
    18.625     80.125     14.594     23.172    1.50195   -38.5301   -7.01167   -2.79224   -17.4897   -30.6487    39.2063
    18.625     80.375    11.7994    14.0503    2.46389   -43.3167   -8.27508   -2.66559   -19.9174   -17.3976    49.7142
    18.625     80.625    3.52479    13.0649    -22.034   -43.8533   -2.98537   -2.41791   -24.3984   -29.8972    25.0565
    18.625     80.875   -3.42258    11.3444    4.51132   -45.0447   -15.2846   -5.44554   -12.8235   -28.0754    2.63463
    18.625     81.125    -17.349    5.77578  -0.903486   -44.0816   -18.7072   -7.75837    -10.744   -23.5892   -6.57245
    18.625     81.375   -18.3133    16.9662    16.5681   -37.4772   -18.6751   -4.85036   -9.54071   -23.4211    17.0441
    18.625     81.625   -17.9634     14.172   -9.17903   -28.3616   -12.8066    1.94928   -10.0361   -20.7155    10.9763
    18.625     81.875    10.0511    12.4399    3.04159   -37.9578   -16.6676   -9.90185   -16.9153   -8.33921    28.9389
    18.625     82.125    20.9531    8.27618   -6.74588   -6.93193   -10.2053    9.67602   -2.22556    -7.0024    22.9992
    18.625     82.375    2.18549    13.7271   -22.2235    -6.5656    2.27496    3.58491   -14.3217   -6.06893    17.5677
    18.625     82.625   -4.91431    15.3135   -15.9683    26.7411   0.680331   -5.08767   -3.75371   -20.1923   -5.58066
    18.625     82.875   -11.2282     7.2759   -16.8116    8.67062   -7.35524   -1.61904    6.65585    3.88895   -11.2701
    18.625     83.125   -10.8547    7.42718   -24.9569     -12.23   -8.45162   -16.3041    6.15807   -1.74746   -12.3955
    18.625     83.375   -21.2943    4.51841   -19.3017   -1.51729   -3.91063   -17.0735  -0.305363   -2.59843   -1.39617
    18.625     83.625   -16.7977    1.19195   -20.5043    17.2314    29.9202  -0.476139    9.28178   -11.8699   -17.4331
    18.625     83.875   -20.3396    5.48173   -19.0189   -8.09604    23.4376   -5.25815   -11.0034   -9.97705   -5.68611
    18.625     84.125   -24.8935    7.81272   -17.4184   -15.0136    2.80869     5.5364   -4.79937   -10.5029   -5.93114
    18.375     73.125   -8.61847   -10.4808   -8.13302    -71.393    5.41812   -1.56902   -20.8514   -13.7068    38.7979
    18.375     73.375    6.55591   -2.56971   -18.7869   -58.4225   -11.3908   -4.14816   -35.5961   -23.9247   -2.47197
    18.375     73.625   0.857218   -5.36096    29.7943     -35.58   -12.8169    15.3451   -15.4149   -30.6923    11.8584
    18.375     73.875     2.8473   -10.4211    40.8054   -38.0216   -12.9447   -1.36916    -6.8291   -26.4264    14.8961
    18.375     74.125    10.3329   -24.1307    38.7118   -20.1971   -10.5251    2.66886    22.7446   -24.0492    12.4094
    18.375     74.375    8.54639   -19.5278    27.6111    -14.228   -7.31524    10.6919    26.6286    -18.051    8.84594
    18.375     74.625   -17.0018   -40.4337    13.3782   -32.4808   -11.2211   -1.54578    39.0107    -9.3985     4.5957
    18.375     74.875   -31.0112   -45.8681   -11.0304   -43.8619   -11.6763   -4.50562    40.2724   -14.5152   -2.20387
    18.375     75.125   -19.2389   -37.2457   -26.8837   -31.9375   -7.26635   -1.96088    40.4321   -5.85862   -11.2346
    18.375     75.375   -1.37301    -23.531    22.9219   -15.6156   -6.75834  -0.921276    19.2103   -9.98283   -9.93205
    18.375     75.625    1.33246   -29.6378    7.54402    7.81891    -6.3296   -1.63987    20.3759   -8.76285    11.6103
    18.375     75.875   -3.46628   -13.9794  -0.713074   -17.8139   -7.02923   -1.72096    11.8545   -15.7218    17.6594
    18.375     76.125   -1.59338   -6.31034     13.548   -27.5411   -5.72095  -0.696825    2.38412   -23.0502    1.86398
    18.375     76.375   -3.62642   -7.76375   -22.5663   -54.7949   -3.23481   -1.28903   -10.7412   -7.60771    -15.123
    18.375     76.625    6.91343    -9.2183   -20.0127   -46.5743   -3.64954  -0.725601   -12.5681   -25.7255    12.6061
    18.375     76.875    5.84558    -19.262    11.9688  -0.485026  -0.170757  -0.534882   -8.66842   -13.3661    5.50656
    18.375     77.125    16.4193   -16.4173   -25.9416   -32.7391    4.55439   -1.54774   -10.3162   -36.9722    3.73777
    18.375     77.375    23.8531   -10.2588   -26.2898   -40.7074    7.73964     -1.997   -11.4203   -15.6393    8.19224
    18.375     77.625    50.5642   -12.4375   -22.1598   -31.3752   -2.48821   -1.76548    1.67296    -21.054    4.15003
    18.375     77.875    46.3832   -9.81023   -23.6906   -11.3499   -4.05179   -1.32869   -2.76265    -31.806     12.342
    18.375     78.125    36.3497   -8.53319     17.793   -3.22899   -3.89776    2.84828   -13.7562   -29.6098    36.7017
    18.375     78.375    14.7295    -12.747    24.7385   -12.1997   -6.48727    2.32186   -25.0241   -20.9601    53.7623
    18.375     78.625    16.5029   -6.47373    20.7345   -14.8315   -4.16686   -2.41543    1.36176   -30.7548    17.5613
    18.375     78.875    7.41261   -2.07578   -8.74129   -16.6624   -7.23665    -2.8112   -11.3974   -9.60188    20.6495
    18.375     79.125    1.70073   -6.28195    21.9134   -29.2175   -5.35414   -2.35815    4.72383   -34.3764    18.3958
    18.375     79.375    12.3582    -3.3126    13.4773   -32.9817   -3.40597   0.210457    12.2067   -41.8274    28.5939
    18.375     79.625   -1.98621    5.79083     3.6763   -45.7982   -3.39081   0.303906   -8.75421   -51.6694     32.492
    18.375     79.875    2.53983    7.27045   -22.4608    -48.317    -6.7688   -1.96456   -4.65387   -42.7959    22.5434
    18.375     80.125    8.39972    2.65028   -12.2503   -41.8016   -8.15647    -2.2668   -14.2729   -16.2796    33.2594
    18.375     80.375  -0.180128    11.7866   -17.5386   -54.4101   -9.64247   -6.17059   -11.0289    -21.743    37.0974
    18.375     80.625      14.75    20.6078    13.5947   -50.1712   -10.0411   -4.56952   -18.7942   -14.9094    26.3301
    18.375     80.875   -16.4798    11.4575     0.3069   -56.1949   -19.9513   -9.10908   -14.1029   -19.0036    16.2662
    18.375     81.125    -8.8168    18.3543   0.152967   -42.8615   -9.94568   -4.23889   -20.5775   -26.1845    19.6363
    18.375     81.375     2.2703    17.3597   -5.97324    -26.123   -4.20621   -3.49236   -14.5697   -21.2414    14.3655
    18.375     81.625    16.0386    28.0315   -17.1988   -55.7088   -16.3138   -5.95552   -25.8873   -27.6668    17.4748
    18.375     81.875   -2.13336    9.55067   -14.8287   -57.8509   -26.4088    6.51397   -33.6686   -19.5509    30.2887
    18.375     82.125   0.972639     16.607   -17.0056   -34.1762   -19.2294     3.4103   -12.4761    -11.572    24.9454
    18.375     82.375   -4.39792    10.8739   -11.7128   -31.4104   -10.6962    8.19864   -8.42582   -3.37032    15.5716
    18.375     82.625   -2.72586    16.4061   -13.6861    4.12112    -4.9224   -3.40881    9.94714   -2.37418    9.62451
    18.375     82.875   -10.0463    16.3019    -24.095 -0.0680028   -19.3507   -13.5752   -6.50917    15.5198   -24.0735
    18.375     83.125   -23.6386    9.12062   -16.2136    16.0753   -16.7086    15.2947    5.78066    5.37487    3.52098
    18.375     83.375   -25.6855    14.9661   -8.55823    21.6149   -18.9026   -7.60247    9.52055   -19.2349       2.56
    18.375     83.625   -22.9785    9.49568   -21.6828   -4.16162    25.8208   -5.11174    11.4848   -5.05455    2.09278
    18.375     83.875   -11.9213    6.38065   -19.2438   -12.6375    33.3604   -14.1995   -3.17155   -5.22241    1.52509
    18.125     73.125   -6.04672   -1.74003    1.01014   -69.8183   -11.6282   -2.34923   -3.20592   -15.8038     19.464
    18.125     73.375   -10.5831   -8.94705   -33.7931   -68.8719   -15.3884   -3.30073   -31.8074   -15.1084    18.8454
    18.125     73.625    2.99783   -1.21283    9.95087   -43.6668   -12.4134  -0.316506   -22.3788    -37.512    22.6419
    18.125     73.875    8.78151   -8.46035    39.7657   -38.6208   -12.8109    -1.1091   -3.23749   -25.6471    32.8709
    18.125     74.125     7.0232   -25.9439    2.01673   -27.2479   -13.6377   0.495076    22.7957   -30.9945   -3.00558
    18.125     74.375    6.58242   -21.6342    21.9696   -12.2297   -12.8088   0.138871     19.231   -29.8248   -15.3675
    18.125     74.625  -0.798024   -39.1287    32.1248   -27.0913   -11.1075  0.0326708     24.818   -24.1161   -10.0016
    18.125     74.875    19.0502   -30.2766    15.4589    6.78974   -8.43735  -0.336443    29.1385   -14.5495   -10.5785
    18.125     75.125    2.68537    -36.298   -15.9716   -21.1576   -8.49942   -1.77159    1.06727   -21.8778    2.21479
    18.125     75.375     -23.35   -26.5411   -8.44512   -20.8883   -6.63658   -1.74778    15.9289  -0.713887    0.08735
    18.125     75.625   -9.98854   -36.9477   -14.8787    -19.641   -6.57919    -3.0795     18.521   -9.26912    10.7536
    18.125     75.875    -19.026   -41.3435   -42.1595    -43.043   -7.45097   -2.76699    4.39975   -13.9571    10.0475
    18.125     76.125   -1.24207   -8.92559   -8.35727   -28.4377   -5.08628   -2.11547   -1.07657   -13.4782    12.4898
    18.125     76.375   -5.32057   -8.26344   -16.7776   -45.9477   -4.98627   -2.17451    4.99993   -12.2591   -16.8078
    18.125     76.625   -4.20547   -6.14072   -2.72846   -40.4091   -1.26844    -1.7878   -15.4597   -5.65352     6.0532
    18.125     76.875   -11.6156   -7.07999    13.0685   -13.8927    6.01891  -0.782637   -7.14645   -1.33543    1.22683
    18.125     77.125    7.50123   -3.15725    42.1548   -7.51216    27.5759    7.43258   -1.12488   -17.7501    23.6096
    18.125     77.375    37.8715   -14.7247   -7.70273   -36.7206   0.746479   -4.13775   -4.49441   -34.5341    36.5171
    18.125     77.625    44.2799   -7.65748   -12.5873   -28.9132    -4.6609   -4.03317    14.6346   -11.6068    29.2716
    18.125     77.875    36.7936   -10.4956   -5.24626   -31.4527     -6.828   -6.37488    4.46957   -27.1305    24.1457
    18.125     78.125    27.2254   -10.2008   -4.93986   -11.0024   -5.08449   0.629794   -1.73169   -29.1698     36.669
    18.125     78.375     32.586   -9.72893    8.68177   -16.7629   -4.27322   -1.00602   -11.7938   -19.9779    23.9017
    18.125     78.625    23.6166   -7.74225   -26.2732   -9.26129   -5.10495   -2.85797   -1.54585   -19.5381    12.3479
    18.125     78.875    48.8364   -6.82643   -2.59672   -38.6628   -5.73731   -5.43977   -6.68233   -20.8539   -6.04607
    18.125     79.125    34.1982   0.190454   -6.79161   -38.0362   -4.81827   -4.64119    13.1987   -16.6809    39.1053
    18.125     79.375    14.5366    2.60847    36.7676   -35.4269   -5.96956   -3.01148     10.116   -38.4587     40.497
    18.125     79.625    5.26498    5.14538    51.6124   -37.9938   -4.21845  -0.139147   -1.24182   -44.3956    43.8654
    18.125     79.875   -2.66282     9.6971    5.44848   -41.1427   -5.75774  -0.840278    5.73118   -23.0934    45.4883
    18.125     80.125   -1.85893    9.61913   -13.1777   -43.4304   -5.18367    -2.4347   -1.94583   -27.7189    36.9383
    18.125     80.375   -11.1046    6.10747   -5.21524   -37.0361   -9.11474   -4.40794   -5.83271   -16.9975    22.5574
    18.125     80.625   -14.2742    10.0618   -8.74588   -42.4233    -7.4581   -5.00992   -5.82638   -33.3207    20.7711
    18.125     80.875    2.84951    9.09447   -10.5674   -45.5774    -5.5124   -1.49627   -22.9919   -21.3903    21.0958
    18.125     81.125    2.58173    11.6427   -15.6291   -41.4529   -4.34133    3.30933   -25.7014   -28.4862    10.3765
    18.125     81.375    9.83303    23.8243   -18.4106    -43.606   -8.20057   -2.82276   -26.1217   -41.2057    12.0891
    18.125     81.625     16.144    25.0927   -14.9091   -50.2958   -16.3808   -8.63511   -24.6766   -32.0636      20.47
    18.125     81.875     19.126    24.2921   -10.9015   -39.9596    -24.287   -13.8205   -16.4951   -27.5835     10.466
    18.125     82.125  -0.630033    14.6346   -11.1091   -17.9594   -14.1103   -15.9576   -1.90533    -20.351    14.8561
    18.125     82.375   -3.83491    17.9555   -8.64129    -13.233   -12.3473   -12.6906  -0.437114   -16.9553    18.5725
    18.125     82.625    3.52766    17.8432   -5.36393   -20.5987   -14.0272   -12.2952    1.65086   -11.7608    13.1143
    18.125     82.875   -13.6719    12.2426   -4.75454    -11.054    -20.616   -10.9045   0.257819   -5.35163   -6.28401
    18.125     83.125   -14.6023    8.11121   -12.3801    12.7676    -17.785     4.1448    5.95215   -3.31876   -5.61835
    18.125     83.375   -10.4386    7.59187   -20.8118    5.42873   -4.74692    4.45428   -2.26089     -1.319     -15.31
    18.125     83.625   -27.4813    2.07872   -12.5546   -12.4459    13.0168   -7.66859    1.92985   -2.46021    -13.854
    17.875     73.375   -13.2576    3.26965   -7.75002   -86.4335   -6.03161   0.656326   -13.4564   -8.02833    23.1676
    17.875     73.625    1.36218    3.88566     7.4986   -51.3271   -22.4043   -6.76707   -26.7191   -25.5191    34.8809
    17.875     73.875    5.11893   -5.16036    23.0661   -30.0426   -13.9765    1.33278   -4.80887   -28.4889    35.9744
    17.875     74.125    -10.005   -18.8663    32.4805   -34.7071   -15.4582   -3.91232    1.50321   -15.2297    5.87076
    17.875     74.375   -4.57057   -33.7456    14.4968   -22.3726   -14.7698   -2.82161    13.4857   -29.2799   -14.3713
    17.875     74.625   -14.4098   -40.2336    16.4399   -38.6785   -10.3676   -2.33289    21.2055   -20.7023   -2.36911
    17.875     74.875    4.42654   -40.4643   -1.81717   -11.6895   -8.03494    1.65774    21.8304   -23.8382   -7.42922
    17.875     75.125   -31.7344   -44.7501   -27.2093   -29.8093   -7.36979 -0.00204722    11.2671   -13.4629   -12.0665
    17.875     75.375   -16.5817     -37.19    -14.129   -13.5728   -7.63664   -2.48606     23.233   -4.53939    6.27551
    17.875     75.625   -1.18173   -30.2991   -6.80158   -23.7865   -7.79672   -3.57009    18.3095    -11.253    22.0794
    17.875     75.875   -2.72071   -32.8003   0.926428   -37.2013   -7.54432   -2.75439    9.62469   -21.3263    11.7032
    17.875     76.125   -24.1348   -32.9448   -38.0984   -45.3203   -8.97259   -2.43864    -2.5936   -10.0895   -1.32365
    17.875     76.375    -21.497   -28.9228   -27.9858   -38.1657   -8.74084   -3.64101    10.5592   -10.2249   -6.46665
    17.875     76.625   -8.61871    -15.212    -10.205   -23.2353   -7.28847   -1.50069     16.428   -7.52386   -10.3472
    17.875     76.875    4.84906   -10.5247   -14.0107    7.73759   -6.85025   -5.16694    6.36446    1.57489    7.79942
    17.875     77.125    13.0429   -7.77231    11.4519   -9.77143    8.02057   -4.07291     22.658   -12.2257     13.278
    17.875     77.375    31.4787    -8.7543    -14.064   0.146819   -6.49835   -4.30601    10.1013   -22.5815     43.744
    17.875     77.625     31.454   -4.24933    18.5122     -32.63   -6.61648   -1.50509   -11.6423   -7.54757    39.0835
    17.875     77.875    39.3267   -2.95232    6.87935   -11.2189   -5.16627   -4.06859    1.37528   -21.8767    20.3646
    17.875     78.125    27.5303   -6.73108    10.7854   -1.83156   -5.81475   -5.33266    11.2244   -18.8311    34.4704
    17.875     78.375    34.9551   -5.21111    4.29198   -33.5197   -5.25104   -3.89603    7.24343   -23.0669    24.1785
    17.875     78.625    30.9629   -4.87971   -4.38941   -31.2424   -6.25954   -5.45193    2.96852   -19.2926    18.6985
    17.875     78.875     24.857    1.51937   -3.46282   -37.1587   -8.24857   -7.42797    4.65627   -25.9138    21.8795
    17.875     79.125    34.8984    2.82701    -2.0122   -31.6587   -9.51778   -8.27202    2.43746   -27.2071    23.0359
    17.875     79.375    20.8405    2.78619   -22.4822   -31.0001    -8.4205   -5.73168    8.01498   -32.1171    20.1584
    17.875     79.625     20.885    5.99826   -30.2072   -34.8096   -7.06436    -4.7051     2.8996   -39.8376    25.3132
    17.875     79.875   -6.01194    1.91198    18.0443   -16.6116   -7.07569   -4.23848    5.73696   -37.8323    35.4025
    17.875     80.125   -7.27164    6.59331    10.6765   -35.5445   -3.56252   -2.54693    17.5299   -34.8254    16.1392
    17.875     80.375   -14.2613    5.35324   -10.4194   -37.0379   -8.19961    -5.3199   -5.46671   -13.8874    10.4107
    17.875     80.625   -10.8519    8.35227  -0.306512   -30.8977   -7.90446   -6.00903   -13.9582    -32.415    6.81094
    17.875     80.875    9.63599      18.68    7.82323   -39.1732   -4.25594    3.39452   -2.16091    -30.883    16.2516
    17.875     81.125    6.32075    13.1393  -0.763018   -32.5451   0.596668     4.2787   -9.10805   -24.2914    20.3134
    17.875     81.375     13.411    16.6777   -12.6139   -44.2719   -9.50206   -1.64892    -23.833   -31.9638    17.0165
    17.875     81.625    9.24921    20.1746   -11.1275   -27.4002   -12.2225   -3.16861   -16.5872   -30.3723    2.59411
    17.875     81.875    6.43467    12.7813   -1.95762   -9.52821   -20.8911   -6.20075  -0.778233   -11.4364   -2.47909
    17.875     82.125    7.51543    14.7806    5.67198   -1.37262   -20.3388   -14.0517    6.98233   -13.9519    12.7197
    17.875     82.375   -4.47144    22.1788   -4.99926   -18.8876   -9.00943   -14.7978    1.30036   -17.5903    18.6073
    17.875     82.625    -7.8871    14.2038   -7.72736   -9.44075   -2.91391       -3.5     1.1813   -4.34788   -7.46736
    17.875     82.875   -8.93286    12.1814   -13.7526   -7.36213   0.109939    -4.2698    9.27634   -5.47219   -11.1252
    17.875     83.125    2.86549    3.52135   -8.96238   -7.15627   -10.4474   -9.57765    9.99089   -9.18823     6.5427
    17.875     83.375     5.4291   -2.51059   -7.59279   0.601953   -5.11029   -2.60003     3.4603   -17.9695    11.5499
    17.625     73.375   -6.49831    8.25352   -16.4158   -97.9272   -4.17831    2.01866   -6.53601   -10.0135    29.3055
    17.625     73.625   -24.9816   -14.1618   -21.0818    -65.648   -18.0491   -12.7566   -33.8925   -28.7362    38.0854
    17.625     73.875    13.4476  -0.443554     6.9382   -40.8896     7.8669    -7.7662   0.236546   -30.5985    26.5344
    17.625     74.125   -24.2846   -30.0655    10.0493   -50.6604    -18.524   -6.67747   -6.49148   -38.3243    34.1248
    17.625     74.375   -43.9638   -49.7317   -29.9196   -54.1424    -27.814   -17.5693   -15.0938   -14.6525    9.34352
    17.625     74.625   -30.3649   -36.7018   -5.94622   -41.8616   -11.5497   -4.85154    12.3787   -18.2725   -1.26833
    17.625     74.875   -4.80849   -37.8159   -13.6087   -35.2148   -12.2991   -2.72085    29.6749   -2.70794   -7.77941
    17.625     75.125   -16.6006   -25.6604   -36.1176   -37.4414    -7.0384    4.72688    24.1406   -5.05368    -3.3507
    17.625     75.375   -2.53308   -24.6437    7.41838   -7.69806   -7.52917   -3.12755    34.0962   -6.76354      20.77
    17.625     75.625    6.26405   -20.0136  -0.203503   -16.8251   -11.6917   -3.41624     26.807    2.91127    15.3992
    17.625     75.875   -16.5793   -26.0556   -26.4059   -34.8211   -9.45197   -3.58813    22.8293   -10.9548    10.5617
    17.625     76.125   -17.0785   -33.8443   -16.6599    -26.905   -7.32292   -3.55768    14.2277   -18.5749    5.13903
    17.625     76.375   -26.9776   -34.6838   -19.9539    -21.692   -8.50273   0.566153    17.6444   -6.60864    2.09407
    17.625     76.625     5.9315    -12.613   -13.5021   -5.88375   -10.5773    12.9215    14.9848   0.247862   -1.84762
    17.625     76.875    18.3532   -8.80208   -5.93203  0.0487472   -0.45371    11.6948    11.3175   -16.0666    14.2023
    17.625     77.125    20.5718   -13.4993   -15.0755  -0.356825   -5.37355   -3.42412     19.456   -33.5286     10.058
    17.625     77.375    18.6568   -10.8563   -11.2702   -5.40811   -1.36057   -4.59551    9.48274   -26.3767    34.2126
    17.625     77.625     18.505   -7.55151   -23.7029   -3.03646   -8.04476   -4.87317    3.10833   -14.1363    48.2517
    17.625     77.875    21.6844   -14.9938   -25.5973   -37.9886   -5.12927   -4.89225    1.64321   -33.9424    27.2334
    17.625     78.125    25.3047   -12.1275    -24.261    2.35609   -5.66139    4.79605    22.1207   -21.6951    18.4412
    17.625     78.375    27.0539    3.31841   0.539118   -34.3876    -9.3728   -5.76364   -3.00871   -20.9496    14.1549
    17.625     78.625    27.7625   -6.85601    14.0444   -20.2663   -8.08233   -3.96188    5.90146   -53.9612    49.9523
    17.625     78.875    11.5753   0.879136    30.5943   -10.0441   -8.60944    2.24158     3.7002    -29.461    20.7693
    17.625     79.125    1.97808    2.89768   -1.96368     -35.83   -9.61739   -7.76934    9.13098   -37.0489    5.46223
    17.625     79.375     29.367  -0.752753   -8.58906   -34.7566   -10.4734   -6.92026     8.7492   -32.5425    34.3536
    17.625     79.625    12.9566    0.77314   -20.7874   -37.2869   -7.48222   -4.26727   -6.10165   -33.8704    27.3815
    17.625     79.875    18.3001     9.6773    1.20953   -39.9928   0.194004   -4.16857    10.7821    -29.641    23.5833
    17.625     80.125    14.7969    10.9207    -28.953   -22.7803    1.92095   -3.67733    15.3641   -14.9589   -4.33583
    17.625     80.375   -5.06347    10.4961    19.6605   -25.9463   -7.84813   -5.26104    11.9714   -40.3561    6.98638
    17.625     80.625   -14.0656    10.8583    23.5173   -41.2811   -9.48356   -6.43634   -6.67763    -44.352    0.16894
    17.625     80.875    11.6261    21.4723    8.46832   -16.2247   -2.21352    2.71456    5.98154    -31.225    17.2694
    17.625     81.125    11.6952     19.885    15.4241   -27.2938   -2.42824    1.21067    4.53559   -20.6339    24.2359
    17.625     81.375    14.2422    20.6695    6.96564   -36.7691   -11.6151   -2.45779      4.419   -35.7449    11.9449
    17.625     81.625     2.9226    13.7626   -0.73424   -12.2973   -9.07633    8.69745   0.555996   -8.67749    4.72454
    17.625     81.875    9.47876    17.6079   -3.76751   -7.01186   -11.2484    2.00267    7.92556    -8.1856   -13.4073
    17.625     82.125   0.526488    16.1111   -5.82861    5.91085   -13.8899    6.53203    8.58459   -11.0971   -9.82499
    17.625     82.375   -17.7247    5.82523   -9.94376   -13.2189   -16.4997   -6.74189    22.4334   -8.98634    5.28684
    17.625     82.625   -11.2683   0.910054   0.923146   -16.9268   -12.9333    9.70429    12.3517   -4.46342   -5.82805
    17.625     82.875   -13.2493   -2.17345    6.23448   -31.3196   -20.6833   -13.5366   -2.64213   -4.58957   -4.61593
    17.625     83.125   -7.96274   -8.68971    8.75743   -19.7201   -15.4941   -11.4424   -1.39944    -16.622    11.0609
    17.375     73.375   -3.12237     1.8286    -4.4078   -87.1846   -9.71068   -1.32986   -12.8637   -31.9677     41.417
    17.375     73.625    27.4197    5.38003    -4.8207   -71.7086   -8.70522   -8.14795   -11.9282   -31.7875    46.9849
    17.375     73.875    29.9377    5.95064    36.0444   -48.2437   0.763732   0.120969    7.34875   -38.5495     44.312
    17.375     74.125   -17.8584   -21.6495    16.7493    -42.833   -16.2412   -6.34185   -9.48752   -36.2915    40.2008
    17.375     74.375   -33.6519    -49.216   -18.8092   -53.2676   -25.8657   -15.5239   -7.73794   -29.7859     12.741
    17.375     74.625   -15.3104   -35.4366   -20.7865   -40.5832   -22.8588   -13.4992    3.92153   -28.7487    14.4469
    17.375     74.875   -7.54027   -34.6699    -12.565   -21.3635   -15.3996   -8.43831    15.9063   -5.06436    5.80791
    17.375     75.125   -34.9107   -23.1705   -36.5429   -33.9484   -7.74853   -2.16208   -22.9992     0.6041    34.8422
    17.375     75.375    -12.531   -19.3174    2.44579   -22.5596   -7.40989   -2.18872    7.30253    -7.3845    20.6093
    17.375     75.625    2.08204   -14.1095    2.97378   -13.1521   -9.34099   -4.27896     22.534    6.24531    7.64567
    17.375     75.875   -19.2128   -13.5269   -23.9077   -23.1766    -4.9147   -1.64549    22.4145    8.01246   -2.12353
    17.375     76.125   -5.68238    -31.899   -8.84635   -14.4137   -6.79619   -1.96124    27.9299   -34.3977    7.45162
    17.375     76.375    5.95916    -27.416   -15.3135    6.44309   -8.03691    5.79165     33.922   -27.0155     2.6957
    17.375     76.625   -7.86464   -18.1453   -22.2277    12.7096   -5.79233     14.069    28.9271   -17.0185    8.20573
    17.375     76.875    11.9842   -6.42578   -16.7675    3.78956    10.1663     8.9245    7.77715   -35.1111    4.14392
    17.375     77.125    5.89489   -4.50937   -12.9658    18.4364    -1.1557   -2.09894    17.9207   -34.3044   -9.56569
    17.375     77.375  -0.292888   -7.06523   -41.6128   -3.51524   -3.84567   -7.62117    4.05671   -35.7547    25.1388
    17.375     77.625    19.4871    -14.721   -42.7625    6.40184    13.1515   -6.77369  -0.905372   -40.9903   -2.19788
    17.375     77.875    3.32858   -6.91111   -29.5551    8.44854   -5.38216   -3.27931    7.03148   -33.0333    11.3524
    17.375     78.125    7.04298   -6.48016   -30.0797    4.97047   -9.91726   -5.69762    9.70888   -22.8336    12.8223
    17.375     78.375    3.93304    -5.5492   -7.35529   -24.0591   -11.8957   -5.06718    14.5545   -12.8294    15.3631
    17.375     78.625   -3.53549   -6.48345   -16.0688   -31.1698   -8.09285   -7.48859    26.7712   -17.1928    36.3482
    17.375     78.875     9.9051    -7.5298    8.51715   -14.9975   -5.07758   -4.87331     3.4718   -19.9722    31.8619
    17.375     79.125    7.65181   0.435663    27.7758    -25.491   -6.79003   -4.89762    5.60161    -7.0723    18.7662
    17.375     79.375    30.4325    2.02653     52.473   -31.2893   -9.40657   -3.57313    24.1014   -26.9747    45.4965
    17.375     79.625    37.4164    15.9238     8.8051   -31.7071   -9.10143   -5.19244    13.4898   -37.2626    37.9102
    17.375     79.875    21.0515    5.14363     7.0126   -22.8361   -4.06516   -5.16659    16.4467   -44.7986    33.9975
    17.375     80.125    27.8349     12.284    -24.753   -4.70383   -2.02741   -3.55494    14.7724   -36.6311   -3.89946
    17.375     80.375    10.5156    15.1539   -26.8338   -33.6933   -6.28338   -4.95882    18.5921   -42.6902    9.49141
    17.375     80.625   -3.68875    19.8138    -26.906   -27.4715   -5.43824   -4.46363    2.51205   -41.7592     2.8714
    17.375     80.875    7.68632     19.402   -13.0123   -35.4762   -6.40267   -1.71852    6.82612   -41.1516   -7.18939
    17.375     81.125    10.1923    17.7556   -5.70127   -32.0181   -9.21372  -0.220357    2.93841   -37.8633   -4.93926
    17.375     81.375    18.3835    15.6974    2.62875   -35.8378    -15.214   -5.94362    9.48964   -36.1802   -5.85466
    17.375     81.625   -1.15438    8.82357   -1.22121   -30.1577   -14.2729   -12.1319    1.19782   -20.9704    5.61983
    17.375     81.875   -8.70676    10.6021   0.773774   -18.7579   -11.2231   -4.09158   -1.69746   -28.7613    3.62942
    17.375     82.125   -8.19364    8.33793    4.78163   -7.10431   -9.99495    13.0664   0.892356   -11.6426   -4.58127
    17.375     82.375   -18.5496  -0.713463   -7.12896   -16.1482   -13.8489    1.09687    9.57113   -11.0329  -0.736917
    17.375     82.625   -17.5802   -14.9578    2.20119   -29.1071   -15.3388    2.63713    6.99767   -6.37254    2.75234
    17.125     73.375    7.35208    11.4564   -2.56553   -69.1816   -11.3123   -4.16678    -14.843   -30.6317    28.9666
    17.125     73.625    34.0483    14.3209    8.23089   -62.4328   -15.4611   -8.61424   0.668825   -29.8801    64.3735
    17.125     73.875     15.564   -1.62201    28.9382   -27.3148   -14.5583   -3.99059   -5.30023   -26.2177    43.2276
    17.125     74.125   -4.75531   -11.8136    34.2494   -43.6774   -7.13201   -3.56979   -2.97841   -24.9595    23.8825
    17.125     74.375   -10.1225   -32.7369    9.80813   -37.3469   -5.86156    4.86083    5.13197   -24.5896    19.4414
    17.125     74.625   -11.5815   -38.0364    -18.085   -18.3615   -20.7117   -2.99652    12.7833   -29.1404    25.8971
    17.125     74.875    1.00037   -31.1993  -0.237924   -18.0264   -20.8743   -8.58144    27.8104   -4.86228    23.3024
    17.125     75.125   -14.1192   -24.5103   -22.4961   -39.0119   -11.5323   -3.69329    24.8983    1.08855    6.77997
    17.125     75.375   -6.42794    -6.7493   -11.2778   -12.3076   -8.69034   -4.12351    19.2275   -4.85387    15.8443
    17.125     75.625    -3.4615    2.36325    7.96173    18.8616   -6.18012   -2.63573    31.9993   -23.8889    26.8248
    17.125     75.875  -0.197758   -6.16153   0.277443  -0.175724   -5.35818   -1.61238    32.3638   -7.70969    3.85327
    17.125     76.125   -1.28347    -18.459   -15.8761    -27.494   -7.59086   -2.69073     23.786   -7.19269    16.4428
    17.125     76.375   -5.08726   -18.2008   -13.0225    5.42153   -5.94575   -1.22363    43.0358   -28.5691     17.604
    17.125     76.625    4.23864   -7.78909   -20.6228    7.74789   -5.68697    0.32151    38.6976    -22.531    7.40585
    17.125     76.875   -9.05575    -4.9797   -24.7091    10.0949   -2.73362    2.61265    38.0016   -6.53849    11.7583
    17.125     77.125   -4.32816   -5.26913   -32.6764    9.64631   -9.27726   -5.11538   -1.38426   -21.9503  -0.770168
    17.125     77.375   -2.94429 -0.0852542   -36.8802  -0.755856   -7.02199   -5.78939   -4.78849   -8.65556    8.72502
    17.125     77.625     20.277   -7.47073   -38.1976   -17.6203   -9.67325   -5.94846    13.3864   -21.4272    6.74478
    17.125     77.875    14.5525    -10.406   -29.6348    6.71471   -8.25603   -5.09203    14.2486    -22.133   -4.00116
    17.125     78.125    33.6986   0.412212    -18.838   -16.3328   -8.55397   -4.63323    17.2665   -17.5497   -6.56459
    17.125     78.375    13.4005   -1.85378   -5.42476   -6.39626   -8.60337   -6.01318     18.362   -7.36012    10.3191
    17.125     78.625   -6.08173   -4.65197   -9.41064   -11.9528   -10.5473   -6.67921    23.4229   -10.3749    38.9531
    17.125     78.875    7.17486   -2.83752    4.36794   -30.4903   -8.97058   -5.18387    5.94626   -7.68013    30.2531
    17.125     79.125    9.33463   -1.08723     24.455   -24.9679   -10.0651   -3.45738    6.87863   -7.30662    17.0806
    17.125     79.375   -4.20303  -0.134992    10.5764   -16.5803    -11.026   -3.07863    11.2538   -6.97593    9.57356
    17.125     79.625    10.6855    11.4751  -0.871204   -21.5164   -6.92565    -3.4312    19.7813   -29.4132   0.885604
    17.125     79.875    21.6978    14.4076   -37.3706    16.4623   -7.90826   -3.29485    21.5771   -38.3637    13.0624
    17.125     80.125    21.0422    14.9972    -44.087    1.88903   -9.79009   -4.17292    9.74403    -39.218    25.5768
    17.125     80.375    20.8395    22.7565   -31.9195    2.92751   -7.77123   -4.85422    5.51433   -46.0169    15.5669
    17.125     80.625    3.78507    33.2901   -26.4822   -20.9794   -6.77097   -4.36109    12.8984   -25.2387     25.588
    17.125     80.875   -1.83368    20.1019   -24.1294   -25.2762    2.93259   -1.22483    7.08942   -34.1794    23.7523
    17.125     81.125  -0.165725    11.3531   -22.6513   -23.3034   -9.77533    -4.9651    6.73077   -38.7666    5.26791
    17.125     81.375    7.36107    11.2089    -20.246   -36.5276   -15.3263   -8.02879    5.63417   -34.6822   -4.69383
    17.125     81.625   -13.9919    6.64602   -15.2621   -35.4837   -1.03728   -8.30415  -0.758275   -41.8155    1.39287
    17.125     81.875   -4.91735    13.3848    -6.7228   -26.7537     1.9489   -7.47183   -4.65705   -29.5558    19.0397
    17.125     82.125   -6.19183    4.72484    16.0637   -12.2182   -6.12875    1.73813    1.37607   -16.4836    11.9351
    17.125     82.375   -22.4335   -11.8391    7.74478   -20.7811    -4.4752    8.46674    4.22895    -32.433    11.8859
    16.875     73.375    7.94289    25.3136   -1.76253   -57.7313   -5.43731   -2.32987   -14.3342   -15.3935    40.5106
    16.875     73.625      23.39   -2.50989   -6.49344   -92.4799   -12.2461   -2.12323   -13.1894   -47.8021    58.2919
    16.875     73.875    19.8259    8.39202    39.3057   -40.4769   -17.5482   -4.46178   -13.6772   -49.7082    45.4639
    16.875     74.125   -17.6945   -22.4964    -3.3299   -45.9149   -10.9926   -5.61083    -13.273    -45.083    23.0406
    16.875     74.375   0.998721   -11.0831   -6.70642   -30.4702   -21.1766   -11.2992    12.2586   -23.9072    32.2153
    16.875     74.625  -0.299922   -25.1475   0.873574    5.67449   -23.1318   -5.61226    17.7451   -24.0883      23.84
    16.875     74.875    19.2738   -17.8097    40.2786   -2.50749   -19.8645  -0.239062    28.2303   -2.70096     31.324
    16.875     75.125    18.4498   -11.9252    58.5236   -19.4741   -10.2239   -5.49333    26.1875     6.4583   0.337247
    16.875     75.375    21.2721    1.21943    27.8452    7.14004   -5.57342   -3.34531    17.7491   -11.8358    6.57702
    16.875     75.625     9.8349   -1.47086    10.1948    19.5631   -1.78323   -6.20085    18.2901   -10.9797    16.8025
    16.875     75.875    15.6481    5.65633    9.51192    5.39332    7.32694   -3.33727     22.663   -20.8209    1.86292
    16.875     76.125    17.1909  -0.970493    9.95812     26.976   -1.20061    -3.2857    19.5537   -6.30819    34.3245
    16.875     76.375    2.50909   -11.2613    18.5838    13.7576  -0.184165   -4.15969    26.7329   -13.1394    13.6246
    16.875     76.625   -16.1197   -12.1457    1.07725    6.55802  -0.162699   0.144236    15.4777   -22.9329    26.8292
    16.875     76.875    -15.012    3.48857   -9.81273   -8.27096   -7.77358    -5.7267    19.4887   -19.2423    25.0588
    16.875     77.125   -16.0533  -0.220219   -15.6274 -0.0224097   -5.95137   -4.01302    21.3136   -1.21687    2.82275
    16.875     77.375   -1.05777   0.052375   -25.4176   -7.03463   -8.26783   -3.94882   0.977333   -5.39594  -0.999197
    16.875     77.625    7.01184  -0.841904   -2.67403   -17.7205   -11.1264   -6.84766   -4.34836    7.05844   -4.21624
    16.875     77.875    22.2759   -1.38192   -7.19099  -0.680496   -11.4069    -4.6597  -0.563849   -10.5841    15.2361
    16.875     78.125    19.1669   -9.81829   -3.05347   -6.00235   -11.0298   -2.74191  -0.782493  -0.161824    12.7561
    16.875     78.375    6.94567   -7.00958   -6.68002   -2.34282   -8.75205  -0.527657   -5.44353    11.7788    4.50587
    16.875     78.625   -1.88012   -5.90365   -6.76763   -9.13538   -10.2421   -5.22915   -5.99932   -1.32681    25.8288
    16.875     78.875   -19.1937   -1.31591   -12.6744    -33.555   -10.2056   -7.13637   -6.91854   -5.65948    19.9818
    16.875     79.125   -8.65983   -6.58497   -16.3814   -17.5056   -10.9414   -4.76461    1.05397  -0.761163    18.2772
    16.875     79.375   -17.4951    1.86912   -16.1053   -7.72478   -7.23381   -2.21223    16.5424   -1.13948     13.836
    16.875     79.625   -13.7537     11.728   -37.3015   -29.7716    -5.5268   -1.12952    14.6785    -13.211    16.6957
    16.875     79.875    4.02294    3.56104   -21.5835   -5.80631   -6.74849   -1.74873    22.9563   -23.0491    26.2257
    16.875     80.125   -8.90031    14.4609    -35.234   -35.6943   -7.75825   -2.64782     22.165   -36.9212    14.9265
    16.875     80.375    2.16549    31.0326   -49.5064   -25.8447   -1.47798   -1.51495    10.2417   -34.3834  -0.599385
    16.875     80.625    17.5445    31.7523   -29.3183   -26.8373    9.18205   -4.21654    3.99459   -32.8114    19.2527
    16.875     80.875   -9.60264    14.0292   -22.3193   -24.5816   0.702739   -2.93961    2.08936   -24.1364    12.5924
    16.875     81.125   -4.66389     8.8722   -29.0012   -24.8662   -12.0359   -2.05984   -12.8975     -37.68    14.5919
    16.875     81.375    9.82215    6.58965   -23.1852   -28.9877   -12.7324   -4.25757   -13.8326   -24.3984  -0.639679
    16.875     81.625    2.83115    12.2316   -35.4784   -33.7501    -2.2985    15.5109    8.35675   -33.1881    13.5778
    16.875     81.875    1.48416    2.61796   -23.6993   -14.4018    8.46465   -5.88815   -12.6752   -27.2437    20.6007
    16.875     82.125   -11.0081   -6.76127   -19.6413   -13.4307   -6.57687   -3.55797   -7.70982   -32.7971     22.419
    16.625     73.625    24.4824   0.701903   -11.7659   -106.449    -15.331    -7.1154   -12.8574   -26.6749    53.1872
    16.625     73.875    21.6927   -3.02293    22.7231   -61.7434   -16.3152    13.1464   -17.4998    -32.986    16.9387
    16.625     74.125    36.5979     0.4306    35.1952   -25.0388   -19.6888   -6.09025  0.0216389   -49.2181    7.08911
    16.625     74.375   -12.0567   -36.1753    7.63333   -22.1682   -20.2018   -11.8344    13.4418   -35.7041    31.3623
    16.625     74.625    18.4589   -13.2453    29.2754    27.6338   -1.45362   -1.37319    22.9565    -29.767    21.8899
    16.625     74.875    10.7575   -14.7497    11.7131    36.6232    11.9821    3.00269    9.78575   -24.6139    43.5295
    16.625     75.125    13.2055   -8.22509    35.1444    3.72005   -2.63203   -1.39174     32.727   -6.25536   -11.4002
    16.625     75.375    6.99937   -8.20917    22.3404   -1.41323   -7.14414   -5.23473    13.9788    4.87628    12.6442
    16.625     75.625    12.8423   -2.14047    23.2389   -2.48185   -5.90247   -6.41204    26.2081    4.64637    21.6168
    16.625     75.875    22.7546    4.62044    8.62012   -6.38317   -3.94093   -4.05163    25.8499   -1.65926   -3.43505
    16.625     76.125    15.9569    4.67557    2.56485    11.8574  0.0233236   -2.17604    14.5213    -9.2174    28.8215
    16.625     76.375    17.8641   -1.31511   -3.37729    18.6964    7.43283   -2.85995     9.9013    -1.0703    13.9751
    16.625     76.625    23.9786   -1.38549    18.7287    12.2138  -0.814668   -2.88419      16.57    1.72158    17.7321
    16.625     76.875   -4.16009    7.26989    9.14156    4.54017   -5.30785   -3.92734    10.3097   -7.43838    17.2385
    16.625     77.125   0.781824    2.04141   -6.03361    7.31854   -5.17843   -2.65067    16.0788   -4.48809    16.9632
    16.625     77.375    15.4493    4.58631   -6.09257   -5.54446   -9.32316   -4.32696    15.1697    4.62561    7.58502
    16.625     77.625    19.4355    5.80191   -11.0281   -10.1993   -11.2823   -8.61092  -0.864635   -2.90799    5.48729
    16.625     77.875    9.76265    5.58973   -13.9329    16.7183   -11.4921   -6.23013   -1.02385   -4.53129     16.431
    16.625     78.125    11.5937    3.33208    7.11437    29.1365   -3.77348    2.00711    19.3129    13.5309     7.8311
    16.625     78.375    1.68453    4.15986     1.7381    30.2321   -6.04688   -1.85429    18.7359     21.937    23.9572
    16.625     78.625    7.70492    11.9135    9.10971    28.1374    3.54931  -0.251235     11.788    9.26204    38.8348
    16.625     78.875   -2.56508    12.1367    6.65692   -21.9385   -7.73852   -1.85167    7.81972   -5.71982    33.9867
    16.625     79.125   -6.93481   -6.30102   0.585435   -23.2997   -11.0834   -3.39755    3.23209   -6.72736    21.2114
    16.625     79.375   -20.0191   -2.49206   -8.10635   -24.7497    -6.9924   -2.44683    10.8813    -2.0251    17.6225
    16.625     79.625   -23.9398    4.74571   -36.4731  -0.422022   -5.59868   -1.57692  -0.454779    16.1735     24.029
    16.625     79.875   -1.50312    6.58148   -30.8775   -14.4791    -8.0632    2.17038  -0.889515   -15.8125    22.6869
    16.625     80.125   -6.21743    6.67202   -26.7448   -21.9419   -9.51197   -1.43619    11.9712    -33.247    12.1446
    16.625     80.375    1.12249   -1.75058   -21.1773   -17.5566   -8.81707     -2.188   -4.35471   -20.4113    8.13497
    16.625     80.625    -5.7924    6.56905   -22.3682   -30.0156   -4.52378   -2.19239    -8.1484   -25.4878    8.91745
    16.625     80.875   -4.99494   -3.36372   -32.7762   -26.2861   -6.05637   -2.99368   -12.2257   -17.7149     21.925
    16.625     81.125  -0.391097    17.3677   -40.9089   -36.5794   -11.6482   -4.07326   -17.2396   -6.59803    13.1506
    16.625     81.375   0.885376    14.6135   -37.8256   -30.2601   -10.5483   -3.86794    -20.483    -20.443   -2.17363
    16.625     81.625    10.6029    3.64274   -23.7341   -30.5325   -9.05626   -1.41412   -12.0213   -35.6082    18.8538
    16.625     81.875    10.9114   -6.86059    -38.382   -31.1708   -1.25262     3.3405   -14.2242   -27.7889    32.3964
    16.625     82.125    10.2822   -6.52824   -31.7656   -17.8412    7.91961  -0.177089   -11.4761   -35.2005    34.4247
    16.375     73.625    7.19871    15.3797    20.0125   -89.7991   -20.3488   -7.82532    10.1945   -3.81504    27.5128
    16.375     73.875     22.861    12.4351    14.2709   -64.2622   -22.1789   -7.92126   -1.56055   -10.8273    19.7678
    16.375     74.125    10.0228   -2.31471    11.3412    4.37655   -14.6921     0.6127    3.01946   -55.8599    5.43989
    16.375     74.375    15.6728   -11.3632    5.20282   -13.6091   -7.19095    30.4078    7.88046   -25.8907    32.2703
    16.375     74.625    8.45897   -18.9532     15.599    27.8778   -4.36967   -7.53593    3.36617    -3.7837    1.08463
    16.375     74.875  -0.496807   -16.8125    20.8472    51.8998    1.71252    1.63907    9.69709  -0.156011    2.27755
    16.375     75.125    7.93552   -11.8012   0.683951    4.98058   -13.2408   -6.14146    20.8152   -9.15598   -2.12418
    16.375     75.375    7.64363   -11.6769    28.9406     6.2455    -10.799   -3.16597    39.0824     -21.11    9.91568
    16.375     75.625    24.7693   -8.04883    23.9636     7.0819    -12.228   -4.96043    27.9787    5.32522    7.41886
    16.375     75.875    36.7762    -4.1954    19.4212    32.6463   -9.72684   -4.38365    27.1774    3.48455    2.09018
    16.375     76.125    31.3335   0.949497    6.62232    15.8185    10.4283   -2.89574    25.2089   -15.4909    5.26833
    16.375     76.375    29.1317    1.20248    3.38581    25.4963    18.9861   -4.04829    27.4108   -20.0106    6.99112
    16.375     76.625    17.7892   0.470263   -5.36564    14.6555    23.0427    -4.9238    13.7051    5.41047    27.9104
    16.375     76.875   -1.11422    7.74945    1.98183    7.74591   -7.71764   -5.39252    32.8009    7.12272    7.87819
    16.375     77.125   -4.78192    10.8607    -2.6379    8.25143   -6.71557   -2.93828    14.6254   -10.3754    14.4939
    16.375     77.375    4.73578    4.28098   -8.86397     9.2183   -9.19048    -4.6303    6.47908   -22.8969    15.2098
    16.375     77.625   0.196261   -1.94889   -15.9591   -9.38227   -9.29544   -6.64753    7.53496   0.302878    11.6766
    16.375     77.875    11.9702    5.23321   -3.61785    2.09906   -6.59931   -4.77389    18.5976   -1.21053   0.131726
    16.375     78.125    18.7652     4.4576    7.14214      19.07   -7.25264   -4.59125    26.0146    15.2851   -1.42518
    16.375     78.375    16.9523    6.87143    6.49108    33.3164   -8.20124   -2.76333    29.3502    13.6101    27.1366
    16.375     78.625    4.72974    7.94533    6.43086     4.4636   -6.98631   -2.37476    15.5334    15.3145    31.8271
    16.375     78.875   -10.6307     20.438   -13.0722    1.65406   -5.43183   -2.03783    15.5988   -6.04476    19.9905
    16.375     79.125   -10.2569    4.56658    -7.5875    4.84512   -2.63411    -2.1316     16.798   -14.7749    2.45101
    16.375     79.375   -16.3593    8.83156    2.87983   -7.98963   -7.95771   -1.79917    11.3592   -4.72804    6.27962
    16.375     79.625   -28.8955    8.47862   -19.3307   -22.1153   -6.77057   -2.97696    6.72438  -0.466361   -3.56723
    16.375     79.875   -27.7117     9.7137   -28.9319   -9.12526   -9.75266    3.78482   -6.03951   -4.11814    44.6131
    16.375     80.125   -15.0204    6.18381   -18.2397   -2.95618   -12.2889   -1.60974   -14.4739   -15.1824   -7.39228
    16.375     80.375    9.21533    10.7671   -34.1158   -20.4198   -10.4066   -3.35649    -18.212   0.295836    -5.4986
    16.375     80.625    3.97106    5.34398   -19.6895   -27.8463    1.13894   -3.68564   -3.04704   -25.9684   0.731237
    16.375     80.875     3.0392    1.86062   -21.7723    -23.806   -7.33434   -3.65431    -8.2958   -28.3808    35.9617
    16.375     81.125    21.2676    4.28271   -26.1621   -23.5651   -8.64339   -5.32005   -6.64712   -28.0055    38.1445
    16.375     81.375    12.1831    12.6866   -24.5136   -16.2324   -8.77111   -4.69691   -6.23368   -25.1475  -0.917796
    16.375     81.625    6.17591   0.971733   -32.3876   -26.0241   -6.04546    1.88416   -9.28299   -34.4025     16.376
    16.125     73.625    11.7586     25.129    3.57284   -75.3248   -11.5582   -5.45421    3.15867   -13.0032    13.1883
    16.125     73.875    33.4328    16.0929    8.62709   -55.2575   -15.5277   -5.54756    1.17175   -31.3192    10.5284
    16.125     74.125    20.0911    6.66963    13.1772   -16.4804   -8.37658   -5.29312    3.36107   -47.6535    11.1483
    16.125     74.375    11.2224   -4.84232    16.4857    14.3774   -11.4768    16.0481    12.5156   -35.3853    19.8579
    16.125     74.625    10.4525   -6.26564    2.78574    27.9122   -1.95363   -3.59469     14.868   -23.3626    20.5154
    16.125     74.875   0.477756   -16.7395   0.228083    28.2406   -14.1118    1.46769    21.4936    -13.303    2.32232
    16.125     75.125   -1.56523   -20.4425    8.50954   -19.2307   -15.0931   -6.39075    3.96437    14.3713    10.3846
    16.125     75.375    15.2595    -15.553    8.30372   -16.1615   -14.5881   -4.34431    29.5536   -8.98704     17.004
    16.125     75.625    30.6785   -6.76894    18.4455    15.6527   -12.9674   -2.03947    32.5518   -29.2287     28.053
    16.125     75.875    32.5728    2.15874      18.15    35.9097   -9.73511   -3.48474    26.9896   -1.17739    9.80433
    16.125     76.125    19.1185    2.51357    6.64572    14.3504   -5.94338   -2.56906    10.0279    5.87285   -6.78964
    16.125     76.375    9.99397     -2.162   -2.03441    19.5842    17.9816   -5.90722    26.9968    12.8667   -1.10102
    16.125     76.625    5.22566    7.64856    -10.695    12.0819    24.3065   -4.81329    19.8588    3.83193    34.0642
    16.125     76.875    22.2835    18.4834   -5.48571     9.3071   -6.12621   -3.33865    19.4579    3.46957    22.6216
    16.125     77.125    14.0674    13.7022   -18.8585   -17.2333   -8.83026   -3.21336    28.4712   -18.3672    5.09716
    16.125     77.375     19.777     8.6369   -13.2462    9.37491   -6.87942   -3.17512    11.6049   -23.3905    12.3683
    16.125     77.625    6.06293    5.21139   -3.60583   -17.8243   -7.45258   -4.55443    11.4978   -13.1014    10.5369
    16.125     77.875    7.00173   -2.72685   -12.6263   -7.75165   -8.36516   -4.78709    14.6186   -6.23441   -1.14658
    16.125     78.125    6.47593    2.57475    1.59362    3.98685   -8.15067   -4.85233    20.9499   -6.66837   0.642532
    16.125     78.375    9.77818    9.22607   -2.08635    7.73423   -6.49842   -2.68647    32.5272    -7.7419    7.58183
    16.125     78.625   -9.33153    9.52162   -2.72868    22.6467   -4.23361    2.92364    33.2222   -9.97742    30.5964
    16.125     78.875   -18.6897    3.62974   -3.18949    4.61001   -3.87563    4.21625    30.0459     -11.09     25.678
    16.125     79.125    -15.623   0.406779   -2.00951    5.99653    9.20297   -1.12727    22.8161   -7.90024    8.47019
    16.125     79.375   -18.5313    15.5025   -10.3672   -13.2048   -7.39858   -1.73718    14.5202   -21.4756   -7.26545
    16.125     79.625   -25.1898    10.1324   -28.6067   -14.7376   -6.31527   -3.13193    9.88934    -13.428    4.73368
    16.125     79.875   -22.8583    12.7796   -14.9854   -15.5008   -8.31659   -1.92486     6.2344   -8.08193     22.213
    16.125     80.125   -15.5066    8.72233   -31.1632   -9.36579   -7.54438   -1.82161   -1.65507   -19.0054   -9.47597
    16.125     80.375  0.0738139    23.7156   -33.3934   -20.2661   -8.13279    -3.4054   -22.2718   -6.97163    -4.8634
    16.125     80.625    2.55307    9.44875   -8.84137   -22.8789   -1.54212   -5.85065   -8.56813   -17.2612    14.0719
    16.125     80.875    11.2177  -0.931833    -14.155   -17.7693   -3.68493   -6.60095   -7.10191   -21.6304    18.5422
    15.875     73.875    52.8258    16.8693    47.3695    -59.772    -21.276   -7.13381   -4.21211   -74.3471     43.596
    15.875     74.125    27.3281    6.54272    23.1546   -48.7175   -20.2431   -7.12252   -6.54253   -44.2856  -0.502981
    15.875     74.375   0.786338   -8.72908    7.33399    24.5519    5.60078    7.09082    1.10884   -40.4439   -10.3192
    15.875     74.625  -0.130735   -11.3647    9.31515    19.4655     13.374    6.92554    9.44327   -21.6597    18.1138
    15.875     74.875    3.10086   -11.8548     20.392    34.9441    1.73366   -8.48043    12.9244   -26.6405     14.487
    15.875     75.125   0.357101   -7.49849    8.11989    14.3286   -7.90207  -0.526182    45.6036   -11.7921    13.2941
    15.875     75.375    12.1718   -3.77887    9.76223    19.9501   -1.11844    4.39551    32.7359   -15.5847    4.41664
    15.875     75.625    17.6201    2.54123    5.31552    12.2875     -8.642    3.86967    31.1791    -7.3542     16.621
    15.875     75.875     15.979    6.32288    21.3212    28.0114  -0.917924  -0.385135    10.5742   -4.42549    13.1842
    15.875     76.125    16.9119  -0.487293     16.258    47.1737   -8.64555   -5.96977    8.03368    8.08745  -0.981424
    15.875     76.375    11.7392  -0.184183     7.1747    25.8495   -2.92087   -4.60563    5.05944    -11.606   -3.37668
    15.875     76.625    5.95254     1.9615    -8.5965   -11.3401    11.5566   -2.44614    20.1126  -0.395778    28.1927
    15.875     76.875    8.96296    16.0813   -11.3895   -9.59832    -5.3376  -0.293542    28.5716   -15.8875    26.5272
    15.875     77.125    11.1542    12.5044   -7.70737    11.5122   -7.05667   -2.98655    25.9826   -2.69557    27.8972
    15.875     77.375    24.3946    7.57084   -1.09273 -0.0367889   -11.3986   -3.56491    17.1706   -3.39872    12.2378
    15.875     77.625  -0.951097    11.9345   -11.8249   -11.0825   -9.10264    -3.6463    28.5634    2.08029  -0.407322
    15.875     77.875   -4.96715    6.26634   -19.4782    9.02245   -6.78957   -3.09997     27.201   -10.2422     1.0497
    15.875     78.125   -20.1823     5.6323   -20.6539   -9.78833   -6.99519   -2.78701    27.8499    -15.283     19.827
    15.875     78.375   -14.2562    4.35801   -21.3698   -12.0522   -7.51143   -1.57396     21.637    -16.605    29.3479
    15.875     78.625    -32.679   -1.09685   -8.35364     13.995   -7.62266    2.48469     27.381   -18.5684    32.7106
    15.875     78.875   -9.92244    17.2176    2.30273   -7.92238   -7.10919    8.71038    19.3536   -3.21948    32.2201
    15.875     79.125   -10.3482    11.5237   -9.74843   -10.3824   -8.69534    -2.0222    32.6651   -10.4513    9.93105
    15.875     79.375    22.4733    22.1959    11.2401   -13.6512   -1.96533    6.76094    38.3429   -5.82584    25.5581
    15.875     79.625   -21.1141    15.0086   -13.1756   -24.7351   -5.51588   -4.23005    3.07489   -11.9695    6.20651
    15.875     79.875   -16.9926    16.4501   -12.9405   -20.1382   -8.52154   -3.89399     2.6105   -4.85489   -6.53545
    15.875     80.125   -14.5032     13.521   -11.7212    -17.946   -7.81887   -3.45698    2.35983   -4.04243   -4.79315
    15.875     80.375   -12.9676    11.9499   -10.6713    -18.589   -11.4796   -3.97412   0.903721   -15.1574   -4.33568
    15.875     80.625   -23.6122     10.731   -28.7895   -23.4452   -12.6388    -6.0983   -8.74316    -23.911    15.2944
    15.875     80.875   -7.58262   -2.03328   -11.3841   -13.0133   -5.90946   -4.07065   -8.84112   -20.3323    22.9172
    15.625     73.875    10.5244    3.58025    9.62942   -81.9093   -28.0065   -10.4173    -28.049    19.2709     17.836
    15.625     74.125    -0.7091   -11.6841   -18.3749   -23.6314   -10.4333   -1.48578   -21.1067    11.2383 -0.0208542
    15.625     74.375   -22.2066   -11.6093   -32.0192   -2.85975    -15.586    2.12784   -5.02327   -35.2587    -12.117
    15.625     74.625   -2.58805   -1.60224    6.51806    12.9481   -4.99632   -8.59982    7.15915   -30.0305    2.03411
    15.625     74.875    1.76341   -5.60994    9.60753    23.2658    4.89105   -3.62816    25.0994   -15.7214    7.79269
    15.625     75.125   -2.66405    2.20415   -5.44664    14.7806   -10.3287    7.91981    21.1791     -22.84  -0.835478
    15.625     75.375   -7.95767   -4.16237   -11.3148    28.0634   -5.05011    2.64373    45.8603   -26.3234   -11.7114
    15.625     75.625    5.65187    3.70643   -4.79191    44.1243   -9.95688    3.59924    12.7604   -15.6283    9.24867
    15.625     75.875    5.01222    9.87652    7.47733    20.7416    10.5182    4.08254    29.9794   -7.35435    19.8678
    15.625     76.125    6.49156    3.24793    20.3378    54.0954   -5.99248   -2.89073    25.2219    10.6927    11.9503
    15.625     76.375    9.42179   0.401938    8.30188    24.2451      2.541   -2.43733    13.5774   -20.5994    5.92362
    15.625     76.625  -0.312701   0.474003   -6.88467    17.2217    5.48096   -1.26791    10.1134   -16.2938    8.52992
    15.625     76.875    1.01115  -0.208597   -7.85889    14.6031    5.54684   -1.89098    26.2364   0.698144    11.6317
    15.625     77.125     12.146    15.5332   -10.2684    26.7031   -10.3884   0.726521    27.8715    5.19768    28.5999
    15.625     77.375    4.03858    19.8327     1.6831    9.45063   -10.8268   -4.28028    25.1516    5.57798   -7.33405
    15.625     77.625    17.4631    21.8458   -3.63237    2.05556   -9.44934    -3.9206    16.9816     6.2066     4.1205
    15.625     77.875    23.0272    18.3199   -8.38042   0.630397   -8.97563   -2.70114    13.2861    7.11534    8.09044
    15.625     78.125   -39.3405     11.342   -22.9476    15.0235   -8.32473   -1.95375    25.3231    9.10002    12.3281
    15.625     78.375   -23.4152    10.7077   -24.2887   -3.97392   -9.10833   -2.24928    27.6729    7.82854     25.568
    15.625     78.625   -32.2444   -2.20526   -19.9036   -2.67763   -5.17122  0.0940931     38.861   -2.95367    23.5921
    15.625     78.875   -12.2124    16.5154    4.10681   -2.55616   -5.40862   0.279725    26.0307   -6.62376    27.9965
    15.625     79.125   -27.7279    1.70032   -7.61343    -6.5125   -7.90499   -3.31275    23.3365   -11.8013    28.8405
    15.625     79.375   -17.0866    18.6586   -15.1188   -7.63188    -4.8916    6.13455    11.4386   -5.44172    1.98179
    15.625     79.625   -13.7763    22.4149    7.58596   -19.8538   -7.35685   -3.86304  0.0009375   -1.89473    11.9806
    15.625     79.875   -10.1368    11.3175   -6.89154   -20.6777   -9.49814   -3.12076     1.1495    8.90188    5.39126
    15.625     80.125   -9.85163    18.1292   -9.34675   -22.0977   -8.86975   -3.00999   0.508367   -2.85982   -4.16695
    15.375     73.875    3.35758    9.54411   -1.26726    -17.605   -27.6439   -5.74148   -13.5287    7.90441    17.7983
    15.375     74.125    18.2515   -4.92529   -8.66408   -53.1148   -22.7464   -8.35903    -18.681     16.926    22.4967
    15.375     74.375    27.2324    1.84537  -0.407706     3.0278   0.752678    6.64914   -6.37894   -32.7501    7.98101
    15.375     74.625   -4.26396   -5.93837    6.64871    20.8588    8.00087    1.81451    6.74064   -32.5903    10.6429
    15.375     74.875    6.95985    6.54334    13.7788    29.2417    7.99322    28.5487    21.0966   -40.4593    9.69478
    15.375     75.125   -1.69759    2.22761   -5.22462    26.2576    11.5682    15.9025    35.9165   -11.5346   -3.55845
    15.375     75.375    10.1883    10.5418    15.3277    47.2349    3.53275    10.3757    42.5135    -22.528    2.77557
    15.375     75.625    21.3566    10.4985    14.2191    47.7087   -8.05228    6.13594    36.2436   -17.0331    22.6258
    15.375     75.875    19.2004    6.81701    10.3984    12.0289    1.42435  -0.873204    22.1791    0.88245    16.7522
    15.375     76.125    5.74865    6.30338    11.6799    1.40765    5.54832   -3.01044     22.194   -1.27812    11.8079
    15.375     76.375    14.5991    1.99862    13.9035    20.6641    3.43049     -1.301    19.2275   -4.55989    9.23652
    15.375     76.625    1.15115   -2.87896   -3.59613     30.761    -6.2299 -0.0177319    3.72055   -1.76429    2.41393
    15.375     76.875   -6.00956    1.27813   -8.07682     22.086   -8.48659   -1.68426    10.4068   0.715232    24.3641
    15.375     77.125   -7.95186    3.99797   -4.92032    5.15538   -10.4595   -2.98349    10.2566     7.7093     19.375
    15.375     77.375   -1.47807    8.02138   -9.83609    3.68697   -10.1382    1.88928    39.2383    11.1336    41.9971
    15.375     77.625    43.0095    12.3572    7.80961   -2.62926   -11.3902   -5.12178    13.4105    5.84946     39.099
    15.375     77.875   -2.43251    13.1478   -10.9676   -4.70988   -6.35866    -1.5228    24.3997     14.593    31.4613
    15.375     78.125   -28.7706    8.47279   -23.0457   -17.6161    -6.2552   -1.65719    11.7747    6.58781    12.7653
    15.375     78.375   -26.2381    9.24552   -15.1361    5.12002    2.90008  -0.868658     20.119    2.34898    6.54371
    15.375     78.625    -12.215    8.77158    23.1631    13.2717   -5.11241  -0.440136    22.5606    7.59912    22.8618
    15.375     78.875    2.21788    3.71029    2.01884  -0.029475   -6.16789  0.0125597    28.1658   -5.33337    32.2783
    15.375     79.125   -18.2467    4.73664   -5.94108   -11.3784   -7.99349   -2.26182    15.3117   -6.71697    36.8446
    15.375     79.375   -21.0639    6.47133   -3.61869   -16.5233   -10.3205   -1.04915    1.87921   -3.60272    11.0974
    15.375     79.625   -11.1504    13.3181     2.4484   -23.5578   -9.91903   -4.31703    4.87956   -8.25605    3.33581
    15.375     79.875    -14.143    13.2963    2.03538   -22.5331   -9.48055   -3.08012   -6.80032    6.09257    4.69786
    15.125     74.125    13.7041    -6.2516   -6.41846   -61.6694    8.13037    5.75974   -9.80513    21.0099    44.7697
    15.125     74.375    25.8748    14.0077   -3.23046   -20.7594    19.0106    49.5622   -9.32514    3.66585    11.7744
    15.125     74.625    5.28738   -1.12497    4.46206    -2.7091    19.9794    11.1058   0.691378   -34.0644    17.3945
    15.125     74.875    5.17719    2.45214   -1.72697    15.0002      14.81     22.644    14.6584   -27.7695    11.8376
    15.125     75.125   -2.55883    6.96588   -4.85523     6.6132    4.22821    4.12425    23.3069   -29.7633    4.28813
    15.125     75.375   -2.35159    3.87153     8.7933    17.0674   -10.9494   -1.76909    36.9897    -22.724     4.5785
    15.125     75.625    24.6527    9.95142    20.6749    29.0312   -17.2972   -7.53157    54.3096   -1.85723   0.668512
    15.125     75.875    6.83392    8.85468    7.21385    3.91563   -7.18359    -3.9541    35.1955     2.8817    8.96435
    15.125     76.125    10.0827    9.21388    9.67634    13.8667    3.36852   -2.46889    23.2712    13.0718    24.4967
    15.125     76.375    6.88227   0.995726    5.72693    8.11499    1.96588   -3.71529    32.5196   -7.45629     28.193
    15.125     76.625   -17.0716    14.4424   -6.74904    27.0985    -13.591   -2.74872    18.6262   -8.02305    6.73414
    15.125     76.875  -0.868579    2.72185     6.4164    24.5433   -10.6534   -1.44305    39.9161    5.41508    38.9545
    15.125     77.125   -4.08582    5.38527  -0.890774    29.7746   -6.20712   -1.09675    23.5078    3.06454    34.9056
    15.125     77.375   -7.29775   0.743056   -2.44139    5.61462   -12.5509   -5.27647    29.8099   -0.67504    35.9006
    15.125     77.625    3.86508 -0.0212681    7.20789   -13.5873   -10.4309   -5.38498    24.4187     2.4607    28.3161
    15.125     77.875    3.17569     14.303    7.52317   -6.20557   -2.80639   -2.84629    12.1885    8.01151    23.0673
    15.125     78.125   -11.8877    10.5888   -5.67168   -8.78313   -7.59689   -1.33346    21.0864    16.4001    28.7756
    15.125     78.375   -16.7777    11.7578    -27.438   -6.69945    10.3258   -1.01172    18.7301    6.23383    23.3773
    15.125     78.625   -16.4565    4.81997     8.9446    6.02915   0.604593   0.283288    34.5611   -8.91879     30.738
    15.125     78.875   -11.7799    8.58501   -0.50961   -6.42957   -6.83302   -1.17544    19.3187   -8.73794     26.887
    15.125     79.125   -18.0764    9.18512   -4.67017   -16.2445   -8.56561    2.68503     21.714   -8.22633    28.9764
    15.125     79.375   -2.43013    12.8107   -6.62339   -22.7662   -9.04548   -4.65843    10.3272   -6.20932     5.9543
    15.125     79.625   -1.76136    13.6223   -4.08443   -18.2676   -8.00015   -2.63688    2.90014   -10.5739    4.80777
    15.125     79.875   -8.50793    13.2825   -5.39051   -21.5215   -7.44897   -3.17668    5.02547   -13.8848   -1.91713
    14.875     74.375    22.2096  -0.467217   -4.16663    -22.204    14.1008    27.0472   -17.7691   -20.3098     7.4924
    14.875     74.625   -18.6489    -12.423   -28.8073   -28.1297   -24.6371     -13.98   -5.62828    -47.774    4.96722
    14.875     74.875   -16.8475   -8.69393   -14.5029   -14.0972   -18.9359   -2.85673    4.91033   -28.9621    12.3197
    14.875     75.125   -6.57821    4.40668      4.183   -4.90942   -5.38861   -5.85562     19.335    -38.256    5.97179
    14.875     75.375    -14.385   -12.1641   -19.2574   -6.25901   -25.2977    -13.362   -4.30808   -35.1438   -8.08204
    14.875     75.625    6.09268   -1.89475    1.78825    7.98242   -19.4685   -9.88535    17.4377   -21.3395   0.313914
    14.875     75.875    4.26245    14.4441    17.1617    7.81596   -19.9224   -8.23406    27.5828   -13.7582    9.50115
    14.875     76.125    4.22617    6.19865    11.9466    1.13396   -8.40343   -8.70709    27.8714    1.37086    38.3379
    14.875     76.375   -2.45846    6.89448    11.9052    18.1065   -18.6132   -11.7925     19.158    22.6087    27.9993
    14.875     76.625    -5.5107    27.6664    9.45488    17.0465     -7.646   -4.11876    25.1212    4.49541    10.1494
    14.875     76.875    6.62937    13.6731    18.9216    73.0273    -12.433   -4.80531    33.6651    10.0351    48.3792
    14.875     77.125    2.85345    7.14813    9.18952    34.3604    -9.1813   -1.53488    35.3339    7.17773    38.6441
    14.875     77.375   -6.46209     1.5001    4.77269    6.59059   -2.78603   -3.25662    35.0249  -0.986035    33.5393
    14.875     77.625   -15.4635   -2.94751    10.4196    4.38117   -9.23961   -3.00537    38.9257    5.57975    35.5465
    14.875     77.875   -20.0334    1.52872    9.07371    3.80328   -7.19789   -2.55537    55.4731    10.9564    55.9929
    14.875     78.125   -3.65402    15.5885   -5.64207   0.840481   -11.3478    -2.3352     22.603   -2.68494    25.8606
    14.875     78.375   -5.93847    11.3097   -12.6994    15.2207   -11.8137   -1.78554    27.1057   -8.58666     18.208
    14.875     78.625   -15.6993    15.7185   -25.9425   -13.3663   -7.98627   -1.40599    2.35933   -11.1061     5.8713
    14.875     78.875   -1.66908    14.1671    12.7987   -6.31855   -9.30358   -4.66832    9.68352   -2.83349    21.8347
    14.875     79.125    8.40257    17.9401    15.1431   -4.90258   -3.24633   -5.97521    15.2518   -11.5097    42.1385
    14.875     79.375   -6.51384    8.91665    -2.0079   -21.0216   -4.35578   -5.30892   -7.46074   -7.02756   0.334678
    14.875     79.625   -4.97416    9.52028    2.63292   -20.9143   -8.18513   -5.47236    2.87604   -24.6374   -10.5077
    14.875     79.875   -9.00517    8.68324    12.5542   -23.9997   -8.17703   -3.84925    1.30173   -25.4157   -10.1862
    14.625     74.375    21.1514    18.4615    35.5067   -1.80778    3.36213    16.7649   0.283454   -8.77038  -0.108582
    14.625     74.625   -6.51442   -5.63885   -13.0517   -24.8165   -12.7852   -7.90031   -9.99622   -8.02582   0.474758
    14.625     74.875   -4.27053   -4.82154    -3.5867   -16.2439    2.00749   -2.74402    15.6222   -20.1945    2.26211
    14.625     75.125   -7.32857    6.27837   -2.66173   -6.82656    14.1266   -2.61067    28.9844   -36.0303    1.11011
    14.625     75.375   0.314396  -0.632113     -2.565  -0.475301    5.42136   -2.70685    28.5595   -30.8809    29.6574
    14.625     75.625    14.6846   -3.65521    4.84716    4.37381   -16.9862   -9.24469     29.707   -8.90989     18.977
    14.625     75.875    31.4048    4.12416    11.8151    11.1826   -11.3461   -5.58007    38.8772   -28.1611    27.0641
    14.625     76.125    13.7539    17.3163    15.3094    8.51784   -4.98581   -4.93916    34.4178   -7.85994    41.9472
    14.625     76.375    6.36593    24.6757    17.6456    19.5531    -7.1019    -6.4349     35.972    31.1221     17.611
    14.625     76.625    15.4316    31.4343    27.9491    19.3938   -16.1734   -9.53937    39.0457    12.1428    20.5948
    14.625     76.875    10.4261    20.7993    24.9489    33.0914   -15.4918   -6.10851    50.3408    17.1239    37.6778
    14.625     77.125    22.4757      9.382     32.606    45.9797   -15.3503   -3.33992    43.4172     19.482    57.9893
    14.625     77.375    -2.6638  -0.485126    4.87093    5.25296    8.17559   -6.51161    20.7711    6.84532    37.2939
    14.625     77.625    -6.5815   -5.24452    8.98702    7.97146   -9.51431   -4.27791    55.2736    18.9568    38.4347
    14.625     77.875   -15.4478    5.55778    9.70267    30.1954    -9.8913     -2.195    42.5216    16.8931    45.0172
    14.625     78.125   -7.30121    26.6452   0.645911    5.57045   -8.88676   -2.44586    29.2519    2.80968     29.296
    14.625     78.375   -7.22088    22.1784   -6.20114    4.63029   -9.87388   -3.40743    21.7601   -3.37108    26.7484
    14.625     78.625   -14.6538    19.4533    -15.304   -17.4217   -1.34235   -2.70233    29.4545   -7.60288    28.2327
    14.625     78.875   -11.4321    12.8403   -15.0972   -4.70304   -6.38118   -3.76203    13.2698   -10.6847    28.0388
    14.625     79.125    7.05582    11.8889    7.11042    -6.7411   -6.72969   -6.80248    7.08342   -12.3569    33.3052
    14.625     79.375   -2.84733    9.55542   -2.85709   -14.2542   -7.57853   -4.28563  -0.804428   -12.6299   -2.25728
    14.625     79.625   -10.1651    9.10696   -0.25611   -9.94827   -6.40413   -3.89866    6.36525    -24.589   -11.3858
    14.625     79.875   -8.78333     5.7798   -5.07574   -15.3787    -7.5876   -4.02173    5.26867   -24.7979   -9.15397
    14.375     74.625    24.9483    19.3512       9.93    -18.485    3.24318   -5.67101   -11.0951    12.4064   -16.2868
    14.375     74.875    32.4085    1.06417    9.63621   -25.8838   -1.03889   -7.81315    13.0045   -20.8328   -10.3406
    14.375     75.125   -7.31287   0.324896   -18.0935   -18.4501    2.03257    4.12578    14.5049   -23.2317     7.3439
    14.375     75.375    -7.4656     1.0073    -9.0606   -10.2815   -16.3349   -2.90904    19.3938    -14.016    22.1177
    14.375     75.625    5.39955   0.748167   0.566421   -9.86135   -16.6394   -8.26873     32.442   -12.9669    15.1304
    14.375     75.875    10.9905    6.23902   -1.90052   -2.61344    3.95572  -0.528874    41.0442   -3.90637    22.8298
    14.375     76.125    20.9658    20.4899    8.92953    19.2487    7.80067    -5.9254    27.0082    3.21278    14.8684
    14.375     76.375    32.6209    34.6526    26.6784    17.3378    9.42572  -0.844094    56.3901   0.118785     14.609
    14.375     76.625    15.6566    3.87739     22.316    17.9237   -13.5201   -9.09931    41.6113    14.0731    16.2217
    14.375     76.875   -12.5566    1.96496    15.1026    15.5614   -18.3609   -5.67625    48.4534    19.4767     47.337
    14.375     77.125     11.238    1.04584    32.4414    26.8002   -15.9073   -5.06428    53.6833   -4.91115    42.5558
    14.375     77.375   0.637821   -6.91982    30.1586     17.542   -16.9101   -4.68833    50.5303    25.3627    37.8192
    14.375     77.625   -11.7059   -9.23357    25.3354    23.0026   -13.2778   -3.74876    44.0765    31.6174    38.2389
    14.375     77.875   -19.5522    6.91829    17.8516   0.751299    -14.089   -6.12992    27.2486    -15.605     20.615
    14.375     78.125   -9.85676    12.5725    2.58904   -11.0639   -11.8255   -5.32171    10.1496    6.99518    31.8844
    14.375     78.375   -15.7868    13.9009   -19.1897   -11.8396   -7.88672   -2.05333    48.5378   -10.0793    46.5868
    14.375     78.625   -2.40918    16.4982    -14.215   -9.19989   -7.98427   -3.00284    32.3551   -5.69311    48.4502
    14.375     78.875   -24.7549    5.25328   -25.2951   -4.27174   -9.31501  -0.142371    26.3478   -8.95067    40.0731
    14.375     79.125   -11.3097    8.14107   -6.47194   -12.6267   -9.04927   -4.52893    6.80442   -14.7166    19.2946
    14.375     79.375   -8.00502    11.0803   -3.15642   -2.57602   -6.42568   -3.65871    4.84548   -12.6596     1.8435
    14.375     79.625   0.568272    12.5433   -11.7273    9.10917   -2.27794   -2.22668   -1.29643   -25.4748   -8.98106
    14.375     79.875   -2.39194    10.9395   -7.17101    8.21341   -3.49824   -1.65091    7.89386   -27.0046    -8.8092
    14.125     74.625    16.9032    16.7694  -0.355856    -5.6483    31.4162    21.7081   -2.73847    6.09833   -15.0899
    14.125     74.875    18.6516    6.01346    -8.3892   -17.1754    25.6763    9.15716   -10.2662   -8.42798    -7.9749
    14.125     75.125    8.72761    7.85873   -1.38235   -19.0091    2.36573    20.7434    16.8241   -21.0998    11.2343
    14.125     75.375   -4.30257   -7.10451   -1.20618   -5.08341   -12.2424    4.57797    21.4958   -8.73382    35.6171
    14.125     75.625   -19.0595   -14.8964   -6.37807   -24.1266   -19.1502   -4.49057    11.8929    1.67867    6.62897
    14.125     75.875   -1.09627   -9.72934   -7.34055   -8.44504   -7.39105   -6.25412    22.5943   -22.2537    19.1128
    14.125     76.125     10.141   -4.14693    5.02413    6.85123    1.68979   -12.6088    28.5707   -29.3426    7.81164
    14.125     76.375    2.34471    10.4934     2.6939    24.1044    8.49574    -1.7428    43.2165   -2.90622    14.2811
    14.125     76.625    17.2486    14.9161    22.5621    31.2548   -9.23775    -2.0611    37.8304    26.2533    38.6124
    14.125     76.875    17.9023    16.0363    16.9463    35.2912    -1.0119   -7.39221    33.9879     23.503    32.2081
    14.125     77.125   -14.5665   -4.58072    5.94347    30.4142   -18.6292   -8.15373    47.3622   0.884635    46.3148
    14.125     77.375   -5.43838   -8.73361    16.1638    50.8169   -19.1768    -11.468    52.9127    29.7713     40.009
    14.125     77.625   -6.80056   -10.4237    14.9343    25.5134   -18.1688   -8.83325     36.391    34.8866    49.0181
    14.125     77.875   -13.6501    4.11936    15.7227    13.3677   -16.8594   -8.74676    42.1058    17.8956    36.2413
    14.125     78.125   -17.1302     1.2248    4.88045   -11.7821   -15.8838   -6.59127    16.2041    11.9962    37.1346
    14.125     78.375   -14.9988    5.96795    9.08059    22.0218   -3.24558   -4.92506    21.6291     15.051    32.8392
    14.125     78.625   -25.6155   0.818082    6.13875    -11.573   -10.5317   -8.19035    24.9144    16.6548    30.1548
    14.125     78.875   -20.8785    13.2857   -26.1688   -13.7046   -7.04364   -5.33125    15.5564    1.34315     22.181
    14.125     79.125   -5.34532    14.5275    -11.358   -15.6228   -6.46974   -4.66652  -0.884622   -15.8203    12.5337
    14.125     79.375   -9.19933    6.00498   -11.0835   -5.31626   -12.0376   -8.11476  -0.201128   -11.6366   -2.58966
    14.125     79.625   -3.19403    11.1389   -10.5168    17.6045   -4.89293   -3.95078    6.33737   -21.4867   -10.9799
    14.125     79.875   -2.87304    8.01755   -10.2237    18.5512   -4.74808    -3.6056    5.73606   -31.6889   -10.9488
    13.875     74.875    13.2201    5.90683   0.799637   -16.5411    13.3089    12.5542   -6.16035   -22.1802  -0.522517
    13.875     75.125    19.0976    3.04635  -0.680104    1.10461    20.2298    42.0206    1.93193   -35.5332    15.7803
    13.875     75.375   -8.39774   -1.49052   -9.58866  -0.633187   -8.27455    25.1583    21.3789   -44.5166    13.9987
    13.875     75.625   -9.35411   -4.75807  -0.529563   -13.9267   -14.2261   -2.20209   -1.10381   -17.8574    13.5883
    13.875     75.875    12.0575    1.72192    9.63876   -2.99268   -17.2232   -3.53962    7.98324   -10.1624    30.7383
    13.875     76.125   -4.62371   -14.9005   -4.48881   -1.02382   -17.9839   -10.1287    16.0402    3.03475    27.0987
    13.875     76.375   -1.40925   -1.13697    13.2776    5.07955   -21.5538   -7.47727    30.4967    4.41588    21.5918
    13.875     76.625    20.8301    5.06557    31.3002    33.6158   -3.44402   -3.43129    54.1882   -8.01264    47.0129
    13.875     76.875   -19.2377   -1.63218  0.0503194    4.26421   -11.3043   -10.7275    46.0994    17.6385    26.4891
    13.875     77.125   -19.9253   -2.70223    8.35019    18.4152   -11.7689   -8.20893    48.9423    22.7821     23.403
    13.875     77.375    20.5981   -1.43787    45.7613    40.4917   -21.1515   -8.90693    50.8246    25.7172    39.2675
    13.875     77.625    4.72858   -9.13066    38.4949    27.0459   -15.8221   -11.3051    44.6946    1.08713    51.5106
    13.875     77.875   -11.7629   0.469292    16.0219     20.823    1.16314    -12.666    45.5084    17.2351    41.8305
    13.875     78.125   -18.4719   -8.85087    16.4057   -8.22778   -18.6906   -9.46913    51.0487    27.2199    21.2056
    13.875     78.375    20.0622    7.24128    20.0971    12.0717   -10.6001   -7.53681    35.1872    20.8191    15.5689
    13.875     78.625    5.21051    2.38504     12.614    -16.604   -11.8231   -8.91151    16.7817     5.6661    14.1353
    13.875     78.875    6.34317    9.47935   0.231701   -25.1857    7.46883   -8.74819    19.2766    11.6296    7.78297
    13.875     79.125   -6.20873     7.9671    -10.272    -20.156    3.65161   -7.05248    14.6624   -3.49871    16.2011
    13.875     79.375   -19.0222    3.95198   -9.25955    6.10426   -8.87247   -4.17911     18.265   -4.54552    9.68248
    13.875     79.625   -15.8928    5.94004   -11.9469   -1.62046   -8.76835   -6.06987  -0.302061   -17.3322   -13.1775
    13.875     79.875   -2.78582    9.20631   -8.62203  -0.151026   -6.32628   -4.45715    11.8184   -20.9978   -12.8233
    13.625     74.875   -6.83074   -13.6296   0.868361   -61.8283   -20.2957    18.5913   -36.6635    23.0433    -21.229
    13.625     75.125    9.28646    8.57546   -5.49012   -18.1048   -3.54705    27.5223   -20.4623    6.68119    13.2524
    13.625     75.375   -11.6582    3.11568   -19.4282   -15.3789   -7.56175    15.5669    1.19781   -45.4472    14.2488
    13.625     75.625   -4.08865   -2.89983   -7.30792   -9.41938   -23.0826   -12.2447    8.63405   -18.4214    15.6527
    13.625     75.875   -7.44485   -3.86205    15.4546    19.1011   -10.4815   -13.3987    17.6815   -9.92686     10.954
    13.625     76.125    4.41994    -9.9859    12.3882    22.2608   -16.7697   -5.45041    32.4555   -7.06178    14.4723
    13.625     76.375    1.57971   -9.43548    10.9422    11.6901   -18.7342   -7.44813     44.818    6.25006     7.2043
    13.625     76.625   -11.0408   -7.48998    1.79988    3.78546   -18.8174   -10.9335    29.7542    2.24677    12.8346
    13.625     76.875    2.89582   -8.57318    17.2791    10.7254   -18.6146   -11.6464    36.3856  -0.976679    23.2284
    13.625     77.125    4.45785   -2.49459    11.4256    43.7652   -8.06828   -8.79612    48.5541    12.4124    31.3261
    13.625     77.375   -27.0696   -20.7414   -3.90398     16.254   -17.8324   -14.6368    40.7024   -6.99373    28.7893
    13.625     77.625    5.16198   -1.36886     35.752    33.5269  -0.281017   -5.62991    54.3987   -23.3477    41.4741
    13.625     77.875    9.25655    1.24817    31.5123    14.2149     6.0428   -7.50577    55.8004    -14.098    30.2615
    13.625     78.125   -13.3107   -7.93344    14.1386   -10.9347   -18.9898    -10.589    18.6655    19.6667    25.4087
    13.625     78.375   -21.9141   -7.71256   0.559425    43.6791   -14.7683   -6.17384    26.1682   -3.67795    33.8052
    13.625     78.625   -26.4717   -11.1496     3.7083    37.9287   -15.1063   -6.24455    22.8374   -16.5964    34.4817
    13.625     78.875    20.9083    12.8023    51.6955    -21.261   -11.0696   -12.2594    20.4076   -1.66475    16.3901
    13.625     79.125    2.42873    13.9292    12.2591   -29.9067   -8.26545   -6.28754    18.4954   -9.88497    7.32564
    13.625     79.375   -17.0946    17.3424    8.67672   -17.0666   -0.56334  -0.961171    7.63895   -7.41276   -8.33268
    13.625     79.625    -7.5576     17.744   -1.27876   -1.87656   -6.71779    -6.0511     8.2729   -12.0662   -14.7381
    13.625     79.875   -10.4988    12.5508   -14.2356    21.1024   0.297836   -5.40752    10.8957   -16.6937   -12.3579
    13.625     80.125   -27.9704    5.57082   -11.5382    2.82871  -0.801158   -4.26511    12.7209   -25.4693   -12.5846
    13.375     74.875    18.2027    11.6886    10.2377   -19.1906   -23.3894   -5.15347   -7.67883    8.07072    6.42786
    13.375     75.125    8.08978    11.9181   -9.93595   -27.0054   -10.3292    15.5911   -16.2548    8.60741    6.66418
    13.375     75.375   -1.14548    3.37463   -18.1319   -35.3093   -19.7263    11.1629   -19.3448    8.91093    13.9051
    13.375     75.625    -12.556  -0.104899   -1.38263   -2.42357   -23.3092   -15.4658    11.7613   -14.9062    28.2112
    13.375     75.875   -11.1431   -9.20642    7.91079    22.1163   -15.9222   -12.4381    11.8714   -10.2775    26.3853
    13.375     76.125    5.21687   -3.58091    13.4484    31.6955    12.2003  -0.784139    50.0551   -24.7179    6.92296
    13.375     76.375    0.21026   -4.10432    3.61023    11.3938    15.1959   -4.61137    38.3873   -20.8109     15.361
    13.375     76.625    11.6942   -3.73743    16.7046    13.5829    16.4931   -1.12006    45.3535   -13.6389    26.7558
    13.375     76.875    5.13112   -2.93119     14.536    10.7246    13.0295  -0.663196    48.6436   -10.4686    19.4054
    13.375     77.125    14.2457  -0.730743    20.5808    47.4287   -2.56068  -0.850285     35.488   -4.98751    26.7781
    13.375     77.375   -14.7713   -11.2467   -1.15733    17.8507   -10.9107   -8.87872    28.4089    7.75716    27.3506
    13.375     77.625   -5.36178  -0.731694    8.02201    5.38065   -5.39078    -8.6324    24.4903    20.4057    30.1763
    13.375     77.875      14.09   -1.93316    23.0137    1.93436    1.28615   -7.32234    29.7371    5.86701    44.5577
    13.375     78.125    7.03319   -4.82919     16.114   -6.59348   -10.9063   -12.6882    21.9371    7.74265     26.527
    13.375     78.375   0.859301   -2.34913    7.78312   -7.97315   -16.4998   -10.4378    33.9923     2.7711    9.73615
    13.375     78.625  -0.212321    1.69094    1.35822   0.268222   -14.5934   -7.63613    12.6451    1.77843    17.6799
    13.375     78.875   -5.79577    9.22299   -9.02031   -23.2269   -9.99648   -4.72003    1.51003   -13.1144    16.4469
    13.375     79.125   -2.83766    8.13455    3.84009   -19.3806   -14.4663   -8.86806     18.361   -20.7715   0.390804
    13.375     79.375   -4.04017    9.82353   -6.04368    4.47416   -12.9179   -6.96055     12.087   -9.42669    15.3064
    13.375     79.625   -4.65747    18.7105    32.6851   -6.82208   0.639624  -0.252636    21.3862   -10.4906    13.6917
    13.375     79.875   -18.9642    14.1301    3.09223     6.4181    3.29379   -3.33614    5.27155   -26.1983   -7.17981
    13.375     80.125    -19.172    15.2691   -6.95855   -5.83658   -1.26029   -3.06156    2.37925   -35.6506   -8.77563
    13.125     74.875    21.9427    8.32326   -2.19045   -19.5577     1.6266    11.8631   -14.1344   -9.70791    1.08936
    13.125     75.125     12.406    1.09289    -4.6221    -34.952   0.687275     15.499    -7.1596    -9.8306    1.00779
    13.125     75.375    10.1621    0.42289    1.32999   -22.7129    2.76457    6.21303    -6.9793    32.2368    7.17865
    13.125     75.625    3.73483    6.09723     26.126   -2.03046   -9.58391    6.19901    21.0198    -23.979    12.7071
    13.125     75.875   -15.7908   -7.42613  -0.866854    16.4074   -1.84289   -3.25224    13.4393   -9.40595    13.7726
    13.125     76.125   -1.02775   -4.93228    5.68243    14.3043    5.00699   -7.87337    33.7399    3.95205   -3.66579
    13.125     76.375   -1.87852   -10.1322    8.59673    40.4438    6.05613    -9.0933    30.8311   -5.10025    1.28921
    13.125     76.625    8.15859    7.41804     3.5784    24.2685    27.7841   -5.49606    29.1721    -13.121    16.0548
    13.125     76.875  -0.463593   -7.17699    3.60134    23.0791   -14.6601   -5.67548    32.5118   -2.62143    22.6127
    13.125     77.125   -1.70324   -4.76238     4.3034    11.3962   -3.86066   -2.86351    29.7226  -0.127221    7.19631
    13.125     77.375   -1.56126    1.95701  -0.926443    4.34491   -1.92111   -3.53483    36.5522  -0.739133    18.5301
    13.125     77.625   -3.72032   -3.68687   -1.31352    0.83955   -11.7553   -7.71389    12.9795    1.65174    17.3434
    13.125     77.875    8.02545   -4.67127    12.6078     11.984   -1.71016   -7.52956    18.6048    2.02213    11.4767
    13.125     78.125    9.59939   -4.17182    18.0843    4.78331    -11.369   -10.7858     22.283   -1.69711    34.3772
    13.125     78.375   0.636289   -5.64541    24.4535    17.1671    -11.857   -10.8157    27.2099   -3.93267    -4.4598
    13.125     78.625   -13.1987   -8.43646   -6.22292   -6.08737   -21.4087   -13.1157    21.6061   -6.14011    6.36563
    13.125     78.875   -18.3975   -9.48847   -11.4907   -15.7441   -19.2599   -9.54437    20.5571   -18.9554     20.669
    13.125     79.125   -11.2615    3.96606    13.8741   -18.8327   -14.0696   -6.47113    18.8749   -55.8732    28.0166
    13.125     79.375    -13.222    1.94349   -12.9912   -5.31589   -13.5027   -5.33234   -1.01218   -30.1444   0.121285
    13.125     79.625   -4.09044    3.92397    18.3342   -10.7211  -0.218086    -2.0817    9.29356   -52.5722    14.2919
    13.125     79.875   -10.3998    14.6103   -25.0807   -25.8462   -1.51286   -3.75903   -8.48111    -39.024   -9.33257
    13.125     80.125   -13.7034    18.5255   -33.6269   -25.0684     14.333   -1.02722   -12.0944   -40.5914   -8.95932
    12.875     75.125    5.86386   -1.73536   -4.45523   -41.0247   -7.16695   -3.49319   -26.5647    14.3071    33.4046
    12.875     75.375    19.2077    8.95898    17.9929   -13.7008    17.2316   -13.3708   -7.19191   -58.1732    38.1676
    12.875     75.625   -28.8846   -9.55266   -12.0057   -29.7587   -10.2204   -7.41431   -8.61689   -18.6868    21.3781
    12.875     75.875   -7.21043    -5.4428    8.04672    2.68419   -5.48247    4.47687    16.1144   -46.4527    20.8369
    12.875     76.125   -7.08002   -5.76525    10.1268    18.0697   -17.5955   -10.3532    20.4065   -12.9337    24.9854
    12.875     76.375    29.7947    11.1536    68.0696    28.3319   -10.6461    4.20792    33.0646    3.66573     13.168
    12.875     76.625    3.59701    11.2431    12.6069    35.7105   -18.5137   -9.59671    27.6343    3.49622    28.7478
    12.875     76.875   -10.4582   -15.2432   -8.31146    22.2531   -23.4624   -7.50613    11.5081    2.92399    12.6356
    12.875     77.125   -8.82093   -9.71934   -6.58404    7.37097   -12.9283   -8.58686    23.4775    5.56481    7.38823
    12.875     77.375    2.68083  0.0156569   -4.45844    20.2027   -10.3515   -11.3294    18.7545   -34.2258    6.63945
    12.875     77.625   -4.84427   -4.36204   -2.96177    10.0086   -11.5434   -7.63673     13.404    2.23194    17.5125
    12.875     77.875    7.32271   -4.96204    5.17103    25.3895   -8.04023   -11.1356    23.2555    8.51314    13.2933
    12.875     78.125    12.6381   -5.39292     18.141    28.3455   -9.04197   -11.0626    32.9038    3.62932    37.5141
    12.875     78.375    1.00846   -2.55945   0.293967    40.1259   -14.1146   -12.6344    24.9703   -11.0481    40.7496
    12.875     78.625   -16.5546   -9.04896   -3.01082   -7.41512   -10.3259   -9.22707     15.247    -18.861    8.06507
    12.875     78.875   -6.31916   -12.3331   -9.70042     3.7253   -14.1002     3.4132    30.1415   -29.6002    8.98325
    12.875     79.125   -15.8545  -0.456767   -9.08805    1.93087   -10.2723   -4.13554    10.5941   -42.8801    22.9425
    12.875     79.375   -6.14312    2.28449   -5.32294   -22.9767   -6.11668   -3.07981   -12.6196   -50.0098    2.01915
    12.875     79.625   -2.58571    12.1466   -30.9138   -22.2725    3.18836   -1.97218   -10.8082   -81.5727    12.3228
    12.875     79.875   0.770497    7.35169   -14.9297   -18.0528   -2.15766  -0.736217    -3.5099   -18.1456    1.25053
    12.625     75.125    4.09532    10.8649    1.61744   -59.9193   -14.5208   -13.1667   -44.9337     19.581    11.5954
    12.625     75.375     14.362    15.4288    7.97725   -36.1663   -5.44582   -5.31021   -23.8753     19.811    15.7246
    12.625     75.625    2.29558    9.80571   0.986615   -33.1002   -27.1081   -21.2403   -9.43932   -17.3437    19.1861
    12.625     75.875     2.6181    7.79393    7.11474   -9.50146   -25.1516   -11.9459    10.5925   -24.5861    16.1693
    12.625     76.125   -16.8056   -8.52093    11.0287    32.0089   -13.8333   -15.9541      20.42    -18.514    2.86225
    12.625     76.375    37.7886    18.9327     65.336    30.5819    2.64753    9.35463    48.3155   -15.4724    14.7333
    12.625     76.625    53.3741     25.516    68.0042    36.5354    4.11935    12.3373    42.7175   -5.27313    12.6363
    12.625     76.875   -5.98544   -16.7514    13.1948    31.8619   -16.2944   -13.7599    26.6082  -0.418308     14.147
    12.625     77.125   -31.0132   -33.5695   -16.7299    18.9829   -14.5484    -20.941    8.17417   -5.94473    7.65524
    12.625     77.375   -24.0258   -16.7938   -15.0055    8.61391   -28.2256   -17.9423    6.84094   -12.2807    1.69124
    12.625     77.625   -14.4175    2.09619  -0.947756    7.27415   -20.1105   -9.22752    10.0386   -20.4936    3.57089
    12.625     77.875   -5.00269   -3.67176    13.1807    36.8979   -11.2818   -11.3434    5.93721   -2.06354    2.27743
    12.625     78.125    2.18896    -8.9256    6.86008    21.2736     -12.26   -12.5412    8.63916    2.02533    -2.3497
    12.625     78.375    7.18505    9.24243    3.78797     70.782   -11.4389   -9.69516    18.8977   -59.3445     28.737
    12.625     78.625   -6.32086   0.936971   -4.80989    37.2056   -10.5625   -9.14848    19.0872    -66.332    32.1855
    12.625     78.875   -15.9761   -4.20927    15.5474    2.58669  -0.667424     10.537    14.4877   -28.7815    20.8695
    12.625     79.125   -13.3215    11.1537    1.95313   -4.67787   0.427831  -0.968442    13.4229    -21.632   0.300157
    12.625     79.375   -26.0713   -7.67514   -2.46188   -11.8328   -2.09333   -6.51663   0.205178   -42.6075    7.60546
    12.625     79.625    -29.181    6.82111   -26.9987   -24.1232   0.872626   -4.71931  -0.371628   -27.3475   -6.85425
    12.625     79.875   -33.9621  -0.525647   -32.3723   -27.9061   -6.71086   -4.42004   -8.70843   -23.8265    9.04159
    12.375     75.125  -0.373097    9.31228   -5.46637   -29.3752   -13.8615   -10.0054   -38.2434    12.3185   -5.43958
    12.375     75.375    5.69046    12.2103  -0.497379    -6.6546    3.81106    1.23822   -27.6474    19.4805   -2.42258
    12.375     75.625    8.54765    19.1738    15.8606   -1.87595   -9.82088   0.682615   -2.66595   -25.4277    13.0235
    12.375     75.875    10.2465     7.2174    20.4119    5.05452   -19.6964   -12.6472    13.7396   -27.4707    6.87614
    12.375     76.125   -16.7728   -2.86048    2.43409    18.2023    -1.9145   -10.5397    31.0888   -30.2159    -7.8052
    12.375     76.375   -7.74055   0.218324     15.416     22.329    1.21407   0.212867    33.1608   -8.88923   -14.8471
    12.375     76.625    24.2054    19.3936    57.9455    26.8852    9.24484    1.91918    47.1955   -12.8812    5.94422
    12.375     76.875   -25.6499   -22.1389   -2.84993    23.9735   -7.53825   -16.4209    11.4145   -22.3041   -1.20418
    12.375     77.125   -32.8236   -47.1448   -21.2196     5.7526    -27.457   -23.9195   -2.87936   -5.65998   -24.4594
    12.375     77.375   -19.7417   -23.7479   -10.6005    10.2676    -40.699   -21.8008    6.64659   -36.4853   -2.04251
    12.375     77.625   -20.5246   -17.4262    7.46937    6.61392    -37.354   -15.9293    13.8355   -22.9955   -10.4475
    12.375     77.875   -13.6555   -8.54489     17.816    36.4984   -26.1557   -7.22433    13.0997   -12.1322   -2.94568
    12.375     78.125   -8.64947   -5.46996    7.56866    27.1803   -18.7498   -8.36138    4.59313   -22.0283    8.88958
    12.375     78.375   -7.90187   -3.50571    8.64248    26.5943   -20.2854   -8.59709    25.7326   -63.6462    7.41023
    12.375     78.625   -18.6458   -14.8826    14.7245    10.4238   -17.7537   -1.13021    34.7683   -71.1622    7.22411
    12.375     78.875   -25.9731   -12.8767    10.8394   -2.40333   -16.1282    8.27106    7.45285   -39.0457    12.5384
    12.375     79.125   -2.79398    3.62985    4.78176    6.89727    5.45549   -7.76059     10.172   -53.9445    5.18127
    12.375     79.375   -10.8895    12.9184   -4.38745   -6.84545    9.17768   -5.71219   -8.77804   -80.6331    12.9454
    12.375     79.625   -56.1914    14.9592    -50.576   -25.9071   -1.09392    -0.3812   -3.73263   -88.1327  0.0125778
    12.375     79.875   -32.8578    6.33656   -25.4223   -25.0313    8.61864    2.38599   -7.45745   -92.7479   0.538688
    12.125     75.375    1.15267   -5.38953   0.192301   -43.8776   -31.6876   -26.2831   -45.3843   -15.2896  -0.853472
    12.125     75.625    8.63243    7.55176    12.2341   -20.8288   -7.59522   -1.19182   -12.7824   -28.6795    9.22523
    12.125     75.875    27.1016    15.9355    32.3646    0.15035   -12.1273   -22.0651    1.83799   -24.6677   -10.4346
    12.125     76.125   -5.92884   -9.91425   -5.49259   -14.2453   -14.3059   -24.6951    13.6606    -28.657   -17.2117
    12.125     76.375   -16.8472    -8.6228   -10.4017   0.255163  -0.933889   -9.50353    19.2266   -15.9217   -13.1835
    12.125     76.625   -18.3529    -16.306   -7.58762    20.3588    9.50341     -11.26    21.9136   -8.72389   -2.04293
    12.125     76.875   -33.0016   -29.4723   -16.4968    44.9055   -18.1225    -17.408    12.6645   -16.7945   -1.82604
    12.125     77.125   -17.2946   -20.3966    6.30733    34.9032   -26.9078   -15.1619    27.6177   -31.4678   -3.18184
    12.125     77.375   -18.5285   -19.9686    12.1413    14.9816   -37.5784   -19.6824    18.1161   -31.0194    10.5219
    12.125     77.625   -19.4294   -23.5108  -0.790468    14.9236   -30.2383   -15.9952    8.56962   -25.2143     2.5808
    12.125     77.875   -21.2724    -23.227    2.21142    24.0476   -22.1492    -16.724    20.4156   -7.71391   -23.2113
    12.125     78.125   -8.43204   -10.4384    11.9094    3.75916    9.92364    -9.9282    8.08946   -27.6241    35.8625
    12.125     78.375    3.68949   -1.75381    11.5532    32.9069    -1.8858   -4.97662     33.038   -37.7807    9.05728
    12.125     78.625   -20.8174   -26.1672    10.3826   -6.82966   -23.5736   -10.1164    16.4918    -51.889   -2.14238
    12.125     78.875   -31.8016   -35.8843   -3.51101   -9.76222   -10.5607   -8.16817     10.053   -44.2692   -1.07897
    12.125     79.125   -3.87069    3.45884    15.8608    5.52849   -2.68384    -4.8032    10.1296   -79.1987    3.64528
    12.125     79.375   -13.6012    13.1262    13.9862   -7.40394    16.0026   -2.87849   -1.04403   -71.3554    9.12288
    12.125     79.625    2.81092    21.4491   -14.0678   -14.8845     10.984     1.7159   -1.59998   -74.2462   -4.09942
    11.875     75.625    23.8965    13.0362    31.5763   -8.50843  -0.350297    -9.2704    5.97418   -47.7269   -16.1815
    11.875     75.875   -7.77594   -13.9261   -12.1106   -27.3135   -17.4683   -28.0391    -28.233   -45.7015   -15.1512
    11.875     76.125    7.70717   -0.76501   -12.3261   -15.2041   -29.1125   -26.2655  -0.307429   -52.4524   -2.71333
    11.875     76.375    -8.7804   -12.8042   -16.7357   -8.64996   -33.9465   -15.8112    14.9748   -28.6114    -21.202
    11.875     76.625   -12.0501   -10.8844   -1.22685    1.24032    -8.7499   -20.8943    22.0862   -8.51152   -12.6273
    11.875     76.875    -32.669   -27.2367   -7.68918    6.20591   -21.2258   -33.5526   -16.0176    4.70311    8.03361
    11.875     77.125     -6.167   -6.28886    26.1634    30.7784   -16.8633   -8.81577    28.2081   -37.3254  -0.794679
    11.875     77.375   -14.4381   -12.8131     18.369    28.2742   -31.0046   -20.3943    22.1168   -8.77472    16.5438
    11.875     77.625   -6.29612   -18.9994   0.885779    9.16115   -24.0315   -16.2328    23.4116   -31.1627   0.948547
    11.875     77.875   -20.9138    -22.014   -2.71615     7.0202   -13.9288   -11.0982    3.30313    -21.982   -19.5321
    11.875     78.125   -11.7531   -12.7166   -5.57095    14.2261   -9.59895   -5.44041    7.92906   -34.5152    5.33477
    11.875     78.375   -22.3079   -19.4242   -3.48283    16.2083   0.542239   0.480239    14.0731    -20.533    11.2889
    11.875     78.625   -29.2142   -23.4642   -11.3855    17.4742    1.42054    2.97201   -2.22919   -50.8291     27.861
    11.875     78.875   -22.2834   -17.3262    -10.636    16.9893   -11.7152   -6.20424   -1.02899   -52.5926    7.12279
    11.875     79.125   -8.44989   -4.09652   -0.53566   0.789401   -1.47703  -0.562015   -1.16429   -61.9254     2.1007
    11.875     79.375   -16.7796   0.691775   -3.16614    1.16326    11.3174  -0.994029   0.418358   -72.2424    5.17776
    11.875     79.625   -14.2335    11.9765   -6.68479   -2.42692    10.7693    3.24375    1.65409   -55.4766    2.98185
    11.625     75.875    3.16323   -14.5467   -2.08275   -41.7127  -0.748149   -10.4867   -17.7319   -16.7379    4.52059
    11.625     76.125    18.2103    3.35735    16.3792   -7.18423   -5.54519   -2.29475   -0.30755   -55.0038    22.0562
    11.625     76.375   -22.9696    7.85699   -14.1649   -14.9039   -38.8346   -22.1398    3.77287    -32.439 -0.0964458
    11.625     76.625   -3.18156    22.3746 -0.0907444    6.18896   -11.9533   -2.61744    11.7578   -20.9144   -5.47634
    11.625     76.875   -26.9086    -16.142   -15.5121   -1.15406   -12.2687   -30.5224   -15.6951    -22.414    -14.253
    11.625     77.125   -21.6282   -18.7926   -10.9344    3.62313   -1.45522     -25.02  -0.269515   -26.9979    4.48906
    11.625     77.375   -1.52145   -1.12272    12.5715    12.6893   -13.3349  -0.196747    13.2226   -11.4678   -4.63241
    11.625     77.625   -14.2143   -4.24717     3.8644  -0.824285   -13.3774   -10.6936     7.0225   -30.2066    5.63014
    11.625     77.875  -0.775238    4.78671   -10.1317   0.141093   -17.6171   -22.9042   -8.65344    -20.118    16.2552
    11.625     78.125   -17.3587   -16.7709   -7.87872    12.6079   -7.30367   -12.9057  0.0303806   -48.0953   -7.99496
    11.625     78.375   -15.8698   -20.0664   -4.56277    14.2592    -8.5118   -6.39714    17.4598   -26.8318   -25.5766
    11.625     78.625   -8.97142   -1.75811    1.41034    16.7252   -1.68364   -5.44165    6.90468   -63.3702    14.8132
    11.625     78.875   -20.0785   -16.0793   -10.4698    7.34219    6.87008   -4.40593   -2.18714   -66.7401    3.79305
    11.625     79.125   -5.20736    6.52326  -0.653251    43.8336     10.607    1.30282   -18.1137   -73.7199    12.4261
    11.625     79.375   -8.58082    3.44863   -3.73526    17.6982     23.015     4.2205   -3.41992   -8.58781    6.92241
    11.625     79.625   -14.9961    2.01411    -5.0682     5.8163    13.0945   0.709953    -5.5433    -13.925   -1.43882
    11.375     75.875    11.8182   -33.4682   -5.65753    -32.602   0.463649   -9.52862   -31.2212    -41.289   -19.0141
    11.375     76.125   -1.45472   -6.70756   -7.16635   -21.1581    3.21197   -5.57729   -12.8232   -18.5945    -11.987
    11.375     76.375   -10.7168    8.15892    0.53874   -17.4341    2.14021    3.64037    2.21647   -79.3361     10.678
    11.375     76.625    7.88911    21.8999    7.75881    9.98981    14.2094   0.894572    4.66091   -8.45652    7.60368
    11.375     76.875    15.8729    20.5067     46.287     31.917    19.5818    18.6027    15.0331   -42.5806    9.28937
    11.375     77.125   -5.59457   -6.66178    5.95227    4.29582   -18.8235   -15.5962    3.01313   -7.76394    9.52858
    11.375     77.375   -13.7245   -13.5325   -2.31019    1.57937   -17.3471   -15.5502    14.8821   -20.0889   -13.4657
    11.375     77.625   -10.5843   -3.65129    4.92476    7.80078    1.36486   -0.28014    12.9072   -17.9292    1.86937
    11.375     77.875    18.0281   -4.01385     13.543   -1.85704   -4.87378  -0.299375    14.1253   -56.5299    9.32695
    11.375     78.125     -13.61   -19.6861    9.71471    14.8585    2.57636    6.34689     35.612   -22.4802    15.6254
    11.375     78.375   -21.2534   -17.2867    4.38144    1.04549   -15.3213   -9.27249    10.6117   -16.6992    33.7019
    11.375     78.625     -28.66   -23.1516    -9.2094   -19.7963   -10.2575   -14.8053    4.36447   -51.4992    18.1571
    11.375     78.875   -19.6746   -5.58618   -11.8632   0.999519    6.75689   -3.63852   -3.42337   -69.3862 -0.0807611
    11.375     79.125   -11.9007   -8.20892   0.902462     33.904    8.47923     11.835   -16.8471   -66.7091    -5.2461
    11.375     79.375   -16.0697  -0.444414    -3.8957    21.5298    20.8553    5.98606   -23.3349   -29.6207   -2.27335
    11.375     79.625   -19.4824   -3.31363   -4.62498    18.5594    17.5854    11.5176    -18.974   -22.2056     5.6271
    11.125     76.125   -28.5252   -27.4151   -25.6032   -27.6413    3.28754    7.42623    -28.169     -32.59   -18.2957
    11.125     76.375   -29.2332   -6.28014   -1.54016   -11.2133    1.48556    2.50919     2.4185   -70.1351    44.7599
    11.125     76.625    42.0642    40.1458    66.8542    42.8983    37.2756    31.5902    31.8634   -42.4798   -6.76758
    11.125     76.875   -50.5592   -28.3914   -26.0634   -53.3886   -31.1282   -43.8076   -33.3314     -37.42    27.0769
    11.125     77.125   -17.4781   -12.1443     4.2837    5.51887   -6.98282   -12.1287    7.86972   -39.7082   -8.21524
    11.125     77.375   -18.3734     -21.23    3.48781   -3.76453   -10.6056   -14.2747    10.1067   -42.0131   -7.38016
    11.125     77.625   -18.4135   -22.4423   0.887946   -3.37433   -2.16584   -8.47446    9.62775   -41.7086   -2.19741
    11.125     77.875   -4.55602   -19.0965    3.24548   -4.73323   -11.8632   -1.88418    13.1662   -30.8791    2.71155
    11.125     78.125   -24.6444    -49.727   -24.2445   -18.3475    -7.2761   -11.8437   -9.60751   -27.5283    23.1039
    11.125     78.375     6.0132   -16.1367    12.2172 -0.0413292    3.59511    6.31873     13.908   -41.5739    11.4679
    11.125     78.625   -5.09335   -17.0215    9.15721   -6.58846  -0.621518    1.87698    18.9569   -31.3359    5.04678
    11.125     78.875   -17.7757   -4.23735   -2.56752    3.19439    12.6465    20.7372    6.91119    -50.242    4.45496
    11.125     79.125  -0.355881    12.0444    5.64766    12.1987    7.29001     25.275   -8.25938   -47.2791   -7.59696
    11.125     79.375   -13.4359   0.975772   -2.30033    17.9712    7.13672    10.2857   -10.2798   -38.1304   -4.15902
    11.125     79.625   -11.1663   -1.91602   -5.83319    9.32093    9.44029    13.2875   -10.9153   -44.0805   -8.18738
    10.875     76.125     2.1126   -6.45646    14.2564   -20.7779   -35.3924   -48.0106   -21.4661   -49.9251   -11.5403
    10.875     76.375    7.05177    6.07241    22.6663    -21.206   -19.5217   -9.96246   -2.22643   -43.0111    4.22815
    10.875     76.625   -23.2761    2.77136   -10.3332   -7.22616   -17.0434   -23.1267   -5.31008   -33.6334   -5.91783
    10.875     76.875    -26.941   -17.3952   -11.1195   -7.80565   -23.0224   -15.5637    9.91546   -32.1879   -6.81871
    10.875     77.125   -12.5628   -6.76995   -3.68469    4.32366   -11.6483   -8.83629   0.115226   -32.3352    2.78105
    10.875     77.375   -13.3768    -20.345    16.9895    2.04469   -15.6251   -9.03349    8.06082   -42.4242    2.98568
    10.875     77.625   -24.6757   -32.6624   -9.63442   -4.92987   -8.27614   -10.7316   -15.2741   -21.0737    3.17509
    10.875     77.875   -28.0238   -38.4114   -8.85478   -4.77386   -11.4902    -13.029  -0.646225   -21.0936    -6.7453
    10.875     78.125   -33.0556   -44.1895   -16.4557    -13.746   -4.96851   -11.8656   -18.3205   -8.87513   -4.75558
    10.875     78.375   -16.1586   -25.6821    4.59142   -6.04968   -2.79205    8.71843    1.46544   -34.7158    7.54008
    10.875     78.625   -21.6508   -19.2269    6.84043  -0.589749   -1.47488    33.0171    7.24651   -29.5589    6.16691
    10.875     78.875   -16.3046   -7.39308   -1.95757       25.7    2.51232    18.6024    9.76045   -36.3745    55.4165
    10.875     79.125   -20.2078   -13.5318   -28.5534   -23.1566   -8.20611    7.04373   -5.32924   -16.3314   -11.4213
    10.875     79.375   -19.6956   -12.9878   -14.8694   -5.47901    5.79497    5.52193    4.93822   -20.6382   -13.6871
    10.875     79.625   -6.15268    10.2651    23.9303    2.77514    31.0872    29.0059   -2.63798   -33.2198    1.78817
    10.625     76.125     10.164  -0.271974     12.562    -46.228   -16.8828   -8.75989   -28.7341   -19.3571   -26.9568
    10.625     76.375    4.20242     7.7557   -7.83838   -26.8607   -23.6143   -22.7125   -8.55328   -11.9829   -4.09391
    10.625     76.625   -14.9052   -11.7261   -32.0845   -41.1607   -24.7214   -18.4243   -17.3776   -47.1899   -9.17312
    10.625     76.875   -15.8556   -7.85123   -21.4732   -18.6473   -16.7198   -10.9819    10.4954   -49.8366    1.91222
    10.625     77.125   -29.8662   -22.5881   -14.4849   -12.1358   -20.6167   -18.6752   -22.2724   -39.4481   -4.56298
    10.625     77.375   -27.2231   -31.0069   -17.2778   -5.47909   -15.0112   -12.7326   -13.7955   -29.8367    7.91938
    10.625     77.625    -12.402   -25.8191     6.1075   -1.67328    -1.0677   -5.31141    4.32486   -34.7983    17.0192
    10.625     77.875   -16.2865   -27.4314   -1.85775    11.3898    1.45286   -10.0587    14.3264   -44.3946   0.689844
    10.625     78.125   -27.5206   -29.8069   -12.5136   -4.55964    5.88032   -12.5229   -1.31812   -31.5361   -16.7573
    10.625     78.375   -26.2391    -31.392    1.18662   -7.56368   -5.99247   -7.34628   -16.9317   -7.99067    25.5164
    10.625     78.625   -26.0682   -27.4157    4.60693   -11.7739   -7.73987    24.2723   -2.69827   -30.6036    11.8342
    10.625     78.875   -30.3504   -31.0104    5.53443   -17.4414   -9.85574    7.33716    12.3571    -67.311    15.0419
    10.625     79.125    7.20022    5.26745    14.0677   -9.16673    2.59934    4.53003    2.15472   -28.9317   -7.99837
    10.625     79.375     -14.22   -5.48138    21.6106   -5.96673     7.0052    11.6004   -2.37419   -5.34465   -4.64597
    10.625     79.625   -12.8703    1.08685    17.7668   -5.87754    15.2062    11.3547   -16.0594    4.33946   -2.69955
    10.375     76.375    18.0728    1.71309   0.726257   -29.8808   -20.5769   -26.9874   -21.6736   -14.1606    6.24444
    10.375     76.625    1.03543    1.38737   0.939054   -4.91618    7.70139    11.5562    -17.289   -79.2409     7.7893
    10.375     76.875    7.61862    21.7384   -1.02932    14.1095    4.22851    10.7467    39.6273   -45.3036    33.9528
    10.375     77.125    -3.6715    16.2862    7.78291    3.99941   0.245922   -11.1089     7.2858   -26.9116    9.95151
    10.375     77.375   -9.92745    -14.067    15.1202    10.1084   -3.13405    -18.893   -2.01995   -29.6786    21.0038
    10.375     77.625   -6.31788   -11.2468    15.7082     7.6878    1.15887   -1.48539    2.58852   -26.5506    24.4257
    10.375     77.875   -26.1301   -21.8357   -14.3035   -5.82643   -3.64661   -9.21062    -1.7063    -39.858    2.73149
    10.375     78.125   -20.0478   -22.1179    3.49834   -2.80979    22.2961    2.18531     10.499   -60.3789    1.61226
    10.375     78.375   -15.3705   -22.3646    13.5747   -12.6809   -2.24918   -10.1295    13.9374   -33.9541    29.1039
    10.375     78.625   -15.9335   -13.0455   -4.13732  0.0798431   -12.8519   -3.56104   -2.43184   -50.0814    -2.2437
    10.375     78.875   -18.3607   -14.8277   -5.18503   -5.38755    8.36477  -0.400035   -1.25043   -30.8922    -20.781
    10.375     79.125   -14.3474   -11.6878   -1.28168     1.2851   -2.81396   -6.23413   -2.59994   -10.1175   -5.71668
    10.375     79.375   -15.2571   -9.01691    5.79721   0.190508     16.741  -0.657374    -15.463   -9.97404   -6.16146
    10.375     79.625   -12.5003   -7.65676    4.22746   -3.24567    17.6846  -0.943478   -17.7197   -8.87909   -4.12496
    10.125     76.375    9.41751   -4.69022    15.4494   -15.1299   -19.0762   -31.8786   -22.4672   -62.1177    12.5948
    10.125     76.625     16.481    3.37179     2.1126   -4.82558   -2.23447    1.01952   -11.2875   -42.0536   0.742103
    10.125     76.875    39.9452    31.5659    30.0353    33.5426    22.5881    29.3463     14.209   -18.7532    25.0185
    10.125     77.125   -3.95397    18.4993    21.1228    13.5094    1.40024    -1.4923    9.50043   -7.61584     6.4267
    10.125     77.375   -31.0248   -31.6102   -9.56662    1.81536   -33.0703   -37.9284   -14.0634     -43.55    18.4232
    10.125     77.625   -10.1382   -22.1598   -2.68784   -6.49321    11.9868    4.20424    8.46768   -25.8854    11.0285
    10.125     77.875   -4.04428   -12.9357    14.5413   -9.43898    2.75607   -4.34949    16.3151   -7.73163    5.31811
    10.125     78.125   -22.7084   -18.2405   -7.70528   -7.12254    6.84314   -2.56766    5.81947   -38.0509   -2.28959
    10.125     78.375    4.20799   -9.00714    32.5388   -12.5797    2.20555   -2.83285    7.53239   -29.3169    8.41762
    10.125     78.625   -11.5355   -20.1993  -0.739376   -16.6816    -8.2764   -5.36784    2.00217   -53.7147    9.30519
    10.125     78.875   -20.1877   -10.4099   -16.1447   -3.19615    4.43708  -0.389304  -0.454654   -7.05425   -14.6016
    10.125     79.125   -13.3954   -5.06125  -0.672107    11.2533     13.203    2.69503    0.33576   -9.14632   -14.4984
     9.875     76.625    4.73697    2.96322    3.42236   -8.50079   -4.06841    2.52671   -11.2565   -14.8177    16.8044
     9.875     76.875    11.8148    21.3368    2.55754   -8.49951    -1.7933   0.619351    1.15665   -6.97906    12.8972
     9.875     77.125   -16.5892     21.968   -10.7651    7.90462    2.54365   -14.9457   -10.2846   -12.6183    15.0403
     9.875     77.375   -19.9773   -12.7084    6.00919   -8.95379   -3.19323   -10.4961    5.04176   -18.6286    3.45389
     9.875     77.625   -11.7382   -14.0867    5.55208    8.36087   -3.53496   -11.1704   -6.45399   -18.1594    2.71872
     9.875     77.875   -11.2956   -13.3672    3.02731   -7.67305    22.7101    -0.7852    4.56622    -41.406    11.6131
     9.875     78.125   -8.60618   -28.3687    5.57595   -18.2641    2.83845   -17.5232    2.33932   -21.7559    11.9833
     9.875     78.375    13.6393   -13.4954     13.572   -10.8779   -2.22337   -6.45258    3.82057   -44.5612   -2.25641
     9.875     78.625    14.1359   -10.7948    14.8178   -5.86729    11.7071   -2.06125   -4.41285   -23.2892    1.83849
     9.875     78.875    -20.912    -25.951   -11.6073    -3.0853    11.5083    11.2105    -1.2851   -19.7215    3.77255
     9.625     76.375    11.2384     4.7343    10.2414    6.92632   -4.63257   -30.2882     -14.56    -12.757    -1.0989
     9.625     76.625    12.4393    6.09629     6.7951   -8.66401    4.55627   -8.45439   -2.22121   -7.86626    30.4408
     9.625     76.875   0.843261    20.5028   -1.64342    10.8058      30.17    21.3942   0.808661    18.6444    31.9352
     9.625     77.125   -20.6223    14.0482   -5.90271   -6.54138   -6.10548   -7.94175   -3.88609   -40.4681    33.1906
     9.625     77.375    -17.027    -3.7831    4.25168    11.2578    3.88579   -6.16052   -5.15847   -23.0325    13.2926
     9.625     77.625   -18.1473   -31.8213   -4.75509    4.41074    6.47605   -24.6079   -5.20839   -15.6383    1.36877
     9.625     77.875    13.9956   -8.37316    5.30646   -3.08847    21.8821    -12.786    20.0719   -29.5585    17.1038
     9.625     78.125    -1.4795   -17.5198    33.8387   -5.45132    2.37663   -16.8925     7.2191   -37.6954    22.6243
     9.625     78.375    1.64186   -12.0334    20.2091    -4.8684    12.3353   -8.08657    14.4507   -82.8379    15.1917
     9.625     78.625   -16.1804   -9.83644   -19.9219   -11.1456    1.69938    2.99156    5.58711   -53.7631   -2.27333
     9.375     76.625    16.9923   -3.17274    5.70538    9.75836     10.195   -18.5686    0.14504   -7.41613    9.38918
     9.375     76.875    17.4201    9.26281   -3.61949    11.2623    14.9396    7.92113    6.82427     2.4118    29.0107
     9.375     77.125   -26.8054    -9.6082    1.83678   -11.4034   -7.44175   -19.7461   -10.3115   -45.4997    12.8488
     9.375     77.375   -20.7082   -25.6133    3.82748   -7.00798   -13.2332   -15.5322   -8.23554   -34.1901    4.00433
     9.375     77.625   -2.64576   -20.6562    22.0571   -5.32318    6.15175   -17.6493     12.468   -9.36025   0.979439
     9.375     77.875    6.79265   -17.7078    4.81536   -12.7818   -3.61893   -11.3925   -3.11195   -15.3963   -0.54976
     9.375     78.125   -12.7321   -36.7307   -3.08929   -5.90922    12.3584   -26.3688    2.37297   -28.3462     18.432
     9.375     78.375   -6.17111   -22.1957    8.23727   -6.46479    13.6416    -19.019    33.8206   -31.6686    11.0597
     9.375     78.625   -17.8134   -21.3625    -7.5688  -0.748915   -3.80438   -5.21834   -4.26515      -11.8   -3.74319
     9.375     78.875    5.05541   -17.3359    7.75363    1.30084    38.8209    6.92093   -11.0724   -12.2642   -4.33861
     9.125     76.625    5.37022    2.61594    13.4224    3.54776    9.41224   -13.0063   -2.33068    15.2281    13.5251
     9.125     76.875   -1.93757   -2.10073   -27.7974    7.08185    5.35073    4.59836    7.90403   -55.9819    32.2924
     9.125     77.125   -15.7206   -7.77187   -11.5589   -9.30672    3.24751   -21.3773   -4.03247   -28.9771    9.24152
     9.125     77.375   -24.5294   -20.3394   -17.8311   -12.1819   -6.67468    -9.3665   -13.7375   -40.0035    10.0875
     9.125     77.625   -10.8666   -23.4576    2.57359    4.95245   -12.3312   -12.6271    -3.5173   -5.27219     2.6488
     9.125     77.875    -10.191   -15.6884   -20.3701   -10.9871   -4.70092    -19.956    5.39618   -19.1707    12.8304
     9.125     78.125   -5.53412    -15.349   -4.04462    12.1451    5.50226   -29.6019    19.8103   -25.8717    35.8853
     9.125     78.375    -35.894   -46.2936   -24.0252   -10.7028  -0.217421   -23.9841   -34.6098   -34.3301    20.9827
     8.875     76.875      2.263   -5.51159   -36.5874   -5.02243   -3.54717   -8.83275   -19.3791    -6.3576    37.6758
     8.875     77.125   -1.82602    5.83581   -8.04724    18.3106    8.61168    1.66002   0.333979   -42.3235    1.81224
     8.875     77.375   -12.0333   -7.84192   -13.9497   -15.4518   -13.0141    -13.012   -11.8888   -36.0415    15.0536
     8.875     77.625   -19.0533   -17.1319   -22.6915   -19.4977   -4.92993   -8.93833   -6.44715   -51.7961    9.62725
     8.875     77.875   -26.6239   -27.7194   -26.9063   -18.5241   -5.59508   -21.0359   -21.8266    11.6223    2.06412
     8.625     76.875    -10.914   -10.0652   -51.3238    -5.4647   -17.4345   -28.3638    -14.001   -64.5712    22.6243
     8.625     77.125   -6.53265    3.37644   -7.12132    7.45286   -7.21463   -20.1229    0.56915   -18.0173    5.55467
     8.625     77.375   -10.8772   -9.06679   -2.77432    7.57033   -1.89992   -14.6428     4.7787   -20.3459    9.19841
     8.625     77.625    -12.926    -14.774   -6.91478    1.76539   0.653614   -12.8252    3.81172   -14.4418    3.33699
     8.625     77.875    18.9254  -0.316624    16.7366    45.4132    8.72767   -6.46424    14.7214   -14.7017    12.4057
     8.375     77.125   -24.2522   -47.4564   -25.0207    15.2781    -8.5085   -7.73658   -10.0991   -69.3215   -18.4365
     8.375     77.375   -1.39542     2.0306  -0.274597     32.059    5.32818   -3.20785    7.09678   -29.2695    3.20322
     8.375     77.625    22.6402    19.7405     14.548    34.0949    21.5794    10.6657    35.1138   -22.9072    7.44308
     8.375     77.875    2.69796   -8.20418    7.37336    59.6571    32.1294    11.5508    9.69356   -17.9002    7.22751
     8.125     77.375   -4.86728   -3.23282   -4.71649     37.137   -5.41299   -16.6707   0.505615   -19.6043    10.5792
