    36.875     73.875    11.5959   -9.04154    15.1381    25.1561    9.98588     12.552    27.1129   -66.9301  -0.959285
    36.875     74.375    28.8682   -19.4782     28.688     9.5781   -22.5309   -34.7304    45.3332   -24.6417    6.34404
    36.875     74.625   -29.7054   -56.8972    10.6532     4.8409   -30.0788   -50.9568   -23.2012    -75.842   -18.2653
    36.875     74.875   -26.1581   -62.4287   -8.80674   -12.3825   -46.6136   -60.5343    -28.469   -65.3464   -22.6762
    36.875     75.125   -50.4682   -54.9701   -59.1841  -0.992947   -15.3985    -43.762   -52.8706   -33.5645   -20.2486
    36.875     75.375   -18.7353   -36.5492   -17.9323   -44.1101   -70.6732   -55.1961   0.623707      -0.58   -10.5758
    36.625     73.375    21.2548    3.66747    24.1419    29.7639    24.4755    21.5688    30.9706   -48.4418   -0.33099
    36.625     73.625      9.282   -14.0673    12.9135    20.9571     10.061     9.0296    24.4072   -58.9148   -5.40665
    36.625     73.875  -0.613958   -23.8481    1.06074     5.9343   -14.4514   -12.4334    10.6486   -60.3893   -14.2202
    36.625     74.125   -27.4112   -49.6093   -27.7512   -20.2857   -58.5764   -61.9105   -12.2306   -64.0603   -40.7274
    36.625     74.375    -54.909   -61.4891   -46.5599    9.53193    5.43318   -3.37221   -33.5771   -35.2859   -15.7769
    36.625     74.625   -26.5811   -37.5264   -36.5113   -34.5733    -53.736   -43.9648   -17.0422   -27.1388   -23.5892
    36.625     74.875   -47.9608   -58.9812   -58.1933    -55.902   -77.4889   -75.6702    -44.784   -17.0096   -43.1527
    36.625     75.125   -53.1225   -56.2619   -42.9216   -4.97373   -39.3942      -53.9   -61.4204   -33.1038   -23.3759
    36.625     75.375   -47.2095   -51.1374   -76.0949   -26.6041   -23.9434    -52.705   -54.4149   -17.1506   -17.4236
    36.625     75.625   -61.3281   -81.0158   -49.4488   -53.2027   -76.4995   -71.6364   -71.5551   -22.9995   -32.8047
    36.375     73.125    29.6232    6.24864    34.6234    43.0116    34.9243    32.0241    42.0346   -54.2547    13.5462
    36.375     73.375    45.0899    23.8638     54.651    61.8547    48.8085     40.038    55.7237   -63.7182    9.23869
    36.375     73.625    25.9737    16.6675    22.9179    29.0534    20.7048    12.1573    41.2064   -76.7205    10.7026
    36.375     73.875    19.5833    3.91997    15.0446    5.20316    4.25217    2.43852     21.368    -79.206     7.9126
    36.375     74.125   -14.6978   -31.3929   -20.5672   -14.9458   -26.0346   -9.25538    2.71603   -36.0228   -24.6892
    36.375     74.375   -34.4607   -39.2819   -33.0642   -2.20546    4.66992   -2.72788   -21.4104   -23.7756   -12.1163
    36.375     74.625   -17.4158   -26.2061   -34.4271   -34.3058   -28.5588   -15.0499   -8.74316   -20.2556   -19.0841
    36.375     74.875    -38.907   -42.4459   -49.1738   -44.8292   -60.3776    -56.562   -39.7328   -24.1912   -21.2399
    36.375     75.125   -81.7993   -99.1417   -46.6807    5.30468    0.17058   -25.8805   -62.4487   -16.2618   -20.2223
    36.375     75.375   -53.2367   -57.1904   -67.8029     -63.37   -79.8593   -77.2658   -49.3884  -0.964128   -42.7082
    36.375     75.625   -76.6982   -72.1081   -94.2728   -64.0903   -43.1684   -40.4034   -69.3256   -3.20546   -33.4671
    36.375     75.875   -68.7829   -69.3652   -83.1775    -82.328    -81.918   -69.2431   -57.9373    9.93562   -54.2529
    36.375     76.125   -64.5949   -64.4972   -76.1083   -75.5481   -80.5687   -75.7277   -50.5136    18.7347   -67.8756
    36.125     72.625    9.68844   -15.1937    17.3712    22.5897    21.6699    20.7126     22.202   -26.6865   -15.6331
    36.125     72.875    14.7323   -7.35583    21.4148    25.6885    22.3652    19.1345    25.7495    -34.536   -13.3669
    36.125     73.125    19.3049   0.171461    23.3734    28.4363     19.571    17.0215    28.5602   -32.1465   -16.6417
    36.125     73.375    4.78291   -15.8001    7.43713    18.7896    9.61792    9.39202       13.6   -39.1767   -10.8303
    36.125     73.625     2.6487   -13.1961    7.58688    4.61431    6.05831    9.12291    16.6742   -37.5609   0.168543
    36.125     73.875    2.35146   -6.76932   -1.67884   -0.71189   -24.1148   -19.8645   0.950055   -60.2341    5.06929
    36.125     74.125   -18.2868     -24.32   -21.4662   -14.9207   -7.53143   -8.12463   -14.6497   -26.9434   -12.0297
    36.125     74.375   -28.2622   -33.3544   -47.1906   -47.2493   -44.5537   -30.6813   -35.9495   -24.6633   -24.0914
    36.125     74.625   -53.7845    -40.391   -44.4294   -22.6979    1.74754   -11.2964   -36.1214   -22.5311   -5.08151
    36.125     74.875   -24.3602   -31.0894   -39.5831   -37.9939   -53.9661   -44.1594   -24.3862   -12.2222   -26.1161
    36.125     75.125   -48.3121   -53.9806   -64.1698   -60.6594    -77.152   -73.5526   -46.8604    -1.2469   -37.3857
    36.125     75.375   -61.1924   -61.1957   -79.3088   -77.3846   -69.3525   -49.7106   -53.3517   0.710787   -29.8023
    36.125     75.625   -78.0508   -74.8013   -97.6373     -85.58   -56.1382   -44.3404   -64.3705    4.68297   -41.4262
    36.125     75.875   -66.4377   -68.6693   -77.3562   -77.5603   -82.5735   -70.0853   -50.9451    14.7344   -57.2115
    36.125     76.125   -58.3118   -58.6916   -67.3915   -70.0833   -73.8763    -64.965   -42.7199    17.5909   -57.2216
    36.125     76.375   -52.6201   -52.8629   -60.4506   -63.1727   -63.4209   -61.6027   -43.8768    23.9352   -50.1505
    36.125     76.625   -67.6342   -66.3682   -75.8572   -79.1155   -79.2448   -77.6343   -63.5625    12.2012   -58.5212
    35.875     73.125    32.5077    11.8465    51.9776    46.9563    27.9648    17.6461    44.7327   -34.5421    6.62466
    35.875     73.375    6.60354   -24.4175    41.4537     23.766   -5.58044   -13.8931    12.5222    -41.687   -8.78961
    35.875     73.625    7.31856   -32.1424    17.4111   -13.4736   -33.7227   -32.2028    2.23649   -15.1792   -5.12529
    35.875     73.875   -12.6604   -37.4101   -9.73364   -25.8353   -45.0852    -40.527   -29.3822   -6.47656   -9.14736
    35.875     74.125   -33.8461   -35.0439   -31.1044  -0.824783  -0.261967     -3.652   -34.7947   -13.1885   -10.6457
    35.875     74.375   -76.5267   -76.0837   -86.9122   -83.7316   -89.7748   -80.0572   -78.4545   -26.0512   -37.6441
    35.875     74.625   -16.4925   -18.3265   -39.8392   -44.0085   -32.2679   -21.8662   -22.3564   -15.2609   -11.7879
    35.875     74.875   -16.2148   -19.8175   -30.3293   -28.4109   -43.5926   -37.4751   -19.9983   -9.07421   -22.3952
    35.875     75.125   -62.6971   -65.4875   -87.3678   -82.3562   -58.7765   -38.3927   -58.1556    1.61808   -32.4414
    35.875     75.375   -79.1321   -78.4155   -88.0983   -87.6109   -89.9482   -82.1897   -72.7232     19.852   -67.7732
    35.875     75.625   -63.7494      -64.4   -74.4396   -78.4262   -83.1246   -67.1959   -54.5493    17.5848   -60.5771
    35.875     75.875   -58.5858   -59.1925   -69.2835   -74.4486   -70.5793   -49.2822   -46.3234    20.7203   -41.4375
    35.875     76.125   -42.5248   -44.2332    -51.032   -57.9544   -57.3854   -43.4306   -29.8704    20.6757   -44.8214
    35.875     76.375   -52.4576   -53.6169   -59.9172   -65.2309   -68.1008   -62.8657   -47.2565    17.7804   -46.3435
    35.875     76.625   -74.7139   -73.7132   -85.1566   -93.6099   -86.0268   -70.5101   -72.0206    1.90805   -40.0422
    35.875     79.375   -28.8009   -26.7726   -31.2344   -31.0482   -31.0625   -30.2691   -26.0272   -27.2206    -20.376
    35.625     73.375   -44.2993   -46.2961   -53.1632   -44.4632   -54.9226   -57.8218   -49.3965   -28.5418    5.24902
    35.625     73.625   -34.1954     -32.46   -45.5697   -38.5855   -47.8813   -39.0926   -40.4076   -30.0614    4.97961
    35.625     73.875   -28.8463   -31.8562   -38.5109   -43.6618   -55.2896   -40.8893   -34.9644   -30.4814    3.15256
    35.625     74.125    -70.269   -68.3097   -56.0481   -32.9605   -43.7877   -58.4172   -76.8468   -35.0879   -22.1718
    35.625     74.375   -67.8844   -72.7002    -53.396   -53.7817   -58.8536   -63.4095   -74.0326   -33.7028   -27.0282
    35.625     74.625   -43.7658    -45.857   -61.5984   -61.9223   -81.8327    -70.175   -54.1267   -18.2099   -37.7751
    35.625     74.875   -64.3092   -35.5712   -60.0466   -43.7948   -41.7424   -36.2649   -38.6365   -13.6729   -10.3126
    35.625     75.125   -73.4389    -73.826   -81.7729   -81.2596   -84.9754   -76.6613   -72.5675    20.7205   -63.6537
    35.625     75.375   -81.7179   -80.8521   -87.4952   -88.4917   -89.6806     -81.49   -77.8444    37.4161   -74.5182
    35.625     75.625   -65.9941     -65.55   -72.3557   -75.8981   -77.6437   -65.7511   -64.2134    38.2174    -60.124
    35.625     75.875   -63.2773   -62.6781   -71.3024   -74.9115   -70.8832   -59.3209   -54.5024    36.6228   -54.9641
    35.625     76.125   -47.4215   -51.0739   -55.3078   -60.1992   -59.4753   -56.2021   -32.9695    26.1834   -53.0003
    35.625     76.375   -68.6477   -70.1677   -76.7481   -81.4745   -83.0409   -78.4334   -64.2309    6.68878   -55.3743
    35.625     76.625   -58.3465   -58.9447   -67.3556   -73.5758   -67.4744   -56.4299   -56.0106    -20.524   -28.1458
    35.625     76.875   -18.0625   -18.3508   -21.3056   -23.1559   -23.4094   -19.9911    -16.894   -11.2624   -5.79466
    35.625     77.125   -11.3382   -11.4406   -14.0335   -15.6681    -14.796   -10.5672   -10.2785    -7.9349   0.385073
    35.625     78.375   -30.0219   -28.9561   -33.1489   -32.9202    -33.546   -32.2202   -27.2337   -29.3831   -20.4089
    35.625     78.625   -49.2603   -47.2105   -52.7531    -51.288   -53.7975   -52.7889    -45.461   -51.4001   -39.9261
    35.625     78.875   -55.5479   -53.2983    -58.856   -57.1126    -57.861    -55.134   -51.7667   -57.9638   -44.0685
    35.625     79.125   -61.6273   -58.9933   -64.6795   -62.7687   -63.5142   -61.5579   -56.6314   -65.1778    -53.141
    35.625     79.375     -32.16   -30.9192   -34.6919   -34.4033   -34.3678    -33.504   -29.0813   -31.1842    -26.923
    35.625     79.625   -38.5669   -37.6614   -40.7199   -40.7521    -40.557   -37.8882   -37.7497   -34.5588   -34.4283
    35.625     79.875   -28.4206   -27.7089   -30.9022   -31.7454   -31.1192   -27.8932    -30.465   -17.8259   -24.7543
    35.625     80.125   -21.4101   -21.1714   -23.8144   -24.8499   -24.6539   -23.8991   -23.9768   -4.23283   -20.0074
    35.375     73.875   -68.2507   -68.8211   -78.9073   -80.0049   -90.4234   -74.1928   -62.6921    -15.255   -24.1449
    35.375     74.125   -68.0273   -67.7319   -79.0372   -77.3738   -89.7277   -76.4251   -62.7468   -19.1316   -22.5518
    35.375     74.375   -71.0228   -70.7968    -83.002   -80.5618   -91.3835   -77.7593   -66.8732   -20.8761   -22.0348
    35.375     74.625   -55.3943   -58.2237   -61.4362   -27.9081   -10.2878   -20.9789   -54.8081   -8.67878   -11.2017
    35.375     74.875   -48.5921   -48.9619   -59.0341   -54.7312   -65.0012   -54.4418    -43.264   -4.81473   -12.9085
    35.375     75.125   -52.0402   -55.9728   -67.2198   -66.7288   -67.0724   -46.1583   -43.8233    11.9724    -33.789
    35.375     75.375   -78.3686   -78.2853   -83.8315   -85.4711   -88.8912   -80.1619   -76.2145    33.0619   -74.2589
    35.375     75.625   -59.6645   -58.9449   -65.1697   -67.6882   -71.6534   -63.3702   -58.7476    41.8369    -56.248
    35.375     75.875   -62.6552   -61.7788   -70.7171    -72.205   -68.6528   -63.4466   -55.2307    53.0137   -61.9954
    35.375     76.125   -55.8831   -57.0231   -62.2809    -64.022   -60.2235   -55.9099    -44.012    26.5862   -52.7667
    35.375     76.375   -54.6525   -56.1884   -59.9447   -59.8206   -56.3207   -52.0537   -45.4216   -21.9046   -45.9399
    35.375     76.625   -17.6333   -18.1824   -20.6423   -21.2963    -20.692   -19.1505   -16.1051   -11.8509   -8.45149
    35.375     76.875   -10.7297   -11.0146   -13.4283    -15.199   -12.8322   -8.88434   -9.91991   -5.81217    1.72553
    35.375     77.125   -7.77546   -8.47023   -9.77285   -10.3601   -10.1116   -9.16673   -6.69255   -4.43127    3.20115
    35.375     77.375   -11.4928   -10.7527   -14.7916   -12.6474   -7.04674   -5.08697   -10.3993   -6.34963    7.88331
    35.375     77.625    -20.035   -19.8609   -23.5944   -24.8285   -24.6378   -21.9476   -18.4913   -17.8425   -9.42968
    35.375     77.875   -22.7331   -22.3276   -25.5072    -25.844   -25.6826    -24.178    -20.396   -21.0339    -12.173
    35.375     78.125   -27.4174    -26.127   -32.8588   -32.9398   -33.2723   -31.4365   -25.0623   -26.0487   -19.5467
    35.375     78.375   -27.8535   -26.3873   -32.9547   -33.0825   -33.6086   -31.7442   -25.1283   -25.9857   -19.8473
    35.375     78.625   -37.4742   -34.5458   -42.1764   -39.6805   -41.5385   -37.3978   -33.9923    -37.022   -30.5956
    35.375     78.875   -36.8017   -33.9514   -42.4175    -41.607   -42.1553   -39.2682   -32.8076    -36.515    -33.057
    35.375     79.125   -34.2484   -33.0144   -37.5833    -36.991   -38.5197   -37.2449   -31.4185   -35.7359   -32.9582
    35.375     79.375   -20.0753   -20.2293   -22.7172   -23.2977   -24.0817   -23.3463   -21.2804   -21.2396   -18.9203
    35.375     79.625   -11.6801     -12.66   -14.1661   -15.5512   -16.0353   -16.6177   -14.8996   -7.35397   -10.7478
    35.375     79.875   -28.9906   -28.8207   -33.1231   -33.4933   -34.4558   -31.7357   -31.7462   -21.7866   -34.4054
    35.375     80.125   -25.2997   -25.7381   -29.7272   -30.1957   -31.2502   -28.5217   -30.0305   -21.7899   -34.4325
    35.125     74.375   -65.0482   -54.6211   -72.2987   -18.7138    -2.1224   -6.20485   -60.5623   -7.08499   -9.36301
    35.125     74.625   -36.7573    -33.283   -58.7076   -32.1125   -10.6102   -4.96673   -32.8858   -10.3541    -2.1438
    35.125     74.875   -29.3401   -26.5343     -45.21   -44.3819   -30.1123   -17.4812   -30.4894   -11.3831   -2.53351
    35.125     75.125   -59.6317   -53.2864   -49.9698   -39.3406   -42.0996   -49.1107   -61.2893    4.07703   -20.7214
    35.125     75.375   -67.1823   -66.0729    -81.559   -61.4891   -52.7332   -59.6359   -66.7796    18.1042   -44.1729
    35.125     75.625    -54.246   -52.3878   -61.1793   -64.1888   -55.0652    -52.085   -57.0982    39.4302   -49.5977
    35.125     75.875   -63.4107   -60.3719   -69.1933   -68.5697   -65.5844   -60.3312   -51.6608    55.7169   -64.9299
    35.125     76.125   -46.6158   -44.5636   -52.1405   -54.2581   -51.4134   -45.9547   -40.2086    13.0241   -51.4611
    35.125     76.375   -19.8301   -21.1588   -22.8013   -22.0199   -19.6704   -17.0194   -13.2725   -36.2903   -15.0732
    35.125     76.625   -27.7562   -27.6905   -30.7665   -31.6434   -31.1255   -27.2062   -26.3259    -27.025   -16.0325
    35.125     76.875    -11.552   -11.8592   -14.1903   -14.7655   -14.5297   -13.3922   -9.97158   -9.79789   -3.37919
    35.125     77.125   -11.2671   -11.3739   -14.0256   -15.7351   -12.5143   -8.37815   -10.0011   -7.13527    3.28428
    35.125     77.375    -9.2951   -9.68943   -11.2753   -12.0032   -12.0587   -10.9376   -7.62809   -5.42649    1.57759
    35.125     77.625   -9.35291   -9.78217   -11.3366   -12.5409   -12.4867   -9.45865    -7.3832   -4.86043    4.10301
    35.125     77.875   -17.4766   -17.0106   -19.4589   -20.5666   -19.8528   -15.5956   -15.2401   -13.8774   -3.84275
    35.125     78.125   -16.0361   -15.8863    -18.095   -18.2402    -18.219   -17.7815   -13.8816   -13.4178   -6.23791
    35.125     78.375   -19.9117   -19.7498    -23.196   -24.0909   -23.7973   -22.8213   -17.8424   -16.5495   -9.61422
    35.125     78.625   -26.5609   -25.4705   -29.8259   -29.0728   -30.7815    -29.035   -25.4803   -26.0534   -20.8912
    35.125     78.875   -27.3228   -26.5196   -30.7459   -30.2055   -30.1075   -23.2401   -29.1711   -31.4765   -21.4357
    35.125     79.125   -27.6637    -26.995   -30.7401   -30.6887   -32.4741   -30.7063   -28.9299   -32.9214   -29.5099
    35.125     79.375   -21.4217   -21.5193   -24.3219   -25.0378   -26.2517   -24.6739   -25.2343   -24.0941   -23.3354
    35.125     79.625   -19.6682   -20.3479   -22.7312   -23.6309   -24.8781    -23.853   -23.1292   -13.5832   -23.0738
    35.125     79.875   -21.6634   -22.8154   -25.3062   -26.3505   -27.4371   -26.9624   -25.6985   -4.79242   -26.8593
    34.875     74.125   -71.3884   -68.0179    -88.312   -86.1979   -77.5103   -58.6378    -70.253   -7.82895   -22.2699
    34.875     74.375    -62.427   -58.7973   -75.9436    -75.328    -75.899   -55.1762    -60.207   -10.8772   -22.6571
    34.875     74.625   -31.3456   -29.5537   -41.1521   -39.0706   -50.2908   -34.6494   -29.4387   -16.1715   -13.2947
    34.875     74.875   -19.6394   -16.9848   -26.7227   -23.0942   -34.6767   -24.5999   -15.2509   -16.5663   -3.55075
    34.875     75.125   -17.2326   -18.5844   -25.6454   -25.0609   -35.9648   -22.1015   -15.7767    1.14159   -12.6892
    34.875     75.375   -62.7638   -61.9372   -67.8182   -69.9306    -75.488   -67.6584   -61.0969    24.8513   -59.8432
    34.875     75.625   -45.4294   -45.5065   -50.8987   -53.8493   -58.4448   -48.6364   -44.7933    29.1354   -47.4349
    34.875     75.875   -48.1952   -48.2257    -53.951   -56.5377    -58.171   -49.1142   -42.5945    37.9271   -47.7457
    34.875     76.125    -58.509   -59.3967   -61.5401   -65.8011   -61.2673   -55.4025   -49.9534    23.4322   -52.1621
    34.875     76.375   -21.0259   -20.0669   -24.6742    -25.475   -20.9481   -15.7657   -16.7235    -36.809   -15.3437
    34.875     76.625   -44.1138   -43.4834   -49.0521    -48.889   -48.0378   -43.1814   -40.9388   -45.5749   -29.9449
    34.875     76.875   -31.3484   -30.1877   -35.5856   -35.8794   -35.4875   -32.6537   -28.0607   -31.1025   -21.4168
    34.875     77.125   -27.9607   -26.7936   -31.8349   -32.1784   -31.7393   -29.6407   -24.5212    -27.621   -18.3824
    34.875     77.375   -19.6111   -18.7825   -22.3469   -23.7209   -20.0389   -15.9839   -17.4711   -15.4117   -4.59748
    34.875     77.625   -9.15801   -9.43211    -11.687   -12.9921   -9.30489   -6.29047   -7.55263   -4.40967     7.6024
    34.875     77.875   -10.7182    -10.867   -13.2491   -13.6564   -9.05577   -6.30395    -9.0752   -5.08211    6.35966
    34.875     78.125   -9.79559   -10.0019   -11.5391   -11.5602    -11.547   -11.5085   -7.84597   -7.98467  -0.857346
    34.875     78.375   -16.0731   -16.3731   -18.7609   -19.8687   -19.6595   -19.5446   -16.4111   -14.0542   -8.18714
    34.875     78.625   -19.0155   -19.5303   -20.6897   -20.9405    -20.461   -17.9674    -20.373    -18.547   -10.8217
    34.875     78.875   -37.1684   -37.0914   -38.4677   -37.9476   -41.4715   -41.0633   -38.2608   -44.4506   -37.8778
    34.875     79.125    -42.351   -41.8966   -43.9713   -44.0806   -44.9809   -43.5189   -41.9321   -47.8827   -43.2744
    34.875     79.375   -14.5821   -15.0618   -16.3051   -17.0093   -16.8389   -16.6093     -16.74   -6.68884   -13.6573
    34.875     79.625   -57.0451   -55.9742   -60.5391   -60.9716   -61.9687   -57.3121   -62.0524   -38.9913   -62.8839
    34.875     79.875   -54.4998   -54.0843    -58.522   -59.1565   -59.9879   -57.0457   -61.7726   -18.3643    -60.058
    34.625     73.875   -82.5173   -83.2033   -94.0506   -90.1367   -90.0387   -74.1549   -78.5946   -11.6052   -27.2134
    34.625     74.125   -12.0152   -20.9913   -22.0202    -18.033   -69.2256   -54.5584   -6.91124   -9.03912   -10.1414
    34.625     74.375   -13.3123   -16.2519   -26.9547   -22.0573   -62.0784    -49.264   -6.30085   -8.16559   -8.08583
    34.625     74.625   -27.9069    -26.305   -38.2369   -35.7432   -31.0265   -23.0851   -32.4933   -16.7988   -1.99918
    34.625     74.875   -20.4063   -19.0629    -25.967   -22.3983   -31.4617    -22.221   -17.4251    -24.244    17.4109
    34.625     75.125    5.70216    4.96404     1.3555    3.08927   -5.05834   0.630377    5.42983   -3.94847    19.8749
    34.625     75.375   -43.4323   -43.6488   -49.7342   -51.0876   -56.0799   -46.8189    -41.144    14.3591   -40.2848
    34.625     75.625    -53.565   -53.4953   -57.3284   -58.5814   -62.7223   -54.8167   -54.1573    36.0689   -50.6864
    34.625     75.875   -50.2358   -49.2099   -53.6753   -54.9588   -58.3554    -50.543   -52.2811    46.2715   -49.2396
    34.625     76.125    -62.404   -62.9025   -65.8275    -67.864   -63.9153   -57.9306   -55.7273    42.7773   -56.2255
    34.625     76.375   -41.7498   -42.3729   -46.0514   -44.0243   -39.5937   -34.6351   -31.0725   -65.4313   -29.6763
    34.625     76.625   -46.8471   -45.6784   -52.2111   -52.0183   -51.0816   -48.2533   -43.5755   -49.5983   -29.6248
    34.625     76.875   -17.5506    -17.368   -20.8265   -21.9197    -20.807   -17.4321   -15.1692   -14.6278   -5.66707
    34.625     77.125   -30.5924   -29.1204   -34.4736    -34.814   -34.4532   -32.4972   -26.7384   -29.8641   -20.4345
    34.625     77.375   -29.9488   -28.9417   -33.5816   -33.8049   -33.9398   -32.0904   -26.6636   -29.0827   -19.9318
    34.625     77.625   -13.8528   -13.7679   -16.2652   -16.6751   -17.1037   -16.3201   -12.0445   -14.0562   -5.35867
    34.625     77.875  -0.185509  -0.816134   -2.42438   -3.83338    1.09531    4.49186    1.19394     7.1295    19.7493
    34.625     78.125   -4.60236   -4.86501     -6.375   -6.95076    -6.7017   -6.37933   -4.68776   -2.49755    4.49147
    34.625     78.375   -9.90871   -10.6243   -12.5233    -13.265   -13.5245   -14.2154   -13.8563   -12.8578   -7.53311
    34.625     78.625   -14.4324   -14.8209    -15.706   -15.9221   -17.9118   -18.5521    -17.996    -20.276   -14.8062
    34.625     78.875   -22.7764   -22.9193   -24.3081   -24.8415   -26.9938   -26.0247   -27.1084   -27.7724   -23.5071
    34.625     79.125   -52.5422   -51.5705   -54.8456    -55.355   -56.8147   -53.9037   -57.1016   -58.2042   -58.0397
    34.625     79.375   -62.1126   -60.8011   -65.4243   -65.7833   -67.2197   -61.9397   -68.2264   -50.0919   -69.1839
    34.625     79.625   -43.0357   -42.9856   -46.4483   -47.0443   -48.4094   -45.3017   -49.0121    -14.669   -49.3321
    34.375     73.625   -55.5279   -55.4622   -64.6973   -67.5757   -83.4449   -68.3862   -52.6606   -25.9379    1.73847
    34.375     73.875      -47.2    -48.459   -57.2108   -59.1836   -78.1924   -63.3566   -44.7622   -21.4577   -3.04357
    34.375     74.125   -3.34309   -13.7684   -13.9362   -7.85999   -53.0036   -41.5458    3.92837    -13.867   -12.2471
    34.375     74.375    -4.1672   -8.58043   -19.6912   -12.8046   -47.6725   -37.7171   -3.30324   -4.86417   -3.26016
    34.375     74.625   -3.73398   -7.30527   -11.9206   -3.21001   -39.1926   -29.4734   0.980835   -11.2617    9.22265
    34.375     74.875    12.6312    13.9673     7.2489    6.25558   -3.85442   -10.5754    18.4127   -16.2795    4.02968
    34.375     75.125    2.41916  -0.176214    2.11935     -0.618   -4.32108  -0.253591    6.40105   -10.5336    32.6766
    34.375     75.375   -14.6495   -16.2683   -19.6891   -16.3895   -16.4667   -20.2849   -14.6216   -1.50286   0.408069
    34.375     75.625   -60.4279    -56.459   -64.7151   -54.3985   -52.7623    -54.033   -63.7305    27.6381   -46.7288
    34.375     75.875   -54.5438   -49.1594   -57.1002    -50.611   -49.9784   -49.9106   -60.4555    39.5964   -51.1081
    34.375     76.125    -63.558   -63.1965   -68.3773   -70.1624   -67.9046   -58.9683   -59.2846    48.5016   -55.8587
    34.375     76.375   -44.0401   -44.4185     -48.29   -46.7553   -42.3426   -37.3416   -34.0893   -67.4442    -29.644
    34.375     76.625   -53.8608   -49.6328   -58.4295   -56.3753   -48.7581   -43.8314   -51.4148   -43.4227   -29.2797
    34.375     76.875   -30.9968   -29.5288    -35.131   -35.3205   -34.8078   -31.8468   -26.6174   -30.2621   -19.2794
    34.375     77.125   -22.4047   -21.4908   -24.9514   -26.5881   -23.4193    -18.823   -19.7086   -18.8689    -5.3406
    34.375     77.375   -21.1922   -20.5229   -23.4775   -24.7701   -20.8393   -16.6896   -19.1243   -18.5001   -3.54349
    34.375     77.625   -34.6458   -33.3788    -37.506   -36.6862   -38.1665   -36.8094   -32.5183   -37.8496     -26.58
    34.375     77.875    -2.7606   -3.03154   -4.63426   -5.80317   -4.69425    -2.5743   -3.35947  -0.406298    8.70722
    34.375     78.125    4.83937    3.92294    3.24215    2.37751    2.82535     1.4672    3.42807    6.82281    11.2903
    34.375     78.375   0.123114  -0.381589   -1.74376   -3.00693   -2.30016  -0.750232   -2.80002    2.16202    6.81427
    34.375     78.625   -13.0766   -13.2434   -14.9336   -15.5014   -16.1956   -15.3698   -18.3053   -16.2314   -11.9846
    34.375     78.875    -48.058   -48.0759    -49.195   -49.3024   -51.6137   -49.9548   -50.7192   -60.5883   -54.1042
    34.375     79.125   -27.6628   -28.3551   -31.0419   -31.2626   -34.1569   -30.5147    -33.141   -30.2199   -37.0585
    34.375     79.375   -45.4404   -46.0715   -52.5077   -52.7418   -57.0963   -48.4851   -52.8566    -28.134   -57.8366
    34.125     73.625   -34.3694   -32.7002   -42.5181   -44.1994   -64.0758   -52.8381   -33.4083   -30.5539    22.7633
    34.125     73.875   -6.64982   -4.90485   -16.2701   -18.3056   -42.8663   -30.7357   -10.7459   -21.5385    16.4876
    34.125     74.125    22.4267    19.8017    16.7594    16.4478   0.712094    6.81822    21.2559   -7.44624    31.0008
    34.125     74.375    4.16082   -1.23209   -6.68376   -1.37616   -39.6638   -32.0173   0.871547   -11.2303    29.7594
    34.125     74.625    4.13727    -2.4302     3.8733    17.7984   -20.8148   -10.5402     4.6585   -13.3333     43.534
    34.125     74.875   -6.29171   -4.93107   -2.20352    17.4733   -11.0981    6.47211     6.9714   -13.8873    43.8666
    34.125     75.125    6.42076     12.648  -0.736681    9.22852    1.27369  0.0249496     13.132   -13.2581    13.4359
    34.125     75.375  -0.223706    -2.6226   -2.05874    9.81152   -7.50584    4.26347    14.7165   -6.74721    25.1167
    34.125     75.625   -41.1331   -42.3704   -44.9184   -46.7488   -50.5106   -38.0694   -40.4456    24.7972   -26.1734
    34.125     75.875   -47.0887    -45.335   -51.2062   -55.4246   -49.5312   -36.5081   -47.7574    39.9154   -34.7266
    34.125     76.125   -60.6973   -59.2554   -66.7927   -69.3258   -57.4298   -45.2338   -54.4092    27.4606   -35.0914
    34.125     76.375   -20.0576   -19.4292   -23.1089   -23.3753   -17.6379   -12.6402   -14.0763   -26.3252   -4.74443
    34.125     76.625   -22.0193   -21.4356   -24.6996   -25.5788   -21.5432   -17.3651   -20.1964   -16.3931   -5.62825
    34.125     76.875    -19.992   -19.2124    -22.925   -23.3917   -23.0722   -20.7441   -17.4311   -18.6624   -9.06524
    34.125     77.125   -33.9634   -31.8576   -37.5325   -37.3165   -36.8167   -33.2727   -31.8168   -37.8407   -22.5732
    34.125     77.375   -26.5589   -26.6989   -29.1255   -28.5876   -30.0165   -28.4927   -26.6828    -33.931   -18.0925
    34.125     77.625   -30.2254   -29.8107   -32.6448   -31.7856   -34.2661   -33.8048     -27.76   -36.2631   -24.7117
    34.125     77.875   -14.1453   -14.0507   -15.8261   -16.1919   -16.3766   -15.2173    -16.611   -16.4121   -7.39147
    34.125     78.125   -4.77999   -5.65159    -5.8332   -6.05583   -6.90275   -8.02153   -5.63273   -5.97259   -2.51591
    34.125     78.375   -12.1371   -12.6243   -13.7164   -14.4835   -15.9994   -16.2894    -16.867   -15.1668   -12.3443
    34.125     78.625   -13.6243   -14.9422   -15.3982   -15.4548   -18.6402   -19.5742   -20.5095   -22.1718   -21.1084
    34.125     78.875   -40.8748   -40.0471   -42.2835   -41.5492   -44.1407    -42.813   -50.7587   -44.1816   -46.8948
    34.125     79.125   -25.5844   -26.8129   -28.5901   -27.6471    -30.913   -26.1921   -29.5926   -36.8488   -35.3395
    34.125     79.375   -35.5775   -38.6055   -43.2876   -45.1741   -47.3888   -39.0553   -46.5842   -27.5985   -57.3734
    33.875     73.875    15.6096    15.1402    10.0505    9.37089   -9.48238   -2.40161  -0.970147   -23.3334    45.6348
    33.875     74.125    11.9318    10.3369    11.8082    15.0073    5.60937    13.5404    24.4775    -12.741    54.1833
    33.875     74.375    7.47539     6.7559    1.20968   0.011029    1.84652     13.068    27.2965   -37.9378    53.1831
    33.875     74.625    8.37312    5.81357    5.69351    20.6878   -5.21501    12.7556    21.6913   -17.1087    42.3564
    33.875     74.875   -14.3776   -14.6918   -14.1974    4.42652    -18.684    3.23622    7.74515   -7.90751    47.6556
    33.875     75.125    16.4402    17.7286    7.58127    23.4208    9.09591    19.2222    21.8807   -8.10724    47.4392
    33.875     75.375    13.8112    14.4843    5.66333    17.9158    11.9204    1.60071    24.8705   -14.5459     2.3185
    33.875     75.625   -10.2443   -12.0148   -13.0055   -11.7433   -12.6411   -6.57739   -10.1689    18.3291   -5.65606
    33.875     75.875   -30.7194   -31.2595   -33.6654   -34.6449   -35.7869    -28.101   -29.2072    35.4924   -25.3245
    33.875     76.125   -31.5202   -34.1065   -34.7297   -38.1731   -39.8264   -25.9768   -25.8412    9.83502   -17.6626
    33.875     76.375   -15.7239   -16.0184   -18.3267    -18.689   -16.8567   -14.3882   -10.5661   -25.3844    -1.6471
    33.875     76.625   -26.7801    -26.016   -29.6185   -30.3991   -30.3339   -28.5495   -24.0521   -27.8721   -11.2117
    33.875     76.875   -14.5191   -14.4194   -17.1821    -18.236   -18.0669   -15.8556   -11.9574   -14.0253   -4.53436
    33.875     77.125   -8.18223   -8.54031   -10.1431   -10.8113   -10.7675   -9.07264   -7.32937   -8.15973   0.687622
    33.875     77.375   -6.63211   -7.19266   -8.29062    -8.5988   -8.85726   -9.28542   -8.69569   -10.3637  -0.268081
    33.875     77.625   -42.0103   -41.6626   -43.3228   -41.7334   -47.2737    -47.488   -48.3636   -61.7142   -44.6564
    33.875     77.875   -13.7749   -14.4387   -14.6573   -14.6355   -17.0257   -18.1988   -17.7777   -20.7413   -14.7827
    33.875     78.125   -12.5087   -13.0089   -13.8642   -14.5165   -16.1474   -16.9025   -17.1066   -15.8139    -13.557
    33.875     78.375   -13.0656   -13.7232   -14.4406   -15.2068   -17.1271   -17.8758   -18.1454   -15.1973   -15.4419
    33.875     78.625   -15.6156   -17.0086    -16.103   -16.1382   -17.7945    -18.594   -20.5294   -21.7449   -21.2337
    33.875     78.875   -40.6049   -40.7795   -42.9376   -43.3673   -45.7309   -42.9713   -51.9596   -39.0687   -53.0663
    33.625     73.875    21.6796     19.134    15.3126    16.9316   -1.93552    6.06006   -13.4217   -19.2415    64.2947
    33.625     74.125    29.5354     26.279    27.7734    30.9658    16.8995    23.6865    20.9825    -20.533    65.2904
    33.625     74.375   -22.6625   -22.0263   -23.7996    -15.669   -17.3808   -6.04511    7.58397   -54.6756    65.4575
    33.625     74.625   -23.5756   -19.4206   -29.5081   -23.2011   -46.5576   -31.1403    7.32418   -16.4509    20.4281
    33.625     74.875   -14.3318   -16.1277   -11.2188    5.60263   -6.54577    25.0747   -1.71201   -18.7352    42.6407
    33.625     75.125   -22.0072    -24.293   -24.2127   -2.45479   -27.2034    5.04809   -4.37303   -15.1456    48.5999
    33.625     75.375   -11.5344   -19.5907   -15.5919    2.68122   -19.2281    14.9631    16.7403   -24.7986    39.3892
    33.625     75.625    -10.179    -14.305   -15.5126    -9.8486   -13.7137   -2.65688   -8.84019     -15.38   -5.49121
    33.625     75.875   -1.65934    -5.5632   -4.67104   -2.12999   -6.43037    3.29269   -1.57989    16.0627  -0.804332
    33.625     76.125   -11.0428   -21.1986   -12.0768   -9.91368   -12.5158   -7.58257   -7.74115  -0.590602    29.4205
    33.625     76.375    7.29032    2.02797    6.57076    5.54962    6.38183    11.9541    14.3207   -19.2692    43.9931
    33.625     76.625   -19.7583   -21.2582    -21.997   -20.8601   -21.1177   -19.1662   -13.2799   -42.8421    61.3875
    33.625     76.875   -15.6829   -16.7099   -19.6279   -18.0071    -21.715   -22.3807   -25.7847     -31.67   -6.84977
    33.625     77.125   -1.96093   -2.90612   -4.32937    -3.5313   -5.52146   -7.12996   -10.3166   -11.0151   -1.20662
    33.625     77.375   -5.23364   -5.92883   -6.60705   -6.38311   -8.21986   -9.92283   -10.4534   -13.0059   -3.94393
    33.625     77.625   -22.9604   -23.7129   -23.8826   -24.0158    -24.662   -22.8903   -30.5384   -30.6076   -21.7563
    33.625     77.875   -38.4814   -36.9549    -39.606   -38.7175   -43.0025   -42.7047   -46.4173    -53.601   -43.8641
    33.625     78.125   -5.34123   -6.10929   -6.47869   -7.26297   -8.64336   -10.6063    -9.1788   -6.41892    -7.9718
    33.625     78.375   -15.7864   -16.2514   -17.1021   -17.5571   -18.8338   -19.0766   -22.2812    -17.884   -20.2478
    33.625     78.625    -12.682   -13.4801   -13.5218    -13.731   -15.0158   -15.8615   -19.5644   -18.8459   -20.5839
    33.625     78.875   -28.3941   -28.4968   -30.8846   -31.2708   -32.2999   -30.6887   -38.3382   -5.25835      -35.9
    33.375     73.875    57.7713    51.0884    59.9586    68.5304    56.3786    70.2403     43.957   -19.5912    77.1055
    33.375     74.125    65.7231    61.2621    69.2861     77.131    68.3422    79.1275     55.471   -28.7343    69.5988
    33.375     74.375    15.3896    8.22795    19.4847    28.2517    20.5067    34.4766      10.35   -40.0816    76.4469
    33.375     74.625    11.6716     7.8991    10.5034    20.5298    17.8257    35.2856    25.7796   -54.7628    68.0776
    33.375     74.875   -18.3291   -21.2214   -21.0534   -12.7925   -18.2972    8.92681    14.2223   -50.8658    36.5796
    33.375     75.125   -27.0929   -31.5662   -31.8691    -22.942   -26.5854   -3.02557   -12.8154   -58.4193    14.2888
    33.375     75.375    27.7594    29.2251    16.5237    3.76952    10.0144    24.1958    35.0739   -50.0824    9.21466
    33.375     75.625   -10.5204   -18.6216   -16.5267    -11.038   -18.8516   0.452146   -13.1785   -30.9834    9.27816
    33.375     75.875    8.25791    -1.7821    5.64622    11.2981    3.43854    18.1007    2.80413   -13.3189     28.973
    33.375     76.125    13.2721    1.74235     13.562    18.4474    12.7058    20.3831    10.4681   -17.3546    55.7181
    33.375     76.375    21.4622    12.8676    21.6515    26.4866    22.6563    26.1402    20.9598   -38.8002    60.4376
    33.375     76.625    1.80719   -6.19107  -0.427879    2.87401    1.79395    5.57623   -4.81241   -42.5362    50.5282
    33.375     76.875    -15.198   -20.3779   -19.6882   -16.0344   -18.2799   -12.4841   -27.7974    -67.452    54.4612
    33.375     77.125   -13.9319    -15.819   -17.6324    -15.474    -16.985   -15.5542   -27.9469     -39.34   -8.67528
    33.375     77.375   -17.7287   -18.6043   -20.1534   -19.1677   -20.2366   -18.7306   -28.0986   -36.2601   -24.3778
    33.375     77.625   -39.8733   -38.9567   -41.1861   -40.4703   -43.0913    -41.022   -52.0421   -63.9196   -55.4162
    33.375     77.875   -40.4131   -39.4125   -41.7582   -42.4215   -44.2985   -42.3703   -46.0316   -56.7791   -51.1541
    33.375     78.125   -19.7624   -20.1213   -20.7164   -21.0761   -22.7112   -21.5821   -27.4714   -30.0526   -30.6398
    33.375     78.375   -25.8794   -25.9347   -26.3985    -26.034   -27.1121   -25.5731   -32.7517   -38.6523   -38.0281
    33.375     78.625   -30.9745   -30.5419     -32.61   -32.2925   -33.9562   -31.4812   -44.2162   -21.3049    -43.591
    33.375     78.875   -32.0693   -33.4075   -34.8546   -35.2773   -36.2441   -34.9721   -37.7522    17.9822   -35.0517
    33.125     73.875    32.1507    14.6158    36.1196    45.6634    19.9519    33.8594    25.7911   -38.5052     64.408
    33.125     74.125    54.6596    42.9582     57.789    63.6393    52.8892    62.3218    47.8059   -33.8734    47.0078
    33.125     74.375    42.2218    30.5234    46.8708    55.0416    44.8079     57.385    46.8864   -82.7129    77.3783
    33.125     74.625    31.4144    19.8964    36.6877    45.3805    36.2146    51.0902    38.1992   -83.4899    77.0396
    33.125     74.875    30.6469    17.5236    35.3437    42.9541    34.0627    55.2533    27.8347   -70.0572    63.0048
    33.125     75.125    32.9256    19.5687     32.075    38.0321    21.7995    47.2351    13.5341   -57.5783    44.5409
    33.125     75.375   -22.4287   -31.9186   -25.0304   -20.5801   -33.2876   -16.2759   -32.5506   -50.3811    0.65278
    33.125     75.625   -32.1535   -40.5017   -33.5919    -29.789    -40.008   -28.7112   -34.7851   -27.9602   -11.0038
    33.125     75.875   -7.82825   -21.8623   -8.25998   -3.28244   -14.6359   -1.62149    -16.286   -40.9157    8.40858
    33.125     76.125    20.0851    5.99204    17.2064    22.1938    14.5167    18.5774    15.2032   -41.9136    47.2789
    33.125     76.375    9.08136    0.84174    7.06522    13.5506     10.612    18.7764    8.38836    -52.083    63.2009
    33.125     76.625  -0.574126   -13.6825   -3.32601    2.48559   0.970037    6.70143   -5.78881   -38.0866    43.7505
    33.125     76.875   -10.7167   -30.3907   -16.6763    -12.722   -13.6147    7.37206   -18.4437   -22.7099    34.9008
    33.125     77.125   -41.9278   -52.0904    -46.464   -43.8739   -45.6499   -29.6565   -62.2606   -31.3104    17.5767
    33.125     77.375    -44.689   -48.5392   -47.5483   -44.7733   -47.5475   -42.4754   -63.9326   -65.7289   -60.5476
    33.125     77.625   -33.3506   -35.3673   -35.1132   -33.1705   -35.5045   -30.4317   -58.3542   -63.7917   -77.2951
    33.125     77.875   -15.7938   -17.5737    -15.709    -13.964   -15.8919   -14.5455   -28.6194   -44.2027   -47.5706
    33.125     78.125     1.1735  -0.670196   0.914068    1.48808    0.34724    1.97381   -13.6296   -20.3711   -26.3065
    33.125     78.375 -0.0203312   -1.77717  -0.266779   0.484041   0.171168  -0.400965   -7.30143    -12.123   -17.1101
    33.125     78.625   -53.1342   -55.1501    -58.081   -55.9143    -59.759   -56.2981   -69.0097    4.84095   -72.4423
    33.125     78.875   -61.3563   -64.0834   -67.3415   -67.6417   -69.1486   -64.8293   -66.7066     30.093   -56.7321
    33.125     79.125   -71.8991   -73.5949   -77.2201   -78.4232   -80.0641   -72.8351   -70.5566    29.7508   -51.2103
    32.875     74.375      8.263   -11.7363    13.5414     22.873    0.95287    16.4331    22.6311   -53.9264    60.0385
    32.875     74.625    1.23974   -22.2884    6.54995    16.7546   -9.59653    5.09179     20.825   -50.0986     67.696
    32.875     74.875    10.8097   -10.7864    16.8956    25.6537   -6.07503     19.003    21.9168   -42.9074    71.9135
    32.875     75.125    22.2211    7.95521     23.417    26.7847    8.96217    29.6876    3.25369    -62.751    39.7011
    32.875     75.375    4.21069   -3.81473    3.29569    6.59173   -1.72383    12.5971   -11.9983    -31.042    7.11933
    32.875     75.625   -13.1573   -25.8696   -16.8632   -11.4195  -0.934202    14.1523   -27.4652   -43.6091   -1.48006
    32.875     75.875   -10.6475   -29.0402   -12.4531   -7.13797   -15.0656    1.20557    -26.698   -53.6703   -3.97037
    32.875     76.125    3.12257   -9.39638    2.14204    7.62061    3.09679     13.084  -0.907262   -54.2857    36.5554
    32.875     76.375   -10.5729   -24.0174   -14.4062   -4.48741    5.56788    12.6263   -7.54092    -46.258    38.5922
    32.875     76.625   -25.0756   -36.0638   -35.6535   -18.4009    5.73068    15.5654    -29.428   -44.9939     38.244
    32.875     76.875   -3.85899     -15.71    -5.5459    2.62611   -2.80275    5.70032   -12.5905    -26.433    26.4586
    32.875     77.125   -11.8715   -26.9816   -15.6948   -9.68688   -17.0179     1.4622   -13.0039   -13.6907    12.4569
    32.875     77.375   -21.0865   -32.1452   -23.2866   -20.3436   -25.3308    4.76883   -18.7304   -7.99679    19.1423
    32.875     77.625   -33.1805   -45.2491   -35.0191   -31.4402   -35.8141   -22.6355   -37.4826  -0.414531  -0.578081
    32.875     77.875   -40.8446   -55.6647   -44.9879    -44.754   -50.4993   -37.0332   -51.2405     4.7442   -29.4075
    32.875     78.125   -41.9902   -46.1883   -45.5194   -43.4564   -46.3126   -43.7823   -51.8136    32.5394   -62.2301
    32.875     78.375   -58.8416   -63.6887   -65.8951   -66.5927   -67.1849   -67.4709   -68.2604    20.2251   -48.8065
    32.875     78.625   -66.3576   -69.4004   -72.8294   -73.4359    -75.356   -72.9133   -73.7951    28.7659   -50.8304
    32.875     78.875   -75.7009   -76.9484   -82.2523   -82.4925   -84.2044   -75.9379   -73.2275    33.3271   -51.7062
    32.875     79.125   -73.3791   -75.5805   -78.0567   -79.1368    -80.981   -73.7934   -72.2604    29.1995   -45.9059
    32.875     79.375   -77.8467   -81.8045   -83.0104   -83.9432    -87.194   -79.8844   -75.6304    32.0542   -50.8094
    32.625     74.875    3.29394   -12.5995     6.1079    9.56736   -8.97993    3.89721    7.77945   -44.3695    42.6187
    32.625     75.125    9.23365   -12.8554     10.462    12.2469   -8.70926    8.40784    10.1205   -39.5054    34.9921
    32.625     75.375   -4.39631   -34.9524   -3.36297   0.887228   -21.1799    1.47299   -2.59406    -80.399    36.7905
    32.625     75.625   -11.3674   -46.0296   -12.0891    -8.0273   -33.2109   -9.26415     -8.329    -91.105    32.2846
    32.625     75.875    -8.3177   -31.1155   -5.78621    1.94392   -4.21998    10.0326   -25.4254   -95.2671   -32.0567
    32.625     76.125   -13.1022   -36.8338   -15.3408   -6.76837   -16.5252   -6.36623   -21.5809   -81.4427   -33.5244
    32.625     76.375   -26.0794   -35.6183   -31.6786   -21.8496   -14.7053   -5.23761   -28.9824   -36.3309    -4.0852
    32.625     76.625   -45.4801   -47.6639   -53.8866   -44.9571   -27.0797  -0.192526   -57.7528   -37.6749    1.33442
    32.625     76.875   -5.62722   -5.96827    -6.7098    1.03609   -3.89042    6.24283   -20.2095   -27.4232    -1.2642
    32.625     77.125  -0.141953   -3.19242  -0.772917    6.50282    2.66029    14.0466   -7.10985   -8.11308    14.6131
    32.625     77.375   -27.6437   -34.3545   -33.5716   -31.9172   -34.2808     3.9972   -15.5338   -8.83344   -4.59995
    32.625     77.625   -34.7928   -45.0222    -40.523   -44.3599   -45.8468   -11.6107   -29.5579   -6.92114    9.30363
    32.625     77.875   -38.5291   -45.2685   -41.6501    -41.209   -48.7516   -40.3719    -48.973    4.27845   -48.1696
    32.625     78.125   -60.6438   -59.0703    -66.233   -66.8521   -73.4355   -70.0168   -70.6121    27.6679   -59.5455
    32.625     78.375   -47.3561   -47.9033   -55.7429   -54.6992   -62.3276   -55.9237   -56.7033    13.1885   -26.4751
    32.625     78.625   -73.4506    -74.087   -79.5812   -80.4361   -82.9747   -75.3869   -75.3197     28.374   -45.5917
    32.625     78.875   -80.7326   -82.1104   -87.4487   -89.2937   -89.5501   -82.0609   -75.9592    28.2238   -47.5207
    32.625     79.125   -71.7173   -75.1395   -76.6276   -77.8861   -79.7331   -73.9197   -71.3449    27.9382   -48.2244
    32.625     79.375   -66.0704   -71.9792   -71.7498   -73.4405   -76.2339   -71.2607   -66.0356    29.1176    -49.963
    32.375     75.375   -6.76546   -22.0148   -2.08496    1.69704   -5.93616    6.15892     10.049   -76.1094    46.9808
    32.375     75.625 -0.0802188    -17.336    3.91566    12.6915   -3.39371    7.02311   0.124599   -88.0513    55.8703
    32.375     75.875   -2.26764   -31.7059    3.98621    13.6501   -7.16134   0.910167    -1.2952   -96.0674    14.4914
    32.375     76.125   -16.1932   -48.9584   -16.9375   -14.7341    -26.841   -21.8779   -13.3421   -65.8444   -45.9133
    32.375     76.375   -11.1893   -36.4969     -14.57    -9.6362   -20.9562   -14.5099   -2.38269   -79.2592   -16.7515
    32.375     76.625   -54.1726    -54.442   -59.2446   -41.0661   -25.0518   -3.88927   -65.0555   -60.2451   -30.6683
    32.375     76.875   -30.1296   -31.1698   -35.1433   -29.6392    -23.611    3.66245     -44.99   -13.5774   -12.4312
    32.375     77.125  -0.525205   -6.70323  0.0676085    7.97483    1.64499    13.8497   -4.97258   -6.75191    8.63399
    32.375     77.375   -17.3601   -22.8711   -19.6339   -17.7923   -22.3268   -3.74317   -10.1903   -9.69256   -6.53006
    32.375     77.625   -26.9088   -33.2313   -30.6432   -30.6339   -38.9071   -24.2673   -35.0113   -5.88931    7.76131
    32.375     77.875   -51.5546   -47.7181   -56.0785   -57.8232    -67.061   -58.0667    -72.945    26.6573    -43.286
    32.375     78.125   -69.7999   -60.2762   -76.5607   -78.5374   -86.7315   -83.0706   -78.8578    18.9306   -49.0287
    32.375     78.375   -53.2751   -50.9009   -61.7433   -62.4488   -71.5451   -64.8688   -54.8997    10.5977   -24.1621
    32.125     75.375   0.223961    -18.001    4.76443    8.01247  0.0230896    9.52991    13.0791   -71.4533    28.1654
    32.125     75.625    15.9969   -11.3398    20.4836    23.7178   0.658207    7.04125    14.4656   -90.2337    36.6725
    32.125     75.875    3.78777   -51.3824    16.0945    22.9513   -9.71244   -4.85737    13.7648    -96.055    34.5888
    32.125     76.125   -8.44257   -53.1541   0.752203    9.54922   -15.7316   -11.7811   -6.99767   -61.7254    31.0998
    32.125     76.375    -1.1372   -22.8519    2.61241    9.26842   -6.65789   -2.72585    23.5747   -37.0897    40.8513
    32.125     76.625   -7.70509   -20.0295   -5.80241     4.4575   -9.81135    6.91095   -4.81548   -49.4609    20.7345
    32.125     76.875   -3.86625   -22.1027  -0.470822    9.42729   -12.7868   -2.48904   -2.75066   -76.2965    23.5712
    32.125     77.125    11.0567    1.58068    12.9893    21.2122    13.3163    25.1539    2.29112    -13.412    14.7699
    32.125     77.375   -10.4626   -14.1924   -12.5953   -7.84714   -16.2226   -3.57637   -15.6636   -13.9782    20.7362
    32.125     77.625   -10.0976   -11.8448     -12.25   -13.6565   -29.3855   -14.4716   -33.5688    -25.579    9.28144
    32.125     77.875   -51.8318   -40.6287    -60.912   -64.1068   -72.2849   -61.2377   -77.0737    8.97247   -28.7124
    32.125     78.125   -72.9603   -63.4096   -78.8056   -81.0739    -90.725   -83.5824   -82.4747    21.0654   -49.4443
    32.125     78.375   -71.4178    -69.716   -76.2153   -77.1941   -85.7673    -79.905   -76.7024    28.3524   -43.1808
    31.875     74.875    30.2834     13.014    30.2578    34.2875    29.4646    37.0797   -15.3465   -73.3193   -20.5696
    31.875     75.125    15.1635   -4.37774    20.4693    21.4278    14.2476    22.4515   -12.4547   -68.2585    15.4167
    31.875     75.375   -20.9895   -48.0703    -15.869   -9.70108   -15.4107   -3.63818   -42.3816   -88.3406    11.6797
    31.875     75.625   -4.32973   -18.5397    -1.9222   -1.99741   -7.23505   0.339855   -1.60193   -93.1954    39.2498
    31.875     75.875    3.65773   -32.5879    6.91465    6.70523    -11.713   -1.50001    16.6402   -95.4251    39.0726
    31.875     76.125    2.89024   -30.4815    13.7347    19.7046   -1.34142    7.91142    34.8838   -58.8149    35.2929
    31.875     76.375     10.306   -11.5151    17.7243    24.9789    6.58598    14.4261    26.8467   -12.9466    40.0218
    31.875     76.625    18.2021   -7.95506    24.2315    33.0734    18.1626    23.8051    30.9096   -5.61716    39.7956
    31.875     76.875    59.2789    41.5942    62.1889    72.8455    61.6163    71.6184      41.44   -8.17926    54.2462
    31.875     77.125    37.7776    25.0182    40.6419    48.6381      41.55    50.9515    23.1257   -16.1196    43.3952
    31.875     77.375    40.9418    33.6807    39.0811    42.4537    27.6345    38.1608    4.33068   -45.9426    40.9521
    31.875     77.625    18.0534    19.7514    12.1342     10.404   -5.33335    13.4206   -36.6712   -11.9558    9.97921
    31.875     77.875   -50.4215   -40.4121    -63.732   -66.0062   -72.6848   -55.2373   -70.5246    8.34112    -9.2449
    31.875     78.125   -63.0393   -57.3374   -69.9469   -72.2242   -82.0909   -73.9954   -75.6296    19.7134   -42.5302
    31.875     78.375   -66.5015   -66.3996   -71.1518   -72.0568   -81.0592   -77.4577     -74.25     26.194   -48.9796
    31.875     78.625   -70.7694   -75.7994   -75.8691   -76.8895   -83.8106    -80.006   -75.7146     27.559   -44.3902
    31.625     74.875    4.26232   -15.3278    4.17623    8.84528    3.87918    9.97159    -22.141   -47.5165   -23.6717
    31.625     75.125    23.6691    4.82376    27.0447    30.4648    23.4963    29.7992   -16.4909   -49.0062   -1.75427
    31.625     75.375    6.74412    -11.879    12.0409    15.3262    10.0082    16.3192    -17.209   -45.2121    11.5205
    31.625     75.625    6.24757   -26.8608    16.4338    20.0414    10.8382     19.894   -19.0034   -78.0615    38.7221
    31.625     75.875    7.53755   -10.6469    17.8672    21.9197    12.1641    19.1611   -11.2466   -36.7653   -57.3731
    31.625     76.125   -1.69899   -54.4531    6.03049    8.53303   -5.59319    5.47394    6.43588   -66.1757    34.3172
    31.625     76.375    13.0291   -29.1577    24.4885    30.1833    9.98014    17.5763    24.6855   -37.8323    24.3964
    31.625     76.625    13.7598   -21.5134    19.2157    23.9236    10.5129    15.1477    17.9301   -88.2558    29.5222
    31.625     76.875     32.153    13.5406    31.1433    42.6645    34.8877    41.2532    32.2045   -73.5684    44.2976
    31.625     77.125    61.4205    46.0745    67.0476    76.8329    71.8615    79.3302    47.0248   -29.5562     73.075
    31.625     77.375    84.8202    72.7751    79.9216    80.9405     62.271    68.1159    43.1091   -82.7466    55.2945
    31.625     77.625    43.5633     36.304    33.9755    32.0204    7.56019    14.4024   -23.5207   -35.3455    12.0626
    31.625     77.875   -33.3175    -36.164   -43.0345   -42.6471     -60.96    -54.648   -58.1203    14.0653   -16.4196
    31.625     78.125   -68.0856   -68.6666   -68.7545   -54.7437   -57.9205   -65.4886   -84.2963    17.5706   -45.0678
    31.625     78.375   -60.8107   -65.3571   -73.4307   -64.9201   -57.0889   -58.3974   -71.2519    10.2367   -42.6987
    31.625     78.625    -60.978   -67.6313   -74.4034   -62.6378   -51.9469   -51.5408   -65.3886    8.34151   -29.1035
    31.375     74.875   -7.99696   -28.1109   -5.35869   0.663082   -6.69526    1.50043   -18.5337   -57.6631    28.8216
    31.375     75.125    7.96101      -13.2    11.1337    13.7435     11.548    18.7639    10.4703   -75.4308    93.9845
    31.375     75.375   -44.4228   -75.1849   -40.5856   -35.6172   -45.6037   -37.3758   -52.1508   -92.9603    48.2203
    31.375     75.625    4.96459   -27.7915    7.80153    12.8558    3.86451    9.62047   -49.5222   -43.7354   -8.03951
    31.375     75.875    26.1545   -8.10375    29.6191    35.0279    20.8751    26.0918    20.1605   -60.8411    32.9682
    31.375     76.125     21.971   -25.9679    28.3642    33.4054    10.7803    16.5895    28.1794   -76.5104    50.0928
    31.375     76.375    17.1877   -13.3607    27.9387    35.1996    10.7365    17.0099    34.3717   -48.2573    45.1155
    31.375     76.625    9.66873   -33.6769    19.9684    26.1905    7.60331    13.1457    1.63794   -42.9355    37.4753
    31.375     76.875    32.7427    14.3252    39.3676     49.662    39.2054    47.0617     51.181   -32.4517    15.6313
    31.375     77.125    72.3405    62.7333    76.1627    81.7359    74.7141    80.5432    63.8805   -24.9268    62.9385
    31.375     77.375    62.9967    49.2128    64.1747    67.6812     56.374     61.935    47.2806   -77.9887    49.9535
    31.375     77.625    45.1222    42.9498    33.9986    30.3474    8.65936    10.6624   -37.5399   -58.0083   -5.26307
    31.375     77.875   -5.38773   -20.0383   -28.2215   -22.3515   -37.5669   -21.3438   -27.8944   -17.2646    14.5783
    31.375     78.125   -40.2662   -48.5436   -53.3252   -27.5929   -29.2289   -38.5283   -59.5002    -4.7862    9.53636
    31.375     78.375   -57.7096   -63.7863   -65.6646   -67.6536   -76.9586   -59.1654   -60.0721    1.04876    -12.017
    31.375     78.625   -83.7568   -89.7912   -78.3471   -56.1833   -56.6368   -60.3287   -87.3941   0.118884   -29.9769
    31.125     74.875    -6.9337   -27.2695   -1.53861    3.08499   -5.42099    2.57517   -33.6497   -68.3119    80.0875
    31.125     75.125    40.9407     24.775    44.8619    48.0233    46.6244    55.0629    38.0685   -73.9544    90.4476
    31.125     75.375   -42.5783   -72.0323   -41.4838   -36.2538   -50.3883   -44.1091   -62.3002   -89.8996    53.4549
    31.125     75.625   -28.7728   -48.2581   -26.9241    -23.485   -31.3807   -28.8779   -41.6231   -46.2434    5.94624
    31.125     75.875    16.3433    -3.6791    16.3001    19.6918    15.1964    20.8816   -15.6893   -75.7727   -55.2791
    31.125     76.125    28.7457   -10.7423    30.2035    37.9782    19.5651    27.6447    25.4514   -70.6956    61.6038
    31.125     76.375    5.88062   -38.3117    12.3109     18.687    1.92685    10.1178    6.63922    -68.744    39.1043
    31.125     76.625    14.0787   -17.5027    28.6875    34.1787    6.98931    15.1209   -3.35075   -72.4653    45.6731
    31.125     76.875    45.9767    21.3963    49.5044    53.0122    31.6601    41.6928    69.4796    -99.503    61.0346
    31.125     77.125    49.1718    39.0764    51.7054    54.2726    42.5949    50.8048    68.2924   -56.4909    32.0304
    31.125     77.375    29.9841    11.1219    27.3279    29.6607    14.2461    22.4906    33.3736   -63.7688    37.9377
    31.125     77.625    62.4565    43.0584    57.2043    55.9638    35.0873    43.4884    58.9506   -58.8606    44.6478
    31.125     77.875    20.8441     13.964    11.1032    17.9157    10.3444    19.0616    17.8794   -39.8406    12.4163
    31.125     78.125   -39.9885   -44.3246   -55.2962   -45.1406   -66.6185   -57.2702   -53.1817   -39.4441    11.3884
    31.125     78.375   -34.1219     -41.06   -42.5022   -36.8288     -51.23   -42.7636   -31.0754    -51.321    5.47319
    31.125     78.625   -28.2848   -35.1889   -32.8316   -40.9402   -33.9993   -2.95604    -24.847   -65.1058    45.2269
    31.125     78.875   -19.2264   -25.6683   -25.4947   -32.5453    -33.255   -9.33246    4.27219   -26.4419    64.5199
    31.125     79.125   -19.9748   -34.4517   -28.4547   -29.6836      -42.3   -22.1022    24.4687   -15.1916    51.1445
    30.875     74.625   -20.9324   -39.7459   -16.2697   -9.49251    -31.956   -34.2105   -28.1193   -48.5327    14.7198
    30.875     74.875    22.9369    1.35409     24.267    27.8409    13.2852    27.2406   -1.47143   -60.0292    66.3896
    30.875     75.125    51.0035    40.2095    51.0425    55.0291    54.4245     61.943    41.9198   -60.2541    77.3491
    30.875     75.375   -4.83951   -24.8905    -4.3363  -0.326303   -7.07234   0.601105   -21.1043    -61.295    48.6482
    30.875     75.625    29.1888    7.85215    30.8778    34.8663    29.9854    37.5174    2.63859   -79.0773    7.54309
    30.875     75.875    7.53509   -18.4613    7.79573    12.0605     8.0653    13.4881   -23.5741   -69.9918    7.91396
    30.875     76.125    8.67889   -22.5883    13.6877    20.5377    10.7184    16.5632   -15.5481   -12.6941   -6.61729
    30.875     76.375    22.9557   -11.3429    32.0852    39.5779    20.9661    24.0525   -13.3541   -29.9042     22.522
    30.875     76.625    13.8572   -17.2524    24.9772    30.2017    4.89453    13.1313   0.901273   -74.7672    45.3322
    30.875     76.875     17.104   -1.57703      25.16    28.2046    12.7412    18.1715    30.2969   -30.7678    42.7084
    30.875     77.125    17.1418   -7.00475     19.849    22.7849   -9.23724    2.99603    48.1006       -100     32.008
    30.875     77.375    5.06851   -23.2818    2.83942    8.75497   -29.4491   -16.2185    12.7785   -92.2253    22.4015
    30.875     77.625    4.51217   -11.9953  -0.934638    9.31803   -14.8337   -3.25387    11.8564   -40.5706    30.0094
    30.875     77.875    6.73205   0.503385    5.39533    14.8642    2.95058    8.98424    17.7541   -65.0222    33.8903
    30.875     78.125   -6.39621   -17.4707   -4.09423    2.28511   -8.82063   -2.92834    11.5488   -65.5712    31.0987
    30.875     78.375   -21.8626   -39.0683   -23.4631   -20.7578   -32.6728   -18.9763   -5.59478    -54.134    26.4011
    30.875     78.625   -22.3223   -36.0518   -24.6581   -19.4629   -28.1244   -18.9651   -2.01173   -42.9643    14.1389
    30.875     78.875   -93.7524   -46.1812   -81.8251   -21.2375    1.40717    12.0769   -32.8732    1.57895    7.90947
    30.875     79.125   -24.5084   -48.4556   -43.5795   -43.6344    -17.174   -4.48813    38.2555   -22.9523    79.3511
    30.875     79.375   -15.3799    -48.072   -27.8468   -41.6305   -31.8206   -12.1028     47.573   -15.2736    70.6689
    30.875     79.625   -82.7725   -77.5188   -94.7111   -27.6289   -19.8735   -27.9239   -6.28155   -10.0818    13.5728
    30.875     79.875   -22.5388   -67.9052   -45.5124   -34.5975   -59.5959   -34.8607    49.2632    8.56002    50.3344
    30.625     74.375    4.60593   -16.1898    7.83407    10.1664   -3.96376   -2.91557   -5.22296   -61.1434    36.2099
    30.625     74.625    5.52387   -11.4333    12.1021    19.9714    2.35288   0.628788   -8.35882   -68.2049    58.0011
    30.625     74.875    5.25631   -19.6767    10.3562    13.1671   -3.14004    8.62063   -24.9903   -64.6774    1.86746
    30.625     75.125    46.1777    30.8027    45.1414    50.6203    47.7248    60.0355    12.9259   -64.1599    55.6743
    30.625     75.375     31.268     17.174    24.5521    29.9861     34.149    48.8381    10.4286   -81.3173    91.1855
    30.625     75.625    24.3685    8.22073    24.7837    28.9077    22.9506     31.494    -1.7362   -85.9273    11.5781
    30.625     75.875    5.25593   -14.5429    3.27743    3.08617    1.60974    13.6348   -16.3241   -53.8255    42.9188
    30.625     76.125   -23.5179   -47.7481   -19.0937   -15.3691   -26.1087   -19.8456   -17.2956   -30.1184   -5.32497
    30.625     76.375   -64.0784   -96.3866   -62.6657   -58.5501   -76.4919   -70.3155   -52.6977   -55.7565   -33.9576
    30.625     76.625   -1.51099   -31.9975    5.91894    10.6091   -3.03284    6.37824   -10.0954    -28.161    23.5886
    30.625     76.875   -2.60766   -23.7048    8.02745    13.7779  -0.287323    7.40985    20.6352   -84.9602     39.124
    30.625     77.125    12.1065   -36.4726    20.6952    22.4002   -2.92201     5.0674    4.93139   -89.8687    20.9326
    30.625     77.375    6.65932   -19.1576    26.0447    37.3787   -2.38845    3.88205    32.7197   -35.3683    49.5182
    30.625     77.625   -12.8536   -42.2892   -4.08636   -1.06777   -22.9077   -14.4824     10.665   -23.0052    2.83554
    30.625     77.875  -0.450205   -14.3532    6.01094    9.25264   -5.84301   -2.82313    6.79416     -25.36    24.4189
    30.625     78.125   -4.15866   -22.2086    -2.9841    1.52627   -10.4007   -7.77903    17.1958   -50.8632    36.5196
    30.625     78.375   -20.7251   -34.2661   -16.6693   -12.9718   -20.9196   -14.4011   -3.35342   -25.2233    23.1568
    30.625     78.625   -27.9406   -48.7861   -31.1171   -25.6955   -35.1953   -23.2987   -8.56216   -31.5576    10.9837
    30.625     78.875   -15.2722   -41.9861   -24.6748   -23.4943   -38.7317   -26.6092    24.4669   -23.5177    29.4819
    30.625     79.125   -15.3655   -47.8737   -31.0451   -30.0248   -48.6985   -41.2284    47.0043   -17.4801    40.6833
    30.625     79.375   -63.1815   -92.8961   -72.9459   -53.8619   -33.1842   -20.6112    11.4661   -3.56057    98.7271
    30.625     79.625   -33.8683   -74.7422   -56.0301   -56.5091   -66.1283   -47.6948    53.0702    7.45538    56.7047
    30.625     79.875   -40.4457    -82.549   -53.3416   -39.7855    -72.168   -55.5891    46.1101    20.6397     36.253
    30.625     80.125   -24.9623   -62.3409   -29.8961   -15.3378   -43.4716    -38.913    38.6719     24.306    26.5569
    30.375     74.125    -7.2884   -36.5916    2.74261    7.33535   -18.8974   -9.81372   -7.46112   -72.3905     20.245
    30.375     74.375   -12.3299   -41.9821   0.364634    5.47308   -16.9915   -9.58026   -3.54584   -73.3504    56.1317
    30.375     74.625    10.6435    -19.523    21.1184    28.6087    9.59334    17.6863     10.241    -64.458    98.2261
    30.375     74.875    19.2065   -5.10357    27.6804    33.2116    15.3928    27.0957    0.57979   -56.5646    51.3314
    30.375     75.125    37.9333    17.9933    39.3978     46.401    37.1345    52.8683     24.155   -68.6058     33.289
    30.375     75.375    29.2817    7.48139     32.574    37.3955    27.1642    42.3503    15.9576   -64.3754    21.2781
    30.375     75.625  -0.360051   -25.3536    3.13591    8.89534    -5.7805    3.43364   -39.9911     -72.22   -46.6453
    30.375     75.875   -6.48761   -31.1988   -4.28741    1.47388    -13.243   -1.79423   -1.94341   -36.8976    36.8875
    30.375     76.125   -8.35192   -29.1221   -5.20003  -0.821202   -12.3193   -5.18216    -3.6954   -47.8861     36.166
    30.375     76.375   -10.2393   -56.0392   -2.47663    -1.1365   -16.9288   -3.93184   -7.10781   -36.9578    41.4187
    30.375     76.625   -39.5032   -60.7818    -35.627   -33.1565   -41.6827   -37.7613   -46.4369   -10.6973   -44.6887
    30.375     76.875   -34.0053    -81.602   -21.1461   -21.1635   -27.2215   -14.6369   -8.83333   -58.3739    18.1524
    30.375     77.125   -7.56782   -64.1267    1.94944    4.30944   -9.81021   -2.02537    12.6599   -58.7962    43.5718
    30.375     77.375   -4.04239   -33.1368    1.89965     13.841   -4.31282    2.75784    39.6977   -21.2725    51.8225
    30.375     77.625   -7.08434    -63.713    1.00398     6.8816   -16.0147   -5.63415    44.0829   -57.5244    51.9864
    30.375     77.875    9.82768   -40.4547    7.83532    8.75943   -17.2201   -13.7649    57.6344   -44.3954    76.5335
    30.375     78.125   0.757002   -60.5551   -9.64413     6.0732   -26.9245   -29.1339    27.8416   -74.1819    48.6793
    30.375     78.375   -39.6546    -74.586    -32.207   -23.6111   -44.3329   -39.6386    25.2828   -23.7047    5.68231
    30.375     78.625    11.8298   -38.2245    15.5674    10.4236   -8.05937  -0.313038    73.2216   -29.9777    53.2523
    30.375     78.875    6.52306   -19.0548  0.0404336    4.22545   -7.11522    1.17064    67.5024   -23.8025    64.0151
    30.375     79.125    0.46329   -37.3219    -15.354    -11.239   -26.1851   -18.6299    64.8778   -10.9691    50.0945
    30.375     79.375   -14.6132   -61.4726    -34.509   -23.3138   -46.8649   -44.6774    50.3143     1.0559    61.3152
    30.375     79.625   -22.4953   -48.9796    -38.431   -33.0411   -51.1504   -41.2687    54.0159    31.3469    28.8516
    30.375     79.875   -43.2696    -68.372   -62.7297   -43.2702   -29.1952    1.41993    48.4459     23.771    66.7151
    30.375     80.125   -28.0749   -68.0037   -27.5125   -12.1208   -36.9621   -35.7344    32.7569    21.5472    29.6478
    30.375     80.375    -18.037   -58.3581      -11.8   0.787409   -21.7866    -27.524    28.2984    21.7174    40.6913
    30.375     80.625   -13.5647   -47.8174   -9.82585   -1.23461    -14.572    -18.684    23.5829    24.3188    44.5015
    30.125     74.125   -7.56899     -39.31    4.88151    9.56205   -12.0768   0.540184   -29.0081    -64.543    -14.473
    30.125     74.375   -14.4516   -50.6576   -1.40826    1.33353   -30.2162   -25.3128   -19.5246   -66.4431    14.2289
    30.125     74.625   -30.2723   -59.7289   -17.6621   -13.1268   -36.6065   -34.9713   -17.6087   -60.3887     92.288
    30.125     74.875   -5.38416   -40.2663    5.66377    8.70066   -4.59169    4.77405   -9.76127   -60.3572    44.1566
    30.125     75.125    19.7154    2.40096    20.8727    26.9833    17.2039      26.63    5.09721   -66.4589    7.23754
    30.125     75.375    28.0399    5.76422    30.6464    37.5249    26.7297    39.8123    8.81738   -81.2851    2.01429
    30.125     75.625    32.2282    13.1467    37.0734    46.3688    34.6414    43.1642   0.345781   -71.2362    10.5952
    30.125     75.875   -18.7338   -50.3392   -10.7188   -5.28786   -29.8254   -20.5686   -11.2769   -62.7447    28.6898
    30.125     76.125    23.0929   -4.33178     29.227    33.2132    21.1548    26.4738    24.7979   -64.4818    50.5613
    30.125     76.375   -7.69755   -45.2219  -0.770511    5.54812   -11.1975   0.222562    10.8167    -21.843    23.1019
    30.125     76.625  -0.723088   -25.0284    9.35997    12.3743    0.31843    13.0913   -3.13675   -10.3307   -29.5075
    30.125     76.875   -3.29133   -36.9004    4.01339     4.6534   0.268503    8.17882   -30.4944    -39.555   -37.6051
    30.125     77.125   -15.3582   -51.1528   -7.51697   -3.58957   -9.04145   0.133471     30.074   -42.1326    71.7145
    30.125     77.375   -14.7854   -61.8737   -14.3733   -14.0107   -21.6213   -12.0036      22.17   -39.4631    63.3335
    30.125     77.625    8.47912   -69.6345    5.59455     12.601   -14.4607   -10.7308    38.0165   -66.0714    45.6567
    30.125     77.875    8.68814   -61.1265    9.96811    12.5312   -6.49537   -4.80366    40.4136   -44.4452    49.0378
    30.125     78.125    13.2268   -26.6482    7.39792    10.1316   -6.36088   -3.22399    54.6653   -25.1204    55.9468
    30.125     78.375    46.9234    14.4635    34.3112    38.5753    16.1973    20.2167    9.37287     17.094    32.3184
    30.125     78.625    37.8487   -5.21287    29.6623    34.4895     14.633    17.6673    55.3429    8.81305    50.2598
    30.125     78.875    25.6307   -1.69632    33.4902    31.8703    13.7652    21.5329    62.1779   -4.81178    73.2818
    30.125     79.125    12.1403   -15.3669    2.68858    10.1634   -2.21727    7.07828    67.8117   -7.55945    55.2992
    30.125     79.375   -17.7066   -56.2168     -32.07   -20.3444   -33.0097   -17.1836    36.5432    16.2007    47.6276
    30.125     79.625   -15.1077   -43.1765   -20.9342   -18.2572   -34.3142   -15.9963    44.1637    24.6077    16.5726
    30.125     79.875    -29.267   -59.4924    -24.946   -16.5322   -37.3559   -35.4834    16.8091    25.4758    23.1705
    30.125     80.125   -34.1535   -77.7921   -25.6879   -18.5598   -43.2108   -45.2126    10.5918    24.4402    33.8328
    30.125     80.375   -17.1543   -58.5969   -10.9709   -4.91193   -20.1156    -21.961    17.6042    24.5188    38.9643
    30.125     80.625     -13.62   -54.3216   -9.48283    -4.2508   -18.8869    -22.436    16.9633    24.6239    40.2251
    29.875     73.625    16.6013    6.21553    21.1335    14.9249    14.9525       33.1    11.1122   -47.8323    20.2556
    29.875     73.875    2.13773   -55.9415    12.0346    17.4168    2.01024    20.0798    3.64057   -78.7723    14.4941
    29.875     74.125    47.7951    22.9183    58.8029    63.5202     41.362    45.8595    11.6619   -78.3219   -10.7047
    29.875     74.375   -4.61023   -31.3939    5.28268    9.28542   -10.8561   -9.18718   -19.8907   -72.1238    6.47606
    29.875     74.625   -55.5335   -77.3165   -42.2666   -37.2295   -49.2321     -47.11   -42.2017   -58.2583    14.3861
    29.875     74.875   -49.4822   -73.2924   -37.4496   -33.5218   -43.5553   -38.5667   -43.7525   -74.4379    9.74033
    29.875     75.125  -0.382824   -27.7515    2.57599    5.19119    0.84556    5.01773   -22.2396   -79.6013   -12.3087
    29.875     75.375    8.83184   -15.0535    11.9113    16.6754      8.842    16.4189   -21.8305   -78.1664    2.54439
    29.875     75.625    10.2939   -6.25652    12.1723    15.7535    8.90903    14.4905   -24.7885   -91.2938    1.02441
    29.875     75.875    3.20825   -18.3783    7.45915    10.9616  -0.312264    4.42192   0.191832   -67.7284    45.2939
    29.875     76.125    17.4344   -3.91846    22.4125    27.0142    16.3516    23.8052     18.257    -76.218    66.2306
    29.875     76.375    28.3114    6.39126    32.7416    36.3256    25.9969    34.3026    33.6404   -76.5829    34.9946
    29.875     76.625    65.4964    39.4948    70.2425     68.667    58.5126    67.5427     30.607   -49.7898   -18.2707
    29.875     76.875     -21.13   -50.6612   -14.6245   -12.1684   -16.2564   -9.20986   -39.6838   -45.6505    40.8718
    29.875     77.125   -3.22213   -48.3414    -7.6632    -10.972   -21.1556     -13.01    37.4729   -64.1204    63.9618
    29.875     77.375   -18.6842   -75.0868   -25.5672    -29.357   -38.5529   -25.7391    12.5705   -84.1061    76.5524
    29.875     77.625   -22.4895   -92.7439  -0.519059    2.86542   -19.0902   -13.0656   -1.89674   -34.3046    44.2256
    29.875     77.875   -3.80934   -47.6423    12.0235     19.973   -3.10706  -0.380381     9.6279   -21.1687    54.3084
    29.875     78.125    -46.612   -95.8206   -39.7352   -39.7431   -56.0341   -56.9452   -53.9722   -59.5798      63.49
    29.875     78.375    15.5644    -30.188    13.9543     19.706   -3.92794     -4.445    32.9199   -28.8234    46.4391
    29.875     78.625    14.1594    -28.129    7.87705    7.63412   -3.19408   -2.43988    27.1132   -11.0432    51.7568
    29.875     78.875    19.1247   -10.5968    16.2492    15.8612    1.63793    5.07247    38.0883   -11.7165    56.3735
    29.875     79.125   -10.4551   -30.5438   -7.74526   -3.79456   -12.4282   -6.31526   -2.95363   -19.3947    60.4292
    29.875     79.375   -11.8285    -33.299   -8.38666   -4.85259   -12.0725  -0.567576  -0.253652     23.825    45.4737
    29.875     79.625    5.18821   -16.0884    8.11387    17.3099    7.49442    15.4489     58.005    31.4455    34.6914
    29.875     79.875    -21.973   -46.9148   -17.9241   -7.81618   -26.6361   -20.7922    8.62543    28.6062    40.8817
    29.875     80.125   -9.52819   -51.8514   -6.27471    3.64472   -12.5954   -8.67001    15.7766    43.3124    78.3813
    29.875     80.375   -11.3775   -65.2559   -10.9651  -0.756053   -15.1898   -12.9021    11.5929    38.5449    65.0014
    29.625     73.375    37.4935    24.4121    50.8827    50.3676    45.0895    50.9675    7.40701   -76.3197    12.2763
    29.625     73.625      9.519   -2.51725    15.8695    11.2209    5.68807    21.7211    13.5885   -52.7778    22.8725
    29.625     73.875    14.0241   -21.7843    31.1213    40.5204    29.2868    45.7753    12.8084    -67.672    30.4338
    29.625     74.125     10.855   -6.00738    25.7253    35.1522    16.0612    40.4837    20.8037   -67.7737    46.3483
    29.625     74.375    45.7041    19.1775    56.9847    63.6309    42.3804    47.4664    36.4735   -50.6418    38.0508
    29.625     74.625   -17.5378    -48.503   -3.44887    1.37862   -11.2545   -6.32661   -19.2524   -70.7063    8.89119
    29.625     74.875    9.89359   -3.50384    13.9364    17.1129    11.3008    18.7077    9.50222   -61.4805    17.6147
    29.625     75.125   -7.71439   -30.3878   -2.76412    2.90436    1.18015    6.87058   -6.77224   -69.1598    14.0707
    29.625     75.375   -14.8154    -33.029   -10.4176     -7.255    -9.8326    2.88189   -14.4383    -81.052    19.6004
    29.625     75.625    40.3058    29.1113     41.067    38.1282    39.6153    55.0099    7.61731   -58.2707     43.886
    29.625     75.875   -10.3628   -36.8067   -5.91266   -5.32567   -15.5996   -4.23615   -26.8923   -56.2243    44.7475
    29.625     76.125   -41.6528    -76.105   -29.6005   -21.3758   -42.4853   -38.7145   -30.0302   -59.2374    46.6604
    29.625     76.375    31.6639    12.4248    36.1426    38.3661    32.9606    41.1948    39.0759   -73.1513    53.3886
    29.625     76.625    28.8391    5.53939    29.8007    31.9354    24.2463    30.0301    32.5589   -76.2906    78.8981
    29.625     76.875    40.4719    16.2038    40.3416    42.6562    36.6722    41.4883    30.1585   -65.8761    77.1498
    29.625     77.125    2.69451   -31.4087     5.5107     3.3686   -4.68923    3.74574    7.66163   -31.3962        100
    29.625     77.375   -23.7094   -56.2018   -23.7948   -21.9126   -23.5925   -12.5956    4.59211   -36.8048    62.4985
    29.625     77.625   -19.5147   -71.2812   -5.93965   -9.01964   -16.9732   -4.32146    3.51765   -41.4611    30.5466
    29.625     77.875   -22.0643    -78.556   -1.14976    3.54013   -20.5141    -17.894   -5.96286   -59.2973    62.4887
    29.625     78.125    1.76191   -53.6507    16.2006    19.1722   -9.34973   -8.41294    21.1564     -86.02    75.5425
    29.625     78.375   -8.28722   -41.3225    1.72571    12.2092   -6.94968   -7.72113    -2.3975   -62.4318    54.2375
    29.625     78.625   -43.9043   -87.4763   -35.7583   -30.6519   -44.2521   -44.5331   -26.6864   -63.2795    58.8895
    29.625     78.875   -17.0992   -51.0356   -10.9663   -8.24749   -17.3115   -10.9595   -15.4258   -63.9816    69.5932
    29.625     79.125    12.8612    -18.682    10.9826    14.0539    -5.5077    3.45941    10.5549   -60.8004    37.5799
    29.625     79.375     18.577   -2.91989    19.0847    21.1717    2.46122    13.8078    24.6796      12.86    52.7406
    29.625     79.625    2.98143   -10.0394    17.1281    12.2314   -1.46888    10.3328    8.34094    46.8296     52.939
    29.625     79.875    1.38348   -13.9023      9.841    13.7073   -2.05824    7.19583    25.1314    44.2121    64.2205
    29.625     80.125   -1.87693   -49.6209    3.27784    18.6605   0.932385    5.64153    20.9069    41.5419     87.825
    29.375     73.375    4.29917    3.21571     11.659    8.84609    8.59941    13.5615    1.35075   -60.7198    19.9937
    29.375     73.625    36.5775    12.9946     52.969    57.0465    50.8642    63.5431    6.86115   -60.9042    41.8422
    29.375     73.875    39.7631    22.8448    54.5474    59.1419    54.6054     66.288    4.06304   -66.4425    46.6692
    29.375     74.125     27.574    13.5168    39.7668    45.8074    44.1139     56.858    19.3368   -66.6329    33.8126
    29.375     74.375    9.10143   -19.9223    12.3619    7.57603   -25.6459   -25.2153    3.20474   -50.8921    33.6267
    29.375     74.625    29.1003     3.0091    33.9077    37.9637    20.4096     27.963   -7.01151   -62.0986    30.2876
    29.375     74.875    39.2714    26.4045    43.3121    48.2316    40.2483    50.3478    17.5445   -69.8067    60.5498
    29.375     75.125    15.4295   -2.54083    19.6035    28.0808    20.5005    28.1303    2.51755   -82.6961    57.6117
    29.375     75.375   -2.85291   -24.8803    4.34842     11.319    4.43897    12.5866   -7.80127   -87.2927    58.6464
    29.375     75.625    9.64922   -7.23309    12.8917    12.9955    9.79138     20.449    1.61116   -72.6621    39.9111
    29.375     75.875    -38.778   -62.2753    -30.405   -27.1193   -38.8151   -30.1696   -16.9729   -39.8125    15.3628
    29.375     76.125    12.8373   -3.93274    15.8233     19.366    15.1298    23.3207    31.1671   -76.0465    73.7847
    29.375     76.375   -23.5082   -44.6703    -20.119   -18.2678   -25.0153   -19.9545    -8.6302   -56.1516    87.0906
    29.375     76.625    13.6169   -9.74504    16.7948    20.6024    13.6036    21.3989    23.9998   -82.7356    62.0227
    29.375     76.875   -61.0946   -85.1485   -56.0772   -55.3341   -64.8474   -64.9952   -39.2113   -62.4813   -3.66226
    29.375     77.125   -47.2093   -74.2684    -43.508   -42.0758   -47.2664    -44.983   -33.2823   -47.7776    63.2718
    29.375     77.375    12.6608   -32.0244     9.3407    14.5239   -2.23448    8.94386    14.6371   -63.8318    59.9425
    29.375     77.625    1.93701   -36.4386   -2.96521   -4.07878   -9.36913    4.77785    25.1997   -63.2721    83.6572
    29.375     77.875   -6.78251   -51.6821   -2.51039   -4.23912   -11.7608    3.39864    20.6213   -86.9949    93.0691
    29.375     78.125   -4.18866   -80.5734    6.72913    3.99838   -10.2022    -2.5784    9.93692   -61.6536    35.3501
    29.375     78.375   -11.0918   -82.9394     3.5293  -0.173686   -18.3988   -3.37382     14.506   -98.8677     49.967
    29.375     78.625   -21.8169   -61.5644   -14.0148   -14.1547   -19.6544   -10.4275   -9.72439   -81.1309     45.021
    29.375     78.875   -9.33785   -43.7407    3.28703   0.587982   -9.89675   -0.68158   -4.68275   -64.0716     31.565
    29.375     79.125    5.69658   -26.3457    18.5134    26.9066    2.80538    15.0422    19.8574   -80.9277    73.3299
    29.375     79.375     23.084   -4.61894    20.3874    26.6619    2.34164    14.9161    7.41909   -47.3268    81.4841
    29.375     79.625   -20.2705    -38.043   -19.6443   -19.6304   -41.8538   -36.5693   -25.7179  -0.541669    69.2531
    29.375     79.875    27.8719    6.57778    28.3483    17.8536   0.168948    10.2128    17.0331    58.5967    63.9362
    29.375     80.125    19.0221    -17.538    23.0348    22.1417  -0.727226    5.21199     24.142     50.151    68.9535
    29.375     96.125    91.4529    91.9135    92.8686     94.999    92.6185    89.1987    96.9659   -73.7168   -72.4261
    29.125     73.125    47.4359    64.3505    61.0019     52.968    53.8699    62.3616   0.941638   -59.8722     12.861
    29.125     73.375    82.6922    75.3454    87.4196    87.6555     84.944    87.9756    52.7435   -31.7058    22.2709
    29.125     73.625    47.8532    36.1157    59.6847    65.4193    59.8122    66.1857     7.2808   -60.5434    28.5675
    29.125     73.875     30.423    11.4481    40.9619    47.1353    47.9581    55.4528    10.3333   -47.8737    36.4892
    29.125     74.125    9.16442    -10.877    20.9838    28.9291    18.8223    25.0382    11.3982   -48.6639    35.3358
    29.125     74.375    18.4426   -1.57172    36.3687    45.0761    30.4966    42.2493    11.7353   -52.3258    19.9362
    29.125     74.625    30.2166    10.5247    45.6364    54.7945    41.9568    50.5689    11.7309   -57.2963    13.8771
    29.125     74.875    4.44786   -23.3282    8.36748     6.8714      5.699    13.0543    4.47839    -57.663    35.4261
    29.125     75.125   -9.53916   -20.6504   -2.34176    1.89582    1.65318    4.02873  -0.472257   -66.5767    75.4774
    29.125     75.375    35.5874    16.0949    44.5488    44.2246    43.0074    49.2908    31.2398   -72.0432     52.284
    29.125     75.625    36.3944    13.6857    44.7971    42.6102     34.304    41.4683    13.1092   -66.4262    32.8308
    29.125     75.875    2.18392   -24.6015    5.85202    7.26491   -5.30971    3.45003    -15.171   -70.1581    27.1774
    29.125     76.125     -8.367   -31.7236   -3.97214   -0.22028   -16.1451   -6.49561   -3.34865   -57.5989    26.0604
    29.125     76.375   -33.7427   -53.8809   -33.4398   -31.3624    -41.886   -40.2721   -22.9194   -60.7696    74.8919
    29.125     76.625    10.2489   -6.25582    16.3995    19.3638    12.9895    17.8305    15.0825   -65.5075    33.4715
    29.125     76.875    5.64667   -11.7503    9.50299    9.31021    6.50953    12.1105    7.53683    -57.271    1.46769
    29.125     77.125    23.8442   -7.82459     4.3068   -4.17011   -1.45526    15.5249     8.8426   -67.5651    65.1162
    29.125     77.375    30.4861   -8.78309    24.9202     15.664    7.43477      25.64    17.8792   -55.4433    56.5531
    29.125     77.625    13.3103   -29.2452    9.60513    1.00141   -2.94187    20.7166    31.8642   -93.8385    84.7783
    29.125     77.875   0.201157   -34.8086    -1.4861   -3.60859   -7.84263    8.55535    17.8982   -69.9476    95.9227
    29.125     78.125   -5.26961   -69.5096    3.66018    2.05849   -8.30772    3.78321    7.90484   -92.7998    56.9354
    29.125     78.375   -8.66679   -69.0869  -0.682481   -6.74596   -13.3788    2.21988    3.91589    -99.035    57.6153
    29.125     78.625    13.5649   -32.2742    12.9771    3.44247   0.743649    18.4309    13.7495   -77.2071    57.5989
    29.125     78.875   -3.35238   -42.6182    11.8477    9.53221   -3.89801    11.6054    4.77549   -44.5809    58.3122
    29.125     79.125     7.1744   -30.2821    27.4735    36.6594    3.85099     13.271    54.0234   -46.4797    64.4218
    29.125     79.375  -0.979127   -44.2836    14.8908    24.8796   -3.20546    10.5054    30.6842   -72.7256    69.3295
    29.125     79.625    5.57528   -24.7794    12.6411      15.48   -13.1118    -5.0431    -8.1902   -19.0583    76.4346
    29.125     79.875    21.0764   -11.8569    26.2282    32.7147     4.4323    19.6647    9.19037    24.3866    83.7795
    29.125     80.125    27.5713   -5.07266    32.1706    28.1865   -3.01924    7.25506    16.5587    18.5164    66.4651
    29.125     94.375    49.0397    48.2772    49.3927    60.7686    41.8732    24.9551     68.492    60.1878    42.9092
    29.125     94.625    50.5068    50.8592    51.0697     63.027    47.5343    27.0908    69.3883    52.0358    37.0085
    29.125     94.875    45.9491    50.9072    42.7495    53.2159     36.713    26.1212    78.4161    3.54414    22.0371
    29.125     95.625   -11.7882   -13.1084   -6.04988   -2.35646   -3.77056   -5.25363    5.45685   -1.70576    1.49314
    29.125     95.875    36.1845     34.656    41.8731    46.4314    45.3343    44.1001    60.2545    57.0947    59.0919
    29.125     96.125    97.1785    96.7423    99.1835    98.5902    90.6996    84.9226    99.7499   -70.8463   -64.3587
    28.875     72.875    17.9695    7.00948    30.5926    27.3587    14.0045    20.2406    3.32976   -31.7709    9.96916
    28.875     73.125    36.5048    38.2661    43.5939    43.4666    36.3342    38.0857   -4.42268    14.3522    43.9966
    28.875     73.375    31.7328    22.3629    37.2868    41.2469    40.5527     44.112     16.598   -28.7048    27.6116
    28.875     73.625    17.7764    3.37682    21.2027    23.9001    24.3715    27.2986    15.8259   -26.1502    28.2855
    28.875     73.875    14.5799   -2.17954    23.2614    29.2334    29.0895    34.5795    11.6041   -32.8996    29.5952
    28.875     74.125     11.434   -13.3489    23.6305    31.3127     23.992     31.878    6.68329   -45.4495     23.303
    28.875     74.375    10.1465    -12.828    19.5582    26.5019    18.9106    24.6092    8.55015   -65.7843    12.1188
    28.875     74.625    14.1679   -7.34914    24.5946    29.2218    23.6078    28.6915    10.0469   -68.0757    11.1768
    28.875     74.875    20.1335    2.83705    28.9836    31.6761    32.9076     33.854      7.003   -82.2375    31.2767
    28.875     75.125   -12.3798   -46.8061    1.47487    4.69419    5.35899    8.76432   -8.97574    -59.569     45.861
    28.875     75.375   -9.25677   -37.3524  -0.509414    1.53476    1.81207    4.07082   -15.4409   -68.4562   -14.4436
    28.875     75.625   -20.2119   -44.5833   -3.53028    -11.382   -25.3308   -18.5808  -0.127447   -78.1806    7.63369
    28.875     75.875   -4.67037   -29.6087    5.38776    7.26775    1.90532    2.23832   -7.82695   -61.6851   -9.37105
    28.875     76.125    18.7647    6.51754    24.4447     26.416    23.0353     24.772   -10.3273    -57.227    3.98526
    28.875     76.375    23.5951     7.0455    27.9066    30.1506    26.1054    27.3066    2.52125     -61.28    81.5036
    28.875     76.625    10.1525   -12.8398     14.634    18.2129    14.4785    17.0392    2.15773   -78.0256    69.6273
    28.875     76.875   -15.8009   -42.6666   -8.46067   -5.75771   -13.7274   -10.2085   -9.55263   -79.7809    47.8354
    28.875     77.125    28.8594   -16.6355    32.3393    31.5215    29.0842    46.9311    39.4545   -86.1338    69.7067
    28.875     77.375    16.1878   -17.5088    24.6325    19.5944    8.18473    24.0306    48.5666   -99.6888    66.4365
    28.875     77.625      17.67    -24.016    20.4002    10.6519    4.76812     27.545    21.2759   -98.9802    70.3602
    28.875     77.875    20.2155   -27.0165    15.6142    13.1124    1.64002    20.2534    9.63861   -68.2297    77.0531
    28.875     78.125    16.9717   -32.8523     21.382    15.0596    6.66884    21.9124   -30.0149   -52.8208     79.277
    28.875     78.375    8.96685   -59.0297    14.3065    10.4573   -3.78317    15.3607     5.6386   -93.9245    79.1498
    28.875     78.625   -5.33402   -50.3633    17.8698    12.1077   -6.46288    10.6103    11.4422    -72.313    57.6148
    28.875     78.875   -2.59426   -36.4319    11.8662    5.82844   -4.64576    9.90988    16.8677   -13.3371    58.1665
    28.875     79.125    15.7826   -33.0815    34.4757    33.1883    1.72872    18.7351    28.0973   -22.3139    70.3314
    28.875     79.375    14.2896   -12.7266    32.5697    30.0995    4.49844    21.3993    32.9239   -10.6138     65.391
    28.875     79.625  -0.569634   -51.4019    25.4276    25.1604    -6.9373    9.59988    7.23937   -25.9563    62.5658
    28.875     79.875    2.20028    -38.739     28.939    34.1608   -2.57865    15.7737    18.3005   -19.7162     71.563
    28.875     94.125    46.0124    50.8199    46.4544    57.2979    35.3699    24.6158     72.296    48.0462     56.403
    28.875     94.375    47.2238    49.7637    46.4799    54.5779    30.9235    22.8118     75.269    32.3316    55.6721
    28.875     94.625    30.4077    33.8235    29.7402    44.7815     25.607    7.76593    66.1408  -0.121126    42.5463
    28.875     94.875    31.7014    39.9883    27.9748    40.9015    23.9746    10.2046    61.3076   -2.80552    34.7516
    28.875     95.125    8.32137     20.518     10.618    24.7441    9.36418 -0.0656224    41.7989   -12.7212  -0.964727
    28.875     95.375   -10.6335   -5.70418   -6.76095   -2.45109   -5.32537   -6.47761    11.4198   -8.22709    5.45829
    28.875     95.625   -18.4058   -17.1014    -11.009    -6.0613   -8.68275   -9.37057   0.756351   -12.6358    4.19187
    28.875     95.875    -27.222   -31.1612   -19.0884   -14.5806   -16.6524    -17.709   -6.37532    -17.183    4.79297
    28.875     96.125    17.7253    17.6156    22.0879    27.0819    19.0667    17.4098    36.6713    49.4917    63.9518
    28.875     96.375    97.2768    97.4335    98.9322    99.7608    91.0196     86.726    98.3783   -72.5725   -69.0412
    28.625     72.375    -27.513   -7.79788   -25.8671   -22.1951   -22.9759   -11.6761    8.84476   -54.6865    19.4486
    28.625     72.625   -24.3047   -5.72664   -18.5472    -11.302   -17.6029   -8.83487     9.3926   -55.0696    19.7355
    28.625     72.875    2.32527    5.93065    4.25578    9.83654    4.31306    5.72827    22.3366   -48.6706    18.5799
    28.625     73.125    9.31245   -1.45229    12.5261     19.161    14.7275    16.6467    19.6957    -29.164    7.50251
    28.625     73.375    9.77445  -0.624168    13.2139    18.0956    19.1103    22.4122    15.6621   -37.3933    9.95142
    28.625     73.625    2.47283    2.76425    4.10804    7.92794     10.879    15.2714    6.94462   -55.3825    8.79829
    28.625     73.875   -26.1037   -14.4587   -2.93854   0.948017   -13.5984    2.35602    10.4708   -83.8424     13.414
    28.625     74.125   -1.62907    -14.213    4.88022    8.43841    1.20448     5.6764     5.8541   -70.9564    11.1854
    28.625     74.375    6.98016   -7.16012    14.5942    18.2409    14.4004     19.466    6.90738   -68.4248     7.2407
    28.625     74.625    28.9238    14.2401    36.1296    37.5709    30.5676    33.3351    13.5406   -53.3291     3.2877
    28.625     74.875    32.5165    19.4292    38.9744     40.103     33.469    34.4676    16.3539    -81.816    6.10609
    28.625     75.125    26.4903    15.5426    32.1791    33.2639    31.7522    33.2078    17.1744   -68.0377    37.5636
    28.625     75.375   -16.5669   -43.7272    -2.1342    1.97299    2.00151    3.63951   -18.9617   -59.5903    3.04427
    28.625     75.625   -15.5674   -37.4059   -2.68686   -9.91903   -24.3249   -31.9996   -15.6634   -54.4722    -24.804
    28.625     75.875   -19.3952   -42.6194    -9.4512   -11.5725   -33.8004   -41.4911   -7.98629   -45.8579    23.5053
    28.625     76.125    27.8699    9.02666    33.7415    36.0709    34.7061    37.2051     5.1107    -64.466    37.5078
    28.625     76.375    35.1629    19.3855    43.2981    44.7727    42.6386    45.4239    24.6554    -57.402    37.7813
    28.625     76.625    49.9797    33.2889    53.0427    52.5431    53.5269    57.7077    39.6961   -88.0305    72.1862
    28.625     76.875    33.0362    14.5604    37.8714    40.6189    39.2243    43.5288    37.2985   -53.7751    69.6133
    28.625     77.125   -28.5897   -46.6617   -25.9547   -25.3321   -28.8308   -29.5243   -10.8907   -39.9958    20.0812
    28.625     77.375   -23.9042   -53.4205   -15.2345    -13.192   -23.4364   -18.1033   -18.8134   -79.3489    16.4699
    28.625     77.625   -28.2195   -53.2283   -19.0469   -15.9584   -27.6517   -13.7147    -11.894   -94.6616    61.2229
    28.625     77.875   -54.2124   -91.6719   -37.9035   -35.6043   -49.4231   -41.7341   -53.7583   -60.4162    50.3642
    28.625     78.125    24.6236   -30.5828    33.6147    26.8231    16.5589    32.8105   -27.8991   -67.2248    65.7305
    28.625     78.375     20.623   -43.8505    25.8353    25.2704    8.90322    27.1955    8.40706     -92.73    66.2903
    28.625     78.625    -35.346   -61.9086   -30.8753   -25.6765   -34.1761   -26.3728   -14.7934   -51.0491    44.4665
    28.625     78.875   -1.76204   -47.0402    3.21823   -3.95428   -10.2495   0.392818    1.29804   -15.4504    25.1178
    28.625     79.125    4.83563   -36.5304    26.8984    30.7004   -9.10861     3.9787     46.585    -53.213    57.3529
    28.625     79.375    7.16538   -18.8596    31.6993    26.2823  -0.889984    14.6036    33.4429   -6.24101    82.6397
    28.625     79.625   -6.69663   -69.0582    19.2458    18.8404   -11.7987    3.99816    5.27972   -33.0931     49.836
    28.625     79.875   -15.8071   -86.7543    15.1077    19.4191   -16.1148    1.96694     1.9574    -18.026     60.523
    28.625     80.125   -11.1687   -68.8335    22.7203       22.9   -10.4155    7.09196    10.2381   -43.6008    73.2166
    28.625     80.375   -5.68904   -33.2891    12.6227    12.8193    -6.1105    2.10666    13.6122    -35.505    52.7854
    28.625     80.625    -11.954   -40.7849    12.6567    15.4756   -10.0691   -3.57929    14.4152   -36.5468     65.316
    28.625     93.625    8.88025    14.3846    8.92233    15.3678    5.30718    -14.124    40.5625     6.6105    10.7258
    28.625     93.875    1.53721    11.9308      2.569    15.2137    4.48116   -15.9219    41.4578    64.2448    27.4662
    28.625     94.125  -0.141708    8.25503  0.0666406    20.5931   -5.03652   -11.2824    53.1156    29.4844    21.4271
    28.625     94.375  -0.905832    7.16457   -1.14185    16.7886   -3.07638   -8.17601    54.3106    23.4074    16.9728
    28.625     94.625    22.5071    34.2808    19.1225    37.6036    20.3982    5.66333    63.6681    38.1735     35.107
    28.625     94.875    4.47721    20.0683    7.48384    28.2533    13.8052   0.903677    44.3396    14.3972    9.50255
    28.625     95.125   -10.7201   -5.94739   -7.63736    -2.9399   -5.72872   -8.77246  -0.250181   -6.38634    1.00435
    28.625     95.375   -6.89719   -2.55309   -2.87578     4.4947   -2.15314   -3.51903    17.9738   -5.11186    14.1971
    28.625     95.625   -13.9178    -10.436   -8.02285   -4.14051   -7.27935   -9.09591   0.245907   -17.3885    10.1121
    28.625     95.875   -30.4923    -32.591   -21.5964   -17.0477   -20.0712   -22.7441    -10.397   -27.5684    4.53284
    28.625     96.125   -42.3998   -45.0122   -35.9023   -32.9648   -37.8561   -42.2321   -29.1818   -12.3458    5.22682
    28.625     96.375    95.0438    98.1594    96.7195       96.2     87.346    81.6504    97.5574   -70.5659   -62.6669
    28.375     72.375   -14.4273   -16.7662   -11.7621   -8.55963    -10.161   -5.31953    5.15564   -67.5197    10.5985
    28.375     72.625   -6.80732   -19.2484   -3.61861   0.288427   -3.59637   -1.66472    8.22094   -51.9795   -2.19669
    28.375     72.875    3.14536   -9.43415    5.78137    12.7178    8.15766    9.49829    18.6599   -46.7048    3.80908
    28.375     73.125     7.0808   -6.85993    9.31956    15.2553    13.1023    15.3434    9.64574   -40.3722    16.3746
    28.375     73.375    5.89203    3.97226    7.62618    12.2668    15.3701    20.3667    16.3296   -62.5738    9.67087
    28.375     73.625   -12.7816   -1.23493   -20.3102   -10.4311   0.430755    6.40979    5.40526   -87.8657    7.54445
    28.375     73.875    4.26648    6.59167    1.90287    3.56917   -3.30719    2.77185    7.21124   -76.4189    15.6542
    28.375     74.125    1.42757  -0.992412   0.918221  -0.517035    -14.924   -7.84096    4.40166   -82.3191    12.9703
    28.375     74.375   0.820483   -1.41119    4.12037    3.45516    1.84641    5.55648    8.13691   -78.8402     12.711
    28.375     74.625    46.7472    39.6999    53.6174    54.8918    51.8546    53.9125     26.107   -78.5967    7.07691
    28.375     74.875    36.3996    24.9739    42.9135    44.0798    41.0135    42.7681    19.5455   -78.1176    12.4251
    28.375     75.125    32.1583    20.9184    38.5039    40.0988    39.0821      40.73    28.6914   -67.8734    56.9452
    28.375     75.375    31.5924    28.3236    36.2766    37.9247     38.877    42.5032    33.9848   -67.4499    54.6893
    28.375     75.625    23.7237    7.03149    28.9222    35.3579    29.6522     35.054    12.7429   -69.1993     38.988
    28.375     75.875    62.1723    40.4974    68.2779    70.4765    65.5409    69.4031    25.0404   -63.5906    49.1713
    28.375     76.125    34.3112    19.2602     38.422    40.0644    39.5758    43.6333    12.2913   -70.3975    53.3948
    28.375     76.375    33.1739    16.2359    40.9065    46.2784    44.3647    47.9469    8.55958   -62.7538    65.0652
    28.375     76.625    55.2656    37.2135    62.0314    66.4787    65.7074    75.7402    52.5337   -85.9039    95.5239
    28.375     76.875    40.5443    16.4231    47.1818    49.6489    45.7228    51.3733    62.5067   -44.7669    77.6832
    28.375     77.125     10.868   -22.2731     14.223      13.21    3.50351    9.95633    31.6659   -65.9275    34.7051
    28.375     77.375   -3.70795   -41.8537   -10.5659   -16.1804   -19.1945   -12.1124   -4.56064   -97.5679     27.101
    28.375     77.625    23.0582   -17.4698    23.5596    20.6273    6.55025    14.4035     15.402   -65.2235    13.7156
    28.375     77.875    20.3745   -22.2705    23.9778    17.9906    -2.1372    12.5796    18.4173   -86.2712    19.2753
    28.375     78.125    66.6608    13.8391    54.6977    43.1679    32.0401    46.6881     38.036   -87.9024    56.8568
    28.375     78.375    52.5112   -9.32512    51.4307    39.6991    28.1135    47.1352    33.0557   -68.7807    61.8892
    28.375     78.625   -10.4532   -46.2348   -17.9585   -18.1006   -21.4536   -12.2368    4.75991   -55.8664   -34.7031
    28.375     78.875   0.883931   -52.2768     4.5564   -5.34411   -8.20066    8.63145    24.2917   -66.8893   -4.81176
    28.375     79.125    8.09675   -60.5443    16.9831    7.78349   -7.01598    12.5512    50.5163   -96.0723     65.615
    28.375     79.375    12.4046   -19.9162    21.6724    9.42465    2.88257    18.3169    24.5459   -63.3294    70.3276
    28.375     79.625   -42.2624   -79.5939   -31.4804   -35.0207   -44.5336   -39.9403   -29.0464   -42.5812    51.2196
    28.375     79.875   -22.0739   -52.3381   -13.5254   -18.6339   -25.3338   -17.5313   -28.3009   -44.7292    59.8124
    28.375     80.125   -14.1891   -53.6719      9.559     4.5473    -13.661   -1.28717    16.1611    -43.979    63.0389
    28.375     80.375   -13.0711   -37.9275    4.68885    2.23172   -9.95836   -2.37136    12.7162   -36.2172    57.9083
    28.375     80.625   -10.2955   -40.7442    15.0611    15.5021   -11.1066   -4.56651    19.6761   -34.3119    61.9968
    28.375     80.875   -15.0659   -55.4219    2.58771    2.02433   -17.7017   -12.3898    11.0552   -41.4332    68.6113
    28.375     81.125   -19.3413   -75.5025    2.05456    -4.1222   -16.4449   -10.5004    -10.775   -65.7602     59.798
    28.375     93.375   -70.4172   -69.7431   -58.3351   -44.1073   -50.3234   -63.5968   -42.6951    -56.159   -16.3804
    28.375     93.625   -43.1712   -43.9044   -34.0358   -22.1353   -33.5782   -46.6378   -18.8769   -33.6509   -23.7818
    28.375     93.875   -12.4899   -11.8997   -8.46134   -0.19063   -7.78516   -16.0297    18.6329    17.4453   -3.27304
    28.375     94.125   -13.1967   -9.38336   -10.4493  -0.136152   -11.3675    -20.379    28.7231    30.4734    17.4627
    28.375     94.375   -10.3572   -4.73477   -10.0624  -0.318265    -7.5825   -15.1135    14.2135    31.8511    4.62903
    28.375     94.625   -14.6363    -9.3566   -12.0956   -4.25711   -9.06009   -13.5777  -0.272634     7.2479 -0.0229973
    28.375     94.875   -18.3985   -6.30039   -12.9776   0.159231   -7.40961   -15.1353  -0.425087   -4.70463    2.28904
    28.375     95.125   -32.9653   -21.2563    -22.178   -8.12817   -13.4644   -19.6835   -3.95712   -33.0301    11.0969
    28.375     95.375   -26.1875   -18.6827   -12.5232   -2.60706   -8.27365   -14.5344  0.0196174   -31.7179    16.1565
    28.375     95.625   -7.87268   -7.69814   -1.73704    7.28799  -0.350326   -2.71682     15.432   -10.0677    34.1698
    28.375     95.875   -18.6706   -20.9612   -10.6327   -5.81168    -8.2345   -9.49293   0.210855   -24.7251    20.1255
    28.375     96.125   -49.2418   -52.9497   -41.5696   -38.3174   -43.9831    -50.354   -35.3058   -23.0067   -17.4181
    28.375     96.625   -6.42516   -7.64465   -1.86318 -0.0268114   -6.18312   -13.4903    6.87824    45.5323    12.5158
    28.125     72.125   -12.8587   -26.9747   -4.94477   -3.30756   -4.15581   -1.78127    1.65722   -59.7737    10.8273
    28.125     72.375  -0.637528   -24.3943  -0.470663    1.49596    0.53307   0.682582    6.17821   -52.3705   -4.75824
    28.125     72.625    6.86568   -22.5604    4.75472    8.45022    5.47854    2.73912    5.62761   -60.9663     4.1149
    28.125     72.875    11.3833   -18.0228     8.1913    14.6406     10.908    9.72231    5.61079   -67.5668    16.1509
    28.125     73.125    46.8382    38.3145    48.6478    53.2047    50.8151    52.0154    51.1632   -8.57803    26.3627
    28.125     73.375    53.3043    53.2988    54.5811    58.5699    58.3521    60.4532    63.6648    -8.0138    30.9813
    28.125     73.625     39.181    45.8252    35.3352    42.9438    48.1433    55.4936    37.2676   -83.5545    18.8818
    28.125     73.875    5.76822    5.89026     1.5151    2.04889     7.2078    14.7149    5.06043   -69.9227    14.5884
    28.125     74.125    2.21034   -5.59538    4.82229    3.77905  -0.265005    5.31449    6.22958   -78.7568    15.3182
    28.125     74.375    14.3572    7.53984    22.4491     25.488    18.4461    17.0014    12.2524   -75.8946    25.4341
    28.125     74.625    61.2534    53.0317    66.7243    66.1747    62.3242    62.8727    39.5141   -76.0843    33.1921
    28.125     74.875    52.6224    44.0216    58.9101    60.3023    60.1644    60.8207    28.4737   -73.4452    30.2861
    28.125     75.125    10.9665    10.0832    15.7868    19.0685    18.6391     23.384    20.0609   -57.1607    23.6263
    28.125     75.375    56.4897    49.5788    59.5213    59.6914    58.7797    64.3877    48.7936   -76.7562    35.5036
    28.125     75.625    10.6266   -10.2906    16.0913    25.1754    11.3942    14.2021    5.80287   -79.2204    45.6386
    28.125     75.875    60.2986     31.596    67.5225    73.2346    68.2044     73.382    52.6653   -77.9225    68.4459
    28.125     76.125    55.1229    42.7154    56.1841    58.7851    58.5424    65.8646    60.2984   -57.8195    66.6723
    28.125     76.375    63.4854    39.1728    65.7775    68.4636    63.6024    67.5649    60.4594   -40.8314    74.9433
    28.125     76.625    65.9246    45.8698    71.3894    72.7557    67.8884     71.629    72.0014   -75.4208    69.6033
    28.125     76.875    64.5798    44.3476    68.9295    73.1487    70.0789     75.236     58.816   -60.7454    61.8525
    28.125     77.125    24.0474   -22.5278    26.1593     29.594    12.3825    19.5396    23.6735   -87.7532    58.4884
    28.125     77.375   0.353822   -36.7469    3.60916    4.26697    -6.0584    1.08381    24.0476   -90.7912    7.29194
    28.125     77.625    10.6899   -29.1282    11.5049    7.75336   -6.06048   -1.66606    23.4552       -100   -21.0665
    28.125     77.875     39.384   -5.69296     42.487    35.0952     11.902    29.5995    34.0105       -100    18.5217
    28.125     78.125    82.9182    36.1381    67.1693    49.9094    26.2277    44.3603    66.0613   -71.8367     52.235
    28.125     78.375    60.7976   -2.86109    48.8001    28.9416    10.8228    36.4504    52.0249   -52.5402    43.1086
    28.125     78.625    13.3259   -20.7491    8.98022   -1.04539    -2.5245    9.16077    40.2963   -48.0675   -43.2672
    28.125     78.875    30.1948   -29.2562    35.7013    19.5227    4.04669    22.6071    34.0288   -96.3622    40.6122
    28.125     79.125    15.6717   -46.6215    10.5225   -3.38415   -6.09336    11.7576    59.5781   -86.5399    73.9392
    28.125     79.375   -35.7728   -63.4565   -33.8386   -37.1618   -41.3392   -39.4741   -4.68338   -55.4276   -24.3741
    28.125     79.625   -62.2476   -98.9584   -47.2947   -46.6474   -50.8268   -48.0221   -5.11276   -64.2613   -17.5058
    28.125     79.875    2.92109   -39.4613    11.0205   -4.34845    -12.175  -0.679663    15.4428   -51.5869    41.5717
    28.125     80.125   -1.51554   -45.3338    23.6644    15.4103   -8.41624    6.80802    35.8302   -60.3248    52.0306
    28.125     80.375   -8.22614   -41.0879    14.2926    10.4071   -9.78807   -1.89685    28.5813    -48.875    59.8533
    28.125     80.625   -9.49973   -41.6358    6.83505  -0.209459   -12.0636   -5.47688    18.4456    -40.392     59.795
    28.125     80.875   -17.2137   -63.6294   -1.76401   -2.80367   -19.4724    -13.512   0.975894   -32.8995    56.4444
    28.125     81.125   -32.9929   -98.0866   -19.8606   -22.4007   -30.5643   -29.7799   -15.7737   -64.5697    43.4364
    28.125     81.375   -7.15412   -69.4021    8.45147    9.54645    -2.1123    1.79013  -0.128115   -71.2405    47.3579
    28.125     92.875   -45.2444   -26.3407   -38.4748   -17.0018   -7.42356   -33.0235   -33.0102    12.9241   -8.71226
    28.125     93.125   -87.1572   -85.2385   -71.7631   -56.2536   -59.8315   -73.2757   -64.8146   -55.0436   -26.2054
    28.125     93.375   -79.1667   -83.3554   -66.4791   -57.9143   -65.0482   -74.2773   -66.4763   -46.7007   -27.9825
    28.125     93.625   -78.4007   -82.8597   -63.9593   -55.6301   -63.5154   -73.1591   -62.8796   -28.6879   -34.7391
    28.125     93.875   -93.9475   -94.2106   -80.8237   -68.9555   -78.3651   -87.9214   -67.0614    33.4676   -25.8711
    28.125     94.125   -92.6764   -92.1778   -80.0019   -66.7274   -76.2801    -87.034   -57.8931    34.8071   -18.1271
    28.125     94.375   -44.8587   -39.6343   -38.6684   -25.2995   -30.8131   -38.4416   -21.7447     35.942   -13.1771
    28.125     94.625   -40.6157    -43.448   -38.4577   -30.8871   -31.9692   -35.3852   -30.5023    14.4893   -39.6947
    28.125     94.875   -22.0357   -12.9101   -13.8028   -2.23629   -12.1398   -20.8892     -9.464    12.7932    1.90291
    28.125     95.125   -28.3567   -19.8222   -13.7351    3.05984   -3.94134    -11.116    10.0794   -51.3745    23.3907
    28.125     95.375   -42.7431    -51.591   -18.4335   -0.75108   -7.28805   -16.9376    6.55822    -66.177    23.6625
    28.125     95.625   -86.4053   -96.3515   -62.9122   -47.8254   -57.6699   -68.9903   -34.2793   -59.9373    11.1118
    28.125     95.875   -83.3962   -91.5175   -68.0367   -60.6252   -70.8762   -78.3061   -39.3171   -43.1328   -3.03955
    28.125     96.125   -39.4547   -45.0122    -33.545   -31.6521   -36.4649   -40.1703   -24.4486   -13.8739   -12.2302
    28.125     96.375   -19.0477   -24.0425   -13.4277   -12.3326   -20.6513   -26.6308    1.33396    54.2762    18.3398
    28.125     96.625   -7.79225   -12.2129   -1.29792    1.18447   -5.87092   -13.9144    10.8559    24.4979    16.6521
    28.125     96.875   -3.32395   -2.79054   0.740186    1.97543   -5.93648   -12.7964    15.2208    50.9875    21.8224
    28.125     97.125    21.2649    23.9657    24.3004    25.1065    18.7896    11.4728    32.8913    64.7595    27.0535
    27.875     70.375    3.26455   -16.1676   -2.69643   0.110466   0.522223  -0.375499    4.29062   -31.6634    5.18224
    27.875     71.875   -19.3031   -44.5177   -6.94541   -3.26365   -5.20847   -4.09913      5.797   -69.4611    22.9288
    27.875     72.125   -13.9158   -32.4469    -3.6584  -0.631682   -1.41441   -1.10592    3.11752   -65.3104    21.6102
    27.875     72.375   -15.6514   -25.6536   -10.2312   -5.12751   -8.41209   -8.78759    1.51192   -73.9305    21.8966
    27.875     72.625    6.64368   -23.1776    4.86502    8.57199   0.207132   -9.23461   -8.95538   -90.8637     17.903
    27.875     72.875    4.59956   -24.6023    4.15012    7.99218   -3.31892   -13.7507   -3.65957   -86.2737    15.7149
    27.875     73.125    7.74791   -25.2412    4.96114    9.63469   -2.19582   -13.9152   -25.7059   -88.0699    17.3019
    27.875     73.375    13.0833   -10.6891    13.5621    22.2209    14.0912    12.6232    18.5281   -92.6317    26.7324
    27.875     73.625    54.9005    58.9499    51.2685    57.5409     58.846    62.5359    46.8153   -91.4161    21.4728
    27.875     73.875    47.8185    48.7866    41.4368    43.5649    48.3397    55.3222    39.1759    -71.878    19.4615
    27.875     74.125    34.5507    21.8056    41.9337     42.066    36.0442    41.9101    7.19117   -85.5354    33.8265
    27.875     74.375    49.0327    41.8713    57.2562    59.7538    51.9521    49.3782    44.5756   -69.4284      34.01
    27.875     74.625    37.9029    24.1007    42.7587    46.1954    40.7771    39.4809     9.0083   -40.6559    64.3338
    27.875     74.875    25.1046    6.43163    30.0686    34.9762    32.3141    32.0898    4.44271   -79.1253    37.4736
    27.875     75.125    10.3613    5.94646    13.9048    21.1938     23.103    28.1878    11.8859   -59.0446    16.4681
    27.875     75.375    38.1302    24.1727    44.5668    48.6762    48.4615    52.0046    31.4214   -60.6707    19.9765
    27.875     75.625    30.7771    13.8281    37.3715    43.6882    43.7482    44.9188    24.9224   -60.2346    20.3386
    27.875     75.875    58.4291     22.581    66.0869    73.1807    75.2861    80.2736    33.9956   -80.8756    60.4272
    27.875     76.125    37.8014    18.0161    39.8856     41.502    38.2458    43.0742    34.2959   -57.4192    7.00939
    27.875     76.375      49.24    30.4853    50.3597    56.0516    52.1483     55.694    57.5667   -55.2103    58.3037
    27.875     76.625    12.6798    -5.3317     13.145    14.4213    11.8838    14.2704      11.38   -75.5638    10.1805
    27.875     76.875     40.933   -6.29571    45.3017    43.0466    22.6887    28.0545    56.3832   -56.5886    63.3307
    27.875     77.125    32.9215   -7.09146    35.6057    37.6107    15.8329    24.1019    35.5082   -80.0917    52.8792
    27.875     77.375   -4.06376   -33.6203    1.21665 -0.00182513   -11.7448   -6.53017     7.8303   -58.0632    5.60872
    27.875     77.625   -40.2077    -89.009   -28.9026   -26.6522   -40.8027   -37.8866   -39.8479       -100    3.36334
    27.875     77.875    46.5714   -14.1452     62.911    60.2174      11.51    25.7196     36.572       -100    38.8295
    27.875     78.125    67.7417    2.19286    68.5062    53.2166     18.988    39.7806    59.9263       -100    49.0631
    27.875     78.375       36.2   -15.7459    34.4007    16.1268   -4.49012    12.7501    32.0523   -44.8729    56.3452
    27.875     78.625     31.588   -37.4939      33.73    29.0067   -10.0996    5.97255    41.8025   -87.2488     26.381
    27.875     78.875    23.0798   -48.5704    28.6026    32.9821   -8.48428    3.08247    39.8782   -76.1263     18.851
    27.875     79.125    4.97431   -38.5717    3.95388   -7.14475   -15.1715   -8.47937    11.7378   -48.7441    12.2101
    27.875     79.375   -15.5107   -56.2876   -14.8593   -19.2033   -21.4559   -11.8312   -19.5453   -58.1428    10.7552
    27.875     79.625   -24.0584   -90.9627   -13.9002   -19.3345    -32.771   -18.7486    7.27557   -98.0979    39.7152
    27.875     79.875    21.1263   -16.8196    46.0256    36.4931   -4.45853    10.2998    12.8448   -29.5289    29.0605
    27.875     80.125    8.07514   -45.7833    40.4741    20.7079    -10.222    5.88746    13.7417   -58.5891    34.5493
    27.875     80.375  -0.701391   -41.7183    20.5551    3.59683   -7.38783    1.17871    16.9999   -45.3565    34.1332
    27.875     80.625   -20.7965   -68.2315   -15.7376   -25.9924   -27.7144   -23.0195   -6.35345   -38.0692    31.0736
    27.875     80.875   -47.9354   -98.1294   -45.5099   -52.0611   -54.3311   -53.9235   -24.7444   -46.4116     30.465
    27.875     81.125   -9.42306    -69.575    3.99441   0.837214    -8.1173   -7.39003   -15.2371   -63.4457    24.1985
    27.875     81.375   -9.68185   -67.6542    10.7236     12.427   0.551936    2.24141   -0.82173   -62.5697    33.1294
    27.875     81.625   -9.61013    -62.381    5.30176    5.94209   -4.03943  0.0453008    6.07018   -57.4877     39.116
    27.875     88.375     29.821    10.4227    66.1316    72.4752     12.806   -21.6068    8.03828    4.96928    19.6769
    27.875     88.625    28.6127   -1.59567     73.407    93.9147    34.4796   -13.5543  -0.434373    33.7098    29.2908
    27.875     92.875   -49.0408   -29.9253   -43.9346   -24.2726   -20.0771    -42.603   -34.1708     19.956   -15.3558
    27.875     93.125   -76.5971   -75.0844   -62.9129   -52.7254   -59.5544   -67.4074   -59.1836   -47.9384   -27.2764
    27.875     93.375    -75.866   -77.8511   -58.1372   -47.1574   -54.3059   -63.5111   -64.0418   -52.1135   -32.9051
    27.875     93.625   -80.2262    -79.121    -63.831   -54.6091    -64.898   -73.2508   -69.4855   -21.3274   -26.1331
    27.875     93.875   -88.3688   -91.4545   -73.5317   -68.4986   -80.2293   -90.3299   -73.2632   -18.1878   -11.4776
    27.875     94.125   -74.6682   -73.2791   -54.7059   -38.9193   -56.2456   -71.1962   -34.0866    6.21954    -16.454
    27.875     94.375   -60.9075   -52.4558   -52.1263   -34.1004   -47.5788   -60.0942   -22.3881    25.3061   -26.9722
    27.875     94.625    -44.846   -33.0211   -37.5641   -20.8683   -32.5371   -40.4989   -20.3351    27.3965   -9.97694
    27.875     94.875   -19.8289   -8.99757   -10.3325    2.18898   -12.0247   -19.5054   -7.52549    15.6133    4.83599
    27.875     95.125    -18.196   -16.6049   -5.92313    12.0923   -2.38976   -9.03356    16.7738   -56.9219    18.1946
    27.875     95.375   -63.7961   -80.2962   -35.2299   -9.37659   -12.9839   -35.2493   -12.4392   -60.3856    22.0393
    27.875     95.625   -54.3961   -64.7594   -36.0805   -19.4957   -26.1249   -43.0099   -19.7358   -30.8579    7.45824
    27.875     95.875   -84.1535   -95.7448   -68.3203   -56.7001   -64.7638    -77.238   -45.0985   -34.1388   -28.8932
    27.875     96.125   -29.1182   -37.3649   -22.6171   -18.7322   -22.3147   -27.4803   -16.4007   -10.1209   -17.2755
    27.875     96.375   -35.8333   -44.6307   -29.0548   -27.3521   -33.3605   -40.0336   -16.4008    10.2224    -2.1204
    27.875     96.625   -10.4905   -14.9186   -5.29089   -4.22078   -10.7912   -14.6667    14.4632    69.4563    31.6757
    27.875     96.875   -18.4054   -19.2738   -11.0938   -8.15808   -16.1537   -26.3079    1.40009    14.5206    1.94521
    27.875     97.125    3.92802    5.53595    10.0607     12.827    6.64478   0.710366    26.2751    21.5845    18.1774
    27.625     70.125    3.24623   -16.7558  -0.966815   0.656163    1.06919    0.42067    6.45155   -36.7751    4.19916
    27.625     70.375    2.72699   -19.3709   -1.70514   0.735864    1.05765   0.269461    7.21969    -32.176    4.96679
    27.625     70.625    2.17532   -12.5919   -9.39207   -2.34767   -10.8925   -11.8224    1.97249   -30.4084    15.3948
    27.625     70.875  -0.297386   -19.6128   -6.86995   0.478523   -5.45329   -4.51331     13.369   -36.4154    17.0586
    27.625     71.125   -14.8711    -47.813   -2.80307    2.65577  -0.903136    1.27654    41.6203   -62.9311     23.211
    27.625     71.375   -24.2789   -61.1044   -8.17237   0.394858   -3.37396     2.4823     34.072   -81.0795    25.1688
    27.625     71.625   -6.21244   -35.6077    2.04872    5.46705    3.87811    4.47258    16.6462    -67.224    22.6543
    27.625     71.875   -11.4436   -31.5731   -1.29035    1.32549   0.747501   0.779546    4.75053   -61.1419    22.0077
    27.625     72.125   -12.5538   -31.0037   -1.31261   0.842555   0.509624   0.617053    3.32094   -61.7026    22.5423
    27.625     72.375   -29.8846    -61.667   -11.5235   -10.5157   -12.9689   -9.27167    3.15454   -75.0761    27.7918
    27.625     72.625    6.15615   -19.1671    6.29719    9.85087    -5.5496   -20.1153    -9.8474   -91.2324     20.387
    27.625     72.875    4.78913   -19.4193    4.87863    8.19133   -6.61645   -20.3169    2.05996   -84.2093    12.0886
    27.625     73.125    4.76161   -23.3302    4.41279    8.52137   -4.73172   -21.6406    2.87662   -65.7579    9.27774
    27.625     73.375    22.4786    3.21899    25.1003    37.0848    26.0964    22.3242  -0.100651   -70.9309    13.0918
    27.625     73.625    51.4744    44.5423    49.7783     53.247    52.8025    57.8819    30.7627    -87.189    15.4267
    27.625     73.875    46.8603     35.519    27.1188    25.5165    26.5021    30.6851    16.7744   -84.1065    55.9415
    27.625     74.125    19.8793   -15.2878    16.2748    13.9183    17.8399    22.5926     35.615   -89.5711    38.0728
    27.625     74.375     16.376   -31.6605    16.6388    14.8776    19.8811     24.706    26.9005    -90.088    54.7086
    27.625     74.625    58.6718    19.2646    64.0253    58.6579    33.1513    25.8405    30.7052   -47.4157    67.8722
    27.625     74.875    41.1062    19.6534    47.7616    52.6476    51.9657     48.554    20.8319   -92.9105    31.6207
    27.625     75.125    26.6042    11.1182    31.5292    31.8815    29.2093    32.7226    16.0431   -71.9766    29.3645
    27.625     75.375    61.7982    38.5806    65.7796    69.1962    61.9335    67.4041    45.9402   -83.3095    53.6468
    27.625     75.625    52.0339    23.3375    57.2227    61.2405    55.1639    61.3484    29.2925   -84.1857    20.9131
    27.625     75.875    53.4555    24.8458    60.3664    58.3652    57.2192    63.9013     39.825   -64.8572   -1.73385
    27.625     76.125    41.2304     16.484    44.8247    41.6841    42.3468    47.2722    52.7733   -69.7999    30.1102
    27.625     76.375    29.8135    10.7655    32.5936    36.4651    36.3138    39.0543    47.6796   -75.8439    33.8659
    27.625     76.625    45.5121    4.57937    47.6175    45.9196    32.0589    43.0927    56.6008    -90.059     65.721
    27.625     76.875    69.3383    17.5627    70.6506    77.1862     58.474    72.4022    84.4962   -60.0546    64.5424
    27.625     77.125    5.42586   -38.2915    10.6112    11.2693   -3.69762    4.55856    21.0755   -58.1014    4.40204
    27.625     77.375    3.63335   -44.1789    16.3513    17.8922    3.36751    15.9593    28.5271   -82.0486    6.93386
    27.625     77.625   -2.12915   -41.9521   -3.59862   -11.7951   -31.4372   -27.4075    7.65384   -85.4277    36.2344
    27.625     77.875    28.3572   -34.8688    39.7129    34.2011    1.05825    13.8816    30.5941       -100    52.7431
    27.625     78.125    60.0979   -1.07269    56.9442    34.4357    12.3274    33.8647    81.7639   -68.5845    67.5532
    27.625     78.375    30.7144   -23.4243    48.7742    33.9847    1.61114      16.84    62.3515   -85.6162    49.6838
    27.625     78.625   -14.8939   -80.1828   -18.0845    -22.721    -34.364   -25.7232    38.8682    -84.966    9.55421
    27.625     78.875    8.03154   -37.6146     10.902    1.94465   -13.9045   -5.15464    30.4536   -47.3336   -3.50482
    27.625     79.125   -61.8364   -87.3569   -58.1352   -56.6293   -67.8301    -67.909   -40.9889   -50.5566   -3.34949
    27.625     79.375    -60.523   -86.4715   -55.9226    -57.947   -65.0542   -70.3552   -64.6343   -36.5454    2.10166
    27.625     79.625   -37.6559   -75.0847   -34.3673   -35.0097   -48.4404   -47.2022   -31.2972   -79.1666   -25.3062
    27.625     79.875    7.47388   -44.0233    32.8389    16.3489   -12.4372 -0.0144312    5.88818   -73.2127    47.8567
    27.625     80.125    -4.7551   -56.3699    12.1961   -5.42748   -18.4679   -4.94171   -23.8159   -52.4102    36.6403
    27.625     80.375   -2.14879   -57.0478    19.7744    3.00997   -7.49556  -0.724547   -13.0119   -46.2524    52.1184
    27.625     80.625   -7.47056   -48.4085    13.0622    2.64149   -12.4415   -9.96038   -17.5712   -33.7698    68.4564
    27.625     80.875   -30.2173   -96.8534   -17.5218   -24.4372   -40.0135   -39.2048   -40.5328   -68.0084    30.2547
    27.625     81.125    2.36412   -46.9201    15.9933    12.9991  -0.612675   -1.24389   -5.25498   -48.6744    24.4639
    27.625     81.375   -14.0597   -71.0287     1.4659   0.295256     -7.987   -3.64453    9.39006   -62.4878     35.639
    27.625     81.625   -15.6902    -61.076   -13.6637   -14.8494   -16.5609   -10.1907    1.66972   -39.0141    35.2886
    27.625     81.875   -12.7643   -68.4204    14.1288    14.2235   -3.67226   -12.1979    3.96039   -52.8656    39.5213
    27.625     82.125   -5.37596   -62.4045    27.1402    28.1658     6.3342   -6.70546    7.89037   -64.6888    39.8349
    27.625     82.375   -5.18649   -58.4265    19.1903    19.0588    1.52715   -7.01104    2.02516   -41.2785    48.0347
    27.625     82.625    8.66274   -35.3994    11.1377    0.34158    1.16755    6.36956    14.5936   -36.2721    45.3468
    27.625     88.375    35.3904    13.3712     66.641    71.4073    21.2536   -18.7404    4.75098    9.18264    22.3746
    27.625     88.625    54.3994     23.005    68.5269    54.9202    1.42334    -21.053     16.172    43.9486    29.8826
    27.625     91.625   -50.4938   -59.2387   -38.7623   -33.5831   -36.9513   -46.6333   -48.7449    80.3236   -52.1983
    27.625     91.875   -69.9404   -71.4473   -59.5578   -54.6874   -57.7748    -69.295   -63.1649    78.7008   -63.9744
    27.625     92.125   -40.1746   -27.2003   -38.0025   -32.8539   -34.5897   -42.6732   -32.0663    88.0832    -15.876
    27.625     92.375   -27.5537   -6.16485   -24.3243   -18.7245   -24.3081    -39.871   -22.7605    81.7712   -4.72973
    27.625     92.625   -12.7033    18.7162   -21.1462   -9.51006   -15.1345   -36.6646   -9.26003     51.882    2.57622
    27.625     92.875   -40.2706   -20.5539   -36.3759   -25.3355    -39.124   -58.3457   -24.7211    19.5849   -8.65592
    27.625     93.125   -64.1875   -65.8879   -46.4565    -35.078   -43.6615   -54.4789   -42.4444   -39.4408    -15.727
    27.625     93.375   -70.1853   -62.8866    -54.016      -40.9   -47.3548   -53.7677    -50.559   -42.8686   -20.8259
    27.625     93.625   -51.3201   -41.5761   -35.5696   -24.7184   -32.5852   -39.3571   -40.6324   -26.6436   -16.6777
    27.625     93.875   -65.0002   -59.9986   -41.4607   -29.7049   -43.8135   -56.8038   -49.4211   -10.3716   -5.68101
    27.625     94.125    -21.823    -12.672    -11.827   -1.42696   -16.7796   -31.7386   -5.39357    3.39954    -8.7149
    27.625     94.375   -1.49507   -1.15208   -7.44159     3.5807   -16.7911   -34.7652    17.4077     8.8318   -38.6733
    27.625     94.625   -24.2014   -22.0896   -25.6242    -10.545    -24.734   -38.3408   -9.27081    29.5384   -31.6439
    27.625     94.875   -45.7499   -38.4374   -32.7915    -9.4825   -17.5645   -37.8073   -10.0962    8.88089   -17.1858
    27.625     95.125   -75.6518   -74.2459   -54.1894   -14.5346   -14.0154   -44.5168   -12.9843   -9.29824   -24.8496
    27.625     95.375   -35.7454   -43.2796   -22.5219   -9.05399   -24.8698   -41.8896   -15.4393    -8.1622   -28.0814
    27.625     95.625   -46.7739   -59.4552   -26.2806   -9.55242   -27.4689   -43.9137   -12.9037   -8.67305   -21.1975
    27.625     95.875   -39.5334   -58.6184   -21.6804   -5.13635   -17.7595   -29.7983   -5.57836   -26.8863   -35.3567
    27.625     96.125    -62.165   -80.8602   -49.7479   -42.6538   -53.9237    -61.637    -36.436   -39.5761   -50.1848
    27.625     96.375   -9.84993   -15.3116   -5.90079    -4.3694   -8.95942   -11.7269    10.4538    6.71945    7.87426
    27.625     96.625    11.6098    7.11893    17.6266     18.797    11.2016    9.20392    36.2987    67.7454    42.7085
    27.625     96.875    29.2112    30.7974    32.7499    34.0406     29.161    28.4608    49.9996    67.4427    55.5206
    27.375     70.125     3.1177   -17.9196  -0.347307   0.908466    1.35537   0.689989    7.43389   -37.9031    3.43015
    27.375     70.375    13.8292    2.97688    10.0486    11.1435    11.7454    11.8664    23.6492   0.652315   -4.91064
    27.375     70.625    16.8864    3.66097    14.8231    17.2228    17.2679    17.1494    35.1232    6.09468  -0.866286
    27.375     70.875    19.9359    5.75189    23.3419    27.4946    24.8745    25.6889    43.0233    1.84184    19.7923
    27.375     71.125   -18.4134   -55.4669   0.915459    4.59569   -6.71378   -3.92405    41.0426   -69.6391    22.3735
    27.375     71.375    -5.8067   -41.6462    3.58683    8.88611    8.35394    11.0453    31.9681   -72.2243    25.5438
    27.375     71.625   0.755006   -28.4022    6.30709    11.5412    9.84628    11.1906    22.2717    -62.675    24.1999
    27.375     71.875   -12.1829   -31.4124   -2.06648    0.80887   0.271651    0.25611    4.02682   -59.8244    21.7407
    27.375     72.125   -28.7881   -53.8045   -14.0351    -12.142   -13.8839    -12.671    1.13976   -77.6065    24.6468
    27.375     72.375   -22.5618   -72.9073   -5.10497   -5.66766   -14.7064    -9.9546    4.67242   -70.3226    28.9669
    27.375     72.625   -30.6567   -38.2955   -14.4563   -15.4653   -17.4081   -13.1831     10.683   -53.5907    25.7763
    27.375     72.875    9.01517    -19.354     6.6829    12.1884    2.86266   -5.57527    3.70112   -87.2436    14.2723
    27.375     73.125    21.8684    5.77281    24.0787    29.0147    21.9085    18.5135    1.30964   -62.9495    4.83383
    27.375     73.375    24.9237     8.8486    26.8451    29.9221    23.2616    24.8875  -0.189409   -72.6931    3.06982
    27.375     73.625    31.9277    12.1248    35.0472    36.0635    29.8088    32.9616    3.60456   -79.5376    3.56444
    27.375     73.875    30.6057   -27.4373    28.2781    24.6765    22.9474    29.5794     6.3744   -81.7849    46.8516
    27.375     74.125     14.323   -36.8576    11.9121    12.4871     20.865    27.3741    32.0415   -83.6432    45.8044
    27.375     74.375    17.4306   -32.7503    18.5959    21.0854     20.051     26.732    61.3735   -89.6775    50.0572
    27.375     74.625     57.307    26.2507    59.3011    59.0339    31.8329    25.3015    72.7242    -85.334    55.7741
    27.375     74.875    64.6899    32.9547    68.1163    70.0292    34.6329     23.339    52.6889   -87.2963     53.206
    27.375     75.125      37.28    5.19467    30.3539     20.943    4.47155    15.5957    57.6847   -98.6117    90.2542
    27.375     75.375    39.6159   -2.72704    54.9072    51.3268    31.8189    41.0276    56.4177    -79.379    80.5515
    27.375     75.625    83.7541    29.0809    81.7425    81.1856     63.477    61.6402    52.6402   -74.2582    83.0524
    27.375     75.875    72.5805    32.3938    77.0574    80.7844    76.0417    78.1624    47.2523   -64.1299    40.0875
    27.375     76.125      45.36    20.1868    49.1109    49.8194    46.8157     50.883    64.5735   -74.3325   -1.46158
    27.375     76.375    35.5451    10.4008    29.5063    34.9289    21.4387    28.3992    47.8753   -69.4298    91.0309
    27.375     76.625    42.3835   0.152744    37.7907     40.756    27.7382    36.7979    54.1142   -88.9479    28.5995
    27.375     76.875     48.297    8.37804    49.6541    56.7777    33.6772    42.7674    60.9617   -79.4192    55.2605
    27.375     77.125     54.058     16.778    54.9412    59.1234    31.9173    45.2071    59.9682   -36.4064    51.8417
    27.375     77.375    4.40346   -22.5106    6.83547    9.65743   -1.98096    12.4974    37.2499   -47.3368    22.0837
    27.375     77.625    52.2062   -5.32035    48.0843    46.7738    18.5914    27.7908    63.2483   -79.1369    44.6819
    27.375     77.875    49.3622    5.12796     45.499    39.9628      21.21    33.1562    68.1013   -88.6328    49.2259
    27.375     78.125    50.3326     7.8417     50.627     40.637    19.1146    35.3781    75.5483   -98.1678    62.6121
    27.375     78.375    19.0822   -13.2603    32.9583    40.3818     6.1975    12.1852    62.1574   -69.4086    65.8985
    27.375     78.625    8.94812   -25.6636    8.70057    6.78442   -3.02004    4.99933    46.6653   -62.4154    27.3264
    27.375     78.875    32.5869   -10.0793    40.6155     29.997    19.4752    30.5418    43.5682   -72.7586    19.9908
    27.375     79.125   -35.4237   -52.1993   -28.3904   -28.1379   -37.7158   -33.0793   -4.66989   -35.5725   -9.59427
    27.375     79.375   -42.4176    -74.304   -33.3825   -32.2008   -39.5013   -33.9797   -50.5476   -31.3852   -26.9131
    27.375     79.625   -31.7106   -71.6852   -31.6094   -35.3278   -45.8517   -43.3737   -30.3234   -94.6904   -24.3969
    27.375     79.875     27.695   -23.9403    28.5964    12.6469   -10.7275     2.4792    6.64983   -79.6899    52.9037
    27.375     80.125   -47.6395   -84.5558   -44.1978   -41.0366   -48.9807     -41.01   -61.6679   -68.4253    31.2873
    27.375     80.375   -51.8719   -89.5375   -45.4039   -45.7543   -52.0951    -48.071   -49.0106   -29.1364    32.2767
    27.375     80.625   -26.3282   -81.8661   -21.7042   -20.9258   -28.8937   -27.9298   -21.5557   -79.5159   -13.0681
    27.375     80.875   -52.0155   -97.6394     -45.03     -43.49   -55.9436     -58.99   -44.4246   -59.0052    12.2116
    27.375     81.125    4.16148   -48.9264     26.447    28.2237   -1.06895   -6.45975     5.8328    -46.902     42.683
    27.375     81.375    2.72121   -52.9747    29.6681    26.2112   0.349581   -6.26334    6.87991   -51.6039    42.4061
    27.375     81.625   -53.8789   -98.4354   -49.9676   -47.8756    -52.818   -55.4034   -56.6153   -30.6972    32.4522
    27.375     81.875   -11.0758   -54.8536    1.23092   -3.91983   -8.34778   -7.57226    20.7066   -32.8738    30.0274
    27.375     82.125    8.18489   -30.4902    42.7036    40.7362    14.9022   -3.73944    9.37932   -43.3066    40.7805
    27.375     82.375   -3.20686   -61.1704    19.8903    20.0432    1.74434   -7.99321    -8.7713   -57.0068     46.516
    27.375     82.625    5.05369   -38.9096     6.5456  -0.873976    1.11764    7.86303    13.4354   -32.9497    44.4347
    27.375     82.875    1.16778   -54.4257    4.83586   -1.60412   -3.72979   -2.77665    -11.484   -33.4929    40.2122
    27.375     83.125   0.683565   -42.6177    7.68391   0.924773   -3.89634   -6.81351   -17.2305    13.0861    28.3097
    27.375     83.625   -1.43563   -35.0936    13.4983    18.8367    5.95243  -0.834312    5.55866    21.4683    32.1992
    27.375     84.125   -10.0109   -39.8836    1.21191    5.49932    4.08494     4.6417   -4.24347    36.7585    43.9184
    27.375     84.375   -11.3296   -37.1555     6.8752    14.8754    9.80824    8.50901   -8.99717    36.1916     41.196
    27.375     88.125    67.3435    55.3067    83.2268        100     42.301    7.18705    56.8513   -1.83873    34.3479
    27.375     88.375    72.4537    41.9805    85.1575    75.5188    40.2101     14.281    48.4662    6.86785    49.1897
    27.375     88.625    46.2502    13.3656    66.5004    52.2444    21.8895   -3.95596    28.3213    35.4567     39.357
    27.375     92.125   -79.2516   -65.2441   -73.9482   -71.2014   -75.0473    -83.379   -68.8874    78.7743   -50.0473
    27.375     92.375   -19.2042    2.35014   -25.8497   -25.6126   -28.7906   -36.3879   -14.9485    85.8918   0.346021
    27.375     92.625   -2.20091    30.7564   -11.1459   -11.0209   -16.5527    -25.826   -2.40317    80.6045    23.2351
    27.375     92.875   -32.8861   -18.9406   -33.3889   -28.6449   -44.7295   -61.5111   -28.6422    31.0463   -2.06028
    27.375     93.125   -88.6948   -92.5661   -67.8305   -55.3725   -66.3923   -78.1725   -60.8023   -65.1073   -10.8246
    27.375     93.375   -79.0751   -78.3185   -60.0767    -48.511   -54.3316   -62.1194    -59.317   -90.6013   -7.25859
    27.375     93.625   -9.07376    15.9464    -3.3137    17.3386   -3.43933   -9.49512    36.8475   -17.8485   -5.01314
    27.375     93.875    5.65872    38.8681    30.1291    50.5211    10.3676   -8.03847    52.3473   -11.2904   -3.97839
    27.375     94.125    74.3727    91.2123     78.875    90.4159    61.3134    32.0961    80.5878   -57.3375   -67.5887
    27.375     94.375    15.2942    7.49946    1.56582    21.6486  -0.890883   -20.2518  0.0961855    8.26788   -34.2614
    27.375     94.625    25.1838    6.56114    12.6548     32.548    13.6483   -5.59375    19.8903     41.997   -4.28117
    27.375     94.875   -2.54118   -5.29242    -1.7156    14.7954    4.97434   -5.03273    27.0865    21.9373  -0.216693
    27.375     95.125   -5.62468   -4.47248    1.53153    31.4405   -2.93862   -16.8888    9.22966   -3.34617   -21.8626
    27.375     95.375  -0.102111   -0.85686    13.1499    34.2057   -3.39087    -17.231    5.78065    3.71776   -31.1582
    27.375     95.625   -18.6389   -28.3463   -5.35311    5.75542   -14.5966   -25.8836     10.127   -21.9773   -59.4437
    27.375     95.875   -19.7826   -32.9763    -1.8294    12.3661   -7.18304   -21.8527    9.93281   -17.6551   -50.2899
    27.375     96.125   -50.7768   -67.7682   -35.9255   -27.3662   -45.3196   -60.6364   -21.9529   -34.2729     -60.77
    27.375     96.375    -20.002   -24.4657   -15.5038   -13.3412   -19.9366   -24.1337   -4.64764   -12.1256   -8.14836
    27.375     96.625    8.72486    6.00402     14.152    16.3927    10.6067    7.57678    29.6493    6.03319     20.884
    27.375     96.875   -12.6402   -11.9738   -6.78009   -4.30845   -10.5534   -13.9942    12.5778    7.22594    21.6564
    27.125     69.875    1.31673    -21.008   -3.40368  -0.351378   -0.63094   -2.22756    8.74774   -38.9999    3.09971
    27.125     70.125    2.40164   -11.6729   -9.31244   -6.53334   -7.64176   -8.73258    1.95956    -30.191    9.57194
    27.125     70.375    2.96212   -11.2955   -7.77709   -5.17525   -5.06163   -6.30996   0.849103   -31.0526    8.41684
    27.125     70.625    5.07006    -6.5351    7.80667    12.3192    8.14698    10.9468    28.8754   -13.7124    18.0046
    27.125     70.875    17.4722   0.691712    22.6624    27.2568    21.7606    23.1326    41.3609   -2.14316    42.5235
    27.125     71.125    29.8773    11.4817    38.2028    43.4866    39.4531    41.2423    64.1668   -1.12394    47.5216
    27.125     71.375   -3.75019   -41.7551    6.06832    12.4366    8.56276    12.5994    41.2593   -68.9939    20.8528
    27.125     71.625    2.62959    -35.175    10.3862    16.5868    12.9611    15.4547    28.4215    -66.642    23.8023
    27.125     71.875   -14.5014   -53.3503   0.929695   0.415552   -6.97799    -2.7002    13.6381   -61.4711    29.6492
    27.125     72.125   -8.60378    -55.251    3.35529   -14.9954   -23.7303   -20.0256    17.8313    -47.174     43.088
    27.125     72.375   -14.3631   -67.2302    4.12198   0.958657   -13.5957   -19.3075    12.4916   -54.7995    38.1821
    27.125     72.625   -3.06009   -41.3328    9.54072    6.77552   -12.9738   -8.19299     26.498   -65.5013    20.0617
    27.125     72.875    31.1899    16.9126    37.2491    46.0999    39.6941    38.2356    16.8606   -76.8482    7.56276
    27.125     73.125    40.0264    25.6342     43.594    44.4959    37.7299     40.799     7.6756   -79.0364    6.58921
    27.125     73.375    37.6546    20.3838    40.9154    40.8522    33.6685    36.9035    3.93938    -79.195    5.06628
    27.125     73.625    42.1039    21.9732    43.6174     41.851     34.775    36.8767      13.09    -59.045    8.76534
    27.125     73.875     36.366   -28.1081    36.9274    29.2782    22.0992    29.2959  -0.823264   -76.2316    52.6364
    27.125     74.125    35.9416   -23.9677    36.4743    30.2701    23.9026    31.1916    18.9326   -80.4275    55.9006
    27.125     74.375    18.9438   -32.8511    18.7893    19.0312    17.2904     22.479    40.4765   -80.5692    56.9667
    27.125     74.625    14.8903   -30.0333    26.8194    28.6001     19.112    20.8433    31.8031   -76.3379    63.1227
    27.125     74.875    25.2381    3.60337    24.1716    23.5471    24.3349    24.0463    33.4028   -58.2366    39.7825
    27.125     75.125    37.8038    21.8696    13.2725    11.9286     14.149    27.7404    37.8409   -44.3918    91.0554
    27.125     75.375    46.4811   -8.73777    60.3974    66.3043    60.5612    56.2944    61.3764   -82.9558    72.3308
    27.125     75.625    71.0034    18.2938    70.0618    71.7931    58.4514    57.2846    54.1449   -86.5636    60.3459
    27.125     75.875    69.6757    13.6245    75.4475    78.0179    49.8653    49.3822    62.0575   -95.5735     50.795
    27.125     76.125    43.6841   -8.86243    43.0995    48.4923    39.0607    36.4059    76.6413   -88.0422    7.94643
    27.125     76.375    72.2949    28.6485    64.9644    67.0151    37.9379    36.5005    79.6489   -73.0981    16.2473
    27.125     76.625    33.1084    9.53264    34.3811    37.3566     34.297    44.1309    75.6183   -85.6817    8.65514
    27.125     76.875      12.85   -24.7448     15.711    19.5637    13.4264     17.514    8.40362   -48.3355   -6.77444
    27.125     77.125    63.1312     2.0666    64.7689    66.4183    34.4553    43.0236     91.088   -51.1273    26.6119
    27.125     77.375    34.7399   -17.0116    29.8458    26.7286    8.60989    14.9863    57.3716    -35.257    19.0942
    27.125     77.625    45.6962    1.94219    41.3397    38.2937     26.292    37.3271    39.6131   -90.0324    27.5559
    27.125     77.875 -0.00192319   -29.4152    10.0285    14.5625    5.79452    16.5103    65.3656       -100    47.7729
    27.125     78.125    40.5391   -22.8077    42.5837    29.9513    16.4221    30.2186     67.666   -97.2064    47.5537
    27.125     78.375    40.2162   -22.5445     47.743    50.6582    27.8386    46.1207    75.7801   -58.0923    40.0508
    27.125     78.625   -19.0201   -68.4518   -17.7493   -18.6636   -33.9191   -26.1965    24.3958   -51.0649    24.4954
    27.125     78.875     16.867    -33.088    22.8849    18.9376   -12.2903   -2.36488    28.6004   -28.4368    19.7321
    27.125     79.125     45.648    -14.028    51.6743     44.642    14.2161    25.4599    23.0524   -44.9622    9.00559
    27.125     79.375   -10.6711    -47.178   -9.39042   -12.3551   -21.4437   -13.4492   -27.2293   -29.7857   -7.57681
    27.125     79.625    1.66036   -39.3648    11.2523    10.2491   -6.07783    7.90407    14.0973   -58.7464   -15.4866
    27.125     79.875    19.9152   -36.8912    33.8572    23.7883    1.28312    16.1947    20.2072   -90.0247    30.4884
    27.125     80.125    11.6088    -46.395    14.3796    9.10733   -6.42189     4.2513    -20.553   -90.6758    34.4863
    27.125     80.375    12.6953   -32.7397    30.7161    21.2578     -2.059     8.3453      25.37   -30.2048    55.1051
    27.125     80.625   -7.10171   -61.5154    8.41455    3.71989   -17.4311   -11.3998    2.07387   -43.1329    41.9586
    27.125     80.875    26.1711    -40.366    51.7112    47.6863    22.8422     28.903    29.2376   -51.8576    33.4956
    27.125     81.125    7.29527   -33.4136    16.2025    19.7071    4.09007    5.05331    4.77846   -35.1774    41.3756
    27.125     81.375    6.37008   -47.7153      14.02    9.73034    2.74393    4.89811   -12.8335   -68.7718    30.3974
    27.125     81.625   -2.27595   -50.9564   0.907453   -8.47537   -10.1768   -6.60452    2.23465   -59.8712    26.8211
    27.125     81.875   -3.95284   -46.5188    13.0538    1.20252   -3.18993   -2.03877    12.9071   -54.8635    35.5832
    27.125     82.125   -8.12482   -39.8868    -2.1702   -4.75708   -4.79337    -3.1939    9.60928   -38.8836    45.4901
    27.125     82.375   -29.7058   -74.4671   -26.7866    -31.335    -34.048   -33.1765   -7.17189   -28.1267    38.4939
    27.125     82.625    -9.2734    -45.772   -5.96124   -5.73569   -4.23876    -1.2307    23.1637   -23.2101    42.8934
    27.125     82.875   0.270646   -38.0826    6.53167   -5.61678   -3.31054  -0.331831    19.5514   -14.6563    32.5118
    27.125     83.125   -10.9547   -55.3435   -6.42177   -9.37889   -9.33054   -10.0653    4.74246   0.517103    29.3537
    27.125     83.375    4.66382    -46.033    29.0398    28.4087    8.03975   -4.83149     22.989    11.9867     35.468
    27.125     83.625    3.42703   -27.8204    18.1832    20.2065    6.70199  -0.154147    12.1642    22.2254    32.8366
    27.125     83.875   -2.28617   -39.0889    13.2548    13.6326     7.9892    6.00003    5.63087    30.5531     33.905
    27.125     84.125   -32.6639   -68.2202   -14.1318   -3.85845   -2.15233  -0.514075    -14.958    27.7317    32.4374
    27.125     84.375    -17.678   -43.2796    1.79994    17.7606    5.92102 -0.0435958   -12.1621    28.6902    31.0332
    27.125     84.625   -10.7229   -44.5852    11.5369    18.4282    6.20288    0.16239   -19.8231    29.2085    27.6233
    27.125     88.125    83.2002    67.1475    86.1623    69.0793    53.1152    34.8126    66.1427    -9.5392    51.7495
    27.125     88.375    73.9737    47.9424    87.9291    75.1132    57.0187    33.3199    68.3715    20.7949    45.5196
    27.125     88.625    44.9621    22.6605    67.4931    57.0903    41.9613    16.9918    45.9813    24.0215    24.8873
    27.125     92.125   -60.2393   -52.2538   -49.2872   -45.1886   -47.5936   -52.5034   -40.3951    79.3116    -9.7115
    27.125     92.375   -10.6412    16.0922   -19.5833   -19.8946   -22.7498   -26.7466   -9.04426    85.4964    7.00789
    27.125     92.625    6.13131    34.9122   -6.98122    -7.8745   -12.8649   -21.2417    1.64554    79.3746    24.1746
    27.125     92.875     7.4026    13.1268    16.6113    27.2821   -4.31147   -17.2925    25.5951    19.2969    14.7743
    27.125     93.125   -16.3255   -15.5379      1.478    23.1524   -8.69381   -23.3162     18.886     -81.84     -6.133
    27.125     93.375   -11.4257   -3.10683   -3.82015    14.6518   -6.24176    -14.438     29.799   -84.0822   -6.05489
    27.125     93.625   -11.4086   -2.83665   -3.66523    20.2332   -4.34264    -11.285    51.1482    -16.637   -3.38163
    27.125     93.875    22.8779    39.7605     33.525    48.8119    20.7045   -0.92663    69.9902   -98.3113    10.3807
    27.125     94.125    26.5523    16.4523    21.6136    42.0092    12.4853    -10.504    43.1768   -11.1867   -2.50757
    27.125     94.375    25.5253     8.8764    5.91747     29.181    5.86192   -7.35656    41.6144   0.894144    8.43056
    27.125     94.625    1.06944   -15.2852   -2.01937    38.5841   0.723644   -22.8149    14.2993    4.53596   -9.35657
    27.125     94.875   -3.73272   -16.4577  -0.117253    30.9996   -6.70901   -25.9357    18.3743    8.04727   -22.8618
    27.125     95.125   -12.5141   -7.94243   -8.89064    9.53139   -14.9807   -28.2561    12.5633    9.75056   -24.6861
    27.125     95.375    5.76225    20.9953    10.4322    22.8067   -8.95109   -12.8582    17.0106    -8.7642   -39.3878
    27.125     95.625   -13.7982   -11.3301   -2.50571    10.3091   -13.0292   -21.1102    12.9087    -7.4243   -55.1147
    27.125     95.875   -6.11588   -5.90632    14.5992     31.672    2.75093   -9.62733    22.5912   -3.23756   -53.2325
    26.875     69.625   -1.44627   -26.5975  -0.846012   0.719206   0.511925  0.0248808    13.3365   -46.1195   -11.1287
    26.875     69.875   -2.87881   -26.0045   -3.09824   0.130058  -0.843404    -2.3973    13.3014   -39.5716  -0.901934
    26.875     70.125   -15.0762   -32.5265   -19.6645   -15.3116   -21.0469   -22.1783    16.4203   -27.0363    4.94748
    26.875     70.375   -25.9234   -54.9716   -11.9493   -6.65959   -21.5202   -22.7583    18.8888   -29.8205    5.58909
    26.875     70.625    17.5582   -5.09138    30.3476    35.3605    22.3578    25.5609    49.2363   -14.1624     57.272
    26.875     70.875    15.6062  -0.782525    22.8775    27.4524    22.0412      22.78    44.6959    3.56825    47.3444
    26.875     71.125    26.2837    9.53504    32.5717    37.1011    34.1927    34.7372    58.0788    14.3672    46.2665
    26.875     71.375    16.1065   -7.68955     25.439    31.0017    23.3686    26.4587    43.7998   -61.4402    17.2923
    26.875     71.625    44.0476    27.0099    53.3623    58.8936    50.2183    54.2883    60.3469   -83.1314    13.8843
    26.875     71.875    26.2174    7.50753    33.6026    38.6007    31.5408    34.7417    41.4696    -75.899    18.9308
    26.875     72.125   -9.16153   -56.4877    5.87289    8.62758    11.9286    15.6683    9.27079   -76.1239    42.5251
    26.875     72.375   -4.63314   -49.8239    8.70865     12.111    13.6579    15.1422     7.3829   -71.1066    36.7029
    26.875     72.625   -7.51582   -47.2582    5.81451    8.93621    9.54539    10.8194    12.9839   -69.0827    31.9908
    26.875     72.875    19.7163   -3.67995    26.3797    24.4943    19.1435    20.7911    9.95793   -68.2669    35.6219
    26.875     73.125     35.323    15.8143    39.0292    32.9249    23.2782     26.738    2.09049   -73.6427    35.0213
    26.875     73.375    26.2646   -23.0877    30.0293    24.5609    18.1714    22.6383    7.66699   -86.6505    33.4159
    26.875     73.625    32.6909    -23.459    35.2763    28.6534    19.4325    23.9151    5.60387   -81.3436    38.0585
    26.875     73.875    36.9404   -15.8404    39.2679    32.7274    23.7051    29.5841    5.52929   -63.3145    49.5924
    26.875     74.125    27.6767   -13.7674    32.4566    29.7061    20.9217    25.1684   -1.02703   -51.5111     45.482
    26.875     74.375    19.0153   -23.8301     28.124    28.9487    19.5268    23.9659    49.5912   -63.1797    59.0054
    26.875     74.625    15.8055   -32.8213    26.8475    27.2655    19.6096    24.4397    58.1357   -74.8943      61.52
    26.875     74.875    39.8257   -9.83195    32.5517    36.4103    18.2072    21.8712    42.3005   -77.9041    54.1368
    26.875     75.125    49.7079    5.03859    49.5639    58.4493    49.5116    51.9377    58.2006   -71.0624    77.0981
    26.875     75.375    35.7476   -14.0805     45.625    49.0099    49.5107    45.7723    55.3705   -65.8764    46.4464
    26.875     75.625    22.3733    -30.209    40.8098      46.37    26.7895     28.284    1.54996   -47.7278    31.0585
    26.875     75.875     45.055  -0.494837    50.9315    54.4236    32.9683    31.1293    43.7814   -75.8799    55.2982
    26.875     76.125     52.268    5.22019     54.737    57.8784    50.4698    42.6598    41.6014   -89.7201    60.2178
    26.875     76.375    39.2938   -8.16554    54.4588    62.9757    34.1722    35.0344    59.5033   -65.0321    11.1015
    26.875     76.625    51.0236    14.4922     61.561    63.2638    43.3657    50.3455    63.5368   -68.0286    48.0292
    26.875     76.875    57.7311    1.38941    54.0358    51.1562    30.9395    34.3253    61.2957   -30.0595    28.6678
    26.875     77.125    56.3078     6.1027     42.469    42.1216    36.4257    41.9858    69.0338   -79.5302    33.4841
    26.875     77.375   -1.44859   -36.8426     2.7278    1.91295   -5.15748  -0.953389    26.3916   -65.6629    19.5379
    26.875     77.625    41.7955    4.74536     32.132    29.8794    29.9919    40.0885    65.6937   -84.4048    22.1401
    26.875     77.875   -3.77366   -52.7715    12.4614    20.9563    20.1921    37.0249    38.6709   -67.4429    20.6834
    26.875     78.125    6.79407    -33.507    2.77262   -2.07012   -8.45352   0.500773    38.2381   -43.7305    26.8118
    26.875     78.375    35.0379   -31.2202    42.3805     33.136    9.95539    26.6112    66.5522   -57.1057    25.2408
    26.875     78.625    15.3212   -33.5677    23.6169    26.2687    10.5563    19.5515    26.4938   -45.0546   -31.6496
    26.875     78.875    27.7015   -25.5312    22.3681    15.3953    -7.1425    3.06646     29.352   -54.2586    8.91483
    26.875     79.125    63.0279   -2.74677    56.9044    45.2136    19.5459    31.1388    55.4144   -65.1126   -5.93433
    26.875     79.375    75.8995    12.4269    66.4806    50.3127    32.6879    52.7508    52.2248    -57.351    1.30676
    26.875     79.625    48.5003   -7.93548    48.8238    34.7105    20.6402    37.0453    35.7607   -48.1091    33.9904
    26.875     79.875    12.9581   -28.1116    24.6624    28.8418    7.25041    19.9126    6.52705   -61.5103    11.1833
    26.875     80.125     13.023   -60.6849    23.4288    21.9192    2.47379    11.6912   -4.81586   -81.8815    -11.772
    26.875     80.375    31.4724   -26.1525    33.1458    30.4066    16.4493    31.2919    12.8004   -94.2258    43.7837
    26.875     80.625    11.9316   -38.1677    22.4171     6.4279    -3.2585    3.90791    49.8076   -55.1867    25.1311
    26.875     80.875    19.7702   -40.9363    43.8474    39.9646    16.6926    11.8289    6.09389   -61.1746    46.0263
    26.875     81.125    15.8631   -38.4929    26.9017    23.8254    8.36842    9.85086   -4.08196   -68.9631    40.3532
    26.875     81.375    8.91549   -39.4215    16.9171    8.18442    3.04664    8.19871   -34.9182   -71.8579    32.3321
    26.875     81.625   -28.2986   -57.2386   -16.4381   -17.1602   -24.5129   -25.2224    -27.654   -12.4419    28.7617
    26.875     81.875    10.4857   -14.1986    31.6579    17.2278    8.64334    6.93278    7.04739   -35.3437    31.5501
    26.875     82.125   -4.33064   -47.3477    7.16732  -0.620598   -1.23009  -0.246283    18.1757   -39.7478    45.5715
    26.875     82.375   -22.1892   -52.8301   -18.6545    -18.672   -22.1142   -21.1665   -1.76811    -19.164    40.9312
    26.875     82.625   -58.1627   -99.9816   -36.8146   -34.3836   -35.5307   -36.2645   -4.55968   -22.7953     40.455
    26.875     82.875   -14.4445   -49.8758   -7.93457   -18.4348   -18.3222   -16.0922    14.8463   0.218997    19.6833
    26.875     83.125   -21.6155   -76.3685   -4.32836   -13.6791   -13.9521   -13.5346    13.7428   -7.15721    25.4827
    26.875     83.375   -56.7081   -96.0914   -44.9974   -45.1788   -48.4314   -54.5385   -45.2035   -6.97428    27.8217
    26.875     83.625   -39.3168   -72.4997   -30.9974    -36.199    -36.837   -40.4392   -46.6948   -16.4719    36.9527
    26.875     83.875   -13.5172   -54.4609  -0.674381   -15.0577   -11.3522   -9.41521   -11.8812    39.3109     15.202
    26.875     84.125    7.58101    -38.819    15.5992    9.85065    7.77258  -0.475871   -8.13326    27.3998    32.1305
    26.875     84.375    -11.292   -30.0051    6.88326    21.5648    10.3913    1.16835   -9.81442    23.6036    30.6971
    26.875     84.625   -10.4893    -43.217    4.98424    19.1211     7.5311   -2.65069   -19.0514    17.0776    31.5307
    26.875     84.875   -8.47358   -51.7663    5.35414   0.878155   0.503265   -3.31118   -21.6538    34.0161    14.7027
    26.875     88.375     43.385    22.9488    84.5032    70.8875    44.3782    17.2167     40.127     31.637    18.8693
    26.875     88.625     23.934    12.8945    54.2911    55.2418    38.5149    17.5102    31.7235    7.26926    14.5543
    26.875     88.875    15.7064    12.8895    50.2364    54.3786    36.7004    15.8291     19.904    8.52231    9.17006
    26.875     92.375   -45.4135   -39.4009    -38.708   -32.1715   -39.5193   -54.6094   -16.3558    75.2376    21.9658
    26.875     92.625   -9.14537   -6.27626     -6.706    1.34625   -10.5691   -30.6286    7.87369    50.9965    22.1454
    26.875     92.875    26.6645    21.0595    42.3398    61.7753     34.162    6.82375    50.3961   -2.36537    39.6792
    26.875     93.125    15.5696    10.6382     33.604     49.956    20.3685  -0.442233    48.5378   -47.7468    29.7651
    26.875     93.375    -2.1976   -9.95712   -2.14558    8.14748   -15.6508   -36.8483    3.57802   -43.8813   -16.8157
    26.875     93.625   -18.5518   -25.1912   -10.0677    7.77144   -10.0766   -27.7565    55.5213   -46.2729   -12.6059
    26.875     93.875   -1.19082    -27.935   0.674036    17.0879    2.37394   -27.0229    71.1098   -87.0859   -35.4296
    26.875     94.125    -34.095   -47.9455   -27.2721   -5.69068   -15.8111   -35.1357   -29.9598    24.5742   -7.98961
    26.875     94.375    15.3666  -0.542259    6.75122     36.156    11.1664   -6.80836     27.221   -6.71889    6.20792
    26.875     94.625    18.2794   -2.96764    16.0793    45.0644  -0.106325   -15.3047    38.9428   -17.9574   -6.92412
    26.875     94.875    5.29133 0.00307919     8.1232    24.0431   -5.27679   -17.2267    35.5505   -9.97935   -35.4421
    26.875     95.125   -10.0646   -2.89709   -8.50222    1.56791    -18.467   -28.9509    17.5823   -8.28875   -46.3533
    26.875     95.375   -5.74181    12.1814  -0.628596    15.9851   -13.6721   -25.0787    19.6246   -6.82559   -45.7001
    26.875     95.625      8.812    22.8518    17.7716    31.7476    8.19247   -3.67493    27.3649   -11.9607    -56.686
    26.625     69.875   -5.37887   -26.8308   -2.36948   0.455712 -0.0579003   -1.65206    14.1218     -41.94 -0.0488411
    26.625     70.125   -25.6435   -51.8177   -18.2754   -12.1957   -20.6797   -22.1116    21.5462   -29.4229    4.69077
    26.625     70.375   -12.2179   -33.5427   -6.58262   -2.67293    -5.2845   -6.58875    20.7994   -40.1528   0.821418
    26.625     70.625   -5.62281   -39.3678    3.17381    4.70628   -9.17277   -10.4135    7.36297   -36.2555    15.7787
    26.625     70.875    11.5536   -10.4168    22.6868    26.4642    17.9107    21.0427    51.9553    5.66274    40.4311
    26.625     71.125   -12.7025   -49.6062    1.39709    2.82414   -9.20265   -8.48799    22.9198   -48.5847    18.3105
    26.625     71.375    3.07057   -47.2447    12.0828    15.1451    11.0893    13.7791    44.3514   -82.8395    35.8033
    26.625     71.625    9.19914   -35.5214    23.9101    27.0114    17.5674    21.3422    69.5915   -84.1846    60.8312
    26.625     71.875    5.53392   -42.2637    19.1607     22.731    16.7426    20.0295    64.3329   -82.9776    40.8873
    26.625     72.125   -4.32677   -51.1642    9.94959    13.5839    14.6888    16.8532    6.22406   -75.5724    38.5714
    26.625     72.375   -10.1299   -50.0511     4.2307    8.06804    10.7348     12.569    23.2856   -69.1462    34.8399
    26.625     72.625   -4.96509    -45.354    4.15404    6.02319    8.73071    10.7468      10.83   -64.7713    14.3526
    26.625     72.875   -9.13069   -44.0621    3.57818    7.99109    9.70615    11.6253    13.4313   -68.1189    31.4079
    26.625     73.125     4.8462   -23.6533    16.3049    18.8222    16.1899    18.0701     33.166   -64.7673    42.1332
    26.625     73.375    5.91322    -24.341     13.043    12.7565    12.1387    15.0837    34.5544   -70.0904    44.9262
    26.625     73.625    26.8343   -21.2653    34.1415    30.3966    20.4394    25.6001    28.5999   -62.9159    54.0634
    26.625     73.875     34.157   -13.9786    36.8014    32.6724     21.284      26.58    24.1837   -68.3989     49.229
    26.625     74.125    27.4284   -10.2532    30.7441    27.2108    20.0584    24.4997    13.3225   -52.4633     37.158
    26.625     74.375    12.7359   -28.8063    19.7863    21.2731     18.038    21.1261    62.8898   -70.8384    48.1146
    26.625     74.625     10.625   -26.7289    15.3916    16.0964    14.3194     17.477    34.8981   -77.8692    40.7559
    26.625     74.875    17.2842   -32.7094    7.64912    18.5113    12.6737    24.3613      75.95   -87.5864    78.9454
    26.625     75.125    47.8406    15.8951    59.4955    61.2392    57.3066    59.5841    42.6519   -71.9331    83.8826
    26.625     75.375    45.0067   0.665251     45.756    45.5191     43.806     44.947    52.8282    -72.141     45.046
    26.625     75.625    42.7065   -7.64812    42.1286    40.7491    40.1335    41.1486    50.6473   -68.9133    39.6069
    26.625     75.875    36.0141   -12.2716    38.6645    39.5989    32.7847    31.1274    37.0351   -77.0402    44.4449
    26.625     76.125    47.0045   -5.53929    55.0845    58.7606    39.1336    31.1035    41.4721   -96.1682    47.8089
    26.625     76.375    34.2921   -1.98485     38.849    42.0018     22.861    25.7227    55.1621   -37.0746    12.3068
    26.625     76.625    34.9472   -13.8161    41.1284    46.3582    40.4458    46.8392    72.8804   -62.1679    53.8431
    26.625     76.875    41.8427   -2.56824     40.027    43.8197     38.108    40.8968    66.0517   -69.3251    45.4606
    26.625     77.125    61.7079    14.1922    51.7085    51.8094    40.9558    47.5628    56.1775   -54.9074    48.7619
    26.625     77.375    59.9757    15.6906    55.9293    57.3741    41.6519    50.5148    60.6953   -54.7077    43.0745
    26.625     77.625    43.2973   -3.20252    41.1031    45.6279    37.4436    50.3618    68.1963   -67.7094    33.3773
    26.625     77.875     12.843    -33.587    19.9395    26.7505    26.3346    47.8066    45.9032   -71.4708    48.9298
    26.625     78.125    51.1456   -20.9215    40.0368    42.0302    27.4148    49.0037    54.5927   -78.0043     34.418
    26.625     78.375    28.7879   -24.9585    31.4834    25.7225    8.64664    19.8921    63.6818   -39.3945     7.1459
    26.625     78.625    57.7813   -10.9662    56.2703    53.6606    24.2477    40.8044    56.6601   -42.2962   -15.8593
    26.625     78.875    28.8411   -24.7182    25.7347    25.0058    8.99783      25.29    37.7348   -82.4752    8.85962
    26.625     79.125   -25.7393   -55.6546   -30.1497    -31.843    -39.745   -36.1893   -19.6088   -78.4529   -42.7766
    26.625     79.375    25.8382   -18.8573    16.2167    5.52252    -3.7468    7.97435    26.1892   -83.6103   -51.5417
    26.625     79.625    22.9222   -30.8254    22.1878    10.3889   -10.5325   0.563406   -4.09987   -68.6427   -11.1449
    26.625     79.875  -0.415981   -25.2098    9.03937    10.0961   -9.19837   -6.23819   -11.7981   -25.7842    14.0406
    26.625     80.125   -6.74402   -40.4532   -1.91046    1.60428   -14.6052   -11.5191   -23.3318   -19.8338     28.433
    26.625     80.375    26.1836   -21.0661    22.5778     20.455    4.92862    10.8289   0.622806   -36.9197    19.5777
    26.625     80.625   0.433608   -47.2924    16.2592    13.6412   -19.5252   -17.9344    10.7132   -39.5506   -18.7863
    26.625     80.875    27.9053   -37.8115    48.6324    49.6165    15.9762    11.0508    12.7819   -48.5879    37.6468
    26.625     81.125    33.7174   -13.7026    46.2173    39.4963    18.8477     20.244   -6.01686   -29.4103    36.5143
    26.625     81.375    14.2626   -16.9319     29.781    21.6388     9.6937    11.8511   -29.8981   -9.78692    23.7294
    26.625     81.625    -16.495   -50.0832   -9.25166   -9.85857   -15.4936   -12.1876    -23.267   -45.1401    29.3027
    26.625     81.875    8.43776   -12.8787    14.4111    7.25623    4.02449    8.73606   0.123502   -28.8207    42.3472
    26.625     82.125    4.07497   -21.7169    3.77983    2.21422   0.703924    3.58133    30.1278   -17.2749    36.8733
    26.625     82.375   0.673415   -20.8206   -4.65305   -2.11141   -2.47304  -0.825479    23.7234   -11.4404    27.5873
    26.625     82.625   -59.4933   -95.5129   -41.6691   -37.7046    -39.107   -41.2646   -3.76344   -10.2845     14.431
    26.625     82.875    5.42274   -56.5881    12.1283   -12.6864   -9.43997   -7.09161    24.4485   -18.0741    30.3019
    26.625     83.125    5.05248    -45.966    9.29087   -12.8335   -8.75736   -6.70886    24.0612   -24.7494    33.0057
    26.625     83.375    -33.405    -55.143   -20.4847    -29.956   -31.2516   -34.8238   -37.6262   -29.4772     35.369
    26.625     83.625   -23.9714   -62.1787   -21.5532   -30.9408     -31.67   -34.0078   -47.0178   -29.8414    41.4739
    26.625     83.875   -7.52044   -52.4398   -1.63571    -19.675   -18.6757   -17.5019     -29.03   -6.48219    35.4869
    26.625     84.125    13.4527   -51.8874     17.907    6.38897    6.17003    5.06421    3.92869    11.7178    39.5535
    26.625     84.375    2.91546   -49.1333    11.9366    4.02024   0.243298   -1.61337   -29.2571    24.5811    36.8525
    26.625     84.625   -7.81123   -55.3736    1.23018   -9.81393   -6.34326   -2.88235    -28.542    23.5654    37.6193
    26.625     84.875    4.68125   -32.2895    20.9038    12.4573     7.4184    6.62318   -28.0395    8.36239   0.120421
    26.625     85.125   -2.49981   -46.7435    7.82363      16.54    6.94962    3.37166   -19.0602     60.698    17.1424
    26.625     85.375  -0.785172   -43.1056    9.45478    12.0982    6.17991     2.2231   -31.9355      49.98    20.6939
    26.625     85.625    8.63921   -15.3422    17.2046    10.3217    8.87624    8.25599   -26.3532    14.8079    20.2528
    26.625     86.125   -3.31501   -23.8121    22.1166    8.55972    9.87932    7.36691   -21.2149     34.276    25.8915
    26.625     88.375     3.3713     1.0359    69.7972    71.8098    43.6135    2.42621    24.6477     30.231    7.85785
    26.625     88.625    39.7654    45.3073    63.0607    62.9944    52.8114    33.2059    39.8892   -23.9336    34.6262
    26.625     88.875    5.58071    14.5163     52.751    55.2542    37.0471    9.54764    15.6081    14.0037    2.77824
    26.625     89.125  -0.148438    12.6406    36.2435    45.0455    27.1171    2.63241    2.68897    31.2137    1.89152
    26.625     89.375  -0.123526    10.9559    31.4126    46.2168     25.401    1.63137   -2.85189    24.2847    1.05651
    26.625     89.625    6.50843    14.0838    33.5664    46.8477    21.5094   -3.52645    1.75096    11.8407   -1.51176
    26.625     89.875    5.97853   -2.32517    44.4919    59.1564    13.3252   -23.3105    8.64534    7.47172    0.79886
    26.625     90.125    -0.3448   -7.13832    35.4033    47.0684    2.09772   -27.3436   -4.00954    29.5204    3.23508
    26.625     90.375   -12.6509   -19.5853    12.8366    24.6287   -2.98428   -23.4087   -12.9006    20.4175    12.4958
    26.625     90.625   -22.1362   -17.8345   -8.31085    5.42484   -10.0736   -30.4877   -28.2139    28.7509     15.446
    26.625     90.875   -27.7435    -10.623   -15.2557    3.59707   -4.55066   -32.2802     -14.04    31.4399   -4.35539
    26.625     91.125   -26.7773   -1.12502   -8.81404    14.6574   -2.28989    -37.266   -1.13632    54.2875   -7.95803
    26.625     91.375   -20.6612    3.44508   -9.68413    15.7073    9.19834     -10.96    25.4383     14.166    -5.3106
    26.625     91.625   -51.8302   -35.9277   -36.6357   -8.19908   -1.54355   -10.9812   -12.1774    71.7016   -3.97807
    26.625     91.875    -13.928   -10.6379   -6.64175    17.5722    1.83903   -6.12499    25.7869    68.7457   -0.25513
    26.625     92.125   -26.6689   -37.0403   -2.88554    14.4912    7.09444   -11.6619  -0.994432    31.6362   -7.08374
    26.625     92.375   -20.9106   -38.2797    9.19427    12.0042    10.5365   -11.0226  -0.633969    36.4499    1.29568
    26.625     92.625   -36.1475   -58.7434   -1.30543    8.48849    8.02397   -18.6178   -3.95169    60.9713    6.59154
    26.625     92.875   -2.34913   -11.9545    23.2917    56.7432    25.2057   -12.5356    27.5366   -20.5248    8.93825
    26.625     93.125   -13.0622   -21.7148   -5.24803    13.7858    1.50278   -22.7827   -8.22248     -34.47   -5.43222
    26.625     93.375   -9.75839   -16.9694   -10.1406   -1.13711   -14.2798   -33.2911   -10.8669   -32.3786   -9.72657
    26.625     93.625   -24.4169   -30.4191   -18.0616   -3.69672   -12.2572   -28.3412   -2.92164    -44.979   -33.9743
    26.625     93.875   -16.0756   -29.8984   -5.77129    13.5542   -1.94375   -18.4913    65.1387   -84.4373   -31.5962
    26.625     94.125   -8.72339   -18.3002   0.949848    29.8328   -9.38084   -19.8563   -6.44007   -7.72723   -8.48187
    26.625     94.375   -4.18811   -9.24946  -0.516602    17.3749   -6.32302    -12.175    8.04566   -2.74503   -3.63528
    26.625     94.625    10.0494    1.70262    12.8055    28.7946  -0.425748   -6.88366      46.52   -13.4636   -7.08177
    26.625     94.875    2.84707    13.4613    4.36471    19.7024   -5.58649   -14.8473     47.425   -9.93059   -30.4351
    26.625     95.125    14.5475    36.6252    15.1843    27.6958   -2.77112   -11.9878    44.7284   -10.2736   -26.9284
    26.375     70.375    -9.8784   -32.2489   -2.69543   0.724879   -2.38705   -3.99681    15.1913   -29.4393    7.66349
    26.375     70.625   -14.6875   -45.6939   -1.20151    1.02853   -8.95126   -9.24126    14.0512   -28.0431    13.0508
    26.375     70.875   -13.8851   -45.5835   -5.20686   -3.05184   -4.60722    -4.3347    27.0838   -34.6401    14.2497
    26.375     71.125   -23.5703   -54.5609   -10.1831   -4.53112   -2.25849   0.674651    33.0087   -49.8195    32.7827
    26.375     71.375   -5.55958   -52.6365    5.86488    8.99536    10.4728    13.5133    48.7524   -74.7035    28.7363
    26.375     71.625    11.2451   -29.6649    19.0354     19.139    17.2265    20.3594    73.4028   -74.4838    46.1796
    26.375     71.875    10.3958   -31.5084    16.7848    15.4363    15.0456    17.5019    52.0536   -73.4191    45.2355
    26.375     72.125    -12.526   -50.3154    3.76407    9.05702    12.0394    14.5985     79.131   -70.1414    33.0455
    26.375     72.375    -14.304   -50.4704  -0.658644    4.36807    9.04327    11.2624    35.2733   -68.8162    36.5053
    26.375     72.625   -13.9549   -52.6625   -1.93256    3.03446    6.51791    8.40648     14.493    -69.003    25.0792
    26.375     72.875   -4.90731   -40.0852    3.52977    6.79868    9.14873    11.0164    20.2847   -70.9743     2.1366
    26.375     73.125    -5.2153   -39.4552    4.06307    8.06508    11.2134    13.7093    40.7282   -67.2628    32.2255
    26.375     73.375   -2.13257   -31.6173    7.41326    10.0638    11.3658    13.6133    42.6795   -56.5526    39.2129
    26.375     73.625    13.0503   -33.0653    23.3586    23.8572    17.7681      22.16    30.2517   -64.4625    42.9139
    26.375     73.875     22.995   -23.4223    29.1278    29.0292    20.5716    25.5948    26.4871   -66.5704    45.2308
    26.375     74.125     18.585   -27.1795    21.5273    22.1044    20.4955    24.0555    17.5528   -64.3757    22.2433
    26.375     74.375    27.1448   -25.8769    26.8575     26.794     20.633    22.8303    24.1154    -74.572    22.5604
    26.375     74.625   0.209659   -35.7809    1.84179    3.72495    3.61088    5.26037   -2.56354    -69.769     6.3776
    26.375     74.875    41.6693   -4.40849    45.6046    45.3202    43.7305    47.1229    42.8462   -75.0096    5.47167
    26.375     75.125    34.6777    5.64799    53.8567    59.8689    51.9976    53.4853    51.1264   -92.2995    62.5049
    26.375     75.375    31.6003    5.54056    50.1983    56.5867    44.2323    43.7431    42.7622   -97.5482    59.2095
    26.375     75.625    37.8405   -8.85772    40.5523    40.9806    42.0577     44.542    59.5268   -80.2274    38.0578
    26.375     75.875    42.7838   -7.98889    50.1643    52.6568    34.3764    34.2213    45.6455   -78.5323    35.6276
    26.375     76.125    42.0597   -22.3096    45.5587    48.4309    30.0255    27.3205    42.1112   -82.9172    13.7852
    26.375     76.375    31.1039   -12.9325    36.5344    34.8509    21.4833    21.8916    40.5837   -82.9952    26.9529
    26.375     76.625    29.1515    -11.386    40.3273    46.5632    32.5417    31.4057    45.3801   -66.0896    42.5404
    26.375     76.875    27.3506   -4.00788    36.7337    42.8343    33.1427    35.9401     37.619   -70.9189    48.8454
    26.375     77.125    25.9834   0.103032    28.4333    31.0296    30.4967    37.7616    19.4225   -57.9322    35.6593
    26.375     77.375    57.1521    15.7616    55.8719    58.9198    39.7571    51.7919    42.5599   -59.9209    42.5106
    26.375     77.625    44.7035    1.92415    44.4476    44.9997    24.8392    35.9942    50.4598    -51.115    22.0181
    26.375     77.875    43.2354   -24.2101    46.5806    51.9867    37.7353    62.9232     39.959   -75.7424    62.5657
    26.375     78.125     46.892   -21.7671    42.3335    42.9996    32.5602    52.7854    37.9726   -71.4628    54.2168
    26.375     78.375    20.1171   -41.5053    25.2773    27.9921    16.4213    37.5756    31.1168   -70.0926    42.2806
    26.375     78.625    67.7394    7.05433     75.448    84.5172    35.9673      55.15    80.5343   -51.8046    36.1486
    26.375     78.875    59.2413   -3.94325    66.3904     73.456    41.1618     60.532     67.028   -76.4712     30.994
    26.375     79.125    18.6968   -26.1048    34.4098    36.4436    28.3095    40.1754    36.7433   -82.3814    41.6622
    26.375     79.375   -40.9758   -89.3131   -26.8008   -23.6382   -42.7465   -44.5689   -24.4432   -80.6686   -35.8815
    26.375     79.625   -37.6599   -78.6559   -30.7645   -32.9265   -53.0168   -55.7237    -41.555   -76.2377   -44.4179
    26.375     79.875    36.7458    -7.6741    51.9767    62.8454    16.2858    25.8323    32.4742   -54.2269    70.5424
    26.375     80.125     29.443   -4.19589    43.4535    54.2405    13.0661    20.5825    38.7397   -32.1768    61.8649
    26.375     80.375    -9.7023   -44.1553   -6.55616    -8.3118   -27.2687   -28.7453   -24.0021   -44.3085    4.85385
    26.375     80.625   -16.4599   -64.1678   -8.34317    -10.936   -39.2504   -40.9665   -32.5721   -47.1281   -27.5111
    26.375     80.875    28.8674   -30.1472    40.7809    42.7955    10.1415    8.01594    19.2628    -63.164    39.2035
    26.375     81.125   -9.25528    -66.159   -3.60863   -7.69001   -30.7137   -34.5407   -25.2873   -74.6744    34.4602
    26.375     81.375   -60.2008   -98.3289   -47.8005   -46.0353    -53.841   -58.7461   -56.2334   -36.8906    9.08008
    26.375     81.625   -63.3112   -97.8289   -53.0984    -47.307   -58.1058   -63.1797   -70.9209   -48.1257   -21.0465
    26.375     81.875   -14.7596   -51.0327    -11.681    -14.864   -27.6428   -25.5602    -26.313   -48.8423     27.219
    26.375     82.125   -23.0712   -63.7017   -18.8839    -24.837   -41.4217   -41.3463   -48.7602   -27.2663    14.5862
    26.375     82.375   -1.50748   -35.0874   -4.14888    -7.2951   -16.1697   -14.6231    2.25466   -21.7152     18.387
    26.375     82.625    -15.868   -46.2103   -12.7097    -17.039    -16.253   -13.9842    18.2254   -33.1784    20.7994
    26.375     82.875    4.32469   -32.6645    3.24649   -6.84054   -3.56626    -2.3506    24.7211   -52.6763    28.1317
    26.375     83.125   -26.8031   -41.8512   -11.2135   -9.39919   -6.05211   -5.02646    22.4753   -50.7072    32.5227
    26.375     83.375   -23.2935   -63.9976   -24.2185   -43.2477   -44.5545   -48.7519   -13.4666   -22.8513    53.2329
    26.375     83.625     35.516   -10.2628    25.8918   -1.09954   0.981702    3.52057   -24.9878   -31.2176    40.8716
    26.375     83.875    33.8879   -21.8304    29.9924    7.34076     6.9811    10.1619   -3.32883     4.7477    42.7024
    26.375     84.125    2.70258   -52.2815    12.4445   -4.40559    -2.4464    2.13718    8.08384    17.3925     41.945
    26.375     84.375    26.8512   -18.6523    23.4103  -0.822697    1.99372    6.69788    -8.5059    24.3669    45.7927
    26.375     84.625    10.4749   -47.7396    10.8328   -1.71247   -1.86493  -0.769221   -27.2731    47.7076    40.5727
    26.375     84.875    5.29048   -35.7091    29.0719    35.7721    24.1155    11.2783    -47.325    42.2916    15.2077
    26.375     85.125    14.7214    -32.795    21.4844    2.80567    2.88624    4.90186   -28.2859    20.6883    41.1498
    26.375     85.375     7.8794   -39.0694    14.0904    9.63007    2.22668   -2.95755   -36.4859    20.3697    24.6434
    26.375     85.625    11.4214   -12.1089    15.5525    8.48384    7.84681    6.66348   -24.9006   -9.33917    19.3174
    26.375     85.875    25.9112  -0.455714    37.9039    16.1655    15.6531    14.0839   -10.3395    39.5016    25.6891
    26.375     86.125    4.97089   -19.8329    26.0211    17.4983    14.4945    7.75776   -12.8318    41.8379    22.4711
    26.375     86.375   -55.7514   -72.0953    -34.687   -18.6907   -11.6088   -7.77065   -33.1344    44.0393    19.0539
    26.375     86.625    -39.613   -64.6637   -25.1235   -15.2125   -6.45403   -1.05618    -35.643      -12.2     13.767
    26.375     86.875    21.8039   -9.59479    55.2813    27.9526     16.199    7.34569    27.9186    37.9773    18.0077
    26.375     87.125    1.54338   -19.8672    21.9941    8.54909    3.15478  -0.868072    20.3304    36.4458    15.7763
    26.375     87.625   -64.6788    -30.771   -21.5664   -7.43216   0.524395   -3.92067   -53.1206   -5.72198    5.40039
    26.375     87.875    -10.272   -2.21466    23.1206    23.6641    22.0211    4.39536  -0.219569     12.786    11.1016
    26.375     88.125    1.44129    9.58657    47.3422    44.2779    31.0196    4.76226    10.9835    28.7928    3.47304
    26.375     88.375    12.2719    8.71084    50.4809    45.1964    31.8405    6.26061    8.42423    29.5654    3.30006
    26.375     88.875   0.146177    15.8988     56.347    55.3584    35.7062    3.74354    16.3402    20.7531   0.043273
    26.375     89.375   -4.96046    7.48762     25.467     37.683     18.762   -3.40734   0.920992    11.8145     9.9893
    26.375     89.625    -1.4567    9.29144     25.063    38.4323    14.1903   -10.8828     5.2926    13.2394    1.29526
    26.375     89.875    8.04857    8.71527    38.8763    50.5747    13.1694   -18.1457    15.1881    12.7227   -1.61795
    26.375     90.125    14.4902    5.99595    44.0739    57.6245    20.8012   -14.3602     6.0333    16.7762    5.76634
    26.375     90.375    7.23887   -1.22083    35.4235    45.9293    19.4146   -8.96578    8.31233    22.4316    11.4697
    26.375     90.625    1.91673   -5.84606    30.4461    52.0249     24.975   -19.3553   -3.69824    19.7325    2.40273
    26.375     90.875   -4.35303   -5.37903    4.33869    22.2319     15.036   -9.47861   -5.56715    10.4054     0.3859
    26.375     91.125   -33.8773   -44.7009   -16.7049    4.80265   -7.79813   -49.8512    -25.813     8.3351   -3.36674
    26.375     91.375   -38.0245   -37.1344   -21.6013    6.59237   -13.1124   -52.8803    -4.3461    16.6561   -11.7532
    26.375     91.625   -99.1735   -96.8681   -57.8569  -0.944616   -5.29819   -37.9719   -6.72235    50.0017   -17.2961
    26.375     91.875   -44.9713   -54.0741   -29.7591    1.01859   -4.31486   -22.9103    5.46836    46.4788   -5.90131
    26.375     92.125   -9.00823      -17.6    7.76235    11.5996    17.8522   -9.28321    -1.4109    41.7851   -9.05523
    26.375     92.375   -13.8078   -37.6025    18.6158    17.7185    14.9202   -8.84537    9.97851   -3.98497     5.1185
    26.375     92.625   -11.7904   -32.3697    15.9735    14.0235    4.36573   -13.2695    3.45902   -20.1068     5.1129
    26.375     92.875    -12.454   -34.1422    7.99128    2.47009   -14.2142   -30.0588   -6.32656   -14.7886   -24.3116
    26.375     93.125   -25.9478   -39.4334   -13.3264   -10.8416   -27.7792   -44.4847   -21.8083   -23.6611   -27.5498
    26.375     93.375   -29.6501   -52.9264   -3.92423    3.94688   -13.3865   -30.3859   -15.3924    4.59783   -7.09619
    26.375     93.625   -21.0188   -35.1464   -4.61289    9.21272   -7.86826    -20.393   -6.28671   -8.35342   -14.9076
    26.375     93.875    10.1711   -1.16807    16.3395    31.5201    17.5987    6.25333    8.49285   -27.1005   -15.5963
    26.375     94.125    25.7073    1.50459    38.2813    46.1767    27.2686    8.31333    13.0838   -35.4322   -45.8833
    26.375     94.375    2.15771   -7.13304    10.2041    21.0588    0.93402   -4.95907    1.75596   -18.7512   -31.5222
    26.375     94.625   0.882023   -3.12373    5.79502    13.9501   -6.60839   -14.0093     2.5453   -20.7503   -34.2495
    26.375     94.875   -6.44399     5.0901   -5.46451    5.43046   -13.0958   -18.9686    23.1871   -5.63989   -40.9498
    26.125     70.375   -12.8835   -41.5659   -5.86448   -3.92279    -4.2698   -5.71987    5.25647   -43.1192    6.42088
    26.125     70.625   -16.1201   -49.3014   -8.46516   -7.66391   -8.87334   -9.25304     11.215   -50.6625    10.1251
    26.125     70.875   -31.0086   -70.2927   -18.5397   -16.3298   -19.7748   -20.2468     34.595   -70.1698    10.5422
    26.125     71.125   -9.72273   -39.9993   0.872193    4.46327    6.20125    7.61216    53.9628   -29.4295    24.2704
    26.125     71.375   -10.9904   -51.3399     4.0147    8.46613    11.6014    13.8898    48.6569   -66.6563    23.3373
    26.125     71.625   -3.34864   -47.3126    7.08948    10.7823    16.2114    18.6914    60.8908   -59.9003    26.2002
    26.125     71.875    2.50196   -39.9898    8.72032    9.54631    14.1056    16.2076    68.0456   -66.3775     37.196
    26.125     72.125    8.71377   -32.3151    11.2874    9.21665    12.8238    15.0756    81.0624   -65.7337    33.5007
    26.125     72.375   -15.3159   -52.4781   -2.34906    3.17453    6.83097    9.32879    38.7497   -66.6435    35.8483
    26.125     72.625   -5.76189   -41.7671    3.08161    6.76026    9.42081    10.9681    36.5201   -63.3153   -13.6252
    26.125     72.875   -2.96017     -33.93    4.10515    7.92992    11.2349    13.4117    26.7128   -70.4609   -20.0098
    26.125     73.125   -3.72255   -38.0179    3.89922    7.66427    10.6621    12.6611    31.4567   -72.5401     27.999
    26.125     73.375   -2.53967   -46.6851    5.44677    6.91817    8.04287     9.0368    20.4377   -79.6974    24.0306
    26.125     73.625   -5.20868    -52.806    3.47398     5.1255    6.63884    7.79509    12.4754   -75.0683    29.5163
    26.125     73.875    -3.4123   -49.2142    4.66707    6.36477    8.09798    9.82197    27.1475   -70.4731     23.028
    26.125     74.125    16.2763   -27.9162    19.8723    22.0761    23.7031    28.8704    12.3887   -65.2063     29.241
    26.125     74.375    18.1884    -28.828    26.8051     27.841    24.7232    28.1862    24.5846   -62.9302     23.001
    26.125     74.625    31.3721    -9.0579    34.5027    33.6696    24.1853    27.3441    31.0293   -63.0265    21.2786
    26.125     74.875    69.0237    23.6084    68.9956     66.137    60.1794    65.1157    49.6666    -76.622    27.6916
    26.125     75.125    45.8954    6.03463     36.359    42.0932    37.6416     39.505    48.9509   -59.5039    44.1057
    26.125     75.375    41.8729   -4.83194    46.3238    52.0122    47.2526    47.8301    67.8966   -76.7514    54.5079
    26.125     75.625     35.983   -6.60951    39.1932    41.7579    38.0022    40.5756    66.8102   -81.6582    49.2422
    26.125     75.875    40.1894   -5.26731    54.0153    52.7198    30.9885    33.1731     55.848   -80.8398    45.4915
    26.125     76.125    31.5251   -19.6264    39.7431    40.8225    32.2971    37.7197    51.6262   -95.1712    47.2667
    26.125     76.375     37.583   -15.1785    42.0289    45.9676    40.8933     51.461    49.4132   -74.0488    60.7983
    26.125     76.625    43.0028   -5.77153    47.4526    51.7583    35.3224     38.624    42.1284   -74.0805    61.6136
    26.125     76.875    22.8443   -6.87494    27.8513    29.1124    24.8993    28.6142    28.0123   -85.5278    48.9834
    26.125     77.125   -1.52062   -52.8213    10.6946     13.623    11.8081     17.043    22.5446   -90.9923    33.3477
    26.125     77.375    21.0815   -7.29299     29.825    33.9286    33.5937    46.2528    27.8304   -77.1427    24.5531
    26.125     77.625    46.0901    4.56945    53.8871    56.7292     49.126    64.9616    52.5984   -80.9326    31.2969
    26.125     77.875    50.0694   -3.39595     60.823    70.4015    49.9879    66.2963    42.1788   -72.5954    50.6464
    26.125     78.125    59.9678   -13.6908    67.6594    73.0065    52.1135    73.5469    53.3081   -67.9483    69.7731
    26.125     78.375     51.149   -7.76473    53.3476    57.3033    32.7858    44.8893    68.7096   -74.3118    42.2582
    26.125     78.625    64.6459     16.407    71.3149    80.6782    44.6376    61.6862    80.8068   -21.3832     54.714
    26.125     78.875    60.9128    3.44991    65.7354    65.8478    27.9045    39.2547     37.804   -31.3689    15.4912
    26.125     79.125    39.5056    -21.553    42.9263    43.4632    14.8013    23.3287    1.54784   -50.8767    41.0611
    26.125     79.375    1.77477   -39.9475    12.6218    21.9891    4.19746    6.46407    10.9054   -54.7108    41.9382
    26.125     79.625    -12.278   -52.8646   -6.03589   -4.97609   -26.0585   -30.7192   -12.1916   -52.4692   -5.85107
    26.125     79.875   -12.8067   -48.2769   -6.44688   -1.65933   -23.8665   -27.0209    -10.348   -57.3578    19.9454
    26.125     80.125    19.1856   -16.6107    33.7488    39.3057    8.45073    12.6303    6.30157     -53.59     70.947
    26.125     80.375   -8.06414   -50.0794    2.22819    6.22958   -9.46108   -7.25043   -29.9326   -52.6405    62.6926
    26.125     80.625   -48.8184   -77.8502   -39.8248   -38.0478   -48.9714     -54.33   -49.2096   -68.4946    63.6279
    26.125     80.875    6.11005   -22.4019    11.9435    15.7364    10.8358    13.3721    37.2926   -74.1034    50.8716
    26.125     81.125    29.6163   -13.3381    23.4176    16.9533    4.08314     5.5934    43.7457   -83.2005     63.045
    26.125     81.375   -55.6953   -98.4712   -41.1405   -37.9025    -43.285    -47.341   -49.9601   -39.0654   -1.73077
    26.125     81.625    29.9651   -36.6052    26.1697    14.8931   -8.64025   -8.70324    21.7912   -95.9014    39.8314
    26.125     81.875   -1.03046   -47.4227   -5.88535   -5.98342    -10.676   -8.51773    14.0084   -66.0528    35.2655
    26.125     82.125   -21.3762   -67.4177   -20.4327   -26.4316   -42.8179   -42.9168   -41.3126   -45.6106    20.4663
    26.125     82.375   -43.8119   -60.6599   -39.5483   -36.7381    -42.748   -44.0697   -33.3226   -30.8981    10.1528
    26.125     82.625   -48.9754   -88.6894   -33.9882   -33.3876   -34.9204    -33.361   -26.0654   -43.4533    26.3202
    26.125     82.875   -30.4314    -56.519   -12.5037   -7.51602   -8.70524   -5.50389    3.76694   -56.6187    32.4673
    26.125     83.125   -28.0796   -59.4237   -15.6034   -14.3746   -17.3112     -17.13   -8.81512   -28.7718    38.8688
    26.125     83.375   -17.5885   -77.6336   -24.4552   -38.5754   -42.0017   -42.6655   -52.0813   -1.99428    49.7239
    26.125     83.625   -12.6807   -76.3191   -16.7383    -39.038   -40.3025    -39.537    -63.607   -10.3884    41.7111
    26.125     83.875    32.2757   -26.9506    30.6083    5.94099      5.478    7.97636    11.9717   -28.4363    27.9085
    26.125     84.125    29.4118   -30.2586     26.026    8.68781    6.48051    7.88206    3.68282    8.06014    31.1322
    26.125     84.375   -6.78527   -58.0109    4.68497  -0.203778  -0.742211   0.506418   -45.1194    28.2189    34.7402
    26.125     84.625    14.6082   -34.4026    14.4977   -1.04922    -2.8696   -1.36597   -46.1446   -8.24669     29.042
    26.125     84.875   -6.44381   -66.0886    5.98795   -3.05728   -9.11728   -15.7731   -48.2098    36.3711    24.5532
    26.125     85.125    8.48861   -21.5129    5.76826   -9.49102   -8.55267   -6.77279   -9.02697    26.1228    37.9149
    26.125     85.375   -28.3358   -79.0978   -18.3196   -19.8746   -15.2518   -13.0677   -35.2838    31.9823    14.1982
    26.125     85.625    1.31125   -45.7132    11.3761    11.3297    5.58832    2.73208   -29.8634    5.09104    20.0893
    26.125     85.875    61.9629    19.7833    44.0222    38.2089    30.3549    16.7459     15.186    26.5797    25.3685
    26.125     86.125    3.80702   -8.13065    27.8129    22.3666    17.6376    10.6897   -3.67261    23.6223    30.7795
    26.125     86.375    5.07651   -16.6653     42.767    28.9156    20.8067    6.47686    7.23129     53.034    30.9471
    26.125     86.625    38.2598    1.45992    58.4794    38.4149    23.8004    10.8265    41.3283    52.9278    20.7021
    26.125     86.875    31.8056   -7.70399     38.949    18.6583    13.4972    10.3553    41.6735    37.7329    25.0747
    26.125     87.125   -1.99317   -20.6228    14.7993    3.61423    1.04781   -2.16507    30.4079    68.1478    13.0684
    26.125     87.375   -4.20149   -36.2661    16.1724     9.5026    6.75314     2.2381    36.9942    8.98307    17.6392
    26.125     87.625   -15.1137   -17.8891    22.6401    14.8886    15.3075     3.7286    8.01295   -1.28283    8.19909
    26.125     87.875   -28.7618   -14.6813    6.84486    11.0279    16.6562    4.48401   -1.76158   -9.97042    11.2645
    26.125     88.125    7.07674    -1.5728    37.3902    31.2652    26.3877     6.0954    6.83194    17.8389    6.33445
    26.125     89.375   -3.84127    6.08912    41.7341    48.8655    17.7184   -9.45684   -1.66177    12.4856     11.176
    26.125     89.875    6.55656    12.6655    33.2893    42.3466    9.73689   -21.6008    16.0719    18.0047   -6.43933
    26.125     90.125   -18.8141   -16.7561    22.5204    17.6691    19.8068   -21.6861   -12.1991    28.5177    1.95523
    26.125     90.375   0.360092   -3.28884     33.729    39.3893      24.86   -19.4956    -1.2622    8.39354    6.88991
    26.125     90.625    22.3145    11.6418    46.7073    62.1267    41.8831   -5.69408    12.5815    14.7715    16.0164
    26.125     90.875   -2.64734   -11.4833    13.2568    27.6317    21.2669   -8.97396    4.32882    5.31644   -2.31737
    26.125     91.125   -19.9699   -41.4282   -1.24298    4.09532   0.196738   -34.2496   -4.91952    27.1216   -11.6589
    26.125     91.375   -25.9199   -54.3329   -1.57602    4.34454  -0.739426   -40.7212       4.73    27.3403   -2.00662
    26.125     91.625   -80.0681   -98.2892   -51.5932   -34.1327   -39.6626    -67.928   -22.3248   -3.57627    -49.761
    26.125     91.875   -54.1029   -61.8902   -42.2367   -32.4158   -35.6602   -47.9595   -27.5805    26.0998   -46.0314
    26.125     92.125   -46.3576   -43.0347   -37.9627   -21.9451   -26.4969   -44.1023   -25.4762   -17.5216   -55.0134
    26.125     92.375    2.69128   -2.22434    13.5201    13.6901    9.39244   -3.26763    17.6533   -16.7679    55.4338
    26.125     92.625    4.41829   -4.31201    20.4431    18.0285    7.95166   -4.53278    20.1518    -8.5501    55.4013
    26.125     92.875   -25.0047   -40.7629   -3.70642   -8.21989   -29.5856   -39.6761   -5.94177   -11.9709    2.25371
    26.125     93.125   -81.6502   -99.7622   -63.6794   -72.0613   -87.1138   -98.9022   -58.5198    5.13539    -56.162
    26.125     93.375   -16.8916   -45.7847    2.75377   -29.2612   -49.5377   -62.8609    2.53336   -7.61139   -72.1232
    26.125     93.625   -8.49859   -31.7737    12.1828    4.72178   -11.3356   -23.6046   -2.26942    16.3874   -61.4356
    26.125     93.875    51.8579    25.8972    63.9891    61.5495    39.3084    23.1086    37.8234   -1.70464   -39.1477
    26.125     94.125    41.0592    20.6073    50.4605    46.7705     31.588    21.1427    17.6959   -16.6136   -71.5308
    26.125     94.375    17.7856    4.60178    26.4637     25.793    10.6532   0.299255   0.787328   -12.6559   -52.5119
    26.125     94.625   -1.36672   -2.24004    5.51852    6.98723   -6.88624   -11.0788   -8.39905   -10.0581   -55.8475
    26.125     94.875    3.66442    15.9409    11.2541    12.2965    -7.7053   -13.0272   -1.11517   -3.77281   -62.7632
    25.875     70.375   -32.5984   -68.1524    -23.108   -24.0211     -26.56   -30.5914   -31.5669   -49.8031     4.4682
    25.875     70.625   -34.6069   -68.3872   -24.0445   -24.6767   -27.1883   -30.8042   -35.8755   -49.7695    5.06754
    25.875     70.875   -32.4647   -69.1383   -20.1878   -19.1829   -22.9211   -25.1293    20.9586   -50.9479    5.41383
    25.875     71.125   -18.6894   -50.3237   -2.77723    3.43755    5.98416    7.55598    57.8669   -65.0248    24.1369
    25.875     71.375   -7.43585    -51.497     6.4729     11.542    14.4795    16.1192    55.0482    -71.142    2.29916
    25.875     71.625   -3.54539   -50.6371    8.20982     12.689    17.8026    20.1271    46.2347   -70.5123    24.4555
    25.875     71.875   -6.31141   -51.6649    7.46187    12.5786    17.5985    20.0477    45.6757   -62.9287    23.0918
    25.875     72.125   -11.2586   -53.0046    3.99834    9.35822    13.9627    16.4484    45.3446   -53.2393    23.0274
    25.875     72.375   -2.85783   -37.2633    7.33033     10.325    11.7099     13.219    29.5771   -58.7894     19.656
    25.875     72.625   -9.86584   -43.4093   0.436574    4.29744    6.50177     7.7213    19.1793   -62.1345    8.04786
    25.875     72.875   -7.98347   -42.4246    1.32243    5.17703    7.55348    8.81727     19.893   -71.0934    -1.3665
    25.875     73.125    6.11543   -29.6415    8.80115    10.6807    11.5129    12.6705    22.2135   -73.1248    19.5036
    25.875     73.375     8.9191   -28.2282    12.0883    13.7602     14.486    16.2817    17.7605   -67.9066    25.7637
    25.875     73.625    1.33585   -39.8565    7.66188    9.36967    10.2452    11.7698     14.825   -69.8728    23.5251
    25.875     73.875   -3.49575   -50.0925    6.52863    8.87352    10.7149    12.2409    28.1957    -74.488    27.2163
    25.875     74.125   -4.29708   -61.5254    6.20697    8.26927     9.7378    12.0812    27.9341    -87.877    19.2612
    25.875     74.375    1.61043    -36.119    10.4302    12.2619    15.0761    17.9138    31.1323    -68.135    33.9086
    25.875     74.625    79.2804    22.7627    80.4205    74.3757    61.7921    66.6628    47.8827   -70.9707    45.6451
    25.875     74.875     73.463     13.601    74.4561    73.6534    58.2214    59.6761    45.5123   -95.1415    36.4109
    25.875     75.125    55.6755   -4.25779    70.1872    78.9711    73.3604    73.1058    56.3682   -79.3941    8.97373
    25.875     75.375     58.678   -1.74841     58.966    63.3826    61.7494    67.1041    62.9194   -76.8235    13.1042
    25.875     75.625    45.4371    1.99159    48.1362    49.5904    39.2149    42.5948    63.4992   -92.0724    42.1347
    25.875     75.875    40.9729   -4.89795    50.1782    48.8696    28.9478    31.3483    44.4562   -73.9087    46.6803
    25.875     76.125    39.1113   -9.21802    48.6186     47.098    27.3205     29.558    37.3192   -60.8529    39.1412
    25.875     76.375    35.4124    -21.646    43.4453    36.8033    35.5677    41.9164    37.6745   -62.2803    58.3734
    25.875     76.625    16.8111   -31.2843    30.8843    36.6778    28.9962    34.8333    22.2093   -38.2115    49.2644
    25.875     76.875    13.6151   -16.0469    22.8209    27.8458    21.8046    26.6364    13.4948   -40.9375    40.7477
    25.875     77.125    39.9452    10.8978    45.0768    51.3455    38.9897    45.7859    22.1922    -99.604    45.7056
    25.875     77.375    50.5818    15.5308    55.7817    57.8202    45.8502    56.6406    39.1668   -88.0985    40.0961
    25.875     77.625    62.2976    7.05295    78.0532    78.5476     63.151    83.5809    49.6548   -72.4991    51.0203
    25.875     77.875    42.8716   -15.3055    55.7566    63.9653    40.1608    52.9492    33.4318   -61.3125    61.9191
    25.875     78.125    36.7835   -10.3579    58.5888    62.0154    35.3479    49.7304    37.6466   -55.5763    67.4521
    25.875     78.375    43.3569   -27.0319    58.1859    68.7041    33.5812    48.9381    53.1933   -70.3902    65.4192
    25.875     78.625    31.6399   -24.3208    42.9046    59.5325    21.6661    45.0376    46.6541   -68.8823    56.5588
    25.875     78.875     11.464   -38.3534    20.2991    25.7717   -3.47868   -1.02137    30.2885   -62.8231    25.5152
    25.875     79.125    23.6499      -15.1    15.7992    25.6185    13.2477    32.9507     12.534   -60.7223      53.35
    25.875     79.375    19.0577   -28.6093    16.9618    23.1968    4.70133    13.5143    7.09131   -49.8536    47.8434
    25.875     79.625    11.3938   -55.0948    20.4629    23.0188    2.15819    4.76903    21.1525   -88.0342    46.1727
    25.875     79.875    29.3014   -28.3763    39.4624    40.7794    13.4732     16.338    35.7782   -87.7532    64.8809
    25.875     80.125    17.7326   -29.4113    27.8251    29.4261    4.63679    7.06754     17.695   -56.4726    64.2232
    25.875     80.375    -26.626   -72.6955   -17.3832   -11.7068   -28.2845   -32.4324   -28.7843   -63.4278    61.1308
    25.875     80.625   -48.3415   -61.5635   -38.4675    -34.818   -45.1576   -50.3784     -50.01   -60.8618    72.3479
    25.875     80.875   -51.0913   -75.3766   -43.8463   -43.0083   -53.1992   -58.4366   -49.0264   -67.5695    52.6259
    25.875     81.125   -41.2334    -74.408   -37.7881   -37.9639   -46.3993   -53.3543   -27.7613   -84.0685    -21.563
    25.875     81.375   -17.1925    -67.557    -3.2674   -1.03079  -0.452251    2.59662    -10.974   -57.8958   -15.2769
    25.875     81.625    5.01886   -33.0137    9.18087    8.88294  -0.850933    1.68602    25.1052   -70.6677    44.6411
    25.875     81.875    9.12001   -43.2645     6.1916  -0.795037   -4.75863   -1.89134     25.763   -70.3315    43.0608
    25.875     82.125   -52.0046   -92.1812   -51.3921   -51.6177   -58.2486   -62.1066   -39.5728   -47.0436    -35.663
    25.875     82.375   -13.9635   -64.8235   -17.2059   -23.9616   -36.6696   -36.4615     -18.33   -66.0239    32.1871
    25.875     82.625   -54.8997   -98.3292   -38.3767   -35.4142   -37.7798   -36.9094   -41.8988   -34.0652    23.0744
    25.875     82.875   -12.0858    -41.975  -0.171434    4.75005    3.47874    6.81889   -13.1916   -37.6178    45.8733
    25.875     83.125   -20.9813   -62.0131   -9.44557   -9.07869   -12.0528    -11.577   -20.4068   -24.5997    33.3698
    25.875     83.375   -19.9276   -75.0808   -29.5067   -40.9723   -47.7057   -50.8285   -55.7121   -14.2343    59.2628
    25.875     83.625    44.3101   -11.2431    33.2294    9.95758    9.06534    12.1116   -17.4479     9.6389    48.2784
    25.875     83.875   -14.7374     -56.47   -17.8916   -22.8696   -26.5223   -26.7363   -41.4957    29.6496    28.8308
    25.875     84.125    25.7923   -32.6722    24.9776    13.5323    8.13969    6.62294    2.81423   0.502932    26.2683
    25.875     84.375   -4.95728    -62.326    1.44036   -8.66703   -8.50128   -6.45251   -84.3758   -9.45355    18.1132
    25.875     84.625    4.49435    -47.758    12.9438   -4.84919   -3.06069   0.630266   -70.8746   -1.34972    14.7123
    25.875     84.875    22.6593   -41.4152    19.6137    3.49647    1.59637    3.30305   -31.7492    54.7293    30.8731
    25.875     85.125    2.25135   -48.9105    11.8141    6.11099    4.11026    5.49378   -31.5052    29.8419    18.9044
    25.875     85.375    15.5041   -41.4472    22.4557    12.3127    5.34697    1.95062   -23.5035    9.97262    18.3189
    25.875     85.625    16.2934   -20.3416    27.9467    23.2156    16.7163    10.6495  0.0979103    67.5872    24.2448
    25.875     85.875   -9.17134    -55.771    11.6911    17.4558    9.27431   0.527983   -18.2779    23.5744    25.9477
    25.875     86.125   -8.87607   -31.5345     20.175    23.5275    15.3814    6.43708    3.93764    3.67885    29.0738
    25.875     86.375    15.8203    -13.214    36.4889    26.6291    19.2507    6.19761   -7.45902    3.03946    30.6196
    25.875     86.625    25.6883   -6.05418    31.9936    17.1068    10.8056    4.95212   -32.4299    9.32122    19.8281
    25.875     86.875    37.3433    -1.7054    71.6399    31.4299    17.2107    3.30877    13.6395    4.29535    23.3593
    25.875     87.125    13.7789   -13.8659    64.3061     26.429    15.2968   -2.22522    28.7034   0.552793    19.9873
    25.875     87.375   -4.01802   -22.7337    28.3269    19.3792    21.5745   -5.35588    8.63553    7.87402    8.29513
    25.875     87.625   -14.1391   -41.8302  -0.911235     -2.329  -0.675139   -7.80551   -11.8928   -1.55003    8.89652
    25.875     87.875   -20.6963   -44.8798    11.4358    13.4432    15.7061    2.28009   -11.3418   -7.67821    7.78552
    25.875     90.125   -17.1226   -22.6347    16.3197    15.3475    -1.9353   -31.0698   -6.74017    33.6358   -2.80449
    25.875     90.375 -0.0105167   -4.06321    24.8486    28.4041    9.94322   -9.43523    19.7402    22.1753    9.11222
    25.875     90.625    31.3306    20.5769    45.8907    46.7693    35.5973    18.7535    49.5052    4.96202    11.5218
    25.875     90.875     9.0394   -5.46775    30.5823    26.4276    14.0449   -1.72493    25.6104    13.6303   -13.0318
    25.875     91.125    1.27569   -8.18865    18.4207    11.5327    -5.2484   -28.3827   -7.85665    25.2499   -34.0838
    25.875     91.375    22.2255    29.9998    38.4562     37.095    26.3532   -3.47424    22.8761    46.4138    7.16121
    25.875     91.625    -17.638   -20.9897     3.6581    13.0323    8.32205   -10.5285    15.9744    58.2135   -7.61238
    25.875     91.875   -45.5855    -48.149   -35.8765   -26.0662    -29.588   -41.4382   -23.7619    16.0393   -30.9831
    25.875     92.125    -46.584    -50.118   -38.1226    -33.832   -38.3626   -49.2464   -24.3112    22.1233   -28.8317
    25.875     92.375    -40.583   -47.7788   -26.5407   -22.5331   -29.6168   -41.8046   -10.4398    6.87991    19.6579
    25.875     92.625   -42.2667   -53.4422   -23.5893   -16.3377   -26.6259   -34.6601   -10.1002    12.3298    12.8077
    25.875     92.875   -27.9069   -45.8975   -4.45055   -6.73163   -26.0308   -33.5663   -8.14063   -20.0423   0.600475
    25.875     93.125   -84.2259   -99.9097    -68.591   -66.6453    -81.738   -90.7302   -56.0702    -2.0685   -42.5748
    25.875     93.375   -83.0396   -99.5868   -66.2268   -65.4414   -81.1739   -92.1775   -54.0308    2.30444   -60.8995
    25.875     93.625   -23.4935   -37.7862   -7.27972   -11.8938    -25.061   -40.3493    -33.043     31.778   -63.6476
    25.875     93.875    31.8653    14.6115    46.7644    31.2952    9.12499   -5.65972   0.547814    29.8093   -72.2192
    25.875     94.125    40.4065    28.1739    50.5075     37.485    18.0511    9.36419    14.4142    5.01875   -82.9168
    25.875     94.375    38.0136    27.4433    48.0289    40.9779    24.1594    11.5757    9.33358    20.8738   -72.7078
    25.875     94.625    31.6276    30.2461    39.1711    33.5595    16.1912    8.77458    17.1866    4.21504   -47.2336
    25.875     94.875    25.0982    32.2794    31.9503    27.4287    11.5265    4.94207    7.06597   -3.66292   -49.6681
    25.625     70.875   -19.4923   -54.0434   -2.98001    1.54677     4.5516    5.81787    26.2026   -54.8276    26.9186
    25.625     71.125   -7.52143   -45.5908    6.91056    12.8766    12.8965    12.6719     48.826   -75.2813   -21.9593
    25.625     71.375   -7.74349   -51.4602    6.58524    12.2172    12.9999    13.3192    63.7365   -75.7708    -19.848
    25.625     71.625   -5.45836   -51.7389    7.84305    13.0926    15.7049    16.8399    64.4379   -73.3892   -9.24621
    25.625     71.875   -9.42728   -50.7279    5.80512    10.8843    14.9959    16.9371    53.3164    -69.087    14.2662
    25.625     72.125    -2.1309   -35.8449    9.62321    12.5063    12.7704    14.0981     32.207   -66.7971    21.1948
    25.625     72.375   -1.25686   -33.8934    9.61073    12.1709    12.6615    14.0178    28.0723   -67.2022    20.5034
    25.625     72.625   -5.39854    -43.039    2.66885    5.66575    7.72223    9.18213    18.8797   -60.6996    5.54134
    25.625     72.875   -1.66504   -38.2192    4.07666    6.00599    7.06742     8.0058    18.0358   -57.3016    12.8547
    25.625     73.125    8.69218   -25.9243    10.4639    12.1603    13.2192    14.1701    15.5881   -72.9446    18.0088
    25.625     73.375    6.89101   -37.2609    11.8178     13.865    14.9308    17.0011    31.9428   -52.7833     22.658
    25.625     73.625    1.77634   -41.2337    9.57075    11.8703    12.7633    14.0539    41.6301   -61.9472    20.1484
    25.625     73.875    16.7186   -39.2352    27.0866    28.3064    23.3723    27.4242    36.6966   -58.8461    24.3802
    25.625     74.125    26.7904    -29.106    30.9165    30.3528     20.007    24.8583    64.9792   -58.0321    16.8886
    25.625     74.375    24.8191  -0.162737    35.0694    38.0493      41.33    45.9935    50.2789   -77.3262    39.3883
    25.625     74.625    55.3238    15.3405    39.5701    42.5695     44.265    47.7329    66.9901   -32.2571    33.8607
    25.625     74.875    72.7444     15.761     61.227    61.8196    66.3327    67.3917    48.2394   -56.0772    21.7645
    25.625     75.125    68.8568    9.81952    75.0577    76.9623    66.1835    65.5734     66.529   -34.8796   -2.13983
    25.625     75.375    58.8336    3.33293    74.0691    82.9537    54.2204    53.9893    59.2184   -55.7029    60.2217
    25.625     75.625    60.2452    11.4593    68.6017    75.5126    52.2698    52.8419    60.5991   -53.7797    59.6258
    25.625     75.875    53.8368    3.16638    63.3798    65.0753    42.4498    43.2844    55.4076   -62.1072    55.9021
    25.625     76.125    47.1688   -1.06915    54.0144    49.4282    32.1216    33.3904    47.4477   -83.6463    51.6577
    25.625     76.375    39.5855    2.07566    45.1584     42.753    34.6457    38.2762    40.3099   -71.9283    53.6848
    25.625     76.625    18.9565   -11.9977    31.5936     42.617    36.1454    39.1139    33.2806    4.73469    47.7359
    25.625     76.875    26.0171   -7.24576    40.3057    58.4187     45.504     48.526    32.2539    16.8036    55.1677
    25.625     77.125    36.8437   -5.43145    47.5947    57.0685    43.4337     46.241    13.9675   -46.1408    45.1574
    25.625     77.375    47.9819    7.08449      62.02    67.0442    54.3082    58.9785    46.1556   -98.5962    59.5132
    25.625     77.625    43.9246    9.78999    53.6237    55.5103    52.4121    58.3017    64.1919   -72.8171    51.8382
    25.625     77.875    48.0528   -12.6995    59.4317    62.0769    51.1424    64.3676    49.4782   -68.4358    72.1431
    25.625     78.125    15.3853   -25.8266    35.2068    39.0777    27.1815    39.2039    40.5365   -60.3707    67.6099
    25.625     78.375   -26.1722   -70.1781   -7.56859   -2.67251   -1.62351    10.0495  -0.741733   -51.7964    55.0516
    25.625     78.625   -7.60553   -56.5599    5.35408    12.5241   -9.23393   -4.85872     21.926   -71.4952    26.0469
    25.625     78.875   -11.7881   -74.1189    3.01456    5.59342   -21.1092   -22.2502    8.64807   -76.0278    19.2752
    25.625     79.125    32.2795   -20.4387    29.5587    26.4036    6.47448    17.1785    15.7305   -53.7417    45.8668
    25.625     79.375    23.5594   -8.97454    21.3869    28.6671     15.045     23.385    31.5099    -39.895      45.46
    25.625     79.625     24.232   -25.9798    34.0887    38.7579    16.3565     15.184    29.2295   -75.9717    66.7362
    25.625     79.875    28.9119   -21.9098    42.3365    50.7065    20.5129    18.3656    26.9206   -72.7116    78.3927
    25.625     80.125    29.4072   -13.8373     43.579    53.9796    23.6828    25.2346     32.042   -33.9402     66.261
    25.625     80.375     8.4556   -62.8271    27.5009    29.0924   -4.14867   -2.21105   -19.0564   -73.9609    57.5651
    25.625     80.625   -21.1611   -63.4294   -15.3256   -17.4734   -39.3462   -47.5997    -28.397   -48.5886    52.1326
    25.625     80.875   -28.7607   -69.6639   -23.5888   -22.6431   -35.0804   -45.7018   -23.5055   -44.2056    37.6431
    25.625     81.125   -31.3759   -67.9305   -23.9543    -21.543    -26.889   -26.9276   -46.0833   -38.1437    71.3897
    25.625     81.375   -38.4714   -78.9079   -29.4956   -26.3469   -34.2091   -34.3937   -26.2453   -71.2601    61.5957
    25.625     81.625   -21.1378   -62.0835   -10.4352   -7.19359   -15.1481   -14.2593    10.7471   -64.6067    51.8436
    25.625     81.875    9.06576    -38.529    5.23815   -8.43542   -9.88437   -6.36359    9.38423   -60.5427    46.3356
    25.625     82.125    -25.528    -57.248   -31.7228   -38.6199   -39.8245   -41.1441   -16.8201   -31.9073   -24.6827
    25.625     82.375    20.4268   -38.7739    9.95827    4.15824   -2.33303    1.82997   -25.8808   -25.6615    5.94043
    25.625     82.625   -8.18802   -65.5269   -10.3895   -5.23687   -8.28439   -5.28189   -25.3732    6.51822    10.1983
    25.625     82.875   -47.0899   -97.6311   -38.2638    -35.004   -38.1063   -39.0549     -48.81   -1.85492    13.6307
    25.625     83.125   -17.3414    -59.418   -14.3962   -9.10425   -11.2257   -8.15312   -2.46647    -19.858    5.65731
    25.625     83.375   -7.62422   -45.8041   -12.7018   -13.8746   -17.6344    -17.362   -31.1485   -54.7486    40.3212
    25.625     83.625    38.3822   -27.6606    46.2653    29.5149    21.6556    26.3102    9.12323   -21.9312    27.1533
    25.625     83.875    33.0743   -22.2332    34.2819    24.2398    18.3545    23.2137   -9.08737   -8.26281    38.6779
    25.625     84.125    -3.3416   -76.1706   -2.19608   -17.6697   -20.8779   -20.7188    -83.008   -31.0349    24.0837
    25.625     84.375    10.3193   -50.3935     3.0932   -7.41279   -8.15743   -5.90199   -69.5311   -15.3407    17.1261
    25.625     84.625    25.6311   -32.0743    25.1579    10.1454    7.97518    11.2937    -27.812    5.71675    22.9119
    25.625     84.875    17.0646   -22.3693    16.9534    6.23503    6.36311    8.53557   -14.5372    13.5916    28.4236
    25.625     85.125   -5.02226   -76.4132    5.18705   -11.1976   -8.85158   -6.72561    -63.461    39.9208    19.0653
    25.625     85.375    9.08259   -50.2997    16.3552   0.837045   -1.09082   -1.96765   -25.3012    27.3133    19.5159
    25.625     85.625    11.1411   -43.3496    27.3127    24.3998    15.0932    3.35145     9.2268   -23.8503    15.1653
    25.625     85.875 0.00953135   -46.2762    22.8661    23.2983    15.3068    4.61424   -11.7503   -35.3689    34.5561
    25.625     86.125   -10.2382   -60.5056    2.44336    8.55381    3.66219   -1.59124   -32.8535   -46.3238    28.0436
    25.625     86.375  -0.885144   -38.1419     19.171    14.8906    7.56256 -0.0353935   -29.7641   -5.52992    29.5686
    25.625     86.625   -35.4203   -72.9428   -23.3812   -30.1828   -28.4725   -28.1803   -58.2373    -36.488     13.247
    25.625     86.875    26.3923   -15.4623    44.6138    8.36238    3.74719  -0.859474    -21.043   -55.7725    10.5943
    25.625     87.125    27.9969   -16.8259    48.6339    8.10542    6.97387   -2.33045   -9.88136   -10.9117    15.0691
    25.625     87.375   -4.33307   -34.2203    15.3092   -5.09425   -2.04333    -7.5976    19.9881    9.25247    12.3309
    25.625     87.625    34.7377    -2.9881    58.5968     33.291    34.3889   -3.49459    23.3675  0.0095556    13.4353
    25.625     87.875    40.4734  -0.640089    47.4163    23.4611    15.5251   -7.25535    17.3277    1.05237    19.2121
    25.625     88.125    81.4544    9.21427    68.7747    36.9743    28.3932   -2.78143    5.71678   -9.24749   -20.6782
    25.625     90.125    52.4576    43.1952    66.4534    66.2046    53.1873    35.8082     65.042    6.42069    48.5554
    25.625     90.375    30.4109    14.3089    59.7923    58.9426     45.102    22.1979    58.3527    10.0204    37.2458
    25.625     90.625    11.7003   -6.00439    39.4239    35.8713    25.0009    8.30373    28.9708   -1.79524    12.4958
    25.625     90.875    25.1997    15.9741    46.5002     42.466    35.0094    24.0489    55.3878    54.5189    33.3161
    25.625     91.125    57.0221    74.7174    65.1785     59.197    49.6747    29.4003    80.3579    21.9201    15.8304
    25.625     91.375    49.0263    68.5397    64.7956    64.0893    58.7238    32.5003    56.3864    42.0489    37.8507
    25.625     91.625    27.0095    42.3192    42.3346    44.1825    43.0255    24.9282    36.3312    43.2724    37.9468
    25.625     91.875   -5.73305    1.97221    6.72836    11.0717    12.7051     3.1433    21.7456    46.9508      8.956
    25.625     92.125   -46.8054   -45.8433     -30.89   -26.4672   -31.7067   -43.7988  -0.450108    12.1641   -42.5516
    25.625     92.375   -34.5537   -40.0095   -17.1507   -14.1316   -20.2494   -33.0191    3.44786    3.32702   -22.9183
    25.625     92.625   -32.1786   -37.0911    -17.863    -15.201   -24.0395   -27.3482   -15.3705    -11.788    -55.513
    25.625     92.875    -45.606    -60.091   -20.5175   -13.9261   -31.2766   -38.9536   -8.58711   -32.7579   -23.9836
    25.625     93.125   -40.7176   -50.5195   -28.2416   -27.4449   -36.5584   -41.8652   -30.6827   -14.2657   -27.5223
    25.625     93.375   -34.4192   -45.2163   -17.0993   -17.5757   -28.5676   -35.5282   -25.1979   0.288665   -61.1186
    25.625     93.625   -17.6613   -17.2987   -6.20807   -1.36022   -14.1057   -29.9141   -21.4389    8.35229   -57.1736
    25.625     93.875   0.451267  0.0795029    8.84021    3.19766   -11.2342   -23.6924   -23.3757    9.45471   -88.5386
    25.625     94.125    24.7339    21.4775    31.4803    25.4167    13.9213    3.19599   -3.34647   -4.88248   -81.6125
    25.625     94.375    38.9348    33.7264    46.2313    40.8473    28.8476    18.1511    15.0001   -10.5642   -77.8168
    25.625     94.625    33.7295    33.1347    41.3364    33.9353    20.9439    11.1243    11.0051   -10.5135   -77.6182
    25.625     94.875    27.2411    30.2064    34.1532    27.1795    16.7759    11.9412    5.16191    -6.9186   -53.0317
    25.375     70.875   -13.2807   -51.3961  0.0162657    3.59042    7.42363    9.34988     19.392   -56.5956     22.678
    25.375     71.125   -11.3273   -53.3815    3.50921    7.93095    9.83557    10.6329    35.2291   -68.9608  -0.515047
    25.375     71.375   -1.64263   -46.5795    11.2031    16.4089    17.3669    17.4621    44.9449   -74.6101   -18.4943
    25.375     71.625   -9.17826   -52.7441    4.96591    9.59431    13.5278    15.2585    60.6901    -75.846     3.4944
    25.375     71.875   -10.3146   -51.3345    4.23108    8.55065    12.6647    14.0476    49.4098    -69.201    20.3113
    25.375     72.125    -2.9372   -37.8038    8.32408    10.5429    13.2783    15.0141    22.1893   -68.8539    20.8561
    25.375     72.375    2.64806   -35.5384     10.678    12.2585    15.0851    17.3165     17.479   -51.4605   -1.02198
    25.375     72.625     4.3382   -36.2793    10.5305    11.3958    13.3645    15.2356    17.8023   -44.0634    -12.717
    25.375     72.875    6.43495   -31.7149    8.87755    9.64352    11.8332    13.7173    25.0343   -57.0351    12.4149
    25.375     73.125    13.6195   -30.0722    14.2041    13.2819    13.6358    14.8153    40.9964   -65.4359     15.802
    25.375     73.375    15.1394   -23.3788    17.0403    18.4202    19.1534    20.0046    63.9739   -55.1976    17.6702
    25.375     73.625    19.7871   -4.08469    16.6227    16.4463    13.2402    13.9665    51.8993   -77.0525     16.223
    25.375     73.875    16.9944    -4.0332    21.4951    23.0503    15.1557    16.6748    49.1195   -63.7656    28.8948
    25.375     74.125    44.9131   -1.35117    48.1691    51.9314    43.6671    43.1438    64.5688   -87.6322    32.4871
    25.375     74.375    55.0366   0.804093    47.5734    52.3119      47.14    48.9864    63.4912   -54.9928    33.5163
    25.375     74.625    59.4824    24.8777    46.0709    49.6615    53.6666    55.8743    56.7949   -58.6298    35.3523
    25.375     74.875    76.4674    10.7527    66.5939     65.441    69.9916    67.1977    41.3701   -58.3696    39.9815
    25.375     75.125     65.672    4.23923    81.7496     84.757    53.6892    52.7162    69.8615   -43.3559       74.4
    25.375     75.375    70.3978    6.47563    84.4657    85.8461    60.7116    60.6063    78.7387   -62.7661    80.1578
    25.375     75.625    62.7666    9.59443    75.4793    78.3774    46.9528    49.1526     62.955    -48.422    76.0194
    25.375     75.875    79.9597    40.3732    83.7323    83.2446    67.0662    71.2941     55.292   -42.7374    81.7858
    25.375     76.125    56.7688    35.7038    61.7849    62.1193    55.3728    58.4254    72.7304   -28.5265    68.9415
    25.375     76.375    40.9625    11.9836    39.2854    40.5839    36.2312    40.3524    45.8513   -56.1445    59.8019
    25.375     76.625    36.0673   -7.16107    53.1827    64.7862    52.8774    52.8921    56.4872   -11.0705    63.5332
    25.375     76.875    42.0772   -3.91196    63.9827     80.293    66.5229    65.6137    55.8808   -2.95854    79.2434
    25.375     77.125    53.6378  -0.587854    59.1568    67.4572    43.4208    46.3124    43.4563   -93.5658    80.8786
    25.375     77.375    50.3913    1.25637    70.7709     79.006    57.2497    64.8516    54.1706   -84.5532    82.0878
    25.375     77.625    53.3059     21.301    64.5752    68.4352    64.0311    66.3507    66.6672   -67.5435    67.0163
    25.375     77.875    55.9504    18.4291    70.4259    70.8092    65.8327    73.7481    66.0971   -53.8648    66.4778
    25.375     78.125    17.1169    -27.367    32.5217    39.6148    20.1992    35.9503    24.9805   -97.4549    58.1007
    25.375     78.375    23.9826   -19.1611    40.3079    41.2638     18.687    35.4026    33.6722   -98.1477    63.5831
    25.375     78.625    -11.015   -56.9416    4.20576    7.42734   -15.1688   -15.8423    8.96926   -63.5144     64.664
    25.375     78.875   -11.5445   -78.3289    6.82486    4.26135    -28.585   -31.4277    -29.796   -87.8756    11.8784
    25.375     79.125    5.65508   -51.4743    25.9769    25.9808   -7.95196   -6.26534   -13.2111   -84.7327    15.7681
    25.375     79.375   -1.55034   -49.9117    13.4719    20.1548    4.83973    3.39791    23.2662   -88.5145    8.20039
    25.375     79.625    16.8282   -32.5541     33.056    38.4228    12.8687    14.6004    10.6387      -60.3     34.213
    25.375     79.875    23.1705    -28.794    42.9213    61.4332    23.8292    17.8588    41.9449   -65.7446    72.4194
    25.375     80.125    27.9572   -31.5781    49.5763    65.8043    27.3926    23.5556    43.2161   -71.4828     73.202
    25.375     80.375    10.3971   -60.0603    29.5112    25.3305    2.18465    1.98678   -17.5161   -74.7831    47.8652
    25.375     80.625    6.39624   -43.9102    14.6488    10.1285     1.9778    5.23395    9.38208   -47.1927    53.4738
    25.375     80.875   -21.7451   -59.9262   -26.2485   -23.2507    -32.024    -34.541   0.347909   -59.7085    17.2344
    25.375     81.125   -18.6017   -60.8173   -26.0848   -23.5683   -32.2238   -34.5562    3.98855    -84.063    42.9211
    25.375     81.375    14.5526   -57.2556    12.0606    11.5553   -8.91926   -11.9605    40.2303   -54.4221    47.6029
    25.375     81.625   -27.9324   -92.8444   -13.5532   -5.21545   -17.6192   -15.9729   -7.37197   -70.5148    39.9246
    25.375     81.875   -46.7026   -81.4026   -41.9227   -45.5599   -48.6556   -53.4071   -15.7525   -55.8452    18.8759
    25.375     82.125   -26.5789    -53.552    -28.662   -32.9005   -34.8968   -36.8559   -5.94607   -35.0139    -23.043
    25.375     82.375   -11.3259    -62.252   -14.8075   -12.4288   -11.6806   -8.37078   -22.5433   -24.0126    -5.4859
    25.375     82.625   -24.5509   -90.4154   -9.34813   -3.12151   -3.63235   0.140115   -29.7692   -40.6426   -11.2821
    25.375     82.875   -40.0932   -98.1784   -20.3828    -16.665   -18.9222   -16.1042   -54.6246   -33.0629    33.5174
    25.375     83.125   -15.2424   -64.4578   -9.33808     -7.923   -7.72585   -5.06134    6.88922    -3.8139    -23.708
    25.375     83.375    9.62158   -17.4089    10.7317    13.6758    13.8068    17.2297    18.3274   -73.7298    31.6749
    25.375     83.625    40.8455   -8.68106    50.9062    20.7645    17.6298    20.9853    26.6798   -43.7379    31.1437
    25.375     83.875    37.4269   -27.9869     31.231      14.62    14.6781    19.6384    -23.373   -23.5593    29.6692
    25.375     84.125    16.2255   -22.8539    17.8097    11.8911     11.234    16.2946   -24.2482    -5.0663    22.3077
    25.375     84.375   -1.47262   -42.7349     8.7934    7.12922    1.06984    2.89176   -48.1991   0.937223     33.413
    25.375     84.625    16.4683   -42.3606      10.97  -0.860799   -1.97101   0.645237   -26.0746    24.4005    39.9239
    25.375     84.875    22.4022   -19.2673    22.4921     8.0825    6.27435    9.97316   -4.21222   -11.9006    33.2998
    25.375     85.125   -3.99163   -45.9812    1.29957  -0.603302   -3.90792   -4.04381     -15.81    47.0099    31.5511
    25.375     85.375   -2.89381   -59.7516    2.95863    5.36906   0.681665  -0.366966   -22.0146    11.1929    22.6635
    25.375     85.625    34.6931      -29.1    26.9315    25.7023    15.5771    7.06876   -14.2379   -9.51681    34.5777
    25.375     85.875    33.2149   -24.8266    21.3035    20.6887    14.3085    4.44955    15.5363   -8.99397    40.0437
    25.375     86.125    16.3873   -41.9979    20.0385     26.353    15.4917    4.23137 0.00418553   -23.7898    35.0315
    25.375     86.375    10.1409   -22.1958    19.0529    22.7011    12.4715    12.8822    16.5602    24.2857    42.1852
    25.375     86.625    28.8194   -22.7498    21.8194     8.4036    7.08864    3.81478    10.6918   -6.42521      26.19
    25.375     86.875    2.86972   -43.2686    10.4194    7.99797  -0.264415   -5.13481    13.4167    18.3674    20.1869
    25.375     87.125    3.05655   -46.3546    21.7644    14.1418     10.297   -3.56652   0.880891   -7.00673    11.9423
    25.375     87.375    14.9329   -30.8038    38.2154    12.5379    9.95057   -2.66687    9.13808    15.3887    13.1242
    25.375     87.625     59.591     18.468    97.2883    56.2583    54.9725   -1.92948    41.8278     1.3839    16.5664
    25.375     87.875    49.5233    14.3682    49.4886    26.7104    18.3644   -3.06718     23.106   -8.30309   -2.20226
    25.375     88.125    88.9884    33.5758    69.4279      41.16    31.6548    6.61538    25.5716   -16.7581   -22.7859
    25.375     88.375    82.3075    9.20199    73.6272    41.8345    32.2269    3.71992    21.9927    26.4637   -20.5747
    25.375     88.625    50.8893  -0.900318    45.6702    29.5375    25.2508    3.52475   -8.33675    58.1671   -35.1726
    25.375     90.125    28.2959     16.596    34.8955     32.813    25.3297    12.2555    37.7948    41.4124    15.3497
    25.375     90.375    15.7745   0.531551    33.9333    32.6728    24.8286    13.5452    36.6117    47.0864     20.298
    25.375     90.625  0.0286471   -7.55274    20.7016      23.18    20.5596    14.1118    43.5969    41.4968    24.6342
    25.375     90.875    3.98101     2.7337    24.7333    27.2294    22.7947    16.7284    45.2922    37.9669    26.8035
    25.375     91.125    16.1783    26.3581     31.177    32.0686    29.1276    18.2738     43.397    39.9715    28.0833
    25.375     91.375    27.3069    39.8231    51.1259    51.3705     52.115    33.7717    78.3727     44.108    35.4677
    25.375     91.625   -14.4408   -2.46439   -2.45726    3.37579    6.01394   0.628393    21.8894    32.1105    24.9161
    25.375     91.875   -27.3505   -15.7036   -13.3626   -6.95495   -4.64382   -8.29719    13.7816    36.1191    10.4516
    25.375     92.125   -45.2412   -41.6787   -28.2436   -20.3925   -21.0446   -25.1088   -3.98461  -0.484447   -17.4835
    25.375     92.375   -51.0171   -44.6193   -29.7818    -21.112   -23.8858   -30.4355    7.20611    4.14675   -34.0801
    25.375     92.625   -44.5854   -48.4819   -23.2165   -16.7886   -24.6646   -31.3127   -3.80696    -4.9689   -39.3881
    25.375     92.875   -14.9796   -14.5557   0.485679   0.322379   -7.55566   -9.86615   -3.95526    -33.006   -47.8392
    25.375     93.125   -29.5993   -33.6744   -17.1342   -14.5188   -21.9037    -31.735   -19.9795   -60.2076   -25.1062
    25.375     93.375    -25.046   -27.5673   -13.5959    -9.8835    -20.604    -35.127   -17.0066   -39.4159   -55.1818
    25.375     93.625   -4.22512   -2.37092    2.65885    6.40115    -1.0509   -8.63904    -2.6119   -41.6263   -37.2623
    25.375     93.875   -44.9436   -40.9674   -34.3725   -30.0969   -40.2819   -51.9403   -41.2512   -17.0195   -92.1153
    25.375     94.125   -11.9228   -10.6916  -0.375023   0.765434   -10.4064   -24.6671   -14.7848   -32.1239   -87.5662
    25.375     94.375    7.55983    7.53844    15.7759     16.624    9.19937  -0.878881    2.66141   -32.6386   -80.6486
    25.125     71.125    -1.6143   -46.5431    8.98545    12.4109    14.6186    15.4063    10.8501   -66.5905    17.7105
    25.125     71.375   0.611302   -46.3165    11.1223    14.8887    16.3684    16.4063    17.8533   -77.1855      13.73
    25.125     71.625   -2.35278   -49.8467    7.86498    11.8322    13.7992    13.7074    36.5579   -79.7529    2.67688
    25.125     71.875   -6.57629   -53.1783    5.04098    8.13719    12.0817    13.3073    15.4783   -78.3351    9.28854
    25.125     72.125   -9.46765   -53.3433   0.629757    4.92741    10.1355    12.3747    7.25572   -73.0867    16.8694
    25.125     72.375    6.20717   -33.7487     12.966    13.3491    16.4309    19.0213    19.2828   -55.3656   -13.2715
    25.125     72.625    2.92949   -40.3384    10.3476    11.7676    14.4271    16.8578    22.7341   -55.4229   -29.9449
    25.125     72.875  -0.156835   -47.7542    5.47925    6.73213    8.73304    10.6142    30.7178   -63.9078    12.9968
    25.125     73.125   0.036113   -45.3923    6.78194    9.04508    10.8928     12.674    47.3068   -77.6586    7.37229
    25.125     73.375    13.3093   -37.9484    13.8893    14.5462     15.378    17.4429    86.9536    -49.628    14.8161
    25.125     73.625    24.3724   -25.1407    24.7448    25.2518     24.729    28.0232    68.6792   -66.8839    29.6782
    25.125     73.875    31.4216   -11.3024    35.1919    42.8601    41.6325    42.5769    64.5567   -65.8897    32.7936
    25.125     74.125    29.7978   -8.54096    26.7636    31.3251    36.9653     40.824    63.7693   -67.4389    38.0396
    25.125     74.375    49.7826    9.38205      37.32    37.3894    39.1321    42.3303    58.4429   -56.9486    41.0073
    25.125     74.625    51.6942    18.2606    40.5884    41.8439    44.6443    47.4892    52.0958    -58.614    50.3979
    25.125     74.875    50.6174   -2.78733    37.9816     32.078    33.7664    37.1274    63.6893   -85.6616     45.294
    25.125     75.125    43.0055    -10.682    41.4594    26.1633    20.1404    23.2852    50.7311   -30.0152    46.9452
    25.125     75.375    41.2629    -17.355    58.0843    50.0782    30.5783    35.1071    43.8457   -68.0006    61.0571
    25.125     75.625    53.9015   -10.2738    64.2328    58.7921    33.2569     39.478    52.7445   -62.3934     64.812
    25.125     75.875    60.1747    17.0006    65.2297    63.8326    49.7906    53.6508    2.37144   -39.3462    38.1066
    25.125     76.125    51.6456    14.1323    69.3829    71.0043    57.9631    60.6159    74.3413   -40.8523    80.3353
    25.125     76.375    48.3202    16.8733    56.5074    54.8308    46.2799    47.2687     81.871   -39.4677    69.1373
    25.125     76.625    51.8924    9.28017    64.9215    65.6583    56.7061    56.1735    78.9608   -68.4226    69.8349
    25.125     76.875    59.7596    20.2334    78.2289     72.011     61.801    62.3132    74.8051   -33.2868    74.7985
    25.125     77.125    41.1481   0.167382    53.2506    58.3732    40.7149    42.7869    59.9868    -86.508    76.3187
    25.125     77.375    51.9994    12.8911    60.8192    62.7707    49.7174    48.2839    53.8242   -43.2557    75.3932
    25.125     77.625    63.3927    12.0115     77.967     81.549    68.4969    72.6055    57.6601   -64.8589    82.4258
    25.125     77.875     48.114    2.19988    71.5323    72.2077    60.0189    68.7954    54.9091    -50.127    75.3304
    25.125     78.125     16.767   -4.63252    31.8238     33.729    15.6154    29.8735    24.0758   -90.5437    64.1346
    25.125     78.375    16.4837   -26.9237    30.1628    31.8849    11.8079     26.359    18.7418   -84.7091    69.8885
    25.125     78.625    14.6665   -20.3977    33.9164    31.8504    7.72141    14.7112    13.1665   -58.3905    64.8893
    25.125     78.875    10.3684   -37.8248    29.0283     22.953    6.16268    21.8658    13.3792   -73.3837    65.5579
    25.125     79.125    13.9179   -43.9489    36.0333    35.5403    4.95665    13.4882    22.9023   -73.9849    54.5377
    25.125     79.375    18.8748   -25.3444    29.6889    27.3143    12.2504    16.6404   -10.1417    -15.825    -14.604
    25.125     79.625    -9.0784   -60.7781    10.9825    16.9618     5.2172    8.90074    15.4057   -70.6392    21.2584
    25.125     79.875    20.9347   -28.6903    32.3509     39.865    11.7832    5.76147    53.2922   -69.0642    35.1675
    25.125     80.125    9.84983   -44.3391    22.3252    35.6018    8.04189     1.5449    -6.4162   -54.0925    0.67837
    25.125     80.375    8.07442   -36.6464    11.4059    12.4215    1.55731    2.70862    21.1738   -41.8499    48.0361
    25.125     80.625    3.83517   -54.8779    9.05383    2.75262   -6.50523   -3.87217     17.941   -85.0206    61.2798
    25.125     80.875   -4.62266   -58.6881   -2.33649   -5.93955    -10.439   -6.01031    18.6305   -78.3917    61.1459
    25.125     81.125   -28.4966   -81.8217   -37.1124   -43.9415   -46.5965    -49.122   -8.72457   -87.7156    35.1176
    25.125     81.375    2.56616   -38.9835   -3.88119   -4.72163   -13.8736   -10.9869    10.8658   -42.0487    40.1114
    25.125     81.625   -61.5274   -99.4786   -53.0295    -53.648   -61.6621   -65.7462   -43.8226   -61.1626    36.4813
    25.125     81.875   -15.5115   -50.6286   -19.9856   -18.4852    -24.195   -22.8673   -13.8392   -48.8068    26.2224
    25.125     82.125   -4.08149   -33.2412 -0.0897338    2.23273  -0.458624    4.00947   -9.08895    -21.898    22.7782
    25.125     82.375    12.2483   -35.4577    17.9485     17.613    10.5143    14.8447   -26.8244   -30.9987     24.977
    25.125     82.625   -9.17117   -72.5673    8.66888    11.4257    7.32841    12.0807   -19.3998   -50.0116    41.8922
    25.125     82.875   -36.9094   -97.7126   -20.4552    -17.427   -19.2166   -16.4429   -30.6982   -38.0663    2.27814
    25.125     83.125   -18.0595   -69.0466   -16.9863   -16.4796   -17.0392   -13.3761   -24.1651  -0.272384    23.7018
    25.125     83.375   -28.6909   -80.4408   -20.3831   -20.2604    -20.421   -16.9777   -43.3799  -0.295662    29.8258
    25.125     83.625    16.1647   -25.4879    18.5654    7.33308    6.06586    10.6334    10.4634   -1.11134    32.7433
    25.125     83.875   -16.1769   -62.5273   -2.55238  -0.565691   -1.48523     2.9905   -32.5173    7.75674    14.8334
    25.125     84.125   -8.91097   -63.4535    4.89433    2.79198   0.952141    5.19383   -31.3646    17.6032    18.3025
    25.125     84.375   -41.6238   -66.8724   -31.8213   -25.6674   -26.6977   -26.0264   -36.3556    5.64588    25.3521
    25.125     84.625    13.9546    -31.039    5.78863  0.0168642   -1.44097    0.72157   -9.49121     27.936    36.3657
    25.125     84.875    7.02945   -36.8848    3.11877   -9.85607    -9.2565   -5.52939     2.1948   -9.51438     43.708
    25.125     85.125    10.1549   -40.5755    6.79521    1.63238    1.08798    1.49685     28.688    5.37905    23.9564
    25.125     85.375     5.9554   -40.9031     9.8634    2.81809    4.70366    9.86674    27.6173   -1.88067    41.5043
    25.125     85.625    11.3746   -29.6366   0.778486   -8.19554   -11.6916   -10.5956    16.7901   -15.9822    40.8743
    25.125     85.875    16.4888   -30.6056    6.29575    15.5566    8.89129    3.78295     1.4914   0.496578      27.18
    25.125     86.125    19.1237   -32.8333    12.1048    1.23914    1.74584     3.3897   -2.92358   -8.60508    47.6147
    25.125     86.375    16.3969   -34.9824    9.34583    13.7843    8.42242    7.37141    9.38038    4.56394    31.7667
    25.125     86.625    25.8988   -34.2118    18.6337    45.5685    17.7703    -4.0084   -8.91955   -6.15178    32.8532
    25.125     86.875   -39.2066   -89.0528   -27.4182   -12.4923    -11.896   -13.6005   -9.39841    58.6563    25.8313
    25.125     87.125    20.7281    -27.573    24.4861    29.6939    13.0974   -3.31786  -0.441525   -5.20844    7.85928
    25.125     87.375   -15.9338   -67.0846    9.95812    27.9119    10.3711     -3.542    9.95516    6.75167     9.2085
    25.125     87.625    7.37456   -46.5667    37.5625    49.0526    31.2504     1.1041    32.9729    5.53878    20.6648
    25.125     87.875    46.4678   -12.9617    62.6661    46.0173    43.8712    1.15879    33.5579   -5.53914    6.89333
    25.125     88.125     85.359    30.6902    64.9444    39.1731    30.6648    8.91187    24.5101   -6.13423   -27.2871
    25.125     88.375    90.4615    21.2635    71.3298    41.7107    30.6783     4.5734    22.3164   -3.98055   -18.4467
    25.125     92.375   -47.6498   -38.6705   -34.6472   -14.5072   -28.2779   -39.3469   -13.4513    1.44461   -3.20002
    25.125     92.625   -35.2954    -24.374   -25.6482   -18.6185   -23.6667   -31.7097   -9.81149    9.75948   0.735415
    25.125     92.875   -27.3506   -18.9121   -22.2324   -27.7753   -28.8921   -33.1268   -12.5802  -0.674591   -3.57205
    25.125     93.125    16.9013    22.0155     19.767    16.4438    15.0115     11.324    19.6409    -59.901   -63.4915
    25.125     93.375    -21.107   -21.4838   -8.98244   -4.95018   -14.6316   -29.9697    3.26509   -45.9373    -61.727
    25.125     93.625    -23.608   -24.1272   -14.1862   -10.4623   -18.4064   -30.2902   -2.05227    -44.087   -55.5939
    25.125     93.875   -53.6102    -54.005   -41.7284   -32.9962   -40.8374   -52.6748   -23.7218   -27.8988   -77.7846
    25.125     94.125   -20.5516   -20.9645   -11.7032   -6.12181   -11.4826   -22.2912   -2.76867   -22.2526    -53.244
    25.125     94.375   -15.0826   -11.8798    -6.5086   -2.80648   -8.72511   -17.5787   -4.98343   -22.1252   -52.6571
    24.875     71.125   -8.99942   -54.0709     2.6557    6.11233     9.1463    10.0358    29.3176   -74.1584    9.15021
    24.875     71.375   -6.70235   -53.2323    2.94483    6.29548    8.77971    8.78485    25.2399   -79.4074     4.9226
    24.875     71.625   -6.26472   -52.1966    3.85689    8.20066    12.7056    14.0408    35.8229   -76.6772     1.5488
    24.875     71.875   -11.5021   -56.3103   -1.95075    2.22512    6.71224    8.30217    15.1752   -71.1756    11.5506
    24.875     72.125   -4.43664   -43.4575    3.43443    5.35984    8.07541    9.58981    17.2462   -51.4473    9.25019
    24.875     72.375   -3.31008   -44.3603     6.0659    7.80363    10.7294     13.179    13.8152   -58.1831    19.4482
    24.875     72.625    -5.1783   -45.7463    4.73862     6.7156    8.95197    10.7941    28.8972   -72.0066    18.4547
    24.875     72.875   -5.02325   -53.0339    3.26503    5.22328    6.77659    8.34758    28.2994   -60.6393    5.42182
    24.875     73.125   -7.59092   -60.2593    2.36495    5.87357    8.43543    10.1059    36.5726    -80.164    5.89819
    24.875     73.375    12.0619   -37.3402    13.0984    13.8869    16.3611    20.2147    48.0621   -99.7925    35.2215
    24.875     73.625    35.8661    6.28219    32.7953     34.683    38.1481    43.1997    49.2026   -53.6953    59.3036
    24.875     73.875    48.4151    11.8821    30.5405    35.1439    39.9473    44.7353    68.5472   -89.9722    42.3517
    24.875     74.125     43.951    6.79258    33.0309    35.9362    40.8441     44.091     60.743   -90.8988    44.5461
    24.875     74.375    51.5107    16.6926    37.3762     39.795    42.6493    44.6207    45.4704   -74.6609    62.8705
    24.875     74.625    53.1813    23.3037    39.3607     40.381    43.2436    47.4928    55.6383   -74.8503    82.6998
    24.875     74.875    39.0482   -14.2617     27.674    28.1343    31.0686    34.8942    51.6197   -97.2473    75.1141
    24.875     75.125    48.3626   -14.2109    53.4863    45.8936    46.6039     45.218    51.4065   -43.2943    60.6016
    24.875     75.375    31.2111   -29.9932    44.1922    38.1578    33.7432     38.741    44.8201    -46.373    54.2247
    24.875     75.625     27.057   -25.0521    43.2758    41.5287     21.175    24.1023    22.9017   -69.2926    55.1175
    24.875     75.875    56.6762    5.04092    65.6461    62.8777    45.0497    48.9919    49.0128   -36.1812    77.8466
    24.875     76.125    67.3568     11.015    74.3355    73.0989    64.3266    63.5923    60.1001   -52.4488       90.1
    24.875     76.375    39.6603     9.0609    52.8296    54.3495    50.7759    49.0989    79.3778   -35.7903    71.3536
    24.875     76.625    48.9922    12.7507    55.8871     50.314    44.8351    42.3824    77.3757   -55.2657    72.1378
    24.875     76.875    51.6739    6.16532    60.2531    53.7363    43.4523    40.9193    81.1897   -94.1303    74.7473
    24.875     77.125    37.5841   -16.1521    46.1136    42.1969    30.1646    29.9006    72.9468   -78.8191    69.6536
    24.875     77.375    36.0556   -28.4523    41.6399    34.7809    28.0329    28.1648    72.3218   -82.3751    65.6995
    24.875     77.625    51.0194   -13.4786    64.2532    63.5099    59.5799    60.3457    42.0004   -72.8798    78.2401
    24.875     77.875     58.585   -7.63084    72.3813    67.4313    55.1564    47.5255    42.5146   -40.7736    85.1597
    24.875     78.125    15.8373   -5.79348    29.0407    34.3281    19.8162    23.0314    18.1669   -64.1732    56.8613
    24.875     78.375    17.5437    -28.067    35.2252    30.9338    25.8975    24.6366    38.6513    -79.411    54.3735
    24.875     78.625    8.95201   -42.4912    34.6257    32.6781     13.219    18.3373    19.0796   -87.6021    64.6661
    24.875     78.875    12.4445   -43.9904    35.2689    28.8576    16.6734    23.8654    17.2193   -94.2539     40.664
    24.875     79.125    37.5397   -26.0476    49.7822    35.9477    14.0888    23.3298     37.777   -76.7923    73.0533
    24.875     79.375    26.5893   -34.4637    51.3219    54.6212    13.5546    11.7873     50.302   -64.5583    74.4409
    24.875     79.625    30.5254   -23.5074    53.3799    60.9664    12.7317     0.4852    56.4696   -57.8342    69.3509
    24.875     79.875    2.63183   -44.8983     25.734    17.5899    2.48777    9.42977    41.1629   -63.1131    63.6805
    24.875     80.125   -1.38467   -63.4575    19.5364    24.3383    1.13908   -6.30448    14.9943   -77.5627    20.8909
    24.875     80.375    16.8379   -37.6768    19.5215     19.803    3.21359    2.07644    4.53798   -60.0835    47.7399
    24.875     80.625    11.0829   -32.1295    14.9771    10.1353  -0.502403    3.06151    13.2453   -56.7321    62.1291
    24.875     80.875   -17.2777   -44.8789   -6.60546   -6.66064   -10.8136   -6.89634   -2.06357   -53.0625    70.2849
    24.875     81.125   -53.1076   -98.1504   -43.3916   -46.6042   -53.9572   -53.0536   -42.7291   -67.2631    31.5904
    24.875     81.375   -31.3357   -97.9822   -14.2217   -16.8389    -24.272   -19.1363   -26.3788   -87.7468    11.1766
    24.875     81.625    29.2534   -16.9836    20.3645     20.271    5.82788    10.7451   -2.91045   -52.0484    26.8829
    24.875     81.875    19.1112   -27.8653    17.9264    17.1297    2.03757    5.77864  -0.297284   -53.7451    31.8851
    24.875     82.125   -15.7083   -49.1894   -11.5531   -11.7188   -15.3317   -14.7862   -23.2907   -25.8784    18.0413
    24.875     82.375   -25.0313   -56.1017   -17.8549    -17.027   -19.2207   -17.9827   -33.4909   -11.0072    18.3711
    24.875     82.625    10.7519   -36.1379    24.3585    21.9716    19.0704    24.7853   -18.3998    -33.205    12.1935
    24.875     82.875   -39.8336   -97.3318   -29.7565   -27.6809   -28.9136   -26.0582   -39.4239   -42.7895    42.9845
    24.875     83.125   -3.98363   -59.8493   -6.64378   -11.2323   -12.5353   -8.73484   -19.8281   -31.5694    25.1088
    24.875     83.375   -2.52523   -57.6081   0.517812    -8.9341   -11.5597   -10.1526   -5.06463     9.6108    14.0276
    24.875     83.625    14.9353   -38.7732     12.598    1.84191   -1.24968   0.277873    23.8394   -12.4958     19.885
    24.875     83.875    -25.115   -77.1614   -5.02941     -8.162   -10.0983   -9.12247    18.7013   -1.70488    36.4074
    24.875     84.125   -22.9688   -87.5817   -2.72894   -3.35364   -6.14269   -6.44804   -9.13375   -5.79261    36.7863
    24.875     84.375   -62.8517   -99.6483   -47.0469   -42.1136   -42.3004   -41.7264   -45.1436    14.4388    30.9764
    24.875     84.625   -36.5073   -86.0508   -36.0816   -32.6389   -33.4776   -32.6246   -33.1801   -7.43236    26.4139
    24.875     84.875    20.3796   -37.6986    21.5174    10.1471    6.83995    5.67119    14.7323   -6.30271    30.9573
    24.875     85.125    26.9882   -49.3395    17.0308    3.83521   0.638077    2.53654    44.6576    5.62359    33.5367
    24.875     85.375   -11.7321   -77.9317    -7.2358   -7.92238   -6.22866   -2.80108   -10.5688    3.19265    33.7615
    24.875     85.625    14.4863   -34.6557    11.0962    1.51989    1.26647    3.81815    26.9203   -4.73893    41.1173
    24.875     85.875    16.2235    -21.513    23.7175    15.3012    4.01925    5.38347    34.9705    4.85273     19.868
    24.875     86.125    7.17206   -70.7159    8.35865 -0.0616853   -6.34251   -11.5988    25.2265   -25.6816    19.0386
    24.875     86.375    16.3777   -36.3709    22.5491    20.1956    12.3464    8.79334    27.0384   -21.6173    8.95541
    24.875     86.625    25.4778   -43.0131    35.5614    34.5289    18.8637    11.8447    50.4937   -28.2801    12.3744
    24.875     86.875   -25.5875   -49.4772   -8.82871  -0.151497   -4.01055   -4.20442    49.8728   -18.3603    39.0326
    24.875     87.125   -66.3843   -98.6115    -29.107   -9.97127   -6.63402   -4.87841    37.4318   -55.9792    35.2371
    24.875     87.375   -67.6649   -96.5851     -21.96    23.3302    4.41219   0.119112    24.2369    10.6043    7.44248
    24.875     87.625    8.59743   -36.8304    16.4748    45.4725    27.3818    1.97218    34.8846   -9.02009    19.7161
    24.875     87.875    17.7975   -44.1351    25.3389    44.2144    36.2295  -0.634464    37.0089   -11.2145    13.9095
    24.875     88.125    80.6944    5.56555    79.1227    48.7587    44.0714   -1.87242    24.4394   -10.5838    10.3463
    24.875     92.625  -0.412701    6.22844    2.95936    11.4777    1.58887   -5.70065   0.669834     13.814  -0.634409
    24.875     92.875   -8.49671    4.01984    1.67912   -1.91928   -1.44231   -12.8752   -10.8045    4.11382  -0.640047
    24.875     93.125    16.2864     20.803    19.0067    17.1008    18.4471    16.6976    18.3913   -56.7933   -59.7772
    24.875     93.375   -39.9872   -51.5307   -21.3261   -11.3509   -21.8337   -51.4109    2.39478   -19.4403   -47.0825
    24.875     93.625   -46.1559   -51.0591   -29.5184   -16.4572   -24.9113   -50.4252    4.05848   -26.2834   -64.8012
    24.875     93.875   -35.9925   -38.6082   -23.4468   -11.9313   -16.9895   -34.0927   -7.09133   -38.4169   -71.2988
    24.875     94.125   -26.3145   -28.2497   -15.6648    -7.8278   -12.8605   -25.4384    2.16364   -26.5641   -48.7707
    24.875     94.375   -13.8896   -11.9686   -7.52387   -2.98454   -6.58151   -14.3471    4.34857   -16.3009   -36.2437
    24.625     71.125   -8.65954   -60.2666 -0.0419456    1.67403    3.90608    4.46205    5.94064    -82.549    3.93508
    24.625     71.375   -4.91062   -52.0359    3.17352    6.43689     10.395    11.8723    28.7311   -75.7738    12.9751
    24.625     71.625   -6.08843   -49.3658    2.88307    7.55512    13.3901    16.1945    40.8309   -73.6224    26.4672
    24.625     71.875   -6.49383   -50.6807    4.04172    8.80438    14.7778    17.5256    36.8215    -65.754    25.8048
    24.625     72.125    2.04181   -44.2331    8.85418    10.0486    12.9605    15.3063    31.5252   -41.2915    24.6875
    24.625     72.375   -1.48315   -51.4118    8.69102    10.0944    12.2332    13.9547    20.8022   -76.1314    23.8169
    24.625     72.625   -1.23598   -50.1675    11.0982    12.7446    12.8475    13.6158    39.5674   -91.2635    24.1187
    24.625     72.875    6.03752   -60.4928    19.1346    21.1567    19.0651    19.5413    28.7111   -60.3561    31.6195
    24.625     73.125    24.4728   -29.2343     24.899     25.139    24.6691      27.16    48.5751    -77.566    50.1709
    24.625     73.375    26.8067   -15.8596    20.7064    19.5237    21.7881    26.5751    65.7922   -48.2459    53.8277
    24.625     73.625    28.3309  0.0983827    25.5363    25.2852    29.0441     35.118    64.7169   -36.6973    78.7721
    24.625     73.875    55.4747    17.3563    41.3482    42.0597    46.6033      51.66    46.8701   -42.7786    74.5777
    24.625     74.125    46.5868    7.70271    34.2441    36.3518    40.1887    43.1239    59.0245   -67.7626    73.4224
    24.625     74.375    55.3046    5.76432    39.7946    42.5972     44.556    49.0628    90.3515   -50.8471    85.5263
    24.625     74.625    43.8284   -6.21273    31.6371    33.3866    35.6711    39.2154    87.2783   -78.7164    78.9229
    24.625     74.875    44.2487   -3.58997    33.3405    34.8326     37.506    41.4002    53.9773   -78.7117    91.7864
    24.625     75.125    43.3225   -13.2536    42.0191    37.6645    39.8208    39.3684    51.0891   -52.2761    70.0425
    24.625     75.375    32.7792   -28.1456    32.9461    30.2657    26.1554    30.7566    59.4297   -58.0451    60.5278
    24.625     75.625    29.2559   -31.2052    32.0496    35.4333    20.5248    23.6683    66.5833   -64.3963    49.7931
    24.625     75.875    35.3882    2.40513    47.6295    48.7106    30.7262    34.2756    55.9623    2.98122    53.5319
    24.625     76.125    50.7726    5.94804    60.3717    55.6301    48.2811    45.7672    79.4143   -54.1175    58.8238
    24.625     76.375    46.6244    4.07087    48.8367    42.6055      42.43    39.3058    52.3242   -56.5048    66.9229
    24.625     76.625    55.2184    3.42484    50.8922    38.1878    41.2655    43.0578    57.4358    -62.247    70.1357
    24.625     76.875    44.6513   -1.98531    43.3808    33.2249    33.4339    40.0068    58.0925   -93.0457     71.078
    24.625     77.125    17.7542   -21.4781    29.3696    30.4113    24.8341    28.5512    52.4137   -73.9852    70.8287
    24.625     77.375    31.8988   -19.9233    40.9395    39.8099    36.5611    41.0816    44.5004    -59.561    72.3996
    24.625     77.625    36.7999     -14.04    57.8358    61.1617    61.3914     69.176    42.4596   -55.5933    76.7996
    24.625     77.875     48.629     9.2826    51.2231    55.2293    49.7641    51.9115    87.7438   -48.8549    67.9894
    24.625     78.125    57.7495    7.37105    77.6227    78.1526    40.4393    45.4662    42.2288   -55.3014    60.3842
    24.625     78.375    12.5312   -48.8183    34.5259    38.2126    16.9964    21.8332    20.0721       -100    45.1769
    24.625     78.625   -2.07797   -52.4184     16.886    12.8621   -2.90931    2.89814    5.19858   -89.9713     42.558
    24.625     78.875    5.20414   -40.0017    23.0316    14.5194   -1.03993    6.85877     8.8592   -85.9922     51.898
    24.625     79.125   -12.7131   -57.0585    13.1838    13.1384   -10.1586    -3.7354    23.0329   -98.6633    52.6463
    24.625     79.375   -11.0036   -60.9635    13.7953    23.4956   -5.41823    -8.2515    26.4293   -98.7694    53.8354
    24.625     79.625   -3.24337   -62.1963    22.4353      33.19  -0.363454   -6.68209    36.6692    -97.776    63.6773
    24.625     79.875   -12.6953   -70.2288     17.799    12.7234   -5.78908   -8.79926    25.4644   -98.6289     56.086
    24.625     80.125   -2.38577   -57.6684    14.5822   -1.17115   -7.50959   -4.99989    28.6618   -51.5044    44.6255
    24.625     80.375    4.89988   -40.4217    5.53829    4.56141   -8.86558   -6.15636     20.007   -30.8656    39.3271
    24.625     80.625    10.0209   -33.4886    8.64618    6.84688   -4.48391   -1.65447   -13.4466   -98.0694    59.1612
    24.625     80.875   -21.7398   -70.3956   0.140867    1.11673   -13.9163   -10.7528   -18.3646   -55.7168     54.812
    24.625     81.125   -40.2931    -99.665   -19.3298   -18.7048   -20.0947   -20.2907   -1.98463   -42.9347    31.2181
    24.625     81.375    4.44771   -59.7545    19.9337    12.8138    3.01237     2.5245    35.0893   -56.9982    32.7003
    24.625     81.625    13.1621   -43.5353    21.5784    15.0077    4.65094    6.53217    20.4963   -56.2797    47.7192
    24.625     81.875    24.7252   -37.6552    26.5986    18.2306    6.41543     9.7963     41.015   -79.1337    53.6505
    24.625     82.125   -4.94294   -58.7748   -1.82743   -5.12378   -10.8346   -12.4401    20.6319   -66.4628     31.686
    24.625     82.375   -25.3436   -52.9379    1.70615    4.63429    2.71422    11.5138     10.179   0.219249    17.4304
    24.625     82.625    16.2822   -55.8124    33.8282    12.8516     8.3232    12.8429    8.16495    -46.958    3.55716
    24.625     82.875    22.2519   -52.6126    35.2923    14.9509    10.5926    15.4939    7.01263   -67.8325    7.25623
    24.625     83.125    44.2636   -23.0907    22.9206    3.28735   0.333475    4.70223    26.5486   -77.3501    13.3731
    24.625     83.375    20.9632   -54.7153    15.1199   -4.28617   -6.47005   -4.65029     24.209   -31.0455    10.2035
    24.625     83.625    11.2197    -50.069    11.7019 -0.00300282   -4.50931   -1.08147    33.0553   -23.6276    23.1904
    24.625     83.875   -9.78044   -57.0853  -0.373049   -6.15027   -8.17316   -4.89274    32.6771    -7.7182    40.6165
    24.625     84.125   -10.9907   -64.1744    5.98558    1.12796   -1.44508   0.310722    13.9456    6.59257    43.4362
    24.625     84.375    6.00111   -91.6559    11.8923     2.6746   -2.51939   0.160188    17.7962   -8.53085    39.2909
    24.625     84.625   -2.96926   -96.5675    -1.6239   -6.40281   -9.09644   -6.48363    28.2315   -10.4296     48.229
    24.625     84.875    24.6918   -41.6183    14.3823   -3.21121   -4.02397    -2.0111    26.3226     13.907    43.1969
    24.625     85.125    12.9624   -53.7112    3.17133   -3.34204   -5.18069   -2.19654    21.9167   -13.0629    37.0894
    24.625     85.375    15.7758   -38.3959    8.98055    5.63947    1.98129    5.73861    31.7473    -2.3666    36.4144
    24.625     85.625   -10.5401   -60.4205    5.20222    15.4376     8.5643    4.48623     11.658    14.9232    44.8337
    24.625     85.875    15.5619    -40.797    11.2612   -2.72153   -5.03716   -3.08926    18.8855     28.667    10.3036
    24.625     86.125   -3.46402   -74.4965    4.38225    4.73134    0.65318   -1.07045    26.8569    20.9025    16.6017
    24.625     86.375  0.0483944   -54.2629    14.2324    15.1968    7.56104    1.95866    18.9155    1.14064    16.2068
    24.625     86.625    10.4372   -32.1068    14.9091    15.9527    14.6647    12.5497    21.6841   -7.72573   -7.17589
    24.625     86.875   -31.0371   -98.9179     2.3975    5.24453   0.294899    2.36461    45.7328   -26.6137    13.4681
    24.625     87.125   -13.5813   -47.2415   -2.05956    5.04897    8.58838    10.9166    19.2571   -44.6251   -24.1824
    24.625     87.375   -55.4608   -99.6413   -25.8024    4.33468    6.06675    7.89976    49.3093   -8.35994  -0.685246
    24.625     87.625     -10.61   -60.5725  -0.549891    27.6434    15.3976    6.49849     35.431   -15.6079    6.08381
    24.625     87.875   -2.34878   -51.3149    3.59205    27.3105    17.7587    2.95049    23.6417   -19.9027    14.4291
    24.625     92.375    5.11973   -6.82467    12.7902    37.8613   -3.00509   -35.0223    5.99229  -0.522321    9.82105
    24.625     92.625   -3.72524   -6.08233   -1.30433    13.6841   -7.64706   -22.6405   -14.6791   -7.14913   -1.86026
    24.625     92.875   -48.7969   -45.3288   -41.1581   -37.7134   -33.7366   -39.3726    -36.445    8.32226    3.08725
    24.625     93.125   -35.7298   -42.0996   -25.0503   -24.4038   -26.9414   -36.7497   -12.1703   -12.0154   -32.2164
    24.625     93.375   -18.9514   -26.0074   -9.53922   -2.02973   -13.7753   -30.2277   -1.87575    -2.9355   -23.4448
    24.625     93.625   -69.0742   -83.1537   -52.2024    -39.798   -49.1052   -69.0612   -25.8663   -8.08748   -57.7742
    24.625     93.875    -60.326   -61.9591   -48.3246   -39.2099   -41.2502   -56.5008   -38.6814   -9.39187   -64.0441
    24.625     94.125   -13.6961   -15.5944   -8.62641   -5.08092   -7.43996   -12.2704   -2.63475   -2.95322   -24.1868
    24.625     94.375   -16.7895   -17.1291   -11.8818   -7.98427   -10.2054   -15.4725   -4.80133   -2.78714    -25.557
    24.375     71.375   0.045823   -45.0333     5.6391    6.63328    8.76513    9.97704    6.82284   -75.0117    13.5695
    24.375     71.625    1.04043   -39.3898    8.64866    9.71174    12.3374    13.6729    31.3197   -54.2656    25.1943
    24.375     71.875    -9.1145   -55.7025    2.06005    6.76015    12.1245    14.3098     31.499   -45.7003     28.096
    24.375     72.125    4.59319    -43.074    13.1226    13.3609    14.2436    15.5762     29.828   -40.1332    22.9196
    24.375     72.375   -2.53378   -53.8461    10.6246    12.5184    13.4035    13.9312    46.0969   -89.7376    19.9902
    24.375     72.625    6.02056     -40.73    21.2708    23.0454    21.8673    23.2474    52.6697   -60.9547     33.769
    24.375     72.875    17.1355   -46.0351    30.8401    30.2891     21.097    25.1145    62.7175   -42.6639    63.8236
    24.375     73.125    19.8398   -43.5385    29.9023    32.0877     27.873    32.8512     77.776   -78.9679    66.4984
    24.375     73.375    18.9949   -35.0379    25.9296    27.1218    30.6635    37.1269    68.3629   -76.4559    66.1994
    24.375     73.625    21.2849   -24.1596    26.2637    26.6046     30.643    36.5028    52.4088   -72.9736    63.0866
    24.375     73.875    31.8049   -5.55477    35.8404    39.0346    43.4126    50.7653    59.5912   -47.7747    90.3195
    24.375     74.125    6.84532   -47.4893    23.4855    28.0961    33.3739    38.9626    79.8519   -97.8826    70.1599
    24.375     74.375    45.1519   -6.86755    36.6047     39.269    41.5377    45.7454    76.2876   -77.4071    79.7348
    24.375     74.625    30.9346   -11.6932    24.7482    28.3096    30.9506    36.2127    81.4224   -59.6713    80.6731
    24.375     74.875    28.1178    1.88478    40.0453    42.5881    44.8842    49.3411    77.5178   -53.0591    97.0289
    24.375     75.125    25.2973   0.664485    26.6023    30.5455    33.9743    39.1489    67.8991    -43.107    96.3704
    24.375     75.375    8.27639   -34.1641    6.17985    6.74025    8.15828    10.2614    65.4021   -60.9759    51.5703
    24.375     75.625      33.23   -15.6228    30.4001    31.5775    34.3732    35.4649     88.512   -51.1005    72.1546
    24.375     75.875    21.7918   0.175347    27.8451    29.9862    30.0478    29.9553    53.7127    2.52559    42.1953
    24.375     76.125     46.467   -4.49457     58.175    57.0591    46.2576    44.5897    41.1803   -26.0218    72.1275
    24.375     76.375     43.171    6.41566    45.4284    38.1019    37.4436    36.0076    43.3348   -49.1557    61.6544
    24.375     76.625    56.9567     7.4364    58.4364    48.3907    49.4419    53.1772    53.0785   -43.5259    69.0366
    24.375     76.875    24.1114   -9.15655    34.5143    30.9769    26.9862    34.3176     41.501      -57.9    59.9101
    24.375     77.125   -3.65305   -21.9303      19.05    23.7043     17.709    22.1221    53.9384   -59.0257    48.0357
    24.375     77.375    5.43974   -12.1812    28.0403    31.5182     25.725    33.3606    54.7635   -32.7035    59.1338
    24.375     77.625    44.2593    1.37096    53.3252    56.0387     46.226     54.025    60.4575   -40.2928    62.6562
    24.375     77.875    42.0001    20.4711    52.7354    55.6957    38.3475    43.9992    63.9124   -47.3817    51.3697
    24.375     78.125    47.8408   -4.94535    68.4862    70.3882    36.1838    43.3064    34.3048   -76.1935    60.8663
    24.375     78.375    51.0422    -9.9927    72.5126    70.0107    40.9039      49.28    28.1888   -70.4816     52.205
    24.375     78.625    7.86877   -44.1799    29.0482     25.916     3.3671      13.38    17.4247   -86.9298    42.1421
    24.375     78.875    10.7864    -32.042    30.3141    19.8235   -3.07174    2.54375    28.2523   -75.6204    35.7268
    24.375     79.125   -2.94269   -52.9164    3.04703   -8.06613   -11.1122   -5.06823    27.6488   -90.1463    37.9303
    24.375     79.375   -13.5077   -57.5021   -9.14449   -8.96665   -14.4347   -13.3732    23.2718   -87.3603    39.8905
    24.375     79.625   -17.1736     -64.64   -3.93585   -16.9769   -19.1698    -16.955    23.4273   -98.6412    57.0779
    24.375     79.875   -5.97996    -60.924    16.7188   -4.75884   -14.8404   -9.71769    23.4924   -82.3881    49.1008
    24.375     80.125   -29.7703    -63.172   -11.5842   -8.22611   -13.2198   -14.5782   -6.86036    -33.466    41.4257
    24.375     80.375     1.8667   -35.1971   -1.27682   -0.32178   -10.5376    -9.9289    32.2117    -53.162    39.6919
    24.375     80.625   -2.39173   -52.8753    12.0022    13.3199   -7.61683   -4.34865   -8.08358   -66.5237    31.4204
    24.375     80.875   -6.95638   -55.8038    2.09601   -1.47201   -8.77668   -6.13889    7.79925   -57.1112    28.1573
    24.375     81.125   -7.54875    -55.986   -1.84158   -9.54103   -11.5989   -7.04018    10.7893   -44.1413    31.6624
    24.375     81.375   -27.6469   -74.5286   -9.75754   -9.29026   -9.70558   -8.46974    3.13744   -64.9562    24.5171
    24.375     81.625   -12.6051   -62.1431   -7.66869   -6.25018   -12.0938   -8.97047    14.2978   -76.2739    30.2877
    24.375     81.875    17.0325   -49.7868    11.2197    2.00689    1.41431    4.20556    22.2176   -74.1471    30.7841
    24.375     82.125    17.7644   -61.9202    11.4718     7.8309    1.31399   -1.13298    28.9847   -62.9348    23.9523
    24.375     82.375    13.9284   -62.3901    14.0056     7.7778   0.722919   -1.59986    29.8225   -39.9971    14.0188
    24.375     82.625     12.645   -55.6504    27.0276    9.89696    5.38212    9.72828    7.31982   -59.5646   0.873911
    24.375     82.875    18.4764   -55.5184    32.6718    14.1667    9.66598    14.2947    6.06793   -52.0119    1.23656
    24.375     83.125    4.66806   -58.7353    11.9381    4.68074    2.00417    7.06572    26.1926   -77.8287    0.97591
    24.375     83.375    14.1743   -30.1768    16.6645    8.01132    6.58492    9.88463   -1.55861   -63.4299    8.61964
    24.375     83.625    -21.742   -55.8957   -2.20318   -2.97155   -3.78867  -0.591276    30.5116   -28.1408    26.5268
    24.375     83.875   -32.5094   -91.5304   -3.71767   -1.14047   -5.27215   -5.97946    31.7164    9.88299    39.9795
    24.375     84.125   -16.5918   -69.0553    6.02594    3.68911   -3.08626     -7.383    40.6168   -14.3683    55.5397
    24.375     84.375     25.171   -34.5441    37.7341     34.783    23.0261    22.0759    47.9224    18.1157     44.838
    24.375     84.625    3.02929   -83.0268     10.756    3.37597  0.0566591    1.33291    32.0533   -20.7289    40.1907
    24.375     84.875   -7.62216    -84.789    10.9768   -7.94915   -8.32175   -4.26897    24.7748   -3.16882    46.8331
    24.375     85.125    -6.6682   -64.7903    11.8034   0.635284     1.9278    7.46863    45.6412    8.66466    49.5225
    24.375     85.375    -17.319     -71.69    1.84319   0.904895    2.40285    7.29303    25.2826   -12.5867    22.0652
    24.375     85.625    -16.324   -87.5081    6.38534    3.08774     3.8117    7.13569   -4.68655    10.6064    30.8477
    24.375     85.875    5.93984    -79.261    7.56234    3.13553    2.38533    3.05083    6.28419     22.207    11.1624
    24.375     86.125   -29.2065   -96.4594   -3.77172   0.995649   0.752406    2.29446    41.6227    17.8593    12.6902
    24.375     86.375   -20.6741   -55.6866   -5.43318  0.0279961   -2.04582   -4.95792   -16.3101    35.4366    12.5772
    24.375     86.625   -16.2958   -66.1574    3.60103    12.8446    11.5614     6.8451    25.8947    8.00338    24.7932
    24.375     86.875   -17.1783   -56.0461   -5.18441    4.03381   -1.91319    -1.5084    17.3856    17.7049     10.973
    24.375     87.125   -17.0794   -47.8308   -16.2712   -9.52169   -9.48107   -7.51105  -0.791512    34.2573   -6.68347
    24.375     87.375   -5.79637   -27.7219    2.98298    19.1095    14.9502     11.226    56.8064    8.43536    -44.707
    24.375     87.625   -5.70517   -30.0756   -1.88332   0.717458   -3.95322   -4.43821    35.4227    20.4892     17.837
    24.375     87.875   -19.1867   -51.7882   -8.15014  -0.432933   -8.49435    -8.9368    7.03371    18.3246  -0.359723
    24.375     88.125    -11.902   -51.8652   -4.10885    5.22549   -1.63133   -5.12032     -6.658    8.54382   -6.89027
    24.375     92.375   -2.25024   -6.46226    11.5498    19.9396   -9.32612   -20.3809  -0.851009    22.0812   -1.25267
    24.375     92.625   -25.1719   -25.3364   -20.0766   -8.29093   -25.0625   -37.0554   -22.9761    12.0957    -28.684
    24.375     92.875   -61.4255   -65.4656   -57.0376   -50.9428   -50.7578   -54.5777   -43.5015    42.7726    9.12785
    24.375     93.125   -83.8605   -99.4516   -66.4892   -53.7762   -50.8943   -57.3716   -45.3005    16.5926   -19.5574
    24.375     93.375    -66.494   -78.8047   -49.8654   -46.1014   -45.9195   -57.9973   -49.6052   -1.72462   -51.4829
    24.375     93.625   -66.4168   -73.5791   -52.6621   -51.0762    -53.469   -63.4595   -60.2362   -9.85531   -56.9255
    24.375     93.875   -62.3953   -68.0886   -42.9941   -39.6742   -41.0189   -57.9915   -48.7903   -7.71715   -47.6036
    24.375     94.125   -27.1738   -30.8358   -20.6472   -18.2885   -21.0224   -26.2734   -20.5073   -3.11652   -40.3667
    24.125     68.875   -2.19306   -53.1685    3.48793    4.43527    4.62244    4.21716    8.40511   -81.3547    3.93989
    24.125     69.125   -6.80042   -55.2003   0.904119    1.66562      2.069    1.76204    7.66101   -76.4205   0.946287
    24.125     69.375   -6.99882   -54.2428    1.01861     1.8337    2.34951    1.96053    11.2589   -75.0238    1.02731
    24.125     69.625   -6.92151    -54.021    1.86275    2.20001    2.62426    2.34316    15.7142   -78.1355    1.33146
    24.125     69.875   -2.63111   -51.8538    4.80049    4.98929    5.27444     5.4902    12.9849   -67.1926    5.41251
    24.125     70.125   -7.05532   -55.7047    2.35419     2.5788    2.67931    2.72156    4.18076   -65.8308    1.78851
    24.125     70.375   -6.40532   -55.5019    2.14202    2.58348    2.77201    2.81213   0.396642   -64.6217    1.38007
    24.125     70.625   -3.87039   -54.6849    2.69496    3.08671     3.2985     3.3286    1.00808   -64.2957      1.917
    24.125     70.875   -4.12591   -54.7064     2.0528    2.38018    2.60294    2.65277   0.422317   -73.0035    1.04312
    24.125     71.125   -3.80395   -53.4344    1.65947    1.84376    2.09025    2.18186   -1.16696   -82.8859  -0.215626
    24.125     71.375    3.95792   -38.0309    10.2765    10.9072    11.8149    11.8807    3.82057   -69.1518    16.1095
    24.125     71.625   -1.54212   -42.4392    6.46206    7.69295    9.67896    10.1688    37.8426   -53.2733    31.2129
    24.125     71.875    7.02734   -43.7528    17.0266     17.209    16.8277    17.8828    25.3807   -26.0456    31.3698
    24.125     72.125    9.77125   -42.4264    19.2125    19.4895    18.4696    19.4061    33.0074   -19.2576    31.0392
    24.125     72.375  -0.132494   -50.3988    10.4203    9.99253     10.307    11.4847    61.1829   -54.0889    43.0803
    24.125     72.625   0.496718   -56.6511    12.0678    11.6856     11.905    12.8246    59.6079     -73.91    47.9965
    24.125     72.875    23.4719   -47.9055    32.4337    30.8734    23.5976    27.9233    65.5537   -99.0222     60.952
    24.125     73.125    2.11574   -76.7731    12.5279    17.0463    15.8065    23.4581    55.3101    -64.757    64.0905
    24.125     73.375    14.6297   -48.2831    24.7721    27.7876    31.0467     37.232    86.4329   -71.8115    60.5755
    24.125     73.625   -3.36975    -13.963    7.43465    15.8518    23.4025    34.4635    65.5451    -85.718    46.1203
    24.125     73.875     13.509   -49.4261    17.9245    26.8129    33.4569    42.6547     68.266    -81.642    63.3803
    24.125     74.125    13.2265   -39.8589    18.6234    25.9317    32.2234     41.437    54.7597   -84.0864    73.7569
    24.125     74.375     22.791   -15.8507    29.5191    33.5939    36.4236    42.6915    46.4521   -57.4513    66.2002
    24.125     74.625    39.0747    11.4787     32.752    34.8695    36.3997    39.0818    47.9835   -95.6551    69.7202
    24.125     74.875    16.8816   -9.22293    22.9801    25.1761     27.455    31.0498    40.0142   -68.8909    97.6183
    24.125     75.125    12.3184   -7.01343    11.3179    16.0238    19.4745    24.2582     33.935   -50.1414    96.5788
    24.125     75.375    6.70002   -1.73033    18.1094    23.0522    26.0213     30.935    77.9577   -26.9815    79.9231
    24.125     75.625    38.3056    2.70109    45.3406     48.346    51.4781     50.886    71.3129   -41.3932    87.1735
    24.125     75.875    46.0644   0.427054    56.7964    62.9265    62.4179     61.991     30.478   -23.6082    75.5598
    24.125     76.125    49.0733   -2.74653    58.1504    56.6436    51.4581    51.6768    41.8793   -43.8332    77.0795
    24.125     76.375    41.3787   -14.7856    55.1038    52.3232    50.9664    53.7138    20.7616   -16.8979    63.4171
    24.125     76.625      48.14   -3.53152    60.7555    60.4812    55.9705    64.2698    30.3883    2.83886     58.456
    24.125     76.875    56.5235    12.7476    67.0339     64.076    53.6957     62.135    35.8828    -31.488    57.0428
    24.125     77.125  0.0387394   -16.9969    22.0047    25.2168    19.7616    26.2154    40.2212   -74.8965    51.8973
    24.125     77.375    3.52743   -23.9843    19.6804    19.7786    13.5485    27.9188    51.4244   -79.7048    43.6333
    24.125     77.625    44.0607   -7.85645    60.2475    49.3602    25.3963    34.3436    50.9262    -39.236    65.8006
    24.125     77.875    20.8331   -19.5455    32.4924    26.1743    3.41341    7.35143    52.3038   -51.1187    45.5991
    24.125     78.125   0.903006   -34.0123    26.1673    25.9497    15.3161    20.5689    15.8398   -93.2283     49.561
    24.125     78.375    6.39058   -32.3652    27.3764    27.1043    19.5033    27.4663    15.1557   -90.9396    54.4118
    24.125     78.625    38.8561   -9.03514    45.7904    33.8561    28.1205    36.5126    41.9885   -53.5971    56.0019
    24.125     78.875   0.721452   -38.6678    16.9909    19.0291   -1.46633    3.98839    22.2367   -60.3631    32.0156
    24.125     79.125   -3.61197   -61.7842    17.7679    24.1224    1.72547    2.38631    25.9758   -93.5275    34.4744
    24.125     79.375   -5.86787   -57.5074    9.49353    7.81857   -6.53268   -2.33672    39.4249   -98.9887    27.8286
    24.125     79.625   -21.4352   -71.5752   -5.97199   -7.97564   -14.3533   -11.6762    33.1092   -95.1024      36.51
    24.125     79.875   -10.1616   -69.1073    20.9255    4.05558   -6.34565    -5.6232     25.343   -53.1862    24.1881
    24.125     80.125   -12.0333   -61.4494    13.5431    9.31078   -12.5801   -11.2262    10.1549   -43.1685    24.6813
    24.125     80.375   -24.1229   -61.8499   -8.80757   -8.85226   -13.1201   -12.0666   -10.8834   -51.6586   -5.17261
    24.125     80.625   -1.42802   -58.8109    10.8553     7.8921   -8.46754   -6.37134   -15.6968   -51.1895    10.5872
    24.125     80.875   -3.82973   -49.1752     8.1974    4.07173   0.426815    9.38277   -3.84331   -39.3449    29.4843
    24.125     81.125   -6.69714   -55.2334    4.42965   0.927564   -1.40213     3.0302    -9.7037   -46.4345    31.2078
    24.125     81.375   -26.5565   -76.9238    -7.3192   -5.32177   -8.05942   0.805297    9.70031   -54.0914    24.5671
    24.125     81.625     -23.16   -54.4469    -14.193   -10.0693    -6.6499    3.20862    10.6107   -49.0269     34.967
    24.125     81.875   -3.10809   -56.2065    6.06808   0.600238   -1.63618   -3.26818    9.36802   -65.7878    23.9762
    24.125     82.125    8.08677   -70.3242    8.04465    5.16881   0.850083   -0.27247    21.5202   -58.1974    31.4044
    24.125     82.375     7.0821   -53.3617    7.88314     7.6151    2.88162    2.12966    27.3977   -11.6253    12.5369
    24.125     82.625    10.9819   -69.6215    32.7279    16.5979     12.895    17.0573    14.8531   -37.6539   -3.93398
    24.125     82.875   -2.12422   -48.5721    18.2512    11.6781    9.41304    11.6876    9.18371   -39.0236   -4.14334
    24.125     83.125   -13.8798   -49.8237    2.38056    4.43504    3.64479    7.20332    24.7523   -33.1928    -7.1379
    24.125     83.375   -45.8106   -99.2793   -19.7975   -17.5405   -20.1239   -18.1524    7.64487   -36.7398   -1.66549
    24.125     83.625   -40.1818   -89.8138   -12.5984   -9.70427   -12.8883   -10.3319    18.8215   -35.8861   -17.9018
    24.125     83.875   -12.0949   -67.6136    9.04482    10.5562      7.724    11.9874    49.0951   -88.1887    19.6681
    24.125     84.125   -22.9256   -78.0343    5.44131    10.5648    8.88438    12.2117     58.562   -92.6629    14.9605
    24.125     84.375   -12.4772   -79.2176     5.7001    5.90588    1.43673    4.27074    55.8308    -51.665    27.5809
    24.125     84.625   -31.3999   -86.3746    2.79619   -2.05976   -5.28476   -3.92035    45.8493   -59.1416     36.016
    24.125     84.875   -46.3593   -99.6436   -10.1057   -7.11705   -7.23479   -4.61363    27.7253   -12.0921    40.0013
    24.125     85.125   -53.6663   -99.6212   -15.2714   -9.06285   -9.46828   -6.41793    11.8187   -24.5429    30.4507
    24.125     85.375   -27.7735   -97.0863   -4.86396   -3.84193   -1.25381    5.86596     34.244   -30.2744    29.9826
    24.125     85.625    -29.801   -90.1137   -3.60322  -0.749183  -0.653713    4.49084   -7.55923   -10.9176    42.1968
    24.125     85.875   -22.8159   -62.7144   -1.79741   -2.05355   -4.78993  -0.868633    24.4853      6.546    18.8874
    24.125     86.125   -31.5149   -67.5326   -4.92164   -1.61838  -0.546632    3.44889     69.153    8.06592    13.5692
    24.125     86.375   -47.5307   -97.3804   -16.0792   -9.21825   -6.51897   -3.47083    78.0771     13.445    15.1945
    24.125     86.625   -43.4187   -63.6439   -15.8261   -5.52126   -6.49959   -2.93293    93.8916   -0.37477    25.3876
    24.125     86.875   -12.4417   -43.3958    0.51105    13.5268    9.78893    4.69347    36.0913    26.4737     12.661
    24.125     87.125   -17.5106   -55.3414   -13.6155    0.27028    -6.8597   -9.80275    23.1476    18.4187    22.1939
    24.125     87.375   0.277602   -42.9755   -3.55478    3.70254   -9.41895   -11.5374    8.00149    31.0383    8.01822
    24.125     87.625   -12.0164     -47.05   -8.27335   0.039953   -7.14293   -8.52679    8.76273    23.4288    3.77863
    24.125     87.875   -6.57347   -28.9807   -2.99876    6.66217   -3.90832   -4.36172   -6.33631    23.4946   -9.55663
    24.125     88.125   -7.25638   -26.0883   -1.92715    6.64846   -1.47722   -1.82336    2.21237    19.8766   0.218301
    24.125     88.375   -9.52282   -26.3405   -4.09284     2.3631   -4.40164   -4.41381   -13.5827     36.461  -0.736041
    24.125     91.875    47.5478    28.0744    30.4585    12.3498   -2.95075   -16.7933    28.1973    6.46248   -3.86372
    24.125     92.125    49.0453    35.9345     31.011    27.8074    13.6386   -1.29913    42.1278    11.4375   -4.26347
    24.125     92.375    24.9584     16.985    22.9251    25.5124    3.85814   -5.40864    28.9845    28.0793   -12.8166
    24.125     92.625    -6.5391   -4.65181   -4.68898    6.11824   -1.17492   -5.53841    13.7679    21.1674   0.151311
    24.125     92.875   -92.6702       -100   -78.7456   -67.0368   -64.0345   -70.4051   -53.7406    35.5625    15.0255
    24.125     93.125   -88.6059   -97.7878   -71.4413   -61.5785   -59.6398    -63.842   -61.5484    46.1599   -10.1733
    24.125     93.375   -65.8924   -69.4857   -51.9406   -52.4267   -52.5001   -61.0486   -72.2175    18.7827     -40.04
    24.125     93.625   -62.5531   -64.8579   -49.1334   -49.4725   -49.8319   -59.4337   -67.8152    5.57445    -54.158
    24.125     93.875   -60.6062   -65.3851   -47.3603   -45.1041   -48.4649   -59.3984    -60.262    1.96842   -61.1089
    24.125     94.125   -53.2626   -58.4894   -40.5751   -38.3581   -42.1305   -53.4717   -54.0149     1.7237   -62.0616
    23.875     68.875   -1.71255   -53.4496    4.00816    4.93004    4.96257    4.41423    10.4021   -82.7439     4.3783
    23.875     69.125   -6.77721   -55.4611    1.08524    1.91031    2.30292     1.9699    11.1321   -76.9408    1.27331
    23.875     69.375   -5.88402    -53.256    1.94655    2.82298    3.36409    3.05479    15.3673   -75.6215      2.642
    23.875     69.625   -2.76709   -50.9134    4.74782    5.24269    5.87153    5.83296    22.9884   -76.2654    6.87012
    23.875     69.875    5.25147   -41.1203    12.0642    12.7788    14.3094    15.1861    25.8603   -51.9463     17.844
    23.875     70.125   -4.33632   -48.3713    3.51988    3.79187    3.69005    3.74306    8.80719   -67.0018    4.14651
    23.875     70.375    -4.4262   -49.2265    3.77331    4.11662    4.24491    4.20246    3.75019   -62.5612    4.40302
    23.875     70.625  -0.774063   -47.8674    7.33878    8.16259    8.51209    8.38123    3.08425   -46.3941    10.8071
    23.875     70.875   0.511673   -46.1424    6.90768    7.80008    8.07976    7.45582    3.48955   -48.4638    7.68294
    23.875     71.125   0.533348   -45.8406    8.31358    8.98898    9.12609    8.70852    2.10859   -43.4763    12.9432
    23.875     71.375    13.7472   -29.9228    24.0833    26.2156    21.5952    17.6596     16.603   -52.9742     27.436
    23.875     71.625    7.56066   -33.6159    17.0306    18.5655    20.3476    20.8692    70.1552    -52.295    32.6642
    23.875     71.875   0.056825    -48.675    13.4631    15.0538    16.4299    17.4409    57.5304   -29.2321    35.2421
    23.875     72.125 -0.0214437    -52.942    10.9109    10.2803    10.4573    10.7131    50.4994    -60.709     38.781
    23.875     72.375   0.830633   -53.7943    10.5097    9.26141    8.67083    8.66618    44.6632   -31.5142    38.1055
    23.875     72.625   0.603516   -55.0003     14.134    13.6374    14.2572    15.7927    55.7673   -15.5569    47.4922
    23.875     72.875   -11.3401   -81.4417    8.01888    11.8101    17.9448    27.2935    56.7449   -32.2321    49.2809
    23.875     73.125   -6.91598   -92.2534    10.2062     13.889    19.9961    31.0653    43.5233   -62.4064    21.9214
    23.875     73.375   -5.32156   -55.9109    13.5341    18.0729    24.7501    35.1604    80.8137   -19.8712    20.3804
    23.875     73.625    -7.4274   -61.6072    8.61697    12.5294    16.8649    22.3601    46.5557   -33.5699    42.5394
    23.875     73.875    15.9535   -45.4526    14.7585    22.7757    28.5954    35.9827    68.8919   -51.3198    31.5816
    23.875     74.125    29.2856   -29.7993    39.7565    42.1488    44.4718    48.9535    70.3765   -48.3259    54.5492
    23.875     74.375    41.4373   -0.15926    47.8903    49.8865    51.5966    54.3528    41.9932    -61.992    57.4684
    23.875     74.625     24.644   -29.1917    41.6275    43.9142    45.8451    48.9809    35.3837   -57.0388    45.1373
    23.875     74.875    27.0731   -5.21624    45.3208    48.2554    50.3874    53.6733     74.372   -72.8348    68.8419
    23.875     75.125    31.9873    7.30585    33.3015    39.3553    43.4369    48.8243    79.7131   -55.5478    83.8803
    23.875     75.375    27.7628   -3.65845     38.528    43.2491    45.4349    50.1981    86.2649   -57.6645    71.7476
    23.875     75.625    39.5924    11.7484     53.226    58.5113    58.4226     60.947    62.5223   -32.2813    85.0202
    23.875     75.875    24.1068   0.168281    37.2458    36.7464    38.0651    39.3704    62.4705   -46.8583    73.2351
    23.875     76.125    19.7819   -1.68611    22.2485    26.7807    29.6618    34.2371     24.078   -62.8886    71.0401
    23.875     76.375    9.17915   -3.79755    34.6491    39.8114    39.1188    45.7881    41.0692   -65.3539    84.3387
    23.875     76.625    15.2356    -18.963    34.2463    37.7738    22.9013    29.7305    74.6588   -49.0517    62.5798
    23.875     76.875    40.9813    4.29477    48.1226    45.9282    33.7835    41.0826     52.879   -37.5741    64.3172
    23.875     77.125   -8.16644   -18.0767   -7.56332   -10.1136   -11.8006   -6.65922    17.6673   -76.4599    46.1465
    23.875     77.375    4.71688   -25.7889    16.6849    15.4328    9.61016    23.0197    37.0125   -83.8505    38.7069
    23.875     77.625    20.6554   -31.6415    34.7662    21.7792    12.2549    16.9414    19.2872   -72.5128    63.9522
    23.875     77.875    3.27539   -35.8455    33.5238    32.8054    20.3666    28.0857    28.9393   -66.9073    50.6147
    23.875     78.125   -6.46299   -50.1888    28.8357    28.2556    26.1693    36.5609    23.2418   -96.6875     38.998
    23.875     78.375   -10.9185   -35.7306    9.85886    12.9803    12.3842    22.6672    12.3289   -61.5625    36.8097
    23.875     78.625    36.3918   -9.60086    51.4278    35.1276     22.132    31.2619    20.4659   -49.3254    53.2813
    23.875     78.875  -0.935198   -20.8954    12.7238    3.31414   -2.10524    5.61631    57.5145   -53.8328    57.2847
    23.875     79.125   -18.0686   -53.8517    9.11944    11.8012   -3.74155    4.91234      33.46   -72.6254    41.6968
    23.875     79.375    30.7111   -27.7294    57.4413    58.2356    31.4533    29.9232    39.5666   -73.7141    41.6247
    23.875     79.625    25.8738    -23.447     32.584    25.3604    16.1369    21.2484    52.7723   -46.9128    30.5739
    23.875     79.875     4.6483   -43.7339    26.8759    7.71178   -1.16668    2.24044    36.5512   -31.0825    21.5321
    23.875     80.125    20.6355   -32.2673    37.6777     14.591    10.0388    17.8959    41.2198   -30.3795   -2.09375
    23.875     80.375    -4.1211   -47.8136    15.5672    -3.6482   -10.7409    -3.3465    5.86772   -48.8947   -37.4012
    23.875     80.625   -10.9043   -47.1017    2.00033  -0.588495   -6.23919    2.94445    20.5914   -54.5997   -26.4864
    23.875     80.875    -11.959   -60.1504   -5.40448   -13.8504   -12.6296    -2.6579    32.9503    -66.386    16.9553
    23.875     81.125   -18.5389   -63.0064    -9.2979    -16.921   -17.1259   -7.79633     41.056    -62.982    17.1394
    23.875     81.375   -23.2152   -76.0467   -5.75273   -8.42843    -13.928    -3.0602    31.5955   -79.2192    16.9221
    23.875     81.625   -12.0265    -36.103   -13.2201   -9.52708   -7.13439    1.45799    8.39856   -59.3414    22.5516
    23.875     81.875   -9.95311   -84.1062  -0.702838   -5.98731   -8.80241   -5.49243   -8.50901   -92.4438    28.0586
    23.875     82.125   -38.4121   -99.3525    -7.7736    -5.2326   -7.19416   -3.00081    18.0672   -48.5911     18.749
    23.875     82.375   -8.80199   -39.4153   -4.32393   0.339827   -1.25605    3.59829    33.2187    3.59667    11.0876
    23.875     82.625   -20.1872   -98.9889    8.97544    6.78398    5.42435    9.66999    50.8971   -25.2789   -1.21607
    23.875     82.875     -9.583   -61.1797    12.3906    9.19404    8.38873    13.3914    45.8404   -35.2017   0.127157
    23.875     83.125   -21.3936   -63.7992    4.55536      4.706    3.76279     6.5916    39.2264   -52.0638    3.41498
    23.875     83.375   -35.0554   -73.2962   -1.84546   -1.29607   -1.44415    2.20798    22.4319   -41.8938    9.63378
    23.875     83.625   -18.8483   -57.2902    6.77308   -5.30962   -7.25783   -3.14215    29.6758   -49.1979     27.638
    23.875     83.875   -8.94076   -41.4898    5.77439    1.48575     2.8635    8.69457    55.0677   -42.2334    48.4713
    23.875     84.125   -6.22378   -28.0081    9.20292    12.5605     14.903    21.7005    64.1369   -60.4688    52.0209
    23.875     84.375   -41.4801   -81.4454   -2.14614    0.93003    2.21121    10.6799     72.328   -62.8715    47.7756
    23.875     84.625   -31.4803   -86.8494    9.36139    7.54419   -6.70916   -2.04727    50.3172    -47.287    50.2562
    23.875     84.875   -43.3882   -97.3582   -16.3355   -9.61145   -9.87299   -2.06903    27.3759   -11.7453    25.3286
    23.875     85.125   -44.2904   -97.3699   -12.5083   -5.36718   -2.78492       3.57    27.5421   -25.2723    24.8135
    23.875     85.375   -40.4651    -97.161   -12.0242   -5.82837   -2.76428    6.44686    43.2832   -27.1119    28.1761
    23.875     85.625   -6.17191   -55.2201    16.1779    20.5574    2.75866     5.7466    25.9188    -14.414    35.1878
    23.875     85.875   -1.79379   -44.3008    8.84175    12.5017    1.75717    6.20432    63.9968   -12.3175    49.7717
    23.875     86.125    -48.084   -98.7882   -17.5263   -5.43283   -6.48829   -1.15174    31.5798   -10.7655    23.5462
    23.875     86.375   -30.6706   -33.8297   -6.63965   -7.54049   -4.53351   0.788006    90.2852    2.76361    23.2725
    23.875     86.625   -37.1452   -36.5854   -10.3766   -1.34807   -5.21509  -0.368409    92.7767     3.4559    38.7975
    23.875     86.875   -6.18323   -49.5416    22.9946    43.5832    18.7692   -3.55615     86.626   -10.4208    28.4928
    23.875     87.125    19.6944   -22.2513    7.54193    14.3953     5.6978   -5.28871    40.0315   -9.49157    32.7368
    23.875     87.375    15.2387   -9.08516     12.518    17.8491    12.5225    7.52125    26.1674    16.4287    31.8385
    23.875     87.625   -3.52381   -17.3401    6.24603    10.2503    7.08217    9.18277    2.52833    17.3181    9.07903
    23.875     87.875   -5.47827   -22.8364   -1.85996    6.90584   -1.32563   -1.76969   -16.8936    26.2512   -7.74915
    23.875     88.125   -7.49568   -23.6414    -2.2007    6.57723  -0.831691    -1.8371   -5.17479    28.0945  -0.686362
    23.875     88.375   -15.0435   -30.1641   -9.97818   -4.19389   -10.1261   -11.2673   -36.5784    39.4594    8.30207
    23.875     91.375   -10.3849   -3.49622   -8.18422   -19.3421   -22.9965   -34.5738   -47.2713    29.1295    10.0787
    23.875     91.625   -7.38934   -4.78424   -7.30873   -18.0502   -21.8793   -31.5274   -31.0518    17.5004   -7.53839
    23.875     91.875    14.6772    9.03999    7.76808    7.11286  -0.917287   -13.9472    7.59891    9.37027  0.0344851
    23.875     92.125    1.16158   -2.10357    9.01245    11.3888    3.25146   -6.54072     11.312    21.9019   -17.7205
    23.875     92.375   -2.19598   -4.85501    1.66367    1.94355   -3.98241   -9.28698  -0.324817    27.1192   -47.0772
    23.875     92.625   -14.5992   -17.4339   -7.02882   -4.42589   -7.39101   -10.2774  -0.449533    34.2363   -34.0235
    23.875     92.875   -92.0521   -99.9739   -77.9435   -73.2006     -74.01   -80.2467   -68.0549    41.7326   -16.1596
    23.875     93.125   -88.4983   -98.9577   -71.8378   -66.7193   -67.0711   -75.3691   -69.4967    49.7778   -16.0396
    23.875     93.375   -86.0481   -92.6458   -69.6518    -65.788   -66.3672   -76.0402   -76.7967    50.8045   -14.9439
    23.625     68.625    7.95646   -39.4174    14.8869    17.2004    17.1617     17.161    19.6712   -82.8832    20.5439
    23.625     68.875     10.411    -33.675    18.1564    21.1478    19.8542    19.1329    28.4234   -67.0691    24.3472
    23.625     69.125    8.10191   -33.6487    16.4661    19.6251    19.0166    18.6256      34.21   -66.6557    22.3741
    23.625     69.375    1.70148   -44.9548    10.8019    13.4802    15.5195    17.0056    31.2228   -68.2841    21.9825
    23.625     69.625     3.3848   -43.2862     11.759    13.5999     15.686    17.1079    30.3234   -65.9968     20.872
    23.625     69.875    1.97383   -45.1127    9.70825    10.6807    11.9216    12.5209    23.5866   -61.6719    16.2752
    23.625     70.125   -6.98335   -55.8272    2.36766    2.61733    2.60744    2.72034    11.8588   -74.2379    2.07675
    23.625     70.375   -2.17497   -52.2435     7.3973    7.82989    8.40714    8.75053     10.931   -52.0757    8.61469
    23.625     70.625    5.76924   -39.5164    16.2544    17.7364     19.901    20.9539    19.0084   -17.2685    23.4493
    23.625     70.875    1.03315   -43.1721    14.1513    15.8064     15.987    15.5635    13.1104   -16.3442    26.6884
    23.625     71.125   -1.58898   -47.7192    7.62051    8.41163    8.36621    7.95734    6.16062   -38.3122    12.3471
    23.625     71.375  -0.580204   -46.6917    8.03864    8.83455    9.16766    9.15099    1.34377   -59.7727    10.6908
    23.625     71.625   -4.61362   -47.6504    7.01124    8.92406    10.1432    10.4771    19.2091   -62.5639    30.6108
    23.625     71.875   -5.67887   -49.5086    5.78514    7.03926    8.36633    8.90567     18.865   -66.4531    25.2752
    23.625     72.125   -2.47458   -51.7617    8.93151    9.69997    11.1522    11.8492    41.5986   -54.7466    30.3334
    23.625     72.375   -6.91995   -70.6087    6.53556     9.3898    10.7069    12.0795     12.131   -36.4879    23.5035
    23.625     72.625     11.533   -50.2704    25.7747    26.9513    27.0675    30.6956    57.7181   -22.5356    32.8174
    23.625     72.875    10.5371   -50.5451    20.4472    22.1842    23.8803    27.2843    69.4335   -37.4908    37.5183
    23.625     73.125   -10.5387   -59.0057     8.4052    11.9229    17.2357     26.055    40.5479   -29.3495    7.54847
    23.625     73.375   -17.8576   -94.2809     2.9098    8.24798    13.0944    20.2809    39.4733    -94.517    26.3681
    23.625     73.625   -15.4601   -91.9905    3.99559    8.86024    13.4389    18.2227    44.6277   -97.3193    21.6901
    23.625     73.875   -6.10502   -74.7071    4.86771    11.3742    17.4941    22.6121    87.7417   -71.1445    16.8442
    23.625     74.125    29.9652   -43.9744    42.2271    44.2716    45.5013    49.4893    94.4852   -63.1168     37.087
    23.625     74.375    32.9477   -27.4256    41.2907    43.3481    45.1588     47.582    84.0647   -60.5137    49.4728
    23.625     74.625     33.131   -21.8752    46.1578    48.5243    49.3077    50.5748    87.9903   -84.1487    43.3835
    23.625     74.875    38.0574   -20.0454    54.2099    56.6501    58.7807    62.1408    84.2945   -95.3521    62.4446
    23.625     75.125     16.236   -2.52268    48.4614    53.9109     48.731    47.1708    90.1445   -75.1059    81.0059
    23.625     75.375     36.857    8.37228    63.9784    66.5814    50.2935    51.3373    69.6815    -76.021    71.7523
    23.625     75.625    22.1349   -8.51111    53.7006    59.6516    59.2637    62.0895    70.4466   -85.0573    67.7463
    23.625     75.875    34.8461    8.87092    53.9758    57.6656    54.1525    52.5174    61.1514    -75.764    57.8855
    23.625     76.125     34.457    5.55315    49.7016     54.838    47.9115    46.2953    48.0921    -69.442     74.881
    23.625     76.375    17.3131   -5.50984    31.0248    33.2063     22.021    23.9688    81.2595   -60.7519    93.7469
    23.625     76.625   -1.21446   -35.0807    21.3078    24.6194     11.769    12.9697    80.4155   -59.1879    70.6948
    23.625     76.875   -20.4378   -51.2696    8.69701    12.4561    12.3832    3.52886    78.9367   -68.3136    73.3192
    23.625     77.125   -18.2404    -30.187  -0.724444   -2.35379   -7.32117   -4.46252    41.4617   -60.9368    60.9851
    23.625     77.375    10.5925   -20.4369    29.9664     28.661    14.9564    13.5166    11.3063   -71.5795    49.0433
    23.625     77.625    -7.8751   -53.6891    24.4289    25.9088    14.2985    22.3087   -22.6398   -98.6618    50.3397
    23.625     77.875    8.25011   -45.7977    33.2747     34.885    30.6287    40.6391    18.6138   -75.5331    43.2162
    23.625     78.125   -30.5525   -43.4443  -0.731192    2.26018    6.05512    17.0428   -8.05675   -98.6887    51.2456
    23.625     78.375   -19.6371   -43.5752    11.5671    13.1269    5.56647     17.001   -13.3566   -67.6754    38.0554
    23.625     78.625    -9.3176   -27.5806    4.50218   -5.84018   -7.89131   -1.58786    47.8104   -60.9943     41.165
    23.625     78.875   -12.0488   -32.8767 -0.0991863   -8.91495   -11.1424   -5.52913    56.0271   -55.4841     46.902
    23.625     79.125   -3.70519    -40.454    3.03784   -1.22625   -7.48872   -1.29353    38.7216   -73.3981    28.4364
    23.625     79.375    7.03881   -23.6465    25.6914    2.38992   0.077101    11.1708    49.1215   -60.4149    30.0632
    23.625     79.625    28.1734    -20.438    36.0709    17.2089    11.4565    19.2896    52.2829   -71.2354    31.7807
    23.625     79.875    12.9458   -26.9901    19.9663    14.0279    12.4387     18.434    27.4103   -49.1875    10.7137
    23.625     80.125    12.6004   -28.2778    20.8796    18.5214    15.5283    18.6268    13.0885   -36.7235   -4.91692
    23.625     80.375   -10.7991   -55.1908  -0.799127   -1.79619   -2.09671    3.01794      8.389   -45.3236   -14.8625
    23.625     80.625   -10.9016   -65.6658   -9.45678   -16.0119   -19.8771   -12.6079    13.6502   -65.8843    2.22382
    23.625     80.875   -3.99378   -41.3967   -4.30999   -8.31824   -11.5482   -3.30038    28.3244   -60.1381    9.36923
    23.625     81.125   -1.33241   -49.6988   0.243531   -6.17213   -11.5712  -0.924403    42.3833   -67.7132    22.1968
    23.625     81.375  -0.776114   -35.5207    3.13057   0.885343   -3.71161    4.65566    36.9195   -59.6131     26.547
    23.625     81.625   -1.51471   -74.8976    1.90105   -4.61928   -8.25093   -1.47637     15.005   -95.4399    23.1585
    23.625     81.875   -25.5399   -79.3803   -8.59124   -9.09044   -7.70311   -1.21749    4.49933   -83.3886    28.6317
    23.625     82.125   -40.2854   -89.8593   -10.3703   -5.95822   -4.28073    1.68137    9.44981   -43.2328     18.485
    23.625     82.375   -19.6113   -43.7484   -4.66099    1.38235    1.01091     6.8824    27.6545    -33.003     20.525
    23.625     82.625   -13.1639   -42.4396    1.74026    5.94777    5.94717    9.02374    56.2312   -38.4358    13.4194
    23.625     82.875   -16.3881   -50.4476    3.32412    7.88301    11.7713    10.3974    61.6514   -60.8003    10.7796
    23.625     83.125   -30.6423   -69.0122   0.545286    2.58102    3.56424    6.16253    31.2452    -51.194    11.8783
    23.625     83.375   -37.1023    -72.333   0.133571    2.32614    4.43206    7.39279    37.4633   -56.2615    12.8347
    23.625     83.625   -31.7403   -57.2708   0.371598   -3.47394   -0.16643    7.55845    37.7326   -58.6373    40.3164
    23.625     83.875   -36.6138   -64.7374   -11.7928   -9.61312   -10.6483   -6.94821    47.3327   -60.6954     48.338
    23.625     84.125    -49.247   -99.8874   -18.0874   -13.6267   -13.0423   -9.40112    63.5628   -11.3023    34.2413
    23.625     84.375   -59.4349   -85.9928    -19.761   -12.1007   -12.8063   -8.27552    67.7003   -17.5784    37.8171
    23.625     84.625   -15.3802   -48.5441    11.2654    1.34289    -8.9658   -2.52319    65.3034   -29.4293    57.0855
    23.625     84.875    7.93449   -67.8345    6.00816    1.57118   -3.81028    1.39279    69.2142   -49.9047    41.6853
    23.625     85.125   -15.2098   -67.1878   -4.24824    -2.0803   -3.02322    3.83876    37.7849   -23.2621     35.994
    23.625     85.375    25.1643   -52.6134    24.3042    5.54235   -7.28526    1.25519    67.3602   -27.3131    42.3449
    23.625     85.625    11.4992    -50.776    20.4805    15.7754   0.532559  -0.525422    63.9203   -22.3998    44.8197
    23.625     85.875     6.8855   -50.6569    25.2884    16.4722    11.2186    16.8717    71.5071   -19.4947    65.7518
    23.625     86.125   -56.3238   -99.6288   -24.6298   -14.4946   -12.2956   -8.61405   -12.0619   -11.5063    40.5303
    23.625     86.375   -16.4239   -28.1327   -6.15006   -7.11524    -13.336   -6.88268    48.7009   -6.23147    35.5618
    23.625     86.625     18.788   -11.3508    17.2666    4.78823   -18.1486   -10.1314    50.5601   -9.43613    34.3195
    23.625     86.875    7.26765   -52.3647    5.56754    11.4133    -6.0162   -14.8742    29.7092   -10.6175    34.9981
    23.625     87.125    33.6607   -22.3321    17.9496    22.0544   -6.70057   -18.5463    32.2617   -13.0658    24.6513
    23.625     87.375      8.122   0.549344    7.65715    9.95741    1.40056   -1.16981    33.5189    9.28061    40.6471
    23.625     87.625   -7.90083   -14.2725   -4.46965   -4.48039   -1.76576    1.57251    24.6277    9.37073    32.8191
    23.625     87.875   -5.43287   -14.3317  -0.424066    8.56417    2.06997  -0.573373   -3.41681   0.111171    22.2292
    23.625     88.125   -12.8165   -25.8577    -8.0668    -2.2479   -5.43223   -7.50722   -23.6308    24.6782    21.6575
    23.625     88.375   -12.1756   -27.3594   -8.05525   -1.51878   -5.41043   -8.55027   -32.8947    33.1528    22.1258
    23.625     91.375   -3.31727   -5.17235   -9.33975   -15.6545   -12.3534   -16.8704   -24.7158    21.6384    10.5656
    23.625     91.625   -20.2061   -15.7694   -20.8058   -23.2699   -19.0173   -26.3692   -43.3303    20.5823    12.1556
    23.625     91.875   -20.3726   -15.5468   -11.2717   -6.33865     -7.657   -18.6655   -14.5555    10.6823    7.71586
    23.625     92.375   -18.5015   -16.2438   -10.3797    -11.362   -13.6192    -17.373   -4.85435    27.9581   -46.5208
    23.625     92.625    -22.949   -23.7176    -14.379   -13.8731   -18.7713   -22.8825   -16.9921    35.3733   -57.5237
    23.625     92.875   -52.6975   -57.5907   -39.8062   -36.3019   -38.6977   -45.3887   -35.8884    41.3124   -33.6476
    23.625     93.125   -80.1158   -89.5607   -66.3618   -63.2718   -65.2324   -72.7167   -66.7333    54.2715   -29.3455
    23.375     68.875    11.0593   -30.4607    19.0684    21.6678      20.36    19.4202    42.4903   -68.7319    24.1416
    23.375     69.125     9.3022   -32.4757    19.0085    22.0021    20.9511     20.921    46.9465   -70.7246    27.8903
    23.375     69.375    7.51958   -32.8968    17.1979    19.2837    21.6492    23.7949    48.9517   -69.2486    30.4371
    23.375     69.625     9.1656   -31.9222    17.6226    19.0761    21.4275     23.024    34.3462    -62.079    27.9435
    23.375     69.875    9.63576   -34.5126    17.7138    18.8106    21.0231    22.4277    33.4206   -55.7196    24.1529
    23.375     70.125     9.9025   -32.6189     20.064    21.8185    24.2932    25.8252     25.423   -44.4297    23.7991
    23.375     70.375    4.23592   -39.6207    17.5973    19.8605    22.6988    24.9617    20.9955   -35.1038    28.0364
    23.375     70.625    4.24142   -38.8312    17.2088    19.6103    23.1309     25.794    24.0129   -32.7954    31.3956
    23.375     70.875   -6.06661   -51.8771    7.40162    9.20221    10.6542    11.4706    18.5383   -37.9334    16.5952
    23.375     71.125   -8.05356    -57.134    1.82997     2.2931    2.60943    2.55099    12.7091   -58.8103    1.73575
    23.375     71.375   -8.21478   -58.8902  -0.262437 -0.00101549 -0.0193826 -0.0458807    7.90556   -71.0197   0.336858
    23.375     71.625   -7.87469   -56.8246    2.75109    3.98869    4.92924    5.52519    3.34038    -48.246    16.7938
    23.375     71.875    1.05195   -47.0443    17.5737    18.6445    19.7399    20.6947    24.6944   -54.3495     35.402
    23.375     72.125   -2.71631   -51.3893      11.87    13.3405    13.9263    14.1083    40.7475   -32.0475     17.968
    23.375     72.375    8.44773   -68.0068    27.7923    27.8157    23.7927    25.1485    63.0829   -63.1086    12.2491
    23.375     72.625    4.63321   -69.7477    26.4893    28.3847    27.9602    31.1137    42.1172   -29.1866    11.0544
    23.375     72.875    18.5787   -50.9689    29.4216    31.2509    31.5667    35.1594    70.0365   -52.5516     12.839
    23.375     73.125    13.2114   -56.5102     32.756    35.4754    36.6866    40.4079     83.598   -89.8071    14.3297
    23.375     73.375    20.2505   -47.9117    37.8984    41.3779    43.4917     46.747    62.4237   -86.6285    17.5881
    23.375     73.625    6.35857   -49.9559    21.6967    23.2924     24.246    27.0351    40.0468   -74.9282    12.2944
    23.375     73.875   -13.3975   -73.5009    1.60468    5.86159    10.6364    14.4813    8.12266   -63.8535    14.4944
    23.375     74.125     13.095   -44.4153    18.9231     21.261    22.6995    25.2779    39.4016   -41.3774    11.2989
    23.375     74.375    14.4672   -32.3697    21.3472    24.2649    24.8506    27.6919    73.6367   -44.3619     25.477
    23.375     74.625    22.8641   -37.9495    38.0966    40.8969    41.8598    43.3561    95.0229   -73.8156    39.6778
    23.375     74.875    38.2756   -19.6568    56.9869       59.7    61.1546    54.8002    98.0882   -82.5429     55.457
    23.375     75.125    10.8887   -8.94423    47.6358    53.1822      43.87    47.8628    83.5476   -79.0453    75.2434
    23.375     75.375    37.0134    6.82705    65.6824    73.8643    68.5199    73.7025    65.7261   -31.1533    62.7143
    23.375     75.625    -6.0785   -20.1814    26.1852    32.5327    30.1999     22.043    43.9325   -73.1943    62.3619
    23.375     75.875   -8.19891   -12.8556    10.3637    17.9868     22.016    22.4064    55.0748   -45.1032    72.8257
    23.375     76.125    7.79962     -16.37    46.2474    53.4147    50.1741    46.4368    39.2132   -55.1777    92.2467
    23.375     76.375    21.5277   -10.9646    40.7913    46.8234     47.208    44.9369    61.7566   -82.1942    85.4139
    23.375     76.625   -8.59703   -26.5933   0.710441    7.30023    11.4193    12.8894    50.6349   -71.7474    82.2357
    23.375     76.875   -53.4977   -68.3045   -20.8085   -15.6932   -13.1683   -13.2526    24.9111   -78.4489    69.4736
    23.375     77.125   -24.6016   -27.1262     9.5301    16.2531    13.4469    11.7074   -9.31564   -73.2831    56.2623
    23.375     77.375   -3.44755   -61.5387    12.6311   -9.79092   -10.7545   -6.00144    38.6231   -64.6103    40.8423
    23.375     77.625  -0.784049   -51.1495    12.5907    4.12642   -5.68077  -0.719143     9.6965   -64.0469    43.8363
    23.375     77.875    15.4609   -25.4169    20.2984    18.6258      21.18    30.5881   -2.45106   -62.7803    49.4296
    23.375     78.125    26.3801   -30.2963    46.0303    41.0962     38.583     53.158    42.2843   -94.6183    49.5125
    23.375     78.375   -7.64208   -47.1179    14.7558    13.8048    6.09477    13.3025    32.1995   -78.7968    36.8789
    23.375     78.625   -21.2719   -49.0197   -4.54248   -5.35065   -5.53559  -0.874305    44.9621   -46.3504    34.8563
    23.375     78.875   -15.8333   -62.0194   0.249037   -3.19124   -3.36557   0.726351    21.9501   -79.8167     22.109
    23.375     79.125   -16.1276   -63.6177     4.2147    1.84158   -6.60749   -2.88814    19.9102   -70.7134    30.8374
    23.375     79.375    27.4811   -33.6709    14.4481  -0.243626   -12.5041   -10.4187    33.8724   -81.0188    35.4264
    23.375     79.625    14.4735   -43.9301    27.3982    23.9019    20.0413    28.2898    34.7034   -95.8831    0.49769
    23.375     79.875    12.4502    -47.409    26.0577    24.2219    17.8611    24.4516    8.13335   -88.7541   -1.62034
    23.375     80.125   -8.52145   -69.7367    4.50182    4.18429  -0.339239    3.65341  -0.583781   -75.2921    -7.8472
    23.375     80.375   -48.7051   -98.7349   -25.6241   -26.7563   -26.1484   -20.4401    16.6416   -56.2673  -0.647875
    23.375     80.625   -18.5388    -61.991   -18.4352   -31.5844   -31.0408   -20.2908    1.22689   -70.0753   -8.29369
    23.375     80.875    -22.232   -51.8541   -7.08568   -7.95507   -18.1614   -5.64195    22.9314   -74.7378    20.8106
    23.375     81.125   -29.0272   -53.4535  -0.311764      4.645   -15.3347   -3.04548    21.4018   -76.2994    30.2567
    23.375     81.375   -5.60238   -76.1353    11.2244    12.7312   -13.8435   -8.28722    12.1051   -98.6712    21.0017
    23.375     81.625   -6.69065   -74.6738    6.68164     -2.059   -10.3342   -4.24073    28.4503   -98.9531    27.3307
    23.375     81.875   -18.7406   -87.4098    3.30988   -1.29828    -5.8913   -3.03693    7.29047       -100    25.3214
    23.375     82.125   -36.9355   -94.9219   0.155262    6.88399    5.92963    15.5125   -16.5007    -93.046    18.9432
    23.375     82.375   -17.4835   -39.2029   -12.2489   -8.82418   -10.6688   -1.34789    30.1335    -39.187    17.3333
    23.375     82.625   -27.8186   -66.2458   -7.45426   -3.95058   -7.24596    0.46801    27.3533   -53.0015    12.9121
    23.375     82.875   -38.6529   -98.7673   -7.38612   -3.10953   -8.02192    -9.0024    8.43962   -60.0686    17.6425
    23.375     83.125   -43.6876   -90.9275   -7.90012   -6.95304   -8.26334   -5.22533     22.526   -73.9661    19.1391
    23.375     83.375   -35.9443   -62.4803   -5.80461    -1.9612   -1.35981    2.10568     28.625   -68.9543    31.0903
    23.375     83.625   -26.1019   -44.2594   -8.79317   -3.51593   -2.54709     1.0696    33.0784   -95.1584    31.1957
    23.375     83.875   -67.7029   -91.3089   -23.7219   -17.2893   -21.4529   -10.6233     41.708     -97.25    35.6994
    23.375     84.125   -83.4216   -85.6252   -35.1694   -22.5822   -30.6794   -25.5509    61.4292   -34.5612    3.48906
    23.375     84.375   -71.3396   -94.0777   -31.0463   -23.6957   -21.2289   -13.2268    75.3897   -11.9571    43.3405
    23.375     84.625   -33.3193   -98.1771   -9.04741   -11.4228   -14.7013   -4.67644    66.1739   -25.9101    49.0064
    23.375     84.875   -14.6945   -92.4645   -1.58627   -4.61335   -14.3553   -4.59419    46.6055   -32.3648    30.7929
    23.375     85.125   -6.04873   -49.0101    12.1827   0.445261   -4.18596    2.14894    85.5516   -24.6686    24.2607
    23.375     85.375    22.1866   -36.3007    20.4129    5.81284    -3.8201  -0.140089    65.5855   -28.6852    41.4403
    23.375     85.625   -8.83244   -47.9996    7.88155    3.15977   -5.13736   -1.91026    56.3064   -34.8291    43.0336
    23.375     85.875   -50.3182    -99.737   -9.97248   -4.41107   -10.4533   -6.42692     38.594   -7.65127    67.3521
    23.375     86.125   -22.6661   -54.1294   -8.23043   -3.66983   -6.75623   -5.05399     36.856    3.08066     40.188
    23.375     86.375   -2.38276   -31.8032    14.4775    14.5076   -8.16813   -4.59256    62.9672    17.6676    37.6907
    23.375     86.625   -26.4579   -71.7711   -2.74917  -0.217768   -19.1155   -12.6442    64.4185     5.6805    46.6276
    23.375     86.875   -37.4015   -55.3042   -9.91346    2.05277   -12.2071    -6.0097    31.7112   -24.6231    43.0087
    23.375     87.125   -12.3158   -8.21206   -8.23879   -1.12643   -11.1655   -8.41863    47.0298   -10.2433    42.5934
    23.375     87.375   -10.4123   -11.9828   -15.6254   -9.97322   -20.1448   -16.9142    46.1174   -10.5661    43.9309
    23.375     87.625    22.7929   -13.4729    8.51216    13.9547   -7.01725   -12.8554    57.7617   -2.86303    53.8785
    23.375     87.875   -10.2954   -24.1853   -5.03593    2.22222   -2.39038   -4.85059   -14.5612    19.6454    29.9138
    23.375     88.125   -18.0058   -26.2211   -15.9177   -9.10085   -12.3296   -15.6347   -36.8447    38.1489    32.1455
    23.375     88.375   -5.52606   -22.7495   -2.69463    5.10088  -0.911331   -4.94244   -11.5093    40.0627    39.3897
    23.375     88.625   -2.41757   -17.8702    1.05794     12.384    2.44569   -1.50176   -2.97017    50.8123      48.59
    23.375     91.375    9.72832   -4.93445  -0.458334   -14.0964   -10.1475   -12.8521   -17.6907    13.3898    19.9817
    23.375     91.625  -0.854189   -6.03671   -5.49043   -12.4233   -10.9749    -14.329   -22.5111     17.702    21.7909
    23.375     92.625   -26.6355   -28.9322   -19.8332   -22.0714   -28.4368   -34.4596   -22.7466    40.9564   -61.4316
    23.375     92.875   -32.9301   -35.7752   -24.9061   -26.6333   -31.7802   -37.9162   -17.9571    43.1089   -53.4743
    23.375     93.125   -87.5572    -97.264    -71.244   -67.8475   -69.1799   -77.1165   -71.8336    48.0393    -39.994
    23.125     68.875    12.2582   -31.7924    21.1585     24.325    25.1016    25.5204     32.436   -70.8611    26.6395
    23.125     69.125    13.1468   -27.1013    23.2922    27.1508    27.3411    28.1439    49.8744   -68.9042    31.5813
    23.125     69.375    6.71845   -36.1945    17.2145    19.4856    21.8981    24.1474     39.607   -70.6506     33.719
    23.125     69.625    7.32867   -36.5872    17.0782    18.7599    21.3031    23.3483     34.972   -67.0864    33.6054
    23.125     69.875      12.77   -29.6181    22.0306    23.9102    26.9936     29.014    41.8413   -56.5383    30.2325
    23.125     70.125    9.02046   -35.9928    18.1198    18.2616    20.1129    21.6828    21.9142    -39.053    19.4447
    23.125     70.875   -5.85925   -58.2686    11.5343    12.7196    14.0414    14.5906    48.0257   -31.9562     11.248
    23.125     71.125   -7.71144   -61.2759    11.3817    13.2597    14.6807     15.246    49.2558   -28.4276    11.8227
    23.125     71.375    -10.303   -59.4358    1.53348    2.98654    4.11246    4.73297    19.4745     -22.11    5.00162
    23.125     71.625   -6.61709   -57.9181    5.24204    7.32756    8.50253     9.2353    49.7587   -11.8679    4.74357
    23.125     71.875   -13.6308    -67.086    2.68687    5.77933    7.22707    8.27628     26.033   -31.2177    1.28064
    23.125     72.125   -4.03383   -28.5937     13.903    15.7636    17.3511    18.3966    43.1333     26.796    19.3878
    23.125     72.375   -6.92272   -45.3458    13.1507    18.4891    20.6715    23.0475    29.7846   -34.7816    8.73074
    23.125     72.625    10.8282   -52.5271    31.9903    35.8359    37.6133    41.6386    78.2175   -48.4139    15.9551
    23.125     72.875    4.28157   -55.9407    23.0081    24.2799    23.7804    26.0526    29.4489   -49.2024    6.53135
    23.125     73.125    6.21464   -72.2457    21.4767     22.643    22.5284    24.3781    23.6194   -95.8941    9.94461
    23.125     73.375    18.1381   -49.7403    35.3783     37.453    39.1643    43.2881     48.074   -72.5295    11.8467
    23.125     73.625    7.82003    -45.802    27.1231     29.357    30.3613    33.4671    19.3016   -33.9709    16.1915
    23.125     73.875  0.0744206   -63.1955     17.367    19.3065    19.9815    22.4655    42.3503   -34.6423    13.3865
    23.125     74.125    7.08161   -39.6895     23.008    26.0423    27.7949    31.5367    78.7662   -47.8709    18.2899
    23.125     74.375    12.4399   -36.5217    28.8051     30.702     31.867     34.677    81.2018   -55.0292    21.4205
    23.125     74.625    9.91482   -41.9066    30.4973    32.9125    34.1035    34.3918    97.1952   -25.2298    29.0717
    23.125     74.875    21.8994   -29.8519    46.7163    49.8694    51.1682    45.5455     98.765   -75.4766    54.7935
    23.125     75.125    11.2406   -26.8332    44.6147    49.1033    44.1536     45.129    85.7504   -68.8628    62.8563
    23.125     75.375    2.81788   -33.1256    40.1478    46.8851     47.998    45.1321    54.3312   -65.3756    65.5425
    23.125     75.625   -21.5201    -13.972     7.9933    14.7957    17.2076    12.1038    47.4159   -70.7017    60.3172
    23.125     75.875   -19.4405   -9.40991    12.6687    18.8945    22.5168    21.2081    43.0531   -67.5794    57.2355
    23.125     76.125   -5.11053   -23.5393    20.4914    28.2488    32.8587    33.7693    45.4273   -61.6477    80.4697
    23.125     76.375    7.41852   -15.7318    21.1471    28.0124    33.0788    33.6377    57.8653   -77.4024    83.1901
    23.125     76.625   -8.74004   -24.9148   -5.24765   0.177095    4.19916    8.15671     48.371   -79.4241    61.0157
    23.125     76.875   -37.0402   -29.9951   -16.2363   -11.9265   -13.3308   -9.52663    27.2715   -72.9931     48.409
    23.125     77.125   -24.0184   -16.2252   -7.34838    -2.2079   -6.39385   -2.70422    16.6163   -70.1735    58.1924
    23.125     77.375   -4.48986   -39.7291    11.1703  -0.396889   0.275227    4.81391    34.1906   -59.0163    37.7341
    23.125     77.625   -26.3263   -48.6435    3.79297  -0.243701    1.00973    7.03666    48.9796   -69.2856    31.0582
    23.125     77.875   -3.41954   -41.5322    3.82644    3.61446    6.13251    13.5085    30.5267   -84.7808    37.4287
    23.125     78.125  -0.713304   -41.1401     5.4526     2.6378    6.07413    12.4411    63.9898   -62.2217    34.8505
    23.125     78.375   -21.1797     -55.97    2.64424    2.89623   0.334579    5.01112    44.0354   -69.1694    35.7087
    23.125     78.625   -6.81966   -62.5752    3.26056    2.24333   0.457902    3.92856    15.4561    -70.193    1.47017
    23.125     78.875   -12.2729   -63.1507  -0.552698   -1.51218   -2.12559    1.91716    14.6562   -67.5136    21.9267
    23.125     79.125   -14.6185   -76.2716    1.11764    1.90539   -2.20539   0.321147   -2.12303   -94.6797    19.5275
    23.125     79.375   -9.51561   -69.3365    6.80751    6.64053   0.897582    3.17193  -0.117373   -82.4073    13.5537
    23.125     79.625   -28.5491   -83.9181   -10.8813   -8.27731   -8.66409   -4.05727      4.694    -78.538    1.79608
    23.125     79.875   -17.3635    -74.096   0.463311     2.0205    1.62977    6.83077    16.0504   -98.8439    -5.4967
    23.125     80.125   -23.4767   -78.1455   -7.33596   -5.32213   -5.12409  -0.442678    12.3592    -99.589   -3.04888
    23.125     80.375    -35.768   -66.8998     -16.23   -14.1606   -13.6361   -6.17629    27.5376   -70.7067    14.9517
    23.125     80.625  -0.556438   -43.1791    7.40598    4.51696    6.15649    14.8591    2.31682   -84.3519    31.9712
    23.125     80.875   -20.9333    -80.783   -6.15143   -5.39664   -8.49099   -2.47039    6.92728   -95.1268    15.0196
    23.125     81.125   -25.3723   -62.8067    -9.5398   -8.64973   -15.1633   -6.28583    25.1021   -98.3977    34.7763
    23.125     81.375   -16.3028   -63.9312   -3.36104   -3.49361   -18.0834   -8.18357    13.5018   -85.5153    34.2742
    23.125     81.625   -37.8131   -98.8382   -13.2502   -18.0044   -15.6901   -9.59037    12.5758   -81.3961    31.6626
    23.125     81.875   -24.3193   -80.0976   -2.80252   -11.3372   -16.9172   -16.6429   -39.5062   -98.3825    10.7427
    23.125     82.125   -58.9816   -93.1868   -22.2838   -17.5275   -17.6257   -8.11846    12.0181   -56.5109    23.0613
    23.125     82.375   -30.0431   -99.1681  -0.305377   0.866213    -4.6337    1.34411     31.539   -48.8072    18.1186
    23.125     82.625   -43.7612   -99.3023   -16.8225   -12.5874   -12.5731   -2.11642    30.3854   -44.5628    6.95519
    23.125     82.875   -29.1556    -97.839   -13.6301   -13.5657   -19.6178   -19.9331     5.1048   -59.3076    17.3644
    23.125     83.125    -44.448   -98.3426   -18.2213   -18.4644    -20.851   -19.0033    12.0356   -57.1564    20.6662
    23.125     83.375   -26.1656    -59.478   -14.0031   -8.42353   -9.41919   -5.57391    25.5638   -99.0435    29.4433
    23.125     83.625    -32.401   -38.9606    -17.555    -9.3422   -6.80597   0.489854    36.2854   -96.5533    38.8002
    23.125     83.875    3.98056   -14.3197    14.9799    15.5692    11.5878    15.3719    39.6905   -63.8619    22.2927
    23.125     84.125   -87.1301   -87.5194    -41.017   -31.5975   -37.1481   -29.6633    58.2539    -49.378    18.2299
    23.125     84.375   -79.3415   -93.9995   -37.4066    -29.883   -33.6889   -26.0013    65.4169   -17.4081     16.965
    23.125     84.625   -5.80914   -67.6226    15.3483    3.01527    -4.6858    3.95204    64.1652   -41.3039    22.1819
    23.125     84.875    3.75435   -47.7585     26.108    11.8804    -1.5887    4.34382    64.8892   -31.1101    32.2069
    23.125     85.125   -2.63412   -46.7953    12.3249    8.04813     2.2698    6.51982    51.5762   -34.0133    18.8918
    23.125     85.375     4.0764   -47.8952    15.0552    1.80872    -7.0392  -0.911768    89.6538    -42.877    43.4656
    23.125     85.625   -10.6925   -55.4462  -0.618186    1.90087   -5.30755   -1.07096    54.6118   -46.7222     48.701
    23.125     85.875   -15.5074   -46.4503    -12.593   -7.42899   -8.22473    -4.3073     36.121   -25.2688    44.9278
    23.125     86.125   -41.5856   -86.9784    -24.106    -12.107   -15.3734   -9.46124    42.3016    -15.635    53.1721
    23.125     86.375   -29.4499   -52.8362   0.393666   -2.02334   -6.73002    -3.1442    64.1204   -7.36792    45.7677
    23.125     86.625   -17.2751   -12.3783    9.38928    1.34281   -8.77044   -3.93469    63.1387   -9.70046    40.5813
    23.125     86.875   -30.5589   -15.3331    7.00706    8.84794   -14.5367   -5.39797    65.5387    -29.735    54.9331
    23.125     87.125    1.85468    5.27773    10.1929    14.5314   -11.0607   -9.61742    51.6707   -17.6599    49.9213
    23.125     87.375    41.9607    13.2644    50.3298    60.2058    5.26829   -9.77954    47.3384   -11.8985    51.3831
    23.125     87.625    24.5448   -1.27026    15.8879    25.4595   -9.28835   -16.5202    49.9263    1.62935     53.984
    23.125     87.875    1.05233   -15.9111   -3.50899     4.6105    -12.315   -18.4339   -25.4488    5.25188    43.1308
    23.125     88.125   -11.2811   -27.3946   -10.8892   -3.91629   -7.54791   -14.1825    -28.756    51.0019    51.8064
    23.125     88.375   -3.97651   -20.3028   -1.70949    4.06976   -1.70988   -6.00469    2.29008    47.3245    54.7602
    23.125     88.625    -1.7626    -17.685    4.18137    15.1504     2.7592   -1.04651    14.9203      55.04    59.1552
    23.125     91.625    2.27134   -7.88077  -0.901468   -10.2853   -7.48211   -7.70696    8.05651    14.2231    21.9552
    23.125     92.625   -23.5874   -22.3168    -18.711   -19.0045   -18.1838   -18.8415   -8.97406    35.6804   -49.6052
    23.125     92.875   -14.0301    -12.553   -11.7151   -10.4022    -7.1518   -4.69597   -1.01395    39.3451   -26.9772
    23.125     93.125    1.82751     6.8682    4.89045    7.47319    12.7661    11.1049    44.2446    42.0777    17.4936
    22.875     69.375   -4.07436   -53.0209    5.41434    6.20274    6.80248    6.67194    13.4775   -82.0061    9.65337
    22.875     69.625   -1.75205   -51.8343    7.16907     7.5946    8.47385    8.25987    23.1668   -78.9063    10.0077
    22.875     69.875   -0.43111   -51.7032    7.19186    7.59631    7.96019    8.62246    29.8411   -75.9514    9.29758
    22.875     70.625    5.15059   -49.3945    25.9467    27.6272    29.5876    31.9079     70.711        -13    26.0613
    22.875     70.875   -1.23349   -53.0284    17.8898    20.0265    21.7045     23.323    49.1377   -13.4014    16.6408
    22.875     71.125   -2.47887   -53.6356    16.7582    18.9503    19.5008    20.0226    46.6925   -17.8025     16.667
    22.875     71.375   -13.2182   -61.8159    4.47486     6.4648    7.18978    7.41519    4.83026   -5.78556    11.8693
    22.875     71.625  -0.925697   -43.3607    20.2095     23.098    24.8506    26.7654       52.6   -7.36559    17.1922
    22.875     71.875   -14.6851   -65.0783    3.06493    7.05535     9.0041    10.2401     20.625   -51.0145     3.0427
    22.875     72.125   -7.97649   -66.6752     10.615    12.8297     14.658     15.843    10.3795   -56.8549    7.43995
    22.875     72.375   -5.29013   -67.0685    12.3545    13.9932    13.8326    14.3177    44.7205    -35.896    10.7408
    22.875     72.625    8.42688   -48.9287    29.0337    32.3435    33.7298    37.2487    64.1361   -41.2797    33.4297
    22.875     72.875   0.983754   -58.0282    22.7245    24.4797    24.6205    27.0347    10.5306   -25.6786    1.75908
    22.875     73.125    6.86534    1.54619    27.2281    28.9743    29.3408    32.4257    19.1714   -8.37497    10.4745
    22.875     73.375    1.30892   -31.8479    24.9196    28.5311    29.2127    32.2212    32.3879   -43.4618   -8.11536
    22.875     73.625   -2.16991   -26.0832    15.8895     17.506    17.7336    19.3344     41.733   -34.0527    9.93679
    22.875     73.875    3.77839   -57.7459    24.0863    23.3835    24.0709    26.2376    49.2488   -30.8574   -1.89234
    22.875     74.125     18.976    -36.065    33.8532    37.3876    38.4506    41.0765    89.4625   -37.4906    20.2917
    22.875     74.375    28.0568   -26.0032    40.3864    43.7405    46.3253    43.3669    59.1255   -33.3378     15.839
    22.875     74.625    14.3935   -52.3855     38.767    42.0731    43.7429    44.5854    86.0239   -38.5177    27.1684
    22.875     74.875     20.902   -15.5625    46.0665    48.9825    49.9148    51.4482    95.4732    -50.756    58.5646
    22.875     75.125    25.0016   -5.12052    47.7966    52.9723     45.576    44.4655    74.7126   -58.8282     58.453
    22.875     75.375    7.30872    16.5659    42.8027    47.4443    43.0183    40.0615    77.9269   -16.2374    74.9753
    22.875     75.625    -4.3035    3.20391    24.8067    29.6328    27.1933    26.8334    68.1881   -72.3005    65.8995
    22.875     75.875   -18.4847  -0.758233    10.8004    13.9895    15.8538    16.6023    47.8806   -60.2164    47.7754
    22.875     76.125   -12.3886   -10.1569    3.56967    8.48504     10.761    12.0184    68.8874   -36.1076    71.9348
    22.875     76.375   -25.0408   -23.9877  -0.360152    6.87686    10.4783    12.5165    52.0181   -45.3448    42.4618
    22.875     76.625   -8.99945   -25.4412    13.4432    12.7958    5.27558     8.8297    77.9793   -38.1907    38.3973
    22.875     76.875    12.7316   -47.4796     21.292    2.89487   0.850897    5.49668     59.569   -81.3029    50.5127
    22.875     77.125   0.924327    -34.465     16.795    3.75955      3.402    10.2114    36.2355   -81.1175    42.6891
    22.875     77.375   -23.2286   -35.1472   -2.75375   -5.68094   -3.55542   0.877334   0.213637     -54.02    22.3107
    22.875     77.625   -29.1183   -63.7734    3.78547    5.10202    6.98867    14.4691    38.7131   -80.4186    23.5979
    22.875     77.875   -14.3146   -39.8746    6.89466    4.65406    6.77841    14.8394    50.0098   -90.9965    36.4311
    22.875     78.125   -3.21243   -33.7655    12.1397    2.67556    2.37908    8.06441    70.0753   -87.0337    46.1989
    22.875     78.375  0.0495688   -41.8676     17.585    15.0045     8.0852    13.1531    11.4021   -56.2433     16.682
    22.875     78.625   -2.57771   -59.2003    15.4357    13.7511    5.14104    11.7121    1.54366   -90.0356     4.4275
    22.875     78.875   -5.85843   -59.4468    9.99192    8.66449     5.2981    11.5652    2.54395   -98.1015    17.7935
    22.875     79.125   -8.96597   -61.9685   0.759635    2.11429  -0.155565    4.18012   -1.85228   -96.7532    33.3567
    22.875     79.375   -11.1708   -69.2459   -5.33646   -3.39738   -3.76765   0.419164     1.0665   -78.8298    12.7095
    22.875     79.625   -24.8135   -73.0391   -10.8413   -8.11902    -9.8923   -8.33973    2.89714   -65.2299    6.81441
    22.875     79.875   -17.9017   -54.9384   -7.04295   -5.41743   -4.44356   -1.73665    12.3746   -54.4226    13.5449
    22.875     80.125   -31.7585   -96.9387   -12.7342   -10.1969   -8.44608   -2.89341    3.45794       -100    12.6632
    22.875     80.375   -12.3236     -57.43   -2.17478   -1.34747   -2.77224  0.0879362    10.9163   -68.9455    15.7151
    22.875     80.625   -33.3211   -98.7314   -14.2004   -12.3915   -12.6242    -8.4517   -20.6859   -83.3126    28.6911
    22.875     80.875   -25.2411   -98.2298   -3.84775   -2.90344   -8.56321   -3.52112    -11.175   -84.6958    26.5286
    22.875     81.125   -35.0092   -99.9854   -11.2467   -10.0545   -13.9853   -10.5152    12.0337   -99.2224    25.2058
    22.875     81.375   -34.4867   -99.9186   -16.1024   -17.6199   -19.8889   -14.2399    29.5969   -80.7871    24.3368
    22.875     81.625   -38.1119   -70.4878   -25.6622   -20.7293   -26.7936   -21.5467   -4.78947   -54.6573    31.8748
    22.875     81.875   -37.6984   -98.5667    -14.737   -13.3475   -21.8588   -22.2392   -18.1229   -73.9367    24.5144
    22.875     82.125   -61.9176   -96.4727   -30.0732   -27.3656   -27.3557   -16.6299    23.2065   -55.3334    22.2181
    22.875     82.375   -56.3953   -99.3641   -26.6688   -28.6258   -28.5022   -19.7839    22.7233   -43.7171    20.0052
    22.875     82.625   -53.3569    -97.936   -24.7735   -22.1323   -20.0725   -14.2877    2.85356   -26.7045    18.4863
    22.875     82.875     -53.29   -97.6274   -28.9538   -27.2549   -27.0989   -19.6482   -17.6633   -36.9317    22.1887
    22.875     83.125   -68.9914   -98.6416   -45.9773   -41.9939   -42.3811   -39.7905   -32.0025   -36.4433    35.6255
    22.875     83.375   -51.2335    -99.194   -21.3343   -15.9387    -24.964   -23.2113    7.35397   -47.1773    40.0166
    22.875     83.625   -58.8821   -98.5579    -9.9797  -0.972598   -24.8137    -15.612    46.0586   -47.6142    44.0171
    22.875     83.875   -79.5438   -85.9859   -31.2866   -24.9805   -29.6099   -25.1732    38.0903   -52.4856    41.1272
    22.875     84.125   -67.1729   -80.9228   -33.4488   -33.6142   -40.8798   -34.4178    41.0661    -72.785    24.4835
    22.875     84.375   -58.7428   -94.9032   -30.6121   -34.2505    -43.233    -35.779    51.2691   -54.2613     29.684
    22.875     84.625   -42.6871   -99.2176   -16.0088   -22.1722   -29.1781   -25.4777    84.1941   -83.1645    40.7224
    22.875     84.875   -15.4643   -74.9562    10.3973    4.65984    -1.9023    4.10195    61.1116   -31.0533    23.2058
    22.875     85.125   -19.8517   -50.1987    11.9263    23.4036    10.9884    14.5986    80.9087   -23.7737     56.833
    22.875     85.375   -2.37604   -66.7954     22.893    21.4769    11.5642    22.0539    80.5473   -63.9023    57.7915
    22.875     85.625   -13.7056   -53.0864   -1.53797   -6.43633   -11.5319    -5.8569    61.5069    -62.782      39.52
    22.875     85.875   -6.27052   -35.1967   -4.95198   -3.75875   -9.74009    -5.5039    57.9659   -21.3169    58.2083
    22.875     86.125    -20.977   -47.2405   0.426435    2.66909    -4.7969   -2.99652    35.7818   -9.68044    48.1214
    22.875     86.375   -28.7319   -68.7586  -0.905376    1.09926   -4.33616   -2.40421    63.6825   -3.64035    53.4001
    22.875     86.625   -5.28284   -13.6653     9.6382    1.30592   -6.47287   -2.24952    71.7632   -15.2235    47.2634
    22.875     86.875    1.21612    -13.167    11.5694    4.44471   -9.30742   -5.93898    80.7274    -18.857    53.8697
    22.875     87.125    22.6887     11.746     37.902    39.0033   0.253312   -3.75334    52.2065   -13.2831    59.6275
    22.875     87.375    16.3984    7.08341    36.0569    39.6767    4.41358   -2.56995    32.3125    -2.8423    44.5987
    22.875     87.625    18.1144    3.96247    28.2174    27.4682   -5.27667   -9.17046    13.5581    1.50244    47.4993
    22.875     87.875    7.18041   -8.48459    1.39641   -5.95439   -23.7327   -26.2077   -28.0839    2.77625    47.1304
    22.875     88.125       5.12   -13.1187    5.95522    11.8712    1.21003   -5.59534    19.7608    37.1509    58.1192
    22.875     88.375   -3.68673   -23.7432    6.20149     8.3481    1.13476   -2.97151    17.5483    38.9759    38.3808
    22.875     88.625   -5.57386   -24.3739    3.10555    11.9263    1.05745   -1.84035     21.605    38.9954    39.2724
    22.875     92.625   -13.3484   -16.4639   -11.0505   -8.84671   -7.79927   -5.54498    1.00776    23.8304   -19.2059
    22.875     92.875     23.565    27.4077    20.6639    21.1979    24.3492    30.9342    40.9311    51.3378     21.541
    22.625     70.375    7.53177   -54.2994    23.0546     23.997    25.0463    27.2644    59.6143   -22.4276    20.9228
    22.625     70.625    14.6037   -43.3848    34.4941    36.2283     38.128    41.0875    73.6586   -9.67133    22.7382
    22.625     70.875    1.40117   -55.1618    22.0664    23.7468    24.7903     26.193    64.4294   -14.3509     21.673
    22.625     71.125   -1.08107   -54.5562     22.602    24.9948    25.7799    26.1541      61.17   -28.8529    20.6588
    22.625     71.375  -0.337189   -44.9146    23.6022    26.4265    28.4295    30.1793    61.8631   -5.55557     20.053
    22.625     71.625 -0.0335395   -41.1259    22.6666    25.8415    27.2648    28.8668    47.7825    -2.7237    18.0189
    22.625     71.875   -4.53022    -66.155    18.3861    21.3726     22.714    23.5987     33.709   -49.1979    10.4235
    22.625     72.125   -6.45964   -68.4221    13.0765    16.0312    17.7714    19.4165    41.1103   -92.9618      7.451
    22.625     72.375   -4.44416   -56.8605     12.931    16.3394    17.9468    19.3234    52.5767   -40.0329    12.6406
    22.625     72.625    1.18274   -39.9999    19.5852    22.9064    24.1427    27.2364    67.2019   -35.1141    12.0757
    22.625     72.875   -7.06643   -80.3148    13.1554    17.3757     18.535    21.1021    7.86664    -12.908    9.21372
    22.625     73.125   -9.24582   -42.8464    13.7806    18.4823    21.0958    24.9122   -5.05751   -12.6057   0.117907
    22.625     73.375   0.396221   -5.65518    24.3062    28.0286    29.1401    31.7821    40.8292   -16.1309    18.2108
    22.625     73.625    5.68056   -27.6927    23.1161    24.2407    24.9259    27.3612     19.481   -22.9262   -7.81519
    22.625     73.875   -14.3459     -78.85    11.0582    12.9604    13.3284    14.0637    27.1033   -27.6057   -4.94835
    22.625     74.125    9.43765   -59.0175    38.6562    42.1007    43.1768    42.1979    58.8424   -19.3503    14.2814
    22.625     74.375    6.95458   -63.5034    34.3585    38.0272    39.1477    39.0975    94.8459   -25.5582    16.0514
    22.625     74.625      12.16    -32.772    34.8315    37.5641     38.457    40.2917    96.1893   -31.2567    28.4385
    22.625     74.875    21.8018   -24.0311    48.5755    51.2462    52.0727    49.7833    96.2415   -50.0006    49.4259
    22.625     75.125    9.89672   -10.7844    56.1276    59.9956     51.045     50.158    91.5956   -32.1219    70.7979
    22.625     75.375    2.27801    10.4848    34.4245    39.8674    40.5503    40.7078    79.6854    1.87727    75.3344
    22.625     75.625   -12.5692   -7.81371    18.5084     26.592    28.2871    22.8956    64.3357   -13.6507    77.1093
    22.625     75.875   -16.1641   -12.3776    8.22845    10.8243    11.9323    14.8873    60.0323   -32.3759    42.6858
    22.625     76.125   -6.96256   -16.3351    14.4427    18.1552    20.1376    25.4463    77.5545   -37.7591    41.5773
    22.625     76.375   -18.4098   -25.2764    8.04287    11.9633    11.8922    15.4052    67.4084   -46.8139    39.0662
    22.625     76.625     15.672    13.8921    25.8749    29.3231    18.2867    23.5267    83.9825   -20.8099    36.4416
    22.625     76.875    18.8114   -7.03532    21.0412    15.9299    14.0223    21.5983    82.2966    -81.764    34.3512
    22.625     77.125    19.9736   -10.0085    23.7263    16.5701    15.3366    22.1598    74.2209   -59.7953    34.2114
    22.625     77.375   0.168654   -23.0037    13.3771    14.1016    3.68824    9.94814    25.8902   -34.3469     20.505
    22.625     77.625   -7.26529   -33.0325     4.0618    1.82342   0.564386    8.35397    40.0156   -75.6077     20.199
    22.625     77.875   -7.40775   -40.3108    16.1758    13.9114     13.817    22.6559    69.6475   -98.7559    37.8183
    22.625     78.125   -11.0368   -36.0426    14.0419    12.0454    8.59183    19.1011    46.1711   -98.1195    43.6697
    22.625     78.375   -7.86324   -43.5783    15.4474     12.106    3.55341    10.6018    8.69162   -58.4762    26.4579
    22.625     78.625   -17.5422   -64.2502    6.77288    6.06169    6.23653    13.3454    4.41638   -74.9371    5.03329
    22.625     78.875   -8.55388   -64.3736    11.0517    11.5284    5.14556    11.0358     5.0847   -85.1157    12.2134
    22.625     79.125   -4.47055   -56.4439    12.2497    11.9562    3.52383    8.88841    16.0271   -67.2718     21.774
    22.625     79.375     -10.53   -56.1435    10.2826    11.5528    2.62556     10.118    24.7124   -64.4283    26.6693
    22.625     79.625   -33.2887   -81.6321   -5.46238    -1.8188   -10.1341   -1.71183    23.2179    -69.239    16.2522
    22.625     79.875   -35.2397   -70.1513   -18.5343    -15.451    -12.449   -4.99653    13.3647    -50.042    25.8059
    22.625     80.125   -48.3124   -94.4082   -26.5471   -24.0574   -20.2626   -4.57018    15.6133    -90.668    26.2203
    22.625     80.375   -16.1969   -71.1861   -7.31884   -7.76035   -7.55465    -2.7856    4.38897   -75.5942    23.6309
    22.625     80.625   -35.7052   -97.9264   -20.0915   -17.8413   -19.0605   -16.2648   -22.8327   -90.1142    39.3983
    22.625     80.875   -32.3565   -99.0629    -14.462   -13.5194   -14.7545   -11.2682   -25.3175   -81.7409    35.1836
    22.625     81.125   -19.3505   -81.6156   -6.20775   -4.57869   -8.85872    -2.5017    13.7867   -99.2722    29.2978
    22.625     81.375    -33.358   -99.8169   -14.4501   -10.4657   -13.0469   -5.34803    11.9393   -65.3131    25.6882
    22.625     81.625   -19.6092   -59.1641   -43.2717   -37.6635   -32.4378   -21.0501    18.5292   -36.3824    38.5625
    22.625     81.875   -45.9806   -99.5332   -42.5471    -33.855   -36.0063   -28.9763   0.880217   -56.8376    41.4408
    22.625     82.125   -52.3709   -99.7752   -34.8687   -27.0409   -31.9982   -22.8389    16.1389   -50.2975     44.096
    22.625     82.375   -60.7479   -98.2375   -28.6558   -22.9951   -26.5167   -21.5269    7.41821   -50.3403    34.7363
    22.625     82.625   -54.3539   -97.6021   -21.8623   -20.0775   -19.9402    -16.761    5.91079   -30.4888    40.9181
    22.625     82.875   -54.9857   -98.9151   -28.6429   -25.4434   -24.6568   -22.5832    4.81844     -32.49    45.9698
    22.625     83.125   -50.6437   -96.2528   -19.6765   -19.7702   -22.1651   -22.5849    12.2736    -17.497    46.5717
    22.625     83.375   -43.8414   -99.5585   -16.8489   -15.9547   -26.1826   -22.5875    10.6061   -36.3789    47.8508
    22.625     83.625   -53.7843   -99.7449   -19.4289   -14.4582   -32.3083   -24.6074    6.95325   -24.8423    49.1289
    22.625     83.875   -70.9547   -96.0247   -26.5324   -18.1338   -29.4064   -24.2308    27.5577   -22.5742    51.1867
    22.625     84.125   -40.0938   -99.2362   -16.4684   -25.9216   -40.2892   -35.5368    47.1224   -91.4396    41.3057
    22.625     84.375   -42.8784   -83.5434   -1.00576   -20.5631   -39.7026   -39.1372    54.4085   -73.2902    41.9744
    22.625     84.625   -50.2097   -97.9192   -18.5128   -22.4366   -21.6773   -11.3437    64.8736   -75.5675    48.4542
    22.625     84.875   -37.5707   -89.8407   -4.01769  0.0456309   -6.61436   0.897157    74.3596    -93.774    75.9441
    22.625     85.125   -16.7172   -57.7797    15.5709    5.48437   -6.04439   -4.36045    76.0086   -57.4609    88.3098
    22.625     85.375   -22.0796   -59.5733   -8.07224   -10.3304   -11.8373   -8.85359    85.2411   -20.1435    70.8408
    22.625     85.625   -46.0736   -91.5638   -13.1465   -7.53758   -14.3155   -7.18093    52.9845   -18.0383    57.3023
    22.625     85.875   -47.7657   -99.4224   -11.3914   -2.54019   -4.44995   0.950252    58.9144   -16.4651    68.8548
    22.625     86.125     -47.58   -97.8993   -14.1433   -2.73205   -2.44398    2.10963    87.1435   -6.81854    40.9008
    22.625     86.375   -8.04573   -48.2485    13.7466      9.525   -2.31523   -1.90142    87.3943   -5.44614     58.216
    22.625     86.625    17.3126   -32.3108    17.0561    5.06832   -9.40457   -8.64343    80.7287    9.66998    50.9135
    22.625     86.875    9.92028   -25.7541    24.4365    17.5009   -7.08629    -8.1272    51.3764    12.4496    55.2711
    22.625     87.125    8.56473    5.67103    41.1039     41.136   -1.80632   -2.70475    12.8039    2.90201    61.5788
    22.625     87.375    8.66126    3.17097    36.7563    43.9972    2.28703   -1.91627    8.97713    1.25097    51.7709
    22.625     87.625   -4.32231   0.405376    16.0267    13.2871   -9.00363   -5.71482    13.1339   0.840108    45.4889
    22.625     87.875   -16.1559   -9.75017    4.09491    15.7844   -11.5958   -10.5717    24.1207   -3.88284    40.7926
    22.625     88.125   -2.98879   -3.68564    6.01049    10.7994    3.62985   -2.48395    22.3052     15.535    41.8865
    22.625     88.375   -14.3148   -34.6427   0.640253    8.43054  -0.468454  -0.881251    18.1327    17.8558    22.9526
    22.625     88.625   -9.01395   -25.0868    1.11478    11.3234     -1.732   -3.38431    23.4096    27.5368    35.7953
    22.625     88.875   -8.59473   -22.9907     1.4283    10.4277   -1.79075   -3.59471    23.3958    28.9092    36.6755
    22.625     92.625   -10.2492   -13.1961   -8.70308   -6.70174   -5.76121   -3.95139    3.47332    33.3258    3.65806
    22.625     92.875    40.5497    45.3493     36.214      36.35    38.0536    43.8508    52.7946   -47.7362    45.4996
    22.375     69.125   -4.35358   -57.0066     9.4049    10.5136    11.0927    11.8509    28.4023   -85.6972     14.863
    22.375     69.875    3.20114   -49.8002    17.8669    18.6167    19.9306    21.4843     23.826   -19.2803    21.6193
    22.375     70.125   -1.58974    -65.135    19.3376    22.8067     24.881    28.4989    61.1995   -17.4455    22.8623
    22.375     70.375    5.75646   -53.9015    27.3116    30.4398    31.8778     34.764    51.6675   -35.0517    28.6991
    22.375     70.625    5.18485   -57.4712    28.0318    28.8174    29.0464    30.7548    81.7125     -15.57    24.8368
    22.375     70.875   0.998367   -57.4191    20.4434    22.4043     23.569    25.2908    69.4188   -15.6984    16.2166
    22.375     71.125    15.5762   -36.0515    34.4627    36.4147    37.4571    38.9012    68.4369   -34.7976     26.424
    22.375     71.375    7.17395   -46.4497    27.8297    30.4521    31.4701    32.7303    68.1838   -33.6994     18.632
    22.375     71.625    2.91475   -47.2351    21.3429    23.8159    25.1791    26.3458    38.5322   -52.5898    9.64702
    22.375     71.875    12.0709    -40.131     19.291    21.5305    22.5801    23.2888    49.4841   -28.9088    10.7049
    22.375     72.125   -3.95037    -81.116    14.1344      15.79    16.7502    17.7977    76.7039   -85.5988    14.0603
    22.375     72.625    -6.0868   -70.0154    13.8042    15.6332     17.292    18.7826    96.5396    -18.672    7.45009
    22.375     72.875   -8.37632   -70.1912    14.7658     18.678    19.8799    21.3476    47.7171   -19.5534    7.30398
    22.375     73.125   -6.54674   -35.3856    15.5966    18.6275     20.701    22.9895    27.5205   -13.5532   -4.18623
    22.375     73.375   -12.4962   -18.0949    13.4508    17.0502    19.0591     20.867    31.9155   -14.3604     9.9502
    22.375     73.625    2.94681   -25.8129    31.1924    35.1432    37.4675    40.6094    48.8745   -22.5124    42.5452
    22.375     73.875   -9.65364   -99.4108    19.1703    22.8823    25.0813    26.6282    81.8969   -25.4191    16.7489
    22.375     74.125    -17.113   -93.4111    15.7741    19.1633    21.1402    22.9355    88.5486   -16.2953    32.8515
    22.375     74.375    -5.0384   -78.5444    27.1822    30.4532    32.4776    35.1409    56.1962   -24.2963    49.8534
    22.375     74.625  -0.805484   -67.5583    31.8106    34.3468    35.7702    38.1748     72.506   -19.9676    46.7829
    22.375     74.875    7.07956   -37.8963    33.8096    34.7174    35.3072    33.5676    66.9585   -32.7433    39.2204
    22.375     75.125    26.1642   -6.43906    55.7244    57.2664    53.2598    54.1531    89.7971   -11.0891    46.5632
    22.375     75.375    31.8737    17.3127    62.2862    63.8148    63.0739    64.3238    86.7673   -5.07579    80.0663
    22.375     75.625    14.1328   -13.3729    58.0452    62.5771    62.0497    50.8443    70.7043   -19.7965    74.0774
    22.375     75.875   -23.9177   -8.16491    9.30009    11.2628     11.911    14.8809     84.309   -17.8011    42.9887
    22.375     76.125   -6.07501   -2.39638    18.0539    19.1444    20.2294    23.7767    80.0228   -18.1319    38.8575
    22.375     76.375   -19.6971   -8.80412    3.76977      6.262    6.12876    7.92135    95.5124   -37.2293     31.884
    22.375     76.625    30.2823    28.0293    38.9749     42.245    24.8243     30.216     93.581   -38.3421    35.2274
    22.375     76.875      27.49    2.89077    35.8521    37.7232    24.3847    31.7597    95.7172    -53.452     31.651
    22.375     77.125    24.0696   -8.39401    29.9308    29.0258     20.959    29.8138    93.8074   -92.7606    28.1352
    22.375     77.375     9.1508   -18.4149    24.4879    24.8287    13.8112    21.0969    55.9842    -64.623    26.3477
    22.375     77.625   -6.77594   -32.5096    12.3484    14.3114     2.1623    9.83658    36.8937   -80.7437    20.8736
    22.375     77.875   -14.7168   -36.4724    12.6295    16.0654    6.49196    12.8515    46.9816   -98.6681    29.6348
    22.375     78.125   -55.7135   -79.1236   -19.1287   -13.0726   -15.4299   -6.29467    31.7022   -98.9358    17.9777
    22.375     78.375    -24.058   -51.4494    6.14771    5.60689  0.0637166    9.80931    33.1399   -74.9801    18.0586
    22.375     78.625   -23.3205   -69.0089    2.71514   0.931515   -1.91752    4.44786   -6.16822   -53.2375    14.3134
    22.375     78.875   -27.4645   -66.5742   -0.93485   -3.08951   -10.0474   -1.91464     4.3159   -50.8291    27.7978
    22.375     79.125   -26.2224   -54.5306   -4.34235   -6.19081   -15.0186   -4.48141       5.64   -39.1039    46.3757
    22.375     79.375    -24.627   -46.5985   0.516912  -0.494862   -10.8184    1.34102    18.4243   -50.1506    46.2489
    22.375     79.625   -36.7686   -77.0974   -8.25858   -4.20426   -10.3905   0.202122     2.2427   -71.0582     21.355
    22.375     79.875   -37.5568   -60.4011   -23.3611    -20.078   -17.5761   -5.42077     49.588   -77.7318    27.1921
    22.375     80.125   -48.2667   -94.6361   -32.0987   -29.1802   -23.5065   -8.24525    28.0364   -95.9169    32.5239
    22.375     80.375   -12.5322   -57.4534   -3.86832   -4.50749   -1.40847    7.34088   -6.72601   -76.6485    31.2782
    22.375     80.625    2.54427   -62.5217    5.28822    1.26197   -0.80261     5.9265   -7.05704   -75.8352    35.3529
    22.375     80.875   -7.41892   -59.5681  -0.184332  -0.768836    -1.9479     4.6801   -7.02593   -73.8583    35.6074
    22.375     81.125   -49.8389    -99.288    -29.848   -23.8096   -22.1671   -8.36253   -1.68461   -84.6102    52.6567
    22.375     81.375    -11.045    -53.418   -11.3391   -10.1856    -11.766   0.977776    15.5503    -61.691     52.443
    22.375     81.625   -44.4604   -99.0834   -32.1078     -35.13   -32.8107   -22.9921   -18.3852   -59.7908    52.0453
    22.375     81.875    -66.371   -93.5168    -32.311   -28.2419   -24.6725     -18.81   -26.3087   -40.7106    52.3421
    22.375     82.125   -48.8518   -98.9609   -32.7618   -25.5631    -24.282   -13.4542    13.9732   -43.7291    41.5972
    22.375     82.375   -45.5173   -99.5453    -34.966   -27.8048   -26.2857   -19.2177    24.9654   -46.1684    34.3447
    22.375     82.625   -31.5214   -99.1524   -10.2317   -17.2891   -19.1191   -17.3807    29.6681   -47.3894    41.0637
    22.375     82.875   -33.0168   -98.4118   -8.96427   -16.2186   -20.0545   -19.6732    26.6932   -34.4819     57.006
    22.375     83.125   -50.5304   -96.7735   -16.9736   -14.8619   -22.4142   -19.9313   -4.88033    17.5863    56.4095
    22.375     83.375   -58.2212   -99.5371   -29.5825   -27.7863   -35.2994   -29.7348   -8.36831    13.4348    59.3934
    22.375     83.625   -60.0099   -95.4372   -24.9662   -25.3235   -27.9842   -23.3762    10.5046   -8.74874    60.3613
    22.375     83.875   -35.7496   -57.8972   -17.5183   -19.2852   -21.4556   -15.3025    47.9238   -39.9432    76.8654
    22.375     84.125   -1.80265   -68.1961     16.072    2.51253   -26.8128   -29.5351    61.7329   -53.4728    62.5544
    22.375     84.375    9.60985    -50.356    30.2245    29.3725 -0.0856606   -11.5514    54.7772   -59.6318    47.1753
    22.375     84.625   -5.75163   -68.2752    23.1656    24.1958    3.62266    1.60675    45.7612   -74.0894    54.7906
    22.375     84.875   -9.11937    -61.139    -5.5448   -1.31867    2.00354    10.3944    49.1149   -79.2545    77.0346
    22.375     85.125   -1.92349   -48.1603    7.67725    3.22892   -5.22125   0.369804    86.0168   -72.2299    90.2908
    22.375     85.375   -1.47478   -31.3871   -9.81303   -19.3293   -18.5684   -12.1351    80.8736    -43.433    74.0861
    22.375     85.625   -32.4058   -80.1193   -7.22227    -2.7225   -16.0415   -12.2897    42.4846   -28.0712    46.7989
    22.375     85.875   -58.1325   -99.7642   -21.5477   -4.48005   -5.81353   -1.93943    60.9863   -7.34309     54.106
    22.375     86.125   -63.5201   -99.9858   -26.1121    -6.4087   -2.27578    5.50765    70.1512   -8.12191    60.1443
    22.375     86.375    16.9876   -19.9666    31.7406    17.4783   -6.08139   -9.96679    57.2626   -20.6924    76.3591
    22.375     86.625    6.77936    -24.841    27.8675    14.7427   -9.35102   -13.0372    50.2813    5.43904    53.1453
    22.375     86.875    11.9488   -1.38643    40.8578    37.1901   -9.79129   -8.51387    19.5618     5.9025    62.5935
    22.375     87.125    6.34664   0.250846    41.1372    41.8058    -12.167   -12.0457    13.3983    1.85655    55.5567
    22.375     87.375    8.38121   -4.22036    25.0172     31.132   -8.24178   -10.6118    5.31412   -1.60828    42.4464
    22.375     87.625    11.3258   -3.82566    26.5692    32.5926   -9.06413   -14.3768   -7.30238   -1.60003    41.7765
    22.375     87.875   -2.49853   -2.00014    13.6481    8.26125   -7.44918   -5.61107    25.4127    4.24129    42.6767
    22.375     88.125   -12.3799   -27.7755  -0.807086  -0.731507   -6.84499   -11.4753    2.56403    17.0667     25.442
    22.375     88.375   -12.6387   -26.6151   0.475537    7.33135    -4.0493   -4.01714    17.7108    17.1949    25.8346
    22.375     88.625   -10.3523   -23.4958   0.896415    8.13704   -4.57415    -4.1822    19.5931    20.7327    30.5838
    22.375     88.875   -12.6313   -28.4532  0.0697538    6.58176   -3.60363   -6.23772    21.8138    21.2417    32.1056
    22.375     92.875    46.8026    54.5042    40.6094    40.5047    43.8631    49.8807    66.5026    -86.544    57.2477
    22.125     69.125     0.9522   -52.5413    18.2448    21.0121    17.0687    18.2361    45.5649   -60.1569     22.867
    22.125     69.375    9.88705   -43.4238    34.7303    39.8018    31.3624    34.8802    44.9828   -47.3878    34.8203
    22.125     69.625    12.8631   -43.5012    35.7993    37.5039    32.9717     36.488    37.7914   -37.7837    30.8081
    22.125     69.875    14.8631   -41.5855    36.4865    38.1932    41.0244    43.5979    58.3291   -7.08371    40.2102
    22.125     70.125    20.7594   -28.8802    37.7394    38.7391    41.3744    44.0046    59.9201     9.6995    35.1839
    22.125     70.375     12.457   -45.1807    35.3363    37.4276    40.9889    44.7306    68.9473   -6.47361    32.6769
    22.125     70.625    5.39972   -57.5621    31.8114    34.7691    33.5134    33.5272    88.2216    -20.228    25.2398
    22.125     70.875    2.88594   -48.5325    20.0913    21.6261     22.929    24.7068    66.9499   -19.6118    19.8446
    22.125     71.125     -11.05   -63.3552    7.86837     10.564    11.6089    12.4436     67.591   -1.85418    24.2359
    22.125     71.375    10.5176   -45.7077    33.3687    35.3889    35.7665    35.8441     72.941   -1.80215    22.1638
    22.125     71.625      13.59   -47.0453      27.31    30.1222    31.6479    32.1944     70.664   -14.7423    15.1217
    22.125     71.875    3.45622   -55.8002    18.9852    21.8875    22.9116    23.6339    60.3022   -19.6268    10.8606
    22.125     72.125    -9.2512   -79.2557    8.45733    10.3367     11.298    12.1652     68.889   -52.5376    7.80767
    22.125     72.625   -13.6307   -70.2961    10.2423    12.1298    13.8016    15.1889    65.7163   -38.0782    12.3348
    22.125     72.875   -10.3404   -58.8028    16.6657    20.1272     21.939    23.8155    54.1592   -47.4065    23.1454
    22.125     73.125   -8.21939   -72.9433    23.1257    26.8234    28.0027    30.1879    60.5509   -30.6712    22.0696
    22.125     73.375     11.682   -41.4151    34.9123    36.2897    36.8466    39.0456    65.1556   -26.6735    28.2764
    22.125     73.625    22.2134   -17.7274    45.6846    46.3298    47.1485    49.5535     58.576   -63.1995    40.4755
    22.125     73.875    20.8425   -43.8733    44.9642    45.8589    46.3253    48.5228    80.9071   -65.5319     60.038
    22.125     74.125    32.8352   -29.0659    58.4269    60.2112     61.084    60.0699    89.0238   -57.7488    54.6236
    22.125     74.375    13.4927   -49.4159    40.3284    42.0874     41.981    43.3745     66.426   -33.7718    58.9752
    22.125     74.625   -17.9933   -83.8738     14.742    17.2751    18.4465    19.7891    22.4483   -16.4175    64.1165
    22.125     74.875    9.53874   -37.2627    40.0978    41.5938    41.9996     42.338    55.0453   -38.5971    43.4024
    22.125     75.125    11.8254    8.48782    33.5125    34.6047    35.7689    37.6577    53.9122   -63.7802     22.508
    22.125     75.375   -9.98676     -41.58    27.1007    28.8945    31.5085    31.6138    31.3056    -51.814    17.9326
    22.125     75.625    3.21107   -28.6982    28.7569    31.4915    33.5208    31.4085    56.0854   -20.4971    36.2679
    22.125     75.875   -0.96804   -14.7294    28.7532    30.4808    32.2435     34.977    81.1191   -12.1389    45.3747
    22.125     76.125   -1.00695   -18.9285    19.8796    15.3705    16.4388     19.926     37.295   -43.9734    37.9359
    22.125     76.375   -19.1485   -42.3504     7.7379    8.39437    8.68585    11.6799    68.4403   -56.1855    40.1048
    22.125     76.625    15.4028   -12.2235    27.4103    30.0275     18.089    23.1891    96.7738   -51.6099    47.6122
    22.125     76.875    31.5066   0.574227    37.3658    40.6494    25.2896    32.9707    97.2523    -44.202    32.6766
    22.125     77.125    15.5293   -13.2505    26.5311    28.9433    20.3675    27.4883    59.2161   -54.7299    26.2781
    22.125     77.375    5.57752   -14.0346    26.0393    28.6508     14.054    19.4222    21.2765   -36.5704    25.4006
    22.125     77.625    2.62323   -19.9932    33.6925    35.7486    9.53345    14.4861    26.6129  -0.137131    29.1227
    22.125     77.875   -8.69642   -27.1632    20.7185    23.9681    2.36759    7.29027     40.071   -22.1008    31.8673
    22.125     78.125   -46.4563   -79.8207   -7.31942   -4.89319   -15.4133   -7.50067    21.9439   -81.8813    20.9605
    22.125     78.375   -28.0028   -60.8961    1.42012    2.57936   -5.20282    1.92183    27.0437    -62.499    21.8527
    22.125     78.625   -42.1361    -80.914   -13.0075   -21.9283     -28.81   -19.6632   -3.83077   -65.5682    31.7438
    22.125     78.875   -18.7362   -38.9671    5.85687    5.04595   -15.4842   -7.39078    20.7797   -56.2074    34.5594
    22.125     79.125    -36.762    -71.737   -15.2093   -12.1864   -15.8176   -7.13854   -23.0123   -29.1415    38.2175
    22.125     79.375   -55.4393   -79.8813   -32.2075   -28.3723   -30.6244   -20.9918     -13.91   -43.4646    39.0809
    22.125     79.625   -43.7652    -76.201   -15.2219   -11.9975   -17.4053   -5.88166   -9.11978   -81.0535    28.3734
    22.125     79.875   -17.2937   -40.0127   -6.72987   -6.02522   -5.47495   -0.38323    5.18284   -32.8233    23.2044
    22.125     80.125      -21.8    -59.821   -7.30427   -5.62076   -4.97015    4.27654    14.1823   -56.0204    47.2126
    22.125     80.375   -22.5962   -80.5902    -6.9103   -12.1339   -8.89872    3.22488    6.37692   -51.2163    52.9136
    22.125     80.625    4.55257   -59.3811    7.06129    2.82826    2.23718    9.04679    2.82243   -59.1857    32.6424
    22.125     80.875   -22.5523   -90.4995    -11.544   -11.1085   -10.2543   -2.98077   -10.5187   -58.9141    38.9661
    22.125     81.125   -57.2841   -98.0347   -28.7672   -24.9553   -20.1994   -14.5411   -26.7823   -41.0232    57.3505
    22.125     81.375   -22.6179   -99.8055   -14.2713   -25.7353   -21.9888   -8.09329   -6.33991   -50.3891     48.389
    22.125     81.625   -15.9474   -99.5837   -12.4661   -39.8359   -34.7171   -23.9207   -4.72708   -72.6057    46.4371
    22.125     81.875    -20.023   -93.0049   -15.0346   -33.5764   -31.6345    -22.486    3.78473   -61.6058    46.9367
    22.125     82.125   -37.2109   -99.5315   -31.5657   -35.8821   -33.0484   -22.2107    11.7675   -42.4272    29.2016
    22.125     82.375   -24.2977   -99.6216   -31.4509   -37.2531   -30.9067   -23.2659    34.0378   -37.0712    36.5005
    22.125     82.625   -50.4628   -96.8033   -19.4169   -14.1238   -16.8126   -13.7962     23.325   -42.4863    40.9674
    22.125     82.875   -26.5524   -98.2552   -6.34866   -11.3328   -16.1031   -13.1666    39.4558   -25.0717    58.7627
    22.125     83.125    -33.219    -97.222   -6.86073   -9.80702    -20.076   -17.5891    21.4308    24.7393    65.2128
    22.125     83.375   -45.4978   -97.0224   -13.4706   -10.2236   -22.3332   -16.6299   -1.45401    37.7631     55.083
    22.125     83.625   -25.8466   -83.7048    3.22903     1.6111   -17.6562   -13.7252    65.5475   -12.0774    41.7002
    22.125     83.875    1.19619   -53.9107    43.0022     47.281   0.378516   -12.9405    51.8228   -46.9091     72.816
    22.125     84.125    34.2864   -64.0061    49.8092    57.8134    15.9138   -19.8348    56.3086   -69.2486    70.4517
    22.125     84.375    22.9895   -49.1115    39.9086    42.6414    8.63106   -20.9555    39.0041   -76.9415    67.6205
    22.125     84.625    31.5734   -31.6869    48.3049    44.3027     13.483   0.160171    57.1074    -52.316    85.0746
    22.125     84.875    20.3165   -18.1071    26.6425    37.5139    19.1959    19.6584    59.3576   -70.0032    95.7682
    22.125     85.125    12.0246   -17.7371    14.0439    22.8258   -3.61151   -1.04556    67.2009   -56.4548    92.3818
    22.125     85.375    2.66335   -33.4885    16.9271    28.8577    5.89644  -0.310074    76.8233   -65.1536    94.2535
    22.125     85.625   -17.3112   -63.2003   0.136485    16.2601  -0.817256   -5.92677    68.9701       -100    61.2548
    22.125     85.875   -24.3935   -82.8142    7.78354    24.6473    9.50664    2.18702    48.7912   -84.2772    56.4195
    22.125     86.125    27.5062     7.7508    41.7932    35.3534    11.5591    3.05088    24.3266   -42.3755    46.9178
    22.125     86.375    15.4754   -7.52743    31.5988    24.9426    10.0409    6.86539    17.9125   -37.8235     56.839
    22.125     86.625    7.96544   -21.5047    26.5946    19.0036   -5.20903   -6.31318    34.6723    15.6876    51.1019
    22.125     86.875    4.88635    2.79269    43.4791    36.4015   -11.2441   -9.15048    9.97877    2.40504    67.2438
    22.125     87.125    5.78403   0.383366     41.393    38.8043   -13.4785   -13.4268    13.0324    4.82158    63.8693
    22.125     87.375   -3.15212   -13.2438    16.2668    29.3778   -12.2572   -14.8227    22.4724    1.13033    42.7847
    22.125     87.625   -13.8736    -16.769    10.7377    25.6454    -15.716   -15.6506    30.7309    3.32231    39.3757
    22.125     87.875    -32.741   -22.3635    12.4783    19.4293   -16.5015   -16.0091    31.8286    3.86159    52.2795
    22.125     88.125  -0.325659    3.31955    9.38603   -5.74028   -13.2103   -12.4564      56.45   -4.76462    39.5936
    22.125     88.375   -3.58408   -7.90357    3.85192     4.3734   -5.02334   -7.79691    34.7871    17.2767    29.5083
    22.125     92.875    82.0848    86.1425    78.5092    76.9991     77.161    77.9018     92.687   -96.9431    81.4552
    21.875     69.375     26.713   -32.7211    51.9437    54.3493    45.3375    50.5412    83.7732    -58.423    46.7472
    21.875     69.625    15.1944   -41.3998    38.5607    40.1056    41.5742    46.3928    64.2141   -58.3627    46.6909
    21.875     69.875      6.054   -45.4949     29.484     30.339    32.6158    35.9444    68.9721   -64.6187     34.973
    21.875     70.125    11.3289   -41.4139    30.3474    31.8396     35.244    38.5518    61.2382  -0.910402    31.3715
    21.875     70.375    11.7383   -43.0351    32.0369    33.5172    35.7056    38.6072    86.3718   -25.4112    34.5569
    21.875     70.625      6.424     -42.79    26.3009    27.9966    29.9127    32.5972    86.4754   -9.84926    37.3088
    21.875     70.875   -10.5106   -67.6387    10.7357    13.1787    14.1858    15.5534    42.0501   -8.71543    20.4069
    21.875     71.125   -12.6368   -65.6815    10.8716    13.9489    15.3202    16.8357    57.6905   -1.85171    15.9644
    21.875     71.375    7.05909   -46.7184    29.0245    31.1702    33.1042    34.1599    65.0822    1.77545    16.5397
    21.875     71.625     13.062   -43.2162    34.0918     35.974     38.376    40.2383    68.6113   -3.77218    18.9437
    21.875     71.875    7.17133   -50.4962    28.5975    31.1546    33.0331    34.7408    68.0276   -3.06847    22.5009
    21.875     72.125   -13.0657   -68.1316    4.25881    5.94602    6.20251    6.47401    42.2185   -24.4096    5.45881
    21.875     72.625   -26.2306   -86.7204   -2.81623   -1.57746   -1.10001  -0.946464    14.8157   -3.55332    4.30458
    21.875     72.875    21.8239   -34.6882     46.821    48.2422    49.8253    51.7261    65.4379    18.8316    34.6282
    21.875     73.125    13.3028   -45.4307    33.3626    33.5431    33.9137    35.7045    46.7265   -20.1313    21.0576
    21.875     73.375    11.9097   -50.8083    33.3671    33.6237     33.766    35.2524    68.5545   -60.7197     47.633
    21.875     73.625    6.55273   -56.7251    29.1565    30.1136    30.1937    31.3641    52.0509   -64.3283    46.4286
    21.875     73.875    13.0102   -39.9168    33.8749    34.5511    34.5066    35.9167    52.3664   -43.6424    45.7022
    21.875     74.125    17.0949   -48.8159    48.6672     51.124    45.6632      47.42    85.6613   -46.3714    60.9885
    21.875     74.375    4.64471   -43.4237    32.9078    35.6406    34.9941    36.9976    45.0348   -34.0827    73.8008
    21.875     74.625    7.04245   -24.8947    31.0437    33.3569    34.1252    35.3688    46.1497   -37.2611    64.3793
    21.875     74.875    16.4056   -11.2432    46.7188    48.2474    49.4477    51.6275    49.5376    -42.834    77.4025
    21.875     75.125    8.22175    1.28526     34.109    36.5709    37.8777    38.8802    55.0746   -48.1799    21.3114
    21.875     75.375    -12.398   -18.5458    19.7436    22.1334    21.9089    25.2406    83.6394    -56.577    12.8231
    21.875     75.625   -11.7663   -31.9703    21.2058    23.2628    22.1037     25.745    58.4891     6.2376    8.58767
    21.875     75.875   -8.98177   -31.1282    23.3016    25.8991    26.0536    30.5661    68.9345   -11.9498    16.3626
    21.875     76.125   -7.35774   -22.4679     17.305    18.8446    18.1385    23.8922     68.963   -69.6709    19.7202
    21.875     76.375   -12.3437   -24.6926    9.60243    12.3395    10.2085    12.1481    68.6092   -47.6161    34.8032
    21.875     76.625   -9.68885    -29.566    12.6111    15.6297    8.28641    10.4917     73.852   -57.7362     48.991
    21.875     76.875    11.5334   -15.9872    29.3326    31.9775    22.1982     29.487    87.9985   -39.2349    49.3357
    21.875     77.125    8.49701   -18.7383    19.4258    20.8693    15.9696    20.7831    21.0702   -46.3561    33.2467
    21.875     77.375    10.9578    6.65538    23.1036    25.0651    17.4345    21.9822    11.8161   -42.8633      20.71
    21.875     77.625    3.97935   -34.9364    23.1058    26.2293    15.8794     19.834    24.1102   -22.0345    32.6265
    21.875     77.875   -2.13752   -34.1905    18.2745    21.3174    7.88224    10.1324    13.7039   -14.3621    36.8245
    21.875     78.125   -24.1497   -52.4402   -2.04226  -0.459778   -6.35462   -1.51079    12.7994   -20.0058    30.6844
    21.875     78.375   -33.3726   -67.9713   -8.79139   -6.37554   -10.3053   -3.88201    5.95544   -41.0161    42.0554
    21.875     78.625   -59.8675   -94.3876   -22.7558    -23.693   -29.9569   -20.3047   -25.8713   -79.5366    37.4342
    21.875     78.875   -39.2696   -60.4239   -6.39707   -2.51475   -2.22291    8.07363    35.5538   -63.2615    48.4917
    21.875     79.125   -53.2519   -68.9698   -18.8285    -10.835   -18.1988   -8.54838    7.82829   -32.2994    34.5273
    21.875     79.375   -19.0574   -42.7721   -2.54919    1.85808   -7.14188   -5.29868    2.79102   -16.5152    26.1007
    21.875     79.625   -26.1112   -51.9904   -8.07516      -5.66   -9.74926   -5.66744   -11.8388   -26.0776    33.0896
    21.875     79.875   -32.3815   -63.9619   -12.3251   -10.0085   -10.3321   -2.45698   -12.1755   -41.1648    30.7907
    21.875     80.125   -19.9837   -65.9933 -0.0203783   0.132133    0.32189    10.8732    30.8496   -46.0755     54.678
    21.875     80.375   -27.6001   -72.8442   -13.5063   -23.9773   -24.5736   -14.4103    35.2706   -11.3994    54.1541
    21.875     80.625   -37.2012   -94.1879   -9.71221    -10.399   -8.97584     1.6687    14.8996    -44.749    52.2525
    21.875     80.875   -56.4908   -96.0014   -27.9676   -20.1528   -15.4595   -6.31426   -11.5387   -37.4159    74.0433
    21.875     81.125   -58.1277   -93.8329   -31.9911   -31.1384   -25.6628   -19.2175    1.05285   -44.8069    70.1508
    21.875     81.375   -46.6935   -89.2998   -34.0063   -41.3812   -32.6543   -22.6094    8.22858   -53.9255    42.2812
    21.875     81.625   -32.4668   -99.9849   -35.1079   -38.8104    -31.773   -19.7953     13.028   -71.6621    38.4588
    21.875     81.875   -43.4015   -98.8481   -25.4418   -32.2949   -27.9081   -20.9047   -9.49057    -44.936    34.0322
    21.875     82.125   -39.6873     -97.75   -23.5234   -29.7626   -25.4865    -15.997    18.8177   -30.8336    22.6374
    21.875     82.375   -58.3971    -96.499   -34.3537   -29.6314   -23.3393    -15.485    -1.0865   -21.5171    35.0176
    21.875     82.625   -51.3883    -95.692   -22.3425   -15.3202   -18.3538   -16.0011   -28.7637   -43.3497    43.9162
    21.875     82.875   -24.0902   -96.6231   -5.61585   -16.8585   -22.5684   -17.1645    18.2527   -38.0531    44.2986
    21.875     83.125   -36.1714   -83.5122   -10.1485   -16.3883   -22.2995   -15.9835    14.5289    -2.5718     42.361
    21.875     83.375   -49.5199   -85.4732   -7.33607  -0.455011   -15.5205   -14.9342     43.771    15.8602    55.4323
    21.875     83.625     -2.813   -77.4932    21.4015    21.3564   -6.73742   -18.9353    29.9472    18.6366    53.8426
    21.875     83.875    8.80935   -34.5437    27.4573    30.9176    6.01502    -19.633    52.1785   -37.4674    47.4859
    21.875     84.125    12.2729   -57.4323    30.8151    37.7519    11.6634   -14.2803    49.3961   -53.0658    46.4299
    21.875     84.375    25.3891   -42.7571    35.0732    33.0853    3.40032   -18.6422    74.4601   -46.1637    87.3981
    21.875     84.625    12.7883   -66.4134    15.0565    19.0802   -3.15885    -21.068    82.3793   -44.0442    94.7945
    21.875     84.875      17.18   -18.9905    30.3143    38.1463    11.7787    10.9715    57.5306   -36.2542    78.6156
    21.875     85.125    10.7365   -15.9475    11.4387    21.9133   -1.58064   -2.45065     65.803   -60.7345    92.8258
    21.875     85.375     9.0754   -22.3784    20.8534    32.7037    11.0738    3.23402    66.8909   -44.1861    86.7747
    21.875     85.625   -5.68402   -39.0335    23.4526    40.1451    21.3167   -5.39895    24.5358   -40.5434     67.766
    21.875     85.875   -4.27074   -25.9886    27.8036     46.514    24.2524    14.4331    57.7646   -33.3001    68.2058
    21.875     86.125   -2.53581   -12.5765    20.0131    24.1845      5.603   -4.52704    16.8703   -73.8935    43.6589
    21.875     86.375   -35.4376   -25.9675   -5.06127    2.12311   -6.97399    -12.797    48.7071   -27.1267    48.2086
    21.875     86.625   -55.4914   -99.8161   -17.5164   -3.97707   -3.34512     -1.726   -6.21499   -58.7989    30.7755
    21.875     86.875   -40.7922   -69.9865   -8.89317   0.948751   -7.63868   -5.10105   -18.6824  -0.251516    44.6695
    21.875     87.125   -7.37848   -8.45811     17.388     10.771   -9.14102   -6.49705   -26.6795   -10.6997    48.0266
    21.875     87.375    -13.807   -4.14853    5.19295   0.757607   -11.1003   -7.39882   0.384813   -10.4363    34.9524
    21.875     87.625   -6.52816   -2.04898    18.6211    25.2668   -13.4312   -13.2644    35.6891   -2.06387    38.3126
    21.875     87.875   -16.6454    -16.384    11.5785    17.7383     -15.74   -14.8033    30.5705    4.21535    50.3379
    21.875     88.375   -10.1027   -17.5642    3.29034    2.60351    -3.0241   -7.20246    27.8231    16.2011    24.2289
    21.875     88.625   -8.97936   -15.5155     3.8503    2.73025   -5.51969   -7.12377    26.6543    16.2362     24.239
    21.875     88.875   -10.3386   -18.0076    3.40276    3.08881   -5.91105   -6.83905    25.6104    16.2319    24.2331
    21.625     69.875   -1.72698   -52.2828    21.8188    22.8876    25.1202    27.0362     60.661   -68.5283    24.2952
    21.625     70.125    5.49558   -41.8752    23.2552    24.9739    24.7016    25.0813    60.4816   -42.6708     26.795
    21.625     70.375    3.79217   -52.0729    23.3661    23.3622    23.2437    24.5175     84.784    -4.3698    26.9413
    21.625     70.625    2.45414   -50.6704    28.2644    31.2087    31.3184    33.2343    81.5314    2.89232    33.9711
    21.625     70.875  -0.251833   -50.0522     22.404    25.8123    26.2533    28.4032    80.6365    10.0368    19.3162
    21.625     71.125   -2.26628   -47.4397    20.7899      24.02    26.3271    29.1098    78.1944    4.65317    15.7855
    21.625     71.375    12.0031   -44.5192    36.1523    37.8943    40.4781    43.5777    82.4056    4.75173    25.7245
    21.625     71.625    15.6026   -39.3728    36.6491      38.55     41.468    44.3616    67.6379     3.7091    23.2969
    21.625     71.875    9.26016   -48.4537    31.8332    34.5329    36.9389    39.2881    63.5805    2.01503    22.5157
    21.625     72.125   -11.9932    -72.283    14.5719    18.3231    20.2589    23.5469    47.9198    6.70167    17.3415
    21.625     72.875    13.1749    -40.093    38.3635    39.4235      40.81    43.3307    73.0036   -32.9183    39.8262
    21.625     73.125    12.2948   -52.7146    34.3579    34.8125    35.7581    37.5282    54.0362      -58.8    23.9835
    21.625     73.375    11.7726   -57.4896    35.0203     35.212    35.7006    37.4811    47.8945   -40.6933    44.5804
    21.625     73.625    7.96663   -42.1134    33.2541    33.9776    34.3935    36.1657    62.5048   -31.0331    49.9871
    21.625     73.875    4.29604   -49.6846    20.9758    22.3644    23.4484    25.8949    23.7179   -36.9259    30.0944
    21.625     74.125   -1.52218   -70.3159    27.3005    31.1231    34.3504    38.2663    22.6731   -62.6756    41.5931
    21.625     74.375    4.81267   -54.5181    25.9271    28.7898    32.0514    35.2967    20.7734   -23.6937    38.0225
    21.625     74.625    12.7884   -38.3621    38.6864    44.3743    48.1576    50.3127    33.0939   -31.5026    58.3731
    21.625     74.875    17.6286   -10.1387    41.9094    46.2943    49.1332    51.5444    49.7829    8.75909    43.7157
    21.625     75.125    14.0426    9.13976    47.9453    50.6659    51.4218    54.6665    75.8339   -36.8546    62.8477
    21.625     75.375    3.02568     3.8503    40.6154    43.8579    42.9154    46.1379     85.451   -34.7839    5.09269
    21.625     75.625   -3.80496   -34.7666    26.3439    28.1439    19.7481    23.5348    53.4877    6.20073   -3.92306
    21.625     75.875   -5.12702   -22.2811    24.8429    27.0681    20.2056     25.118    46.5794   -23.0231    10.3234
    21.625     76.125   -13.4199   -23.5553    14.0739     18.096    19.7455    25.4305    75.1913   -91.2802    11.7279
    21.625     76.375   -19.8263   -43.5967    13.8394    17.5218    10.4562     10.419    74.1722   -60.7428    19.4492
    21.625     76.625   -31.3808   -54.4766    2.14344    5.58599   0.957919    2.71143    65.4735   -64.9115     33.893
    21.625     76.875   -16.5701    -53.634    4.49302    7.27384    6.66388    10.3234    27.3618   -63.0099    54.5131
    21.625     77.125     1.3967   -22.8699    16.2867    18.0831    13.1615    17.3195    18.5835   -49.8321    44.5897
    21.625     77.375    10.1051    -5.8797    19.4477    21.3179    15.4007     20.017    14.8333   -25.5508    46.9201
    21.625     77.625      12.97   -17.3831    28.8519    31.6967    23.8531      29.95    40.0416   -43.3831    59.2011
    21.625     77.875   -8.95481    -46.666    11.5331    14.7146    4.96372    7.63586    13.1647   -49.2998    39.9145
    21.625     78.125   -4.82238   -41.0172    14.3897    16.6789  0.0642577    3.29694    25.9751   -57.1616    37.0879
    21.625     78.375    7.32826   -21.6539    38.4788    41.8927   -8.18638    1.05437    80.0787   -57.8186    57.6575
    21.625     78.625   -53.3835    -92.971   -9.53381   -4.75443   -24.9519   -15.7547    33.5244   -68.3022    54.7931
    21.625     78.875   -37.6339   -76.3975   -3.25369   0.984406   -9.87543  -0.459117    8.87005   -73.5506    59.3908
    21.625     79.125   -50.6384   -94.6051   -5.07584    1.73857   -16.9778   -8.31229   -60.9835    -57.368    28.4183
    21.625     79.375   -41.5504   -97.8974   -11.3804   -6.98623   -19.8973   -11.9812   -63.0543   -35.8611    13.4414
    21.625     79.625   -35.2013   -58.7547   -15.5546   -13.9412   -15.4933   -9.23224   -25.8522   -27.0742    29.3081
    21.625     79.875   -43.4614   -70.8436    -19.248   -17.2158   -15.7996   -4.43667   -21.8539   -6.41127    29.0039
    21.625     80.125   -19.0237   -41.6757   -3.54904   -2.44055  -0.540783    6.49397      9.825   -13.0393     43.319
    21.625     80.375   -13.2744   -43.8563     1.6154  -0.222586    1.85717    10.5313    19.3714   -8.73731    47.8455
    21.625     80.625    -51.139    -90.795   -20.0167   -13.6806   -12.9894   -10.8489   -3.02614   -3.16124    46.0568
    21.625     80.875   -52.0062   -94.4292   -24.2832   -16.9509   -16.0553   -14.6319    3.39855   -18.6228    45.5094
    21.625     81.125   -58.4792   -93.7532   -26.1465   -21.9653   -20.9768   -19.6811   -6.80949   -35.1902     61.802
    21.625     81.375   -53.5757   -97.9366   -25.8157   -19.5511   -15.1771    -11.285    6.35694   -41.7627     45.963
    21.625     81.625   -20.3851   -55.1262   -14.7536    -12.857   -10.1477   -3.08663    18.9628   -49.5044    47.5304
    21.625     81.875   -40.7062   -94.6399   -13.3368   -14.1987   -8.86374   0.259963    -8.3094   -73.1795    48.2382
    21.625     82.125   -45.7966   -95.7339   -13.4001   -14.7629   -11.5852   -1.68601   0.132357   -55.7055    30.7293
    21.625     82.375   -35.5709   -94.1577    -8.4019   -23.1131   -22.4093   -14.2531    12.6305   -45.8751    33.2863
    21.625     82.625   -61.5035   -87.6055   -24.0316   -20.9737   -19.3405   -14.6791    4.18416    -39.641    41.6165
    21.625     82.875   -69.0078   -85.0718   -24.2631     -23.87   -20.7531   -14.5456    23.0328   -19.5751    38.7153
    21.625     83.125   -74.9348   -83.9478   -29.3917    -18.792   -20.7206   -14.2455    14.3592   0.665292     46.669
    21.625     83.375   -38.2278   -65.5036   -28.4676   -25.9653   -25.6298   -20.0171    35.9561    2.38755    42.4193
    21.625     83.625   -6.41295   -59.1702    17.3119    15.7109  -0.193315   -9.35349     14.091   -4.53597    56.4655
    21.625     83.875   -30.6517   -76.6753    11.5913    11.8139    11.8599   -8.75509    19.3757    -28.242    52.3034
    21.625     84.125     5.1136   -46.0354    26.5259      27.37     7.2899   -10.5154    36.8476   -23.6677    62.5947
    21.625     84.375    30.6721   -33.2072    34.0692    29.1383    1.88627    -13.527    81.4202   -33.9199    81.5705
    21.625     84.625    17.9129   -46.9679    24.1306    22.1615   -6.94158   -18.5362    85.8394   -45.1433    92.8986
    21.625     84.875    8.70877   -48.5869     31.532    39.2927    16.3572    9.46316    64.4431   -31.3717    82.8795
    21.625     85.125    5.83084   -22.4094     18.174    21.7017   -9.46437   -12.4762    40.0523   -31.8201    52.5683
    21.625     85.375     4.2194   -15.8704    28.0197    30.0681   -4.73972   0.663967    42.8581   -58.2096    54.3808
    21.625     85.625   -8.15473   -26.0596    9.58954    15.9826   -2.28718     1.0154    37.4542   -56.9464    53.7318
    21.625     85.875   -6.77034   -32.2715    16.8165    35.7601    15.3455    8.36748    44.7731   -39.4051    51.8147
    21.625     86.125   -22.2673   -60.5723    12.9166    25.7749     4.3631   -9.28385    35.0003   -42.5958    40.2062
    21.625     86.375   -32.7843    -68.896   0.725749    5.87688   -4.49936   -9.92352    23.4856   -81.8737    20.2686
    21.625     86.625   -41.9738    -88.097   -13.3023   -2.70591   -3.94232  -0.693384   0.207924    -92.388    25.4955
    21.625     86.875   -30.1513   -63.9813   -4.32894    5.13745  -0.842735   -0.15699   -5.26854   -23.8173    34.8609
    21.625     87.125   -13.3277   -35.8126    5.51745    9.07943    2.31871    -4.7841   -11.3869   -32.7899     24.912
    21.625     87.375   -23.3087    -36.522     3.9557    8.74481    1.57498   -2.56486   -19.7874   -6.10876    29.2746
    21.375     70.125   -24.5408   -77.2159    1.23258    3.42036    12.5076    24.0892    73.5302   -23.0818    15.0102
    21.375     70.375   -25.3315    -77.595    1.23747    1.57808    8.53398    20.9323    52.9447   -25.3742    14.0371
    21.375     70.625    15.1004   -52.4658    49.5186    54.0754    46.2105    43.2608    88.9479   -15.0376      26.31
    21.375     70.875    1.20287   -53.9896    23.3176    25.4277    27.6496    30.8013    66.5317   -5.19498    17.9382
    21.375     71.125   -3.37756   -61.8787    22.2814    24.8538    28.1237    31.1127    75.3866   -1.97319    15.7569
    21.375     71.375    2.30976   -55.0257    27.0828    29.5215    32.5024    35.5812    75.0492    7.38094    15.6347
    21.375     71.625    2.17371     -46.67    24.9004    27.5963    30.0696    32.3443    55.3185    11.6347    22.3054
    21.375     71.875   -26.7506   -87.9681    1.91982    6.51925    14.9651    22.7717    44.0286   -6.15364    7.84079
    21.375     72.875    9.28671   -54.6828    36.7554    37.0661    37.4527     39.673    67.6452   -66.5972    54.7424
    21.375     73.125    17.7379   -51.1449    33.8304    34.7624    36.4051    39.3907    59.8117   -63.1785    55.4308
    21.375     73.375    14.7209   -48.6101    31.8234    32.6365    34.1061     37.776    58.2441   -12.9251    45.0712
    21.375     73.625    5.23807   -42.7109    26.3843     27.615    28.8412     32.889    61.6894    -29.546    49.7564
    21.375     73.875    7.15247   -42.5061    28.9207    30.9141    31.6706    33.5397    57.4859   -30.8436    33.6832
    21.375     74.125    3.84655   -47.5109    23.8767    26.4103    27.6947    29.0679    12.3822   -57.7518     39.834
    21.375     74.375    13.2163   -33.4955    34.5072    37.5137    39.0632    41.0402    25.7487   -67.4828    62.8985
    21.375     74.625    13.5158   -37.5361    33.2729    35.9358    37.9735    40.0698    29.8502   -65.2549    55.1923
    21.375     74.875    23.6219   -6.72672    43.3787     45.721    48.3651     51.248    55.8694   -6.48629     57.167
    21.375     75.125    22.7001    -9.7723    41.0814    42.9736    39.1737     42.504    65.0985   0.612855    48.1284
    21.375     75.375    15.7595    5.09258    37.6873    40.4366    41.3941    43.9091    71.2846    8.34643    40.7734
    21.375     75.625     1.3605   -8.35538    21.2338    23.2425    13.5715    16.3842    36.4247    28.0708    27.3299
    21.375     75.875    8.48605   -1.20567     25.447     27.737    21.6882    25.8465    23.6244    9.73166    30.6034
    21.375     76.125    21.1812    26.0897    34.1314    38.5963     37.501    38.1675    33.3081   -30.3409    23.8861
    21.375     76.375    0.75822    -33.313    22.2191    25.7044    24.9441    26.1515     46.435   -40.5324    26.4869
    21.375     76.625   -33.2274   -67.9458   -10.1225   -6.70935   -4.88774   -1.97287    24.3848   -51.3383     20.724
    21.375     76.875   -32.1505   -60.1389   -10.0667   -6.65688   -4.64164   -1.55523    20.6371   -46.7151    12.5123
    21.375     77.125   -26.9607   -53.8434   -1.69507    2.34171   0.648748    4.02775    7.13549   -40.5844    38.1565
    21.375     77.375    6.21075   -11.0104    19.7672    22.7774    16.4643    20.6922    22.7184   -27.9613    69.6315
    21.375     77.625    3.52125     -17.21    20.4971    22.2606    14.5443    19.9355    22.5645   -49.1512    50.0403
    21.375     77.875   -7.32929   -30.9516    16.2569    18.6025    15.7925    22.9632    16.6816   -88.8851    35.4311
    21.375     78.125    18.5955   -6.48254    45.8047    49.3186    4.02229     14.889    52.4411   -47.9405    48.1606
    21.375     78.375    12.2037   -14.6661    51.2068     56.389   -8.49469   -1.06379    91.9605   -28.1223    57.0822
    21.375     78.625   -47.1053   -75.3132     4.2212    11.3321   -23.6983   -12.2268    56.4825   -42.5973    40.6384
    21.375     78.875   -35.1386   -59.0122     1.6371    8.57774   -6.72777    3.35826    39.9384   -25.3913    26.3555
    21.375     79.125    -34.062    -52.232    1.74522    8.90901  -0.554126    8.07393   -24.6184   -28.0172    18.0098
    21.375     79.375   -54.9385   -95.0687   -19.6373   -11.7794   -16.2393   -3.55637     -57.46   -26.4331    27.6986
    21.375     79.625   -53.6136   -95.8568   -29.6431   -25.0073   -25.1886   -17.9373   -46.2673   -13.2381    47.3475
    21.375     79.875   -32.5547   -61.8942   -8.42643   -4.23655   -3.46389     6.1609    14.9312    -7.2159    19.5103
    21.375     80.125   -44.4851   -93.3376   -16.0434   -13.8224   -9.76039   -2.17268   -20.3097    1.53069    20.3095
    21.375     80.375   -43.7245   -86.9974   -14.6539   -11.8413   -7.65902   0.115781   -27.5856   -1.71665    27.0882
    21.375     80.625   -56.7805   -72.5055   -19.3415   -10.4175   -3.46785    7.33148   -23.6291    2.68503     80.105
    21.375     80.875   -62.6584   -88.0877   -27.1164   -18.9501   -14.0899   -9.54808   -18.6638   -25.6134    62.4961
    21.375     81.125   -45.9659   -97.3616   -30.5484   -29.7896   -24.2587   -20.3478   -10.8546    -33.218    57.7653
    21.375     81.375   -52.4862   -93.8883   -17.6985    -11.254   -6.29283  -0.325581    16.5105   -33.5539     51.192
    21.375     81.625   -45.7828   -93.2444   -18.8755   -13.8034   -8.46874  -0.203678    10.0318   -61.0092    48.0126
    21.375     81.875   -26.1901   -75.8923   -1.84359   -8.52965   -4.57464    2.32143    20.4197   -84.5464    38.0114
    21.375     82.125    9.95429   -53.8058    7.33203  0.0443016   -1.24543    5.37313   0.848431   -69.7942    49.7655
    21.375     82.375   -8.48964   -59.8698    10.6342   -15.3825    -11.171   -3.79207    36.3206   -50.3852    61.7997
    21.375     82.625   -48.8619   -65.0468   -19.0096   -13.6014   -12.3454   -7.22571    3.61248   -22.9876    49.6853
    21.375     82.875   -56.0418   -61.6093   -19.9872   -11.7665   -14.7918   -8.91341    16.2975   -18.9353    54.7131
    21.375     83.125   -37.0401   -56.6871    -5.6675  -0.437525   -14.0413   -7.71115    40.5134   -1.31228    39.9273
    21.375     83.375   -28.5632   -76.6952   -7.21668   -2.93743   -4.62699  -0.383379    45.5567   -4.64426    58.3878
    21.375     83.625    -10.721   -54.1699    3.13417     4.0886   -1.50127    1.67723    41.1462   -8.91945    63.3226
    21.375     83.875   -18.3804   -60.7052    9.27914    17.0237  -0.657334   -3.85571    21.3204   -32.3145    68.9969
    21.375     84.125   -35.0038   -56.4444   -10.6706   -3.94574   -10.2215   -10.8661    12.1807   -56.9602     63.513
    21.375     84.375   -16.7966   -66.2654   -5.87085   -12.0175   -17.9374   -18.2627    27.3473   -63.3786    40.6641
    21.375     84.625    8.77046   -56.0376    25.7096   -2.25353   -13.0968   -9.36041    38.0511   -44.1373    57.5776
    21.375     84.875    -11.283   -73.4981   0.663644   -5.58782    -9.5123   -6.07309    11.5573   -36.9772    28.6734
    21.375     85.125   -13.8615   -36.2229     7.5949     8.9911   -5.60242   -12.2227      31.68   -34.1536    32.2708
    21.375     85.375   -15.0869   -23.3677    16.7208    30.4266  -0.807073   -2.70873    27.4454   -90.0899    56.6849
    21.375     85.625    1.20406   -23.5791    36.5692    14.6285   -2.45893    1.42949    63.0424    -30.473     70.305
    21.375     85.875   -21.0429    -52.963    15.2414    18.0559   -10.4916   -8.66345    43.1034   -55.5739    48.0794
    21.375     86.125     -18.14   -58.5633    12.9066      36.93   -2.14001   -2.29018    58.5727   -43.8254    33.6815
    21.375     86.375   -30.5312   -52.9612    -16.729   -3.87704   -10.9181   -6.08931    8.65578   -56.4498    31.1857
    21.375     86.625   -43.0506   -92.3215   -22.8629   -5.72762    -20.307   -13.5111  -0.431638   -91.5754    31.2873
    21.375     86.875   -36.9455   -75.3691   -12.7089   -2.29734   -7.04012   -13.1189  -0.844713   -82.4404    16.4167
    21.125     70.375    3.72002   -59.1599    38.0555    40.9029    44.4451    47.1392    77.7312    -5.5652    39.8041
    21.125     70.625    12.8576   -44.7757    41.4162    44.3666    42.0255    41.4795    80.0781   0.300841    44.1516
    21.125     70.875    2.93663    -39.767     27.633    31.1851    33.0529    34.8366    77.5453    4.55963    16.8436
    21.125     71.125    9.16223   -23.2127    32.8467    35.8499    37.8839    39.5777    88.4676    9.08022    28.8319
    21.125     71.375   -23.7916   -69.1981    3.23112    9.03089    18.2544    26.5985    72.3104   -8.56087    12.8932
    21.125     71.625   -23.0694    -78.639    3.85258    10.2639    19.5386    27.8635    81.1134   -8.79455    12.8207
    21.125     71.875   -26.8108   -83.9312    2.94113     9.0104    17.1623    24.5916    45.9799   -1.61951     9.7103
    21.125     72.875    4.42142   -39.2728    30.2282    31.4258    33.0917    35.8038    14.0906   -58.8958    39.4343
    21.125     73.125    -4.2188   -84.9709    19.1816    20.0139     20.651    22.3607    34.1783   -12.0516    24.4232
    21.125     73.375    13.4394   -59.5936    34.5098    35.4201    36.9936    40.0423    30.3293    11.3774    29.7922
    21.125     73.625    2.09342   -51.5371    21.2573     22.006    22.6907    25.0126    18.6237   -13.5603    23.2613
    21.125     73.875   -11.2484   -76.3502     15.296    18.3497    16.9285    18.2202     65.579    7.49482    22.0096
    21.125     74.125   -8.54186   -85.8504    20.3819    24.8563     20.902    23.3945    70.3302    13.5796    25.8152
    21.125     74.375    0.26598   -40.4732    24.5964    28.3008    29.5388    31.3134    29.2504   -60.6395    66.7774
    21.125     74.625   0.566351   -45.8826    26.1905    29.6505    32.8478    35.0003    26.2978   -65.0521     68.051
    21.125     74.875    8.83339   -35.0498    29.3936    32.1207    34.5367    37.3394    40.8022    -18.079    50.0571
    21.125     75.125    10.4066   -26.5128     36.334    38.3668     38.388    43.1853    54.3416   -2.14172    56.5263
    21.125     75.375    28.5394   -8.95093    51.0617    54.2152    55.1832    58.6023    33.1293    14.8158    43.2229
    21.125     75.625   -5.56038   -1.56364     11.953    13.2402    12.4887    14.4388    23.4598   -6.35859    43.0826
    21.125     75.875    8.34872    12.7904    22.8032    25.5365    21.2103    24.8952    11.8463   -21.4098    42.5735
    21.125     76.125    17.3996     14.442    33.0533     36.823    38.7836    42.1412    39.3021   -26.4937    45.7855
    21.125     76.375   -6.68597   -42.4373     15.607    18.9385    18.8675    22.5808    55.0157    8.88709    40.0888
    21.125     76.625   -20.0552   -32.9874   -3.51731   0.476635    3.34206    7.04724    39.8711    10.3233    8.53463
    21.125     76.875   -9.92784    -30.439    4.17142    7.38142    9.46754    12.3392    36.6783   -29.4365    5.53036
    21.125     77.125   -30.3313   -49.4024   -8.07238   -4.53887   -5.05454   -1.73586    21.9997    -53.346    10.4177
    21.125     77.375   -21.7012   -35.0311    1.80119    3.94722    2.59968    6.20119    26.3674   -60.7952    28.2579
    21.125     77.625   0.866374    -12.131    20.5642    21.8912    18.8441    24.4877    27.7083   -14.9111    29.9628
    21.125     77.875    8.67262   -4.10587    35.2358    38.3582    35.5312    45.3715    53.7159   -47.0781    29.6143
    21.125     78.125   -13.2751   -31.2085    25.8489    34.5813    17.1229    27.9608    50.4534   -48.1381    50.7527
    21.125     78.375   -43.3672   -61.0464     2.0016    10.1631   -9.12151  0.0897319    32.7221   -40.3985    38.0912
    21.125     78.625   -58.4942   -59.0423   -10.5004  -0.416495   -13.5651   -3.65708    21.4825   -34.5777     19.531
    21.125     78.875   -28.6134   -39.2384    3.65903    14.3548    1.81478    11.6626    60.8643   -1.22225    20.9785
    21.125     79.125   -53.8821    -77.219   -15.6013   -5.02315   -13.4551   -1.65896    31.7816  -0.917506   -3.36113
    21.125     79.375   -34.6472   -66.1453    -11.848   -5.84718   -6.62686  -0.556175   -5.13871    2.39924    18.0533
    21.125     79.625   -55.2291   -75.7129   -23.8353   -16.5989    -14.279   -5.78964  -0.868772   -32.3893    32.5962
    21.125     79.875   -35.8294   -93.6499   -15.8079   -24.4217   -18.5395   -7.50644    53.7266   -33.0996    45.2795
    21.125     80.125    9.06776   -40.9858    7.87952    -8.6101   -2.83429    8.03858   -1.48676   -39.2706     32.935
    21.125     80.375   -55.5505   -87.2977    -19.286   -15.6218   -11.9697   -6.27291   -35.7057  -0.661208    36.9316
    21.125     80.625   -56.2287   -86.5672   -16.6166    -6.3514  -0.319464    10.9941    9.34438   -32.3002    78.1958
    21.125     80.875    -71.955   -76.5994   -34.9526   -23.4177   -15.7067   -7.29363    13.8066   -35.6199    88.9862
    21.125     81.125   -17.0193   -64.2931   -23.1385   -15.9554   -9.44646   -1.13077   -7.82528   -35.6167    61.6092
    21.125     81.375    2.54451   -74.4555    4.98781   -7.90105   -10.4718   -10.7944   -3.35828   -60.7717    85.7107
    21.125     81.625   -54.6799   -89.2037   -19.7838     -12.22   -7.61292  -0.602326   -38.9273   -47.5748     58.305
    21.125     81.875   -34.8267   -66.5387   -11.4471    -7.4881   -2.75584    4.71799   -9.83114   -50.9204    67.1867
    21.125     82.125   -1.60786   -21.7718   -4.10435    -2.8233   -1.72493    3.03742    7.63601   -30.3882    58.9166
    21.125     82.375   -27.0927   -77.0507   -25.4446   -24.6709    -18.128   -9.75873    20.5655   -44.9348    73.3903
    21.125     82.625   -49.4625   -87.1483   -26.2336   -20.0982    -15.966   -8.56342  -0.474607   -27.9721    68.2087
    21.125     82.875   -5.75709   -52.1919    4.37723    8.19595  -0.881992    1.57824    41.2623   -15.7131    55.9948
    21.125     83.125   -47.7847   -76.4748   -9.44593   -1.90793   -11.0992   -5.74888    37.1481   -3.19086    60.9705
    21.125     83.375   -47.5481   -59.0134   -14.2393   -8.96538   -20.6237   -17.0338    57.9678   -16.3494    54.9774
    21.125     83.625   -23.8863   -68.2615  -0.731567    4.92401   -5.39469  -0.956352     64.004   -42.5969    78.6744
    21.125     83.875   -42.2716   -84.8293   -12.6302   -6.06111   -13.4366   -7.43081    51.2586   -46.9461    72.7744
    21.125     84.125   -21.8862   -66.7203   -16.8155   -27.5031   -28.6054   -23.8575    32.4588   -39.9293     57.634
    21.125     84.375   -54.8579   -83.9227   -25.0165   -22.3471   -23.8327    -19.522    19.7405   -34.5516     39.149
    21.125     84.625   -21.1162   -76.3613    4.42512    14.8789    -26.383   -19.6618    27.7295   -36.2493     40.273
    21.125     84.875   -26.5288   -87.0385   -19.3395   -5.02276   -6.97689    2.92368    33.9497   -59.3138    27.9761
    21.125     85.125     -9.219   -35.3202    7.76876    12.8973    -16.759   -2.64309     37.958   -79.2688    50.3493
    21.125     85.375   -25.5082    -12.549   -8.06981    -2.1389   -15.4584   -2.24622    18.0464   -99.8492    42.6257
    21.125     85.625   -17.1794   -19.4256    4.56823    15.1585    2.33208    7.76235    21.3372   -29.0728    32.9319
    21.125     85.875   -14.5566   -38.6205    17.7763    41.8907     5.0522    15.6868   -3.97979    -49.294    38.8688
    21.125     86.125    -17.335   -32.9748    3.45364    20.0949    -15.079   -27.8026    9.75942   -34.9421    10.3393
    21.125     86.375   -16.1846   -26.2434   -2.05673    15.4142   -16.0933   -25.2383    13.8107   -27.4762    17.2501
    21.125     86.625   -18.5987   -43.6051   -2.90863    13.6581   -11.9296    -13.579    4.57469   -41.4336    35.0139
    20.875     70.625   -29.0573   -71.3382    4.01941    11.5392    18.0731    25.7554    48.7647   -20.3443    33.1122
    20.875     70.875   -27.5106   -72.9162    2.46829    9.07317    19.0953    29.4264    38.2263   -17.6125    36.8998
    20.875     71.125   -30.1644   -77.9828    2.74366    9.95402    18.3273    26.9452    43.2862   -16.9829    35.3189
    20.875     71.375   -27.0252   -71.4842    2.68947    8.87867    14.4323     19.167     66.287   -19.5692    9.71672
    20.875     72.875   -4.70791   -66.0055    26.6868    28.0068    29.5938    32.8096    53.2933   -14.5399    47.6266
    20.875     73.125    2.97859   -81.6026    27.0981    27.8745    28.6466    31.9697    57.8819   -7.76869    38.7074
    20.875     73.375   -6.72872   -89.6614    18.7022    19.7583    20.3736    22.4472    37.2548   -2.01933    15.5422
    20.875     73.625   -9.57381   -57.6886    13.2917    14.2519    16.2542    19.2517    42.3148   -4.39833    12.7423
    20.875     73.875    3.26276   -42.3084    23.5898    26.4056    21.3878    23.5518     32.684   -37.9685    16.9043
    20.875     74.125    11.6815   -36.0637    37.8362    43.2338    32.8367    31.7905      57.22   -20.8526    35.8615
    20.875     74.375    38.5834    3.35319     61.135    65.5659    60.9515    65.2055    76.4081   -50.9361    78.1471
    20.875     74.625    26.9531   -9.68368    48.9047    52.3517    55.6628    59.1828    62.4415   -55.6795     74.348
    20.875     74.875    7.52368   -28.7355    23.3103    24.7241    26.2863    28.2398    33.1746    -42.711    54.4965
    20.875     75.125    12.3463   -27.4005     37.849    40.4643     39.434    43.3963      44.82   -5.63848    80.8314
    20.875     75.375    4.81465   -37.7613    24.7554    25.9912    14.3538    16.8593    39.9947    19.9857    52.5873
    20.875     75.625   -38.6332   -83.4803    -15.455   -13.1383   -12.6059   -10.8079    23.6852    30.9229    53.8476
    20.875     75.875    -21.684   -53.5592    0.80149    2.38993    1.33839    3.15164    29.7033     29.852    36.6653
    20.875     76.125   -7.67533   -33.4645     14.894    16.9395    15.2018    18.1835    74.7649    3.10728    9.71935
    20.875     76.375   -23.2836   -37.1775    -3.2608   -1.32518  -0.931238   0.902433    72.5524    13.6621    24.4002
    20.875     76.625   -4.40257     -10.69    9.06002    11.8754    13.7043    17.1709    76.3312    37.3683    41.4492
    20.875     76.875    10.2022   -5.38783    21.3942    24.4173    26.2988    30.3783    59.9915    19.7337    25.8434
    20.875     77.125    1.57078   -14.6925    14.4421    17.1614    15.9241     19.365     40.115    19.5538    50.7021
    20.875     77.375   -4.59776   -19.3981    12.8939    16.1252    14.3782    20.0263    34.1748   -9.34107    53.2191
    20.875     77.625     2.9164   -13.6461    20.1237    22.4386    20.4245    26.8825    38.7006   -16.7164    31.5098
    20.875     77.875   -17.8797   -22.4045    13.7844    23.4436    8.29723    18.3621    64.6444   -21.6105    20.0968
    20.875     78.125   -21.7122   -16.7743    8.39954    18.7442    9.61921     20.305    59.4693   -11.8626    44.8767
    20.875     78.375   -26.2892   -36.4531    12.9853    24.4846    6.74166    18.9822    59.5501   -21.8587    40.5358
    20.875     78.625   -57.8248   -66.2646    -16.364   -5.95433   -12.4956   -4.09302    18.9461   -2.03789    5.59123
    20.875     78.875   -21.6412   -40.0163    9.23378    18.5566    5.09706    9.23348    24.3042    5.96095    14.1112
    20.875     79.125   -38.7684   -72.9316   -10.1269   -3.14604  -0.783425    9.79248    18.2935   -10.0989    38.8563
    20.875     79.375    -56.482   -93.5329   -21.9891   -12.5461   -8.42418   -1.00261   -11.1752   -4.08845    14.4968
    20.875     79.625   -51.1081   -73.8913   -18.9663   -11.0642    -5.4562    5.29706    9.46334   -14.9043    9.49849
    20.875     79.875   -61.2154   -90.3959   -26.0687   -18.9955   -13.1286   -3.76189    24.2283   -48.8834    40.8949
    20.875     80.125   -57.2527   -85.4742   -19.3573   -16.4562   -11.4951   -1.43395    24.6302   -48.5182     38.199
    20.875     80.375   -49.8108   -84.8706   -19.4382   -16.9733   -14.3547   -9.07684   -29.1356   -29.4103    55.3785
    20.875     80.625   -59.3179   -82.8119   -33.3775   -28.0766   -23.4748   -13.3254    16.9476   -29.2896    61.3206
    20.875     80.875   -53.8396     -70.64   -37.1825   -31.7778   -24.7771   -13.7565    12.5101   -40.8823    84.1308
    20.875     81.125  -0.239893   -52.4179   -25.7263   -23.0649   -15.2209   -7.66148    20.4623   -32.7264    73.1406
    20.875     81.375   -56.2129    -88.666   -26.9364   -20.7221    -15.171   -8.51774    23.2453   -23.0983    92.2432
    20.875     81.625   -46.1608   -92.4486   -20.0836   -14.3865   -8.73053   0.807489    18.9718    -41.483    78.5358
    20.875     81.875   -37.4532   -84.1676   -23.1713   -24.0316   -15.0639   -4.74025    9.23205    -53.327    85.6713
    20.875     82.125   -40.1812   -67.3899   -28.5677   -24.1161   -15.8902   -8.12923     35.031   -82.6898     68.309
    20.875     82.375   -15.0738   -73.8342   -27.6867   -14.0832   -11.3721   -3.58376    29.7839   -80.2145    54.2736
    20.875     82.625   -60.5839   -82.7843   -26.3779   -23.5345   -20.3051   -15.0426    21.2698   -51.7261    64.7549
    20.875     82.875   -16.9149   -49.3425   -8.87939   -1.70916   -11.4282   -1.82329    26.4747   -57.8798    40.8555
    20.875     83.125   -35.7007   -43.4785     -27.22   -16.3836   -10.2103   -3.82483     21.768   -52.0369      60.61
    20.875     83.375   -24.8285   -35.8872   -21.0934   -25.0903   -22.5198   -16.9711     19.861   -33.7539    37.4782
    20.875     83.625    -32.638    -35.326   -25.4753   -23.8876    -21.839    -15.588    50.8795   -37.2384    48.8169
    20.875     83.875   -59.6512   -91.4397   -26.3416   -18.7917   -15.2627   -9.85552    46.0167    -67.374    41.8831
    20.875     84.125   -58.3392   -90.6781   -33.6892   -30.9589   -29.6746   -22.9836    32.0562   -50.2407    40.6235
    20.875     84.375    -54.273   -91.9625   -20.6523   -9.36093    -15.665    -7.5559    43.7683   -34.3411    63.4478
    20.875     84.625    -81.054   -76.8442    -45.485   -26.6934   -19.2954   -7.05539    29.1077   -15.6846    56.3442
    20.875     84.875   -59.7663   -52.8258   -20.6525   -20.0417   -25.2001   -14.8609    30.1828   -44.8556    34.1674
    20.875     85.125   -16.4295   -24.7703     8.1692   0.696261   -21.2385   -7.17631    41.7492   -33.2452    37.9824
    20.875     85.375   -31.3458   -32.5331   -5.73749   -6.52082   -9.89411    4.68586    22.8163   -58.9254    75.2219
    20.875     85.625   -22.6064   -19.6634   -19.4645    -6.2961   -13.2012   -3.77656     10.533   -42.0164     26.998
    20.875     85.875   -6.08584   -45.2298   -11.5328  -0.151772   -17.2932   -6.69756    35.1112     -43.27     41.497
    20.875     86.125    10.5735   -21.6787    27.7555    49.2018   -9.91242   -12.2339    35.2491   -46.1205    42.0633
    20.875     86.375   -3.58253   -21.4778    8.79911    25.4798   -19.3834     -17.51    37.5374   -40.4676    45.9652
    20.875     86.625   -14.2334   -37.6466     2.7172    25.0868   -14.8493   -11.6243    52.2573   -42.8789    57.1872
    20.625     73.125   -24.4689    -97.406    10.6822    11.8756    12.2258    13.3036    67.9813   -6.71334    38.8187
    20.625     73.375   -18.5292   -63.6152    14.9856    17.2214    18.5086    20.9111    79.2125    6.38193    36.0496
    20.625     73.625   -12.9532   -49.6354    13.3217    15.4043    17.4712    20.4747    62.3299    11.7847    20.9019
    20.625     73.875   -2.02106   -28.8023    19.5957    22.4799    25.0958     28.849     20.618   -4.30633    2.54246
    20.625     74.125   -11.1637   -41.3221    17.7188    23.4856    21.0139    23.3721    34.8024    10.7726    20.4118
    20.625     74.375     18.203   -3.09273    40.2157    44.4679    44.3831    47.3218     37.663   -35.5705    64.3207
    20.625     74.625    24.8394   -8.22094    46.5975    49.9763    52.5691    56.1563    54.8633   -41.9318    62.5613
    20.625     74.875    9.88792   -32.1647    27.4433    29.4279    29.5762    31.8492      30.28   -23.3517    41.9713
    20.625     75.125    20.2465   -11.6415    35.3388    39.0915    33.7982    36.8633     30.117   -43.4197    36.4991
    20.625     75.375    16.7148   -6.65388     36.035    40.2358    36.5707    36.1773    32.4522   -14.1754    41.7092
    20.625     75.625   -1.49427   -23.8786    18.7647     20.977    22.0446    25.3675     20.316    6.37397    40.2415
    20.625     75.875   -19.6806   -40.9342    2.15949    4.27236    1.27912     3.7774    31.1817    19.5423    33.3951
    20.625     76.125   -27.6704   -59.1351   -1.81072    1.17566   0.338765    3.10507    72.5526   -9.37329    18.5672
    20.625     76.375   -4.71743   -18.7798    12.5408    15.3299    11.3885    14.5419    93.0563    28.7958    17.7382
    20.625     76.625   -18.6861   -42.5861    5.29484    9.55496    7.90843    12.3762    82.4193    3.78093    17.2708
    20.625     76.875   -19.0889   -49.0241    9.08303    14.7156    13.0444    19.7388    80.1906   -1.80356    8.36701
    20.625     77.125   -14.8307   -35.7231    7.35655     10.238    10.6066    14.5517     45.092  -0.953265    4.57892
    20.625     77.375   -5.69529   -17.7078    11.3233    14.4106    12.4097    17.2424    35.0393   -6.46885    43.9481
    20.625     77.625   -13.1036   -4.80925    10.1454    17.1559    20.1097    31.5585    70.7487   -26.7206    54.7328
    20.625     77.875   -24.5804   -36.7259    12.8736    20.4401    22.9455    35.7218    63.5683   -35.0196  -0.577951
    20.625     78.125   -22.1102   -25.5929    5.23444    16.0303    2.81193    14.9241    67.8247   -17.3535     37.367
    20.625     78.375   -19.8191   -29.1321    10.4723    22.5412    7.24474    18.2536    38.4703   -21.8893    29.5828
    20.625     78.625    -39.584   -66.4202   -1.60071    10.2747    12.6584    21.4975    36.2232   -26.4143      21.24
    20.625     78.875   -29.2645   -60.2601      10.79    20.2567    15.4796     15.833     26.459   -19.6696    20.4842
    20.625     79.125   -58.2981   -90.6679   -11.9571  -0.442106   -6.55279   -6.91589    12.1731   -20.2546    21.2803
    20.625     79.375   -73.9839   -84.8578   -35.6579   -23.4361   -21.4014   -12.9672    -6.7519   -11.8554    19.8312
    20.625     79.625   -53.3054   -90.7581   -14.3028   -4.20959   -1.47081    10.9147    28.7153   -36.0265    12.9388
    20.625     79.875   -53.7955   -89.2999   -14.5612   -6.02383  -0.706724    13.9958    45.0521   -25.3346    72.0169
    20.625     80.125   -44.8151   -92.1023   -10.8368   -4.01021    1.62839     14.456      31.92   -30.8513    57.6082
    20.625     80.375   -36.1482   -89.7277   -18.9643   -15.5086   -6.39966   0.714462    6.51111   -51.1099    37.6755
    20.625     80.625   -31.5381   -87.1787   -24.7049   -23.6081   -19.5641   -11.1048   -27.9647   -36.2042    66.1212
    20.625     80.875   -59.9399   -85.9714   -26.1859   -18.2868   -18.4656   -9.60746    19.9743    -35.845    62.7026
    20.625     81.125   -59.2884   -81.4842   -25.7851   -16.3205    -10.653   -9.20426    33.5874   -43.5594      80.59
    20.625     81.375   -62.3141   -85.6363   -29.1804   -16.6468   -10.6931   -4.06827    24.1116   -34.8561    79.7058
    20.625     81.625   -71.2038   -80.7246   -31.4187   -20.7887   -13.3721    -6.5976    8.17315   -41.5708    59.7927
    20.625     81.875   -80.1747   -84.4033   -40.1475   -26.4393   -14.8176   -7.56928    36.0882   -51.1247    72.3003
    20.625     82.125   -27.6907   -61.3263   -14.4141   -3.62589    2.38144   0.145026    71.1702   -59.4655    59.4651
    20.625     82.375   -35.8997   -87.5005   -8.49102   0.253464  -0.217254    2.55049     43.996    -70.978    53.5769
    20.625     82.625   -16.8154    -71.068   -10.2461   -7.36661   -8.77537   -2.97782    23.1445   -61.8062    45.4225
    20.625     82.875    -32.816   -55.2814   -2.13829    2.93655   -2.94551   0.501793    44.1498   -48.8642    52.2323
    20.625     83.125   -46.7368   -46.4527   -31.1264   -22.0101   -16.1262   -10.0404    40.0123   -46.8465    60.1316
    20.625     83.375   -65.1582   -69.4787   -30.3881   -28.9698   -23.1594   -17.0019    52.8136   -44.5635    55.0657
    20.625     83.625   -43.7308   -39.3675   -35.5681   -31.1047   -27.4291   -21.4966     36.639    -38.746    56.0343
    20.625     83.875   -75.2776   -49.8877   -34.4266   -23.7055   -20.7672   -17.0521    41.1778   -26.1127    52.9468
    20.625     84.125    -36.201   -55.7011   -27.5826   -21.1238   -28.8471   -23.4687    33.9546    -27.975    7.56333
    20.625     84.375   -58.3631   -82.0751   -23.0258   -30.0511   -28.6962   -22.2039    17.3152   -27.6706    44.9302
    20.625     84.625   -40.4378   -33.9216    -14.196   -18.6881   -26.6571   -18.3411     40.892   -42.5267    50.3496
    20.625     84.875   -39.2915   -51.8468   -1.09232   -12.7767   -24.9638   -16.6729    30.6416   -50.5377    51.6238
    20.625     85.125   -26.7765   -43.7291    1.62431   -16.5532   -30.3477   -17.7804    34.4633   -21.6937    41.3592
    20.625     85.375   -16.6059   -14.2993   -12.6829   -25.7408   -24.0651   -6.74455    56.0756   -15.4812    87.3394
    20.625     85.625   -78.4576   -84.2964   -45.7244   -36.7581   -36.9416   -25.9696   -5.32116    12.7226    44.5894
    20.625     85.875   -38.9808   -72.5784    -23.674   -23.4718   -26.2185   -12.8318    37.6552    19.0115    68.3875
    20.625     86.125   -43.8708   -66.9485   -23.7741   -8.05044   -23.1151   -11.1066     57.462   -19.0465    59.2947
    20.625     86.375    -32.054   -41.1068   -10.1506    3.93818   -21.6487    -12.427     55.513   -41.7915    45.1296
    20.625     86.625   -22.6242   -38.4507   -5.07112    9.69033   -16.7022   -9.44551    55.6108   -37.1184    47.3122
    20.625     86.875   -26.3641   -39.9603    -6.2195    8.41296   -17.3317   -10.1381    52.7152   -37.0314    47.2856
    20.375     73.125   -12.8302     -64.28    17.6072    20.2432    21.6807    22.8678    57.4421   -9.95346    36.6553
    20.375     73.375   -11.2621    -38.874    13.4248    16.6955    18.3069    19.2272    46.1066     14.454    33.8546
    20.375     73.625    12.5966   -5.08422    28.9126    32.6468     33.845    34.9176    47.5709    -16.797    50.1565
    20.375     73.875   -39.4001   -66.3006   -2.06279    4.28759    5.47725    6.15076    38.8649     35.967    18.7136
    20.375     74.125   -28.6256   -45.9952   0.461968    5.95069    8.04693    9.51982    23.6914    37.3445    9.54879
    20.375     74.375    3.60787   -9.24527    22.4318    26.3771    28.5544    30.9578    3.70063   -22.6123    56.0672
    20.375     74.625   -8.51292   -25.9002    13.0985    15.9287    17.8769    19.6913    6.56742   -26.0284    47.3389
    20.375     74.875    5.79671   -15.2837    24.4352    26.8705    26.5946    27.8991    18.5476   -15.9486    49.5117
    20.375     75.125    24.9953   -5.26905    42.0143    46.2358    37.9111     38.117    29.8913   -6.84277    39.5004
    20.375     75.375    27.4326    9.37014    56.1831    62.7153    53.3425    49.5327    41.5844   -9.00074    61.5315
    20.375     75.625  -0.381396   -18.9208    27.1048    31.3067    26.7028    28.4426    34.9939    1.25225    60.3338
    20.375     75.875   -14.0287   -7.26055    24.2593    27.9368    18.1394    26.5082    53.2753    20.2764    70.8705
    20.375     76.125   -20.8032   -23.4247    21.8362    27.5556    19.7443    26.8629    83.2142    25.8039    56.4815
    20.375     76.375    -18.503   -23.8831    9.39952    13.5947    12.3403    17.8041    88.4657    9.16771    31.1426
    20.375     76.625   -29.1484   -62.1501   -2.61591    1.34439    4.35741    8.52829    78.1717    35.5833    33.8711
    20.375     76.875   -32.6685   -62.7637   -2.69482      3.038    5.03251    9.97348     62.136    22.8651    31.7022
    20.375     77.125   -13.6981   -46.7863    13.8425    18.6455    20.8997    26.3149    44.6613    30.0175    37.8269
    20.375     77.375   -22.0263    -29.161    17.4108    25.3328    28.8211    36.4635      53.79    3.61919    41.9568
    20.375     77.625   -20.4035   -19.1723    9.30776    16.8546    19.8875    28.7003    49.2465   -40.6252    30.2178
    20.375     77.875   -46.3291   -68.7687   -15.8031    -9.5978   -7.82984   0.302127    32.2291    4.55971    26.9686
    20.375     78.125    -55.608   -60.6192   -18.7696   -10.5316   -9.93123   -2.77706    41.8868   0.354144    24.4888
    20.375     78.375    -20.538   -36.0877    6.13315    18.2587    8.49972    16.6329    57.8053   -4.63428    23.8622
    20.375     78.625   -25.8775   -49.6148    9.10789    20.7475     13.642    20.4651    46.8863   -8.28164    21.1181
    20.375     78.875   -37.8554   -60.5494   -2.49596    7.02111    8.88689    17.1697    25.6341   -25.7856    33.5643
    20.375     79.125   -33.1117    -61.066   -5.56386 -0.0760187    4.04462    11.9896    6.26994   -23.8547    37.1323
    20.375     79.375   -55.1321    -92.907   -20.0698   -10.4683   -13.7447   -6.89594    24.7941   -31.7834    56.1551
    20.375     79.625   -56.3678   -90.8427   -16.6222    -6.7677   -2.44208    8.27314    36.4192   -34.7428    56.3061
    20.375     79.875   -54.2756   -89.6126   -13.9199   -5.45102   -1.81465    9.44598    65.4082   -21.4532    75.3544
    20.375     80.125    -44.837   -91.7807   -5.87129    3.11969    5.22461    18.4014     58.228   -16.5245    76.4754
    20.375     80.375   -35.9695   -91.6772   -11.6391   -8.61122     -6.034    2.03303    28.4402   -24.9746    57.9701
    20.375     80.625   -51.3138   -84.8395   -23.7307   -12.2769   -11.0698   -1.14412    20.5791   -53.4354     67.135
    20.375     80.875   -40.5481   -74.9301   -27.6055   -18.7062   -19.1138   -9.60332    18.7009   -35.4092    77.5638
    20.375     81.125     -62.69   -84.9419   -32.2648   -28.8344    -17.481   -10.4164     20.765    -26.063    80.6112
    20.375     81.375   -77.8012   -83.2797   -40.0091   -26.9631   -15.9278    -9.3924    24.8759   -22.3596    76.0983
    20.375     81.625   -50.8922    -65.362   -46.3762   -30.7567    -18.484   -9.68127    9.01604   -31.1724    50.0335
    20.375     81.875    -49.583   -66.7074    -38.522   -27.5739   -14.7905   -9.11911     22.455   -73.5742    50.2561
    20.375     82.125   -2.63316   -60.2847    10.1532   -2.15305   -4.22348   -10.2666    69.3901   -77.1653    58.6561
    20.375     82.375    13.5487   -37.1332    18.3271    6.96534   0.498769   -2.38428    65.8017   -79.7794     50.087
    20.375     82.625   -25.0929   -54.0478     -6.745    0.43609    4.20093     10.306    25.7763   -51.7185     52.342
    20.375     82.875   -66.9563    -78.913   -23.2934   -20.2777    -12.515   -1.02883    26.4693   -47.5461    39.9326
    20.375     83.125   -46.7755   -90.8405   -15.4386   -16.8728   -10.9625   -2.96276    36.2852   -49.2834    57.5171
    20.375     83.375   -71.3637   -75.0025   -39.2272   -30.8416   -25.0608   -17.1771    39.4286   -51.0537    49.2085
    20.375     83.625    -32.792   -48.7467    -20.967   -34.9153   -28.9454   -21.2519    44.1717   -33.0308    45.1977
    20.375     83.875     -15.95   -30.0578   -7.95743   -40.0489   -32.0813   -23.1584    33.8059   -25.6489    63.2139
    20.375     84.125   -32.9747   -55.3518   -17.4948    -17.591   -24.6784   -16.0244    51.9731   -15.8253    41.6153
    20.375     84.375    -60.034   -90.1525   -29.1087   -20.0062   -18.9767   -11.0547   -17.4915   -14.8059    48.8818
    20.375     84.625   -47.9591   -70.4326   -21.9585   -32.1705   -29.2758   -14.2956    37.6349   -2.23641    54.3376
    20.375     84.875   -51.3887    -77.156   -24.7623   -17.1014   -29.8203   -14.3676     42.839   0.475778    64.9982
    20.375     85.125   -7.92458   -24.1141    9.61977    9.48011     -20.64   -9.55535    38.5179    27.8566    61.7371
    20.375     85.375   -28.6992   -53.5881    -20.857   -22.7236   -24.1055   -14.7416     11.188  0.0166326    36.2299
    20.375     85.625   -35.4227   -42.2818   -21.4787   -33.0115   -25.2265   -11.6817    35.3882    4.18389    47.1702
    20.375     85.875   -51.8082   -84.3523   -25.9018    -26.844   -26.6103   -13.5223    35.8641    28.7332    44.2174
    20.375     86.125   -28.4362   -73.7685   0.128733   -4.61014   -28.5239   -16.6712    58.5669   -1.63514    48.3498
    20.375     86.375   -27.6592   -53.1516   -4.69274    6.30692   -24.9172   -16.9282    34.5753   -11.5803    44.1327
    20.375     86.625   -32.6983   -43.3882   -12.1574    3.25809   -23.9925   -15.1454    41.1204   -30.4906    46.5954
    20.125     72.875   -16.3093    -73.827    13.4843     15.266    16.1982    17.9396    45.0504   -6.29029    36.3999
    20.125     73.125   -5.31865   -69.3568    27.3533    30.0769    31.5095    33.0646    50.5241   -19.4675    54.0658
    20.125     73.375    -9.1246   -46.5652    7.22797    11.0197    11.6103    12.4561    30.9231    7.04741    20.9446
    20.125     73.625    36.9897    24.4107    51.1424    54.2009    56.1412    58.4738    62.1289   -22.5184     62.979
    20.125     73.875   -4.45161   -11.8833    19.9363    26.1631    27.2022    28.8744     50.931    47.8038    51.5603
    20.125     74.125     17.628    23.0255    35.6018    39.1572    41.3672    44.4854    50.0922    22.1661    26.5522
    20.125     74.375    28.8059    24.3032    40.7098    44.0586    46.5579     49.078    38.1868   -15.0123    49.7433
    20.125     74.625    10.7026    3.92978    26.4973    29.5287    30.6803    32.0558    16.4837   -14.5394    39.0505
    20.125     74.875    23.4565    17.5961    38.8925    41.9972    39.6569    38.9785   -2.48159    1.27891    50.8356
    20.125     75.125    4.20237   -9.44377     27.346    32.8965    33.8712     35.216    7.63798    23.8126    54.9593
    20.125     75.375   -23.0936   -37.9237    13.5499    19.7399    21.1846    24.6395    34.7479    -22.376    61.5517
    20.125     75.625    -27.922   -48.0163    5.80059     9.3683    6.68012    7.57459    21.3874   -6.86908    38.2254
    20.125     75.875   -27.5672   -36.2655    6.18031    9.33581    8.87112    10.7474    24.2519    4.82784    32.1238
    20.125     76.125   -7.57879   -10.1622    25.1602    27.6316    21.0355    23.1295    47.1983    14.2349    34.3412
    20.125     76.375   -4.32848   -4.57053    22.8994    25.2753    18.7211    21.1961    46.4391    21.5453    26.3515
    20.125     76.625   -25.2303   -24.7601    3.67007    10.3227    15.5549    22.0898    69.7749    49.4618    39.1038
    20.125     76.875   -34.8695   -34.3623     2.7454     12.585    16.5645    26.1538    49.1732    63.4436    43.3868
    20.125     77.125   -25.3055    -22.902    12.9363    20.1129    25.8239    33.8307     39.184    22.6267    45.1268
    20.125     77.375   -14.2482   -15.1915    24.1969    31.0986    34.9197    41.0994    23.0365    9.45639    49.0593
    20.125     77.625    -50.842   -61.7914   -4.50984    3.83555    6.85886    14.9409    35.8091   -22.1858    27.4882
    20.125     77.875   -25.2626   -32.8376   -2.16046    5.23475    8.81538    20.7248    37.7898    14.8744    26.5463
    20.125     78.125   -38.5041   -45.5096   -7.36443  -0.997895    3.11166    12.1965    52.5174    19.2292    35.9725
    20.125     78.375   -34.6573   -37.5821   -4.20077    3.23463    7.50761    14.7383    62.9483    4.89468    42.8515
    20.125     78.625   -34.0892   -36.7449   -2.82775     9.0314    11.5198    20.7623    52.4536   -34.9696    60.5227
    20.125     78.875   -34.5471   -56.0777    7.26387    19.9295    15.6547    24.1284    52.1804   -44.8554    64.0515
    20.125     79.125   -52.5468   -92.7792   -10.7673   0.992142     4.5612    13.9169    35.0672   -41.9105    73.5916
    20.125     79.375   -58.4015   -94.3612   -26.5108   -18.2654   -12.0964    -4.2856    41.6486   -35.6372    79.5944
    20.125     79.625   -38.7554   -77.9219   -1.38869    9.04321   -3.97612    5.02111    56.1274   -23.7625    70.5464
    20.125     79.875    -42.467   -93.6869   0.869995    10.4496    5.34224    13.3933    50.8364   -15.9993    64.5485
    20.125     80.125   -45.7382   -93.2096   -5.07943    4.06003     1.8647    10.1703    50.6019   -14.7435    63.7954
    20.125     80.375   -47.6652   -89.5696   -10.3461   -2.12268   -3.21547     3.3826    27.7992   -29.8154    65.2656
    20.125     80.625   -57.6698   -83.6025   -20.5458   -14.2793    -9.0429   -4.64158    26.9139   -25.3593     71.194
    20.125     80.875   -43.7423   -75.5087   -16.2775   -19.0637   -10.3936   -4.58761    29.2167    -31.587    81.2703
    20.125     81.125   -92.8246   -57.4643   -47.9846   -36.6642   -25.9063   -17.3207   -15.2923   -18.3017    83.7882
    20.125     81.375   -74.8431   -64.6383   -46.0774   -31.6404   -17.5638   -12.0498  -0.580717   -12.0343    51.4845
    20.125     81.625    -44.198   -62.3928     -50.01   -35.1878   -19.8432   -10.7678    5.94137     -31.08    53.7123
    20.125     81.875    -7.9971   -39.1742   -5.60431   -14.3122   -7.74478   -5.54041    7.24185   -58.3695     41.753
    20.125     82.125    4.16631   -40.2799    18.2523    4.31356  -0.494519   -6.72003    19.0136    -66.345    50.3043
    20.125     82.375    2.65364   -39.1644    31.3216   -10.4031   -7.69241   -8.72221   0.153646   -75.5677    42.5593
    20.125     82.625    -47.056   -93.1451   -23.3948   -15.5105   -9.14443   -2.04746    15.5981   -57.4158    25.8884
    20.125     82.875   -67.1314   -86.3782   -32.0943   -22.1266   -17.4763   -13.0648    -41.652   -52.8831    27.9556
    20.125     83.125   -39.4732   -93.3633   -9.38909   -19.3146   -11.5861   -2.49885    66.1041   -66.2557    36.7007
    20.125     83.375   -80.3661   -85.3147   -47.7972   -35.1708    -25.739   -19.2276     37.949   -46.3514    21.7334
    20.125     83.625   -76.8489   -69.9779   -45.3897   -39.5679   -29.1495   -23.3916    25.0636   -36.6292    25.0202
    20.125     83.875    2.20469   -28.8163    12.5174    7.53939   -29.8076   -16.9016    57.8089    -24.355    78.0674
    20.125     84.125   -17.1172    -36.611    3.41054    11.1901   -25.6458    -14.589    50.2468   -28.6211    85.1309
    20.125     84.375   -36.4561   -94.8769    -4.2352   -13.9934   -31.2217   -15.8672    30.7832   -13.5406    60.0735
    20.125     84.625   -1.81833   -44.7568    5.98208   0.111752   -3.63194    3.98439    37.6694  -0.558782    41.1856
    20.125     84.875    6.66635   -11.6725    21.3616    6.34728   -23.7913   -10.1631    55.7572    10.0036    40.9149
    20.125     85.125    2.46016   -36.7767    17.9908    19.9445     -6.489    1.52018    55.0908    33.5211    51.6928
    20.125     85.375    -5.4856   -53.3469     12.781    13.7377   -2.15493   -7.08392     30.441    18.0922    43.0636
    20.125     85.625   -56.7821   -66.0805    -29.687   -16.7847   -17.8256   -7.58551    13.2452    23.0891    50.9546
    20.125     85.875   -28.3437   -54.7002   -5.15803   -3.52267   -22.1854   -19.0859    54.5354    29.2804    38.7993
    20.125     86.125   -63.9746   -69.7066   -15.5642    -16.158   -31.8847   -22.6978    46.1942    2.90194    52.2715
    20.125     86.375   -51.0427   -47.4208   -11.6631   -13.3954   -32.7699   -23.5554    45.8446    3.04517    52.3608
    19.875     72.875   -30.4032   -97.0817    10.5804    13.3375    16.1416     18.864    58.2018   -23.2113     39.828
    19.875     73.125   -24.1382   -89.9446    18.0518    21.7787    24.7298    27.4802    62.1024   -16.5549    44.7058
    19.875     73.375    2.86036   -33.7315    25.9504    29.2484    31.3246    33.6282    72.9333    10.1019    41.9561
    19.875     73.625   -6.39817   -32.0731    16.3725    21.5262    9.14021    11.0641    63.8932    27.9379    23.9025
    19.875     73.875   -8.14825   -21.5678    13.5397    18.7893     12.581    13.4971    34.1481    40.3988    24.5521
    19.875     74.125  0.0498094   -1.76236    20.1262    23.9136    25.8452    27.3358    23.0555    1.86582    49.5869
    19.875     74.375    9.66112    6.38048    18.9879     21.074     19.262    20.2988    15.5705   -26.9251    34.7378
    19.875     74.625    21.9745    14.2067     34.863     37.636    35.4821    37.4983    35.3401   -23.6225    57.5563
    19.875     74.875    13.5785    5.47475    30.7669    32.9848    34.4423    35.6282    12.6711    20.5581    37.4299
    19.875     75.125    1.05362   -12.1776    19.5429    23.9386    20.4809    20.8017     13.492    19.9629    26.7613
    19.875     75.375   -19.4488    -23.981    16.1497     21.792    21.6936    23.6991    14.5336    2.04934    41.2277
    19.875     75.625   -5.25163   -13.3068    21.0857    24.2291    21.2211    21.9773     21.269    7.38106    19.1152
    19.875     75.875    1.50705  0.0619535    24.0303    26.8438    22.1962    24.0195    28.6273    8.30938    20.9583
    19.875     76.125    9.40447    6.05131    31.1644    30.9064    23.4523    25.7729    37.3606    16.7625    23.5814
    19.875     76.375    14.2554    7.73584    33.7258    31.7657    23.9564    26.5325    26.5201    25.3944    25.2279
    19.875     76.625   -37.4697   -40.5036   0.632463    5.89309    9.04982    12.0597   -11.0649    35.9022    17.7803
    19.875     76.875   -60.4866   -57.3244    -12.943   -4.24097   -4.34003    2.05292    1.61334    52.1641     22.227
    19.875     77.125   -25.0361   -20.1073     12.055    20.8682    27.2266    36.2463   -9.46731     55.591     52.112
    19.875     77.375   -19.9941   -23.1069     17.735    22.7403    27.9945    34.3238    -17.499     18.551    50.0511
    19.875     77.625   -61.0312   -69.7685   -10.4512    -2.5668    3.67405    11.5521    4.75271    22.0168    20.8162
    19.875     77.875   -36.6898   -47.7765    -3.8016    3.22207    9.43368    17.5052    41.2726    29.3343    37.7736
    19.875     78.125   -45.5565   -52.7721   -11.1759   -3.23031    3.95579    10.5078    49.5683    14.7929    52.8827
    19.875     78.375    -40.668   -54.7263   -7.87305  -0.562687    6.69191    13.1957     60.397    3.75296    57.2099
    19.875     78.625   -35.6833    -43.616    1.09332    11.6813    17.1867    23.2653    64.5298   -55.3726    75.0182
    19.875     78.875   -20.0171   -39.2407    18.0327    31.9866     18.666    26.9993     60.489   -49.7009    82.8667
    19.875     79.125   -12.7222   -31.1533    21.8471    31.6278    24.3434    31.5702    43.7299   -14.8385     76.076
    19.875     79.375   -48.6126   -76.6414   -7.18373    4.19733    3.84265    13.0224    43.5986   -32.5324    79.3767
    19.875     79.625   -42.1736   -75.7201   0.589006      11.79    6.15333    15.8085     61.688    -30.688    74.6431
    19.875     79.875   -43.7663   -86.8737  -0.761989    10.7605    7.28815    16.1276    55.5339   -21.5363    73.3214
    19.875     80.125   -61.1392   -80.2122   -20.8246   -13.8664   -11.5031   -7.28357    34.3763   -16.7818    87.4057
    19.875     80.375   -61.1191   -78.5332   -20.5179   -12.3717   -8.76627   -5.88266    29.8169   -23.1558    84.9238
    19.875     80.625   -60.5006   -82.6086   -22.5538   -14.1229   -8.39164   -5.31166    32.8059   -24.6986    83.1955
    19.875     80.875   -52.5728   -89.1433   -18.0069   -11.1505   -4.89911 0.00578834     43.431    -31.658    78.3149
    19.875     81.125    -47.032   -84.8894   -28.2579   -22.4235   -12.8011   -9.73929    9.71186   -47.9989    77.2791
    19.875     81.375    -93.194   -59.6268   -44.3598   -28.1741   -15.2264   -11.3116   -17.2327   -30.0721    76.6506
    19.875     81.625   -64.7969   -67.9004   -49.4588   -39.2326   -19.8975   -13.1147   -16.8051   -34.8573    67.8287
    19.875     81.875   -19.3916   -55.0496    -16.788   -25.1118   -18.1882   -9.66846    19.1925   -72.3549    90.8752
    19.875     82.125   0.133576    -46.846    22.9273     13.201   -3.89654   -7.45548    57.3708    -57.474    53.8897
    19.875     82.375    5.13782   -22.7516    16.7142    18.4217   0.459263    -4.4694    30.6313   -19.1082    30.4612
    19.875     82.625    -17.103    -88.442    7.82175   0.853404   -15.5411   -7.43821    22.1808   -95.5155    40.4804
    19.875     82.875   -21.1518   -58.3946   -9.59453   -20.7917   -14.0296   -6.18368    23.3463   -97.7297    40.3019
    19.875     83.125    -49.916   -80.1159   -23.9975   -17.1783   -7.73198  -0.596671    39.2006   -87.9728    39.6908
    19.875     83.375   -61.9097   -80.7443    -30.001   -37.7807   -28.0252   -18.7618    51.7538   -62.6012    52.2217
    19.875     83.625   -23.4071   -50.9706   -3.21088   -7.70481   -2.00285    3.60453    50.8341   -63.3998    34.5831
    19.875     83.875    -36.143   -65.2821   -13.6058   -12.3952   -7.85242   0.739186    37.6978   -59.4007      45.89
    19.875     84.125    18.3227   -11.6503    7.75116   -4.50112   -8.40975   -1.81178    58.3431   -28.2548    40.5978
    19.875     84.375    14.5755   -27.9841    8.54459   -5.37754   -8.95369   -5.75622    44.7401   -44.9856    39.6309
    19.875     84.625     27.785    13.8765    17.5773    4.06743  -0.886739    2.66818    54.7053   -14.9484     34.255
    19.875     84.875     1.9668   -26.9346    9.97216    9.61044   0.335576    3.04043    49.2893    15.0977    29.5851
    19.875     85.125   -15.7799   -51.8435     12.306    13.5863    -18.741   -9.80993    31.5258    13.2551    34.2303
    19.875     85.375   -41.4375   -47.4565   -7.84387    -2.0172    -13.428   -10.0343    1.85177    6.09219    24.6567
    19.875     85.625   -48.3173   -76.4987   -11.2627 -0.0329513   -10.6207   -5.92379    25.1136    6.20029    24.3215
    19.875     85.875   -59.1631    -66.667   -20.4663   -10.4579    -19.674   -14.6964     4.4672    16.7473    34.9806
    19.875     86.125   -63.7787   -63.7805   -17.9185    -11.905   -27.3456   -22.4209    27.4724   -1.47087    56.0668
    19.625     72.875   -33.2456   -94.7931    12.2126    14.9639    17.8244    21.0458    55.7494    1.86169    41.4756
    19.625     73.125   -31.6927    -97.596    10.0933    13.7266    16.2049    18.5426    57.2637   -6.10691    35.2988
    19.625     73.375    -29.298   -92.1238    9.55943    12.8253    15.6693    17.1842    54.1563    12.2436    33.2187
    19.625     73.625    17.8893    9.05411     33.043    36.9563    29.1227    30.4046    53.1533   -26.0921    45.9027
    19.625     73.875   -5.92076   -14.1945    15.4312    19.7218    11.2802     13.142    59.6695   0.606395    40.8846
    19.625     74.125   -18.6195   -23.9345     7.3204    11.8403    14.0618    16.0643    5.48064    6.92424      41.44
    19.625     74.375    18.5922    11.5165    33.0488    35.7739    33.3251    35.5561    17.1096    4.03504    59.6797
    19.625     74.625    15.2175    7.93662    28.9539    31.1767    29.6657    32.0631    44.2825   -38.9753    49.0865
    19.625     74.875    6.36146   -9.53422     22.613      24.75    23.9137     25.715    40.9505   -12.4031    36.9026
    19.625     75.125    9.02026   -11.7809    29.0617    34.2431    26.2481    27.4009    19.4786    13.3354    24.9699
    19.625     75.375    4.56621   -1.60512    24.9191    29.0367    24.2677    25.6304    24.9134    16.0537    29.5846
    19.625     75.625    5.01559   -12.2999    25.8193    29.9925    25.3835    23.8687    13.9793    21.6613    20.9064
    19.625     75.875    11.6114   -15.8306    27.4847    30.4946    26.9815    28.1572    25.5248    34.4689    23.2641
    19.625     76.125    6.77375   -11.0247    31.3072    34.5005    30.5786    30.2947    32.4932    25.6206    23.1015
    19.625     76.375   -23.1491   -26.6567    6.88188    11.1111    12.0948    13.7606  -0.736988    34.7997    21.1031
    19.625     76.625   -39.2398   -53.2751   -12.9354   -9.10902   -8.58903   -7.28392   -61.9506     37.337    5.67424
    19.625     76.875   -71.2441   -92.4298   -32.3619   -27.0767   -29.5615   -28.5888   -45.0721    15.0782   -1.74076
    19.625     77.125   -65.9201   -74.5034   -15.7871   -7.77796   -4.90474   -1.81376   -67.1217    35.5629    18.4901
    19.625     77.375   -53.5918     -49.28    -6.8968    1.22475    8.01061    15.2816   -34.3404    31.9685    22.9186
    19.625     77.625   -18.0459   -31.1911    21.4844    24.9508    29.5445    37.5903    23.6097    45.6216    25.2841
    19.625     77.875   -40.8079   -43.7672   -6.11077  -0.881259  -0.668299    3.24818    36.6418    13.6025    9.97198
    19.625     78.125   -50.0685   -40.4439   -6.41536    11.0752    11.9228     8.7201    55.4253    14.2566    37.5444
    19.625     78.375   -35.4504   -51.1972    4.29294    15.4536    16.7812    17.0065    82.0715    2.64058    48.5813
    19.625     78.625    25.4085   -5.46926     52.171    65.0941    32.0885     28.387     65.832   -37.8674    88.5331
    19.625     78.875   -6.85228   -14.1859    25.1616    39.5481    31.2943    36.7783    76.8343   -28.5845    97.5063
    19.625     79.125    -65.022   -85.6498   -15.9359   -2.29955    5.97168    17.1797    54.5878   -13.5917    60.4107
    19.625     79.375   -39.1849   -74.7282    6.57548    20.8686    17.8974    28.2207    60.1723   -50.4054    66.1501
    19.625     79.625   -48.5264   -86.9665   -8.31885    2.35368    9.65523    23.9709     60.055   -39.9343    82.6289
    19.625     79.875   -48.8721   -85.8803   -12.0312    -3.5483    3.59879    14.1932    57.7206   -29.3679    79.2613
    19.625     80.125   -56.2783   -87.6882   -15.3172   -6.02344   0.425769    9.94129    58.3226    -27.831    76.2038
    19.625     80.375   -59.1195   -81.2932   -19.5805   -12.0255   -8.10556   -5.39889    42.7876   -33.2401    86.6547
    19.625     80.625   -45.3089   -79.5959   -15.0809   -14.1384   -7.80871   -1.34254    34.7669   -38.5569    82.5231
    19.625     80.875   -25.6343   -46.4733   -9.78401   -13.6464   -7.32031  -0.877065    27.4062   -30.1159    81.3819
    19.625     81.125   -57.6626    -80.473   -32.8954   -23.3572    -10.304   -3.61769    12.8345   -37.1105    86.3386
    19.625     81.375   -81.1743   -76.1824   -44.7161   -27.7712   -12.4111   -8.01758   -2.39196   -19.9624    83.0951
    19.625     81.625   -39.0537   -52.2667   -23.3335   -12.8806   -15.1854   -17.1111    30.5011   -47.1025    88.7721
    19.625     81.875   -22.4154   -40.8529    6.54322    9.13717   -15.5455   -11.5738    46.6646   -73.4804    86.2459
    19.625     82.125   -6.58063   -59.6337    37.4332    27.7058   -10.8932   -12.6035    55.0735   -62.8387    71.6862
    19.625     82.375   -14.4624   -52.1948    4.28247    20.6438   -1.84798   -10.5733    38.0259   -92.4607    45.6963
    19.625     82.625  -0.719455   -70.5136    12.5557    5.57786   -5.54093    1.36234    38.1398   -51.5287    28.2869
    19.625     82.875   -23.4618   -67.9087   -2.30233   -20.7871   -12.9576   -2.78492    53.2332   -99.6885     54.579
    19.625     83.125   -62.1757   -79.6861   -21.9944   -9.12398   -12.8917   -5.13074    35.7669   -79.2995    67.9726
    19.625     83.375   -25.6075   -70.3302   -2.22617   -6.51005    -5.6549   -1.78034    88.3024   -79.5246    43.6446
    19.625     83.625    8.62648   -16.6881     15.157    1.05888    1.89909    6.39436     48.004   -40.7244    41.0488
    19.625     83.875    17.9773    7.28836    19.2226    -4.2559  -0.918212    6.23471    28.2659   -44.0069    43.4854
    19.625     84.125    17.9908   -6.97819    12.8972    -4.5903   -8.14674   -2.73147     50.363   -52.0634    50.7837
    19.625     84.375    15.6428   -15.9932    12.4724   -3.49912   -6.50947   -3.18829    40.3019   -47.0184    40.2456
    19.625     84.625   -4.50783   -35.8585    4.81705    5.12423   0.934149    5.02793     53.305   -17.5101    38.0481
    19.625     84.875   -4.98728   -38.5221    8.87148    4.34979   -22.3323   -10.4455    50.0588    14.2546    52.4247
    19.625     85.125   -48.7592   -68.9509   -25.0789   -23.2072   -47.6336   -43.6879    -40.427    22.0757    34.4289
    19.625     85.375   -35.3103   -35.3821   -11.7871   -17.1085   -31.5462   -31.8108   -20.7539    23.7787    28.0648
    19.375     72.875   -37.9029   -92.4946    9.52726    12.6168     15.671    19.0434    49.8364   -3.41885       34.6
    19.375     73.125   -33.8907    -95.918     13.039    15.4092    17.6602    20.5527    38.2155     4.1469     40.993
    19.375     73.375   -28.2998   -79.2742     12.474    16.9889    19.2206    21.4085    64.6451    20.1635    41.1175
    19.375     73.625    18.1977    13.2983    31.1625     33.748    34.0699    34.7032     46.165   -7.50178    53.5752
    19.375     73.875   -27.0359   -27.3242    4.06629    9.53546    8.96791    11.6263    32.7039    19.5681    49.4254
    19.375     74.125   -2.64654   -6.20189    16.9178    20.9288    21.0006    24.1775    55.8162    6.54785    48.0027
    19.375     74.375   -4.27207   -3.49739    17.2255    22.2011    24.7108     27.568    69.6565    5.46117    47.3444
    19.375     74.625   -11.4418   -13.1684    14.2848    19.0545     20.922    23.5207    14.9992   -30.3044    43.1086
    19.375     74.875    16.0486    4.39897    32.5741    35.4562    37.4129    39.9802    31.8515   -14.2125    50.6416
    19.375     75.125    21.1763   0.734031    41.1972    46.0153    33.1823    36.0219    1.89558    30.2863     36.824
    19.375     75.375    11.0722    4.84104    31.0402    35.0099    28.7911    29.7179    17.4638    14.5142    31.8622
    19.375     75.625   -8.91832   -18.4542    13.2092    16.2063    16.6271    18.1124    9.93888    20.8292    28.9862
    19.375     75.875    3.52299   -20.2735    18.4411    21.4953    19.8451    21.7625    15.9496     39.669    28.7263
    19.375     76.125    5.55333   -18.5813    24.6338    30.0214    25.3544    27.3927    53.9599    40.6001    32.8698
    19.375     76.375   -8.02495     -19.51    10.6693    15.2518    16.9913    18.5362    14.0018     41.612    28.3022
    19.375     76.625   -40.5285    -50.358   -8.68067   -5.05786   -6.42056   -5.59688   -60.7417    36.0454     13.298
    19.375     76.875   -33.1967   -56.2724    5.24956    6.65753  -0.741467   -1.72707   -71.8915   -7.06065    23.7543
    19.375     77.125    15.3928   -12.6068    47.1213    48.3873    24.9724    28.9593   -39.3442    -11.197    26.3327
    19.375     77.375   -12.8603   -34.8043    18.3019    22.3168    26.3902    30.5107   -22.6904    11.2286    9.80279
    19.375     77.625   -54.1988   -73.6911    1.46459    11.8804    14.4129    21.0528   -8.66323    26.2078    27.6945
    19.375     77.875     -28.05   -33.2403     6.7761    18.8229     18.408    25.3079    34.0852    21.9154    65.0331
    19.375     78.125   -38.4363   -34.7313     7.1991    19.5339     17.621    21.6101    77.9921  -0.398776    42.1388
    19.375     78.375   -37.4459   -38.2159   -6.18422    6.04611    10.7908     15.101    64.0558    -7.9711    43.4303
    19.375     78.625   -39.0017   -47.8098   -4.91523    7.00934    6.19353    11.3927    56.1227   -9.74394    48.4682
    19.375     78.875   -8.87934   -21.0672    27.2945     48.175    10.2513     11.175    72.5446    -5.1373    75.3014
    19.375     79.125    3.31869   -37.3533    39.4971    57.4107    12.9137    11.0564    81.2378   -20.6571    66.0276
    19.375     79.375    35.3067    -2.4295    59.6899    75.6603    41.1469      12.43     78.398   -72.6027    52.5081
    19.375     79.625   -5.45907   -26.5998     19.938    27.6387    21.9876    21.0967    51.7795   -33.5114    69.3626
    19.375     79.875   -59.8938   -84.4273   -22.9089   -17.6511   -11.0019   -5.61051    48.8548   -34.5061    79.2633
    19.375     80.125   -58.9602   -84.3354   -18.1618   -8.46097    1.85939    12.4103    83.6806   -26.3091    69.9644
    19.375     80.375   -60.9089   -73.9003    -19.096   -8.23328   -1.27966  0.0600743    69.3358   -36.6054    76.0581
    19.375     80.625   -19.5923   -63.2227    24.0048    24.5267    16.7267    6.59475    51.8356   -50.7754     79.036
    19.375     80.875   -12.3645   -52.9226     28.953    30.0442    22.7189    6.77495    33.7598   -43.8243    81.6514
    19.375     81.125   -72.7352   -85.5374    -38.883   -21.7407   -7.51842   -4.25162    13.4477   -34.3342    85.3132
    19.375     81.375    -91.871    -78.484   -53.2379   -29.1564   -13.5016   -8.33785   0.735115   -30.1966    79.7233
    19.375     81.625   -86.1606   -74.5307   -69.5388   -39.7165   -20.0312   -15.0784    5.16022   -49.8961    64.9656
    19.375     81.875   -34.5275   -55.7532    2.93182     19.574   -12.7749   -18.3241    44.7159   -62.4976    58.4799
    19.375     82.125   -22.2789   -68.6648    20.9579    37.4043    6.50616    -13.411    64.9368   -75.5383    40.1803
    19.375     82.375   -56.0772    -64.922   -16.4235    5.16718   -3.89279   -1.85231    37.0214   -44.3428    30.9128
    19.375     82.625   -18.4103   -58.3825    11.0467    6.54302  -0.396071   0.969782     41.101    6.05767    38.5498
    19.375     82.875   -11.4752     -51.44    14.1945    5.93911   -7.95943    -5.0841    51.2469   -30.0271    38.3336
    19.375     83.125   -24.4498   -54.3525   -4.85934    1.61831    1.49226    5.50377    54.6432   -82.6977    35.6486
    19.375     83.375   -33.0324   -79.9465   -13.4774   -6.40185   -3.18012  -0.450759      22.32   -69.2828    23.0416
    19.375     83.625   -30.0951   -66.9487   -12.9949    -11.943   -6.50074  0.0661967   -10.6116   -24.9464    39.8109
    19.375     83.875   -6.34813   -39.0936    1.54125   -5.82324  -0.380822    5.18244    7.85899    3.81872    55.9644
    19.375     84.125    5.75457   -2.64922     6.1884   -3.61163   -2.88719    3.03151    41.7828     -39.53    51.5519
    19.375     84.375     2.0542   -22.1918    9.48044    4.16435   0.500349    5.25632    54.4936   -49.1774    46.8466
    19.375     84.625    7.29237   -12.5157    10.0054    5.02175    2.51785     7.2942    48.3606   -33.7809    43.6226
    19.375     84.875    1.35493   -21.5113     9.0461    8.57624   -7.63223   0.247825    25.4368    -41.772    46.2998
    19.125     73.125   -24.6307   -61.0448    11.3666    12.6208    13.8493    15.9107    70.6208    43.6225    21.2907
    19.125     73.375   -6.18111   -25.9839    21.9201    25.3289    24.9032    26.6023    60.6379    37.0148     22.341
    19.125     73.625    -38.824   -51.4376   -5.62092    4.40905   -1.05239   0.358932    72.2892    13.7911    26.1471
    19.125     73.875   -39.3302   -59.2543   -6.60871    3.56529    1.80007    2.97739    49.2887    1.43731    32.8746
    19.125     74.125   -47.4107   -15.4962   -8.83339   -2.10004   -2.91271   -1.39939    47.0014    6.50309    21.6824
    19.125     74.375   -7.95226   -8.20948    14.1942    19.3435     21.733    24.1567    75.6286    15.2415    44.5989
    19.125     74.625   -2.33711   -11.9289    15.2736    18.8145    21.0856    23.4472    53.1383   -5.31248     37.697
    19.125     74.875   -0.23307   -18.3809    19.5737    23.5266    26.4947     29.506    32.6707    37.5958    35.8049
    19.125     75.125    19.4632  0.0124587    40.4787    46.1084    38.5031    40.8702    7.34646    30.2509    44.9139
    19.125     75.375    6.91136   -10.7314    26.5238    30.6175     27.766    29.8541    5.92749      18.17    31.1297
    19.125     75.625    6.26178   -6.75507    25.6305    29.8158    28.9026    31.2598    7.06217    18.8356    33.5223
    19.125     75.875   -4.90279   -13.4911    11.9819    17.8844    23.3732    26.5159   0.254862     45.494    37.6364
    19.125     76.125    24.3233    4.67257    45.8018    51.7176    52.3316    45.2937     7.6218    55.0446    43.6104
    19.125     76.375    17.1055   -1.82625    36.9836    44.1994    39.8551    39.5906    34.9955    59.5128    41.9749
    19.125     76.625   -3.99799   -14.4648    30.6921    37.6548    29.5015    32.5945    35.0555    37.2498    33.9683
    19.125     76.875    5.19828    -16.389    47.4406    48.9393     34.681    33.7248    15.1599   -15.1762    35.2419
    19.125     77.125    55.1767    31.5895    75.3415    78.2891    36.6336    40.7998    21.6253   -15.2496    26.8017
    19.125     77.375   -25.6177   -28.3292    6.57562    12.3893    16.7956    20.2673    -3.4615   -7.85609    16.9386
    19.125     77.625    -29.655     -58.62    5.14328    10.8718    12.7774    18.2177  -0.657445   -25.4899    22.8676
    19.125     77.875   -18.9392   -21.1589    7.93678    16.9247    15.3437    20.8321   -10.9934 -0.00928096    52.9095
    19.125     78.125   -53.2029   -67.8539   -11.4759    2.61864    6.92069    13.9743    10.2122   -9.96905    63.9874
    19.125     78.375   -27.4521   -49.3348   -1.83034    7.64634    10.5849    15.5607     31.411   -3.94473    39.0353
    19.125     78.625   -31.5974   -56.3049   -6.12244    1.33987    3.81307    9.97817     41.986   -5.31174    26.3754
    19.125     78.875   -21.4032   -46.5511    12.8097     26.489    8.04689    10.0711    79.2273   -1.81642    45.8995
    19.125     79.125   -38.0521   -64.7206   -1.30657    16.3485    9.14417    11.1401     46.899   -5.10875    47.9458
    19.125     79.375    23.0633   -18.8869    55.0167    67.2848    35.2105    3.94551    47.7829   -51.6059    56.9287
    19.125     79.625    21.9471   -20.7211    53.2453    60.7546    37.7665    23.4168    62.6655   -36.7747    55.5082
    19.125     79.875   -40.0218   -66.5023   -9.86373   -1.59082    5.22857    8.70269    66.3798   -39.9524    58.4271
    19.125     80.125   -66.7592   -80.6033   -26.8935   -21.1368   -11.0277   -7.37392    76.5356   -42.0552    49.8993
    19.125     80.375   -67.0502   -72.7004   -26.5517   -16.2869   -9.36247    -6.4519    80.6387   -40.6293    62.5887
    19.125     80.625     17.149   -37.3605    47.1483    48.0936    27.8681    19.5408    78.7303   -45.6002    58.9022
    19.125     80.875   -20.1785    -69.337    38.1751    48.5975    36.0842    4.21053    32.7547   -65.3536    55.9994
    19.125     81.125   -50.0746   -75.7078   -12.0848    2.53972    7.98072    2.14727    14.4755   -62.8061    55.0017
    19.125     81.375    -91.453   -62.8266   -57.0171   -28.0526   -13.0106   -10.8421   -1.39662    -40.892    51.2695
    19.125     81.625   -39.9689   -29.8221   -29.9686   -17.8182   -18.1654   -16.2709    31.4028     -35.47     56.035
    19.125     81.875   -25.4931   -51.9585   -33.3528   -7.45912   -17.0366   -19.7841     47.034   -43.3681    63.5975
    19.125     82.125   -3.64031   -36.8622    25.6181    25.2873    9.08779   -11.0085    42.7997   -45.1047    28.3614
    19.125     82.375   -31.5173   -49.1049    10.8135    17.8463   -9.72142   -6.10746     39.687   -34.8013    48.6384
    19.125     82.625   -33.2598   -82.8171    20.2635     28.559     3.8305   -6.45967    58.0551    -18.647      74.01
    19.125     82.875   -45.0292   -65.2885   -18.6072   -13.6235   -17.3913   -13.2334    51.1791   -41.5838    56.0036
    19.125     83.125   -39.1811   -70.6682   -19.8729   -13.3598   -9.96705    -7.8141    19.7442   -66.9635    13.3679
    19.125     83.375   -20.8219   -60.8664   -4.73728   -5.25492    -7.5711   -5.62811    25.4677   -16.7917    27.1016
    19.125     83.625   -43.9521    -87.318   -23.0352   -13.8503   -10.4102   -5.77153   -19.8344   -15.9632    45.0887
    19.125     83.875   -16.7363   -52.1341    -4.0595   0.582041    4.21174    6.99374    14.3447   -11.8807      48.44
    19.125     84.125   -10.3963   -21.9175   -5.48165   -3.04455   -1.99735    2.35548    35.1018   -36.4652    41.6034
    19.125     84.375    -30.849   -62.5963   -14.2672   -10.5009   -7.45392   -1.65414    40.7343   -38.0232    45.4274
    19.125     84.625    0.46118   -27.5906    2.40199   -10.2622   -17.6926   -13.4355    21.2857   -29.4703    52.6844
    18.875     73.125   -42.6161   -96.2812    12.5366    14.7222    16.2048    18.6524    98.5354   -60.9569    37.8539
    18.875     73.375   -7.03673   -22.1458    20.1762    24.0824    20.1855    21.2229    48.8593   -3.99976   -17.1882
    18.875     73.625   -9.24055    -22.685    17.6048    28.1097    1.90622    2.51098    80.6091   -26.4975    24.0549
    18.875     73.875   -36.8342   -52.0353   -2.48207    6.97579    1.05772    1.83866    44.9915   -33.8414    14.8087
    18.875     74.125     -37.35   -41.2593    -10.625   -5.67384   -4.83813   -6.24196    2.55669    4.68109    34.0225
    18.875     74.375   -56.4077   -35.7867   -12.5255   -6.15709   -4.36553   -3.06513    68.8594  -0.395416    20.3172
    18.875     74.625   -21.4643    -25.556    1.75166    6.33254    8.48203    9.95586    89.2583   -6.35447    23.3359
    18.875     74.875   -1.49644   -15.0196    18.1809    22.8958    25.6844     27.583    47.5014    34.3851    38.2611
    18.875     75.125   -14.6549   -20.6629     4.9186    11.9635    11.9968    13.5433    15.5666     39.841    30.8495
    18.875     75.375   -11.1922   -23.6567     14.446    22.5066    9.55718    12.1334    82.2755    27.3308    4.92786
    18.875     75.625    11.2274   -3.52627    31.6132    39.2587    30.5231    33.0607    33.0774    37.7126    30.1991
    18.875     75.875   -12.4911   -25.1238    5.81739    12.0253    16.6299    19.6083    13.8136    56.8009    29.9083
    18.875     76.125    23.0959    9.40373    49.9593     55.076    43.2891    43.9994    53.4622    56.9576    44.6915
    18.875     76.375    25.1273    4.38543     47.561    55.8285     45.647    49.4845    26.2978    57.7206    47.5246
    18.875     76.625  0.0376914   -6.95031    46.6221    56.7609    59.3183    64.0272    51.5386    15.0491    55.5612
    18.875     76.875   -1.33899   -9.96956    14.5094    20.1277    18.4842    21.6385    -22.832    7.90908    25.3579
    18.875     77.125    10.7867   -13.3668    34.6191    37.1666    13.2853    16.1776    57.5811   -7.25247    32.6103
    18.875     77.375   -37.5066   -52.2372   -6.74596   -1.88312   -2.47158    1.42597   -22.3983   -8.16816    24.9769
    18.875     77.625   -10.9214   -20.5708    18.8041    20.8495    21.6491    26.3609    89.9229   -23.7328    32.5286
    18.875     77.875   -3.72502    -7.6818    22.9203    29.9081    21.3103    28.8747     64.192   -11.5411     20.236
    18.875     78.125    14.3482   -3.17845    40.1353    48.3934    37.0633    23.1046     50.839   -5.94783     17.895
    18.875     78.375   -68.6487   -99.8836   -51.8534   -49.7992    -49.676   -49.6687    25.5113   -1.53264    31.0444
    18.875     78.625   -14.4648   -56.7306    12.6685    13.4824    9.65254     13.117    43.7931   -20.0843    33.7601
    18.875     78.875   -9.58809    -17.669    7.86438    14.2975    6.39967    11.0399    22.6073   0.226283    6.20379
    18.875     79.125   -22.5599   -41.0005   0.139673    14.1236    6.78805    6.30728     23.403    7.18748     28.456
    18.875     79.375   -36.5929   -70.6145    2.02707    13.6631    11.2399    14.1673    60.9752   -20.3773    14.5593
    18.875     79.625   -22.5222   -52.8416    4.95945    15.4013    9.64829    12.2335    30.2931   -16.7894    15.0033
    18.875     79.875   -38.3353   -71.4668   -7.80622  -0.195923    5.75758    10.4151    70.7064   -47.3243     25.117
    18.875     80.125   -50.9344   -89.5998   -17.0459   -11.0637   -3.86983  -0.799947    89.4127   -33.1688     20.718
    18.875     80.375   -60.2076   -84.7363   -19.1424   -1.52931    -2.3175    3.58644    82.1142   -56.6007    22.6523
    18.875     80.625   -17.1101   -49.0484    9.57109    30.8263   -9.18768   -4.34453     75.244   -57.0253    24.7468
    18.875     80.875   -18.0836   -46.2789   -3.00688    15.3047   -7.10265   -3.51895    55.5937   -52.6713    25.1439
    18.875     81.125   -50.4857   -58.9959   -43.2453   -27.1427   -10.1778   -5.87892   -10.8663   -63.5083    26.2249
    18.875     81.375   -32.0009   -32.0492   -2.43063    8.72876   -9.29964   -14.8045    56.8051   -47.5524    30.0021
    18.875     81.625   -44.1479    -36.616   -36.1579   -24.1084   -20.1981   -18.7534    25.9671   -22.7427    48.1577
    18.875     81.875    22.9072    1.01669    28.8104    8.38171   -2.78213   -7.36072    53.7508   -13.7691    35.1871
    18.875     82.125   -17.4886   -27.2176    7.23963    25.4996    6.94456   -3.76891    34.8168   -10.3001    28.7203
    18.875     82.375    -37.814   -26.6523   -18.2075  -0.715861   -3.18824   -4.82831     50.648   -16.6226    42.9757
    18.875     82.625   -9.61801   -30.7386    18.4673   0.929116   -11.6659   -7.36993    49.6519   -53.8342    61.9951
    18.875     82.875    4.61456    1.05142    33.6719   -13.2264   -13.5248   -7.13356    52.1127   -26.7797    67.9366
    18.875     83.125   -35.9706   -72.5913   -13.6185    1.57545    5.62877    5.05793    29.3928   -22.9253    36.2085
    18.875     83.375   -2.58332   -49.0634    1.30844   -1.40447   0.679517    2.14985    53.6428   -34.9475    38.1245
    18.875     83.625    2.96214   -43.0769    5.96098    6.15307    6.77059    8.18715     42.651   -49.6123    40.4633
    18.875     83.875   -4.31025    -43.862    4.53548    7.97163    8.07119    9.90594    30.0348   -29.7397    43.4982
    18.875     84.125   -17.6524   -41.4089   -2.58217    1.50286   -3.49193    2.15026    11.5336   -8.17627     31.646
    18.875     84.375   -11.5877   -33.5433   -4.45368   -7.31884   -15.3002   -10.4112    9.77412   -3.81032    40.1659
    18.625     73.125   -26.3194   -76.7236    23.8032    25.0795    26.3734    28.1151    95.9769   -49.6265    35.5502
    18.625     73.375   -46.6751   -26.1496     4.2926    12.7809     1.2781    3.26111    86.1873   -18.6672    30.0215
    18.625     73.625   -36.3973   -28.5564    14.8103    25.5797   -2.95257   -1.52141    60.2766   -33.0344     20.903
    18.625     73.875   -19.1749   -13.6995    12.1412    17.5201    4.33228    4.74513     45.787   -34.0668    20.1276
    18.625     74.125   -38.7667     -48.65   -2.34585    2.81523    4.36201    4.23643    49.4039   -24.6172    30.7228
    18.625     74.375   -55.1672   -31.9248   -11.6058    -5.8089   -4.83995   -5.29051    75.0192    6.57308    16.6595
    18.625     74.625   -50.9377   -56.4053   -15.3128   -8.36973    -4.6714    -3.4551    77.6337    25.0314      19.88
    18.625     74.875   -22.9198   -41.1383   -0.76051    1.89178    3.87858    4.37847     61.719     47.525    15.3721
    18.625     75.125   -19.1263   -32.8183    1.39637    6.47634    9.65689    11.8003    46.0677   0.195673    14.4164
    18.625     75.375   -6.35248   -20.9635     5.8646    10.8309      9.074    12.4396    64.1492    23.7211     17.775
    18.625     75.625   -23.6024   -38.5192   -1.99936      4.996    7.21001     9.5125    22.3404    29.2564     5.8683
    18.625     75.875   -20.6024   -32.7681   0.998026    9.51647    11.3483    12.6514    9.11264    31.8087    12.6415
    18.625     76.125   -33.5897   -30.3302   -14.2616   -8.20695    -5.6179   -4.96869     32.721    22.8699    21.0875
    18.625     76.375   -12.3244   -32.1448    16.4798    22.4219    22.4437    24.2269   -8.62928     15.336    23.7707
    18.625     76.625    32.1703    21.8726    33.7955     41.325    32.0441    27.0092      43.86       12.3    22.3601
    18.625     76.875   -22.9404   -13.2471   -4.07809    1.76124    5.36457    8.87783   0.863142    5.82509    19.5934
    18.625     77.125   -20.1252   -15.1307    5.18304    13.9765    17.6324    21.3747    84.7092   -30.1168    29.2252
    18.625     77.375   -51.4515   -77.4796   -12.9116   -4.47301    -2.0203    1.53774   -32.2693   -68.4085    17.7279
    18.625     77.625   -28.8986   -41.0576    8.94328    17.1478    15.3856    16.8608    79.6609   -73.3369    11.3659
    18.625     77.875     -17.41   -48.5667      10.34    21.8005     19.467    23.7085    80.5077   -14.1101    26.9418
    18.625     78.125    25.1018   -12.8874     32.571    36.4555    25.5047    27.3301    34.7878   -11.3345    25.9657
    18.625     78.375   -15.8013   -24.2812    5.06752    15.0958    13.2445    18.5459     86.055   -20.2628    31.9748
    18.625     78.625   -38.4909   -58.3825    -12.376   -7.39948   -11.2431   -10.0771    -13.716   -8.11939    40.0674
    18.625     78.875   -37.4856   -38.9434    -8.4537    2.52793    8.27257    15.1279   -39.2686   -1.85194   -1.18828
    18.625     79.125    -60.376    -62.339   -21.4483   -5.55044  -0.393682    4.21134    34.8764   -5.74302     53.898
    18.625     79.375   -43.7022   -52.0508   -1.82806    12.0081    11.4252    15.2835    46.2756   -12.4294    26.4569
    18.625     79.625   -48.6704   -95.9035   -6.78659    3.83748    7.32407    11.0874    14.4741   -24.2035     11.982
    18.625     79.875   -33.1591   -62.2095   -2.96423    7.06999    9.73872    13.1868    69.7839   -30.5686    25.8977
    18.625     80.125   -37.6551   -67.3932   -7.08519    1.05621    8.14498    13.3331    80.5929   -46.4119    25.3582
    18.625     80.375   -36.0438   -72.9268   -8.23571    -1.3008    4.80215    9.52782    84.5039   -38.0045    22.0604
    18.625     80.625   -43.2586    -51.427   -18.7528   -5.28551   -1.06049    3.38205    86.4191   -40.3468    25.9475
    18.625     80.875   -34.4155   -44.1429   -18.4452   -6.46434    -3.9969   -1.96829   0.610264   -21.5188    5.93463
    18.625     81.125   -34.2886   -33.4087   -29.3325   -16.7667   -6.21715   -5.91396   -54.7752   -32.4125    4.29712
    18.625     81.375   -58.0545   -71.2164   -31.0452   -15.7679    -8.0007   -6.35127   -5.21542   -28.5733    15.2819
    18.625     81.625   -41.2482   -52.7271   -16.1331   -16.0511   -8.44722   -6.16035    50.0311   -20.2729    20.6144
    18.625     81.875   -54.4187   -80.4998   -20.6502   -7.09586   -9.00174   -6.37569    10.9285   -20.5802    36.4151
    18.625     82.125   -36.2604   -38.2847   -19.0187    3.25435  -0.669749   -2.63599    38.6028   -11.3186    35.1774
    18.625     82.375   -3.70161  -0.853266   0.294693    13.9089     3.4548   -2.03849    47.8929   -37.4122    33.3155
    18.625     82.625    4.60213   -6.06473    10.7235     14.873    5.57866   -4.87332    28.6637    -53.061    30.5852
    18.625     82.875    -38.085   -31.8271    6.44867    15.5801    6.08418   -7.69401    35.1165    -11.891    63.5629
    18.625     83.125   -53.2284   -64.5957   -19.5341   -1.29727    -1.0491   -2.86483    16.3014    4.08228    49.5406
    18.625     83.375   -37.5468   -69.8644   -5.47288    6.23737     2.7003    1.53016    24.6307   -19.9193    27.0418
    18.625     83.625    -8.1638   -46.8836     5.3889    2.12257    1.24662    2.81225    9.33569   -28.5525    38.0085
    18.625     83.875   -16.8364   -49.1031   -1.02273    -6.0982   -5.20192   0.510625    26.0944   -15.2024    45.9038
    18.625     84.125   -8.20921   -26.8128    8.50559    12.2903      2.059     6.6038  0.0567134   -11.2715    58.0737
    18.375     73.125   -43.0919   -77.8563    15.1084    14.7572    16.9837    19.4088    91.1553    -44.917    32.9487
    18.375     73.375   -48.2597   -91.4486   -12.5984   -7.55589    -9.7241   -8.80478    39.8544   -56.5819    12.0785
    18.375     73.625   -22.1674   -20.0372    24.3631    43.5526    1.45008    3.58517     58.388   -32.5085    21.4527
    18.375     73.875   -42.3428   -39.9085    5.96802    13.9574   -2.42101  -0.430517    49.2692   -58.5428    21.6294
    18.375     74.125   -49.8879   -38.9965   -13.1951   -3.76062   0.163145   0.935751    58.7539   -28.1131    12.4122
    18.375     74.375   -17.6973   -16.2317    3.04356    7.31213    8.72991    9.27416     89.305   -13.5095   -4.62537
    18.375     74.625   -36.5727   -50.7498   -4.17002    2.49886    5.15728    5.50815     92.534    10.9725    26.5068
    18.375     74.875   -35.1423   -50.8558   -1.48745    4.34868    7.32964    7.83732    40.0954    6.87388    39.4648
    18.375     75.125   -34.8118   -31.3011   -8.09218  -0.235557    3.38067    4.43295    9.80102   -18.1796    27.4407
    18.375     75.375   -12.9422   -17.3918    1.36568    5.73324    8.97879    8.04528    92.9121   -11.3713    28.2532
    18.375     75.625   -24.8462   -32.1394  -0.270424     7.6283    10.7333    11.8427    94.1357   -12.4928    28.4973
    18.375     75.875   -48.1001   -54.7218   -11.3154   -2.17494   0.126949    4.01574    50.7012    8.84804    18.1698
    18.375     76.125   -24.6858   -34.4964   0.795475    9.28891    11.6283    12.5059     81.426   -5.84644    32.8476
    18.375     76.375   -12.3521   -22.7555    12.2971    19.9415    20.1385    20.3746    80.1356   -3.82342    33.4798
    18.375     76.625   -16.5463   -33.7602    16.0692    26.5505    27.5964    26.1534    74.9515    5.76103    34.1026
    18.375     76.875   -14.0902   -12.8643    5.85801    15.3861    20.9051    22.6068    83.8024     8.4446    24.9873
    18.375     77.125   -25.9234   -16.2383    1.89105    12.7398    14.2462    16.8497    60.7594     -2.736    24.2833
    18.375     77.375   -15.9639   -9.54697    6.31319    15.4851    11.7805    15.1227    84.5975   -69.9433    12.3577
    18.375     77.625    -46.973   -51.0916   -17.1233    -8.3426   -7.64134   -5.13186    58.1095    -40.677    11.0093
    18.375     77.875   -5.16946   -13.8432    12.2532    21.0771    16.0662     17.412    81.9338   -36.6977    35.0965
    18.375     78.125    5.49923   -10.1332    8.03022    17.6941    13.4358    17.1607    90.3664   -37.9703    55.8185
    18.375     78.375     2.0059   -3.53946    37.3308    48.9043    21.3178    21.6436    89.6397   -28.1878    64.8502
    18.375     78.625    -43.666   -61.9455   -10.6608    2.50975    8.38683    15.7962    -22.424   -15.2049    59.9202
    18.375     78.875   -57.1592    -84.172   -20.0934   -4.25863    4.40591    11.2518   -6.54019   -18.9672      45.84
    18.375     79.125   -37.5219   -21.6754   -15.5585  -0.513126    9.16955     16.268    25.4918    -24.468   -18.1378
    18.375     79.375   -53.1563   -35.7381   -17.1169   -2.25378    6.74165    13.1565    26.0284   -30.4944    41.8742
    18.375     79.625    -21.555   -7.82125  -0.498087    1.79309    9.67158    14.6712    48.3325   -53.3678    31.0113
    18.375     79.875   -21.1623   -15.1636    2.85559     1.2549   0.678089    3.10002    74.7944    -39.222     35.823
    18.375     80.125   -27.5198   -33.6375   -4.10566   0.439763   0.829688     5.2476    79.6615   -53.4098    25.3007
    18.375     80.375   -67.4248   -84.3556   -27.2352    -13.142   -2.89824    2.27435    78.4421   -44.7634    26.2021
    18.375     80.625   -53.7742   -82.2094   -17.4342  -0.454558   0.628449    6.40234    75.7901   -33.6931    36.0731
    18.375     80.875   -62.0107   -65.3381   -35.8247   -18.1465   -6.88009   -5.78268    -64.765   -34.1659    5.84269
    18.375     81.125   -39.7234   -49.0484   -15.8236   -5.52819   -1.49576   -4.93534   -65.3741   -24.7191    4.02048
    18.375     81.375   -49.9847   -68.8074   -11.4331    1.26901    3.07062   -3.01232   -41.9099   -18.4702    8.13985
    18.375     81.625    -64.688   -78.6793   -21.5148    4.26375    -1.0387   -4.88954    17.1157   -15.5071    31.7237
    18.375     81.875   -72.7009   -82.1892   -37.6826    -8.8329   -7.42146   -5.26016    13.3122    -15.852    44.1673
    18.375     82.125    -62.032   -45.2827   -30.0142    5.38644   -8.08556   -7.91101    57.5063   -26.8828    34.1116
    18.375     82.375   -64.2094   -36.6495   -31.9798    6.72099    2.35862   -1.24547    56.2107   -28.6275    20.1429
    18.375     82.625   -21.1349   -13.7629   -6.71891    5.14457    3.48577  -0.515545    9.04548   -33.6289    19.8607
    18.375     82.875   -68.4335   -84.1605   -24.9462     2.4827   -3.59093   -9.90191   -35.5811   -8.21187      23.55
    18.375     83.125   -26.5311   -33.6816   -2.74867    11.9054    4.30624    3.57066    29.1219   -33.1606    36.3078
    18.375     83.375    13.7863    1.13426    30.8163    38.6895    7.65578    8.40438    47.1824   -69.7713    27.2626
    18.375     83.625    7.56594   -5.66346    25.9022    27.9206    18.2766    21.0045    50.7692    7.46972    40.3434
    18.375     83.875    14.2624    4.55093    22.9608    9.62405     9.6301       12.5     29.769    4.19782    46.5454
    18.125     73.125   -26.7562   -37.5951    20.0043    26.3939    29.2291    31.2698    96.2109   -50.7989    22.2328
    18.125     73.375   -39.3833   -90.8878   -3.26244    3.42448    6.23439    7.92344    75.2855   -48.7321    22.5914
    18.125     73.625    -33.795   -53.9103   0.408893    5.86064    1.03361    1.23065    29.0724    -83.199    14.5881
    18.125     73.875   -49.8313   -37.3152   -7.75544    2.31227   -4.17834   -3.16683    57.3973   -63.8469    28.1653
    18.125     74.125   -41.7959   -5.75602   -12.5282   -4.36242   -1.54577  -0.469325    74.4537   -49.0292    16.1695
    18.125     74.375   -20.8959   -2.06873   -2.83676    1.62285    2.82719    2.85611    89.0364   -33.1503    11.0623
    18.125     74.625    -12.523   -4.43049    6.96367    10.6913    6.85893    7.71389    89.3141   -24.0925    19.0703
    18.125     74.875   -6.00255   -1.95227    8.73252    13.2725    10.1145    11.5317    88.1497      -8.14    29.1542
    18.125     75.125    -33.585   -26.3522     -12.48   -4.04919   -1.13817  -0.196172   -29.3248   -36.0859    20.4362
    18.125     75.375   -22.6871   -43.0739   -8.64631  -0.299005    5.98808    6.65205     91.065   -11.8876    44.1779
    18.125     75.625   -24.4386   -44.2325   -8.21576   -1.93618    2.09496    3.61686    96.7268   -16.4179    33.5551
    18.125     75.875    -35.821   -64.0896   -5.56592    1.83146    3.77922    4.54676    97.2307   -20.5676    26.8982
    18.125     76.125   -28.5274   -37.2725    2.69097    11.4726    15.2532    16.1372    80.4783   -20.4961    36.6704
    18.125     76.375   -20.5655   -27.8133    8.68657    18.3056    20.9147    22.8101      78.86   -7.80405    40.4456
    18.125     76.625   -11.7396   -24.7939    16.0903    26.5694    27.9604     31.587    82.1278    8.39995    49.1432
    18.125     76.875    15.7707     4.4864     22.967    32.7785    35.3895     36.191     77.708    6.68186    29.2688
    18.125     77.125    7.66176    15.5395    10.9461    23.1564    24.4765    26.8249    76.6977   -6.52081    15.1198
    18.125     77.375   -15.6303   -4.97571    11.3983    24.9464    19.3159    13.8568    72.2999   -28.6685    8.70045
    18.125     77.625   -29.1888   -32.3044   -4.97527    6.28119    13.5933    12.6422    88.9546   -45.1761    20.0317
    18.125     77.875   -26.1819   -54.7896   -11.8753   -4.34269   -2.72116    1.29809    87.7953   -41.7904    35.1292
    18.125     78.125     18.408     7.2712    8.19944    17.1987   -3.48755   -1.35044    56.3563   -88.6949     47.979
    18.125     78.375   -31.7717   -48.7698   -6.60721    9.34018    16.2955    20.7081    33.5937     -74.44    28.9574
    18.125     78.625   -9.72079    -35.591    11.3066    9.86886    9.91468    18.3849    23.5099   -38.5044    31.9653
    18.125     78.875   -52.9244    -99.642   -14.7941    1.66943    9.49929    16.1749    65.7972    -28.914    36.7017
    18.125     79.125   -43.3198   -65.1206   -15.2872   -1.47404    6.84161    12.4533    48.1445   -44.8777    35.7306
    18.125     79.375   -54.5366   -66.2216    -21.972   -7.15057    1.11741    7.44351    73.3797   -77.5353      48.42
    18.125     79.625   -25.3921   -14.5161   -6.31055   -3.55289    5.04242    10.9961     69.722   -44.8595     24.769
    18.125     79.875   -20.4447    6.12202   0.157964    3.56573    1.86197    5.00014    75.5575   -69.5757    37.0926
    18.125     80.125   -39.2215   -23.3243    1.54213    4.23495   -2.17051    2.20868    71.8192   -68.9493    17.2118
    18.125     80.375    -48.342   -68.0383   -21.5363   -8.62779   0.420015    6.79389    69.6534   -37.8784    39.6345
    18.125     80.625   -46.4061   -65.7322   -21.7285   -6.15572    4.35299    11.2441    72.6683   -18.6735     48.572
    18.125     80.875   -27.1315   -59.0069    1.75091    2.89331  -0.146593   -1.15228    -17.911   -30.8861     10.021
    18.125     81.125   -32.8045    -82.551     4.1392    1.97269   -3.01119  -0.498407    8.29988   -24.1743    4.47226
    18.125     81.375   -44.8411   -60.5039    -9.4105     2.1961     1.9913   -2.34527    -19.514   -18.2887    23.9601
    18.125     81.625   -71.0215   -77.8614   -29.6152   -3.93296  -0.146177   -5.33818    9.86748   -23.1177    38.7258
    18.125     81.875   -79.7976    -72.376   -43.6945   -4.95174   -6.18707   -9.07013    8.08646   -44.9101    28.2213
    18.125     82.125   -51.0355   -32.1368   -40.5862    -9.5257    5.10274    1.91204    30.6757   -40.9707     24.453
    18.125     82.375   -60.9024   -41.4097   -43.8049   -6.26549    11.6259    5.94414    22.0783    -33.944    14.4252
    18.125     82.625   -60.0659   -36.1784   -39.0245   -10.9778   -1.82191   -0.88095    43.6071    -14.845    29.2904
    18.125     82.875   -39.6916   -27.8493   -18.3458   -2.71442   -2.10236  -0.628307    28.4931   -20.3572    28.7902
    18.125     83.125    -34.694   -30.1753   -9.85572    3.60824    1.02079    1.41668    15.1395   -28.5711    20.2585
    18.125     83.375   -22.2128   -11.1432  0.0694052    12.5818    6.39114    4.54918    32.1162    7.92433    34.6281
    18.125     83.625   -9.51585   -12.9854    23.2937    28.3998    15.5265    15.0094    49.5176    -7.6688     46.142
    17.875     73.375   -41.0211   -59.9565   -2.25112     3.0875    8.71565    11.2841    95.7933   -3.65463    27.2047
    17.875     73.625   -84.0496   -42.8304   -29.0265   -7.84568   -10.0886    -10.986    50.2156   -16.9434    29.2344
    17.875     73.875   -75.4108   -36.9147   -5.28037     15.594   -6.79643   -7.40453    68.1065    -26.706    37.8883
    17.875     74.125   -65.3075   -41.7354   -19.1109   -9.64497   -6.79408   -5.84961    78.7985    -20.508    26.3857
    17.875     74.375   -42.3569   -21.0268    -12.589   -5.49097   -3.09077   -2.06763    82.6036   -46.2445    18.5545
    17.875     74.625   -20.2917   -20.2813    1.01355     4.7082    2.96145    2.86688    63.4653   -36.1965    23.1827
    17.875     74.875    -25.341   -19.9962    9.26404    15.0227    2.75998    3.74547    80.7399   -34.2583    19.5369
    17.875     75.125   -49.5498   -62.5311   -17.6193   -8.33893   -4.51622    -3.7221   -33.7094   -8.35981    21.8718
    17.875     75.375    -49.096   -58.2866   -17.9607   -9.13198   -4.39885   -3.09462   -36.4266    8.23542     27.972
    17.875     75.625   -23.0104   -32.9654   -2.15239   -2.72306  -0.422301   -1.11615    46.6934   -11.5469    30.3546
    17.875     75.875    -26.042   -46.4772  -0.750345   -2.27363   -1.12671   -3.08355    66.6939   -28.4614    27.6455
    17.875     76.125    -27.487   -41.7622   -4.29865    1.18777    5.55251    6.81229    95.3444   -28.2364      31.31
    17.875     76.375    -14.725   -30.3011    4.10685    13.4801    11.5713    14.9609    82.9806   -16.8527    37.4093
    17.875     76.625    19.9875   -1.02039    37.7429    55.9211    31.7469    28.5401    80.1222   -28.7673    55.3687
    17.875     76.875    43.8641     19.328    49.4328    59.2818    36.7741    24.1998    71.6493    9.92428    27.0088
    17.875     77.125    43.9582    26.0943    55.2589    69.3165    44.1227    19.8711    76.5197   -7.18304    5.90229
    17.875     77.375    6.45347    6.61867     23.947     33.395    26.4226    17.6051     77.866   -7.29554   -2.57833
    17.875     77.625  -0.526068   -7.01531    5.17232    15.1594    19.1763    17.4304    78.7761   -25.3617    9.28399
    17.875     77.875   -32.3428   -52.7191   -8.31934    1.92817    10.7177    14.3158    78.6001   -33.2821    16.7618
    17.875     78.125   -24.4392   -19.7358   -12.1651   -13.7631   -8.96201   -3.05626    80.3441   -81.2149    34.0091
    17.875     78.375   -18.6897   -38.4788   -5.44323    5.60817    14.5074    11.2225    72.1083   -55.6792    37.8245
    17.875     78.625    15.5889   -10.6314    27.8187    13.9216    22.7618    18.8886    71.3615   -52.6169    33.0811
    17.875     78.875   -49.3806   -94.6271   -17.5779    -4.4024    1.86167    5.88399    57.0576   -93.7785     36.429
    17.875     79.125   -28.9602   -48.2817   -1.98085   -8.38288   -4.59286      1.457     52.643    -73.137    63.4744
    17.875     79.375   -53.9488   -69.1768   -21.5025   -7.27897  -0.563808    5.52275     50.433   -66.6704    43.2886
    17.875     79.625   -50.8331   -52.7253   -25.8239    -14.839   -1.19341    3.38902    61.1437   -62.1366    73.4724
    17.875     79.875   -23.1304   -8.29758   -4.05736   0.910162    3.14773     3.7247    64.7894   -22.0612    66.3852
    17.875     80.125   -18.0317   -3.80371    -6.9377   -1.57944   -2.33721   0.639131    61.6943   -9.59763    37.9299
    17.875     80.375   -30.7566   -43.0304   -18.9003   -8.08236   -1.16859    2.74345    42.0012   -32.1118    17.7762
    17.875     80.625   -16.2657   -44.8596   -8.64312   -4.54721  -0.303355    3.68591    64.3349   -12.3829    22.0278
    17.875     80.875   -4.20052   -34.3765    15.0238    16.3838    15.5808    8.70413    30.8152   -27.5094    22.3382
    17.875     81.125   -14.7782   -49.4477    6.63063    7.58801     5.5739   0.228932   -2.20996   -27.9057    4.96912
    17.875     81.375   -34.6644   -69.1457   -4.76929     1.8248   -3.52263   -5.14895    12.7884   -36.1936    18.5587
    17.875     81.625   -64.6652   -78.5267   -28.7586   0.304212   -5.30377   -9.24141    14.5749   -50.0892    27.9836
    17.875     81.875   -75.3238   -68.6658   -42.3111   -3.84086   -2.37129   -10.7448    10.2933   -62.2478    36.0992
    17.875     82.125   -55.0645   -45.2056   -39.3094   -10.0036  -0.988446   -6.60596     7.3211   -36.0582    31.5986
    17.875     82.375   -32.6502   -17.6136   -36.6184   -8.27366    6.92433   -1.63586    24.8873   -28.3074    5.87363
    17.875     82.625   -15.3604    2.40888   -3.61496    6.12944    4.87668    5.36039    43.7646   -13.5401    28.7468
    17.875     82.875    2.31212    7.77044    7.33161    12.3548    11.8641    12.9285    45.8042   -16.4375    33.7869
    17.875     83.125   -13.3078   -24.2578    4.01967    13.1071    14.5383    16.8663    12.9309    -38.358    34.9822
    17.875     83.375   -1.03553   -4.63652    7.92979    17.2564    15.4274    15.8082    7.07524   -52.4986    31.0109
    17.625     73.375   -40.3377   -57.9497   -2.24837    4.18254    8.47023    9.02661     95.658   -6.55208      32.55
    17.625     73.625   -71.3034   -92.5745   -50.5093   -49.3371   -51.2699   -55.3987   -20.1998   -33.0167    18.6709
    17.625     73.875   -60.9299    -30.408   -1.83804   -15.7081   -11.1277    -10.637    68.8282    -26.939    25.9046
    17.625     74.125    -80.257   -59.6173   -35.5029   -23.6055   -18.4591   -18.4607    49.0858     -26.18    29.9623
    17.625     74.375   -88.3802   -85.1317   -65.1876   -60.4081   -59.8415   -61.7853    -17.182    -28.364    47.4381
    17.625     74.625   -37.4315   -39.6866   -12.0559   -7.90216   -6.46964   -6.87084    12.7398   -30.1252    34.6541
    17.625     74.875   -29.3697   -30.3849 -0.0215552    3.41538    1.20698    1.13933    35.5244   -5.14399    28.1809
    17.625     75.125   -39.3632   -37.3145   -8.85253   -1.44653   -2.73111   -3.17148    45.5393    28.5839    35.7512
    17.625     75.375   -39.1738   -19.8108   -16.7503    -8.7866    -4.0239   -2.45135   -35.0874    31.4427    20.7157
    17.625     75.625   -28.0159   -31.6848    3.68381   -1.54349   -3.41312   -4.00798    44.5761    4.63543    18.0188
    17.625     75.875   -10.8471   -19.9963    7.81947    10.7511    6.56451    0.61172    30.2276   -13.8697    15.0756
    17.625     76.125   -25.1082   -37.9204   -6.52254   -1.03244    2.71772    3.97969    52.7317   -32.5718    23.9785
    17.625     76.375   -13.8989   -31.7149   0.548229    7.64939    8.85851     10.616    79.0297   -27.7104    22.8234
    17.625     76.625    48.8704    31.6541    43.7373    57.2889    36.9356    28.8284    54.4927    -29.878    32.0223
    17.625     76.875    45.3093    21.8633    51.4734    72.5017    46.6829    25.2477    52.6413   -15.1061    31.8297
    17.625     77.125    46.2181    34.3205    38.7235    60.7366    49.1005    21.9557     39.702   -61.0274     5.9281
    17.625     77.375  -0.123403    1.67693    6.54893    28.1928    25.8769    20.0303     47.437   -19.2075     14.386
    17.625     77.625    9.12287    10.7981    28.8031    48.7203    30.9855    19.1989  -0.550633  -0.775576    29.1316
    17.625     77.875    11.1043    22.1844   -11.9442  -0.410598    7.74012    11.2102    47.2199   -14.1019     1.6713
    17.625     78.125   -5.38782   -8.27803    15.4741     30.018    32.5018    20.9963    15.6479   -36.5178     22.755
    17.625     78.375   -23.6186   -36.0054   -17.4133   -5.33781    4.55609     9.1542    63.8335   -80.5363    19.6416
    17.625     78.625   -43.6218   -40.6674   -19.3304   -6.72736     4.5404    6.62447    49.7567    -67.642    74.4512
    17.625     78.875   -45.7687   -42.1495   -22.6347   -9.30942  0.0173237  -0.343751    31.6101   -52.7527    74.7102
    17.625     79.125    -60.363   -27.5773   -26.3592   -12.8049   -5.54999   0.437133    15.0986   -78.2194    59.2838
    17.625     79.375   -51.5568   -42.3542   -23.8699   -9.49357   -3.37117   0.730764    47.9261   -79.2611    62.2694
    17.625     79.625   -23.4898   -12.8519   -11.7571   -2.06271    11.3952    2.72014    43.9135    -13.445    79.2862
    17.625     79.875   -3.56468    4.14343   -11.9295   -7.00015   -2.22226    2.26176    58.7031   -4.98265    76.6072
    17.625     80.125   -13.7859    6.04883   -15.1432   -5.23139   -2.93783    2.21487    51.8048    -6.1865    46.2406
    17.625     80.375   -17.8058   -19.5434   -10.1189   -1.95136  -0.198873    2.51394    68.1759    -4.0255    23.4092
    17.625     80.625   -22.2165   -44.8025   -11.9537    -4.3045   -1.09447    3.24738    52.3108   -11.6142    17.1491
    17.625     80.875 -0.0395262   -28.9017    22.9394    25.9516    23.2964    9.84461     18.802   -32.1951    22.4855
    17.625     81.125   0.646856   -24.3167    14.4396    19.9094    22.1492    7.00449    5.21262   -36.3282    12.8033
    17.625     81.375   -22.9016   -40.7082   -8.11912  -0.173166    -1.3271   -5.13829   -5.59614   -36.4295    13.2429
    17.625     81.625   -27.5444   -29.2187   -15.9637   -2.90653    -1.2266   -4.66343    15.8624   -36.1048     22.402
    17.625     81.875   -58.8849   -51.8402    -35.385   -1.60198   -6.25047   -12.4746    11.6669   -54.0382    38.1291
    17.625     82.125   -33.4674   -19.3971   -19.0396    2.11846   -3.41986    -5.5831     30.878   -17.2542    39.8096
    17.625     82.375   -35.0837   -23.4008   -16.3003    4.68587   0.612436    1.33253    40.9525   -18.8859    19.2621
    17.625     82.625   -21.1232   -27.0129    4.57998    18.8824    14.3438    12.8126    17.9694   -16.5695    19.8886
    17.625     82.875   -26.8931   -30.7975   -17.6367    3.58951    5.08505    6.50021    11.7927   -21.7308    19.6315
    17.625     83.125    9.19655    15.9508    12.7152    23.0859      26.81    29.7514    23.1327   -54.1283    27.0948
    17.375     73.375   -44.3489   -60.3111    0.58752    8.56205     10.656     11.336    85.3404   -22.1247    28.9034
    17.375     73.625   -54.2279    -87.925    -17.286   -9.32774    -8.0132   -10.7059    55.4587   -77.7557    45.6761
    17.375     73.875   -83.3248   -49.5639   -27.3116   -8.21498   -9.52309   -9.17223    78.7861   -27.0805    23.4708
    17.375     74.125   -73.3673   -40.8467   -33.7783   -25.3907   -23.3057   -22.8494    45.6148   -33.1662    32.3382
    17.375     74.375   -81.2623   -74.7419   -57.6053   -51.8226   -50.9028   -52.9133   -2.33364   -25.1947    42.9326
    17.375     74.625   -35.6856   -43.0081   -15.1396   -10.7651   -9.44719   -9.47953    -45.641   -31.1853    42.8159
    17.375     74.875   -33.9527   -36.2376    -11.021   -6.59348   -5.88626   -6.28167   -26.0159    4.68383    30.8526
    17.375     75.125   -47.2398   -50.8842   -18.6929   -10.8441    -8.7726   -8.58373   -33.3417    48.3953    28.7305
    17.375     75.375   -22.1727   -30.7536   -1.84068   0.868053    2.24957   0.641034     -13.12     23.445    26.0173
    17.375     75.625   -7.77135   -17.0718    13.2504    12.2868    9.68215    5.48205    45.0229    -2.2705    21.5589
    17.375     75.875   -7.71122   -18.8317    11.3285    18.6782    14.9183    7.95848   -4.71036   -12.1628   -7.28548
    17.375     76.125    -16.901   -30.3263   -2.55442     4.5453    11.3865    12.5485   -3.84021   -65.6671    25.4232
    17.375     76.375    26.2336     3.4143    34.5788    19.7179    15.8062    15.8824    24.4397   -63.1084    22.2075
    17.375     76.625    28.3335    7.19095    35.4768    30.2549    23.9826    19.6208   -5.26823   -36.8874    15.9769
    17.375     76.875    46.2634    27.0743    47.0137    72.8457    53.8042    38.5069    54.8131   -20.2206    29.4643
    17.375     77.125    16.4324   -2.94262    19.1475     35.202    32.5248    26.3341     81.767   -28.5751    28.7286
    17.375     77.375   -24.1666   -22.2651   -3.47397    5.92122    8.29325    8.64622    61.4786   -37.0675    17.8143
    17.375     77.625    9.43858    31.2872     15.745    12.9921    19.6721    26.5448    56.7521   -37.4625    4.27421
    17.375     77.875    18.9562    20.3634    29.2642    28.2657    25.2219    23.6199    27.7159   -29.1418   -14.3177
    17.375     78.125   -8.65093    9.75334    5.76769    21.8829    10.4331    5.90468    21.7049    -3.8053    6.89446
    17.375     78.375   -29.6005   -22.1485    1.01212    11.7184     1.3641   -1.49652    36.4027   -28.2388    11.5612
    17.375     78.625   -60.5501   -82.5029   -23.9095   -19.3528   -7.14289    0.12613    33.4803   -48.4613    66.9986
    17.375     78.875    -21.673    -13.993    3.18252   0.560119  -0.811886    2.75964    61.2987   -24.0539    59.0381
    17.375     79.125   -52.8824   -51.9095   -24.1144   -10.6713   -5.59714    1.74693    45.5561   -33.9061    65.8164
    17.375     79.375   -23.8887   -17.1918    -7.7583    12.5784    9.46022    2.43669    64.5088   -90.0696    77.5469
    17.375     79.625   -73.4472   -90.5039   -32.0518   -14.7178   -6.09975    2.31313    37.9015   -24.3436    86.0812
    17.375     79.875   -14.3185    -1.2421   -19.0441   -13.5274   -5.10356    1.77852     50.541   -12.6869    78.1882
    17.375     80.125   -8.18223    15.6391   -14.7285   -3.79171    6.98972    8.93358    73.3865   0.539364    40.6251
    17.375     80.375   -2.19476    13.8753   -7.10561    9.11749    14.5421    9.86399    57.6057   0.137816    39.9983
    17.375     80.625   -7.96699   -15.0754    9.84332    24.0479    10.6137    2.78127    30.9321   -11.3689    18.5976
    17.375     80.875   -30.7586   -58.0235   -2.12393     14.923    13.8102    2.38229     51.631   -51.0343    16.6565
    17.375     81.125   -29.9258   -66.0004   -6.00754    9.74988    10.3875   -4.78274    11.6982   -77.2191    19.8057
    17.375     81.375   -71.8697   -18.0032   -52.0316   -8.16898    -16.442   -12.7924    26.1949    -55.544     36.736
    17.375     81.625   -75.9648   -52.4863   -44.0701   -12.8116   -10.2278   -6.35225    18.9959    -89.993     20.125
    17.375     81.875   -77.9423   -41.0119   -46.7565   -13.5017   -10.9225   -5.47188    18.7583   -79.2596    16.2204
    17.375     82.125   -48.4265   -17.7594   -24.4895    1.97573   -5.09045   -3.83943    39.3269   -25.2542      22.41
    17.375     82.375   -39.2797   -11.5169   -14.1869    2.96044   0.578926    1.48286    30.3506   -20.0552    16.2823
    17.375     82.625   -39.1437   -28.8372   -10.7214    5.16127    3.94244    3.43948    20.8611   -28.2553    14.1404
    17.125     73.375   -35.9995   -38.1086     7.0639    13.7259    16.1738     17.414     86.252   -35.1129    26.0585
    17.125     73.625   -34.4079   -57.3463  0.0633261    8.18473    6.97982    6.02357    56.6446   -58.0062    45.9932
    17.125     73.875   -47.6686   -31.8164    8.06084     19.364   -1.69284   -3.09569    74.1624   -29.2652    18.6289
    17.125     74.125    -36.573   -12.2904   -3.41533     1.0038   -6.66826   -7.27172    81.7801    -1.9689    33.3882
    17.125     74.375   -55.3281   -36.5829   -28.0667    -18.642   -15.2437   -15.3534    31.2787    10.1148    43.8219
    17.125     74.625   -47.1818   -59.6637   -22.2603   -14.6141   -11.8729   -11.7711   -26.3089   -19.5548    50.7867
    17.125     74.875   -48.0151    -59.497   -16.7888   -10.5107   -9.29049    -9.1396    9.88721     7.9615    35.3474
    17.125     75.125   -39.0661   -33.5278   -13.0974   -2.72559   -1.81319   -1.89935   -2.40686    19.5514    29.6032
    17.125     75.375   -2.15143   -11.9401    14.0057    17.7502    20.9477    16.6802     52.431  -0.617412    23.5072
    17.125     75.625    12.9004   0.869297    21.9271    20.5725     23.485    18.7347    69.3425   -28.4321    11.6059
    17.125     75.875    12.1083    2.02503    17.6216    20.8299    22.7399    18.3582    26.8313   -11.8615    21.8242
    17.125     76.125   -12.5695   -21.8583   -3.98861    8.16081    14.0098    11.5235    60.0888   -16.3812    22.5053
    17.125     76.375    31.6877    12.3119    32.8302    16.9503    17.3238    14.4701    64.5994   -28.0478     20.933
    17.125     76.625      39.09    10.8399    45.5278     20.713    15.9421    9.65724    57.7061   -12.4329    28.6206
    17.125     76.875    60.4674    33.4208    54.1972    50.5882    38.0289    26.5539    77.6203   -1.12864    27.3904
    17.125     77.125    9.80775   -8.20081    13.5481    31.0225    33.7902    27.4902     43.319   -24.3642    23.0502
    17.125     77.375   -19.2791   -35.1027    10.4739    29.3143    25.5129    24.7097     35.243   -17.4928    15.0782
    17.125     77.625   -27.4876    7.96986   -6.51927    8.86055    14.6136    11.7696    60.6572   -3.22331    8.67489
    17.125     77.875    4.77995    22.8966    27.2993    33.1742    28.7779    22.8336    53.6119   -15.1336    44.7929
    17.125     78.125   -23.4012   -4.08686    5.40088    21.6525    12.9824    10.5349   -2.26722    3.32141   -13.0552
    17.125     78.375   -29.8318   -24.4124   -2.03316    22.3247    13.5783    9.64445    48.5467   -2.18882    33.1856
    17.125     78.625   -66.8426   -61.7062     -30.98   -9.55539  -0.300768    4.93837    41.2093   -30.4468    59.4896
    17.125     78.875   -51.9828   -44.7263   -24.6082   -9.15271   0.488103    6.66212    30.4889   -18.1366    48.6885
    17.125     79.125   -38.0347    7.11788   -13.1631    5.59754    16.7599    2.89613    49.1771   -12.1958    61.6779
    17.125     79.375    -68.126   -13.1293   -27.9278    -6.2939    2.93617    1.04913    38.2492   -35.0976    78.3915
    17.125     79.625   0.204083   -25.2238     1.9475   -11.2483   -2.89727   -3.50183    15.8664   -69.3538    25.3748
    17.125     79.875   -43.9359    5.92043   -29.7628    -11.692   -4.73818   -4.84358    49.5992   -59.1959    41.9668
    17.125     80.125   -29.5975    7.05536   -31.0976   -7.75441    5.08849  -0.565306    64.9318   -23.3868     22.105
    17.125     80.375   -24.2074    3.46476   -11.3316    12.3849    28.4316    4.34201     60.655   -14.5676    48.2538
    17.125     80.625    18.6767   -5.29154    15.2111    36.1995    31.3503   -3.97457    55.4921   -36.0755    34.5587
    17.125     80.875    16.0666   -16.3154    25.4665    50.6444    32.5971   -3.64963    56.1862   -38.7555    34.4213
    17.125     81.125   -51.5749   -23.3739   -29.1093    4.60655   -13.7913   -10.4118    46.7471   -78.5201    40.7391
    17.125     81.375   -50.7176   -11.3375   -39.2455   -1.35666   -19.4564   -12.1267    37.1252   -57.9065    39.3426
    17.125     81.625   -82.9999   -69.7353   -45.2335   -9.36993   -7.34172   -1.86288    23.5465   -92.9357    9.49975
    17.125     81.875   -67.8385   -27.9107   -39.9302   -15.4339   -4.99633    1.11849    34.7246    -76.585    9.45052
    17.125     82.125    -43.046   -21.2607   -14.3901     3.2823   -2.60484    2.37264    45.4909    -31.699    20.5283
    17.125     82.375    -25.821   -6.71639    -6.1273    10.0105    6.06467    6.79928    19.7618   -36.2008    14.7705
    16.875     73.375   -37.0323   -43.1859    3.98384    7.20348    8.68021    9.49382    84.1321   -10.5241    14.3353
    16.875     73.625   -27.5273   -60.6957  0.0356673    8.73164    4.32688    3.69859    72.2032   -31.5864    19.8452
    16.875     73.875   -65.3825   -58.4092   -5.11093      4.863   -6.10864   -7.66194    62.6677   -27.7175     25.751
    16.875     74.125   -57.7197   -38.7648   -20.7461   -15.4464   -14.0228   -15.3746    41.4022   -17.8077    19.6196
    16.875     74.375    1.90919    27.4986    23.4171    4.78991    2.53247   0.985957    24.2525   -33.9496    39.9813
    16.875     74.625   -54.4186   -65.3756   -27.1761   -16.3882    -12.315   -11.9462   -1.79931   -23.8087    37.0195
    16.875     74.875   -43.0533   -52.3097   -14.5871   -5.15332   -2.96614   -2.90205    76.5252   -12.7827    41.8525
    16.875     75.125   -18.0881   -10.9379    3.54944    20.7607    14.5931    13.6175    72.8575   -26.2639    36.1485
    16.875     75.375   0.211692    14.6915    18.6073    18.8436    19.8335    14.7116    57.5292    -26.361     35.308
    16.875     75.625    18.1938    29.0445    25.2176    19.9641    16.6675    13.2628    62.0744   -14.8422    20.4537
    16.875     75.875 -0.0458561   -5.06678   -10.1508    -2.6795    3.20563    3.58974    34.2259   -14.6985    33.8405
    16.875     76.125   -11.4177   -25.1263   -18.1427   -6.07132   -3.30251   -2.84461    45.1973    4.71366    25.2573
    16.875     76.375    29.7596    17.3763    20.5496    20.0887    21.5675      22.29    72.4459   -18.4175    32.3844
    16.875     76.625    32.3068    16.6187    24.8065    22.1149    22.8043    22.0222    94.8244   -24.5305    18.7061
    16.875     76.875    63.0083    36.4946    45.0765    36.7804    29.4052    25.7393    86.8935   -31.5957    17.5478
    16.875     77.125    58.9103    30.0302    35.4436    16.2682    26.8572    24.8494    53.3283   0.597624    16.3187
    16.875     77.375     27.843    24.2279    18.8451    35.1421     31.346    19.0528    66.8602    15.8303    7.00016
    16.875     77.625   -16.4183    5.68654   -8.31324    3.13456    3.48101    5.63378    65.1365   -6.88088     21.305
    16.875     77.875    -18.819    8.28707    10.6624    32.8134    23.7919    8.12017    44.0443   -9.31525    18.6877
    16.875     78.125   -24.6518   -4.73015    7.95176    33.5133    20.9571    4.73264    45.4081   -24.4508    22.3024
    16.875     78.375   0.596529    16.6343     20.121    49.8332    25.1124    7.06556    53.2933   -17.2494    35.7283
    16.875     78.625   -22.9185    25.6037   -11.4562    4.20045    8.82928    3.68207    31.6346     -21.67    35.0637
    16.875     78.875   -56.5725   -44.5862   -40.6141   -23.7435   -15.0123   -7.73475    3.32048    -42.163    62.2708
    16.875     79.125   -53.8658   -24.6577   -32.5361   -16.1631   -11.6389   -6.17594    23.6989   -42.7674       58.1
    16.875     79.375   -47.0989   -32.7054   -23.1064   -11.2427    -5.3271   -3.84273    9.03504   -35.1214    72.3136
    16.875     79.625   -28.0826   -1.10173   -4.42674    13.6719    23.9656    10.6054    70.0023   -45.3199     41.962
    16.875     79.875   -5.09266    17.8749    5.94422    29.7828    36.5008     10.413    48.1134   -42.1915     13.334
    16.875     80.125   -19.3612    13.1616   -14.4255    10.1516    14.9013   -1.97201    59.5799   -26.2562      11.19
    16.875     80.375   -59.5729    4.43961   -47.4545   -14.8322   -2.50746   -8.59547    57.8278   -25.8256    32.9155
    16.875     80.625   -31.2643   -1.84435   -27.3854    4.56512     4.7908   -17.7257    51.5294   -62.8197    24.4678
    16.875     80.875   -31.2574   -19.2168   -9.43805    17.2471    2.08569   -8.72865    58.8935   -67.9912    41.5561
    16.875     81.125   -29.3946    5.43349   -5.20943    14.2191   -13.2992   -10.2147    53.1128   -64.3343    29.4766
    16.875     81.375   -41.8822   -24.9216   -24.9803  -0.587156   -13.7194   -8.30417    37.7196   -18.7845    23.5594
    16.875     81.625   -66.1199   -56.5186   -34.7347    -10.154   -13.9761   -11.2205    58.8715   -35.9493    8.60001
    16.875     81.875    -32.391   -22.7353   -17.5276    -2.1827    2.70834    1.42242    44.2561   -73.2376    12.6691
    16.875     82.125   -32.4324   -18.4487   -14.9255   -0.42741    1.52244   0.958362     52.024   -62.0825    18.0569
    16.625     73.625   -33.7305   -64.5089   -3.83908    1.61519    3.85894    3.78432    88.2288   -7.23344    17.6297
    16.625     73.875   -61.9665   -67.1978   -12.6882   -2.15569   -4.08137   -4.79931    75.5138   -11.4009    37.8841
    16.625     74.125   -62.4022   -53.9177   -22.5568    -7.6492   -1.86877   -2.29059     83.479   -23.0495    35.2642
    16.625     74.375   -64.0096   -59.8586   -37.4438   -27.9936   -24.6395   -24.7697   -29.0969   -12.6756    36.9081
    16.625     74.625   -42.2707    -39.801    -17.523   -6.53013   -2.31684   -1.80905    72.2921    -57.763    36.9655
    16.625     74.875   -14.6754   -3.90023   -16.0421   -7.91752   -5.87417    -6.1589    67.9274    9.64213    24.6692
    16.625     75.125    47.5569    35.9233    13.2015    10.1644    2.31739   -2.90292    48.2272   -38.1572    32.7355
    16.625     75.375   -11.5591    2.98609    11.3492    14.8134    5.97783  -0.268717    53.8847    11.0474     23.237
    16.625     75.625    5.62399    17.2578    23.3589    21.7355    15.3485    11.1393    67.4005   -16.8104    28.7943
    16.625     75.875    13.1728     4.7953   -7.66609    5.15946    10.1652     11.216    38.8087   -21.9849     42.445
    16.625     76.125    41.3091      35.07   -4.66034    5.85511    7.20973    5.35228    62.4401    9.32756    30.9963
    16.625     76.375    43.1239    28.3828   -2.53959    11.7306    12.5087    11.0332     60.226   -8.69457    22.1626
    16.625     76.625    49.6281    30.8836   -8.22234   -3.73523 -0.0200586    2.69975    51.3107   -12.6155    21.2318
    16.625     76.875    49.8184    12.1046    28.8766    11.7935    21.5149    13.6769    39.3189   -42.6465    14.4111
    16.625     77.125    45.3517     25.629    29.6586    20.6474    28.6542    26.5052    75.8766   -27.3101     27.514
    16.625     77.375    51.5809    32.0132    20.1849    9.37075    16.1371    11.1349    58.8552    11.0087    17.0156
    16.625     77.625    12.7782     21.897   -18.2002    2.67722    14.7721     5.4027    58.6326   0.732903   0.581805
    16.625     77.875    48.5017    29.2822    17.0491    30.3797    35.3293    12.8579    69.7962   -7.76471    31.0251
    16.625     78.125     58.401    60.7829    60.4849    58.4435    31.2335    17.7652    65.2837   -36.1368    10.9204
    16.625     78.375    56.6616    66.5797    62.8056    54.5686    27.8264    15.9535    55.9799    -18.871    10.9677
    16.625     78.625    33.2533    43.3958    75.2445    39.1584    32.9572    12.3669    31.7924    -16.776    22.0596
    16.625     78.875   -7.19932    23.8575    5.37664   0.138759    0.33973    2.93339     36.471   -32.7664    38.8717
    16.625     79.125   -31.6015    7.00335   -16.5387   -6.21944   -8.57636   -4.52374   0.556674   -58.7779     51.773
    16.625     79.375   -27.2995    4.70199   -19.4537   -11.8614   -7.61439    -3.5553   -30.2616   -38.6083    50.9039
    16.625     79.625    -11.004    14.9177    -18.561    -10.315   -5.81392   -1.97812    46.6528   -43.9519    36.4972
    16.625     79.875   -1.56192    11.2899    4.08515    32.9041     33.101   -1.65538    46.1994   -60.7055    13.8385
    16.625     80.125    9.85568    20.6591    12.7538    34.0605     26.426   -1.26149    68.0067   -31.6337    7.09423
    16.625     80.375   -28.6211    13.5996   -28.7176   -6.73161   -6.80135   -8.94252    56.6038   -24.8129    27.2512
    16.625     80.625   -39.4083    10.9927   -35.8692   -13.7316   -13.9953   -12.4388    56.8219   -30.6789    19.7146
    16.625     80.875   -39.5541    9.12174   -25.4082    -5.6114   -11.2668   -8.68677    72.5803   -24.2178     20.278
    16.625     81.125   -84.5552   -87.0099   -43.0847   -13.8601   -6.61127   0.592866    46.0726   -13.2609    20.1699
    16.625     81.375   -40.6466   -29.1711   -19.3266   -1.87091   -5.43259   -0.46322    51.7233    -37.212    13.3868
    16.625     81.625    8.67192   -6.64205     11.186    12.3467    8.08504    5.90482    54.2786   -64.2284    24.1634
    16.625     81.875   -43.2137    -43.806   -20.1221   -4.23404  -0.160005    1.76553    15.3403   -44.1981    14.4305
    16.625     82.125   -11.1109   -13.7292  -0.207445     6.7668    8.65929    6.62633    18.0102    -29.781    20.7315
    16.375     73.625   -35.9152   -45.0214   -0.45658    4.38648    7.14866    8.35011     92.505    10.8409    24.3109
    16.375     73.875   -70.3591   -48.0836   -12.8102     -2.216    1.13196    2.05361    84.3858     -4.208    27.2393
    16.375     74.125   -32.5255   -21.9317   -5.46171    9.59889    3.89006    3.13539    83.6918    -11.604     36.108
    16.375     74.375    47.6154    42.8686     37.374    31.0413    5.36766    3.78262    84.7183   -15.4293    25.7554
    16.375     74.625   -13.7688  -0.851778    11.3309    4.79251    2.69507    2.47352    63.3399   -4.87052    37.6209
    16.375     74.875    19.0143    51.5731   -8.74646    1.98355    4.06085    3.45113    55.9934   -11.1695      42.99
    16.375     75.125    37.8992    29.4087   -3.61159    4.99102   -3.87761   -6.44548    39.7828   -6.59443    30.7141
    16.375     75.375   -7.70233   -6.58947    3.42039     11.915    10.1119    8.54283    51.2618    -24.538    37.9982
    16.375     75.625     17.826     18.199    13.6156    25.6865    16.5434     9.1031    51.3596   -25.1294    35.7628
    16.375     75.875    25.3705     19.119   -6.06233    22.1821    17.7809    12.2037    51.8059   -49.8159    32.3543
    16.375     76.125    55.9432    46.5661   -6.92207    6.70834    12.2355     12.808    63.8999   -21.6066    45.3257
    16.375     76.375     64.279    33.9645   -8.34002    1.87459    8.57995    9.17624    60.8831   -23.5542    46.6521
    16.375     76.625    65.8684    28.1221   -3.82532   -1.73278    3.94479    6.07797    37.5932     16.055    25.6613
    16.375     76.875    46.7792    13.3035    27.8669    21.8561     25.971    14.9242    55.6224   -10.7851    20.0066
    16.375     77.125    41.1543    26.9543    5.88592    10.5206    16.9969    9.66965    71.2186   -32.2616    22.1702
    16.375     77.375    44.6388    28.8269    9.59427     21.511    27.8276    17.5658    65.3074   -47.9961    37.9744
    16.375     77.625     33.332    4.91423   -0.61627    23.7413    30.3162    13.9305    43.0889    8.35184    25.3985
    16.375     77.875   -8.16928   -1.68204 -0.0347337    21.9654    23.4495    14.0212    51.3826   -30.5352    5.89223
    16.375     78.125    42.6264    41.8858    32.6394    38.5374    29.9327    19.0822    65.4882   -39.0537    13.1403
    16.375     78.375    61.6927    62.8174    31.1992     25.819    12.4115    9.24577    45.0923   -16.2174    8.84509
    16.375     78.625    46.0215    47.7727    60.0638    27.4445    20.6431    9.08346    40.0431   -4.77707     23.392
    16.375     78.875    19.4875    47.8259    22.7966    3.82514    2.91502   0.483425    54.2176   -29.1498    34.4419
    16.375     79.125  -0.622151    37.1515     -8.143   -9.16911   -4.61736   -2.72333    50.5284   -18.4976    32.5362
    16.375     79.375   -30.2183    2.38936   -30.5406   -14.4634   -10.0408   -2.83718    7.60481   -41.1134    32.8224
    16.375     79.625   -39.8225   -4.98926   -35.1071   -18.8451    -14.033   -9.36393    31.2262   -17.2399    19.3645
    16.375     79.875   -21.6658     7.1675   -20.1121      3.008   -9.13087   -14.2744    41.7509   -28.1189    29.3419
    16.375     80.125    24.0208     7.9967    31.5691    58.7481    16.4643   -13.2393    54.3441   -25.9917    55.4732
    16.375     80.375   -15.0074    2.89204    -30.366    -4.4554   -6.43738   -11.8428    48.2407   -22.0275    57.4735
    16.375     80.625    -10.584    4.46897   -28.1426    -12.514   -15.7526   -9.98557    54.0537   -47.5137    28.9602
    16.375     80.875   -47.1281    14.6455   -31.4688   -10.0862   -8.65207   -7.13202    71.3374   -3.05792    20.8737
    16.375     81.125    33.2158    20.2181      30.24    42.5788    47.5801    53.2119    68.3155  -0.154875    86.1029
    16.375     81.375    1.94652  -0.437124   -3.92693    6.92494    10.2958    14.6221    29.8733   -48.0708    39.7038
    16.375     81.625    46.6544    36.4302    46.5134    50.8098    52.7889    43.0874    67.8982   -59.6781    67.2953
    16.125     73.625   -27.0644   -45.7142    2.69139    7.83382    6.05926     6.4055     99.557    -18.656    24.4032
    16.125     73.875   -16.9212   -30.2419  -0.588542    9.19677    15.6279    19.1436    62.4849    -45.233    7.06744
    16.125     74.125    4.45456    6.41424    9.81345    17.5111    14.7677    16.4224    30.4895   -52.3826    32.9296
    16.125     74.375   0.888182    12.6141  -0.071763     18.314    22.7433    23.9324    68.0539   -22.3223    44.9816
    16.125     74.625    49.5841    58.4294     30.849    14.3111     11.496    10.3034    81.2763   -14.9064    48.4283
    16.125     74.875    36.6533    63.3941   -5.15429    5.70297    5.82766    4.26271    61.7539   -16.2268    29.2536
    16.125     75.125   -39.8478   -16.6903   -47.0823   -19.2063   -10.3765   -9.10841   -2.21202    21.2368    25.4595
    16.125     75.375   -49.7581   -41.3512   -38.2041   -12.4077   -3.76349   -2.06475   -26.3339   -19.5598    32.0515
    16.125     75.625    9.53318    9.31179   -5.01892    19.7396    13.2497 -0.00191842     52.182   -33.6843    33.2689
    16.125     75.875    26.8364    22.5073    6.22271    44.4848    30.8906      12.08    65.1235   -29.7747    31.2028
    16.125     76.125    43.9819    38.2493   -13.4833   -3.78914   0.645024    3.18066    53.0446   -51.6664    32.8546
    16.125     76.375    50.1581    34.5055    -15.779   -8.47599   -2.17916 -0.00160153    42.4421   -16.3507    25.0909
    16.125     76.625    51.9203    30.1083   -1.73401  -0.268893    5.33417     6.6773    42.2922   -8.76634    20.9049
    16.125     76.875    46.5801    38.9457    11.6757    8.10092    13.1303    12.2057    69.8861   -9.22616    15.2728
    16.125     77.125    38.2017    28.1384    20.2498    28.9923    37.4445    25.1656    72.0764   -19.0147    28.4215
    16.125     77.375    52.8813    24.7644    37.6849     26.554    28.5754    21.3513    67.0221   -28.6605    24.7854
    16.125     77.625    8.79603    2.25228   -13.3035    4.02763    12.6467    6.99473    58.8567   0.101029    15.6184
    16.125     77.875    17.8159    21.4412   -5.98687    15.1624     21.306    13.3593    54.5147   -20.6858    28.0518
    16.125     78.125    26.2467    31.6158   -7.94724    10.7383     20.957    18.0106    49.3221   -10.2173    60.1859
    16.125     78.375    59.6214    66.4571    7.14604    19.8886    23.5027    22.7321     44.629   -9.58252    31.3728
    16.125     78.625    24.0314    33.0473   -2.08217    1.97848    10.8109    9.88866    57.0032   -10.2099    16.7229
    16.125     78.875   -3.05779    24.0836   -14.3691   -3.07229    4.23581    8.23546    60.8126    -21.967     32.158
    16.125     79.125   -24.0234    13.1653   -23.8238   -7.95935   -7.83501   -3.09054    51.1928   -44.9099    31.5802
    16.125     79.375   -18.4892  -0.554813   -21.2721   -9.82969   -3.44528    3.82645    25.6258   -31.3499    41.7556
    16.125     79.625   -59.5922   -39.1071   -47.6361   -27.4509   -21.1033   -18.5942   -4.30792   -5.68576    22.7216
    16.125     79.875   -38.1494   -11.4005    -41.541   -15.1406   -13.8735   -13.3288    41.1348   -16.5859    27.3956
    16.125     80.125   -29.8664   -6.31481    -31.475   -11.7274   -11.8554   -9.61089    50.3234   -8.05635    50.2987
    16.125     80.375    3.18614    19.9031   -42.6194   -18.6826   -16.1737   -12.8562    56.3366    -31.719    54.0082
    16.125     80.625   -16.9992    9.82644   -30.2653   -13.9731    -11.714   -7.59055    62.2326   -17.8473    43.2733
    16.125     80.875   -22.0218     15.259   -37.5157   -17.2335   -15.2103   -12.1992     60.095   -36.1292    39.6723
    15.875     73.875   -9.34192   -26.9121    7.27522    15.8277    16.1508    18.2521    58.5929   -99.2779    41.4139
    15.875     74.125   -29.1034   -67.0248    -7.4297    2.88681    3.07222    4.24501    38.1725   -75.8657     25.455
    15.875     74.375    2.27652    4.53991    5.71528    20.4807    13.6284    13.5978     49.558   -27.0355     33.267
    15.875     74.625    37.0643    29.3297    21.1991    17.3235    15.8059    13.5853    56.3906   -7.48657    44.5255
    15.875     74.875    50.1214    51.0605    13.2094     8.3216    6.74722    7.23716    60.6784   -75.3817    42.9665
    15.875     75.125   -5.65306    16.7785   -7.56819    2.52814    3.63037    1.87324    32.7863   -10.2499    30.9607
    15.875     75.375   -10.1116    3.54962   -6.08597    16.2514    17.2947    11.5771    37.6985   -18.2141    42.3763
    15.875     75.625     38.255     35.398    28.4642    52.0913    39.9239    8.74634     46.887   -19.8518    47.3262
    15.875     75.875    33.3342    33.4025    18.3874    45.5141    30.4673    7.52744    32.9589   0.895923     25.114
    15.875     76.125    27.2501    39.5515   -19.8211   -7.52399   0.167822    1.67933    42.6184   -13.1881     26.157
    15.875     76.375    51.3936    46.1122   -12.5446   -1.22945    4.17201    3.32345     61.591   -50.7083    34.6198
    15.875     76.625    23.6121    33.3941   -13.9588   -1.46882    5.26487    5.14103    65.2972   -27.1321     18.449
    15.875     76.875    65.7532     55.471    36.2505    15.9465     18.746     19.957     69.247   -32.6512    17.3873
    15.875     77.125    42.6731    37.4011    5.64187    13.4541    20.1703    16.9617    60.2292    1.90079    22.1822
    15.875     77.375      54.94    27.3138    34.8564    23.5847    25.6712    19.7576    68.8609    5.57067    30.3476
    15.875     77.625   -30.3162   -15.3123   -20.8547    3.51126    15.9143    18.9854    49.6623     28.055    51.9019
    15.875     77.875    17.2486    32.5753   -13.5024    4.45911    13.8014     17.609    49.1321    18.3661    68.3354
    15.875     78.125    32.3241    24.1058    23.2097    32.6541     41.632    43.5669    49.5476      19.95    68.6059
    15.875     78.375    14.7584    25.0851    11.1134    28.0769    37.8703    40.9384    61.5791      12.99    64.7667
    15.875     78.625   -20.8049   -1.89887   -15.6803    6.11183     19.359    25.1252    56.2437   -9.15822    34.7805
    15.875     78.875    27.2545     26.312    23.7719    32.2465    35.9852    41.8282    28.5811   -14.1213    6.78034
    15.875     79.125    18.3766    16.7862    16.2094    24.1016    16.9259     19.355    24.6051   -37.2049    6.98704
    15.875     79.375    4.80627   -3.65709    18.1846    25.1365    15.5172    5.65453    34.1319   -29.5056    64.6331
    15.875     79.625   -47.1801   -49.9044   -40.2049   -31.0688   -29.0771   -30.6921    3.04329   -26.8266    14.8621
    15.875     79.875    -13.388   -7.85038    -18.513   -7.79518   -3.27276    1.09539    47.1194   -13.2253    42.1028
    15.875     80.125   -29.7113   -7.84203   -26.7493   -9.97636   -9.02118   -6.94099    57.0051   -5.37793    44.5355
    15.875     80.375   -1.44636    2.09191   -8.42962   0.956545    2.37645    2.67445    31.3901   -3.19396    32.9079
    15.875     80.625   -20.0722   -22.1002   -19.5004   -7.53178   -2.93894    -2.0555    46.2595   -30.0103      51.84
    15.875     80.875   -6.86001   0.498174   -10.8969   -1.43191  -0.729835  0.0805106    41.5545   -30.6113    49.0042
    15.625     73.875   -57.1082   -66.6292   -9.78432    3.17968    3.29345        5.1    51.2504    1.12078    23.5924
    15.625     74.125   -53.2564   -92.3829   -20.3936   -12.2402   -16.5822   -19.2592    12.3513    3.03702    1.76562
    15.625     74.375   -24.1061   -27.6115   -20.2923   -5.95877   -10.9529   -16.6671    15.7974   -79.2086   -8.32711
    15.625     74.625     22.935    25.4548   -27.0978    1.39069     12.674    16.9846     45.119   -35.6029    28.2431
    15.625     74.875    26.9979     31.933    31.5111    26.1669    11.2227    2.18359    41.0204   -51.8485    33.8306
    15.625     75.125      21.69    32.8883    12.0808   -3.97398   -5.49367   -6.80818    45.5936   -14.5519     25.048
    15.625     75.375    11.6191    15.1855   -1.08709    11.0805    9.30568    2.86764    33.1641   -13.8608    31.5902
    15.625     75.625    19.6443    15.3895    17.9135     28.527    15.2566    1.75562    26.6968   -53.2547    30.8252
    15.625     75.875    45.0792    35.4142    44.9111     56.385    20.9631    9.89309    39.5059    1.98727    35.9017
    15.625     76.125    57.9507    48.7287    1.16769    27.6817     18.793    6.05884    43.9123   -7.35212     29.186
    15.625     76.375    53.8193    41.4471    14.5358     11.524     8.4696    5.30279    56.2443   -61.0608    23.4066
    15.625     76.625    29.4086    41.1446   -14.0682   -2.03295    4.51822    5.76322    69.6645   -67.9576     21.216
    15.625     76.875    11.8535    46.6987   -13.2194   0.370998    8.01435     9.4377     59.867   -26.6724    22.5917
    15.625     77.125    13.0049    30.9218    -16.569    6.01596    11.2709    12.9937    47.5998    8.75103    31.8165
    15.625     77.375     19.421    26.0802   -18.0695   0.505777    3.78461    8.54523    38.3193    14.7012    28.3691
    15.625     77.625   -14.5053    8.25304    -20.842  -0.082162    10.6637    15.2671    43.2823    28.1831     52.462
    15.625     77.875    11.4002    28.1014    16.0434    4.84453    14.5146    18.2323    45.0132    35.1249    51.2792
    15.625     78.125    3.82703   0.752328   -6.30692    4.45158    12.9368    17.1947    23.2624    7.56481    46.4424
    15.625     78.375    2.76954    11.3398    6.88846    24.9562    33.7699    37.5559    25.1312    16.4884    53.4569
    15.625     78.625    -46.253   -30.6536   -22.8102   -4.92727    6.61573    9.93014   -6.43844    5.17551    15.9348
    15.625     78.875     24.431    28.9167    28.4301    24.1147    33.4075    40.9232    64.2544   -13.2241     75.554
    15.625     79.125   -10.7737   -14.6525    1.35653    8.80698    7.03565    12.3634     3.2409   0.787255   -9.25758
    15.625     79.375   -2.97767   -7.92386    17.8204    44.8893    18.7967    18.7198    20.9216   -1.02989   -23.1557
    15.625     79.625   -10.4832   -12.1217   -11.5496   -4.55324     4.1169    10.5357    75.4078   -20.1418    39.9345
    15.625     79.875   0.234042     2.3902   -6.19684   -1.82065    1.47723    4.41043    60.3452   -10.9643    41.6345
    15.625     80.125    27.1842    25.2152    26.9066    30.8285    31.1528    32.4265    40.7664    14.6541    41.9212
    15.375     73.875   -55.0575   -49.8258    -6.9735   0.653302    2.59638    3.91503     67.415   -11.1797    17.6877
    15.375     74.125   -24.8859   -71.6352    5.80443    19.5018    10.8832    7.53366    89.6916   -7.70122    30.9115
    15.375     74.375   -1.24462   -29.7875     6.2839    19.1338    24.5536    29.1783    52.1704   -73.0011    43.0765
    15.375     74.625    11.3981    5.78916    17.3991    18.5259    16.1112    7.64218    31.6807   -71.7013    25.1735
    15.375     74.875    48.6134      47.59    54.7636    57.4724    45.1428    29.4664    69.0993   -72.4473    62.1546
    15.375     75.125    18.9449    20.2957    18.1919    25.6947    21.7887    18.3167     24.424   -1.61497    40.3242
    15.375     75.375    36.2998    17.1026    3.74479    22.5309    18.5494    10.6948    40.6087    2.43685     26.653
    15.375     75.625    39.1152    27.6833    2.49729    13.6097    18.3326     12.229    43.0807   -67.0241    27.0043
    15.375     75.875    31.6658    27.3162    19.5391    24.7135    10.9075    6.57907    32.3263   -1.33492     32.298
    15.375     76.125    50.9043    34.0993    60.8566    7.07273     -1.826   -1.14133    34.3113   -23.3265    24.1188
    15.375     76.375    65.6845    54.9221    35.7265    10.0531    3.37151     1.6244     51.028   -33.8264    30.6844
    15.375     76.625    4.60594    54.3233   -24.7455   -6.91489  -0.200458  -0.222467     26.175    5.52764    20.0649
    15.375     76.875   -16.5724     53.462   -24.0562   -2.23119    2.94433    3.65215    73.8238    24.8067    31.2513
    15.375     77.125   -12.5929    34.2616   -29.7418   -4.52116    0.65435    5.24639   -4.27365    15.2317    42.4414
    15.375     77.375    9.16425    21.5567    11.7239    19.0503    5.42008    7.44985    35.5254    14.5221    35.2505
    15.375     77.625    11.9155    37.3528    17.9925   -3.90738    7.23055    11.3046    51.1013    9.16102    39.9876
    15.375     77.875    4.93446    17.5814    15.5434    10.7655    19.8717     24.533    15.9729    5.87312    28.2535
    15.375     78.125   -34.3785    2.46016   -18.6941    3.79261    14.8699     22.078    20.6523   -9.81363    19.8197
    15.375     78.375    24.3295    31.8224    36.5965    25.2512    29.5826      33.76    18.6472    14.1369    47.7629
    15.375     78.625    41.3785     66.277    21.1458    21.8653    22.7236    24.5924    16.6802    12.1033    42.6431
    15.375     78.875    4.29674    1.32954    9.21508    8.31736    4.37168    5.42392    5.74467   -3.55145    36.9638
    15.375     79.125   -18.3951   -9.38928   -17.7397   -4.62373   -8.99234   -5.85441   -5.17638   -3.46684   0.593961
    15.375     79.375    -7.8056    6.70161  -0.644493    14.0639   -10.6545   -6.43657    8.03767   -4.78036   -8.90931
    15.375     79.625    0.97227   0.983426   -2.76201     2.9265    3.11393    6.38561    34.8151   -11.0168   0.413409
    15.375     79.875    2.84078   0.907659   -4.11296   -1.37119    3.44052     8.6302    51.4106   -9.65173    24.8135
    15.125     74.125   -39.8446   -94.5079    4.90564    13.8103    9.08111    7.79785    97.1324   -36.7621    26.7873
    15.125     74.375  -0.771333    -45.602    20.6205    39.6397    28.4031    32.8858    51.8184   -66.8292    63.3901
    15.125     74.625     7.1041   0.362547    12.1572     13.063    7.48102   -3.74043    15.6625   -75.8118    22.5536
    15.125     74.875    20.3324    21.1138    22.3645    23.2761    14.7697    1.87882    29.0411   -34.7178    22.8437
    15.125     75.125    51.9303    26.8384    49.7949    44.6718    9.62936   -3.88701    44.0193   -14.9746    38.2464
    15.125     75.375    16.1159    16.0929   -39.1579    3.16597    3.49809    2.82899    39.4367    -41.764    39.8713
    15.125     75.625     13.311    29.7788   -25.2647  -0.471743    6.77622    6.87392    49.4536   -19.4153     35.433
    15.125     75.875    7.57759     17.926    -18.057   0.124984    3.39881    3.32557    49.5985    3.30741    28.1014
    15.125     76.125    21.8077    5.44972    5.07725    2.98037    1.35053   0.183343    34.1237   -6.28497    24.0737
    15.125     76.375     35.313    31.0746    20.9455    6.08526   0.621935    -2.6393    8.96404   -43.3089     30.429
    15.125     76.625   -36.0544   -20.9649   -29.8717   -4.10881   0.528886   -2.13101     16.452    4.35042    50.3237
    15.125     76.875    -37.449    43.7166   -30.0131    3.45604     8.1958    5.53163    69.8589   -3.15949    34.9336
    15.125     77.125   -37.9681    4.93184   -21.6883    6.53416    9.53104    10.7112    66.9121    22.1121    39.3861
    15.125     77.375   -10.8084    13.0096   -22.0728   0.105362    6.60287    11.2019    37.0778      11.83     57.565
    15.125     77.625    11.6901    23.7589    15.2659    12.0908      19.26    22.2659    33.4702   -8.42237    37.9119
    15.125     77.875    11.8756    23.5107    9.21342    21.4528    28.7645    32.2466    27.5628    30.2803    51.4473
    15.125     78.125    7.33077    22.2061    3.85871     22.681    28.9047    31.2482    42.9914    22.4447    38.8587
    15.125     78.375    48.7518    46.5081    73.3592    32.1642    35.8411    39.9291    49.6455    23.6852    44.9834
    15.125     78.625    12.9942    30.7323    13.9986    1.23787    10.5373    13.9979    26.2314    -1.2055    42.8784
    15.125     78.875   -5.69308    6.89676   -12.3801    -3.5235    3.60934    5.02945    9.34622   -9.08449    35.9992
    15.125     79.125   -15.0931    7.49678   -25.1276   -9.78468   -3.98606  -0.359188    3.88793   -3.39778    44.3696
    15.125     79.375    10.2943    27.0651    12.9554    32.3763     19.755    18.7497    32.5187    -3.2709    53.0512
    15.125     79.625    15.6482    19.3493    16.2643    35.0472    24.1936    17.5196    54.6333    -2.9788    62.8852
    15.125     79.875    6.85409     12.316     8.1236    22.8619    17.8123    17.6411    53.7768   -2.08511    51.1374
    14.875     74.375   -8.02737   -53.9276    1.50615    14.6573    18.8962    19.3314    67.8741   -99.9249    34.7151
    14.875     74.625   -17.7426   -54.3032   -21.1434   -14.2029    -13.716   -21.1256    24.4865   -94.0592    14.3009
    14.875     74.875   -19.6224    -37.003    -32.739   0.978914   -3.30405     -18.42    10.3975   -69.8106    9.52471
    14.875     75.125    3.53671    1.91022   -15.2354    16.1984    2.60602   -5.59177    25.7797    -43.607    25.7346
    14.875     75.375    1.47986   -9.66555    -36.394   -8.35716   -12.1154   -20.3022    2.86486   -52.2452    29.0962
    14.875     75.625    15.2363    4.80158   -18.6535    -10.863   -2.91151   -5.94211    35.4295   -57.5252    69.4374
    14.875     75.875    24.8285    20.1714   -16.9415    -5.9437    1.08949    1.54632    46.2784   -61.1512    27.1124
    14.875     76.125    20.7705    25.8113   -11.0601    1.06509    5.22062    4.21069    39.3095   0.345683    34.3406
    14.875     76.375   -8.82849   -2.66249   -29.6195   -1.38566    2.19736    -1.9796    14.5341    46.2868    31.6221
    14.875     76.625    14.0954    55.0882   -23.1945    1.69659     5.8816    3.29954    48.4818   -8.08611    39.9863
    14.875     76.875    -14.703    45.3844   -20.1953    2.60585    9.01192    9.22408    71.1667   -36.5036    42.3852
    14.875     77.125   -21.4095    31.6615     -14.59    8.56474    9.06826    8.77531    73.4754    23.0577    42.5922
    14.875     77.375    17.3142    20.5562    9.27166    24.6979    18.9073    21.1728    44.4222    21.0341    72.6003
    14.875     77.625    8.05014     18.101   -7.81798    8.28349    14.4252    16.9082    12.9257    32.1347    74.7727
    14.875     77.875    2.40254    13.1973   -10.6847    5.97982    11.0134    12.6829    8.64564    27.4053    70.3831
    14.875     78.125    22.4751     33.133    12.5124    29.0845    29.3948    30.0431    34.6407    1.36777    62.9957
    14.875     78.375    44.3609    45.6731    43.1338     38.883    38.1994    36.9355    30.8615   0.477379    56.3918
    14.875     78.625   -36.0259   -4.08916   -16.8139     10.454    18.8667    20.2686    25.7557    8.48634    51.2296
    14.875     78.875    11.2837    7.03074    11.8242     31.025    22.4175    26.4284       45.4   -29.4382    61.0859
    14.875     79.125    13.8581    23.3943    13.4993    35.2319    23.1023    28.4447    34.7554   -19.0077    58.1124
    14.875     79.375   -31.9861    8.99511    -23.294   -8.47153   -4.32267  -0.623255   -7.63287    -12.893    47.7103
    14.875     79.625   -19.9304    3.09213   -13.5559   -1.81725   -1.01318  -0.208692    27.1864   -9.61617    46.5267
    14.875     79.875   -11.7494    2.85962    -9.7481     2.7385   0.540745  -0.581743    24.6481   -7.07577    49.2399
    14.625     74.375    17.9606  0.0579899    17.8589    31.5168    39.7802    45.5708    94.4941   -64.9225    8.72181
    14.625     74.625   -28.6282    -75.934   -25.6824    -11.907   -13.8562   -25.8612    27.1505   -63.4838    10.5055
    14.625     74.875   -13.4766   -22.7852   -18.5881    4.86404    1.23172   -3.84835    42.5107   -44.8509    13.8384
    14.625     75.125    6.71041    2.64367   -7.73176    21.0271   0.311335   -12.8962    30.8911   -33.4159    26.4435
    14.625     75.375    6.93433   0.487537   -12.1264    10.7387    -1.2601   -3.22363    32.7473   -25.0585    33.9722
    14.625     75.625    24.6952    8.99527    1.67126   0.530241    5.79893     1.1588     69.612   -13.9976    53.4616
    14.625     75.875    33.9469    19.5139    7.57469    6.26035    11.3714    9.35411    76.6162   -57.1074    59.1358
    14.625     76.125    61.1602    44.4304    2.55749     4.5884    10.0849    7.87456    60.1609    9.26457     38.823
    14.625     76.375    12.0693    28.0186   -13.5585    2.95756    5.39297    3.92987    37.5068    7.20364    25.6943
    14.625     76.625     11.271    45.1331   -17.8538    1.85479     7.5295    8.02799     46.416    33.7839    31.4973
    14.625     76.875    13.4298    67.8301   -33.4446   -4.71752  -0.982762   -0.86395     56.571   -23.0211    32.3694
    14.625     77.125    58.4755    69.4641    45.8271    64.2453    57.5403    61.2053    80.4209   -2.55472    70.3151
    14.625     77.375    27.6996    36.2673    10.6799    25.2743    28.0393    30.9083    51.0257  -0.518788    81.4463
    14.625     77.625    10.2199    21.0154   -19.8272    1.26109    2.19732    4.48665    15.6419    50.9304    57.6762
    14.625     77.875    18.7011    25.3135    10.3553    24.5972    25.3638    24.2922    18.9983    6.26475    79.7566
    14.625     78.125    32.6068    40.2183    22.6487    36.9666    37.9004    39.3814    24.2388   -11.8267    65.8312
    14.625     78.375    29.2625    33.9465    19.0166    35.2626    35.6137    34.4884    16.2094    8.00198    61.4701
    14.625     78.625   -3.36519   0.440835   0.187754    19.7766    22.3086    22.6954    5.06937   -12.7744    57.7932
    14.625     78.875   0.125655  -0.240466    1.23603     18.768    11.9725    13.8307    29.3114   -23.5317    50.9067
    14.625     79.125     17.737    17.8078    16.3744    31.9373    23.3642    26.6464    33.2412    -23.342    54.3326
    14.625     79.375     2.3891    14.2373    2.24428     16.002    17.9654    19.0428    21.8356   -8.94485    61.8309
    14.625     79.625   -16.0886    4.94212   -9.25192    1.06152    3.70073    5.38499    26.1659    -7.1405    51.9862
    14.625     79.875   -8.47189    14.6278   -4.51937    7.79237    9.04861    11.2067    34.5313   -8.55403     59.264
    14.375     74.625   -30.1624   -98.7963   -4.44322    1.93158   0.597457   -1.35906    43.1222   -41.0442    26.4524
    14.375     74.875   -11.9677   -27.9753   -11.5614    2.23402   0.424076   -2.24168    62.4223   -34.7929    33.5419
    14.375     75.125    2.90833   -12.1691   -3.49043    32.1003    1.41347   -7.29148    48.1816   -45.2933    29.3875
    14.375     75.375    10.3023   -4.05399   -5.88822    15.7493   0.595943   -4.43204    29.2428   -7.29594    24.4557
    14.375     75.625    19.9323    11.6634   -27.3891     6.8638    9.92846   -4.13983    47.3454   -23.5606    34.0771
    14.375     75.875    19.3149    9.49742   -28.8087  -0.810137    7.49405     7.8613    72.4535   -13.5938    58.1701
    14.375     76.125    50.4255    46.2841   -21.6027  -0.939461   0.137946   -2.99607    70.0756    18.3525    48.7034
    14.375     76.375    86.0621    75.3719    53.0267    25.9175    26.7495    24.4387    72.1076    19.8599     44.316
    14.375     76.625    32.2013    65.5295    30.4684    14.5527    12.6073     8.3082      56.53   -2.21933    38.7497
    14.375     76.875   -25.6029   -14.4378   -19.3807    5.91816    4.83182    5.35159    62.3183   -19.2487    25.8642
    14.375     77.125    25.4815    35.5722    15.2385    30.4397    24.4855    25.3085    46.4483   -34.2907     39.069
    14.375     77.375     37.601    47.5323    17.4657    34.0312    29.4637    29.6711    39.5843    26.5825    74.8635
    14.375     77.625    28.2509    33.7619    3.01134    24.9606    16.1379    19.7323    14.6034    17.2528    36.2582
    14.375     77.875     2.0213    14.0845   -21.4016    3.50669    6.61742    8.45753    13.0374   -59.1947    77.9192
    14.375     78.125    7.95927    18.0947   -5.58763    14.0038    18.4628    21.6184   -11.8706    18.4414    73.6833
    14.375     78.375    13.5649    13.0667    16.6711    31.2912    30.3156    29.3569    22.7267     2.0874    61.5495
    14.375     78.625    8.00511    3.84846    7.78362    29.0416    26.4245    22.8878    14.3109   -24.5298     61.902
    14.375     78.875   -8.95892   -14.8878   -1.56545    19.6242    22.2117    23.9883    12.7786   -24.3089    74.5328
    14.375     79.125   -11.0437   -9.04717   -10.2797    6.08129    7.73553    8.79065    25.9174    -26.215    59.9986
    14.375     79.375   -2.31975   -4.57517   -1.34343    12.5963    14.0289    15.2598     24.925   -20.6908    60.5586
    14.375     79.625    8.26502    6.66165    12.3269    18.9354    21.2746    24.0789    15.2382     1.7592    28.5932
    14.375     79.875     13.648    14.4459    18.5417    26.9012     30.408    35.3871    23.8912     11.789    51.9955
    14.125     74.625   -28.8404   -93.0363   -0.93854    13.9815    10.2468    7.45912    84.4085   -37.0111    22.1304
    14.125     74.875   0.252102   -35.5908    8.65356    11.0829    2.95471  -0.289541    38.3849   -71.5524    27.2553
    14.125     75.125    2.42528   -6.15581    2.47612    7.58801      6.003    4.56078    26.1571   -64.5671    27.5242
    14.125     75.375     6.9995    9.69881   -30.3655    14.3574    2.32308   -3.60831    60.0276   0.426127    36.5428
    14.125     75.625    4.73149   -22.0527   -15.6472    12.9503    6.97701   -3.61166    21.5962  -0.106783    32.4183
    14.125     75.875     9.9736   -1.36501   -19.1197    13.4086    8.86379   -2.03281    47.9064   -32.5473    55.0072
    14.125     76.125    18.9354    9.61026   -1.52876   -6.18234    2.35904   -4.30492    30.1962   -53.6522    26.2383
    14.125     76.375    52.3723    58.1238  -0.801287    5.55167    8.53664    2.21878    75.2698    -8.4114    38.1742
    14.125     76.625    36.1944    54.9418    10.7748     19.004    22.3699    22.7549     72.804  0.0347967    35.0423
    14.125     76.875    53.5401     56.634    -15.133    1.77898   -3.23457   -3.19949    49.6542    11.0118    36.1401
    14.125     77.125    1.83034    5.61345   -24.5815   0.980903   0.466066   -1.27325    17.1876   -26.4821     53.433
    14.125     77.375    23.8743    34.4201  -0.396408    13.9715    15.8384     17.113    60.1084    18.3887    61.0978
    14.125     77.625    11.6608    17.7073   -2.78955    11.0779    10.9248    10.7496    22.7078     22.518    69.5774
    14.125     77.875    16.1453    25.2594    1.93437     18.396    17.3226     14.641    27.9711   -4.65259    77.7837
    14.125     78.125   -1.93497    6.64454   -24.8534   -2.74074   0.578987    2.83737   -15.8509    43.9969    82.1949
    14.125     78.375    19.0703    14.9454    17.8082    29.5817    19.5006    20.4565    12.5391    12.3714    74.5228
    14.125     78.625    2.59779   -5.21618   0.403585    8.53841    9.06123    9.78325    7.18598     -4.946    67.1854
    14.125     78.875   -1.17274   -8.20342     8.9487    22.4373    24.4366    26.7736    16.3758   -5.87179    58.7656
    14.125     79.125   -7.65045     -4.647   -4.59835    12.3948    8.72433    12.0231    37.8105   -20.7285    65.7149
    14.125     79.375   -13.4569   -11.2379    -14.075     1.1185   -2.95529   0.371381    23.7696   -19.0969     68.667
    14.125     79.625   0.357213   -1.68039    2.76223    10.4823     11.639    14.3772    9.52571     1.9792    37.9535
    14.125     79.875    2.03322   0.960475     3.3959    10.1769    11.4146    13.7668    9.43005    3.90304    33.1799
    13.875     74.875   -5.13424    -44.616    6.42073    12.3742    8.03028    4.47067    51.9122    -73.284    28.8942
    13.875     75.125    11.1372    2.66849    12.6477    20.2649    20.5196     18.812    30.5658   -83.5608    46.0513
    13.875     75.375    15.8478    7.82155   -4.92639    53.5044    10.2518   -2.67825    28.2103   -37.6306    37.7605
    13.875     75.625    6.50609 -0.00669369   -26.0284    6.86008    11.5362  -0.354884    12.1142   -34.6385    32.4567
    13.875     75.875    10.6572    15.1472   -27.0543    8.48846    8.09374    -4.0625     26.324    -15.004    39.0679
    13.875     76.125 -0.0509457   -4.21371   -24.1548    5.07457    1.22099   -5.11356    30.7936   -4.43259    28.1521
    13.875     76.375   -1.47741    5.86145   -25.4965 -0.0309923 -0.0542918    2.00563    46.5154    17.6899     38.965
    13.875     76.625    9.92382    30.6844   -6.98261    10.2656    11.1696    9.38539    52.2233     3.7528    44.2643
    13.875     76.875    2.33223    15.0112    7.99229     35.057    10.7809   -10.4282    7.57006   -8.79261    27.0473
    13.875     77.125   -6.17079    5.22745   -7.66803    18.2883    4.99315    -5.8845     4.2871    1.98971    13.7354
    13.875     77.375    38.4668    37.8929    29.9768     44.488    45.0003    46.6129     64.944     17.005    53.8506
    13.875     77.625     31.805    39.3903    16.0075    29.9184    32.3925    31.9773    65.4446   -32.2178    79.1811
    13.875     77.875    26.1713    30.2168    11.2608    16.6866    17.5907    16.1685    46.0465    -8.7664    79.7358
    13.875     78.125    12.4679    10.7263   -5.89761    9.61769    15.3238    18.9401    53.5563    17.8024     82.633
    13.875     78.375    39.1648    38.3159    37.1602    51.6968    49.6929    49.0229    47.1065    -5.5467    74.2809
    13.875     78.625    23.7717    19.2886    16.3226    30.8252    28.0204    24.5664    19.2012   -30.7766    62.0129
    13.875     78.875    19.4784    13.8426    22.6043    32.2493    35.4082    37.2608    37.9261   -5.55311    58.0024
    13.875     79.125   -10.0051   -4.28052   -1.68921    13.0143    14.7657    18.9778    31.1808   -23.7392    62.9027
    13.875     79.375   -5.24825   -5.95915     -4.438     15.553    5.42142   -2.56338    12.6706   -3.00077    59.4694
    13.875     79.625   -26.4017   -14.3337   -31.7098   -26.1845    -27.911   -30.9237   -34.7616    1.49322     34.309
    13.875     79.875   -1.18996    1.63924   -1.65376    3.91592    2.70936    1.74682  -0.882442  -0.354565    25.3004
    13.625     74.875   -40.2208   -93.0397   -15.7805   -1.65572   -3.09128   -2.35284    60.0403   -7.56261    20.9736
    13.625     75.125   -21.9588     -44.52   -2.03794    43.0615    8.55143   0.448613    84.7341    -20.954     27.208
    13.625     75.375   -33.5707   -25.4745   -18.5324    28.2051    10.3139    3.47034    26.8782   -77.7924    27.0387
    13.625     75.625   -53.0382   -20.9948   -34.3824   -5.62825    1.33927    7.25508    21.3729   -44.0087    25.2333
    13.625     75.875   -27.4062    23.9658   -20.0525   -6.56841   -2.10704  -0.632553     6.5643   -35.3941    49.8688
    13.625     76.125   -16.2686    16.2804   -28.7945   -1.56673   0.413954     1.7201    17.9469   -40.9985    37.5638
    13.625     76.375    9.94609    23.7372   -27.1596    1.42393   -3.85111   -5.48861    38.2062    -12.329     27.968
    13.625     76.625    12.1314    22.4797   -36.5726   -16.9541   -12.9854   -12.5249    3.45803  -0.348678    31.7835
    13.625     76.875  -0.269339    36.3439   -5.59075    10.1149   -2.33308   -2.58849    15.2796   -27.9055    25.5151
    13.625     77.125   -4.69107    32.9395    -32.255   -9.97128   -9.15807    -8.0902    27.6631   -13.1761    22.0458
    13.625     77.375   -11.3019   -10.2329    -46.645   -28.1295   -19.1704   -17.9117    11.8112   -24.4245    73.4076
    13.625     77.625    45.0251    43.1057    25.1632    32.6514    39.7435    42.3647    85.5813   -31.8046    70.8764
    13.625     77.875    36.7109    37.8744    27.3898     29.638    33.3314    36.1761    58.9023   -47.7701    82.2862
    13.625     78.125    10.6081    11.1245    11.2547    26.7564    27.4563    27.6633    34.4298    2.04083    82.3289
    13.625     78.375    6.28232  -0.669752   -3.04404    11.9118    8.70487    10.1393    1.26753   -33.4524    84.3314
    13.625     78.625   -2.49409   -10.4565   -8.67473    5.15542    1.53214   0.089571  -0.500827   -42.9639     67.801
    13.625     78.875    21.6151     16.199    26.8811    41.5459    41.4097    39.6184    33.4843   -37.9087     65.023
    13.625     79.125    2.02559    7.52025    4.94491    29.5679    26.1334    19.4995    26.3555    -28.477    58.0079
    13.625     79.375    15.3203    15.0052    21.8617    28.6916    22.6885    17.6831    26.0925   -7.26061    29.5358
    13.625     79.625   -2.39261   -4.45491   -1.16471    5.80753    1.91156   -1.16588   -2.97997     9.9648    28.7524
    13.625     79.875    3.18885    2.42843   0.238404    8.12215    6.73305    6.05389    20.7125   -2.48314    21.8733
    13.625     80.125    6.78928    6.84811    6.94703     13.672    16.0268    18.2248    26.5832   -49.5174    32.6629
    13.375     74.875   -49.9454   -31.1925   -36.6933     1.5632   -2.05447   -3.11907    86.7737   -26.6369    14.9307
    13.375     75.125   -47.7011    -59.498   -16.7995    18.8569    2.25671  -0.269914    64.4814   -26.1201    17.5403
    13.375     75.375   -45.2961   -50.7462   -22.4725    14.2168    2.26455    1.34354    59.0553   -16.0292    21.1852
    13.375     75.625   -43.2426     4.1066   -37.5051   -12.6797   -5.13313   -3.13268    5.20141   -13.9127    29.6031
    13.375     75.875   -34.1514    19.0904    -40.754   -17.9057   -7.81689   -6.85726    18.7999    1.13713    29.3751
    13.375     76.125    28.8503    67.0519   -11.4355    9.22428    10.2754    3.45403    52.1615   -58.5427    42.6431
    13.375     76.375    20.8067    35.8925   -20.7214    3.82171    3.51259  -0.974202    30.9374   -47.1548     27.621
    13.375     76.625    25.3627    46.1727   -13.4335    14.7654    4.80514    3.50928     41.447   -24.5397    41.3532
    13.375     76.875     2.2244    10.6061    -11.573    11.4502    3.55288   0.792132    2.96958   -38.9273    15.4336
    13.375     77.125    16.6729    30.9807   -1.10214    12.8736    9.85475    4.23986    15.8534   -45.3855    62.8861
    13.375     77.375   -2.31701    3.21307   -15.1638    3.30148    5.08076    1.88458    10.9016     10.509    63.4265
    13.375     77.625    13.4738    13.8246    3.37475     10.359    17.1818    19.5154    14.8397    8.83656    70.0065
    13.375     77.875    32.4261    35.5651    36.4007    42.2592    43.2076     45.942    43.5077    -15.078    71.9181
    13.375     78.125    17.9794     19.416    20.4448    25.3676    25.0296    26.1405    38.9873    26.9665    56.0895
    13.375     78.375    18.6241    18.6107    18.7998    25.6093    26.5215    28.1917    37.8661    25.6295    64.3168
    13.375     78.625    19.7362    17.8138    23.9389    31.6483    31.7498    33.3557    30.4289   -1.21985    55.5486
    13.375     78.875   -3.86521    3.64621    7.37493    27.9905    28.6208    25.8554    24.9984   -40.2012    62.8654
    13.375     79.125    6.34453    6.17569    2.86369    14.9597    14.0345    13.4455    25.0872   -80.5977    50.6925
    13.375     79.375    2.64405    4.75602    2.70972    12.2111    10.7706    9.44094    24.3748   -10.6413     60.908
    13.375     79.625   -1.97342    2.17077    3.43908    16.2302    16.1445    16.0644    40.3802    13.2007     40.954
    13.375     79.875     7.7894    1.05307    6.70313    15.9118    16.2519    17.8691     51.287   -48.3622    31.7274
    13.375     80.125    1.75088   -2.49786     2.2077    9.21858    11.3359    15.4083    40.7771   -52.8611    24.7764
    13.125     74.875    -28.021   -60.3376    -5.2634    13.1529    18.8323    22.3066    80.5421   -99.7496    31.2566
    13.125     75.125   -31.4081   -78.4164  -0.171283    15.4509    15.4518    11.8166    61.4474   -99.7583    31.3299
    13.125     75.375    -41.688   -63.3872   -11.8925   0.376878  -0.105305    3.18356    82.1236    32.2969    12.8836
    13.125     75.625   -16.0597    16.2319   -16.1973    14.0568   0.646839   -3.49209    44.5074    -51.332    30.5115
    13.125     75.875   -12.4789    15.3348   -8.21811    23.7139      8.857   -4.11417    2.02521   -22.9209    35.2455
    13.125     76.125    6.43859    20.7646   -17.1533     1.7409    2.49957   -7.57539    9.00273   -5.21774    43.1991
    13.125     76.375    3.34767    10.9393   -16.2254    2.76126    5.52834    2.21535    13.6256   -34.5703    50.1999
    13.125     76.625    11.8354    12.7698    4.04663     20.426    25.2909    24.9788    31.7508   -31.3647    57.9105
    13.125     76.875    1.65236    3.00856   -5.60088    8.19096    6.91656   0.444758    7.92312   -35.0042    42.4345
    13.125     77.125   -5.90239    21.8203    -18.034    13.4745    9.83453   -1.44197    23.1391   -25.6406     32.476
    13.125     77.375    9.94174    17.9264     6.5713    16.1328    18.9066    16.4384    18.0192     7.7556    49.4077
    13.125     77.625    6.72219    11.5006    11.0369    15.0075    17.3051    18.4691     8.6764   -19.9579    54.3812
    13.125     77.875    9.70322    10.0469     19.097     24.314    26.8039    28.5465    32.4563    14.7293    57.7258
    13.125     78.125    16.0887    9.44252    22.5038    31.6049    33.3087    35.6791    27.5012    32.6585     57.335
    13.125     78.375 -0.0787338   -3.09118    9.84204    20.9153    20.0017    19.3005    37.6688    4.50662    37.6635
    13.125     78.625    -9.4602   -7.96425    3.37357    12.7599    12.8834    13.8206    27.2781   -28.9971    41.7484
    13.125     78.875   0.916455  -0.240773    5.41577    12.1996    10.7953    12.9529    27.5098   -43.6048    43.8671
    13.125     79.125    25.9454     26.279    16.9325    21.8322    19.9852    20.3349    51.7589   -68.1662    40.9319
    13.125     79.375    14.1841    6.57906    13.7678    21.9246    15.1838    13.9784    66.0094   -58.2506    34.9639
    13.125     79.625    20.1582     35.911     14.402    22.8322    14.3102    13.2885       44.4   -66.3049    29.4234
    13.125     79.875   -3.19214  0.0136642    1.43126    7.35527    9.10698    12.5634    36.7512   -57.4747     21.996
    13.125     80.125   -1.26899   0.514964    8.01756    17.3406    21.1444    26.6135    24.5551   -53.6599    34.8225
    12.875     75.125   -87.3864   -49.5672     -8.194    18.0888    22.6785    2.03493    64.9286   -14.0817    23.3727
    12.875     75.375   -32.2632   -23.3897   -7.98484    5.30716    4.57101    1.00808    82.4425    -94.526     21.699
    12.875     75.625   -50.2469   -59.3432   -24.8174     3.5202    2.31095   -4.99893    20.2125   -58.2786    16.6804
    12.875     75.875   -15.0587   -3.45356   -15.2611    14.8035    6.08129   -9.34936    -2.6164   -90.1168     64.067
    12.875     76.125    -27.219    4.50838     -39.99   -12.4222   -12.7759   -21.8136   -3.32387   -26.8787      55.84
    12.875     76.375    26.9533     30.757    17.4234    28.9002    33.8643    35.4833    51.9748   -16.1093    61.6263
    12.875     76.625   -12.0635   -11.3267   -16.7344    1.63947    4.10144    3.15091    13.7267    -29.538    64.2534
    12.875     76.875   -18.0968   -18.0903   -16.6655    6.05414    6.12728   -7.10287    8.48846   -42.7794    37.3348
    12.875     77.125   -22.8953     12.359   -38.0079    6.59277    9.01965   -2.85165    32.8384   -12.9071     41.187
    12.875     77.375     7.1164    12.9389    3.25895    8.39382    11.4474    10.8842     37.567   -74.6199    50.0926
    12.875     77.625   -19.6864   -8.00668    -16.553   -7.61386   -3.65826   -1.57709    4.19014    21.0811    43.4693
    12.875     77.875   -23.4048   -24.5141    -2.6324    7.96144    9.30215    11.2651    1.61846    12.4603    64.3852
    12.875     78.125    13.6198    6.62084    23.8103    32.3829     35.449    39.3637    34.0059    10.4841    62.5885
    12.875     78.375    10.8352     11.329    13.0446    23.6343    24.0361    25.9054    33.6812   -24.4197    58.2465
    12.875     78.625    2.76738    1.25388    6.95663     14.832    12.0498    15.1911     27.832   -28.5062    43.3961
    12.875     78.875    2.92079   -4.10491    15.0552    24.7428    19.5389    17.3933     47.211    -46.103    55.1005
    12.875     79.125    12.9207     8.8072    18.0534    23.3577    19.1333    17.4975    42.7947   -41.2776    61.3402
    12.875     79.375    6.79429   0.888189    10.9591    18.3742    17.2508    17.5226    45.9827   -61.1473    38.4685
    12.875     79.625  -0.443272   -3.55133    9.94205    17.6717    11.0735    12.5022    24.5752   -56.4253    35.2233
    12.875     79.875   -2.80747  -0.799731  -0.637915    5.04743    4.68432    8.06125    20.4082   -14.2801    33.2594
    12.625     75.125   -55.3886   -92.0946   -13.4974   0.974557    6.65045 -0.0118722    95.6158   -30.4798    17.9991
    12.625     75.375   -43.6344   -90.8816   -12.6766    4.14581    6.45819    4.54077    98.4161   -32.9626    14.5878
    12.625     75.625    -34.541   -50.2869   -18.3994   -3.96339    1.73667 -0.00596376    92.2946   -39.1966    12.5123
    12.625     75.875   -15.1007    1.03603   -25.5942   -8.76078    2.61013   0.568503    22.5665   -29.3314    16.4883
    12.625     76.125   -14.1701    6.77286   -24.7282   -3.45466    1.20832   0.421184    14.1268   -38.0114    28.4945
    12.625     76.375    14.2344    17.2468    11.7309    30.7202    34.0346    36.0101     77.655   -42.7926     54.707
    12.625     76.625    14.9897    12.3638     13.782      30.51    30.2422     34.018    83.9588     3.7784    54.8866
    12.625     76.875   -8.22227   -7.00336    -12.541    -4.7616   0.581552   -5.49308    19.8051   -24.2435    44.3859
    12.625     77.125    -28.738   -19.5276   -39.0072   -21.7666   -12.9904   -16.6131    10.2989   -9.26135    38.5217
    12.625     77.375   -24.1883   -17.1262   -31.2369   -16.3863   -19.7376   -22.7949     5.6934   -12.3617    46.9797
    12.625     77.625    13.7535    17.3899    7.11336    20.0758    19.0373    20.7403    35.6603   -43.9747    48.6704
    12.625     77.875    9.79251    11.3393    9.87369    20.5866    22.8947    24.7893    39.7865  -0.133093    54.2714
    12.625     78.125    18.8959    16.2389    13.4175     25.006    28.9682    32.8264     37.377    9.26985    72.2937
    12.625     78.375     35.958    45.2837    23.7232    31.7852    34.7961    39.2791    54.4972   -67.3502    70.1322
    12.625     78.625    23.1301    28.0859    20.0304    28.1942    24.0187    25.0553     46.147   -76.2407    55.1793
    12.625     78.875    1.83378    1.07303    14.5668     23.224    26.9041    34.0934    35.8012   -27.4969    76.8836
    12.625     79.125    14.8087    14.9453    23.5322    30.5522    29.0446    31.8277    41.1859   -50.6642    82.2889
    12.625     79.375    -11.903   -16.0423   -7.07531   -2.90329   -5.34984   -7.15087    25.8828   -62.5207    53.4436
    12.625     79.625   -7.89994   -7.46039   -5.19684   -1.88716   -2.77999   -3.26431    30.8834   -46.3758    34.9437
    12.625     79.875   -39.1285   -42.0095   -36.1519   -31.0716   -30.8732   -31.5299   -5.17145   -52.5862    38.7459
    12.375     75.125   -56.3074   -91.7718   -20.9381    3.36577    7.20169     2.1963    93.0933   -33.0112    12.7829
    12.375     75.375   -34.1623   -74.0502   -8.18573    11.2038    6.62752    3.67947    97.8487   -43.5675    13.5948
    12.375     75.625   -36.5478   -25.4916   -35.8272   -5.16256   -3.25489   -11.1853     52.159   -92.4083     3.7225
    12.375     75.875   -12.7779    2.09103   -22.2186   -5.17728    1.48244   -2.59544    19.8133   -46.4982    7.77225
    12.375     76.125   -16.9983    8.18253   -23.1028     3.9546     8.5465    1.12816    14.9382   -67.2655    18.1899
    12.375     76.375   -27.2733    2.72518   -19.8322    12.7979    19.3125    5.36433    15.3849   -35.8951    25.3753
    12.375     76.625    1.17818    10.0593   -13.0655    11.0553      8.208    2.52564    27.8046   -47.0168    30.1579
    12.375     76.875   -24.1531   -36.6088   -31.0723   -17.2975   -15.5152   -20.9313   -2.84025   -29.1388    18.2994
    12.375     77.125   -46.5604   -25.2932   -66.5422   -32.8607   -20.9302   -22.9386   -1.33027   -31.9254    34.6322
    12.375     77.375    -16.244   -10.3877   -24.0516   -9.76677   -11.5874   -18.9988    17.3449   -53.2404    12.0828
    12.375     77.625   -7.09345    2.75049   -22.4362   -4.13609   -3.17171   -10.8489    12.6884   -45.8917    2.97187
    12.375     77.875    11.0992    21.7423   -13.0305    7.73059    8.29925    6.18516    45.2143   -31.4528    25.5173
    12.375     78.125    12.4709      15.81    9.03557    19.4716    22.4247    27.4253    52.6468   -48.3105    50.5334
    12.375     78.375    19.8504    15.2757    22.8689    31.5786    36.6282    42.9423    37.2003   -64.6427    68.7429
    12.375     78.625  -0.301309 -0.0990193   0.349929    5.95281    6.31834    10.1462    33.2126   -65.0097    61.8888
    12.375     78.875   -13.8781   -14.1964   -12.3923   -8.99633   -12.7497   -14.5324    35.6447   -72.2466    43.6154
    12.375     79.125   0.811061   -2.87641    6.71312    11.1134    8.71478    10.0143    36.7752   -60.9873    32.4753
    12.375     79.375   0.961905   -3.65858     5.5016    8.67197     7.3708    8.90512    31.7185   -52.6046    18.4592
    12.375     79.625   -1.13893   -2.93161    2.61447    9.19477    9.54781    9.35416    44.1571    -54.984    28.1204
    12.375     79.875   -1.60149  -0.263823     4.1953    17.2547    23.8423    28.9993    35.9247   -58.6139    30.2522
    12.125     75.375   -43.8716   -98.2079   -10.0802   -2.55051  -0.862332   -7.60989    78.8443   -37.9348    16.4312
    12.125     75.625   -23.8474   -32.6111    -11.189     1.8454    10.0085    7.19981    41.5418   -40.6634    32.5793
    12.125     75.875      -43.6    7.48536   -59.2945    -16.291    2.04675   -10.8719    22.4273   -75.3716    9.67442
    12.125     76.125   -22.4677    -2.0758    -50.802   -16.3119  -0.649991   -8.68269     22.733   -71.9727    38.9727
    12.125     76.375   -20.3763   -3.53735   -27.9219    3.23549     12.585   -2.35042    1.90085    -33.689     25.558
    12.125     76.625   -23.5986   -7.00417   -25.9106    3.53329    19.6667   -3.20546    4.94269   -15.4461    -7.6787
    12.125     76.875   -43.1582   -21.1111   -52.0649   -18.6009   -8.84192   -16.4276    3.35472   -66.4021    13.5527
    12.125     77.125   -3.34064    14.0622   -23.7928    2.67107   -3.18812   0.443154    17.9781   -41.5408    53.4378
    12.125     77.375    6.88034     13.625   -7.15729    7.99433    3.86648    3.09061    37.0134   -64.9728    86.4959
    12.125     77.625   -2.16389    3.02548   -14.3824    2.72005   0.630223  -0.631193    36.1589    -47.763    49.2597
    12.125     77.875   -18.4865   -6.78208   -31.7787    -17.795   -25.9057   -36.9992    16.0945   -17.0448    4.43364
    12.125     78.125    20.3013    29.3217    12.9116    24.9282    19.9654    22.0545    73.0156   -58.3723    51.3914
    12.125     78.375    35.2651    38.0859    30.3413    38.3268    37.3807    42.4349    80.2709   -59.1843    61.9269
    12.125     78.625   -2.86468  -0.389681   -9.25644   -5.00574   -9.51891   -10.7409    38.3328   -55.4196    64.6388
    12.125     78.875   -16.4535   -16.5462   -22.7684   -20.8676   -26.8417   -32.8124    33.8181   -45.6166    52.6463
    12.125     79.125    28.8681    25.5654    19.5195    15.9629     10.853     13.453    60.5076   -60.7102    29.0782
    12.125     79.375  -0.860163    2.43497    2.95559    9.04546    11.1859    13.9736    47.2531   -49.1794    23.5932
    12.125     79.625    7.48569    1.69224    7.45462     13.154    16.7533    20.3408    39.3318   -59.2475    36.6145
    11.875     75.625   -24.5165  -0.876971   -19.8075   -5.98235    9.76912    3.77276    74.0316   -83.3682    14.9129
    11.875     75.875   -50.2206   -52.1556   -35.7972   -18.1981    -7.3156   -15.6866    13.1954   -82.7757    15.1843
    11.875     76.125  0.0612202   -1.44202   -24.0781   -17.9916   -4.59623   -6.66534    20.1112   -74.5175    58.2454
    11.875     76.375   -7.09618    7.51436   -28.9271  -0.967671    28.8964    2.66637    9.77791   -53.5398    54.2726
    11.875     76.625   -8.55659    12.1297   -46.7432    -13.372   -1.80415    -10.011    14.5198   -28.8361    10.8214
    11.875     76.875   -26.7215   -11.8485   -52.6022   -30.9288   -24.2323   -27.3992   -15.9202   -22.8419    4.10695
    11.875     77.125    6.17878    18.0979   -31.6416    4.60174   -5.22578   -6.79773    17.2822   -79.8143    25.7514
    11.875     77.375    3.95453    11.7886   -14.5425    3.71654   -4.56428   -7.36391    30.0038   -21.2814    69.3952
    11.875     77.625    10.0487    14.9251   -3.63576    10.3201    6.29599    6.12772     52.687   -57.6148    56.5803
    11.875     77.875   -5.04361    6.34765   -22.5783   -5.72213   -5.07121   -12.8759    41.2813   -55.0281   -17.5334
    11.875     78.125    18.3845    23.1102    13.5961    31.6609    25.7104    20.8607    74.1375   -60.9679     36.678
    11.875     78.375  -0.379321    1.08529    2.22295    11.2286    5.48691    -1.4114    49.7315   -19.8931   -19.7542
    11.875     78.625   -3.28362   -4.80242   -4.33412    5.04605   -3.05991   -12.5789      43.88   -49.2288    40.6937
    11.875     78.875   -0.67672  -0.222413    -2.3158  0.0945018   -6.19606   -7.43417    50.9431    -57.465    43.5261
    11.875     79.125    13.8739    13.3278     14.322    16.8108    16.9639    18.3478    44.3368   -49.7698     19.257
    11.875     79.375     7.1024    -1.2306     6.6179    11.0357    12.9037    15.3725    34.9325   -54.1466    21.3395
    11.875     79.625    11.9855    2.46627    4.48562    8.70604    12.9985     17.511    27.3486   -58.2236    28.1222
    11.625     75.875   -16.7467   -32.8192   -5.03374     3.9571    12.4301    12.2262    61.2639   -31.2748    44.9719
    11.625     76.125  0.0645196    7.29183   -22.3086   -1.22636    7.96697    14.6627    57.7404   -84.2663    59.3159
    11.625     76.375   -8.71995     14.153   -40.1719   -13.0184    5.47079   -13.5816    20.1367   -62.1308     57.837
    11.625     76.625    9.23422    35.0975   -6.44552    11.5913    27.9726    31.2634    56.8804   -65.4028    12.0396
    11.625     76.875   -38.0683   -18.2409   -54.6779   -51.4455   -43.6634   -43.1271   -29.1317   -63.5743   -2.77479
    11.625     77.125   -37.4948   -22.8913   -50.2363   -42.0777   -42.6485   -47.9173    -19.191   -67.6018    23.9125
    11.625     77.375    10.7758    21.5401   -15.2744    12.1488    9.17142   -12.5124    40.6421   -22.0125    32.4333
    11.625     77.625   -3.71473     2.7025   -20.7831   -1.29494   -2.24258   -16.5833      40.43   -62.7749    45.7977
    11.625     77.875    6.88354    -0.9279    2.34926    14.1793    15.9873    10.8001     53.101   -40.1406    57.7865
    11.625     78.125   -6.94913   -4.97791    -12.576   -4.46878   -8.54244   -12.6892    11.5868   -65.2253    -26.831
    11.625     78.375   -8.24252   -1.13367    -13.397   -6.85154   -9.61871   -13.8871     38.877   -36.8204   -77.2871
    11.625     78.625    18.3672    15.9368    18.2929    23.0068    23.7073    25.7576    70.2689   -58.4407    51.1585
    11.625     78.875   -5.34806   0.836816   -11.1517   -8.89753   -13.0314    -14.709    12.1152   -55.7554    19.1758
    11.625     79.125     35.851    31.5569    30.0955    33.8132    34.8234    37.2192    61.3126   -54.7967    40.6066
    11.625     79.375    4.37458   -6.39416   0.730201    9.41823    7.21154    5.46268    26.4257   -12.9465    16.3341
    11.625     79.625    11.2031    5.03922   0.697984    4.39525    4.64545    6.45562    24.2239   -41.0191    17.8993
    11.375     75.875   -43.0256   -67.4358   -17.5623   -2.75753    9.30412    8.54702    84.0564   -26.0992    17.0127
    11.375     76.125   -21.5231   -29.8936   -7.21448     3.9396    17.5741    17.6708    74.3881   -14.7864    36.9041
    11.375     76.375    -14.675    -12.353   -9.11231    7.04521    26.0488    36.7569     69.232    -86.792    49.7663
    11.375     76.625   -24.1263    3.42548   -35.1788   -8.62685     1.5745    11.5504    71.0135   -63.3262    32.0984
    11.375     76.875    13.7713    27.8605    9.75137    22.9031    32.7237    40.3055    87.0563   -70.7101    26.8714
    11.375     77.125   -10.5874    1.64871   -20.8669   -14.2507   -9.35111    -9.7275    31.2766   -38.2417    56.8056
    11.375     77.375   -21.3606   -7.00162   -39.8923   -22.7817   -15.8967   -24.9524     9.3436   -65.7708    43.7228
    11.375     77.625    16.9291    24.4041   -1.00227    28.2518    24.3077    1.60411    43.3489   -82.7142    59.9829
    11.375     77.875    13.9605    11.3244    15.1158    28.0461     26.917     23.042    55.0682   -76.8092    71.7048
    11.375     78.125    2.50816    4.31923    2.93876    11.7799    8.55571    11.5829     58.713   -54.5451    49.4674
    11.375     78.375    -5.8313    2.12041   -10.8765   -8.53246   -12.4386    -14.361    23.4496   -17.5604    67.9187
    11.375     78.625   -23.9014   -17.7729   -23.9647   -24.3199   -33.8284   -39.7566    3.73551   -52.0207    44.2568
    11.375     78.875   -12.9557   -8.39283   -11.8883   -10.8585   -13.7362   -13.2416    17.0193   -57.1872    44.9997
    11.375     79.125   -2.47636   -1.27058   -5.10987   -2.33707   -2.59905   -2.47353   -7.42269   -54.7314    27.3733
    11.375     79.375    28.9015    26.1562    12.2007    18.3552    19.5636    22.5393    60.7188   -47.5751    24.3184
    11.375     79.625    17.8977    16.5555     1.2706    9.06016    13.2227    17.7854    59.4504    -37.849    21.5404
    11.125     76.125    16.0216   -9.87525    22.5406     36.354    54.4488    61.4502     51.356   -40.9339    29.4832
    11.125     76.375   -9.00802    13.2067   -16.2278     1.6464    20.4467    33.8148    83.1996   -70.5985    22.6852
    11.125     76.625    20.9173    31.1462    18.0854    26.7872    33.5205    40.4288    86.8125   -63.1298    -2.4416
    11.125     76.875    -52.388   -74.1077   -44.9225   -46.2205   -44.2441   -46.5993   -31.9205   -88.7545    30.1442
    11.125     77.125     1.3397    9.33167   -11.7185   -3.44403    9.41356    1.81898    35.3227   -69.4198    58.1647
    11.125     77.375   -8.91283  -0.180558   -24.5937   -19.1912   -9.74421   -11.9701    9.75145   -70.7175    24.9481
    11.125     77.625    2.87405    2.76513   -7.96699    1.97365    10.7244  -0.379904     24.189    -75.599    54.3274
    11.125     77.875    7.03399    7.61922    3.65048    12.2581    16.2081    11.1076    22.6893   -54.5788     9.9184
    11.125     78.125    -33.488   -30.4739   -36.7861   -28.5675   -27.9286   -29.8995   -4.78153   -36.0163     38.104
    11.125     78.375    28.4049    30.2548    17.5545     22.453    26.0913    29.2576    40.3957   -43.8475    65.0845
    11.125     78.625    13.6316    22.4277    12.1953    17.9389    12.9003    15.8058     29.675   -34.5299    74.7098
    11.125     78.875    4.22858    10.4061    5.36674    17.1284    14.9868    15.2255    41.3626   -51.5782    73.3931
    11.125     79.125    25.6245    23.5122    29.5512    41.1735    38.1652    39.9979    36.4856    -39.331    56.8436
    11.125     79.375    8.98878    6.96849    8.81437     21.905    20.6079    25.1972    34.5071   -30.7879    35.6497
    11.125     79.625    9.88559    10.3695    10.7504    19.3814    21.9917    26.1297    24.1457   -41.4695    33.9133
    10.875     76.125   -22.0532    4.95987   -43.4954   -17.0047    8.83527   -1.57013     44.835   -9.51321    21.2667
    10.875     76.375    6.25273    19.4595   -13.1025    3.68729    30.7065    37.7578    84.4702   -50.9649    21.0162
    10.875     76.625    -8.4429    27.5225   -25.1073    -17.469    -15.037   -20.7815    22.7605   -36.9771    27.5397
    10.875     76.875   -30.5587    5.12009   -35.1938     -14.75   -11.3434   -17.8702    17.5064   -42.5893    22.7604
    10.875     77.125   -2.82379    2.04084   -16.8741   -10.1232   -4.29374   -11.5386    6.95501   -65.9393    18.9602
    10.875     77.375     1.6214      3.324   -13.4572   -8.52007    2.60635    0.65906    18.0119   -81.2267    22.1247
    10.875     77.625   -23.5274   -15.7441   -42.0019   -31.4246   -30.5395   -33.3266   -8.03781   -53.0229    32.5638
    10.875     77.875   -10.6592   -9.93471   -27.6305   -16.7987   -7.44354    -4.8496    3.28364   -48.6729    13.1072
    10.875     78.125   -48.3586   -43.7894   -62.8029   -50.6958   -54.4746   -62.5782    -4.9943    -23.467    28.0354
    10.875     78.375    4.78868      7.291  -0.931702    3.00467  0.0215959    3.98412     8.8705   -22.2161    41.9765
    10.875     78.625    17.5046     20.993    12.5787    24.3275    16.8105    23.8463    38.1823   -43.0198    29.3979
    10.875     78.875    14.5734    19.1115    14.9321    22.4791    21.1858    25.1462     36.681   -48.3791    57.1093
    10.875     79.125   -10.3291   -2.54253   -4.51155    7.35279    12.9907     12.123    15.5523   -38.4211     33.749
    10.875     79.375   -7.73353   -6.48158   -7.71295   -2.83117    2.86412    2.22687    20.3807   -39.0854    37.2097
    10.875     79.625    11.7489    14.5342    16.8978    28.8755    37.7426    37.1524    33.7738   -43.5193    40.7985
    10.625     76.125   -53.6245   -38.3714   -36.0823   -22.1166   -5.83236   -4.12144    74.1883   -18.2037    24.1915
    10.625     76.375   -31.8421   -18.9519   -39.4202   -15.7766     13.909    27.1299    82.2036   -49.7067    19.2006
    10.625     76.625   -30.8198   -38.1784   -16.0345   -1.57246    22.3949    25.6978    92.9017   -85.3628    23.0614
    10.625     76.875   -23.5635    3.12219   -21.5018    2.09288    16.5181    21.9335     52.536   -70.7457    30.9904
    10.625     77.125   -8.20083     6.8243   -34.6925   -24.5761   -15.0195   -30.9503   -6.18052   -58.0747    19.8117
    10.625     77.375   -36.7843   -31.6055   -44.4564   -40.1885   -31.0106   -43.2332   -9.37363   -61.5579   -6.56641
    10.625     77.625    1.88824     3.3989   -2.91582    2.12682    3.24647   0.411793    11.6165   -71.2004    32.1575
    10.625     77.875   0.606393    2.54186   -11.2698    -12.636   -7.63061   -5.17673    14.4962   -61.5803    23.7139
    10.625     78.125   -18.9248   -13.6464   -27.6697   -24.0626   -23.5949   -26.6358   -10.1182   -36.2381    2.22304
    10.625     78.375   -47.7249   -38.2192   -62.0897   -63.3669   -59.8331   -58.0381   -45.4524   -28.7855    19.8856
    10.625     78.625   -13.6131   -5.01257   -16.4624      -8.22   -11.0562   -12.5233    2.52616   -46.6773    35.7323
    10.625     78.875   -11.7709   0.616576    -11.728    -0.7551   -1.16728   -1.06217   -1.47517   -55.3153     46.879
    10.625     79.125    32.7452    37.6344    36.8621    48.2363    52.3457    53.0483    58.7324   -32.9494    17.7306
    10.625     79.375    10.7313    12.8081    8.35119    17.9912    24.3523    26.5807    43.9767   -44.1761    38.9373
    10.625     79.625    14.2532    17.4999     12.248    26.1112    36.0229    35.0692    37.4959   -35.1114    51.0025
    10.375     76.375   -26.9975   -51.3698   -13.7209   -7.25645    10.3197      11.32    59.4773   -85.5585    29.3642
    10.375     76.625   -14.6551    -28.275   -4.77901    7.07814    19.0062    16.0377     65.064   -86.7053    21.8294
    10.375     76.875    4.53943    11.0576    2.82172    11.1216    21.4142    23.6627    36.6312   -67.5627    39.5762
    10.375     77.125    -1.9592    7.55952     -19.96   -20.3448   -13.5049   -17.5531    6.52961   -56.8237    9.50231
    10.375     77.375    2.54955    7.80144   -10.7016   -9.54301   -12.1123   -18.6539    1.03613   -53.6153    22.6375
    10.375     77.625    4.26173    7.48424   -14.5837    -6.8669    2.22541   -14.4509   0.650357   -72.6935    28.8039
    10.375     77.875   -34.6741    -24.418   -35.4668   -27.2133   -23.8372   -28.6727   -7.82221   -72.3919     32.131
    10.375     78.125   -8.56848   -3.91107     -12.48   -10.5897   -11.3576   -11.4321    1.70251   -71.6443    37.4664
    10.375     78.375   -5.51884   -5.53335   -5.67628   0.115358    0.80566   -1.00094    6.59717   -54.5546    24.6741
    10.375     78.625   -6.62067   0.638982   -10.5136   -4.71933   -3.00344   -4.78478     11.511   -49.7856    44.8489
    10.375     78.875   -19.6909     -15.05   -25.1523   -23.4935   -21.1276   -19.6152   -13.9437   -45.1809    1.03829
    10.375     79.125    15.3567    16.2196    5.63278    11.2919    11.8728    15.9525    31.9274   -18.7105    38.1527
    10.375     79.375    31.0477    37.0645    19.4478    30.2569    32.0617    34.2012    37.2158   -18.5923    37.1731
    10.375     79.625    5.95802    8.89167    6.48101    17.6993     22.182    24.3006    26.1912    -10.699     28.718
    10.125     76.375   -42.3711   -49.9748   -25.8813   -11.8228   -5.56925   -5.53863    73.2925   -97.9606    14.7963
    10.125     76.625   -9.26682   -13.8495  -0.479184    12.3056    17.4957    16.8098    98.9164   -98.8068    16.6357
    10.125     76.875    22.8263    37.7989    16.2598    25.1413    29.6121    29.9007    98.7191   -58.3207    32.6224
    10.125     77.125   -54.5759   -34.8989   -56.7225   -43.2238   -38.8653   -34.5617   -5.36409   -39.7013    14.8135
    10.125     77.375   -47.7395   -40.1354   -58.1703   -53.3587   -59.6454   -61.8108   -39.9042   -62.1247    4.57344
    10.125     77.625    6.67914    10.0068  -0.751936    3.38074     6.0098    2.78353      10.14   -65.7201    4.66433
    10.125     77.875    8.85651    12.3496     3.3602    4.96174    7.20838    7.21617    28.2481   -70.3458    19.5992
    10.125     78.125    1.72224      5.453   -1.01038    3.75271   0.915952   0.868173    10.8347   -67.5116    25.9542
    10.125     78.375    13.3122    22.0258    10.2843    15.2247    17.5491    20.2296    22.0968    -53.275    55.5114
    10.125     78.625   -12.6794   -11.5581   -12.1544   -10.3573   -12.5709   -11.6543   -4.41556   -61.2499    37.6965
    10.125     78.875    -3.7256   -4.83286  -0.256549    7.14891    2.50842    5.14307    9.44373   -24.2491    58.9677
    10.125     79.125    20.0177    16.5856    14.8618    22.9469    25.4783    27.7198     39.561   -15.3953    60.0854
     9.875     76.625   -46.7756   -58.3832   -29.6681   -7.06522     2.3701   0.185369    70.1781   -49.3018    9.79744
     9.875     76.875    -14.626     -22.43   -6.79597    3.03927    10.3142    9.40569    45.8721  -0.304177    18.7301
     9.875     77.125    -12.677    3.42663   -37.8082   -31.8875   -21.3721   -21.9553   -16.1542   -46.6857     28.315
     9.875     77.375   -16.3907    -9.1071   -20.5492   -15.6173   -14.2572   -17.0168    16.9174   -37.0053    9.33123
     9.875     77.625    0.52218    4.63762   -11.6908   -11.3917   -13.4302   -17.8274    6.16665   -39.4377    30.5816
     9.875     77.875   -1.66851    2.81916   -9.42702   -3.66482   -3.90388   0.865374    3.00253    -75.742    15.4241
     9.875     78.125   -45.0483   -34.2033   -51.2495   -45.0099   -43.0817   -40.9185   -8.89981   -64.3797    13.8816
     9.875     78.375    12.9633    10.7697    14.5694    16.7667    14.4566    16.6837    29.4014   -61.1115    31.4788
     9.875     78.625    16.6683    17.5005    25.2711    28.6197    27.4914    30.1611    37.2741   -43.9641    24.3192
     9.875     78.875    5.61311    3.15069    10.9068    21.4343    18.5662    21.9731    28.5938   -43.6413    21.0079
     9.625     76.375   -31.7011   -14.3131   -33.0456   -19.2175    1.33562    6.72359    92.3136   -20.5598     12.665
     9.625     76.625   -28.0833   -31.7719   -15.5019   -1.12388    10.8352   -1.43052    98.5379   -0.31184    17.0402
     9.625     76.875    1.43661   -4.88502     5.9795    21.2641    32.1107    34.7827    63.2363    36.7898    47.0376
     9.625     77.125   -20.2369   -10.1984   -34.6644   -24.9083   -25.5843   -21.7225   0.890247   -70.3809    40.7635
     9.625     77.375   -14.4108   -4.40861   -15.4474    -13.112   -8.99508   -14.1629    2.32965   -60.4051    1.73532
     9.625     77.625   -53.2953   -45.9256   -64.4986   -64.8658   -56.2656   -60.6698   -5.58656   -29.5457    1.22996
     9.625     77.875     20.521    24.4267    16.8946    16.5351    16.2415    19.8301    22.5751   -67.4231    27.1864
     9.625     78.125   -14.6837   -9.50116   -15.0846    -13.315   -17.0451   -14.6022    9.73814   -60.6899    21.9241
     9.625     78.375    1.40468    1.50413   -5.04819   -2.07344    2.55726     2.1395    23.8693    -80.454    36.2112
     9.625     78.625    7.29687    9.67952    9.50717    15.5262    16.7338    17.5812    35.1209    -72.887    40.2011
     9.375     76.625   -13.3249   -16.3623   -6.27523    8.17228    18.8601    2.30412    85.9605   -5.37776    18.8938
     9.375     76.875   -8.71876   -18.7591   -4.12029     9.7692     20.504    16.6743    63.5942    11.4342    33.0043
     9.375     77.125   -19.3442   -6.49974   -24.3646    -14.174   -10.1836   -3.79316   0.123705   -69.9119    5.71158
     9.375     77.375  -0.378015    6.66528   -13.0115   -4.81778   -4.40481   -9.21674    2.86086   -41.2891    30.3703
     9.375     77.625   -9.57688   -1.15206   -14.3588   -6.46822   -2.63493   -4.71811    11.5864   -28.7637    3.11961
     9.375     77.875   -4.51927   -5.07183   -8.13853  -0.546673    3.84101    4.02896    7.88087   -38.7636   0.550167
     9.375     78.125    2.34393    4.93467    1.52245    1.20135    -2.7986    1.56357    8.48451   -54.6295    14.4232
     9.375     78.375    7.55735    8.79368    4.78975    5.80557      3.871    5.62979    20.7817   -42.3233    40.7276
     9.375     78.625    2.56194    3.11821  -0.547524    1.36625    5.77999    9.49459    9.93178   -13.8399    15.5319
     9.375     78.875    37.1625    32.4813     36.258    39.4362    40.6012    47.2023    53.6659   -14.4214    14.6488
     9.125     76.625    9.37213    10.7717    11.9952    4.97889    23.6399     2.6952    68.6895   -7.46725    14.6579
     9.125     76.875  -0.549707   -2.44898   0.696011    5.29806    11.2351    13.4284     18.121   -69.4597    44.6661
     9.125     77.125   -11.3276       2.43   -11.1663   -4.91933    4.16817    6.87741    5.54731   -57.5966    12.0191
     9.125     77.375    1.34354    12.3151    1.79498    13.0653     18.567    10.7072    14.5013   -65.8067    22.5044
     9.125     77.625    1.62353    10.5374   -7.91052  -0.490513   0.920789   -4.59741    20.0112   -19.9715    7.84643
     9.125     77.875   -25.2544   -20.1286   -28.5656   -23.8203   -20.6434   -15.5456   -2.11214   -39.6537    11.4456
     9.125     78.125    5.12735    5.04078    4.43148    2.46408    1.29163    1.66505    7.03026   -52.5365    6.18843
     9.125     78.375    -3.9927    -7.5768   -2.43566    -1.3667   -5.76516   -17.1718    -1.4824   -38.6679    34.0496
     8.875     76.875   -16.0204   -18.9342   -10.8209  -0.479739    1.28768    3.62621    40.9433   -7.75133    50.9682
     8.875     77.125     22.937    23.0245    15.5097    18.2885    32.2507    33.3805    23.1352   -74.2084    34.8018
     8.875     77.375    7.91291    19.5232    7.10408    15.4538     23.508    15.9732    17.4778   -67.2793    20.0846
     8.875     77.625    6.57508    13.1149    4.54773    10.4779     19.566     13.108    21.8157   -61.0048    7.52455
     8.875     77.875   -26.3526   -27.1764   -26.6261    -20.692   -18.9304   -19.1935   -11.4527    34.6623     -9.639
     8.625     76.875   -17.2487   -18.5259   -6.67787   0.401311    7.05352    8.05311    5.89614    -87.661    33.4035
     8.625     77.125    7.78194    23.0842   -1.18012   -5.38016    5.62979    20.3398    37.4157   -40.4817    22.1356
     8.625     77.375    1.50656    10.9393   -7.73465   -7.76773    10.8088    11.4312    17.5094    -34.357    25.1631
     8.625     77.625   -4.74957    0.99868   -16.6894    -11.284    3.33853   -4.40717    12.5229   -38.2964    19.2948
     8.625     77.875    19.2231    21.4528    2.69499    3.42166    9.66425    1.56869    15.2997   -24.0658    24.2971
     8.375     77.125   -47.1256   -42.6476   -44.4572   -37.5325   -30.7215   -30.8779   -4.29501   -85.8735    11.9661
     8.375     77.375    3.69603      9.288   -3.01724   0.177441    11.3597    6.81302    7.63313   -56.4627    17.7814
     8.375     77.625    47.3258    46.4255    36.6335    35.0483     40.937    37.0379    33.8304   -47.7152    21.9204
     8.375     77.875    15.2881    11.3087    15.3457    21.6236    30.7765    31.5364    13.7932   -25.4873    17.6149
     8.125     77.375    9.08572    12.6357    0.32043    1.38007    8.94315    10.9097    8.38154   -50.1039    18.9886
