    36.875     73.875   -9.43908   -20.3624   -6.31837    11.5959     15.212    25.1561    10.4379   -66.8689  -0.962188
    36.875     74.375   -21.4543   -44.8508   -10.7653    28.7195    29.3441    9.52875   0.583929    -24.222    6.31135
    36.875     74.625   -28.2919   -31.7447   -54.6991   -29.7059    10.5731     4.8409   -11.3134   -75.0715   -18.2657
    36.875     74.875   -32.1669   -35.5016   -58.0529   -26.0787   -8.82524   -12.3449   -23.6562   -64.3338   -22.6074
    36.875     75.125    -36.211   -38.4681   -56.0171   -50.4682   -59.0403  -0.992947   -34.5724   -32.7392   -20.2486
    36.875     75.375    -38.296   -48.1891   -35.8384   -18.8339   -17.1953   -44.3423   -46.7884 -0.000631372   -10.6315
    36.625     73.375   -2.63751   -17.4536    5.36595    21.2548    24.1201    29.7639    14.7864   -48.3652   -0.33099
    36.625     73.625   -15.4374   -30.7684   -10.8027      9.282    12.9656    20.9571    6.80028   -58.6432   -5.41117
    36.625     73.875   -25.5654    -36.372   -22.8518  -0.613958    1.19636     5.9343   -7.68087   -59.9433   -14.2202
    36.625     74.125   -46.8968   -55.6685   -50.5345   -27.4112   -27.3234   -20.2857   -29.6204   -63.2642   -40.7274
    36.625     74.375   -43.3868   -43.9041   -63.5931    -54.909   -46.9421    9.47923   -24.0988   -34.4442   -15.7769
    36.625     74.625   -24.4532    -28.134   -39.0686   -26.5811   -35.6111   -34.5733   -14.7687   -26.6016   -23.5892
    36.625     74.875   -52.3103   -53.0697   -59.1837   -47.9608     -57.57    -55.902   -46.7865   -16.1411   -43.1527
    36.625     75.125   -23.2768   -25.9036   -55.5778   -53.1225   -43.9201   -4.97373   -23.4044   -32.3428   -23.3759
    36.625     75.375   -30.4638   -35.0587   -51.9259   -47.2095   -75.1571   -26.6041   -32.0331   -16.3887   -17.4236
    36.625     75.625   -51.5887   -48.7939   -83.0239   -61.3281   -49.4857   -53.2027   -51.2139   -21.8636   -32.8047
    36.375     73.125    5.21108   -2.08694    9.25796    29.6232    34.6076    43.0116    26.9021   -54.2691    13.5462
    36.375     73.375    21.7254    16.6386    26.9733    45.0899    54.2939    61.8547    43.4024    -63.978    9.23869
    36.375     73.625    13.9447    5.61137    20.4757    25.9737    22.8652    29.0534    25.8606   -76.9353    10.7026
    36.375     73.875     3.0143  -0.628742    6.66869    19.5833    15.5669    5.20316    13.2819    -79.205     7.9126
    36.375     74.125   -24.6705   -31.3511   -31.3963   -14.6978   -19.6416   -14.9458   -5.71721   -35.5468   -24.6892
    36.375     74.375   -30.0122   -32.5559   -41.0582   -34.4607   -33.6967   -2.20546   -17.0709   -23.2049   -12.1163
    36.375     74.625    -12.961   -16.7299   -27.2317   -17.4158   -33.3919   -34.3058   -4.49817    -19.885   -19.0841
    36.375     74.875   -34.5987   -35.8296   -43.9504    -38.907   -48.7212   -44.8292   -30.9671   -23.5743   -21.2399
    36.375     75.125   -67.9174   -70.7876   -96.9996   -78.7638   -45.5174    5.24479   -47.6022   -14.3776   -19.4718
    36.375     75.375   -42.3218   -43.0891   -58.8821   -53.2367   -67.0767     -63.37   -36.2253  -0.181091   -42.7082
    36.375     75.625   -59.8315   -58.9347   -75.9528   -76.6982   -93.8529   -64.0903   -49.3649   -2.20833   -33.4671
    36.375     75.875   -65.2811   -61.5299   -71.9464   -68.7829   -82.7086    -82.328    -48.527    11.1564   -54.2529
    36.375     76.125   -65.2746   -57.0773   -67.6713   -64.5949   -75.7321   -75.5481   -43.5555     19.785   -67.8756
    36.125     72.625   -25.3382   -35.1187   -13.1701    9.68844     17.233    22.5897     5.3183   -26.3028   -15.6388
    36.125     72.875   -19.8802   -32.8691   -5.04819    14.7323     21.333    25.6885     6.3249   -34.2568   -13.3721
    36.125     73.125   -12.0827   -25.7201    1.56193    19.3049    23.3786    28.4363    7.21459   -31.9883   -16.6417
    36.125     73.375   -24.2301   -32.2512   -13.7905    4.78291    7.46231    18.7896   -9.19962   -38.8271   -10.8303
    36.125     73.625    -13.135   -20.3474   -11.2051     2.6487    7.30243    4.61431    2.10814   -37.4222   0.168543
    36.125     73.875     -12.54   -15.0311   -7.80295    2.35146   -1.43687   -0.71189   -6.40677   -60.0583    5.06929
    36.125     74.125   -24.2113   -27.1151   -25.0019   -18.2868    -21.827   -14.9207   -16.2451   -26.5544   -12.0297
    36.125     74.375   -26.3666   -27.3771   -33.5558   -28.2622   -46.4928   -47.2493   -26.6045   -24.1729   -24.0914
    36.125     74.625   -5.79059    -10.485   -40.8371   -53.7845   -45.2845   -22.6979   -4.39701   -22.1516   -5.08151
    36.125     74.875   -14.7352   -17.2993   -31.2884   -24.3602   -38.7067   -37.9939   -13.2331   -11.8119   -26.1161
    36.125     75.125   -36.6187   -38.4005   -54.5885   -48.3121     -63.31   -60.6594   -32.4224  -0.527001   -37.3857
    36.125     75.375   -49.6828   -48.2508   -63.0503   -61.1924   -78.6107   -77.3846   -38.5454    1.57258   -29.8023
    36.125     75.625     -69.41   -63.4386   -77.5142   -78.0508   -97.0493     -85.58   -48.5883    5.85579   -41.4262
    36.125     75.875   -68.1055   -61.8072   -70.4005   -66.4377   -76.9904   -77.5603   -43.9658    15.7625   -57.2115
    36.125     76.125   -58.9953    -53.167   -60.4932   -58.3118   -67.1187   -70.0833   -36.5318    18.4718   -57.2216
    36.125     76.375   -54.3841   -47.9291   -55.2461   -52.6201   -60.2575   -63.1727   -39.0492    24.6992   -50.1505
    36.125     76.625   -67.3642    -57.875   -69.4716   -67.6342   -75.6852   -79.1155   -57.3916    12.9796   -58.5212
    35.875     73.125    8.34958   -1.67738    12.4176     32.548     51.577    47.0145     24.282   -34.5693    6.63287
    35.875     73.375    -27.187   -34.5135   -22.8437    6.60354    40.5264     23.766   -10.3952   -41.3885   -8.82396
    35.875     73.625   -37.2392   -42.1583   -29.8405    7.27584    17.6203   -13.4736   -29.4733   -14.6289   -5.12529
    35.875     73.875   -43.7099   -45.5383    -38.192   -12.7385   -9.72871   -25.9947   -48.4982   -5.90046   -9.20379
    35.875     74.125   -34.9416   -36.8549   -36.2639   -33.8461   -31.8161  -0.824783   -30.2278   -12.6528   -10.6457
    35.875     74.375   -68.1993   -63.9438   -76.0236   -76.5267   -86.6481   -83.7316   -66.2705   -24.9789   -37.6441
    35.875     74.625   -5.93029   -4.24119   -17.2458   -16.4925   -39.0215   -44.0085   -8.46727   -15.0151   -11.7879
    35.875     74.875    -8.1266   -8.03782   -19.7083   -16.2148   -29.7166   -28.4109   -9.64491   -8.80839   -22.3952
    35.875     75.125    -50.485   -51.4725   -65.4403   -62.6971   -86.2971   -82.3562   -42.1179    2.36018   -32.4414
    35.875     75.375   -74.2333   -70.1878    -78.398   -79.1321   -87.8573   -87.6109    -61.377    21.1443   -67.7732
    35.875     75.625   -63.6947   -59.7415    -65.002   -63.7494   -74.1273   -78.4262   -48.4081    18.7201   -60.5771
    35.875     75.875   -58.1178   -55.3693   -59.6662   -58.5858   -68.9476   -74.4486   -40.8356    21.6783   -41.4375
    35.875     76.125   -43.8794    -41.905   -44.5618   -42.5248   -50.7665   -57.9544   -26.0396    21.2966   -44.8214
    35.875     76.375   -53.3742   -51.1038   -54.5391   -52.4576    -59.723   -65.2309   -42.5473    18.4424   -46.3435
    35.875     76.625    -72.565   -67.8216   -75.0606   -74.7139   -84.8359   -93.6099    -64.918    2.63223   -40.0422
    35.875     79.375   -23.0721   -21.9998   -27.5779   -28.8009   -31.1931   -31.0482    -21.449   -26.8486    -20.376
    35.625     73.375   -46.4004   -44.4755   -47.0561   -44.2993   -52.8795   -44.4632   -44.6958   -27.8475    5.24902
    35.625     73.625    -32.289   -29.3709   -33.0938   -34.1954   -45.2731   -38.5855   -36.5476   -29.5738    4.97961
    35.625     73.875   -33.9268   -31.0492   -32.2606   -28.8463   -38.0926   -43.6618   -35.3003   -29.9772    3.15256
    35.625     74.125   -59.1081   -55.7042    -70.028   -70.9269   -57.6234    -33.269   -61.4994   -34.4514   -22.3794
    35.625     74.375   -57.8772   -53.4094   -73.5463   -68.5367   -54.3793   -54.2984   -61.1148   -33.0225   -27.2879
    35.625     74.625    -42.017   -40.4742   -46.6322   -43.7658   -61.0706   -61.9223   -45.3841   -17.5228   -37.7751
    35.625     74.875   -8.74395   -11.7614   -35.7531   -64.3035   -60.9061    -43.791   -27.3187   -13.3917   -10.3117
    35.625     75.125    -70.223   -68.0818     -73.18   -73.4389   -81.5468   -81.2596   -61.8923    21.9405   -63.6537
    35.625     75.375   -78.4949   -77.4095   -80.4541   -81.7179   -87.4287   -88.4917   -70.5639    39.3613   -74.5182
    35.625     75.625    -64.213   -64.7048   -65.2802   -65.9941   -72.2393   -75.8981   -60.3704    39.6654    -60.124
    35.625     75.875   -60.9975   -61.3903   -62.4386   -63.2773   -71.1702   -74.9115   -50.7473    37.6987   -54.9641
    35.625     76.125   -50.2071   -50.9415   -50.4139   -47.4215   -55.0981   -60.1992   -30.6187    26.8029   -53.0003
    35.625     76.375   -68.5669   -68.5056   -70.0976   -68.6477   -76.5503   -81.4745   -58.4321    7.45204   -55.3743
    35.625     76.625   -57.8595   -56.6759    -59.063   -58.3465   -67.0697   -73.5758   -50.1943   -19.6911   -28.1458
    35.625     76.875   -18.2303   -16.6692   -18.4818   -18.0625   -21.2154   -23.1559   -14.7573   -10.9982   -5.79466
    35.625     77.125   -11.7795   -10.3313   -11.5407   -11.3382   -13.9518   -15.6681   -8.54356   -7.76576   0.385073
    35.625     78.375   -25.6233   -24.9866   -28.8724   -30.0219   -33.1146   -32.9202   -23.5064   -28.9843   -20.4089
    35.625     78.625    -39.764   -39.5076   -47.1514   -49.2603    -52.753    -51.288   -37.8882   -50.7648   -39.9261
    35.625     78.875   -45.4828   -45.4541   -53.3027   -55.5479   -58.8552   -57.1126    -43.608   -57.2453   -44.0685
    35.625     79.125   -49.8906   -49.6723   -58.8887   -61.6273    -64.684   -62.7687   -48.4022   -64.3855    -53.141
    35.625     79.375   -24.7171   -25.2142   -30.5216     -32.16   -34.6426   -34.4033   -23.4446   -30.7782    -26.923
    35.625     79.625   -30.4543   -30.9407   -37.5489   -38.5669   -40.6631   -40.7521   -31.5596   -34.0586   -34.4283
    35.625     79.875   -21.7038   -22.5616   -27.2324   -28.4206   -30.8155   -31.7454   -24.5675   -17.4658   -24.7543
    35.625     80.125   -16.8237   -17.7785    -20.642   -21.4101   -23.7184   -24.8499   -19.5318     -3.957   -20.0074
    35.375     73.875   -67.7671   -63.4886   -70.4479   -68.2507   -78.6062   -80.0049   -59.1057   -14.2403   -24.1449
    35.375     74.125   -63.8673   -58.1543   -69.1253   -68.0273   -78.7748   -77.3738   -54.1718   -18.1509   -22.5518
    35.375     74.375   -65.0001   -60.3615   -71.3987   -71.0228   -82.7483   -80.5618   -57.4139   -19.8674   -22.0348
    35.375     74.625   -39.9556   -40.5365   -57.5936   -55.3943   -61.7636   -27.9081   -38.3395   -7.91805   -11.2017
    35.375     74.875   -39.4971   -39.4736   -49.0461   -48.5921   -58.8117   -54.7312   -33.3161   -4.13508   -12.9085
    35.375     75.125   -45.0183   -51.9533   -55.7693   -52.0402   -66.7244   -66.7288   -37.9425    12.7356    -33.789
    35.375     75.375   -75.7809   -75.8306   -78.1819   -78.3686   -83.7408   -85.4711   -68.5896    34.5511   -74.2589
    35.375     75.625   -55.9157   -57.0667   -58.2085   -59.6645   -65.0805   -67.6882   -55.7499    42.9008    -56.248
    35.375     75.875   -58.8903   -59.9654   -61.2884   -62.6552   -70.5944    -72.205   -50.4519    53.9347   -61.9954
    35.375     76.125    -53.929   -55.8442   -56.3024   -55.8831   -62.1664    -64.022   -39.6782    27.2427   -52.7667
    35.375     76.375   -52.8998   -54.4215    -55.709   -54.6525   -59.9197   -59.8206   -40.3598   -21.1274   -45.9399
    35.375     76.625    -17.375   -17.6864   -18.1094   -17.6333   -20.5928   -21.2963   -13.7891   -11.5935   -8.45149
    35.375     76.875   -11.2745   -10.9581   -11.0111   -10.7297   -13.3468    -15.199   -8.03147   -5.65104    1.72553
    35.375     77.125      -8.39    -8.2182   -8.25665   -7.77546   -9.72252   -10.3601   -5.82489   -4.30852    3.20115
    35.375     77.375   -10.5046   -10.0598   -10.7115   -11.4928   -14.7303   -12.6474   -7.87408   -6.19139    7.88331
    35.375     77.625   -19.3032   -18.6361   -19.5177    -20.035   -23.5012   -24.8285   -16.3742   -17.5574   -9.42968
    35.375     77.875   -20.3666   -19.5711    -22.201   -22.7331   -25.4541    -25.844   -17.7072   -20.7215    -12.173
    35.375     78.125   -22.1744   -21.7893   -25.7956   -27.4174   -32.7789   -32.9398   -20.2504   -25.6927   -19.5467
    35.375     78.375   -21.7576   -22.0947   -25.8636   -27.8535   -32.8756   -33.0825   -20.5169   -25.6342   -19.8473
    35.375     78.625   -25.4587   -26.2175   -34.1328   -37.4742     -42.17   -39.6805   -24.1709   -36.5793   -30.5956
    35.375     78.875   -24.1754   -25.7261   -33.2217   -36.8017   -42.3374    -41.607   -23.3101    -36.088    -33.057
    35.375     79.125   -23.8691   -25.0268   -31.9634   -34.2484   -37.5308    -36.991   -22.5762   -35.3192   -32.9582
    35.375     79.375   -14.3165   -16.4389   -19.1836   -20.0753   -22.6331   -23.2977    -15.304   -20.9865   -18.9203
    35.375     79.625   -8.74426    -11.702   -11.3066   -11.6801   -14.0623   -15.5512   -11.1789   -7.20332   -10.7478
    35.375     79.875    -17.667   -21.0263    -27.369   -28.9906   -32.9604   -33.4933   -22.6798   -21.4427   -34.4054
    35.375     80.125   -15.8508   -18.9369   -24.5168   -25.2997   -29.5383   -30.1957   -21.2859   -21.4787   -34.4325
    35.125     74.375   -43.0295   -42.0977   -60.3423   -65.0482   -72.6433   -18.7138   -39.5583   -6.31702   -9.36301
    35.125     74.625   -22.8433   -24.0411   -36.6304   -36.7573   -57.9533   -32.1125    -20.823   -9.88726    -2.1438
    35.125     74.875   -20.1765   -23.5616   -29.4418   -29.3401   -44.7037   -44.3819   -23.6828   -10.9777   -2.53351
    35.125     75.125   -42.3855   -45.8213   -56.5012   -59.6317   -50.9667   -39.3406   -45.1922    4.98384   -20.7214
    35.125     75.375   -63.5662   -63.1013   -66.6591   -67.1823   -81.5325   -61.4891   -59.4201    19.2497   -44.1729
    35.125     75.625   -50.2899   -51.9213   -51.9564    -54.246   -61.1301   -64.1888   -51.9622    40.5319   -49.5977
    35.125     75.875   -60.0304   -61.8987   -60.2639   -63.4107   -69.1783   -68.5697   -46.5999    56.6358   -64.9299
    35.125     76.125   -41.1107   -42.9767   -44.1414   -46.6158   -52.0308   -54.2581   -33.6635      13.65   -51.4611
    35.125     76.375   -20.8345   -21.1634   -20.7296   -19.8301   -22.8081   -22.0199   -10.4291   -35.9883   -15.0732
    35.125     76.625    -26.184   -26.6669   -27.6921   -27.7562   -30.7122   -31.6434   -21.7874   -26.6334   -16.0325
    35.125     76.875   -11.2732   -11.5889   -11.6439    -11.552   -14.1438   -14.7655   -8.10131   -9.62917   -3.37919
    35.125     77.125   -11.4251   -11.8336   -11.3205   -11.2671   -13.9361   -15.7351   -8.22262   -6.96958    3.28428
    35.125     77.375   -9.42256   -9.89448   -9.40545    -9.2951    -11.217   -12.0032   -6.62958   -5.28838     1.5739
    35.125     77.625   -9.42769   -9.82769   -9.47871   -9.35291   -11.2678   -12.5409    -6.5869   -4.72209    4.10301
    35.125     77.875   -15.8911   -16.1562   -16.7673   -17.4766   -19.3914   -20.5666   -13.1699     -13.64   -3.84275
    35.125     78.125   -14.1523   -14.6266    -15.543   -16.0361   -18.0525   -18.2402   -12.1708   -13.2002   -6.23791
    35.125     78.375    -18.115   -19.2601   -18.9749   -19.9117   -23.1044   -24.0909   -16.7014   -16.2795   -9.61422
    35.125     78.625   -19.1257   -20.5108   -24.8138   -26.5609   -29.7741   -29.0728   -18.5162   -25.7275   -20.8912
    35.125     78.875   -19.2122   -20.6815   -25.7827   -27.3228   -30.6902   -30.2055   -21.2002   -31.1389   -21.4357
    35.125     79.125    -17.705   -19.5366   -25.8865   -27.6637     -30.66   -30.6887   -19.9113   -32.5878   -29.5099
    35.125     79.375   -13.9824   -16.5877   -20.2548   -21.4217   -24.2166   -25.0378   -17.5501   -23.8314   -23.3354
    35.125     79.625   -12.5533   -16.2178   -18.7532   -19.6682   -22.6033   -23.6309   -16.7037   -13.3445   -23.0738
    35.125     79.875   -14.8179    -19.167   -21.0976   -21.6634   -25.1439   -26.3505   -18.8789   -4.52067   -26.8593
    34.875     74.125   -71.1489   -68.3321   -72.8115   -71.3884   -87.7844   -86.1979   -68.0431    -6.7823   -22.2699
    34.875     74.375   -56.5629   -52.6856   -62.5084    -62.427   -75.6234    -75.328   -53.4028   -9.99624   -22.6571
    34.875     74.625   -23.2115    -23.981   -32.2684   -31.3456   -40.9119   -39.0706   -22.7217   -15.7306   -13.2947
    34.875     74.875    -12.563   -14.9632   -19.3448   -19.6394   -26.5961   -23.0942   -12.0523   -16.3007   -3.55075
    34.875     75.125   -9.20626   -15.4694    -19.068   -17.2326   -25.3046   -25.0609    -12.251    1.44177   -12.6892
    34.875     75.375   -58.9211   -64.4029   -62.7423   -62.7638   -67.6702   -69.9306   -58.4763    25.9377   -59.8432
    34.875     75.625   -42.6962    -45.954   -45.4316   -45.4294   -50.7751   -53.8493   -40.5184    30.1026   -47.4349
    34.875     75.875   -44.4717   -47.1831   -47.7308   -48.1952   -53.8487   -56.5377   -36.5745    38.7229   -47.7457
    34.875     76.125   -50.0148   -52.8242   -58.3826    -58.509   -61.3989   -65.8011   -42.0687     24.131   -52.1621
    34.875     76.375   -20.3822   -21.8513   -19.7285   -21.0259   -24.6129    -25.475   -12.1596   -36.5212   -15.3437
    34.875     76.625   -40.7063   -41.3715   -43.4992   -44.1138   -49.0267    -48.889   -34.7539   -44.9622   -29.9449
    34.875     76.875   -27.6468   -27.8368   -30.1245   -31.3484   -35.5387   -35.8794   -23.6055   -30.6808   -21.4168
    34.875     77.125   -24.4711   -24.7568   -26.7675   -27.9607    -31.785   -32.1784   -21.0284   -27.2462   -18.3824
    34.875     77.375   -17.6875   -18.0945   -18.6056   -19.6111    -22.259   -23.7209   -14.7722   -15.1476   -4.59748
    34.875     77.625   -8.88363   -9.46514    -9.1126   -9.15801   -11.5905   -12.9921   -5.98391   -4.27838     7.5872
    34.875     77.875   -9.92256   -10.4494   -10.5103   -10.7182   -13.1476   -13.6564   -6.95722   -4.93343    6.34661
    34.875     78.125   -8.06357   -9.09936    -9.4597   -9.79559   -11.4981   -11.5602   -6.00522   -7.85344  -0.857346
    34.875     78.375   -14.1524   -15.8255   -15.3607   -16.0731   -18.6651   -19.8687   -14.0954   -13.8386   -8.18714
    34.875     78.625   -13.8941    -14.788   -18.9944   -19.0155   -20.6405   -20.9405   -14.1857      -18.3   -10.8217
    34.875     78.875   -29.8362   -31.0608   -36.5208   -37.1684   -38.4318   -37.9476   -31.1623   -43.9625   -37.8778
    34.875     79.125    -33.351   -34.7976   -40.9424    -42.351   -43.9108   -44.0806   -34.6566   -47.3357   -43.2744
    34.875     79.375   -10.2929   -12.1696   -14.0966   -14.5821     -16.23   -17.0093   -11.5782   -6.50403   -13.6573
    34.875     79.625   -44.0035   -45.9493   -54.8908   -57.0451   -60.3901   -60.9716   -51.8665   -38.2659   -62.8839
    34.875     79.875   -43.5121   -45.2795   -53.1131   -54.4998   -58.3438   -59.1565   -51.4937   -17.6581    -60.058
    34.625     73.875   -81.0772   -80.4737   -85.5378   -83.4884   -94.8402   -91.1975   -78.2678   -10.5321   -27.5336
    34.625     74.125   -26.7012   -24.2424   -21.5594   -12.0152   -22.0229    -18.033   -22.9368     -8.645   -10.1414
    34.625     74.375   -12.7103    -12.583   -16.4605   -13.3123   -26.9946   -22.0573   -10.9256    -7.8851   -8.08583
    34.625     74.625   -20.8905   -21.6214    -25.797   -27.9069   -38.0184   -35.7432   -25.8906   -16.4276   -1.99918
    34.625     74.875    -14.344   -16.9537   -19.0911   -20.4063   -25.9063   -22.3983    -14.521   -23.9695    17.4109
    34.625     75.125    14.8977    9.53926    5.72283    5.70216    1.54317    3.08927    5.55119   -4.03898    19.8749
    34.625     75.375   -37.3922   -43.7171   -43.6741   -43.4323   -49.5829   -51.0876   -38.3802    15.1171   -40.2848
    34.625     75.625   -49.7992   -53.2137   -53.4125    -53.565    -57.246   -58.5814   -47.3791    37.0957   -50.6864
    34.625     75.875   -45.6627   -48.8136   -48.8641   -50.2358   -53.6243   -54.9588   -43.6104    47.1472   -49.2396
    34.625     76.125   -55.0744   -58.8277    -62.035    -62.404   -65.7184    -67.864   -44.9474    43.5805   -56.2255
    34.625     76.375   -40.0197   -42.5802   -41.5134   -41.7498   -46.0846   -44.0243   -24.3188   -64.8498   -29.6763
    34.625     76.625   -41.7691   -42.4476   -45.5363   -46.8471   -52.1718   -52.0183   -37.0582   -48.9643   -29.6248
    34.625     76.875   -16.1069   -16.6472   -17.1256   -17.5506   -20.7595   -21.9197   -12.9253   -14.3847   -5.66707
    34.625     77.125    -26.659   -26.9693    -29.026   -30.5924   -34.4249    -34.814   -23.7847   -29.4583   -20.4345
    34.625     77.375   -25.7523    -26.152   -28.7665   -29.9488   -33.5336   -33.8049    -23.097   -28.6823   -19.9318
    34.625     77.625   -12.3533   -13.8893   -13.2125   -13.8528   -16.2196   -16.6751   -10.4099   -13.8699   -5.35867
    34.625     77.875  -0.360585   -1.15463  -0.314795  -0.185509   -2.31749   -3.83338    3.43738    7.13934    19.7464
    34.625     78.125    -2.7571   -4.00895   -4.22247   -4.60236   -6.31561   -6.95076   -1.86164   -2.44201    4.48929
    34.625     78.375   -7.13507   -9.85007   -9.38615   -9.90871    -12.437    -13.265   -9.87363   -12.7337   -7.53311
    34.625     78.625   -9.30236   -10.9489   -13.9747   -14.4324   -15.6516   -15.9221   -11.9718   -20.0983   -14.8062
    34.625     78.875   -17.3416   -18.9334   -22.0334   -22.7764   -24.2436   -24.8415   -20.8538   -27.4791   -23.5071
    34.625     79.125   -40.5709   -42.2373    -50.134   -52.5422   -54.7497    -55.355    -46.772   -57.5378   -58.0397
    34.625     79.375   -48.7847   -50.3768   -59.7205   -62.1126   -65.2769   -65.7833   -55.2127   -49.2956   -69.1839
    34.625     79.625   -33.5854   -35.6996   -41.9301   -43.0357   -46.2928   -47.0443   -40.0264   -14.1137   -49.3321
    34.375     73.625   -49.7945   -52.6702   -55.3258   -55.5279   -64.4102   -67.5757   -56.0648    -25.171    1.73847
    34.375     73.875   -46.6037   -47.0994   -49.0644      -47.2   -56.9019   -59.1836   -46.1871   -20.7566   -3.04357
    34.375     74.125   -21.6657   -19.9962   -13.5997   -3.34309   -13.9023   -7.85999   -19.2098   -13.5745   -12.2471
    34.375     74.375  -0.834583  -0.798369   -7.27486    -4.1672   -19.6777   -12.8046  -0.409769   -4.70447   -3.26016
    34.375     74.625    5.92632   -1.58727   -5.85361   -3.73398   -12.0081   -3.21001  -0.210125   -11.1458    9.22265
    34.375     74.875    27.9553    7.59955    16.2555    12.6312    7.09938    6.25558    13.7109    -16.452    4.02968
    34.375     75.125    20.4594     7.6307    2.59984    2.42348    2.01751     -0.618    2.78642   -10.5755     32.735
    34.375     75.375   -4.96665   -14.0943   -14.3594   -14.6495   -20.1891   -16.3895   -15.1666   -1.30166   0.408069
    34.375     75.625   -50.6737   -52.4748   -55.8375   -60.4279   -64.8683   -54.3985   -52.8579    28.3676   -46.7288
    34.375     75.875   -43.0443   -44.3187   -48.0672   -54.5438   -57.2455    -50.611   -47.8883    40.0447   -51.1081
    34.375     76.125   -56.6352   -60.5714    -62.532    -63.558   -68.2776   -70.1624   -49.8697    49.4227   -55.8587
    34.375     76.375   -42.1599   -44.2319   -43.8073   -44.0401   -48.3067   -46.7553   -25.9335   -66.8278    -29.644
    34.375     76.625   -47.1533   -48.1903   -49.5549   -53.8608   -58.3373   -56.3753   -43.9734    -42.725   -29.2797
    34.375     76.875   -26.4853   -27.1468   -29.3625   -30.9968   -35.0869   -35.3205   -23.1381    -29.853   -19.2794
    34.375     77.125   -20.5557   -20.8435   -21.2934   -22.4047    -24.872   -26.5881   -17.1981   -18.5631    -5.3406
    34.375     77.375   -19.0171   -19.3541   -20.2041   -21.1922   -23.3946   -24.7701   -15.9136   -18.2132   -3.54349
    34.375     77.625   -26.9551   -28.6865   -32.8627   -34.6458   -37.4749   -36.6862   -25.9616   -37.4115     -26.58
    34.375     77.875   -1.16823   -2.46012   -2.34546    -2.7606   -4.56387   -5.80317   -0.49332   -0.37648    8.70486
    34.375     78.125    5.66663    3.78889    4.88743    4.84248     3.3192    2.37903    5.85462    6.75835    11.2976
    34.375     78.375    2.37589   0.564958   0.559059   0.123114    -1.6696   -3.00693   0.717668    2.14809    6.81427
    34.375     78.625   -8.51862   -10.2575    -12.197   -13.0766   -14.8792   -15.5014   -12.4332   -16.0732   -11.9846
    34.375     78.875   -37.7479   -39.5665   -46.5614    -48.058   -49.1294   -49.3024   -42.6088   -59.9647   -54.1042
    34.375     79.125   -17.4048   -21.1178     -25.76   -27.6628   -30.8921   -31.2626   -20.9855   -29.8877   -37.0585
    34.375     79.375   -29.6849   -34.0879   -43.8612   -45.4404   -52.1843   -52.7418     -33.44    -27.564   -57.8366
    34.125     73.625   -23.2023   -22.9476   -33.0025   -34.3694    -42.281   -44.1994   -37.1315   -30.1147    22.7633
    34.125     73.875    9.67846    7.59645   -5.53529   -6.64982   -15.9538   -18.3056   -14.4107   -21.5177    16.4876
    34.125     74.125     35.395    30.2478    19.8196    22.4267    16.9787    16.4478    15.2119   -7.85194    31.0008
    34.125     74.375    13.7485     2.3547  -0.682448    4.16082   -6.70356   -1.37616   -2.45368    -11.193    29.7594
    34.125     74.625    15.1802    5.07684  -0.823897    4.13727    3.77533    17.7984   -4.92974   -13.2955     43.534
    34.125     74.875    2.99957   -14.6414    -3.9318   -6.29171    -2.5937    17.4733   -6.22779   -13.7969    43.8666
    34.125     75.125    36.8582    24.0296    16.3131    6.45115  -0.599549     9.2722    1.95428   -13.4781    13.4995
    34.125     75.375    25.3218    8.99986   -1.44475  -0.223706   -2.05192    9.81152   -2.04499   -6.74716    25.1167
    34.125     75.625   -35.5664   -39.9975   -41.2815   -41.1331   -44.7877   -46.7488   -37.2467    25.7488   -26.1734
    34.125     75.875   -41.6805   -44.6712   -44.6022   -47.0887    -51.033   -55.4246   -42.3696    40.8306   -34.7266
    34.125     76.125   -56.1013   -58.7992   -58.4077   -60.6973   -66.5883   -69.3258   -48.0212    28.3847   -35.0914
    34.125     76.375   -19.3085    -20.158   -19.2097   -20.0576   -23.0385   -23.3753   -11.7997   -26.0487   -4.74443
    34.125     76.625   -20.1118   -20.8988   -21.2064   -22.0193   -24.6183   -25.5788   -16.7422   -16.0937   -5.62825
    34.125     76.875   -16.9023   -18.0166   -18.9618    -19.992   -22.8715   -23.3917   -14.7154   -18.3981   -9.06524
    34.125     77.125   -28.1297   -29.3722   -31.8974   -33.9634   -37.4958   -37.3165   -26.8976   -37.3998   -22.5732
    34.125     77.375   -21.7816   -23.3614   -26.1068   -26.5589   -29.0884   -28.5876   -21.4429   -33.5751   -18.0925
    34.125     77.625   -22.8886   -25.5175   -28.4727   -30.2254   -32.6059   -31.7856   -22.4833   -35.8857   -24.7117
    34.125     77.875   -9.69953   -11.2547   -13.1211   -14.1453   -15.7689   -16.1919    -11.865   -16.2422   -7.39147
    34.125     78.125   -2.26868   -4.25256   -4.48431   -4.77999   -5.78315   -6.05583   -2.79923   -5.91658   -2.51591
    34.125     78.375   -7.97405   -9.76496   -11.5388   -12.1371   -13.6527   -14.4835   -11.8544   -15.0175   -12.3443
    34.125     78.625   -8.31957   -11.8468   -13.0307   -13.6243    -15.339   -15.4548    -13.356   -22.0028   -21.1084
    34.125     78.875   -31.2056   -32.6931   -38.4585   -40.8748   -42.2617   -41.5492   -39.3216   -43.6726   -46.8948
    34.125     79.125     -16.93   -19.7552   -23.7863   -25.5844   -28.4468   -27.6471   -17.6705   -36.5366   -35.3395
    34.125     79.375    -24.893   -29.0267   -36.5068   -35.5775   -42.8974   -45.1741   -25.6225    -27.115   -57.3734
    33.875     73.875    38.5844    44.3726     16.611    15.6096    10.3311    9.37089      3.421   -23.5441    45.6348
    33.875     74.125    17.6965    16.9872    10.5823    11.9318    11.8007    15.0073    19.8044   -12.8623    54.1833
    33.875     74.375    11.2436    8.19268     4.9923    7.47513    1.28952  0.0110286    23.4627    -37.988    53.1813
    33.875     74.625    23.8486    25.4036    6.19013    8.37312    5.40521    20.6878    7.58678   -17.1544    42.3564
    33.875     74.875    12.0473    18.1713   -12.9016   -14.3776   -14.4381    4.42652   -5.27163   -7.71373    47.6556
    33.875     75.125    49.1165     43.085    24.4678    16.4402     7.8767    23.4208    10.1529   -8.37621    47.4392
    33.875     75.375    50.4118    44.8447    20.2931    13.8112    5.83395    17.9158    16.5008   -14.7886     2.3185
    33.875     75.625   -3.08186   -4.18896   -9.59432   -10.2443   -12.9046   -11.7433   -12.1339    18.5448   -5.65606
    33.875     75.875   -26.2076   -30.0358   -29.3718   -30.7194   -33.5414   -34.6449   -27.1453    35.8807   -25.3245
    33.875     76.125   -31.6686   -36.0496   -32.0421   -31.5202   -34.5178   -38.1731   -24.7516    10.2484   -17.6626
    33.875     76.375   -15.7373   -16.4603   -15.6078   -15.7239   -18.2717    -18.689   -9.57294     -25.16    -1.6471
    33.875     76.625   -23.9127   -24.8929   -25.6877   -26.7801   -29.5607   -30.3991   -21.5477    -27.513   -11.2117
    33.875     76.875   -12.4442   -13.8336   -14.1023   -14.5191   -17.1204    -18.236   -9.57021   -13.8265   -4.53436
    33.875     77.125   -7.59211    -9.1039   -8.16726   -8.18223   -10.0928   -10.8113   -5.29585   -8.04333   0.686698
    33.875     77.375   -5.22092   -6.97294   -6.36651   -6.63211     -8.239    -8.5988   -5.52277   -10.2784  -0.268081
    33.875     77.625   -30.1437    -32.137   -39.8058   -42.0103   -43.2919   -41.7334   -36.2437   -61.1954   -44.6564
    33.875     77.875   -9.08535    -10.936   -13.0975   -13.7749   -14.6095   -14.6355   -12.4259   -20.5725   -14.7827
    33.875     78.125   -8.41944   -10.2635   -11.8319   -12.5087   -13.8101   -14.5165   -12.3433   -15.6604    -13.557
    33.875     78.375   -9.02377   -10.9208   -12.5404   -13.0656   -14.3876   -15.2068   -13.3571   -15.0329   -15.4419
    33.875     78.625   -10.5932   -13.0148   -15.3008   -15.6156   -16.0637   -16.1382   -14.9986   -21.5456   -21.2337
    33.875     78.875   -31.6938   -33.7228    -38.563   -40.6049   -42.8272   -43.3673     -39.88   -38.5537   -53.0663
    33.625     73.875    50.2037    66.1934    22.5316    21.7353    15.7501    16.9751   0.258517   -19.4014      64.46
    33.625     74.125    40.8604    46.6383    27.3576    29.6412    27.9484    31.0767     22.819   -20.8675    65.5243
    33.625     74.375   -25.3991   -27.0606   -25.1163   -22.7272   -24.0003   -15.7138  0.0875621   -54.4493    65.4575
    33.625     74.625   -18.0727   -10.7191   -25.5576   -23.5756   -29.4616   -23.2011   -16.0308   -16.0222    20.4281
    33.625     74.875   -2.24181    5.02102   -18.9746   -14.3318   -11.4872    5.60263     8.4738   -18.4057    42.6407
    33.625     75.125     15.381    19.8771   -21.2349   -22.0072   -24.3646   -2.45479   -29.3969   -14.8333    48.5999
    33.625     75.375    20.8207    23.0216   -13.3148   -11.5344   -15.6159    2.68122   -11.1085   -24.5878    39.3892
    33.625     75.625     2.5739   0.643204   -8.64401    -10.179   -15.4012    -9.8486   -14.1181   -15.2765   -5.49121
    33.625     75.875    3.95794   -0.34033   -1.54811   -1.65934   -4.56691   -2.12999   -5.38088    16.0788  -0.804332
    33.625     76.125   -16.0269    -23.683   -13.9958   -11.0428   -11.8849   -9.91368   -14.2756  -0.361055    29.3456
    33.625     76.375    1.52103   -1.79047    4.92804    7.29188    6.67244    5.55081    7.51526   -19.2931    44.0025
    33.625     76.625   -22.8209   -24.7288   -20.8277   -19.7583   -21.9788   -20.8601   -17.6211    -42.529    61.1641
    33.625     76.875   -13.3788   -15.4864   -15.5471   -15.6829   -19.5996   -18.0071   -20.6669   -31.4602   -6.84977
    33.625     77.125   -1.23809    -3.3376   -1.43916   -1.96093   -4.27737    -3.5313   -6.68416   -10.9962   -1.20662
    33.625     77.375   -2.72722   -4.82351   -4.63088   -5.23364   -6.55789   -6.38311    -6.1235    -12.949   -3.94393
    33.625     77.625   -16.1726    -17.816     -22.64   -22.9604   -23.8232   -24.0158   -22.4486   -30.3193   -21.7563
    33.625     77.875   -28.3459   -30.0229   -36.2023   -38.4814   -39.5834   -38.7175   -36.4512   -53.1269   -43.8641
    33.625     78.125   -3.31265   -5.29817   -4.97669   -5.34123   -6.42531   -7.26297   -6.12076   -6.35444    -7.9718
    33.625     78.375   -11.3486   -13.3898   -14.8742   -15.7864   -17.0663   -17.5571   -16.3927   -17.6884   -20.2478
    33.625     78.625   -8.08751   -10.7944   -11.6911    -12.682   -13.4794    -13.731   -13.4594   -18.6938   -20.5839
    33.625     78.875   -22.7158     -25.03    -26.796   -28.3941   -30.7957   -31.2708   -28.8327   -4.89831      -35.9
    33.375     73.875    87.0544     87.489     57.207    57.9855    60.2136    68.7845    75.1475   -19.9698    77.3913
    33.375     74.125    92.1712    91.4392    66.3613    66.5759    70.1819    78.1318    84.4059   -29.2132    70.5018
    33.375     74.375    35.5907    34.9235    10.4403    15.3896    19.4791    28.2517    30.6901   -40.2855    76.4469
    33.375     74.625    9.85147    12.1308    4.69642    11.6716    10.4899    20.5298    17.9356    -54.769    68.0776
    33.375     74.875    -12.297   -10.1337   -23.0694   -18.3291   -21.0194   -12.7925    6.68458   -50.4982    36.5301
    33.375     75.125   -18.3347   -13.2727   -30.0436   -27.0929   -31.8509    -22.942   -24.3194   -57.9611    14.2888
    33.375     75.375     44.431    43.2225    32.7125    27.7594    16.8633    3.76952    31.3816   -50.5902    9.21466
    33.375     75.625   -8.94445    -12.897   -12.5346   -10.5204   -16.3907    -11.038   -19.6546   -30.7803    9.27816
    33.375     75.875    5.88352    3.18125    3.58323    8.25791    5.73181    11.2981   -2.30787   -13.3358     28.973
    33.375     76.125    7.22974    2.96682    7.41983    13.2815    13.6281    18.4605    3.46673    -17.412    55.7575
    33.375     76.375    15.7914    9.65672    17.6899    21.5099    21.7315    26.5455    17.4746   -38.9419     60.572
    33.375     76.625    -8.4338   -12.8822   -3.71174     1.8049  -0.366503    2.87038   -8.01841   -42.4484    50.4642
    33.375     76.875   -20.0994   -23.7438   -18.9539    -15.198   -19.7263   -16.0344   -25.5708   -67.1699    54.2977
    33.375     77.125   -13.8148   -16.6018   -14.0179   -13.9319   -17.5992    -15.474   -19.4375   -39.1428   -8.67528
    33.375     77.375   -15.6929   -17.8838   -16.6495   -17.7287   -20.1121   -19.1677   -20.3984     -36.03   -24.3778
    33.375     77.625   -32.8646   -34.1348   -36.3113   -39.8733   -41.1379   -40.4703   -42.7364   -63.4313   -55.4162
    33.375     77.875   -33.8345   -35.1185    -36.897   -40.4131   -41.6923   -42.4215   -39.6089   -56.2857   -51.1541
    33.375     78.125   -15.7969   -17.5173   -18.1678   -19.7624   -20.6715   -21.0761   -21.2168   -29.8053   -30.6398
    33.375     78.375   -18.9754   -20.6817    -23.428   -25.8794    -26.367    -26.034   -24.6258   -38.3392   -38.0281
    33.375     78.625   -23.3628   -25.0994   -28.4599   -30.9745   -32.5616   -32.2925    -33.443   -20.9253    -43.591
    33.375     78.875   -27.3588   -29.8074   -31.7047   -32.0693    -34.718   -35.2773    -30.138    18.4635   -35.0517
    33.125     73.875    62.4532    56.3016    25.2992    32.3655    36.4379    45.9685    61.1361   -38.5493    64.8385
    33.125     74.125    67.9499    67.8344    49.2193    54.9135    58.1192    63.9349    66.9055   -34.1167    47.2262
    33.125     74.375    68.9015    72.2583    38.7228    42.6556    47.2825    55.6071    86.1639   -82.5112    78.1733
    33.125     74.625    65.0646    70.5142    29.6228    31.7288    36.9044    45.8346    86.1737   -84.0482    77.8107
    33.125     74.875    50.3321    56.4229    23.3868    30.8919    35.5558    43.2975    55.1935   -70.3935    63.5084
    33.125     75.125    44.1954      43.59    23.4988    32.9256    32.2294    38.0321    1.96197   -57.8308    44.5409
    33.125     75.375   -26.1375   -27.2555    -28.041   -22.4287   -24.9496   -20.5801   -42.9242   -49.9406   0.650649
    33.125     75.625   -39.7169   -41.9707   -37.3197   -32.1535   -33.5415    -29.789   -46.0696   -27.3895   -11.0038
    33.125     75.875   -19.0589   -19.3619   -16.6196   -7.82825    -8.1658   -3.28244   -23.7023    -40.592    8.40858
    33.125     76.125    9.88759    7.52584    12.6906    20.0851    17.3557    22.1938     13.035   -42.0035    47.2789
    33.125     76.375     -1.495   -6.85518    4.15196    9.07936    7.07211    13.5476     8.7242   -52.0878    63.1869
    33.125     76.625   -11.1144   -20.1096     -10.14  -0.574126   -3.26863    2.48104    0.37013   -37.9045    43.6704
    33.125     76.875   -9.44139    -26.997   -20.8173   -10.7167   -16.4966    -12.722     3.7637   -22.3942    34.8444
    33.125     77.125   -48.9868   -54.0715   -48.2144   -41.9278   -46.3601   -43.8739   -49.2661   -30.5858    17.4465
    33.125     77.375   -41.8015   -43.2014   -45.0819    -44.689   -47.4712   -44.7733   -45.2592    -65.084   -60.5476
    33.125     77.625   -30.5776   -31.7982   -32.3652   -33.3506   -35.0406   -33.1705   -39.2646   -63.3246   -77.2951
    33.125     77.875   -14.8202    -15.711   -15.4053   -15.7938   -15.6826    -13.964   -20.0571   -43.9901   -47.5706
    33.125     78.125     2.6719   0.922923   0.783959    1.17365   0.939077    1.48827   -5.20274   -20.3795   -26.3065
    33.125     78.375    2.34203   0.298106   -0.23708 -0.0203312  -0.235522   0.484061   -1.83001   -12.1222   -17.1101
    33.125     78.625   -44.2903   -44.0313   -52.6418   -53.1342   -57.8777   -55.9143   -56.4014    5.27612   -72.4423
    33.125     78.875    -53.183   -55.5185   -61.6583   -61.3563   -67.0807   -67.6417   -53.7097    30.5472   -56.7321
    33.125     79.125   -61.4169   -63.6157   -71.1258   -71.8991   -76.9268   -78.4232   -55.6496    30.1993   -51.2103
    32.875     74.375    38.4655    46.7469    3.69447    8.31901    13.5961     23.028    77.7261   -53.6399    60.4454
    32.875     74.625    57.4692    52.8446   -2.46394    1.24646    6.57431    16.8454    78.1866   -49.9157    68.0628
    32.875     74.875    49.2714    44.0077    1.93872    10.8833    17.0691    25.8285    65.9333   -42.9264    72.4034
    32.875     75.125    32.8141    32.0831    12.9856     22.267    23.6223      26.84    5.06538     -62.89    39.7831
    32.875     75.375  -0.681078    5.31257  -0.971096    4.21069    3.38537    6.59173   -8.42468   -30.9739    7.11933
    32.875     75.625   -17.9878   -13.3237   -20.1627   -13.1573   -16.6262   -11.4195   -20.0523    -43.249   -1.48006
    32.875     75.875   -15.0792   -8.40602   -21.5565   -10.6475   -12.2944   -7.13797   -8.64473   -53.2767   -3.97037
    32.875     76.125   -1.11615    5.58601   -3.58137    3.12257    2.19703    7.62061    14.9037   -54.0916    36.5554
    32.875     76.375    -16.848   -2.37683   -19.2831   -10.5765   -14.2089   -4.48891   -5.91082   -45.9261    38.5598
    32.875     76.625   -32.8126   -28.0985   -35.7863   -25.0756   -35.3695   -18.4009   -7.75089   -44.4316     38.127
    32.875     76.875   -4.60824   -4.58141   -13.8556   -3.85899   -5.52423    2.62611    13.5499   -26.2037    26.4586
    32.875     77.125   -2.89522    -1.5403   -23.1732   -11.8715   -15.5717   -9.68688    16.1899   -13.3447    12.4569
    32.875     77.375   -17.7269   -10.7295   -29.2232   -21.0865   -23.1226   -20.3436    10.7419   -7.53346    19.1423
    32.875     77.625   -35.1634   -26.3179   -42.8492   -33.1805    -34.864   -31.4402   -4.93128   0.219531  -0.578081
    32.875     77.875   -36.6293   -25.5284   -50.9808   -40.8446   -44.7544    -44.754   -16.3317    5.28777   -29.4075
    32.875     78.125   -35.1097   -25.7222   -44.6658   -41.9902   -45.5128   -43.4564   -38.4385    32.9984   -62.2301
    32.875     78.375   -47.2892   -54.7817   -60.9931   -58.8416   -65.6532   -66.5927     -58.22    20.5882   -48.8065
    32.875     78.625   -56.5126   -60.6728   -67.0537   -66.3576   -72.5523   -73.4359   -62.1779    29.2153   -50.8304
    32.875     78.875   -66.0076   -67.4054   -75.2082   -75.7009   -81.9731   -82.4925   -57.8631    33.8211   -51.7062
    32.875     79.125   -65.7258   -68.2894   -73.3295   -73.3791   -77.7992   -79.1368   -60.0411    29.7013   -45.9059
    32.875     79.375   -70.4073   -72.7928   -79.7365   -77.8467   -82.7502   -83.9432   -66.4599    32.5668   -50.8094
    32.625     74.875    17.6587    25.1119   0.227317    3.30093    6.27454    9.58766    39.7878     -44.14    42.7091
    32.625     75.125    8.50576    16.8395   -3.13608    9.25563    10.6948    12.2761    20.6565   -39.3705    35.0754
    32.625     75.375   -1.36248    22.8364   -18.7605   -4.39631   -3.19456   0.891212    33.8711   -80.0301    36.9557
    32.625     75.625    11.4401    33.1057   -26.3859   -11.3674   -11.8019    -8.0273    49.5117   -90.6559    32.2846
    32.625     75.875   -2.80354    16.7376   -19.6583   -8.33517    -5.7683    1.94392    14.8994    -95.073    -32.124
    32.625     76.125   -31.1312   -4.85116    -27.691   -13.1022   -15.1608   -6.76837   -18.9113   -80.8572   -33.5244
    32.625     76.375   -36.3576   -20.5652    -33.562   -26.0794   -31.5151   -21.8496   -28.5668   -35.7812    -4.0852
    32.625     76.625   -53.8613   -44.0283   -56.2872   -45.4801   -53.6302   -44.9571   -44.3783   -36.8377    1.32731
    32.625     76.875   -6.15748    1.73549   -11.9188   -5.62722   -6.73537    1.03549     2.5156   -27.2378    -1.2642
    32.625     77.125   0.428913     12.552   -8.47446  -0.141953  -0.760815    6.50282    22.4019   -7.95792    14.6131
    32.625     77.375   -15.2548    6.21401   -38.4993   -27.6437   -33.2966   -31.9172    21.1059    -8.2319   -4.59995
    32.625     77.625   -27.5871   -7.22677   -45.5193   -34.7928   -40.1842   -44.3599    6.94169   -6.19798    9.30363
    32.625     77.875   -32.3267     -15.51   -48.6887   -38.5291   -41.3979    -41.209      -18.4    4.91753   -48.1696
    32.625     78.125   -50.6901   -49.3067   -62.0875   -60.6438   -65.9635   -66.8521   -62.7695    28.2511   -59.5455
    32.625     78.375   -32.3046   -36.6472   -47.5117   -47.3561    -55.348   -54.6992   -40.8029    13.3949   -26.4751
    32.625     78.625   -62.8358   -62.9567   -72.8078   -73.4506   -79.2954   -80.4361   -61.6319    28.8184   -45.5917
    32.625     78.875    -70.685   -73.1759   -80.8158   -80.7326   -87.1268   -89.2937   -60.7019    28.6492   -47.5207
    32.625     79.125    -63.322   -67.6621   -73.0393   -71.7173   -76.3726   -77.8861   -58.7482    28.3185   -48.2244
    32.625     79.375   -55.5503   -62.3643   -67.9165   -66.0704   -71.4962   -73.4405   -59.4677    29.4986    -49.963
    32.375     75.375    19.7921    59.3017   -7.84638   -6.74247   -1.98746    1.69371    86.7447   -75.7492    46.8884
    32.375     75.625    33.8703    58.4129   -6.62519  -0.079946     4.1428    12.7998    85.4419   -87.6384    56.3472
    32.375     75.875    10.5894    39.6018   -16.8671   -2.27111    4.14372    13.6082     49.789   -95.8374    14.4469
    32.375     76.125    -67.341    -44.302   -39.7563   -16.3382   -16.8542   -14.8661   -52.9909     -65.57   -46.3245
    32.375     76.375   -45.6765   -23.0734   -29.4129   -11.2469   -14.3806   -9.68579    -23.414   -79.0223   -16.8377
    32.375     76.625   -50.3455   -40.9781   -57.6097   -54.1726   -59.2791   -41.0661   -39.4914   -59.4307   -30.6683
    32.375     76.875   -26.0226   -16.0368    -37.696   -30.1296   -35.0134   -29.6392   -12.9767   -13.0468   -12.4312
    32.375     77.125    2.26111    16.9798   -10.3045   -0.52481  0.0433306    7.97483    33.5627   -6.56204    8.63399
    32.375     77.375   -11.9048    9.23659    -27.616   -17.3601    -19.403   -17.7923    25.5415   -9.23417   -6.53006
    32.375     77.625   -25.2598   -5.33787   -36.4167   -26.9088   -30.2626   -30.6339   0.470891   -5.28944    7.76131
    32.375     77.875   -42.9787   -30.3569   -53.4501   -51.5546   -55.7187   -57.8232   -52.9998    27.6777    -43.286
    32.375     78.125   -56.0415   -54.2036   -69.0497   -69.7999   -76.1395   -78.5374   -66.1185    19.4555   -49.0287
    32.375     78.375   -38.0607   -41.3667   -52.1442   -53.2751    -61.332   -62.4488   -38.4749    10.8536   -24.1621
    32.125     75.375   -7.70665    29.5269   -2.18951   0.223618    4.81107    8.00017    52.5404   -71.3445    28.1222
    32.125     75.625    25.5287    41.6805  -0.328732    16.0083    20.8082    23.7346     45.936   -89.9817    36.6985
    32.125     75.875   -13.6789    35.1169   -32.4095    3.75339    16.1758     22.743    21.3473   -95.3937    34.2749
    32.125     76.125   -12.3554    46.4517   -36.1537   -8.43878   0.906524    9.50031   -12.8129   -61.0036    30.9406
    32.125     76.375   -7.20561    26.7905   -13.2635   -1.13934    2.98663    9.28206    33.7619   -36.8621    40.9114
    32.125     76.625    4.75119    18.3352    -12.777   -7.70509   -5.81496     4.4575    31.4569   -49.2731    20.7345
    32.125     76.875    9.26407    10.2244   -11.6234   -3.86625  -0.544039    9.42729    35.2422   -76.1376    23.5712
    32.125     77.125    10.8572    23.4674     3.6411    11.0567    12.9199    21.2122    40.5989   -13.4259    14.7699
    32.125     77.375   -10.8839    7.01978   -18.8951   -10.4626   -12.3654   -7.84714      21.98   -13.6234    20.7362
    32.125     77.625  -0.708606    20.0336   -21.4132   -10.0976   -11.6091   -13.6565    12.5056   -25.1607    9.28144
    32.125     77.875   -32.6774   -21.6937   -51.1862   -51.8318   -60.3324   -64.1068   -56.5141    9.59883   -28.7124
    32.125     78.125   -59.7815   -50.6315   -69.4676   -72.9603   -78.5016   -81.0739   -68.5925    21.6851   -49.4443
    32.125     78.375   -58.8327   -58.5892   -69.5578   -71.4178   -75.9716   -77.1941   -62.2241    28.8116   -43.1808
    31.875     74.875    34.5898    56.3067    21.8921    30.4895    30.6357    34.5208    13.5004    -73.594   -20.5696
    31.875     75.125    13.2554     41.492    4.23812     15.185    20.6292    21.4582    17.6613    -68.248    15.4386
    31.875     75.375   -74.6946   -67.8504    -42.551   -21.2042   -16.0673   -9.80032   -48.4933     -88.39    11.5875
    31.875     75.625   0.959747    6.95243   -2.49076   -4.32881   -1.65509   -1.99699    3.49976    -93.156    39.2617
    31.875     75.875   -18.2291    28.3771   -8.26884    3.65784    7.44184    6.70544    35.4374   -95.2987    39.0739
    31.875     76.125   -4.78208    39.3768   -9.73899    2.89024    13.9543    19.7046    63.7584   -58.5279    35.2929
    31.875     76.375    2.26129    34.5902   -4.06242     10.306    17.8152    24.9789    55.4405   -12.8243    40.0218
    31.875     76.625    5.04651    35.3239   -1.02564    18.2021    24.2379    33.0734    64.8628   -5.52726    39.7956
    31.875     76.875    48.3304    53.5668    48.0224     59.732    62.5498    73.4023    70.6022   -8.48787    54.6609
    31.875     77.125    30.5576    36.9255    28.3157    37.7776    40.5545    48.6381    47.5158   -16.5777    43.3952
    31.875     77.375    46.3259    52.5945    35.1648    40.9418     39.419    42.4537    53.1178   -46.5897    40.9521
    31.875     77.625    42.7312    47.4681    19.1979    18.0534    12.8576     10.404    37.5373   -12.3735    9.97921
    31.875     77.875    -29.562   -24.3974   -49.4729   -50.4215   -63.0539   -66.0062   -51.0532    8.75458    -9.2449
    31.875     78.125   -52.1332   -48.0241   -62.3837   -63.0393   -69.6374   -72.2242   -66.0248    20.4442   -42.5302
    31.875     78.375   -55.9042   -56.1864   -65.2163   -66.5015   -70.9044   -72.0568   -62.9823    26.6629   -48.9796
    31.875     78.625   -59.6751   -62.1659    -70.469   -70.7694   -75.6546   -76.8895   -63.2621    27.9964   -44.3902
    31.625     74.875   -14.7112   -14.8762   -8.27836    4.25632     4.2712    8.83282   -14.9329   -47.2501   -23.6717
    31.625     75.125    17.5054    36.7702    13.3053    23.7799    27.2463    30.6074   -7.01086   -49.1059   -1.75427
    31.625     75.375   -9.18581     5.0336   -5.48253    6.73817    12.0765    15.3127   -16.4405   -45.0691    11.5103
    31.625     75.625     5.1024    11.4708   -4.53255    6.24757    16.5987    20.0414      25.32   -78.0222    38.7221
    31.625     75.875    11.0042    27.7908   -1.06348    7.54423    17.9027    21.9391      42.59   -36.7106   -57.2744
    31.625     76.125   -76.7738   -6.06234   -37.2531    -1.7031    6.22136    8.53648     48.152   -65.4862    34.3311
    31.625     76.375   -21.8312     17.275   -10.8446    13.0291    24.5887    30.1833    57.8867   -37.6059    24.3964
    31.625     76.625   -23.8716     13.359   -7.90732      13.76     19.369     23.924     63.657   -88.0805    29.5227
    31.625     76.875    17.5439    24.8539    20.1541    32.2161     31.166    42.7482    67.3992   -73.5401    44.3846
    31.625     77.125    54.8048    59.0412    51.8716    61.9369    67.5363    77.4789    81.8098   -29.9534    73.6893
    31.625     77.375    94.7202    91.9762    83.2337    85.9512    81.4274    82.0198    83.9394   -82.8388    56.0318
    31.625     77.625    66.1093    67.7067    45.7956    43.9715    34.9817    32.3204    33.7882   -36.2935    12.1757
    31.625     77.875   -16.3492   -14.4996   -32.4663   -33.3175   -42.5888   -42.6471   -31.5977    14.2289   -16.4196
    31.625     78.125    -42.259   -43.8833   -62.5589   -68.0856   -69.1736   -54.7437   -68.9531    18.1362   -45.0678
    31.625     78.375   -43.6237   -44.3954   -58.6918   -60.8107   -73.0826   -64.9201   -58.2509     10.789   -42.6987
    31.625     78.625   -36.5072   -40.0254   -58.4257    -60.978   -74.1599   -62.6378   -47.7561    8.94985   -29.1035
    31.375     74.875   -48.8846   -62.0794   -23.0093   -7.99696   -5.40759   0.659472   -17.7591   -57.1156    28.6647
    31.375     75.125   -14.7746   -25.7355   -4.49962    7.94629    11.1411    13.7181    3.64149   -75.2016    93.8108
    31.375     75.375   -82.0547   -98.9742   -56.3744   -37.1929   -34.0578   -29.8203   -64.3536   -76.8421    47.7422
    31.375     75.625   -36.8108   -40.5336   -18.8832    4.96459     7.8514    12.8558   -14.9463   -43.3132   -8.03951
    31.375     75.875   -11.7623  -0.342257    4.02506    26.1545    29.7744    35.0279    76.3402   -60.7361    32.9682
    31.375     76.125   -36.3353   -28.2604   -13.4706     21.971    28.5766    33.4054    55.4396   -76.4077    50.0928
    31.375     76.375   -12.4762    16.6261  -0.654525    17.1886    27.9917    35.2016    76.5909   -48.0149     45.118
    31.375     76.625   -17.0694    8.46681   -13.5245    9.66945    19.9833    26.1924    38.2341    -42.645    37.4781
    31.375     76.875    25.7521    42.5419    22.2708    32.9308    39.5963    49.9474    96.4217   -32.4789    15.7211
    31.375     77.125    74.2007    75.6778    69.2855    73.1236     77.052    82.6207     86.805   -25.5316    63.6198
    31.375     77.375    64.8511     66.496    56.9106    63.4783    64.8186    68.1986    62.6336   -78.0283    50.3354
    31.375     77.625    59.0075     65.561     49.143    45.1222    34.5994    30.3474    1.17487   -58.8698   -5.26307
    31.375     77.875  0.0953614   -7.37152   -9.53346   -5.38796   -27.7788   -22.3524    2.96829   -17.1614    14.5783
    31.375     78.125   -21.4484   -26.2634    -42.076   -40.2662   -53.5347   -27.5929   -46.3578   -4.28185    9.53636
    31.375     78.375   -46.9377   -49.5133    -59.018   -57.7096   -65.4008   -67.6536   -59.2916    1.59612    -12.017
    31.375     78.625   -50.1798   -48.6273   -82.0207    -84.568   -79.5831   -56.7274   -61.8124    1.02051   -30.2672
    31.125     74.875   -38.4868   -48.0222   -18.6531    -6.9337   -1.71982    3.07429   -26.6788    -67.866    79.8097
    31.125     75.125    32.8986    36.9007    30.9373    41.1655    45.1539    48.2871    68.7751   -73.9187    90.9444
    31.125     75.375   -85.5101   -99.5062    -57.885   -37.7436   -36.8134   -32.1372   -76.0829   -78.6643    52.9992
    31.125     75.625    -62.586   -71.0721   -42.9094   -28.7728    -26.959    -23.485   -56.5882    -45.498    5.94624
    31.125     75.875   -19.2616   -21.1139   0.839865     16.313    16.3208    19.6553    3.53362   -75.7557   -55.3937
    31.125     76.125   -16.3479     15.165  -0.971367    28.7829    30.2996    38.0274     66.143   -70.4341    61.6837
    31.125     76.375   -56.9997   -27.8781   -24.8068    5.84805    12.2218    18.5835    27.9943   -68.4424    38.8877
    31.125     76.625   -12.3944   0.152136   -5.75314    14.0787    28.6732    34.1787    29.9342   -72.2471    45.6731
    31.125     76.875    44.3715    52.3109    35.5802     46.053    49.7525    53.1002     96.461   -99.4932    61.1359
    31.125     77.125    45.5612    52.5072    45.5504     49.532    52.1892    54.6702    91.9084   -57.0445     32.265
    31.125     77.375    15.9467    21.1652    17.9016    29.9841    27.8127    29.6607    34.2121   -64.0304    37.9377
    31.125     77.625    56.6534    52.7687      55.05    62.5697    58.1288    56.0652    67.7604    -59.702    44.7287
    31.125     77.875    28.0945    21.6725    23.1255    20.8441    11.3026    17.9157    42.6616   -40.0689    12.4163
    31.125     78.125   -24.7346   -37.0926   -34.2881   -39.9885   -54.9694   -45.1406    -26.342   -38.9846    11.3884
    31.125     78.375   -14.1474   -11.6519   -39.2266   -34.1957   -42.1126   -36.9084    2.39609   -50.8438    5.47319
    31.125     78.625    6.26211    13.9856     -34.89   -28.2738   -32.1755   -40.9242    13.5359   -64.5751    45.2306
    31.125     78.875    22.3361    40.2374   -24.6658   -19.2064   -24.5683   -32.5114    38.0718   -26.0822    64.5336
    31.125     79.125    16.9423    44.2575   -36.0294   -19.9582   -27.6094   -29.6589    41.2487   -14.7139    51.1445
    30.875     74.625   -51.7753   -55.7253   -30.3398   -21.0974   -16.6072   -9.56733   -29.6659   -48.3187    14.6473
    30.875     74.875    -8.8577    -19.654     9.5633    22.8942      24.35    27.7891    3.35955   -60.1691    66.2661
    30.875     75.125    42.4415    44.1348    44.5675    51.3321     51.397    55.3836     75.715   -60.4958    77.8473
    30.875     75.375   -33.3967    -45.731   -16.9048   -4.83951    -4.4286  -0.326303   -27.0995    -60.935    48.3677
    30.875     75.625    7.69232    3.47065    20.1631    29.2105    30.8815    34.8922    13.4688   -79.2554    7.54869
    30.875     75.875   -36.1429   -49.8295   -9.08886    7.53509    7.76405    12.0605   -20.1007   -69.9731    7.91396
    30.875     76.125   -40.1334   -48.0868   -14.6441    8.67889    13.6018    20.5377   -2.04169   -12.2826   -6.61729
    30.875     76.375   -21.4823   -11.1321   -4.96799    22.8823    31.8335    39.4514    27.9532   -29.6677      22.45
    30.875     76.625    4.85695     26.341    1.33562    13.8572    24.9657    30.2017    27.1577   -74.6511    45.3322
    30.875     76.875    6.92625    8.99076    7.30474     17.104    25.1677    28.2046    43.3575   -30.7693    42.7084
    30.875     77.125    11.2724    25.9268    4.95683    17.1418    20.3065    22.7849    63.0835       -100     32.008
    30.875     77.375   -18.5283   -7.28828   -15.8152    5.06851    3.60638    8.75497    38.3399   -91.8616    22.4015
    30.875     77.625    17.5736    22.0996    2.34275    4.51217  -0.640633    9.31803    43.8021    -40.617    30.0094
    30.875     77.875    24.8078    22.2603    13.9198    6.73205    5.48573    14.8642     44.341   -64.9999    33.8903
    30.875     78.125   0.722855    6.97644   -6.27119   -6.39363     -3.918    2.28511    34.3566   -65.4181    31.0987
    30.875     78.375   -7.73425    2.05878   -27.1837   -21.8586   -23.0029    -20.754    22.3356   -53.6659    26.4011
    30.875     78.625   -4.53712    9.17197   -29.0516   -22.3175   -24.2248   -19.4588    18.1041    -42.476    14.1389
    30.875     78.875    46.7415    49.6129   -45.5491   -93.7524   -80.9874   -21.2375    51.4828    1.64756    7.96744
    30.875     79.125    10.7283    41.8018     -48.14   -24.4599   -42.0135    -43.548    30.7377   -22.4189    79.3511
    30.875     79.375    13.3112    43.2273   -45.0404   -15.3392    -26.469   -41.5204    31.9189   -14.7817    70.6689
    30.875     79.625    38.8079    50.3768   -72.9711   -82.7725   -93.6273   -27.6289    50.5579    -9.7649    13.6722
    30.875     79.875    31.8579    38.8553   -51.1065   -22.5167   -44.3363   -34.5635    44.4195    9.00498     50.332
    30.625     74.375   -20.6302   -41.6505   -3.71915    4.60593    7.82252    10.1664    5.84299   -61.1791    36.2099
    30.625     74.625   -13.1719   -23.3477    2.29828    5.52387    11.7834    19.9714     9.7341   -68.1309    58.0011
    30.625     74.875   -34.0322   -43.8516   -8.21126    5.25631    10.1919    13.1671   -18.1399   -64.7439    1.86746
    30.625     75.125    23.4432    7.07936    37.0111    46.1777    45.2178    50.6203    25.8252   -64.6445    55.6743
    30.625     75.375    19.7992    11.9831    27.3586    31.3556    24.6506    30.0702    14.2039   -81.6827    91.4411
    30.625     75.625    10.1435     6.0488    19.1047     24.396    24.7926    28.9403    4.05977   -86.0859    11.5911
    30.625     75.875   -30.2536   -45.3031   -6.81646    5.22497    3.41885    3.06799   -3.90662   -53.5461     42.666
    30.625     76.125   -60.8492   -70.6158   -41.3391   -23.5179   -19.2026   -15.3691   -23.2752   -29.3844   -5.32497
    30.625     76.375   -91.0398   -99.5782   -71.6731   -52.0817   -50.9917   -47.5884   -64.7602   -44.1764   -27.6001
    30.625     76.625   -31.2972   -19.3034   -23.5226   -1.51099    5.97433    10.5362   0.641403   -27.6955    23.4266
    30.625     76.875   -2.59296    1.46729   -13.1786   -2.61298    7.93486    13.7233    60.8538   -84.9382    38.9688
    30.625     77.125   -8.98953   -2.92601   -14.5153    12.0717    20.9083    22.3358    31.2102   -89.5627    20.8724
    30.625     77.375     3.7857    6.57371   -3.53854    6.65932    26.2936    37.3787    33.7547   -35.2604    49.5182
    30.625     77.625   -7.16832   0.403861   -24.5435   -12.8842   -3.81332   -1.07032    10.0354   -22.7255    2.83554
    30.625     77.875    10.4593     11.842   -1.80983  -0.449699    6.25218    9.25264    21.6636   -25.3167    24.4189
    30.625     78.125    3.49815    18.2416   -8.33728   -4.15353   -2.37765    1.52627    32.5776    -50.647    36.5196
    30.625     78.375   -18.7354   -11.7522     -26.11   -20.8011    -16.596   -13.0194    14.1857   -24.8975    23.1568
    30.625     78.625   -11.9661    1.37149   -35.8788   -27.9458   -30.6374   -25.7003    17.9068   -30.9686    10.9837
    30.625     78.875     10.578    42.5298   -28.4465   -15.2383   -23.5972   -23.4421    48.9225   -23.0602    29.3878
    30.625     79.125    13.8369    47.1552    -39.924   -15.3193   -29.9941   -29.9345    48.1348   -16.9687    40.6833
    30.625     79.375    14.7133      47.75   -82.3929   -62.9522    -71.747   -53.6664    50.2723   -2.76031    98.7271
    30.625     79.625    20.1146    49.6029   -60.4805   -33.8683   -54.7525   -56.5091    58.6011    8.11609    56.6968
    30.625     79.875    27.2312    46.9215   -63.4741   -40.4451   -52.3054    -39.785    46.4386    20.9917    36.2279
    30.625     80.125    27.9857    35.3134   -39.9276   -24.8783   -28.4245   -15.2862    31.6549    24.3768    26.5569
    30.375     74.125   -48.0808   -69.8794   -30.3654   -7.35103    2.55923    7.33535    -10.857   -72.3079     20.245
    30.375     74.375   -49.3123   -64.9028   -33.1597   -12.3299   0.149226    5.47308   -11.0517   -72.6212    56.1317
    30.375     74.625   -15.0574   -38.1591   -4.09166    10.6435    20.8127    28.6087    20.6778   -64.1982    98.2261
    30.375     74.875   -8.78835   -20.6366    6.85335    19.1889    27.4123    33.1812    9.81066   -56.5054    51.2845
    30.375     75.125     13.554  -0.489459     27.759    37.9333    39.3554     46.401    22.4902   -69.0213     33.289
    30.375     75.375    12.1559   -1.83839    17.9436    29.2817    32.5056    37.3955    13.7965   -64.6609    21.2781
    30.375     75.625   -22.3486    -30.239   -14.1458  -0.360051    3.03569    8.87153   -39.3737   -71.9403   -46.6453
    30.375     75.875    -43.687   -53.9769   -23.5548   -6.48761   -4.37818    1.47388   -9.42586   -36.4127    36.8875
    30.375     76.125   -39.8579   -47.5011   -20.9576   -8.35192   -5.30973  -0.821202   -13.4547   -47.4661    35.8851
    30.375     76.375   -61.3265    -68.492    -43.489   -10.2393    -2.3255    -1.1365    -25.637   -36.1688    41.3491
    30.375     76.625   -72.5672    -79.735   -54.6837   -39.9423   -35.9981   -33.5251   -74.7068   -9.90668   -45.1855
    30.375     76.875   -76.4451   -68.7912   -70.7327   -34.3481   -21.3261   -21.3768   -33.0612   -57.8339    17.9421
    30.375     77.125   -20.2127    4.91666   -44.2145      -7.58    2.08797    4.34023    20.4885   -58.1869    43.8831
    30.375     77.375   -4.56805    21.8071   -21.0346   -4.04526    1.71345     13.841    23.0981    -20.998    51.8225
    30.375     77.625   0.869154    18.2734   -37.5185    -7.0651    1.15822     6.8816    29.1639   -56.8517    51.9864
    30.375     77.875    3.51459    24.9334     -14.12    9.82979    9.24024    8.76131    37.8321   -44.2709    76.5499
    30.375     78.125   -1.92533    8.34599   -33.7692   0.757002   -8.75828     6.0732    46.0102   -73.7261    48.6793
    30.375     78.375   -41.6251   -18.6554    -59.334   -39.6546   -32.2642   -23.6111   -1.56088   -22.8972    5.68231
    30.375     78.625    28.4124    49.3758   -19.2337    11.8298    16.9863    10.4236     59.523   -29.7219    53.2523
    30.375     78.875    24.7357    56.0657   -8.48215    6.52306    1.13624    4.22545    66.7989   -23.6221    64.0151
    30.375     79.125    17.3867    44.1164   -22.8113    0.46325   -14.3344    -11.239    54.5134   -10.6987    50.0901
    30.375     79.375    7.76621    33.2032   -49.1546   -14.6132   -33.7133   -23.3138     47.474    1.73961    61.3152
    30.375     79.625     40.337    62.7184   -34.5282   -22.3493   -37.6107   -32.8266    75.9005    31.7149    28.8522
    30.375     79.875    37.3713    48.8823   -42.8889   -43.0132    -60.563   -43.0139    46.0797    23.8611    66.7151
    30.375     80.125    26.3162    33.5483   -46.0825   -28.0185   -26.4627   -12.0964    28.1292    21.6779    29.6478
    30.375     80.375    22.7949    28.2583   -41.5076   -17.9843    -10.853   0.787409     21.904    21.9256    40.6913
    30.375     80.625    26.8434    28.1349   -32.6541   -13.5307    -9.1992   -1.23153    23.1473    24.5448    44.5015
    30.125     74.125    -50.792   -72.0764   -33.9861   -7.62779    4.62776    9.56205   -4.01914   -64.2579   -14.5855
    30.125     74.375   -68.7304   -81.4296   -45.6314   -14.5831   -1.53165    1.33331   -34.4643   -66.0905    14.2266
    30.125     74.625   -68.9859   -82.6062   -54.5252   -30.2723   -17.8786   -13.1268   -35.4234    -59.366    92.2842
    30.125     74.875   -61.8945   -72.1111   -33.6528   -5.38532    5.46964    8.66063   -20.2534   -59.5917    43.9535
    30.125     75.125   -5.54021   -22.1373    11.5494    19.7154    20.8535    26.9833   -2.04541   -66.5559    7.23754
    30.125     75.375     1.3576   -16.9325    16.5192    28.0399    30.5855    37.5249    1.78314   -81.4641    2.01429
    30.125     75.625    -3.2532   -11.3721    20.9935    32.1988    36.8965    46.3265   -5.76263   -71.3967    10.5855
    30.125     75.875   -68.7571     -78.08   -40.9244   -18.7338   -10.8897   -5.28786   -38.4398   -61.9733     28.503
    30.125     76.125   -13.3299   -18.6134    8.61916    23.0929    29.1805    33.2132    10.1268   -64.4458    50.5613
    30.125     76.375   -59.9885   -68.2405   -34.7918   -7.69755  -0.776306    5.49662   -25.3676   -21.1463    22.8874
    30.125     76.625   -36.9475   -39.8518   -18.7939  -0.723088    9.32195    12.2451   -11.8144   -9.92501   -29.5075
    30.125     76.875   -41.6958   -30.3009   -28.8199   -3.31066     4.0275    4.62248   -28.3348   -39.2191   -37.8259
    30.125     77.125   -51.9773   -37.8964   -42.2298   -15.3582   -7.58385   -3.58957    58.6426   -41.3916    70.9372
    30.125     77.375   -56.1127   -39.6159   -47.7557   -14.8815   -14.2359   -14.1018     1.3112   -38.8845    62.9214
    30.125     77.625    1.14038    12.4981   -28.0964    8.48082    5.76693    12.6035    23.2863   -65.8042    45.6659
    30.125     77.875   -3.30071    17.5426   -31.3495    8.68831    10.4641    12.5315    36.8942   -44.1357    49.0388
    30.125     78.125    24.3662    39.0804   -11.2853     13.225    8.83894    10.1302    47.6585   -24.8957    55.9393
    30.125     78.375    60.9756    69.1888     33.309    46.9234    34.5979    38.5753    43.6695     16.528    32.3184
    30.125     78.625    37.9734    40.8281    8.04807    37.8452    30.7587    34.4863    71.8106     8.7511    50.2552
    30.125     78.875    45.1648    58.1867    9.49772    25.6307    33.8708    31.8703    74.2704   -4.86263    73.2818
    30.125     79.125    17.6889    41.7648   -5.48217    12.1407    3.42727    10.1637     58.542   -7.46144    55.3009
    30.125     79.375    4.78742    34.4421   -38.5148   -17.7066   -31.4328   -20.3444    51.4715    16.6404    47.6276
    30.125     79.625    38.9648    35.9865   -10.9188   -15.0584   -20.2906   -18.1976    49.6657    24.4851    16.5726
    30.125     79.875    8.18182    23.0885   -41.8143   -29.1702   -24.3651   -16.4775    23.0801    25.8149    23.1705
    30.125     80.125     11.952    26.4125   -58.8618   -34.0502   -24.7356   -18.5037    20.6436    24.8781    33.8328
    30.125     80.375    24.0033    27.3078   -38.5119   -17.0883   -10.2902   -4.89304    24.7027    24.7602    38.9643
    30.125     80.625    25.6473    28.1573   -35.5514   -13.5699   -8.82917   -4.23515    23.4347     24.818    40.2251
    29.875     73.625    8.24298   -5.94937    6.78335    16.6139      21.29    14.9362     62.457   -47.6651     20.271
    29.875     73.875    14.2138   -31.3586   -50.3766      2.135    11.8803    17.3946    50.2323   -78.1547    14.4755
    29.875     74.125    34.7438    15.9116    24.7472    47.7951    58.7373    63.5202     40.891   -78.6972   -10.6922
    29.875     74.375   -55.0832   -66.3031   -27.9778   -4.63934    5.11497    9.28542   -8.24606   -71.8947    6.47606
    29.875     74.625   -95.6531   -95.2541   -74.0726   -56.2244   -43.1381   -37.6926   -41.1879   -57.6946    14.2906
    29.875     74.875   -93.4958   -82.3616   -69.5722   -50.1143   -38.2743     -33.95   -39.3376    -74.142    9.74033
    29.875     75.125   -39.3718   -45.8043   -16.1441   -0.38494    2.47737    5.19119   -22.5869   -79.6143   -12.3768
    29.875     75.375   -24.5979   -39.4451   -1.97979    8.83184    11.8232    16.6754   -28.4969   -78.2497    2.54439
    29.875     75.625   -17.3783   -26.7555     3.2617    10.2939     12.117    15.7535   -27.0658   -91.4215    1.02441
    29.875     75.875   -26.3687   -31.7995   -10.8731    3.20825    7.36684    10.9616   -17.2993   -67.4309    45.2939
    29.875     76.125   -12.4114   -23.4869    4.34608    17.4344    22.3587    27.0142     5.6198   -76.2002    66.2306
    29.875     76.375   0.421375   -8.14493    13.1433    28.3114     32.749    36.3256    23.8608   -76.6678    34.9946
    29.875     76.625    36.5131    46.4391    46.5134    65.4964    70.5437     68.667    76.5187   -50.2278   -18.2707
    29.875     76.875    -60.789   -71.8533   -45.1059     -21.32   -14.7543   -12.2778   -35.0249   -45.3013    40.3671
    29.875     77.125   -36.9466   -26.4359   -36.7325   -3.22213   -7.22149    -10.972    55.3522   -63.4627    63.9618
    29.875     77.375   -26.7734    9.57761   -48.1513   -18.6842   -25.1936    -29.357    43.4248   -83.4431    76.5524
    29.875     77.625   -10.7629    23.3758   -61.3106   -26.3225  -0.470814    2.85083    40.5824   -39.4198    44.0004
    29.875     77.875   -13.6666     28.159   -31.9523   -3.80827    12.0337    19.8445    56.1534   -20.6506    53.9591
    29.875     78.125    -92.888    -34.655   -85.3578   -48.1953    -41.001    -41.093    -83.389   -60.2165      63.49
    29.875     78.375   -10.5804    18.7143   -13.6223    15.5644    14.3372     19.706    34.4511   -28.5516    46.4391
    29.875     78.625   -33.5147   -5.91885   -19.0638    14.1594    8.74138    7.63412    27.8853   -10.6198    51.7568
    29.875     78.875   -7.66135    16.1598   -5.17669    19.1247    16.9623    15.8612    45.0344   -11.5734    56.3735
    29.875     79.125   -13.6095     1.3512   -21.7134    -10.455   -7.63478   -3.79452    1.85023   -19.0861    60.4292
    29.875     79.375   -7.89324    14.2261   -23.3186   -11.8285   -8.19915   -4.85259    19.3703    24.2693    45.4737
    29.875     79.625    37.5068    34.4719    3.81693    5.18821    8.24557    17.3099    46.3899    31.2358    34.6914
    29.875     79.875  -0.765265    21.3628   -35.6998    -21.973   -17.6789   -7.81618    22.2558    29.0733    40.8817
    29.875     80.125    29.9285     37.571   -33.0384   -9.52819   -5.89983    3.64445    37.4074    43.7044    78.3756
    29.875     80.375    33.9146    33.6682   -39.8401   -11.3256   -10.3749  -0.752609    32.5971    38.8973    65.0014
    29.625     73.375    31.4776    23.1896    27.3584    37.4935    50.8467    50.3676    60.8142   -76.2412    12.2763
    29.625     73.625    4.90036   -15.5756   -1.24362    9.52064    15.9638    11.2229     59.665   -52.4123    22.8764
    29.625     73.875    13.0603   -25.4344   -17.8418    14.0163    30.6841    40.4978    76.4793   -67.2107    30.4168
    29.625     74.125    14.9489   -31.1517   -3.16266     10.855    25.2566    35.1522    47.2873   -67.9077    46.3483
    29.625     74.375    12.0353   -15.8004     22.668    45.7041    56.8248    63.6309    42.3618   -50.7136    38.0508
    29.625     74.625   -57.2654   -76.2484    -43.286   -17.5446   -3.78311    1.37845   -11.1088   -69.8495    8.89012
    29.625     74.875   -24.4094   -44.6018   0.656013    9.89359    13.8254    17.1129    13.2969   -61.1873    17.6147
    29.625     75.125   -31.6472   -39.5573    -19.069   -7.74842   -3.12013    2.90436   -17.9284   -69.0447    14.0707
    29.625     75.375   -44.2224   -54.3356   -22.0885   -14.9077   -10.5841   -7.30019   -34.5378   -81.0231    19.5197
    29.625     75.625    29.0208    28.2909     39.919    40.4989    41.3519    38.3109    12.6113   -58.4793    44.0963
    29.625     75.875   -44.5601   -46.8401   -26.4261   -10.4252   -5.93152   -5.35776   -29.5454   -55.9795    44.7475
    29.625     76.125   -89.5615   -87.2239   -65.1455    -42.126   -30.1488   -21.6186   -54.7806   -58.7821    46.6604
    29.625     76.375     5.8193   -10.5435    18.7815    31.7199    36.1962     38.434    37.8388   -73.4304    53.4831
    29.625     76.625    6.64394   -8.37389    15.7777     28.882    29.9724    31.9829    29.9064    -76.472    79.0155
    29.625     76.875      23.86    7.52934    25.4648    40.5808    40.5961     42.771    41.8883   -66.0325    77.3574
    29.625     77.125   -20.0508   -12.8742   -22.3475    2.69451    5.92098     3.3686    41.5538   -31.0064        100
    29.625     77.375   -29.2769   -6.27166   -39.1432   -23.7094   -23.7341   -21.9126   -1.81591   -36.2332     62.504
    29.625     77.625    9.08477    29.1556    -37.904   -19.4197   -5.36881   -8.97572    42.1376   -40.8651    30.5983
    29.625     77.875    -12.812    31.8835   -49.5379   -22.1118   -1.12085      3.508     41.985   -58.7729    61.9217
    29.625     78.125   -19.2255    35.2958   -32.5578     1.7742    16.4929     19.306    54.0394   -85.2103    76.0697
    29.625     78.375   -34.4894   -2.84859   -27.8714   -8.30178    1.74918    12.2092    22.4986   -62.0378    54.2375
    29.625     78.625    -95.092    -81.232    -80.677   -43.9699   -35.8704   -30.6976    -49.535   -62.0383    58.8895
    29.625     78.875   -48.8408   -36.4161   -41.4556   -17.2161   -10.9493   -8.30387   -24.9586   -63.7306    69.5932
    29.625     79.125   -10.5423    5.64236    -9.1051    12.8612    11.4867    14.0539     17.286   -60.5992    37.5799
    29.625     79.375    23.8234    57.7119    4.98441     18.577    19.8235    21.1717     45.377    12.7847    52.7406
    29.625     79.625   -1.50339    31.2127   -7.16786    2.98143    17.7654    12.2314    17.2635    47.1488     52.939
    29.625     79.875    14.4585    44.3907   -10.0749    1.38355    10.3581    13.7081    35.8689    44.5378     64.224
    29.625     80.125     36.963    42.1888    -27.753   -1.87693    3.71381    18.6605    35.1765    41.7425     87.825
    29.375     73.375    4.64894   -32.7178    4.99955    4.30032    11.7688    8.84844    50.2382   -60.8356     19.999
    29.375     73.625    23.0599    12.8756    14.7917    36.5775    52.7626    57.0465    87.3856   -60.8675    41.8422
    29.375     73.875    25.6144      11.96    23.9491    39.8319    54.5172    59.2443    79.5625   -66.8812      46.75
    29.375     74.125    13.4186   -16.4223    15.3297     27.574    39.6512    45.8074    57.2415   -66.7788    33.8126
    29.375     74.375   -42.6226   -29.2406   -16.0163    9.10143    12.6693    7.57603     1.0412   -50.6428    33.6267
    29.375     74.625   -14.9387   -34.3532    6.45296    29.1003    33.9937    37.9637   -2.35007   -61.9296    30.2876
    29.375     74.875     16.379    2.21148    28.6849    39.2714    43.1857    48.2316    35.1668   -70.1365    60.5498
    29.375     75.125    2.07315   -2.86085    4.39874    15.4295    19.3864    28.0808    10.8772   -82.6629    57.6117
    29.375     75.375   -26.3901   -33.4267   -15.5388   -2.86351    4.07939     11.319   -15.1587   -87.2761    58.6464
    29.375     75.625    -23.987   -27.3416    2.70309    9.63131    12.8909    12.9714   -24.5987   -72.6549     39.837
    29.375     75.875   -82.3155   -94.9429   -56.4303    -38.778   -30.5167   -27.1193   -57.7782   -38.7896    15.3628
    29.375     76.125   -16.4576     -30.25    4.46909    12.8281    15.7468    19.3521    25.7922   -75.9962     73.732
    29.375     76.375   -60.2252   -71.5798   -38.3113   -23.7296   -20.3034   -18.4399   -17.9792   -55.9909    86.6067
    29.375     76.625   -16.9177   -28.0907   0.952198    13.6169    16.8364    20.6024    20.0626   -82.8712    62.0227
    29.375     76.875   -93.4247   -99.8631    -71.058   -54.6689    -50.159   -49.5143   -60.7708   -54.7396   -3.27708
    29.375     77.125   -63.2683   -62.1078   -65.6946   -47.6209   -43.7102   -42.4426   -49.5971   -47.2498    63.2718
    29.375     77.375    29.8848    40.1314   -7.32095    12.7327    9.65625    14.6064    35.8422   -63.7772    60.2828
    29.375     77.625    38.9554    49.7522   -11.8194    1.93248   -2.53894   -4.07878    62.5382   -63.1809    83.4618
    29.375     77.875    23.6864    54.2595   -21.4495   -6.75972    -2.1123   -4.22488     58.925   -86.4663    92.6293
    29.375     78.125     -34.78    17.4817   -54.3602   -4.21269    7.19195    3.99835    19.0991   -61.2146    35.3498
    29.375     78.375   -44.2735    18.2254   -55.8845   -11.1884    3.87775  -0.175199    32.5428   -98.8682    49.9685
    29.375     78.625   -46.1838   -23.7856   -46.8243   -21.8169   -13.8191   -14.1547   -12.2292   -80.4666     45.021
    29.375     78.875   -33.0157   -16.4801   -31.4079   -9.38079    3.53748   0.587982   -14.1942   -63.8913     31.565
    29.375     79.125   -12.4059    22.2303   -12.6571     5.6974    18.6813    26.9105    29.5895   -80.6743    73.3405
    29.375     79.375    8.15277    44.5385    14.6775    23.0873    20.7908    26.6658    34.0854   -47.4552    81.4959
    29.375     79.625   -43.1457   -24.1001   -33.9744   -20.2705    -19.313   -19.6304   -31.5136  0.0983192    69.2531
    29.375     79.875    28.0615    40.6737    19.4285    27.8749    29.1895    17.8555     15.176    58.3094    63.9432
    29.375     80.125    29.1202    40.8799   -2.93072    19.0228    23.7772    22.1426    32.1515    50.1221    68.9563
    29.375     96.125    85.9918    85.6263    90.4813    92.5541    94.0278     96.143    99.4708    -80.962   -58.6002
    29.125     73.125    26.7758    8.09888    67.1071    47.4359    61.1671     52.968    63.3288   -61.3248     12.861
    29.125     73.375    68.3474    61.8002    76.3729    82.6922      87.37    87.6555     91.578   -33.0809    22.2709
    29.125     73.625    32.2639    20.0099    38.1733    47.8532    59.3952    65.4193    90.7486   -61.2423    28.5675
    29.125     73.875    13.7092   -6.08323    13.6927     30.423    40.8675    47.1353    84.2009   -47.9897    36.4892
    29.125     74.125   -7.79584   -18.4092   -6.77754    9.15506    20.6965    28.8996    24.7038   -48.5333    35.2997
    29.125     74.375   -46.8372    -55.681    1.95158    18.3606    35.7868    44.8757    46.4014   -52.3262    19.8475
    29.125     74.625   -18.5141   -49.0814    12.5115    30.1166    45.1363    54.6131     45.957   -57.5719    13.8311
    29.125     74.875    -41.106    -56.668   -17.8695    4.43968    8.50236    6.85877    8.79918   -57.4632     35.361
    29.125     75.125   -24.8176   -28.5842   -16.5642   -9.58015   -2.51403    1.89157    -1.9286   -66.5085    75.3081
    29.125     75.375    13.1192  -0.422034    24.2237    35.5874    44.5122    44.2246    41.5659    -72.304     52.284
    29.125     75.625     9.3936   -7.55481    23.8491    36.3944    44.8548    42.6102    23.6141   -66.6371    32.8308
    29.125     75.875   -43.9214   -65.1402   -15.0075    2.18392    5.80814    7.26491   -7.80787   -69.7252    27.1774
    29.125     76.125   -46.0811     -60.45    -22.231     -8.367   -4.07675   -0.22028   -3.76558   -57.1032    26.0604
    29.125     76.375    -76.521   -84.8754   -47.8114   -33.7427   -33.4136   -31.3624   -43.4174   -59.8919    74.1467
    29.125     76.625   -24.2152   -26.0523   0.619799    10.2214    16.2733    19.3117    13.3107   -65.3458    33.3815
    29.125     76.875   -24.9617   -34.4766   -4.57543    5.62588    9.53864    9.27592    2.93629   -57.0532    1.46229
    29.125     77.125      15.05    6.30282    10.3877    23.8968    5.83005   -4.16615    4.18115   -67.6608    65.2599
    29.125     77.375    39.5565    35.6461    11.9071    30.4861    25.9938     15.664    30.5937   -55.2988    56.5531
    29.125     77.625    53.9857    46.3684    4.30471    13.3429    10.7849    1.00386    50.7968   -93.4413     84.986
    29.125     77.875    25.6816    46.6967   -10.9722   0.201157   -1.05174   -3.60219    52.1708   -69.6997    95.9227
    29.125     78.125   -55.0736    15.1765   -49.8686   -5.26202    4.03165     2.0586    30.8079   -91.7187    56.9387
    29.125     78.375   -46.4805    18.0624   -48.2279   -8.73709 -0.0676839   -6.80068    37.1278   -99.0293    57.6199
    29.125     78.625    5.32914     39.957     -15.07    13.6605    13.8729    3.46671    38.5733    -77.031    58.0045
    29.125     78.875   -18.8184    12.6262     -27.55   -3.34945    12.1566    9.53221    4.58241   -44.1591    58.3122
    29.125     79.125    19.6901     36.458   -8.70239     7.1765    27.4545    36.6701    44.9107   -46.2597    64.4407
    29.125     79.375    10.2882    37.3278   -16.4398  -0.977451    14.9541     24.886    44.4346   -72.3881    69.3474
    29.125     79.625   -23.1338    2.18423   -11.2317    5.57528     13.026      15.48   -12.4929   -18.7879    76.4346
    29.125     79.875   -3.01937     27.453   0.115772    21.0764    26.4983    32.7147    12.9958    24.5046    83.7795
    29.125     80.125    13.7713    31.1915    11.0653    27.5713    32.6823    28.1865    19.5166    18.3964    66.4651
    29.125     94.375    33.7551     30.527    48.4134    49.0397    50.5887    60.7686    23.3171    59.5426    42.9092
    29.125     94.625    33.6953    31.9278    50.0936    50.5068    52.4453     63.027    23.2992    51.3706    37.0085
    29.125     94.875     40.588    36.7726    49.6689    45.9491    43.7531    53.2159    35.2796    2.85402    22.0371
    29.125     95.625   -20.3586   -21.2148   -16.3242   -11.7882   -6.12383   -2.35646     23.626   -1.46016    1.49314
    29.125     95.875    23.3741    19.0017    31.0613    36.3001    41.9536    46.5797    68.8487    56.8666    59.2807
    29.125     96.125    86.2264     84.154    93.0017    97.1785    99.2537    98.5902    96.5327   -77.8167   -51.3291
    28.875     72.875   -9.46134   -19.1732     9.7884    17.9695    30.4015    27.3587    20.9484    -31.693    9.96916
    28.875     73.125    25.6522    17.5953    40.7694    36.5048    43.5004    43.4666    34.5074    13.9794    43.9966
    28.875     73.375    21.7586    7.07746     24.752    31.8291    37.1655     41.372    99.9288   -28.8605    27.6953
    28.875     73.625     12.187    3.29214     5.6061    17.7847    21.0328    23.9114    83.5788   -26.1368    28.2988
    28.875     73.875    3.09402   -11.0437   0.946239    14.5704    23.0805    29.2143    66.8058   -32.8499    29.5759
    28.875     74.125    -18.405   -30.4032   -9.08744    11.3868    23.2679    31.1833    44.6504   -45.2812    23.2067
    28.875     74.375   -35.5893   -44.0151   -7.65991     10.109    19.2845    26.4037    39.8613   -65.7644    12.0739
    28.875     74.625   -26.1885   -42.3112    -1.5671    14.1211    24.3531    29.1253    45.9618   -67.9706    11.1398
    28.875     74.875   -2.54092    -30.146    5.54922    20.1248    28.8794    31.6624    35.2591     -82.54    31.2632
    28.875     75.125   -57.8589   -81.4213   -34.8592   -12.3798    1.42203    4.68335   -8.97195    -58.873    45.7551
    28.875     75.375    -37.142   -56.4982   -22.9293   -9.32241  -0.671187    1.53272   -39.8381   -68.4661    -14.546
    28.875     75.625   -41.1884   -53.2389    -31.758   -20.2119   -3.77548    -11.382    -22.534   -77.5756    7.63369
    28.875     75.875   -16.2199    3.35795    -18.623   -4.67037    5.22507    7.26775    1.94978   -61.2887   -9.37105
    28.875     76.125  -0.749377    5.40448    10.1088    18.7779    24.4043    26.4347    25.6961   -57.2123    3.98808
    28.875     76.375   -13.1466   -20.9416    11.5677    23.5368    27.8241     30.076    32.2063   -61.2885    81.3021
    28.875     76.625   -36.8881   -47.4802   -5.21768    10.1043    14.5351    18.1264    18.5357   -77.7191    69.2966
    28.875     76.875   -38.7037    -45.708   -32.3703   -15.8897   -8.48701   -5.79006   -20.1235   -79.6672    47.8354
    28.875     77.125    28.1557    21.6582 -0.00993967    28.9501      32.98    31.6206    52.0711   -86.0942    69.9258
    28.875     77.375    55.8764    37.6456    3.09651    16.1878    25.2026    19.5944    39.0582    -99.706    66.4365
    28.875     77.625    49.9375    38.9904    11.2876    17.7093    21.5983    10.6756    36.6509    -99.009    70.5168
    28.875     77.875    2.94215    23.0831   -5.37872    20.1969    16.3905    13.1004      31.79   -68.0663    76.9821
    28.875     78.125   -40.8968   -10.0144   -20.1836    16.9727    22.2458    15.0605    8.30954   -52.3313    79.2818
    28.875     78.375   -50.5701   -3.82238   -37.1632    8.96685    15.1775    10.4573    13.6036   -93.8599    79.1498
    28.875     78.625   -56.8631   -22.8105   -40.1249   -5.37703    18.5057    12.1626    2.26282   -72.1677    57.8761
    28.875     78.875   -33.5788   -9.01364   -26.7326   -2.60633    12.4003    5.82844   -3.33044   -12.9381    58.1665
    28.875     79.125    19.7126    44.2198   -8.96034    15.7827    34.7501    33.1887    48.6288   -22.3026    70.3322
    28.875     79.375    29.0069    48.0533   -1.63455    14.2903    32.7506     30.101    54.3425   -10.6438    65.3943
    28.875     79.625   -4.28694    21.8769   -29.4871  -0.570505    25.4768    25.1604    27.2517   -25.6452    62.5658
    28.875     79.875   0.800786    28.9914   -20.8523    2.20028    28.9152    34.1608    34.5703   -19.4816     71.563
    28.875     94.125    38.1852    37.4388    49.3566    46.3281    47.9065    57.6911    30.2747     47.693      56.79
    28.875     94.375    37.1846    35.8737    48.9623    47.5421    47.8362    54.9457    29.0975    31.8789    56.0473
    28.875     94.625    19.6268    18.4277    30.9838    30.4154    30.9358    44.7929    16.4648  -0.222862     42.557
    28.875     94.875    29.1503    29.9712    36.4557    31.8685    29.2592    41.1171    30.5781   -2.91974    34.9347
    28.875     95.125    12.1869    11.4612     15.045    8.32137    11.0966    24.7441    31.1257   -12.8018  -0.964727
    28.875     95.375    -9.8802   -8.24615   -9.65653   -10.6335   -6.80053   -2.45109     23.962   -8.10675    5.45829
    28.875     95.625   -26.3575    -26.409   -22.5692   -18.4147   -11.1358   -6.06422    4.11704   -12.3096    4.19187
    28.875     95.875   -41.7258   -43.8948   -35.1896   -27.2365   -19.1948   -14.5884   -7.45888   -16.6634    4.79297
    28.875     96.125    7.92381    7.43385    12.5628    17.7414    22.1357    27.1065    30.4232    49.3708    64.0099
    28.875     96.375    91.1909    90.5468    94.8927    97.2768    98.9547    99.7608    95.1807   -79.0839   -55.4365
    28.625     72.375   -59.4636   -75.9388  -0.471885    -27.691   -26.6546   -22.3387    -6.1014   -54.6413    19.3816
    28.625     72.625   -47.8817   -61.2893   0.415998   -24.4458   -19.3287   -11.3676   -7.08021   -55.0034    19.6731
    28.625     72.875   -20.9137   -41.7528    8.09532    2.31872    3.94962    9.80884    15.9175   -48.6433    18.5276
    28.625     73.125  -0.714502   -23.8203    4.85564    9.28223    12.2385    19.0988    32.7064   -29.0707    7.47816
    28.625     73.375   -0.31515   -22.3837    7.46648    9.77392    12.9589    18.0946    34.9455   -37.3257    9.95088
    28.625     73.625   -7.78917   -36.4448    6.10905     2.4674    3.90146    7.91054    21.2916   -55.3178    8.77899
    28.625     73.875   -25.0236   -66.5581    -3.7492   -26.3199   -3.51541   0.948017    11.1254   -84.0219     13.414
    28.625     74.125   -30.4784   -53.2982   -7.11484   -1.63623    4.68269      8.418    14.2067   -70.6999    11.1583
    28.625     74.375   -34.7616   -63.0972    1.31592    6.96827    14.5484    18.2098     26.676   -68.2319    7.22836
    28.625     74.625    5.97593   -9.61493     18.609    28.9548     36.163    37.6112     42.794   -53.5859    3.29123
    28.625     74.875    12.4551    5.24723    22.6686    32.5774    39.0147    40.1781    35.2781   -82.7894    6.11752
    28.625     75.125    17.9836    13.3723    20.1325    26.5479    32.1513    33.3362    22.1724    -68.685    37.6453
    28.625     75.375   -38.5427   -53.3033   -29.1792     -16.57   -2.72175    1.96939   -33.4673   -59.0317    3.03871
    28.625     75.625   -13.7455   -6.14746   -28.8251   -15.5661    -2.8817    -9.9182   -54.6033   -53.9603   -24.8019
    28.625     75.875   -16.2963   -11.6963   -31.8087   -19.3952   -9.60918   -11.5725   -40.4232   -45.2983    23.4863
    28.625     76.125    3.66216    8.41622     14.089    27.9104    33.7035    36.1234    33.8121   -64.6266    37.5624
    28.625     76.375    11.5053    12.2553    23.5499    35.1629    43.2066    44.7727    38.4937    -57.775    37.7813
    28.625     76.625    29.5089    26.5468    39.1505    50.1899    53.3151     52.764    59.6289   -88.7855    72.4898
    28.625     76.875    15.3674    20.1674    21.5461    33.1077    37.8168    40.7068    44.9311   -53.8065     69.764
    28.625     77.125   -50.9379   -57.5681   -40.3767   -28.7986   -26.2209   -25.5172   -30.5023   -39.6175    19.9574
    28.625     77.375   -30.2157    -34.156   -43.4593   -23.9042   -15.2986    -13.192   -34.3696   -78.6576    16.3553
    28.625     77.625   -41.5169   -45.0526   -39.5435   -28.2195    -19.101   -15.9584   -37.3742   -93.9845    60.7499
    28.625     77.875   -98.5596   -89.7822   -76.4992   -54.2124    -37.966   -35.6043   -59.8661   -59.1796    50.3644
    28.625     78.125   -41.1524  -0.151177   -14.4354    24.6247    34.3074    26.8242     14.247   -66.7641    65.7333
    28.625     78.375   -16.5281    42.4568   -19.4106     20.623    26.5197    25.2704    27.8488   -91.9401    66.2903
    28.625     78.625   -64.4525   -33.8306   -53.2749   -35.3476   -30.8833   -25.6777   -33.7109   -50.1588    44.4665
    28.625     78.875   -44.2512    -9.3386   -36.3123   -1.76204    4.21185   -3.95428   -4.24767   -14.8043    25.1178
    28.625     79.125    7.89176    31.2863   -18.1768    4.83636    26.6764     30.705    23.3941    -52.918    57.3615
    28.625     79.375   -13.9222    20.6244   -13.2051    7.16538    31.7215    26.2823    23.2492   -6.03905    82.6397
    28.625     79.625   -31.6041     3.9737   -47.4996   -6.69086    19.1556    18.8404    13.8179   -32.3655     49.836
    28.625     79.875   -33.6909    3.87606   -62.0957   -15.9094    14.9143    19.4191    9.84503   -17.2909     60.523
    28.625     80.125   -11.7965    17.6704   -46.4172   -11.1682    22.6317    22.9024    21.1783   -43.0829    73.2243
    28.625     80.375   -1.56181    27.5773   -23.6189   -5.68325    12.5707    12.8208    27.9568   -35.2401    52.7914
    28.625     80.625   -13.8895    22.1929    -31.997   -11.9582    12.3925    15.4756    28.4827   -36.1804     65.316
    28.625     93.625   -6.21488   -1.40083    10.1689    8.88025    11.0652    15.3678   -14.7029    6.48478    10.7258
    28.625     93.875   -10.2298   -3.07816     1.2584    1.53119    5.00607    15.1542   -18.2177    63.9883    27.3587
    28.625     94.125   -3.55708   -2.61695    2.24446  -0.141708    1.54047    20.5931   -6.49373    29.4629    21.4271
    28.625     94.375   -3.32128   -3.52139   0.341324  -0.905832  -0.723209    16.7886   -6.66589    23.4027    16.9728
    28.625     94.625    17.1018    16.4541    27.2052    22.5727     20.345    37.7132    12.5982    37.8882    35.2093
    28.625     94.875    4.64544    2.75221    10.8985    4.47721    8.10885    28.2533    11.0878    14.1893    9.50255
    28.625     95.125   -9.83967   -8.66982   -9.25604   -10.7201   -7.62323    -2.9399  -0.109671   -6.27341    1.00435
    28.625     95.375   -6.32258   -4.14028   -6.82868   -6.89719   -2.92861     4.4947    18.7036   -5.03005    14.1971
    28.625     95.625   -19.5943    -18.266   -16.6844   -13.9465   -8.10936   -4.14905   -1.35492   -17.1805    10.1121
    28.625     95.875   -45.7846     -46.53   -39.1178   -30.4923   -21.6954   -17.0477   -13.9272   -26.9816    4.53284
    28.625     96.125   -54.8956   -54.0362   -50.1204   -42.4493   -35.9675   -33.0033   -39.2567   -11.6292    5.22682
    28.625     96.375    89.7797    91.1473    94.2782    97.2101    99.0069    98.3927    96.4387   -78.3943   -50.6538
    28.375     72.375   -56.9062   -68.8351   -9.27814   -14.5153    -12.295   -8.61185   -12.8602   -67.4425    10.5504
    28.375     72.625   -47.7106   -58.7277   -13.3542   -6.84708    -4.0215   0.286793   -3.92068   -51.7799   -2.20952
    28.375     72.875   -21.0849   -41.9577   -4.09939    3.14536    5.46932    12.7178    17.2394   -46.4839    3.80908
    28.375     73.125   -2.09808   -19.6803    3.19705    7.07957    9.10093    15.2527     20.584   -40.2719    16.3718
    28.375     73.375   -10.7419   -37.1289    10.0559     5.8858    7.35299    12.2539     20.684   -62.5434    9.66065
    28.375     73.625   -27.7689   -51.4145    3.48376   -12.8517   -20.8705   -10.4883   -3.83787   -88.0819    7.54445
    28.375     73.875    -18.293   -54.7417    10.5903    4.26268    1.80711    3.56598    1.08308   -76.8099    15.6403
    28.375     74.125   -40.3435   -62.3386    2.15253    1.42513    1.14588  -0.521495    3.40132   -82.6036    12.9482
    28.375     74.375   -44.3447   -65.3036      1.797   0.818988    4.28456    3.44886    14.4572   -79.1071    12.6879
    28.375     74.625     30.359    20.2396    43.3316    46.9589    53.9043    55.1405    51.4397   -79.3347    7.10896
    28.375     74.875    21.4051    14.1596    29.0677      36.51    42.9935    44.2135    37.9023   -79.4614    12.4628
    28.375     75.125     22.391    17.9643    25.3946    32.2468    38.4355    40.2091    33.3311   -68.5913    57.1019
    28.375     75.375    26.2142    21.8088    32.4197    31.6915    36.3073    38.0436    37.2588   -67.9551    54.8608
    28.375     75.625    21.2634    18.1055    16.7219    23.8084     28.951     35.484    34.6176   -69.2232    39.1272
    28.375     75.875    43.5654    36.1233    48.2828    62.4753    68.5387      70.82     68.086   -64.8983    49.4109
    28.375     76.125    26.1211    32.3146    25.0268    34.4764    38.5837    40.2573    36.9697   -70.7411    53.6519
    28.375     76.375    6.22682    12.9359    20.8763    33.1739    40.7517    46.2784    49.6954   -62.9445    65.0652
    28.375     76.625     41.228    40.1133    48.6742    55.5858    62.2584    66.8639    76.9159   -85.8844    96.0775
    28.375     76.875    19.3165    37.3324    24.6587    40.6546    47.0511    49.7839     77.138   -44.7288    77.8946
    28.375     77.125   -6.50032  0.0115624   -9.48948    10.8739    14.0549    13.2172    16.1314   -65.6135    34.7239
    28.375     77.375   -30.1061   -25.3441   -29.9504    -3.7276   -10.0845   -16.2662   -20.6013    -97.555    26.9281
    28.375     77.625   -16.3531   -18.2026   -6.78444    23.0568    23.9545     20.626    16.6162   -64.9537    13.7147
    28.375     77.875   -20.1866   -11.5851   -6.26984    20.4082    24.4397    18.0204    8.79927   -86.0021    19.3072
    28.375     78.125    42.0992    63.7379    35.3052    67.0364    56.0555    43.4111    61.8191   -88.2136    57.1772
    28.375     78.375    6.94993    65.0997    9.49018    52.6268    52.5551    39.7866    29.9333   -68.7635    62.0255
    28.375     78.625   -46.5135   -3.88338   -34.7497   -10.4875   -17.4395   -18.1598   -17.7522   -55.3853   -34.8167
    28.375     78.875   -48.9947   -26.3469   -42.2899   0.883931    5.83317   -5.37218    5.14086    -66.491   -4.83703
    28.375     79.125   -32.9826     18.085   -40.2265    8.09675    17.7513    7.78349    33.3275   -95.4165     65.615
    28.375     79.375   -21.0253    22.6958   -12.3058    12.4078    22.3797    9.42708    14.3854   -63.0892    70.3457
    28.375     79.625   -81.1803   -50.3722   -73.0462   -42.2538   -31.2014   -35.0136   -47.4429   -41.4308    50.7304
    28.375     79.875    -38.622   -12.9553   -45.0953   -22.1427   -13.1477   -18.6921   -23.0934   -44.2241    59.1117
    28.375     80.125   -12.2893    14.3103   -38.5761   -14.1862    9.69714    4.54859    17.5314   -43.5466    63.0568
    28.375     80.375   -3.82994    16.1934   -27.1419    -13.065    4.78707     2.2324    21.3281   -35.9321    57.9258
    28.375     80.625   -12.4714    27.2155   -30.8247    -10.295    14.8984    15.5021    34.3571   -33.9464    61.9968
    28.375     80.875   -40.8284   -6.58682   -46.0914    -15.102    2.60224    2.02898    1.51643   -40.8588    68.7687
    28.375     81.125   -42.1241    19.3993   -66.4093   -19.3404    2.57159   -4.12202   -11.6726   -64.8464    59.2907
    28.375     93.375   -71.7201   -68.6047   -73.8661    -70.438   -58.2316   -44.1203   -63.1849   -55.1581   -16.3852
    28.375     93.625   -49.7243   -51.4161   -46.6123   -43.1712   -33.9711   -22.1353   -45.0361   -32.9874   -23.7818
    28.375     93.875    -17.283   -16.5024   -14.5972   -12.4899   -8.28583   -0.19063   -15.6403     18.131   -3.27304
    28.375     94.125   -17.5246   -16.0879   -13.6196   -13.1967   -10.0625  -0.136152   -15.8081     30.996    17.4627
    28.375     94.375   -13.6851   -11.4138   -9.16649   -10.3572   -9.65233  -0.318265   -13.1785    32.0666    4.61404
    28.375     94.625   -14.4837   -13.3426   -12.8299   -14.6363   -11.9994   -4.25711   -12.7571    7.67396 -0.0229973
    28.375     94.875   -14.7615   -14.5176   -11.1057   -18.3985   -12.8439   0.159231   -6.36745   -4.59611    2.28904
    28.375     95.125   -29.9788   -27.9997   -29.6234   -32.9653   -22.3023   -8.12817   -6.12245   -32.6669    11.0969
    28.375     95.375   -28.6224   -24.5473   -29.5397   -26.1521   -12.6338   -2.60354   -5.19329   -31.2844    16.1565
    28.375     95.625   -17.0471   -16.1429   -13.3038   -7.87268   -1.79218    7.28799    2.80072    -9.8588    34.1698
    28.375     95.875   -32.2696   -32.6668   -26.3066   -18.6706   -10.7243   -5.81168   -3.56765   -24.3229    20.1255
    28.375     96.125   -64.0497   -63.5632   -58.2752   -49.2418   -41.5918   -38.3174   -46.9051   -22.1561   -17.4181
    28.375     96.625   -17.3125   -15.5477    -13.186   -6.42485   -1.84282 -0.0268101   -2.18553    45.6753    12.4804
    28.125     72.125    -31.884   -52.3898   -14.7869   -12.9032   -5.34737   -3.31903    -15.022    -59.589     10.828
    28.125     72.375   -46.9152   -56.1781   -17.4473  -0.639928  -0.829307    1.48976   -5.93061   -52.0269   -4.77615
    28.125     72.625   -33.0097   -39.4267   -16.5924    6.84804    4.52519     8.4285    4.08364   -60.4685    4.10433
    28.125     72.875   -12.3417   -30.6276   -8.88218    11.3537    7.88088    14.6026    18.7574   -67.4288     16.109
    28.125     73.125    41.2171    32.4042     42.643    47.1144    48.7531    53.5184     56.925   -9.02278    26.5181
    28.125     73.375    50.3317    42.6342    57.0095    53.6739    54.7675    58.9759    63.7211   -9.11181     31.196
    28.125     73.625    31.9541     26.016    51.1251    39.3561    35.1542    43.1357    44.2414   -83.9141    18.9662
    28.125     73.875   -15.8194   -21.8197     9.3916    5.76341    1.59677    2.04718    9.75874   -69.9336    14.5763
    28.125     74.125   -39.2989     -56.14    1.44442     2.2067    4.96952    3.77281    13.4768   -78.8943    15.2929
    28.125     74.375   -2.36327   -20.9569    10.6519    14.3543    22.4963    25.4828    32.9654   -75.9547     25.429
    28.125     74.625    39.9764    29.8795    56.3735    61.6057    67.3045    66.5552    71.0303   -77.0302     33.383
    28.125     74.875    37.9059    27.0416    49.6422    52.9052    59.3186    60.6264    58.6948   -74.0258    30.4488
    28.125     75.125    11.2706   -10.8092    17.4494    10.9821    15.6891    19.0956    31.4755   -57.3359      23.66
    28.125     75.375     39.907    32.2628    54.2885    56.8073     59.951    60.0269    69.9699    -77.039    35.7031
    28.125     75.625    16.6746    20.0544    10.7939    10.6422    15.9643    25.2124    25.3061    -78.933    45.7056
    28.125     75.875    20.6008    5.62134     43.014    60.4138    67.4393    73.3744    87.6997   -78.7496    68.5766
    28.125     76.125     52.208    43.9063     51.185    55.3584    56.3937    59.0363    92.2315   -58.5781    66.9572
    28.125     76.375    32.3721    17.6949    47.1317    63.6377    65.8087    68.6278    76.2815   -41.3374     75.123
    28.125     76.625    55.8637    61.4617    52.5198     66.353    71.9053    73.2285    94.8625   -76.5462    70.0555
    28.125     76.875    49.1338    73.8808    51.8499    65.2466    69.5905     73.904    90.4153   -61.5301    62.4911
    28.125     77.125    1.94264    11.4144    -6.8956    23.9945    25.9112    29.5289    22.0941   -87.6076    58.3596
    28.125     77.375   -25.1615   -14.5468   -24.0935    0.35311    3.60979    4.25838    9.13427   -90.4744    7.27725
    28.125     77.625    -29.661   -20.9287   -18.2642    10.6636    11.8616    7.73424     8.6875       -100   -21.1629
    28.125     77.875    16.5829    16.4989    16.7343    39.5033    43.0591    35.2014    34.4333       -100    18.5777
    28.125     78.125    74.0356    56.0623    77.1773    83.0957     68.395    50.0163    73.5878   -72.1091    52.3468
    28.125     78.375    63.0476    81.3886    39.0597    61.4054    50.3761     29.231    52.5107   -52.5802    43.5396
    28.125     78.625   -2.00807    25.4055   -11.5444    13.3092    9.85396   -1.04451    2.11743   -47.8595   -43.2307
    28.125     78.875   -3.80254    40.5258   -11.6626    30.1188    36.6644    19.4735    15.0914   -96.3738      40.51
    28.125     79.125   -29.4079  -0.693836   -31.5335    15.6717    12.0495   -3.38523    32.3179    -86.009    73.9392
    28.125     79.375   -61.6624   -28.1843   -57.5699   -35.7558   -33.2984   -37.1441   -36.2291   -54.4894   -24.3625
    28.125     79.625   -72.8836   -21.7162   -92.3132   -62.8094   -47.6201   -47.0683   -43.8655   -63.5414   -17.6637
    28.125     79.875   -14.7941    40.5351   -27.1499    2.92109    12.3278    -4.3511    20.9641   -51.2222    41.5717
    28.125     80.125   -4.32022    36.3284   -28.4686   -1.51549    24.0903    15.4103    37.3777   -60.0305    52.0306
    28.125     80.375   -8.84886    39.2601   -30.0809   -8.21969    14.4017     10.378    47.1492   -48.4979    59.6859
    28.125     80.625   -14.4935    35.4244   -33.4543   -9.49549    7.31918  -0.209365     42.096   -39.9517     59.795
    28.125     80.875   -52.9143   -8.35007   -56.8485    -17.213   -1.58126   -2.80354   -10.9497    -32.039    56.2089
    28.125     81.125   -76.0045   -16.0065   -88.8098   -31.5339   -18.2737   -21.4101   -55.1344   -60.4016    43.0062
    28.125     81.375   -14.3702    34.1729   -60.5689   -7.14664    8.85424    9.50133   -16.6473   -70.3758    47.1341
    28.125     92.875   -52.0362   -17.1124   -48.0674   -45.3402   -38.4607   -17.0378    -39.282    13.6222   -8.73071
    28.125     93.125   -91.6972    -78.659   -96.6971   -87.2492   -72.0871    -56.313   -77.4889   -53.7648    -26.233
    28.125     93.375   -83.5144   -82.3086   -87.2086   -80.1161   -67.5689   -58.6088   -81.4023   -46.0428   -28.3181
    28.125     93.625   -81.8234   -82.8639   -85.8538   -79.3236   -65.0271    -56.285   -79.9053   -27.8316   -35.1481
    28.125     93.875   -95.3802   -95.3833   -97.6841    -90.934   -78.3642   -66.7436   -88.8999    37.0646   -25.0412
    28.125     94.125   -93.9638   -94.0986   -93.0447   -85.7209    -74.125   -61.7194   -80.9176    36.5577   -16.7666
    28.125     94.375    -50.579    -48.675    -47.249   -44.8587   -38.7371   -25.2995   -39.3681    36.7204   -13.1771
    28.125     94.625    -54.759    -50.148   -49.3224   -40.6157   -38.5153   -30.8871   -38.9344    16.1293   -39.6947
    28.125     94.875   -18.8201   -19.7048   -15.2194   -22.0357   -13.8722   -2.23629   -23.0836    13.1779    1.90291
    28.125     95.125   -25.4561   -27.7359   -24.3245   -28.3562   -13.9585    3.05984    2.98655   -51.0778    23.3907
    28.125     95.375   -63.7676   -61.2581   -59.2696   -42.7431   -18.8086   -0.75108    2.97582    -65.297    23.6625
    28.125     95.625   -94.7738   -97.4136   -84.9263   -69.6614   -50.9425   -38.5577   -46.0142   -47.0604    11.1118
    28.125     95.875   -93.5026   -99.1485    -80.777   -69.1909    -56.535   -50.2986   -53.6832   -34.5852    -2.5218
    28.125     96.125   -53.5654   -56.5083   -47.3449   -39.5723   -33.6416   -31.7465    -34.587   -13.2226   -12.2666
    28.125     96.375   -33.7473   -36.2664   -28.3101   -19.0364     -13.41   -12.3253   -8.61268    54.7989    18.3398
    28.125     96.625   -22.4585   -21.3217   -17.2539   -7.79225   -1.32787    1.18447  -0.157305     24.812    16.6521
    28.125     96.875   -13.5942   -9.43275   -9.72616   -3.32397   0.795981    1.97543    7.41229    51.1624    21.8224
    28.125     97.125    13.0021    19.3231    15.8178    21.2649    24.3664    25.1065    27.0329    64.5463    27.0535
    27.875     70.375   -11.6788   -20.6927   -11.6839    3.26225   -2.86554   0.110388    2.06817   -31.3115    5.17858
    27.875     71.875   -18.8429   -32.5661   -31.1676   -19.3607   -7.39443   -3.27339   -7.95164   -69.0278    22.9289
    27.875     72.125   -6.38673   -24.3237    -15.775   -13.9248   -4.13202  -0.632089   -20.2044     -64.94    21.6109
    27.875     72.375   -10.3539   -41.9012   -11.7472   -15.7175   -10.7817   -5.14915   -19.9332   -73.8697    21.8468
    27.875     72.625   -34.2597   -44.6143   -15.1997    6.63611    4.69193    8.56222    1.73235   -90.7098    17.8826
    27.875     72.875   -38.2309   -48.6968   -16.2711    4.59956    3.98979    7.99218   -4.95903   -86.1654    15.7149
    27.875     73.125   -42.4708   -39.6904   -18.1071    7.74791    4.76767    9.63469     2.0257   -87.8212    17.3019
    27.875     73.375   -8.81447   -34.6533   0.428003    13.0733    13.2892    22.2039    26.5883   -92.6485    26.7119
    27.875     73.625    48.3826    46.9931    63.1167    55.2958    51.3852    57.9552    55.4674   -91.7618    21.6275
    27.875     73.875    38.3852    38.5641    52.9393    48.1024    41.6282    43.8236    47.3926   -72.4531    19.5771
    27.875     74.125    18.3784    13.9805     27.097     34.628    41.9856    42.1602    36.4108   -85.5317    33.9022
    27.875     74.375    33.4265    28.0819    45.9863    49.2641    57.5258    60.0358    72.9771   -70.0451    34.1705
    27.875     74.625    13.1077    7.58968    26.3371    37.9716    42.8815    46.2792    32.6599   -41.2656    64.4505
    27.875     74.875    5.17505   -15.6593     11.807    25.1178    30.0813    34.9946    22.2794     -79.17    37.4934
    27.875     75.125    7.59334   -22.1215    13.2537      10.37      13.85    21.2118     29.526   -59.0827    16.4821
    27.875     75.375    20.1571    13.9476    31.6949    38.2095    44.6599    48.7775    48.2476   -60.7644    20.0181
    27.875     75.625    14.7998    14.5742    20.3199    30.7818     37.176    43.6949    33.8227   -60.4152    20.3417
    27.875     75.875   -6.01268   -33.5111    33.8298     58.273    65.6696    72.9851    76.6529   -81.1134    60.2658
    27.875     76.125    16.3632    7.66097      25.09    37.8499    39.9225    41.5552      34.26   -57.8379    7.01837
    27.875     76.375    17.3226    17.6703    35.0143    49.3692    50.4285    56.1987    65.8088   -55.6322    58.4566
    27.875     76.625   -20.9195   -11.4519   0.291964    12.6699    13.1413    14.4101    14.3904   -75.3585    10.1726
    27.875     76.875    11.6564    17.4869    8.17911     40.933    45.6486    43.0466    41.6217   -56.3577    63.3307
    27.875     77.125    6.16664    11.6256    5.74946    32.9761    35.5842     37.673    22.8837   -79.8923    52.9668
    27.875     77.375   -32.8961   -32.0644   -25.1962   -4.08006    1.29221 -0.00183246    -0.6231   -57.8046    5.60872
    27.875     77.625   -96.3088    -98.893   -81.3022   -40.7529    -29.322   -27.0136   -32.8682       -100    3.36334
    27.875     77.875   -16.2152   -13.7881    2.15177    46.5714    62.9658    60.2174    51.9616       -100    38.8295
    27.875     78.125    21.0254    29.7287    31.7486    68.0226    69.5999    53.4372    61.7142       -100    49.2666
    27.875     78.375     35.358    58.6471    11.8285       36.2    35.1218    16.1268    27.0922   -44.8568    56.3452
    27.875     78.625    14.8786    41.7809   0.626728     31.691    34.1089    29.1014    33.8046   -87.2747    26.4671
    27.875     78.875   -11.3657    15.4249   -16.3188    23.0798    28.6573    32.9821    43.4279   -75.8384     18.851
    27.875     79.125   -23.0999   -17.2896   -22.7359    4.94867    4.66747   -7.16995   0.829296   -48.5794    12.1471
    27.875     79.375   -32.0902   -0.90302   -43.9221   -15.5543   -14.3704   -19.2574   -3.85498   -57.6655    10.8229
    27.875     79.625   -34.6878    28.4638   -70.9701   -24.3068   -13.4962   -19.5341    8.31721   -98.1112    39.7152
    27.875     79.875    37.3791    56.7395   -3.95438    21.1254    46.7885    36.4915    45.9083   -29.4633    29.0592
    27.875     80.125    6.67602    61.2459   -26.7941    8.08725    41.6216     20.739    50.8551   -58.3271    34.6011
    27.875     80.375   -13.9605    26.5808   -31.8709  -0.701578    21.4665    3.60027    33.7553   -44.9507    34.1659
    27.875     80.625   -66.1303   -37.5152   -61.3564   -20.9711    -14.845   -26.2105   -23.9297   -37.4199    30.8179
    27.875     80.875   -97.8969   -62.5119   -86.7573   -43.8045   -40.7084   -47.5747   -51.8451   -41.0282    30.1796
    27.875     81.125   -45.2213    18.0375   -66.6795   -9.48308    4.55281   0.832833   -38.7586    -62.885    24.0719
    27.875     81.375   0.292838    43.0391   -58.5227   -9.67939    10.9731    12.3612   -8.96687   -61.8857    32.9541
    27.875     81.625   -1.17947    36.1437   -53.9269   -9.60817    5.81081    5.94209   -4.15719    -56.844     39.116
    27.875     88.375   -18.1499   -14.7922    11.5586     29.821    67.4462    72.4752   -6.03244    4.96955    19.6769
    27.875     88.625   -21.9555     -18.52    3.80571    28.6127    75.0978    93.9147    -6.7166    33.8064    29.2908
    27.875     92.875   -49.2377   -21.9593   -49.2799   -49.0384   -43.8641   -24.2714   -40.2188    20.7514   -15.3551
    27.875     93.125   -79.5252   -69.2163    -84.106   -76.4191   -63.0683   -52.6029   -69.1275   -46.6517    -27.213
    27.875     93.375   -79.1303   -71.8721   -85.2597   -76.0211   -58.6259   -47.2538   -78.6814   -51.0408   -32.9724
    27.875     93.625   -76.7922   -71.9839    -85.168   -80.0024   -63.9951   -54.4568   -84.2993   -20.1117   -26.0602
    27.875     93.875    -95.706   -95.3801   -96.8998   -86.8846   -72.5863   -67.3482   -94.5323   -16.5192   -11.2848
    27.875     94.125    -88.589   -89.0514   -87.5182   -74.6648    -55.114   -38.9175   -70.7906    7.95353   -16.4533
    27.875     94.375   -64.4231   -61.4524   -61.3103   -61.4142   -52.7322   -34.3841   -53.0425    26.4302   -27.1966
    27.875     94.625    -37.533    -35.706   -37.3415    -44.846    -37.693   -20.8683   -35.5564    28.2529   -9.97694
    27.875     94.875    -10.817   -13.2048   -8.63063   -19.8289   -10.4453    2.18898   -20.4219    15.7787    4.83599
    27.875     95.125   -17.6014   -18.5278   -16.8431    -18.196    -6.1203    12.0923  -0.742395    -56.685    18.1946
    27.875     95.375    -87.785    -81.034   -85.5284   -63.7961   -35.4778   -9.37659   -25.0562   -59.1383    22.0393
    27.875     95.625   -64.2658   -63.2608    -66.229   -54.9135   -36.6036   -19.6811   -39.2041   -30.2112    7.45824
    27.875     95.875   -92.0762       -100   -76.2563   -65.9951   -53.5876   -44.4656    -53.745   -25.6181   -22.6587
    27.875     96.125   -42.2285   -44.0486   -37.2744   -29.1182    -22.559   -18.7322   -27.5708   -9.57653   -17.2755
    27.875     96.375   -53.3053   -57.3965   -47.1371   -35.8325   -29.1112   -27.3515    -28.158    11.7463   -2.12035
    27.875     96.625    -24.358   -26.0961   -19.0977   -10.4852   -5.28295   -4.21863    1.76503    69.8569    31.6757
    27.875     96.875   -34.5661   -28.7065   -28.2787   -18.4157   -11.1541   -8.16264   -9.51301    14.8809    1.94138
    27.875     97.125   -11.1546    -5.6644   -5.11661    3.92802    10.0725     12.827    14.7595    21.6861    18.1774
    27.625     70.125   -12.2495    -22.341   -12.3015    3.24369   -1.12077   0.655648    3.25264   -36.4406    4.19586
    27.625     70.375   -14.7498   -26.0134   -14.9253    2.72409   -1.85677   0.735081      3.154    -31.822    4.96151
    27.625     70.625    -15.592   -28.2751   -7.04921      2.173   -9.85006   -2.35271  -0.312409   -30.0692    15.3783
    27.625     70.875   -17.7383   -34.0991   -14.6378    -0.2983     -7.226   0.477818    3.59962   -36.0708    17.0335
    27.625     71.125   -27.2277   -33.2569    -43.502   -14.9296   -3.09119    2.65105    31.9756   -62.3853    23.1698
    27.625     71.375   -21.4323   -38.1282   -47.2628   -24.3658   -8.61858   0.394857    30.5063   -80.6812    25.1687
    27.625     71.625   -23.5765   -36.8101   -24.4752   -6.23361    1.89695    5.46696    17.4382   -66.9053     22.654
    27.625     71.875    2.89236   -10.0113   -14.5843   -11.4362   -1.63493    1.32551   -6.47217   -60.7518     22.008
    27.625     72.125    10.1224    1.25151   -10.7521   -12.5179   -1.70337   0.842585   -11.4642   -61.2806    22.5431
    27.625     72.375    13.1218    1.52582   -34.8768   -29.8316   -11.7195   -10.4971   -20.2957   -74.5408    27.7922
    27.625     72.625   -29.7935   -42.1311     -10.63    6.15615    6.16914    9.85087   -6.11533   -91.2217     20.387
    27.625     72.875   -25.7517   -42.7205   -7.93415    4.78913     4.7669    8.19133    -23.627   -84.1378    12.0886
    27.625     73.125    -33.837   -56.0076   -7.09667    4.76161    4.27047    8.52137   -11.7147   -65.8151    9.27774
    27.625     73.375    -7.7742   -44.8255    13.7834    22.4786    24.6825    37.0848    14.9907   -71.1644    13.0918
    27.625     73.625    34.7492    28.8592    51.3904     51.745    49.8986    53.5269     33.379   -87.6628    15.5078
    27.625     73.875    28.4043    16.3178    47.7673    46.8603    27.3119    25.5165    34.5502   -84.0518    55.9415
    27.625     74.125    9.32006    13.5708   -1.36092    19.8875    16.5442     13.924    32.6485   -89.2546    38.0884
    27.625     74.375   -20.5795    11.5215   -17.7901    16.3832    16.8905    14.8841    43.4014   -89.9924    54.7326
    27.625     74.625    13.0915    4.39622    32.7381    58.6718    64.2637    58.6579    37.4129   -47.4337    67.8722
    27.625     74.875    17.4605    8.92386    25.7941    41.1854    47.7343     52.749    20.6972   -92.7458    31.6816
    27.625     75.125    3.67303    -19.642    17.2705    26.5792    31.5044    31.8515    25.1371    -72.055    29.3369
    27.625     75.375    25.5752    23.5265    49.8901    61.8323    65.8088    69.2344    72.4831   -83.9567    53.6764
    27.625     75.625     17.814    26.3716    32.4592    52.0339    57.1535    61.2405    56.9791   -84.3139    20.9131
    27.625     75.875    13.7353    1.80635    32.2599    53.4617    60.3587     58.372    68.4962     -65.31   -1.73385
    27.625     76.125    8.29904    4.84964    23.6092    41.2726    44.9291    41.7268    52.6826   -70.0466    30.1411
    27.625     76.375   -6.73917   -2.29504     14.124    29.7958    32.4869    36.4434    49.1301   -75.9114    33.8458
    27.625     76.625    9.32073    29.0903    11.6429    45.5061    47.7112    45.9136    61.3397   -90.1348    65.7123
    27.625     76.875    33.1865     45.796    32.3336    69.3036    70.5638    77.1475    77.4133   -60.4469      64.51
    27.625     77.125   -43.4975   -39.2762   -24.9816    5.40267    10.5336    11.2211    4.44279   -57.5182    4.38322
    27.625     77.375   -44.8415   -50.9453    -23.591    3.61398    16.0768    17.7968    13.7698   -82.1412    6.89689
    27.625     77.625   -53.4678   -61.8541   -33.0023   -2.14337   -3.27684   -11.8739   -29.2201   -85.3711    36.2344
    27.625     77.875   -27.2393   -36.8169   -13.9388    28.2562    39.9344    34.0792    29.8677       -100    52.5553
    27.625     78.125    9.69239    28.2825    22.7651    60.2105    58.3569    34.5002    73.1809   -68.6746    67.6797
    27.625     78.375   -7.21817    8.88472   -3.55937    30.7056    49.5863    33.9751    71.4436   -85.5345    49.6697
    27.625     78.625   -71.1837   -60.1177   -60.4231   -14.8939   -17.4828    -22.721    2.44374   -83.9309    9.55421
    27.625     78.875   -25.6799    6.40161   -18.1227     8.0528    11.5327    1.94979    6.33438   -46.9379   -3.50482
    27.625     79.125   -62.0838   -34.7278   -68.6711   -61.8364   -58.1356   -56.6293   -65.2405   -49.5586   -3.34949
    27.625     79.375   -79.3191   -61.1559    -78.491   -61.1814    -56.399   -58.5774   -83.0741   -35.8371    2.06651
    27.625     79.625   -60.8686   -43.4244    -65.833   -37.9394   -34.3847   -35.2733   -38.8592   -78.8082   -25.4968
    27.625     79.875    3.76063    47.1269   -25.8237    7.46397    33.5712    16.3273    32.0136   -72.5877    47.7932
    27.625     80.125   -28.8693    20.5702   -39.9594    -4.7551    13.6484   -5.42748    -1.5038   -51.8572    36.6403
    27.625     80.375   -38.0416   -10.5881   -44.5195   -2.15835    20.8353    3.00997   -7.35895   -45.8074    52.1184
    27.625     80.625   -43.6131   -23.1538   -40.3718    -7.4801    13.7898    2.64149   -20.8156   -33.1836    68.4564
    27.625     80.875   -96.9284   -45.8488   -86.9283   -29.5831   -16.4121   -23.9243   -59.2307   -65.2145    30.0177
    27.625     81.125   -28.5604    24.7128    -42.851    2.35608    16.4851    12.9549    -24.267   -48.2478    24.3808
    27.625     81.375  -0.964588    41.3211   -62.1436   -14.0556    1.99161   0.293492   -4.31606   -61.7883    35.4261
    27.625     81.625    -17.817    16.8813   -55.7261   -15.6874   -12.9411   -14.8469   -15.9955   -38.3483    35.2886
    27.625     81.875   -36.8582   -7.79299   -57.7192   -12.7637     14.443    14.2235   -9.20625   -52.0912    39.5213
    27.625     82.125   -31.8278   -9.85954   -51.6798   -5.37378    27.4293    28.1658    1.00635   -63.9658    39.8349
    27.625     82.375   -35.5086    -19.886   -50.8605   -5.18649     19.545    19.0737   -4.18985   -40.5369    48.0723
    27.625     82.625   -2.51746   -2.07844   -26.2669    8.67469    12.2433   0.342051  -0.897655   -35.9217    45.4093
    27.625     88.375   -19.3807   -12.2559    12.3984    35.3904    68.5205    71.4073   -8.97919    9.21521    22.3746
    27.625     88.625   -10.3107   -14.6087    24.8934    54.3994    70.1746    54.9202   -13.0348     43.846    29.8826
    27.625     91.625   -56.6364   -45.3257   -63.4525   -50.8888   -39.0889   -33.8459   -56.8984    82.0503   -52.6067
    27.625     91.875   -76.8643    -61.423   -81.5478   -70.6976    -60.343   -55.2794   -70.9581    80.6539    -64.667
    27.625     92.125   -36.6756    -23.236   -38.6665   -40.1252   -38.0306   -32.8134   -32.2606    88.9769   -15.8565
    27.625     92.375   -22.3676   -2.40849   -21.3193    -27.545   -24.3637   -18.7186   -25.2012    82.3021   -4.72823
    27.625     92.625   -1.48114    11.5431     2.5793   -12.6982   -21.1707   -9.50624    -6.7522    51.8167    2.57622
    27.625     92.875   -28.6793   -15.8343   -36.2921   -40.3234   -36.5909   -25.3687   -30.5731    20.0307   -8.66726
    27.625     93.125   -72.5381    -63.909   -77.1257   -64.4126   -47.0006    -35.201   -57.9194   -38.5028   -15.7821
    27.625     93.375   -65.7498   -49.5709    -75.843   -70.2688   -54.4199   -40.9487   -57.9447   -41.9017   -20.8507
    27.625     93.625   -42.5784    -30.833   -52.2365   -51.2181   -35.8298   -24.6693   -51.0884   -25.9068   -16.6446
    27.625     93.875   -72.0594    -62.306   -76.5504   -65.1057   -41.9947   -29.7531    -73.962   -9.32995   -5.69024
    27.625     94.125   -27.4349   -22.1592   -24.0229   -21.8199   -11.9349   -1.42676   -30.3673     4.1355   -8.71369
    27.625     94.375   -9.05766   -8.35753    -6.1706   -1.49698   -7.19263     3.5807   -5.87497    8.98918   -38.7227
    27.625     94.625   -26.7183   -29.4588   -23.7189   -24.2014   -25.4476    -10.545    -19.772    30.1373   -31.6439
    27.625     94.875   -40.6753   -37.9781   -41.1488   -45.7499   -32.7833    -9.4825   -40.0783    9.69874   -17.1858
    27.625     95.125   -68.3061   -56.9159   -84.6802   -76.5989   -55.0054   -14.7165   -67.3926   -8.20001   -25.1607
    27.625     95.375   -39.9397   -27.8132   -42.3793   -35.7454   -22.3696   -9.05399   -50.1812   -7.52024   -28.0814
    27.625     95.625   -38.3457   -34.6179   -55.8546   -46.7739   -26.6085   -9.55242   -36.4859   -7.92849   -21.1975
    27.625     95.875   -36.1112   -34.5918   -51.6874   -39.5334   -21.8079   -5.13635   -25.9936   -26.1975   -35.3567
    27.625     96.125   -86.6881   -91.3192    -78.203    -62.165   -49.7399   -42.6538   -60.9992   -38.4245   -50.1848
    27.625     96.375   -19.3841   -21.0991   -16.0182   -9.84993   -5.87767    -4.3694   -3.26478    7.21772    7.87426
    27.625     96.625   -1.55392   -1.94094    2.43577    11.6098    17.6674     18.797    26.2511    67.7202    42.7085
    27.625     96.875    20.1161    24.7455     23.163    29.2112    32.8502    34.0406    42.8454     67.116    55.5206
    27.375     70.125   -12.8306   -23.3303   -13.5491    3.11504  -0.492329    0.90769    3.65549   -37.5669    3.42722
    27.375     70.375    7.14733   -1.31188    4.47905    13.8322    10.0077    11.1459    17.8848   0.666625   -4.91066
    27.375     70.625    7.26564   -3.02057    5.76101    16.8835    14.7577    17.2199     23.304    6.10795  -0.866286
    27.375     70.875    5.79139   -3.47095    8.26013    19.9304    23.1987     27.487    34.0449    1.82991    19.7869
    27.375     71.125   -27.5967   -45.5351   -43.9896   -18.5112   0.710719    4.58333    30.2236   -69.3359    22.3133
    27.375     71.375   -28.0051   -41.8173   -33.0357   -5.83618    3.43251    8.88601    36.8764   -71.9453    25.5435
    27.375     71.625   -25.9488   -40.7512   -21.5153    0.75499    6.13298     11.541    31.9145   -62.4096    24.1994
    27.375     71.875    3.45843   -8.93588   -14.0947   -12.1727   -2.41856   0.808886   -10.6043   -59.4317    21.7411
    27.375     72.125    5.25903   -20.8251   -31.2013   -28.7324    -14.388   -12.1185   -27.7906   -77.0259    24.6476
    27.375     72.375    13.0792   -2.65026   -39.6139   -22.5538   -5.11291   -5.66565   -24.6395   -69.8513    28.9664
    27.375     72.625   0.400556   -36.1276   -20.5943   -30.7072   -14.5947   -15.4908   -21.8627   -53.3114    25.7763
    27.375     72.875   -31.8969   -55.2997   0.942842    9.00077    6.47279     12.169    8.41698   -87.5599    14.2495
    27.375     73.125    3.68913   -22.3304    13.3806    21.8684    23.9585    29.0147    6.54465   -63.4591    4.83383
    27.375     73.375    7.24258   -11.2185    16.6027    24.9237    26.7255    29.9221    5.70538   -73.2516    3.06982
    27.375     73.625    9.30599    4.29609    18.7369    31.9483    35.0021    36.0867    10.4004   -79.7804    3.56674
    27.375     73.875    19.8601    22.6949   -10.5169    30.5996    28.6201    24.6716     42.948   -80.9376    46.8423
    27.375     74.125    -9.4182    19.1314   -23.7086     14.323    12.1419    12.4871    39.6211   -82.6056    45.8044
    27.375     74.375    6.05222    23.9013   -22.1633    17.4306    18.3764    21.0854    44.1515   -88.3798    50.0572
    27.375     74.625    37.5627    12.5877    41.1324     57.672    59.5938    59.4099    40.5568    -85.151    56.1293
    27.375     74.875    30.3271    11.3553    48.7353    65.1813    68.6645    70.5612    37.2246    -87.258    53.6102
    27.375     75.125    14.6304   -5.80294    32.5931      37.28    31.2393     20.943    26.0976   -98.5979    90.2542
    27.375     75.375    1.23716   -14.3648    21.1983    39.6683    55.2116    51.3946     64.189   -79.5804    80.6579
    27.375     75.625    30.7895    38.4049    50.9697    83.7541    82.2328    81.1856    81.5266    -74.504    83.0524
    27.375     75.875    43.8386    38.4542    49.5434    72.5805    76.9956    80.7844    59.7122   -64.6751    40.0875
    27.375     76.125    2.83688   0.638798    27.4987    45.3963    49.0955    49.8594    61.6264   -74.5103   -1.46158
    27.375     76.375   -6.89632    -3.8086    23.9528    35.5451    29.3684    34.9289    72.9367   -69.4913    91.0309
    27.375     76.625   -3.72786    9.20643    8.04297    42.3822    37.7525    40.7547    33.8555   -88.7965    28.5986
    27.375     76.875    13.9216    28.8719    19.6508    48.3028    49.5572    56.7844    45.0577   -79.3859     55.267
    27.375     77.125   -5.83878     4.9726    24.2416    54.0397    54.7669    59.1034    47.5356   -36.4374    51.8242
    27.375     77.375    -41.516   -47.3926   -13.7095    4.36747    6.53494    9.57849    7.47031   -47.0203    21.9032
    27.375     77.625    5.50269    -15.088    14.5184    52.2062    48.2468    46.7738    71.3103   -79.1616    44.6819
    27.375     77.875     36.338    23.5696     27.082    49.6402    46.4706    40.1879    82.2222   -88.6479    49.5032
    27.375     78.125    54.7035    48.3531    33.6374     50.733    51.8435    40.9603    83.0774   -98.1964    63.1102
    27.375     78.375   -18.0215   -10.3536   -3.37208    19.0822    32.7802    40.3818     69.366   -69.2306    65.8985
    27.375     78.625   -25.3409   -11.5558   -10.7488     8.9647    9.06729    6.79699     28.935   -62.1319    27.3771
    27.375     78.875   0.883939    37.4612    11.6824    32.6712      41.24    30.0746    47.9104   -72.5046    20.0426
    27.375     79.125   -31.7168    11.0448   -36.6801   -35.5113   -28.3797   -28.2075   -27.3962   -35.0863     -9.618
    27.375     79.375   -78.2705   -58.6862   -63.3684   -42.5169   -33.4392   -32.2762   -41.7512   -30.4366   -26.9761
    27.375     79.625   -77.8846   -55.1416   -60.8539   -31.7106   -31.2376   -35.3278   -43.3709   -93.6872   -24.3969
    27.375     79.875   -20.2395    40.5583   -7.23998     27.695    29.5455    12.6469    3.20159   -79.4324    52.9037
    27.375     80.125   -86.4636   -44.2698   -76.3445   -47.6395   -44.0762   -41.0366   -46.2128   -67.1719    31.0676
    27.375     80.375   -91.4752   -54.4119   -81.4176   -51.8719   -44.9945   -45.7543   -55.6838   -27.8689    31.7817
    27.375     80.625   -64.9576   -61.2672   -67.0993   -26.3282   -21.2111   -20.9258   -39.4087   -78.5472   -13.0681
    27.375     80.875   -98.9761   -83.8167   -86.3429   -49.6648   -42.7331   -41.5246   -68.6043    -54.966    12.0612
    27.375     81.125   -25.3073    19.9015    -38.239     4.1618    26.7888    28.2259   -18.4239   -46.5225    42.6862
    27.375     81.375   -17.7359    24.7583    -42.625    2.72141    30.0568    26.2132   -15.6851      -51.2    42.4093
    27.375     81.625   -96.4752   -76.2057   -89.0441   -50.8356   -46.6394   -45.1714   -83.8607    -27.609    32.4552
    27.375     81.875   -29.7081   -4.03895   -42.6203   -11.0708    2.39501   -3.91808   -3.00782   -32.2649    30.0319
    27.375     82.125   -12.2473     -5.266   -23.6507    8.18489    43.1452    40.7362    14.8941    -42.983    40.7805
    27.375     82.375   -32.5333   -18.6009   -49.9275   -3.20679    20.2279    20.0432   -11.1484   -56.2933     46.516
    27.375     82.625    6.96302    5.41131   -28.4677    5.06215    7.63548  -0.873976    8.66115   -32.6107    44.5091
    27.375     82.875   -11.9633   -15.7189   -38.5729    1.16778     5.6393   -1.60412   -22.7937   -32.9969    40.2122
    27.375     83.125   -6.58155   -11.8595   -29.8862   0.683565    8.39867   0.924773   -32.3369    13.4755    28.3097
    27.375     83.625    10.8108    7.81123   -28.6662   -1.43563    14.0071    18.8376     -6.776    21.7149    32.2008
    27.375     84.125    -11.121   -9.67628    -41.596   -10.0357    1.61406    5.47896   -22.0185    37.0891    43.7558
    27.375     84.375   -15.7181   -12.2169   -40.0008   -11.3627    6.86396    14.8214   -30.2663    36.5172    41.0463
    27.375     88.125     17.411    17.7311    53.3966    67.3435    83.8694        100    25.8016   -2.32025    34.3479
    27.375     88.375    9.45781    4.95888    42.2787    72.4537    86.0437    75.5188    12.1374    6.49673    49.1897
    27.375     88.625   -9.34972   -10.1968    14.2524    46.2502    67.6559    52.2444   -5.29443    35.4692     39.357
    27.375     92.125   -78.3226    -59.626   -82.5292   -80.0676   -74.8617   -71.9346   -72.3897    80.8036   -50.5626
    27.375     92.375   -6.83385    4.24175   -9.04435   -19.2042   -25.7639   -25.6126   -18.7284     86.065   0.346021
    27.375     92.625    15.2496    22.1626       17.9   -2.19994   -11.0122   -11.0161   -7.00314    80.3286    23.2351
    27.375     92.875   -22.6233   -21.6681   -25.4729   -32.8833   -33.4343   -28.6423   -39.3252    31.4817    -2.0601
    27.375     93.125   -91.6257   -86.2899   -99.5983   -85.8845    -66.155   -53.6179   -71.9384   -61.6732   -10.4816
    27.375     93.375   -87.2678   -74.5593   -92.9721   -79.1038    -60.516   -48.5286   -68.4598   -89.3584   -7.26122
    27.375     93.625      11.06    33.0477    1.78797   -9.07692   -3.36738    17.3544    5.42149   -17.8858   -5.01489
    27.375     93.875    24.6871    40.7402     30.127    5.65872     29.948    50.5211    12.4347   -11.4383   -3.97965
    27.375     94.125    72.7933    83.8275    83.7633    74.3727    79.1529    90.4159    57.6038   -57.8384   -67.1346
    27.375     94.375   -2.17936   -1.53227     2.3921    15.2942    2.72826    21.6486    13.9392    8.28095   -34.2614
    27.375     94.625    2.91332  -0.750208    8.80948    25.1838    13.7029     32.548    27.7376    41.9138   -4.28117
    27.375     94.875    -4.2019    -4.0993   -4.24414   -2.54118   -1.63949    14.7954    2.63043    22.1579  -0.216693
    27.375     95.125    14.5256    12.6908  0.0424426   -5.62468    1.29621    31.4405   -26.6995    -3.3499   -21.8626
    27.375     95.375    12.3363    16.9546    3.97939  -0.102111    13.1203    34.2476   -23.2949    3.69706   -31.1582
    27.375     95.625    -8.6684   -3.31847    -26.205   -18.6389   -5.53603    5.75542   -11.1813   -21.6438   -59.4437
    27.375     95.875   -7.68377   -3.41855   -30.6264   -19.7826   -2.01677    12.3661   -10.8352   -17.2942   -50.2899
    27.375     96.125   -65.2221    -65.443   -66.4831   -50.7768   -36.0205   -27.3662   -49.8431   -33.3063     -60.77
    27.375     96.375   -26.4769   -26.8206   -25.7375   -20.0179   -15.4983   -13.3518   -13.3546    -11.774   -8.15481
    27.375     96.625   -2.12996   -2.29336    1.48383    8.72486    14.1553    16.3927    19.7978    6.01499     20.884
    27.375     96.875   -25.6113   -22.5006   -20.4296   -12.6402   -6.80678   -4.30845  0.0923414    7.53573    21.6564
    27.125     69.875   -21.0311   -35.3687   -16.6602    1.31502   -3.56737  -0.352763    2.03591   -38.6876    3.09569
    27.125     70.125   -16.0793   -26.6852   -6.44414    2.39963   -9.54354   -6.54915    -8.6518    -29.874    9.56396
    27.125     70.375   -12.5471   -22.3142   -6.18607    2.96026   -7.98129   -5.18448   -1.55361   -30.7257    8.41156
    27.125     70.625   -9.24214   -17.3653    -3.9526    5.06245    7.53796    12.3007    22.0449   -13.5453    17.9775
    27.125     70.875  -0.184158   -6.70303    3.71686    17.4552    22.4669    27.2303    34.1148   -2.10048    42.4821
    27.125     71.125    13.4826   -0.19478     16.489    29.8921     38.069     43.508    55.8842   -1.20887     47.545
    27.125     71.375   -29.0477   -47.6854   -30.3025   -3.77402     5.8413    12.4029    43.9525   -68.8743    20.7962
    27.125     71.625   -25.9266   -42.1959    -20.856     2.6258    10.1556    16.5629     41.453   -66.4099     23.768
    27.125     71.875    13.3636   -2.12339   -26.8649    -14.454   0.909099   0.415555    4.56511   -60.9765    29.6494
    27.125     72.125    18.5542    4.46543   -27.8657    -8.5557     3.6991   -14.9116   -4.00295   -46.7104     43.088
    27.125     72.375    19.5886    5.93508   -39.0384   -14.4227    4.20617   0.958657   -6.63418   -54.6707    38.1821
    27.125     72.625    14.6883    2.15436   -16.2701   -3.05894    9.49743    6.77552    32.0672   -65.3338    20.0617
    27.125     72.875    17.0156    10.2323     22.921    31.1899    36.9218    46.0999    30.4575   -76.9561    7.56276
    27.125     73.125    20.7863    16.8552    31.2615    40.1199    43.5961    44.5998    27.3549   -79.4366    6.60459
    27.125     73.375    15.7796    13.0494    26.8979    37.7305      40.95    40.9347    17.5477   -79.5775     5.0765
    27.125     73.625    20.2952    16.0416    29.2812    42.1039    43.6703     41.851    21.5671   -59.3882    8.76534
    27.125     73.875    29.0703    34.9348   -15.0177    36.3799    37.4533    29.2894    43.7691   -75.3386    52.6565
    27.125     74.125    24.4432    34.2754   -11.5236    35.9532    36.9004    30.2798    46.5971   -79.2978    55.9186
    27.125     74.375    4.15227     16.526   -19.7361    18.9438     18.839    19.0312      34.78   -79.5421    56.9667
    27.125     74.625    -8.7708   -4.00798   -13.2099    14.8903    26.5945    28.6001    31.2368   -76.0208    63.1227
    27.125     74.875    13.2316   -2.75678    29.7626    25.3841    24.5028    23.6833    28.5727   -58.2929    40.0126
    27.125     75.125    3.77691   -3.43435    54.4086    37.8038    14.0566    11.9286    26.0025   -44.6202    91.0554
    27.125     75.375   -8.73134   -17.6912    20.1731    46.4631    60.4693    66.2786    75.7114    -83.053    72.3028
    27.125     75.625    8.85831    21.9951      38.77    71.1193     70.536    71.9103    70.6462   -86.4009    60.4444
    27.125     75.875    6.99818    3.10186     35.927    69.7679    75.5203     78.121    61.5716   -95.7506    50.8621
    27.125     76.125   -10.9522    -13.568    8.07123    43.6125    42.9703    48.4128    47.3808   -88.0581    7.93341
    27.125     76.375    13.1525    14.4046    42.0229    72.2949    65.0776    67.0151    61.8812   -73.3503    16.2473
    27.125     76.625    3.50156    20.9918    25.1279    33.1243    34.3733    37.3745    30.8117   -85.7782    8.65928
    27.125     76.875   -19.8069    14.0618   -10.5887      12.85    15.7625    19.5637   -8.70406   -47.9731   -6.76741
    27.125     77.125    6.81491    32.0444      19.75    63.1149     64.754    66.4012    68.0148   -51.0115     26.605
    27.125     77.375   -10.8109  -0.939557    1.07566    34.6872    29.9709     26.688    14.5545   -35.1068    19.0652
    27.125     77.625    18.5982    29.8825     19.997    45.7913    41.7346    38.3733    41.5385   -89.8099    27.6132
    27.125     77.875   -11.2869   -10.9605   -8.58655 -0.00192639    9.88162    14.5278    22.9779       -100    47.6591
    27.125     78.125    14.2424    24.8629    11.7704    40.7217    43.6802    30.0863    51.8856   -97.2096    47.7679
    27.125     78.375   -10.0154    1.89335   -5.41704    40.2236    47.7996    50.6675    78.0932   -57.9098    40.0582
    27.125     78.625   -79.6936   -78.0992   -53.2858   -19.0201   -17.3476   -18.6636   -14.6627   -50.0961    24.5244
    27.125     78.875   -25.6615   -6.70523   -13.3681      16.91    23.2741    18.9858    5.60211   -28.0858    19.7824
    27.125     79.125   -13.4279    28.7004   -4.05786    45.8307    52.3149    44.8207    42.8307   -44.7314    9.04165
    27.125     79.375   -56.0833   -34.1746   -36.7618   -10.7467   -9.13528   -12.4426   -17.8291   -29.2986   -7.63046
    27.125     79.625    -28.159   0.742162   -25.3931    1.65216    11.3773    10.1985    2.05269   -58.2871   -15.4866
    27.125     79.875   -27.4504    32.1501   -18.3191    19.9152    34.4732    23.7883    14.5062   -89.6178    30.4884
    27.125     80.125   -37.4699    7.43125    -37.899    11.5259    14.8905    9.04229    14.1244   -89.9909      34.24
    27.125     80.375   -35.1646    12.1035   -27.7411    12.5753    31.0329    21.0569    24.0391    -29.779    54.5843
    27.125     80.625   -67.1213   -35.2579   -55.7541   -7.14292    8.85062    3.67303    -10.635   -42.4052    41.4301
    27.125     80.875   -50.8838   -38.8902   -35.0135    26.1685    52.1834    47.6815     60.416   -51.1497    33.4922
    27.125     81.125   -5.72954    42.8435   -22.9765    7.29529     16.492    19.7071     6.0433   -34.7256    41.3757
    27.125     81.375   -10.5291    33.6718   -35.5785     6.3699    14.6735    9.73007   -2.15526   -68.5286    30.3965
    27.125     81.625   -35.5978    9.78576   -40.2671   -2.28478    1.76495   -8.50822    5.43419   -59.5409    26.8207
    27.125     81.875   -10.8602    6.75115   -35.2784   -3.95284    14.0055     1.2025   0.857222   -54.4401    35.5825
    27.125     82.125   -15.5794   -8.35505    -32.626   -8.12482   -1.57134   -4.75708   0.584945   -38.4519    45.4359
    27.125     82.375     -69.78   -58.6012   -69.6897    -29.951   -26.0861   -31.5936   -39.4687   -27.3035    38.0309
    27.125     82.625    -7.4092    9.19879   -40.7443   -9.27168   -5.66798   -5.73463     5.7665   -22.7134    42.8895
    27.125     82.875   -1.45741    -5.4001   -29.0029   0.270646    7.71371   -5.61678    3.97773   -14.2929    32.5118
    27.125     83.125   -18.8205   -14.9641   -46.0738   -10.9547   -5.69621   -9.37889   -21.4554    1.08106    29.2832
    27.125     83.375    22.6113    20.4616   -28.7863    4.66382    29.2907    28.4087   -9.78354    12.0917     35.468
    27.125     83.625    13.2619    8.23782   -20.9202    3.42719    18.8605    20.2075   -5.16336    22.4338    32.8381
    27.125     83.875   -3.68279   -9.04036   -35.7108   -2.29022    13.7543    13.6323   -18.9056     30.979    33.9041
    27.125     84.125   -35.6366   -37.6618   -68.1403   -32.8586    -14.378   -3.88145    -30.212     28.456    32.2783
    27.125     84.375   -9.16725   -10.0165   -40.4452   -17.7156    1.36533    17.7045   -27.2595     29.052    30.9351
    27.125     84.625    -20.457   -16.9657   -42.2876   -10.7613    11.2799    18.3614   -30.6958    29.6183    27.5233
    27.125     88.125    43.6147    36.5844    67.7047    83.2002    87.0681    69.0793    38.4949    -10.503    51.7495
    27.125     88.375    31.6059    23.6844    52.0765    73.9737    88.7125    75.1132    33.3579    20.2105    45.5196
    27.125     88.625    14.4932    4.02565    26.3689    44.9621    68.2793    57.0903    18.2588    23.7386    24.8873
    27.125     92.125   -65.2983    -49.145    -70.226   -60.7954   -49.9997   -45.6057   -49.5477    80.0145   -9.80116
    27.125     92.375  -0.710992    12.0677   -0.67437   -10.6412    -19.418   -19.8946   -12.2054    85.4642    7.00789
    27.125     92.625    23.8891      25.62    27.9547    6.13131   -6.80773   -7.87341   -3.34449    78.9637    24.1746
    27.125     92.875     16.056    7.73697    10.6988    7.41098    16.2654     27.313    2.39745    19.1683     14.791
    27.125     93.125   -7.68818   -12.4891   -19.3321   -16.3255   0.668954    23.1524   -5.27169   -81.6256     -6.133
    27.125     93.375   -2.51307     3.6089   -7.11867   -11.4241   -3.96656    14.6518    6.97783   -84.0001   -6.05407
    27.125     93.625   0.641037    10.5013   -4.57386   -11.4059   -3.80449    20.2332    18.9113   -16.6029   -3.38082
    27.125     93.875    39.3067    45.2929    42.0468    22.8779    33.4369    48.8119    39.5095   -98.5208    10.3807
    27.125     94.125     15.928     15.245    17.9942    26.5523    21.7998    42.0092    26.1629   -11.2691   -2.50532
    27.125     94.375    31.2649    14.5944    14.5993    25.5253    6.24516     29.181    44.9478   0.586329    8.43056
    27.125     94.625     -6.456   -12.0719   -6.78956    1.06944   -1.61243    38.5841   -2.40497    4.75569   -9.35314
    27.125     94.875   -5.14541   -9.84094   -7.98068   -3.73106 -0.0127057    30.9996    -13.758     8.2604   -22.8516
    27.125     95.125    16.0453    17.4159   -6.46833   -12.5141   -8.92781    9.53139   -30.1188    9.82253   -24.6861
    27.125     95.375    28.9572     35.604     16.728    5.76225     10.255    22.8067   -10.6346   -8.87712   -39.3878
    27.125     95.625   0.887871    14.2164   -18.7705   -13.8285   -2.65039    10.3091   -12.3259   -7.22138   -55.2355
    27.125     95.875    7.00331    15.7925   -15.1406   -6.11588     14.321     31.672   -9.53089   -3.08315   -53.2325
    26.875     69.625   -30.8389   -48.2091     -22.95   -1.45359  -0.977815   0.717781    3.80871   -45.8359    -11.185
    26.875     69.875   -30.5821   -47.0491   -22.1653   -2.89309   -3.22295   0.129825    2.57815   -39.2579  -0.906409
    26.875     70.125   -38.5153    -39.045   -27.9083   -15.1451   -19.9389   -15.3816    -7.8834   -26.4895    4.94371
    26.875     70.375   -47.3197   -36.7685   -51.0533   -26.0463   -12.4516   -6.69116    2.41469   -29.0173    5.58477
    26.875     70.625   -7.94487   -12.7742   -1.75205    17.5352    30.0034    35.3141     42.623   -14.0149    57.1968
    26.875     70.875   -1.35138   -7.90882    1.68747    15.5843     22.701    27.4138    32.6467    3.64699    47.2779
    26.875     71.125    9.05532   -1.37518    13.9023    26.2818    32.4693    37.0984     44.814    14.2488    46.2631
    26.875     71.375   -20.4341   -45.1524    3.25551    16.1011    25.1873    30.9913    53.7482   -61.6978    17.2866
    26.875     71.625    21.1975    8.65118    32.8254    44.2118    53.2773    59.1132    76.9801   -83.6943     13.936
    26.875     71.875    11.0023   0.721076    16.5204    26.2416    33.4331    38.6363    61.2083   -75.9328    18.9483
    26.875     72.125    44.6324    35.3761   -34.4439    -9.0744    5.75015    8.62677    37.3758   -75.0922    42.5212
    26.875     72.375    38.9083     28.735   -30.8359   -4.59786    8.54182    12.1098    37.9513   -70.1713    36.6991
    26.875     72.625    13.6356     8.7032   -33.5966   -7.49914    5.61815    8.93564    27.4063   -68.2869    31.9887
    26.875     72.875    17.6565    13.2935    6.38538    19.7402    26.5371     24.524    28.6822    -67.896    35.6649
    26.875     73.125    33.6674     26.013    29.7219    35.4555    39.4471    33.0484    31.1168   -73.5732    35.1526
    26.875     73.375   -33.2843   -7.47157   -8.98121    26.2704    30.2938    24.5663    33.6363   -86.6585    33.4232
    26.875     73.625    -19.657    8.15174    -10.792    32.6985    35.6205      28.66    37.9619   -81.1862    38.0673
    26.875     73.875    12.1572    27.0721   -3.13307    36.9611    39.6763    32.7458    47.9707   -62.6934    49.6203
    26.875     74.125    11.2712    6.99579    2.63998    27.6774    32.6015    29.7069    35.8368    -51.289    45.4832
    26.875     74.375   -17.3178   -4.94533    -13.319    19.0184    28.0309    28.9534    37.7517   -62.7887    59.0149
    26.875     74.625   -21.3432  -0.341134   -19.9667    15.8145    26.6906    27.2809    35.3878   -74.7235    61.5548
    26.875     74.875    25.0089    8.07259    20.8504    39.9335    32.5483    36.5088    29.2538   -77.8689    54.2833
    26.875     75.125    10.8062   -19.1926    36.0348    49.8313    49.7987    58.5944    51.9496   -71.4159    77.2895
    26.875     75.375   -29.1935   -23.1875    8.10379      35.69    45.7591    48.9309    64.2701   -65.8932    46.3715
    26.875     75.625   -62.1177    -58.011   -17.9541    22.3733    40.7948      46.37   -1.90039   -47.3919    31.0585
    26.875     75.875   -29.1196    -20.177    12.8075    44.9631    50.8394    54.3126    61.9792   -75.9878    55.1853
    26.875     76.125   -6.57273    12.2673    17.1419    52.2986    54.9956    57.9122    76.8815    -89.472     60.253
    26.875     76.375   -3.77369   -5.91827    7.58049    39.2964    53.9473    62.9799    67.8601   -64.9302    11.1022
    26.875     76.625   -7.91942   -16.6774    25.8232    50.9124    61.4011    63.1259    75.1587   -68.2548    47.9245
    26.875     76.875  -0.574984    9.21488    17.2139    57.7311    54.1578    51.1562    51.6946   -30.0363    28.6678
    26.875     77.125    22.0783    31.5149    25.3194    56.3078    42.5462    42.1216    49.0015   -79.4428    33.4841
    26.875     77.375   -20.6325   -8.59569   -15.2371   -1.45274    2.79844    1.91295   -3.97592   -65.4897    19.5379
    26.875     77.625    2.58398    19.3175    20.3071    41.8608    32.5917    29.9261     68.793   -84.4319    22.1746
    26.875     77.875   -29.0933   -11.5392   -29.7617   -3.77366    12.0925     20.922     25.354    -66.878    20.6496
    26.875     78.125   -30.4363   -20.9803   -17.0569    6.76094    3.43301   -2.07768   -5.78863   -43.5249    26.6811
    26.875     78.375   -10.9476     6.0922   -1.05664    35.0195    43.0062    33.1186    30.9239   -56.9385    25.2276
    26.875     78.625   -18.1676   -13.9702   -24.8943    15.3212    23.6577    26.2687    56.7004   -44.5746   -31.6262
    26.875     78.875   -15.4295   -2.55601   -6.27007    27.7015    22.9084    15.3953    21.0664   -54.0814    8.91483
    26.875     79.125    1.45673    50.2617    14.3642    63.0279    57.6032    45.2136     46.804   -64.7812   -5.90591
    26.875     79.375    13.6443    62.5454    28.7737    76.1203    67.4102    50.4591    44.6692   -57.4784    1.31056
    26.875     79.625    5.05486    46.4439    7.82066    48.5081    49.3851     34.716      44.82   -48.0962    33.9958
    26.875     79.875   -10.3344    37.9078   -19.8034    12.9194    24.4324    28.7558    20.9392   -60.9189    11.1499
    26.875     80.125   -64.9344   -35.4743   -51.4149    12.9001    23.5125    21.7123    12.7831   -81.4955   -11.8601
    26.875     80.375   -30.1475    4.60387   -20.3054     31.325    33.3634    30.2642    43.7178   -94.1076    43.5786
    26.875     80.625   -16.2731    24.6855    -23.088    11.9316    23.5321     6.4279    14.7173   -54.8912    25.1311
    26.875     80.875    -18.967    20.0907   -26.7404    19.7684    44.2782     39.961     38.767   -60.9579    46.0222
    26.875     81.125   -1.47861    19.8295   -24.9319    15.8628    27.3587     23.825   -3.90726   -68.5575    40.3526
    26.875     81.375   -9.99002    20.5781   -29.9563    8.91488     17.898    8.18386   -12.4046   -71.7419    32.3299
    26.875     81.625   -46.6236    -24.291   -53.6623   -28.2986   -16.0449   -17.1602   -36.2962   -11.6837    28.7597
    26.875     81.875    11.3657     19.979   -9.75836    10.4845    32.3545    17.2259    1.14051   -35.2763    31.5467
    26.875     82.125   -12.9909   -3.70111   -38.6417   -4.34984    7.94806  -0.623349    8.43213   -39.4414    45.5716
    26.875     82.375   -48.9366   -44.1517   -48.9883   -22.3272   -18.3781   -18.7881   -27.3538   -18.5459    40.9365
    26.875     82.625   -55.4522   -49.2223   -97.8957   -60.3874   -38.3079   -35.6988   -41.2277   -22.4472    40.4527
    26.875     82.875   -13.3408   -11.4568   -42.6268   -14.4445   -7.03285   -18.4348   -28.9939   0.919406    19.6847
    26.875     83.125   -24.6645    -21.091    -65.604   -21.6155   -3.33725   -13.6791   -22.7991   -6.37212    25.4827
    26.875     83.375   -84.6749    -80.398    -92.482   -56.7081   -44.5227   -45.1788   -74.7937   -5.64107    27.5665
    26.875     83.625   -70.6524   -71.4357   -71.9063   -39.3168   -30.4253    -36.199   -69.5051   -15.4072    36.9527
    26.875     83.875   -46.2801   -47.0812   -48.9752   -13.6071   0.321497   -15.1578   -46.7458    40.2537     15.164
    26.875     84.125    16.2723    12.2733   -32.8514    7.58221    15.9966    9.85222   -40.2745    27.6087    32.1356
    26.875     84.375    -4.3026   -9.40972   -24.7386   -11.3023    6.32953    21.4754   -17.5621    23.8464    30.5698
    26.875     84.625    -11.114   -12.4876   -36.7152   -10.5125    4.64204    19.1217     -23.81    17.5627    31.5317
    26.875     84.875   -48.0205   -34.6821   -49.8059   -8.54026    5.86625   0.875472   -9.74031    34.9619    14.6578
    26.875     88.375    8.64855   -4.91574    24.6563    43.3855    85.4379    70.8882     14.661    31.3896    18.8695
    26.875     88.625    7.53795    -5.5826      14.39     23.934    54.6193    55.2418    10.4134    7.09905    14.5543
    26.875     88.875    3.59988   -10.5123    11.5732    15.7064    50.4753    54.3786    5.17923    8.36356    9.17006
    26.875     92.375   -45.5763   -40.2236   -48.0248   -45.4135    -38.915   -32.1715   -31.4926    75.5337    21.8601
    26.875     92.625   -5.96465   -8.55821   -8.94002   -9.14537   -6.87049    1.34643   -3.72577    51.1503    22.1485
    26.875     92.875    30.6847     21.298    21.5458    26.6671    41.8819    61.7812    35.4316   -2.61753    39.6831
    26.875     93.125    19.4993    10.2509    11.6539    15.5696    32.9627     49.956    27.2904   -47.8666    29.7651
    26.875     93.375   -21.7368   -21.5762   -14.9912    -2.1976   -2.39702    8.14748   -24.0521   -43.5787   -16.8157
    26.875     93.625   -24.1973   -17.7286    -29.548   -18.5518    -10.291    7.77144    8.83849   -45.8479   -12.6059
    26.875     93.875   -36.7006   -27.3072   -31.0393   -1.19681    1.04494    17.0879    13.6654   -87.0289   -35.6079
    26.875     94.125   -46.6583   -37.4354   -49.3195   -34.0873   -27.5002   -5.68939   -46.3144    25.9476    -7.9878
    26.875     94.375    18.3085    3.83624    6.10718    15.3666    6.81564     36.156    25.4912   -6.75246    6.20792
    26.875     94.625      13.87  -0.181032    4.09936    18.2794    16.1677    45.0644    11.1158   -17.9701   -6.91693
    26.875     94.875     21.397    19.4797    7.90251    5.29325    8.22815    24.0518    -6.8945   -10.0608   -35.4421
    26.875     95.125    11.3771    21.6387   -4.22749   -10.0646    -8.4927    1.56791   -17.9627   -8.25627   -46.3533
    26.875     95.375    19.1075    36.2578   -1.71956   -5.74181  -0.706462    15.9851   -15.4657   -6.82781   -45.7001
    26.875     95.625    22.9573    35.1715     8.0489    8.82152     17.809    31.7819   -4.89148   -12.0619    -56.686
    26.625     69.875   -35.6436   -50.4304   -23.2693   -5.41134   -2.48407    0.45471    2.81504    -41.685 -0.0491359
    26.625     70.125   -50.8522   -40.4825   -48.0093   -25.7884   -18.7082   -12.2646    4.47254    -28.685    4.68647
    26.625     70.375    -45.726   -51.7689   -30.0645   -12.3055   -6.76767   -2.69209    4.98995   -39.8193   0.819951
    26.625     70.625   -38.6197   -45.9835   -33.8644    -5.6551    3.06625    4.69723   -8.85194   -35.7676    15.7484
    26.625     70.875   -16.8701   -26.3349    -7.4312    11.5179    22.3799    26.3825    34.8549    5.88599    40.3062
    26.625     71.125   -42.7918   -49.1771   -44.7959   -12.7795    1.27585    2.81667   -8.76025    -48.042    18.2621
    26.625     71.375    -71.657   -88.6189   -33.7459    3.05475     11.812     15.067    42.4231   -82.9033    35.6189
    26.625     71.625   -45.8077   -63.0922   -22.0371    9.20283    23.6009    27.0222    48.4343   -84.2599    60.8556
    26.625     71.875   -19.7211   -19.3279   -26.0721    5.54451    18.9378    22.7745    47.7452   -82.5062    40.9656
    26.625     72.125    29.4491     33.736   -32.4528   -4.29321    9.77518    13.5827    44.3812   -74.5249    38.5679
    26.625     72.375    15.2483    17.3409   -37.5317   -10.0933    4.02451    8.06727    32.4133   -68.2039    34.8366
    26.625     72.625    1.84595    5.55814   -34.8795    -4.9547    4.11059    6.02285     20.066   -63.7579    14.3518
    26.625     72.875   -2.80343    3.33113    -33.426   -9.12157    3.35357    7.99075    18.1945   -67.2698    31.4065
    26.625     73.125   -25.5562   -14.7632   -13.2885    4.83989    16.0934    18.7977     33.912   -64.5525    42.0783
    26.625     73.375   -55.6766   -42.4101   -17.5194    5.90181    13.0407    12.7319     33.742   -69.9838    44.8395
    26.625     73.625   -48.6115   -34.6538   -12.1781    26.8305    34.2638    30.3923    42.2041   -62.6403    54.0557
    26.625     73.875   -45.7312   -32.2747   -6.92014    34.1506    36.9516    32.6663    40.7333   -68.1316    49.2198
    26.625     74.125   -10.7063   -26.2327    3.56322    27.4261    30.8892    27.2085    38.6699   -52.4518    37.1549
    26.625     74.375    -32.514   -14.3765    -19.065    12.7359    19.5807     21.273     33.628   -70.4901    48.1145
    26.625     74.625   -48.4429   -29.3341   -19.9405    10.6212    15.2687    16.0906    30.9328   -77.5415    40.7413
    26.625     74.875   0.923035   -30.1821    8.26018    17.2808    7.37356    18.5077    20.3813   -87.7021    78.9298
    26.625     75.125   -1.88879   -27.0925    32.5034    47.6917    59.3285    61.0487    47.1844   -72.2062    83.6216
    26.625     75.375   -5.91629   -6.55619    22.5032     44.982    46.0102    45.4941    60.6439   -72.2474    45.0213
    26.625     75.625    -19.299   -14.8108    15.9066    42.6758      42.42    40.7199    60.6752   -68.8853    39.5785
    26.625     75.875   -36.8136   -26.2488   -2.78656    35.8587    38.5869    39.4281    51.7256    -77.071    44.2532
    26.625     76.125   -27.2175  0.0782374    6.68139    46.8482    55.0275    58.5651     72.696   -96.3004    47.6499
    26.625     76.375   -5.81273    -8.0527    11.7995    34.2894    38.5112    41.9985    61.4317   -37.1018    12.3059
    26.625     76.625   -17.1955   -20.8599    3.35625    35.0124    41.1892    46.4448    60.0577   -62.1133    53.9436
    26.625     76.875   -1.24897    3.91199    12.4293    41.8427    39.9933    43.8197    60.9747   -69.2441    45.4606
    26.625     77.125    21.6955     34.741    29.7316    61.7149    52.1019    51.8152    66.8364   -55.2354    48.7674
    26.625     77.375    19.5466    38.3296    31.7772     60.093    56.2742    57.4863    66.1427   -55.0614    43.1588
    26.625     77.625    4.34201    27.1242    17.5164    43.4146    41.0912    45.7516    79.3228   -67.6643    33.4678
    26.625     77.875   -52.1093   -46.1124   -19.1466     12.843    19.6018    26.7505    40.7084   -70.8868    48.9298
    26.625     78.125   -23.6894   -19.4422    2.90202    51.1456    39.8258    42.0302    55.0377    -78.005     34.418
    26.625     78.375    16.0599    28.1686   0.584309    28.7831    31.6872    25.7181    31.5103   -39.2704    7.14469
    26.625     78.625    12.8662    47.3711    8.56835    57.9309    56.6002    53.7996    77.1055    -42.067   -15.7779
    26.625     78.875   -4.27417    20.0963    -9.2369    28.8421    25.9279    25.0067    18.6944   -82.2243    8.85993
    26.625     79.125   -65.9373   -47.8453   -46.8277   -25.7393   -29.9416    -31.843   -45.4435   -77.5701   -42.7766
    26.625     79.375   -27.5921     1.6723   -8.97739    25.8382    16.8503    5.52252   -1.15724   -83.2805   -51.5417
    26.625     79.625   -22.1613    26.7882   -21.3848    22.9222    22.6961    10.3889   -3.48631   -68.0293   -11.1175
    26.625     79.875    -23.781   -1.73355   -21.5318  -0.415981    8.95751    10.0453   -1.94705   -25.4025    13.9699
    26.625     80.125   -43.1613   -26.3617   -38.2799   -6.74402   -2.00306    1.58984    -13.903    -19.195     28.177
    26.625     80.375    -3.9929    36.6463   -15.8786    26.1207    22.8111    20.4058    21.3166   -36.6586    19.5307
    26.625     80.625   -45.3879   -21.3544   -35.5864   0.433608     16.476    13.6412   -20.8586   -38.9686   -18.7863
    26.625     80.875   -13.9626    17.9248   -26.6058    27.9004    48.9194    49.6078    28.3551   -48.2035    37.6402
    26.625     81.125    12.9197    35.2595   -5.09139    33.7156    46.7064    39.4943    15.6865   -29.2991    36.5124
    26.625     81.375   -13.5385   -1.09201   -12.1242    14.2613    30.3878    21.6368   -6.27049   -9.59485    23.7273
    26.625     81.625   -47.3856   -25.1715   -44.2397    -16.495   -8.87672   -9.85857   -12.2288   -44.4537    29.3021
    26.625     81.875    8.47736    30.8347   -6.28518     8.4371    15.0957    7.25566    35.0608   -28.8328    42.3439
    26.625     82.125   -28.1221   -12.3215   -19.5182    4.07518    4.30374    2.21433    19.9393   -16.9514    36.8752
    26.625     82.375    2.89766    29.1872   -16.5449   0.673398   -4.29842   -2.10612    9.06294   -11.1852    27.5866
    26.625     82.625   -83.6532   -70.7926    -92.995   -59.5326   -41.9408   -37.7295   -47.5682   -8.93293     14.196
    26.625     82.875    1.39481   -5.83251   -47.3138    5.42345     13.624   -12.6856   -17.2383   -17.5532    30.3059
    26.625     83.125    3.08744   0.836448   -37.3364    5.05322    10.6791   -12.8304   -7.85319   -24.3729    33.0106
    26.625     83.375   -49.1076   -49.5454   -53.5353    -33.405   -19.9832    -29.956    -46.696   -28.7709     35.369
    26.625     83.625   -47.4602   -51.7339   -58.4687   -23.9714   -20.7834   -30.9408   -65.9318   -29.0483    41.4739
    26.625     83.875   -34.7129   -38.8593   -45.4943   -7.55785  -0.530129   -19.7728   -63.6244    -5.9353    35.4866
    26.625     84.125    18.6366    14.5279   -36.1391    13.4526    18.5791    6.38891   -50.2039    11.8147    39.5531
    26.625     84.375   -17.0191   -11.2568   -37.7433    2.91577    12.1846    4.02068   -54.5912     24.942    36.8565
    26.625     84.625   -38.1174   -25.6391   -52.0301   -7.87066    1.90968    -9.8886   -55.1461    24.3934    37.5923
    26.625     84.875   -44.4726   -47.4495   -35.3631    4.68125    21.3901    12.4573    -19.756    9.50378   0.120421
    26.625     85.125   -45.4276   -27.3923   -46.0699   -2.51782     8.1365      16.54   -15.6603    61.5754    17.1424
    26.625     85.375   -51.0622   -35.5803   -44.6659  -0.790653    9.78416    12.0985   -58.6598     50.708    20.6945
    26.625     85.625    -36.766   -41.1271   -18.2757    8.64089    17.6697    10.3237   -61.8016    15.1819    20.2567
    26.625     86.125   -29.8959   -31.3187   -26.1289   -3.32974    22.5565    8.56286   -54.0112     34.722     25.901
    26.625     88.375    2.41338   -15.7358  -0.469876    3.37143    70.4024    71.8124    19.4964    30.1172    7.85814
    26.625     88.625    36.1193    18.2685    46.6786    39.7654    63.6466    62.9944    38.2315   -24.0998    34.6262
    26.625     88.875   -2.08808    -22.151    15.5708    5.58071    53.2071    55.2542    3.01498    13.7357    2.77824
    26.625     89.125   0.052057   -8.34926    11.6725  -0.148357    36.2019    45.0455    5.56754    31.0089    1.89152
    26.625     89.375    1.16858   -5.99381    6.37427  -0.123447    31.1606    46.2168    10.0484    24.1443    1.05651
    26.625     89.625    3.85773   -1.98296    10.0512    6.50843    33.1495    46.8477    2.10706    11.7065   -1.51065
    26.625     89.875   -5.04012   -15.8129   -7.02911    5.97853    43.5828    59.1564   -10.8775    7.65425    0.79886
    26.625     90.125   -6.15596   -16.7837   -11.0775  -0.344994    34.7234    47.0684   -19.6972    29.8648    3.23508
    26.625     90.375   -17.1748   -23.3743   -23.6825   -12.6507    12.3546    24.6287   -21.0259     21.035    12.4958
    26.625     90.625   -21.6472    -25.314   -22.7319   -22.1621   -8.38482    5.42654   -32.4801    29.5284    15.4509
    26.625     90.875   -21.2391   -20.0631   -19.6035    -27.766   -15.2259    3.59707   -21.3402    31.8678   -4.35893
    26.625     91.125   -11.2787   -11.7049   -8.62832   -26.7728    -9.2525    14.6574   -9.50698    54.4009   -7.95669
    26.625     91.375   -4.85555   0.642195   -1.82783   -20.6612   -10.1875    15.7073    12.5224    14.2121    -5.3106
    26.625     91.625    -48.182   -32.4003   -44.1268   -51.8302   -37.5077   -8.19908   -6.37926    72.6378   -3.97807
    26.625     91.875    -13.304   -9.73772   -14.9169    -13.925   -6.92511    17.5722  -0.243053    69.4021  -0.255074
    26.625     92.125   -20.1446  -0.162763   -43.4825   -26.6689   -3.18549    14.4912    4.62485    32.4177   -7.08374
    26.625     92.375   -10.9226    10.0016   -38.7388   -20.9106    9.20086    12.0042    18.9818    37.2449    1.29568
    26.625     92.625   -21.4681   -6.47886   -56.1656   -36.1475   -1.43899    8.48868      5.199    61.9855    6.59168
    26.625     92.875    11.1718    1.16725   -9.12164   -2.34887    23.1106    56.7432    16.4181   -20.4823    8.93825
    26.625     93.125   -8.17638   -7.96703   -21.5701   -13.0622   -4.98943    13.7858   -10.8325   -34.2219   -5.43222
    26.625     93.375   -17.8673   -15.9657   -21.8927   -9.75839   -10.1645   -1.13711   -18.8594   -32.0204   -9.72657
    26.625     93.625    -10.572  -0.105772   -34.5371   -24.4169   -18.0152   -3.69672    -1.0856   -44.5379   -33.9743
    26.625     93.875   -2.30384  -0.423003   -26.9957   -16.0756   -5.73387    13.5542    34.9193   -84.1038   -31.5962
    26.625     94.125   -18.0293    -19.205   -15.9901   -8.72168   0.586952    29.8328   -13.9539   -7.44029   -8.48021
    26.625     94.375   -9.70802   -10.1906    -8.6298   -4.19451  -0.613743    17.3749   -2.18355   -2.59213   -3.64083
    26.625     94.625    4.66026    4.13261    1.32959    10.0494    12.7379    28.7946    22.4163   -13.4529   -7.08092
    26.625     94.875     20.683    28.6953    5.94011    2.84707    4.33377    19.7024    10.9936   -9.99681   -30.4289
    26.625     95.125    37.5309    50.7421    24.9469    14.5475    15.1557    27.6958    4.45119   -10.5288   -26.9193
    26.375     70.375   -38.8341   -50.3751   -28.4919   -9.94058   -2.84754   0.723307    2.90646   -29.0554    7.64688
    26.375     70.625   -45.2895   -50.0537   -41.9037   -14.7836   -1.47539    1.02639   -9.84576   -27.4493    13.0236
    26.375     70.875   -46.7948   -53.5281   -41.3789   -13.9877   -5.34445   -3.07439    8.72272   -34.1343    14.2207
    26.375     71.125   -80.5714   -88.6307   -49.6258    -23.855   -10.5945   -4.58585    18.1969   -49.4133    32.6701
    26.375     71.375    -71.712   -92.7536   -44.6356   -5.62093    5.69287    8.96821    40.3591   -74.5367    28.6496
    26.375     71.625   -37.9152   -28.4554   -18.5464     11.244    19.0733    19.1373    46.3516   -74.1353    46.1753
    26.375     71.875   -19.4857    12.9516    -19.534    10.3958    16.9615    15.4363    39.2751    -72.639    45.2355
    26.375     72.125   -10.0734    28.2856   -40.3315   -12.4538     3.4918    9.05702    32.9635    -68.901    33.0455
    26.375     72.375   -8.50153    15.8822   -37.9288   -14.2578  -0.927828    4.36807     24.524   -67.8186    36.5053
    26.375     72.625   -3.39056   0.807942   -38.6019   -13.9474   -2.16747    3.03436    14.4676   -68.1611    25.0784
    26.375     72.875   0.326919   -4.39049   -21.4208   -4.90025    3.37317    6.79868    23.8734   -70.4226     2.1366
    26.375     73.125   -40.0669   -38.2696   -27.6537   -5.24179    3.85972    8.04063    37.8653   -67.0053    32.1278
    26.375     73.375   -47.1032   -38.0102   -20.5729   -2.14409    7.24549    10.0666    35.5525   -56.3333    39.2235
    26.375     73.625   -55.1337   -39.6485   -24.4177    13.0488    23.2008    23.8544     38.527   -64.0834    42.9089
    26.375     73.875   -50.2722   -32.9231   -15.3492    22.9909    28.9703    29.0239    39.2151   -66.2249    45.2226
    26.375     74.125   -40.7561   -55.5904   -13.4114    18.5835    21.4624    22.1027    29.9245   -64.4007    22.2415
    26.375     74.375    8.31319   0.376164    1.47907    27.1426    26.8051    26.7919    23.6216   -74.4125    22.5586
    26.375     74.625   -73.6616   -84.0361   -29.7771   0.209598    1.67909    3.72388    18.4808   -69.6692    6.37576
    26.375     74.875   -1.62721   -26.3139    9.12557    41.6693    45.5463    45.3202    41.5229    -74.926    5.47167
    26.375     75.125    5.37169   -17.1587    27.9552    34.6777    53.5794    59.8689    68.0097   -92.4742    62.5049
    26.375     75.375      1.554    -9.6937    24.2584     31.669    50.0266    56.7096    65.3626   -97.7696    59.3381
    26.375     75.625   -29.2823   -23.6561    8.74793    37.7564     40.607    40.8896    85.0447   -80.2462    37.9733
    26.375     75.875   -32.4129   -24.0976     5.1681    42.6702    50.0483    52.5171    64.5432   -78.3395     35.533
    26.375     76.125   -46.3116   -23.2494   -11.1532    41.8464     45.222    48.1852    60.6385   -82.4125    13.7153
    26.375     76.375   -37.5154   -26.6806    2.90224    31.0149    36.5676    34.7512    28.3039    -82.751    26.8757
    26.375     76.625   -10.5026   -4.32902    7.36954    29.1088    40.1413     46.495    56.9226   -66.0069    42.4781
    26.375     76.875   -8.47627  -0.118789    10.2088    27.3506    36.6029    42.8343    70.1718   -70.8935    48.8454
    26.375     77.125   -8.10777    18.8531    9.79127    25.9716    28.3202    31.0155    71.5424   -57.7649    35.6432
    26.375     77.375    16.8013    36.2625    33.6117    57.2858    56.1823    59.0577    55.0466   -60.4192    42.6101
    26.375     77.625    -6.3483    18.1312     24.132    44.7035    44.5599    44.9997    63.2159   -51.1602    22.0181
    26.375     77.875   -49.1407   -35.0276   -7.84102    43.0007    46.1423    51.7044    57.5477   -75.3542     62.226
    26.375     78.125   -17.9756     3.4704    3.04355     46.892     42.262    42.9996    26.5521   -71.2962    54.2168
    26.375     78.375   -35.6985   -20.4866   -16.3415    19.9882    24.8558    27.8126   0.170712   -69.6942    42.0095
    26.375     78.625    26.6529    47.5496    36.4716    67.9975    75.3955    84.8391    76.0247   -51.8981    36.2863
    26.375     78.875    31.7683    59.6642     21.397    59.2413    66.2237     73.456    72.3246   -76.6844     30.994
    26.375     79.125    29.6134    63.2173    -1.8753    18.6968    34.2808    36.4436    75.1447    -82.155    41.6622
    26.375     79.375   -79.6642   -59.1426   -75.3466   -40.9758   -27.0411   -23.6382   -44.2866   -79.5334   -35.8815
    26.375     79.625   -85.8549   -67.9314   -71.6275   -37.8065   -30.8403   -33.0547   -64.7082   -75.3735   -44.5908
    26.375     79.875    2.61617    60.4065    7.97679    36.7458    51.6355    62.8454    54.0071   -54.2337    70.5424
    26.375     80.125    23.5312    72.7448    14.6402    29.5103    43.0686    54.3646    68.3413   -32.2197    62.0065
    26.375     80.375   -45.6998   -10.3693    -37.952   -9.72236   -6.30452   -8.32898   -21.8437   -43.7431    4.84229
    26.375     80.625   -69.7784   -38.1605   -57.6601   -16.4599   -8.01534    -10.936   -46.7823    -46.155   -27.5111
    26.375     80.875   -11.0426    25.4296   -17.1099    28.9808    41.1316    42.9636    13.7965   -62.8838    39.3575
    26.375     81.125   -59.3518     -37.99   -55.0577   -9.25528   -3.19233   -7.69001   -35.0596   -73.7829    34.4576
    26.375     81.375   -92.4615    -77.643   -90.9142   -59.6086   -47.4197   -45.5825   -70.0153   -35.1328    9.08007
    26.375     81.625   -97.1471   -86.3561   -87.9053   -59.8905   -50.4961    -44.751   -74.4327   -44.1227   -19.9093
    26.375     81.875   -54.1989   -40.2101     -45.75   -14.7596    -11.259    -14.864   -28.3656   -48.0563    27.2188
    26.375     82.125   -68.3595   -45.4899   -57.5151   -23.0178   -18.3326   -24.7796   -58.1243   -26.2492    14.5865
    26.375     82.375   -26.9754   -7.80465   -31.2602   -1.50748   -3.67867    -7.2951   -17.4251   -21.2125    18.3839
    26.375     82.625   -31.4513   -22.6784   -41.7492   -15.9401   -12.3045   -17.1164   -18.0381   -32.7086    20.8025
    26.375     82.875    14.8841     6.8685   -24.3827    4.32567    4.38203   -6.84173   -5.54271   -52.5034    28.1381
    26.375     83.125   -16.8121   -5.07174   -36.1522   -26.8031   -11.0907   -9.39919   -11.6858   -50.2887    32.5343
    26.375     83.375   -48.2519   -51.3943   -62.2117   -23.2935   -23.0781   -43.2477   -63.6112    -21.969    52.5897
    26.375     83.625    16.6528    -3.3673   -1.73947     35.516     27.565   -1.10006   -36.4639   -31.3399    40.8716
    26.375     83.875    15.3125    4.45249   -5.91764    33.8879    31.2862    7.34076   -46.2411    4.63299    42.7024
    26.375     84.125     26.279    11.8936   -28.7543    2.70265    13.5531   -4.41019   -37.0627    17.3469     41.946
    26.375     84.375   -5.79531   -8.82891   -9.76467    26.8539    24.8334  -0.822643   -44.7494    24.4627    45.7974
    26.375     84.625   -38.3383    -32.484   -41.5514    10.4749     11.611   -1.71186    -67.072    48.3567    40.5727
    26.375     84.875   -68.1465    -81.995   -36.8535    5.29035    29.1808    35.7712    1.16915    42.8202    15.2073
    26.375     85.125   -36.6068   -34.2425   -29.1078    14.8037    22.5911    2.82134   -52.0886    21.2982    41.3797
    26.375     85.375   -49.5347    -43.453   -38.0845    7.87842    14.6509    9.62888   -79.6167    20.9766    24.6403
    26.375     85.625   -27.0675   -34.1448   -12.8856    11.4207    16.1179    8.48328   -51.4582   -9.11357    19.3161
    26.375     85.875   -15.2324   -24.6556    1.14426    25.9177    38.6942    16.1695   -27.9631    39.5929    25.6955
    26.375     86.125    -24.489   -29.2855   -17.9917    4.97248    26.3061    17.5038   -34.0249    42.1667    22.4783
    26.375     86.375   -62.8255   -65.0923    -68.829   -55.1873   -34.5326   -18.5016   -77.0806    44.8281    18.8456
    26.375     86.625   -43.9842   -45.9194   -61.9485   -39.2577   -24.4051   -15.0761   -70.5478   -11.2606    13.7612
    26.375     86.875    4.21792    -18.194   -7.10373    21.8096    56.6205    27.9599   -14.2173    37.9716    18.0124
    26.375     87.125    3.73728   -26.8017    -15.305    1.54162    23.1469    8.53934   -34.0917    36.6407    15.7583
    26.375     87.625   -7.60292   -18.0706    -35.348   -64.6073   -22.1022   -7.42395   -27.4163   -5.28183    5.40039
    26.375     87.875   -9.39849   -15.7444   -6.08383   -10.2621    23.7956    23.6641   -2.48781    12.9111    11.1016
    26.375     88.125   -3.99148   -16.2009    7.17769    1.44129    48.4897    44.2779    12.3162    28.6475    3.47304
    26.375     88.375   -1.13982    -17.305    7.30713    12.2719    51.7281    45.1964    2.07672    29.4387    3.30006
    26.375     88.875  -0.730027   -27.8346    18.7185   0.146177    56.9853    55.3584    7.52624     20.404   0.043273
    26.375     89.375    1.23239   -12.8746    7.41621   -4.96046    25.2829     37.683    6.72212    11.6684     9.9893
    26.375     89.625    5.45018   -9.66844     8.4525    -1.4567    24.5989    38.4323     7.4495    13.1001    1.29526
    26.375     89.875    6.54172   -5.61221     5.2173    8.04857    38.1083    50.5747    6.65505    12.6298   -1.61787
    26.375     90.125    13.6744   -7.10352    2.29201    14.4902    43.3827    57.6245   -2.70855    16.6947    5.76634
    26.375     90.375    19.0558   -1.86536   -3.16326    7.23887    35.2729    45.9293    -4.2668     22.455    11.4697
    26.375     90.625    16.4749   -8.06241   -9.94409    1.91673    30.0472    52.0249   -17.9647    19.8449    2.40273
    26.375     90.875  -0.426873   -3.03373    -10.267   -4.35303    4.14253    22.2319   -6.12989    10.5253     0.3859
    26.375     91.125   -52.1958   -41.9738   -57.2709   -34.0222   -16.5219    4.80265   -50.0096    9.05667   -3.38113
    26.375     91.375    -34.619   -17.8713   -42.6404   -38.0245   -21.8121    6.59237   -31.3423    17.3027   -11.7532
    26.375     91.625   -90.2938   -66.7173   -93.9812   -91.4525   -54.5937  -0.871074   -8.28614    51.1844   -15.9496
    26.375     91.875   -46.8698   -40.2572   -53.2494   -44.9713   -30.3506    1.01859   -13.1671    47.5303   -5.90131
    26.375     92.125   -5.90342    2.56905   -12.8544   -9.00823    8.22345    11.6014    4.74731    42.0125   -9.05523
    26.375     92.375   -3.68232    21.3182   -30.8458   -13.8078    19.0003    17.7193    33.3851   -3.62174    5.11873
    26.375     92.625   -6.12052    12.2179   -26.5945   -11.7904    16.5643    14.0236    24.6005   -19.7687    5.11294
    26.375     92.875   -15.9411    -9.6476   -29.1413    -12.454    7.84499    2.47009   -10.7255   -14.3903   -24.3116
    26.375     93.125   -26.2063   -20.8162   -40.4005   -25.9478   -13.3956   -10.8416   -23.7209   -23.0915   -27.5498
    26.375     93.375   -34.9023   -17.3327   -54.9889   -29.6501   -4.48614    3.93764   -8.15197    5.39642   -7.09619
    26.375     93.625   -13.3583   -3.25587   -36.0234   -21.0188   -4.92382    9.21272    3.13891    -7.8664   -14.9076
    26.375     93.875    52.5006    36.0593    5.50008    10.1711    16.6798    31.5201     21.345   -27.2439   -15.5968
    26.375     94.125    52.9958    39.3293    12.1276    25.7073    38.1264    46.1767    29.9074   -35.5258   -45.6601
    26.375     94.375    8.99339    5.92466   -5.20118    2.15771    10.1192    21.0588    8.91576   -18.6756   -31.5059
    26.375     94.625     2.0178    6.90283   -5.30235   0.882023    5.72906    13.9501    5.31012   -20.6712   -34.2468
    26.375     94.875   -1.14441    12.5984   -7.08641   -6.44316   -5.48367    5.43046   -1.16302   -5.54011   -40.9445
    26.125     70.375    -11.574   -31.7261   -36.2608   -12.9198   -6.06266   -3.93383   0.563653   -42.5931    6.41672
    26.125     70.625   -24.7211   -43.9567   -43.4616   -16.2073    -8.6689    -7.7054    2.59399   -50.2056    10.1018
    26.125     70.875   -31.4121   -53.6845    -60.594   -31.1947   -18.9695   -16.4278    11.4521   -69.6394    10.5152
    26.125     71.125   -24.9712   -29.4208   -33.5096   -9.76009   0.669741    4.46334    37.5987    -28.807    24.2708
    26.125     71.375   -50.9428   -48.8848   -45.3496   -11.0623    3.77224    8.44799     35.421   -66.1345    23.2873
    26.125     71.625   -24.1092    9.22851   -38.4847   -3.34136     6.9746    10.7814    36.2597   -58.9007     26.198
    26.125     71.875   -16.3914    23.5046   -30.6817    2.50173    8.84166    9.54545    35.1949   -65.2834    37.1927
    26.125     72.125   -8.70329    29.0533   -20.5024    8.71377    11.6202    9.21665    33.3983   -64.7425    33.5007
    26.125     72.375   -7.29063    13.0423   -36.7477   -15.2782   -2.62521    3.17453    26.2912   -65.8111    35.8483
    26.125     72.625    5.35027   -9.05532   -18.2977   -5.75775    2.90957    6.76026      25.37   -62.9653   -13.6154
    26.125     72.875    3.13321   -15.6754   -11.7809      -2.96    3.92541    7.92992    26.2714    -70.215   -20.0086
    26.125     73.125   -33.8915   -54.6212   -19.1236   -3.74395    3.72733    7.66373    33.4317   -72.5204    27.9971
    26.125     73.375   -38.4047   -55.7857   -32.0929    -2.5582    5.34964     6.9178    33.2454   -79.6055    24.0293
    26.125     73.625   -38.8914   -16.9653   -36.9811   -5.24479    3.36561    5.12525    27.2394     -74.78    29.5148
    26.125     73.875   -39.0207   -23.9536   -36.8161   -3.43162    4.52263    6.36447    23.9461   -70.0552     23.027
    26.125     74.125   -45.0181   -54.3119   -20.0628    16.2743    19.7142    22.0734     34.111   -65.0073    29.2375
    26.125     74.375   -45.3785   -42.1305   -22.0728    18.1862    26.6965    27.8376    44.1474   -62.6165    22.9982
    26.125     74.625   -43.9324   -35.1208    1.55448    31.3697    34.4191     33.667    36.9021   -62.9657    21.2769
    26.125     74.875    16.4779    6.44477    41.2632    69.0237    69.0793     66.137    69.3758   -76.7876    27.6916
    26.125     75.125    18.1047    13.5137    32.1954    45.9544    36.1728    42.1473    69.4728   -59.6085    44.1624
    26.125     75.375   -17.5813   -14.0929    14.5168    41.8454    46.1126     51.978     86.495   -76.8304    54.4721
    26.125     75.625   -25.0117   -21.5793    8.11062     35.918     39.112    41.6825    88.1496   -81.7342    49.1532
    26.125     75.875   -36.6293   -34.8533    8.17964    40.0734    54.0762    52.5677    67.7022   -80.7358    45.3602
    26.125     76.125   -54.9604   -47.9743   -9.32594    31.5251    39.8185    40.8225    71.7234   -95.2426    47.2667
    26.125     76.375    -38.483   -14.9622   -4.97073    37.3715    41.6782    45.7089     65.589   -73.6644    60.4561
    26.125     76.625    -17.434    10.6024    5.83107    42.9378    47.1652      51.68    52.2421   -73.8907    61.5204
    26.125     76.875   -10.4135    3.63273    6.89158     22.883    27.8624    29.1618    49.6283    -85.461    49.0665
    26.125     77.125   -57.1932   -6.10591   -33.7224   -1.53214    10.5282    13.6425    34.5291   -90.9582    33.3955
    26.125     77.375   -23.9445    5.02203    9.56788    21.1356    29.6955    34.0157    33.4933   -77.2391    24.6161
    26.125     77.625   -11.2586     16.574    29.2107    46.0901    53.8967    56.7292    64.9514   -81.2023    31.2969
    26.125     77.875   -16.5207    5.35907    12.9258    50.0316    60.6255    70.3484    62.3016   -72.5073    50.6082
    26.125     78.125   -9.64932    24.2194     12.659    59.9678    67.4849    73.0065    58.7546   -67.8326    69.7731
    26.125     78.375    11.2958    51.6018    16.2887    51.3088     53.398    57.4823     42.259   -73.8386    42.3902
    26.125     78.625    37.8865    69.3552    45.2688    65.0439     71.674    81.1749    61.2296   -21.6738    55.0509
    26.125     78.875  -0.281159     45.497    24.5768    60.9472    66.0517    65.8851    26.3473   -31.5153       15.5
    26.125     79.125    -10.826    50.2948    0.43579    39.4602    43.0962    43.4131    31.7655   -50.6436    41.0138
    26.125     79.375   -23.1263    41.3351   -17.3437    1.76733    12.2232    21.8969    26.0149   -54.0326    41.7623
    26.125     79.625   -58.2063   -25.8962   -40.4349   -12.2801   -6.08458   -4.97693   -41.1183    -51.737   -5.85206
    26.125     79.875   -48.5691   -13.4787   -36.6749    -12.829   -6.67539   -1.66223   -23.2721   -56.7966     19.809
    26.125     80.125    -10.978    44.4276   -4.16996    19.1465    33.2983    39.2257    31.1703   -53.4558    70.8025
    26.125     80.375   -40.3645    12.9964   -32.7454   -8.06289    2.05196    6.18672   -3.97505   -52.0918    62.2612
    26.125     80.625   -91.5819   -57.1326   -73.7746   -48.8184   -39.9064   -38.0478   -66.6564   -67.2429    63.6279
    26.125     80.875   -3.25569    68.6082   -8.45158    6.11055    11.9089    15.7376    52.6902   -73.9316    50.8757
    26.125     81.125   -20.8845     23.823   -6.08695    29.5194    24.0329    16.8978    33.9631   -83.0064    62.8386
    26.125     81.375   -91.6287   -68.5719   -91.9268   -58.6181   -43.3843   -39.8916   -56.8502   -39.7447    -1.8216
    26.125     81.625   -21.0076    11.4724   -17.6234    29.9659    26.8739    14.8935    21.9055    -95.299    39.8323
    26.125     81.875   -33.2316  -0.294474   -36.4233   -1.03027    -5.6151    -5.9823    14.8304    -65.414    35.2735
    26.125     82.125    -76.753    -52.691   -61.0925   -21.3753   -19.8597   -26.4306   -58.2119   -44.5642    20.3321
    26.125     82.375   -61.7827   -48.2543    -54.922   -43.8119   -39.6583   -36.7381   -54.3242   -30.0374    10.1567
    26.125     82.625    -62.358   -24.8752   -66.0453   -48.9754   -34.0283   -33.3876   -35.8156   -42.5284    26.3224
    26.125     82.875   -28.3508   0.151681   -38.0357   -30.4314   -12.6696   -7.51602   -15.6185   -56.1193    32.4765
    26.125     83.125   -55.2173    -50.134   -55.5963   -28.0796   -15.4439   -14.3746   -17.5376   -27.9695     38.873
    26.125     83.375   -63.1699   -67.3748   -68.8197   -17.5885    -23.199   -38.5754   -59.6588  -0.996668    49.5152
    26.125     83.625   -64.0189   -72.3999   -68.8762   -12.6807   -15.0817    -39.038   -69.8996   -9.40126    41.7075
    26.125     83.875    11.0778    3.56016   -22.7728    32.2757    31.7574    5.94099   -9.51012   -28.1785    27.9085
    26.125     84.125    29.3787    12.7794   -21.6388    29.4118    27.0193    8.68781    5.06255    8.13942    31.1322
    26.125     84.375   -25.2415    -32.315   -52.8834   -6.80513    5.15261  -0.204374   -64.8754    28.7199    34.7353
    26.125     84.625   -9.15594   -21.8621   -25.9615    14.6082      15.59   -1.04922   -44.5882   -8.02037     29.042
    26.125     84.875   -73.9925   -81.5495   -67.1105   -6.51111    6.80481   -3.08921   -74.3243    37.6465    24.5445
    26.125     85.125    18.9477    7.10903   -15.9463    8.48538    6.92117   -9.47816   -39.5019    26.2147    37.9005
    26.125     85.375   -85.1315   -93.6735   -70.3442   -26.2258   -16.2387   -18.3947   -64.5407      32.99     14.196
    26.125     85.625   -41.7177   -33.5979    -43.452    1.31095    11.8737    11.3271   -22.0079    5.74329    20.0848
    26.125     85.875    27.5345    21.1625    25.6911    61.9552    44.8605    38.2042    51.3984    26.2146    25.3653
    26.125     86.125   -7.28441   -8.84109   -6.00815     3.8072    28.0842    22.3676   -17.0347    23.6956     30.781
    26.125     86.375   -9.11155   -16.1038   -13.2877    5.07643    43.5311    28.9151   -20.8142    53.2579    30.9466
    26.125     86.625    12.2348    -5.1983    5.29673    38.3086    59.5356    38.4639   -23.2369     52.805    20.7285
    26.125     86.875     16.682   -1.74642   -0.57703     31.804     39.838    18.6574   -13.3132     37.758    25.0735
    26.125     87.125    10.8775   -17.1452   -16.8753   -1.99317    15.5157    3.61153   -11.6042    68.2345    13.0586
    26.125     87.375     2.6431   -16.5203   -31.4706   -4.21138    16.7621     9.5026   -3.34541    9.32368    17.6392
    26.125     87.625    0.44519   -17.0295    -19.967   -15.1208    23.1256    14.8886    6.24631   -1.06163    8.19909
    26.125     87.875    3.12588   -12.9326   -17.5506   -28.7665    7.05495    11.0279    6.13772   -9.79912    11.2645
    26.125     88.125   -3.57599   -23.3417   -1.58395    7.07674    38.8894    31.2652    6.23851    17.8571    6.33445
    26.125     89.375   -3.15071   -19.2485     3.5635   -3.84127    41.5074    48.8655   -7.57016    12.3876     11.176
    26.125     89.875    11.4965    1.59752    6.19813    6.55656    32.6999    42.3466    4.77629    17.8668   -6.43849
    26.125     90.125   -11.5976    8.25124   -33.2109   -18.8141    23.1101    17.6691   -8.78681    28.9287    1.95523
    26.125     90.375    6.90789    1.13363    -13.227   0.360092    33.5768    39.3893   -8.17577    8.54791    6.88991
    26.125     90.625    26.0495    1.97645    1.85942    22.3145    46.2909    62.1267   -2.37444    14.6821    16.0164
    26.125     90.875  -0.953521   0.169042   -17.4982   -2.64734    13.4234    27.6317   -5.96736     5.6306   -2.31737
    26.125     91.125   -25.4132   -10.5217   -51.9399   -19.9755  -0.820159    4.09532   -32.6129    27.7457   -11.6621
    26.125     91.375    4.87432    22.7649   -64.6377   -25.9487   -1.14694    4.34374    -39.624    27.8445   -2.00885
    26.125     91.625   -86.9511   -61.7838   -96.2169   -74.9786   -48.8111   -31.9631   -52.8652   -1.97827    -46.598
    26.125     91.875   -68.5963   -56.6873   -63.6718   -54.1029   -42.4078   -32.4158   -39.2537    27.6137   -46.0314
    26.125     92.125   -36.4692   -27.7341   -44.8133   -46.3576    -38.003   -21.9451   -36.4384   -16.9002   -55.0134
    26.125     92.375    4.86857    7.51126   -1.57769    2.69128    13.7898    13.6901     14.367   -16.7514    55.4338
    26.125     92.625    5.60498     10.022   -2.09845    4.41829    20.7219    18.0285     16.764   -8.52456    55.4013
    26.125     92.875   -31.3813   -17.6775   -41.5213   -25.0047   -3.97606   -8.21989   -26.0831   -11.3556    2.24685
    26.125     93.125   -91.9935   -75.5303   -94.8296   -78.0834   -61.1509   -68.9134   -71.1615    6.79067   -53.7087
    26.125     93.375    -41.705   -23.9539   -43.0879   -16.9965     2.7468   -29.4428   -24.1665   -6.98926   -72.5709
    26.125     93.625   -15.5871   -3.67547   -29.4034   -8.49859    11.8568    4.72178   -3.32501    16.8399   -61.4356
    26.125     93.875    84.3621    70.1091    38.7207    51.8579    63.7115    61.5495    62.1879   -2.16141   -38.8951
    26.125     94.125    65.4163    61.2521    29.1248    41.0592    50.2757    46.7705    37.9586   -16.9478   -70.9539
    26.125     94.375    36.5657    36.0183    7.32953    17.7856    26.3634     25.793    15.2536   -12.7287   -52.3197
    26.125     94.625    13.7377    19.6472   -7.37607   -1.36422    5.44843    6.98723  -0.604187   -9.97044    -55.745
    26.125     94.875    15.9967    30.5927   -2.42265    3.66442    11.1926    12.2965    1.44602   -3.76017   -62.7599
    25.875     70.375   -18.1655    -30.422   -63.0233   -32.7193   -23.3297   -24.1102   -31.4001   -48.9636    4.46231
    25.875     70.625   -31.4242   -50.5439   -63.3893   -34.7952   -24.3835    -24.811   -36.5662   -49.0335    5.05588
    25.875     70.875   -17.9421   -51.8907   -58.9743   -32.6527   -20.6037    -19.294    2.06933   -50.4062    5.40248
    25.875     71.125   -30.1441   -29.0082   -43.3584   -18.7622   -3.24112    3.43779    36.5522   -64.3898    24.1386
    25.875     71.375   -54.5222   -43.0673   -44.9691   -7.47885    6.21164    11.5414    36.1772   -70.5846    2.29903
    25.875     71.625   -40.1606   -14.2634   -43.8873   -3.55287    8.01086     12.688    37.6266   -69.6998    24.4536
    25.875     71.875     16.177    23.6669   -30.6817   -6.27349    7.23646    12.5776    39.5562   -62.0346    23.0899
    25.875     72.125    30.5719    26.0937   -23.4683   -11.1821    3.76679    9.35764     36.257   -52.5907    23.0259
    25.875     72.375    19.1628    11.6941   -16.4531   -2.84992    7.15802    10.3245    33.8926   -58.3348     19.655
    25.875     72.625   0.442394   -13.4932   -21.5569   -9.86069   0.248632    4.29724    22.1216   -61.7493    8.04749
    25.875     72.875   -3.72286   -19.1651   -20.9112   -7.98994     1.1381    5.17678    24.0476    -70.802   -1.36761
    25.875     73.125   -40.2887    -55.476    -12.822    6.11502    8.67912      10.68     30.546   -73.1778    19.5023
    25.875     73.375   -11.5574   -32.2052   -9.18556    8.91826    11.9724    13.7589    31.6661   -67.8467    25.7613
    25.875     73.625   -35.2934   -42.5664   -25.1624    1.33576    7.52664    9.36905    28.5195   -69.5943    23.5236
    25.875     73.875   -17.6049   -15.5894   -40.2541   -3.49624    6.36185    8.87308    22.9427   -73.6304    27.2149
    25.875     74.125  -0.596336  -0.228181   -44.4041   -4.31042    6.07653     8.2688    16.2142   -87.2779    19.2601
    25.875     74.375   -22.4871    7.85694   -11.9695    1.61387     10.356    12.2881    17.5327   -67.7454     33.981
    25.875     74.625    23.2523     22.628    43.2278    79.2804     80.686    74.3757    71.1035   -70.9838    45.6451
    25.875     74.875    15.7819   -4.29455    45.2055    73.4975    74.4265     73.688    64.0115   -95.3072     36.428
    25.875     75.125   -14.8263   -21.7356    28.7302    55.6755    69.7691    78.9711    64.6988   -79.1128    8.97373
    25.875     75.375   -22.5916   -23.3072    24.8073    58.6875    58.9034    63.3929    72.2557   -76.8418    13.1063
    25.875     75.625   -16.1812   -6.72987    16.0367    45.4414    48.3107    49.5951    79.4996   -92.1298    42.1387
    25.875     75.875   -12.0018      4.829    13.4317    40.9729    50.4576    48.8696    69.6419   -73.9124    46.6803
    25.875     76.125   -21.8274   -10.3575    8.74686    39.1113     48.773     47.098    52.6512   -60.8043    39.1412
    25.875     76.375    -36.363   -24.9876    -9.5027    35.3316    43.8706    36.7193      59.53   -61.8909    58.2402
    25.875     76.625   -43.2952   -16.5129   -18.5852    16.7287    30.4917    36.4979    48.0806   -37.8905    49.0227
    25.875     76.875   -19.4451    4.02353   -2.74347    13.6193    22.4927    27.8544    34.7443   -40.6555    40.7604
    25.875     77.125   -20.1047    6.70881     18.437    39.9495    44.8492     51.351    39.5825   -99.4693    45.7105
    25.875     77.375    2.36808    17.4212    29.6791    50.8515    56.0971    58.1285    44.4899   -88.1451    40.3099
    25.875     77.625    9.80735    26.9355    37.1243    62.2976    78.3467    78.5476     61.182   -72.8247    51.0203
    25.875     77.875   -8.82149    6.61803     7.2153    42.8716     55.761    63.9653    40.9798   -61.1884    61.9191
    25.875     78.125   0.915357    35.4655    15.8536    36.7835    58.8106    62.0154    50.0435   -55.6352    67.4521
    25.875     78.375   -28.5804     18.966    -4.5294    43.3569    57.8333    68.7041    37.7435   -69.9837    65.4192
    25.875     78.625   -16.0287    36.9064    1.55667    31.5808    42.5713    59.4213     25.038   -68.7476    56.4532
    25.875     78.875   -31.0755    19.0359   -24.1663    11.4818    20.1561    25.8118    11.1686   -62.6172    25.5549
    25.875     79.125   -17.3591    40.0752   -2.65283    23.5943    15.2038    25.5583    38.9209   -60.4683    53.2246
    25.875     79.375   -31.1473     21.844   -13.0639    18.9715    16.6672    23.0919    9.86481   -49.4881     47.627
    25.875     79.625   -57.5352   -2.29119    -36.533    11.3234    20.2668    22.8766    13.1965    -87.492    45.8874
    25.875     79.875   -19.9229    39.4445   -11.8449    29.2165    39.3082    40.6611    46.6916   -87.6802    64.6927
    25.875     80.125   -31.3073    18.4477   -17.2445    17.7326    27.7967    29.4261    26.2925   -56.1166    64.2232
    25.875     80.375   -67.5242    22.9558   -59.7565   -26.6741   -17.6243   -11.7279   -33.2307   -62.5542    60.8464
    25.875     80.625    -77.592   -40.2488   -56.5921   -48.3415   -38.6397    -34.818   -56.3143   -59.8384    72.0637
    25.875     80.875   -88.9498    -57.346   -71.9136   -51.0913   -43.9576   -43.0083   -62.5179   -66.3644    51.8454
    25.875     81.125   -81.0467   -44.9806   -70.2123   -41.2334   -37.7568   -37.9639   -56.4486   -82.9275    -21.563
    25.875     81.375   -3.04293    49.7251   -46.4745   -17.1064   -3.32907   -1.02563    27.1608   -57.0637   -15.2004
    25.875     81.625   -41.5201   -14.3286   -25.2106    4.99046    9.29986    8.83269    29.6476   -70.1164    44.3885
    25.875     81.875   -33.9906    4.85662   -32.6347    9.13067    6.85361  -0.799366    31.0017   -70.0618    43.1112
    25.875     82.125    -99.887    -77.528   -87.1112   -51.8492   -51.1721   -51.4634   -66.3491   -45.5048   -35.5564
    25.875     82.375   -65.4401   -21.3166   -56.5482   -13.9635   -16.8481   -23.9616   -31.6633   -65.0806    31.8842
    25.875     82.625    -68.057    -37.187   -74.6705   -56.6424   -39.7948   -36.5384   -44.1927   -34.1203    22.8289
    25.875     82.875   -18.1171    21.1657   -19.2117   -12.0858   -0.24021    4.76053    7.14952   -37.3479    45.9745
    25.875     83.125   -51.5707   -43.6085   -55.2427   -20.9813   -9.30474   -9.07869   -10.9663   -23.8123    33.3698
    25.875     83.375   -57.7182   -52.1766   -65.3018   -20.0719   -28.5789    -41.269   -72.2224   -13.4082    59.2619
    25.875     83.625    43.4424     38.115   -4.28057    44.3659    34.8572    9.97011   -11.2816    9.59761    48.3391
    25.875     83.875   -40.4669   -40.3995   -54.0606   -14.7374   -17.2836   -22.8696   -57.7275    30.4053    28.8326
    25.875     84.125    23.7432       10.5   -23.2004    25.7923    25.6753    13.5323    5.59031   0.606341    26.2683
    25.875     84.375   -38.8756   -46.4991   -58.2402   -4.95565    2.33378   -8.66417   -66.3922   -8.73083     18.289
    25.875     84.625    6.69206   -15.6199   -35.9798    4.49321    13.8681   -4.85042   -35.1187   -1.14768    14.7085
    25.875     84.875   -43.6408   -50.8703   -35.8747    22.6593    20.9888    3.49647    -32.683    55.2887    30.8731
    25.875     85.125   -17.5131   -20.4863   -35.8989    2.25135    12.4683    6.11099    -40.656    30.0516    18.9044
    25.875     85.375   -39.6916   -39.6722   -28.8847     15.499     23.286    12.3086    -11.734    10.2254    18.3128
    25.875     85.625   -24.2538   -21.0819   -17.0889    16.2884    28.6797    23.2085    15.8343    67.9428    24.2374
    25.875     85.875   -51.0834   -35.6621   -53.3253    -9.2218    11.9338    17.3501   -20.5948    24.3884    25.7906
    25.875     86.125   -28.3386   -9.99887   -28.9509   -8.90685      20.42    23.5269  -0.085441    4.44753    29.0731
    25.875     86.375   -1.47971   -2.13269   -8.37609    15.8224    37.1524    26.6327   -11.2531    3.19736    30.6238
    25.875     86.625    10.3579    5.54157   -1.11919    25.6926     33.354    17.1097    -32.344     9.2887    19.8314
    25.875     86.875    12.1147   -13.0614    10.3839    37.3783    73.8636    31.4594     3.1123    4.06134    23.3812
    25.875     87.125    7.23678     -25.08   -9.69112    13.7789    65.6858     26.429   -4.53195   0.553116    19.9873
    25.875     87.375   -8.03317   -19.8404   -18.0401   -4.01802    28.8241    19.3792   -11.8178    7.90744    8.29513
    25.875     87.625   -31.8635   -37.0809   -41.0388   -14.2112  -0.771733   -2.34087   -35.9619  -0.961124    8.89652
    25.875     87.875   -20.9763   -32.3893   -44.2165   -20.6976    11.5524    13.4191   -23.3807    -7.0555    7.77154
    25.875     90.125   -19.5791    -7.3002    -31.272   -17.1226    16.2837    15.3475   -12.6613    34.1143   -2.80449
    25.875     90.375    -3.1229   -1.99549   -6.50917 -0.0105183    24.6631    28.4041   0.903848    22.3794    9.11222
    25.875     90.625    28.8167    21.8695    19.3631    31.3306    45.9958    46.7693    28.0614     4.6835    11.5218
    25.875     90.875    4.05287    3.97838   -6.83542     9.0394    30.7878    26.4276    3.43869    13.8028   -13.0318
    25.875     91.125    18.6447    22.3713   -11.1772    1.27569    18.4965    11.5327   -26.3726    25.2677    -34.083
    25.875     91.375    44.5398    50.9005     27.841    22.3911    39.0742    37.3715   -7.18132    46.2928     7.2146
    25.875     91.625   -23.0799   -12.9472   -25.7501    -17.638    3.31673    12.9564   -10.0541    58.4693   -7.61238
    25.875     91.875   -52.8378   -38.5944   -52.7029   -45.5855   -36.0178   -26.0662   -35.6711    16.9711   -30.9831
    25.875     92.125   -49.2496   -39.5454    -53.234    -46.584    -38.191    -33.832   -40.6287    22.8853   -28.8317
    25.875     92.375   -44.0179   -32.3334   -49.0648    -40.583    -26.662   -22.5331   -24.4615    7.47916    19.6313
    25.875     92.625    -52.312   -41.1726   -53.7115   -42.2667    -23.901   -16.3377    -24.696    12.8678    12.7456
    25.875     92.875   -36.0879   -20.2684   -43.3023   -27.9069   -4.73628   -6.73163   -19.2436   -19.4073   0.600475
    25.875     93.125   -94.2588   -82.0939   -95.4733   -80.9731   -66.1791   -64.0714   -70.0532  -0.601854   -40.9305
    25.875     93.375   -95.1909   -84.3535   -94.9546   -80.4204   -64.4052   -63.3772   -72.2593    3.70729   -58.9786
    25.875     93.625   -30.9146   -24.9244   -33.5383   -23.4935   -7.41673   -11.8938   -33.4427    32.4073   -63.6476
    25.875     93.875     56.281    51.4824    23.1305    32.1094     47.013    31.5349    15.5504    29.6615   -72.2192
    25.875     94.125    66.2422    61.8261    34.2734    40.7772    50.9882    37.8289    23.6758    4.53382   -82.6248
    25.875     94.375    61.8824    59.9087    29.3822    38.0136    48.0202    40.9779    26.3043    20.4047   -72.3073
    25.875     94.625    46.0636    47.6713    22.8815    31.6276    39.1602    33.5595    25.6713    3.84635   -47.0361
    25.875     94.875    38.9799    48.3284    16.7756    25.0982    31.9069    27.4287    16.4055   -3.81929   -49.4553
    25.625     70.875    -64.963    -53.916   -48.4186   -19.6349   -3.33085    1.54672    13.3599   -54.2559    26.9177
    25.625     71.125   -32.2062   -4.46298   -37.7258   -7.52204    6.60334    12.8752    30.7678   -74.4224   -21.9611
    25.625     71.375    -38.756   -16.4333   -43.5151   -7.75755     6.3116    12.2169    32.4649   -74.9697   -19.8841
    25.625     71.625   -32.7739   -32.5717   -35.2992   -5.48109    7.57487    13.0915     45.756   -73.0299   -9.28472
    25.625     71.875    16.1255    12.4277   -29.4165    -9.3979    5.54074    10.8835    39.7772     -68.42    14.2652
    25.625     72.125    26.2506    13.1851   -14.9118   -2.12562    9.40665    12.5056    34.1328   -66.4201    21.1935
    25.625     72.375    17.9828    9.94666   -14.6623   -1.25426    9.42315    12.1702    32.6271   -66.8021    20.5022
    25.625     72.625   -24.3625   -31.6231   -27.8811   -5.41613    2.50925    5.66549    24.8906    -60.312    5.54109
    25.625     72.875   -28.1062   -36.7997    -22.869   -1.67182      3.925     6.0057    23.9482    -56.986    12.8541
    25.625     73.125    -13.541   -25.9715   -5.31595    8.69154     10.324    12.1594    36.2458   -72.8018    18.0074
    25.625     73.375    -14.275   -26.0134   -14.0888    6.89034    11.6813    13.8637    21.4795   -52.5329    22.6558
    25.625     73.625    14.8923   -10.1027   -9.38233    1.77641    9.39543    11.8707    14.4518   -61.6737    20.1491
    25.625     73.875   -1.32004    4.69466   -21.0498    16.7166     26.917    28.3029    8.30486   -58.6388    24.3772
    25.625     74.125 -0.0929155    1.45796   -12.0473     26.798    30.7991    30.3614    3.27451   -57.6802    16.8934
    25.625     74.375   -10.8973   -9.02052    21.0793     24.882    35.0145    38.1458    57.4072   -77.5099    39.4882
    25.625     74.625   -5.00249   -9.98372     38.849    55.6001    39.7054    42.7821    63.0316   -32.5093    34.0298
    25.625     74.875    31.2531    27.1976    50.1385    72.7444    61.2767    61.8196    66.6307   -56.4768    21.7645
    25.625     75.125     12.272     4.4654    40.7141    68.9457    75.1736    77.0616    68.1333   -35.1823   -2.13437
    25.625     75.375   -19.3885   -17.1006    24.0942    58.8336    73.8509    82.9537    84.6269   -55.8691    60.2217
    25.625     75.625   -5.18303    12.6229    22.9679    60.2008    68.5906    75.4569    81.3659   -53.8898    59.5819
    25.625     75.875   -6.08926    8.92228      17.61    53.8368    63.5526    65.0753    79.7258   -62.1263    55.9021
    25.625     76.125     -15.17   -3.24248    14.9338    47.1688    54.2861    49.4282    61.6844   -83.7077    51.6577
    25.625     76.375    -16.532   -4.36262    14.2234    39.5855    45.2897     42.753    57.7694   -71.8424    53.6848
    25.625     76.625   -18.0556    -6.3915    2.50066    18.9565     30.952     42.617    43.4212    4.94152    47.7359
    25.625     76.875   -6.91742    15.4247    5.06101    26.0171    39.5583    58.4187    46.7396    16.9335    55.1677
    25.625     77.125    -22.983    25.0005    8.28637    36.9208    47.2784    57.1879    45.3983   -45.7733    45.2519
    25.625     77.375  0.0379829    35.5891    20.0528    48.1631    62.1164    67.2972     57.767   -98.6636    59.7378
    25.625     77.625    6.49744    32.1168    26.4951    44.0851    53.9378    55.7131    60.8442   -72.5573    52.0277
    25.625     77.875    13.4627    37.5965     15.741    48.1813    59.6128    62.2428    57.0382   -68.4441    72.3359
    25.625     78.125   -13.9113    35.5041   -3.41184    15.4473    35.5291    39.2354    35.9546   -60.0425    67.8827
    25.625     78.375      -65.5    5.10255   -52.4145   -26.1577   -7.72305   -2.67103    22.1406   -50.9151    55.0516
    25.625     78.625   -63.3008    13.3724   -41.2702   -7.62416    5.25175    12.5438    8.70127    -70.886    26.0878
    25.625     78.875   -80.1297   -14.1889   -58.6927   -11.8069    3.03522    5.60356   -22.2855   -75.1003    19.3101
    25.625     79.125    3.30729    79.7912    1.08391    32.3435    30.1127     26.456    49.6417   -53.2449    45.9577
    25.625     79.375    40.4689    87.7233    13.9485    23.5882    21.1785    28.7022    59.8059   -39.7344    45.5157
    25.625     79.625   -2.27977    58.8212    -7.6865    24.2752    34.0624    38.8271    52.5168   -75.7385    66.8554
    25.625     79.875   -8.26125    57.0741   -12.0344    28.9394    42.2672    50.7547    53.5416   -72.3998    78.4673
    25.625     80.125    26.2762    82.9555   -2.29143    29.5699    43.6818    54.2783    59.7333     -33.76    66.6276
    25.625     80.375   -5.16509    70.3754   -39.8772    8.46542    27.5956    29.1262    28.9841   -73.4805     57.632
    25.625     80.625   -82.2411   -28.1194   -55.9988   -21.3195   -15.3586   -17.6042   -52.8004   -47.9527    52.1512
    25.625     80.875   -88.1488   -49.8478   -66.2873   -29.0102   -23.8178   -22.8395   -58.5387   -43.4638    37.1134
    25.625     81.125    -43.664    28.8276   -60.9176   -31.3759   -23.9441    -21.543   -16.6546   -37.2335    71.3979
    25.625     81.375   -37.1627    24.9997   -62.5017   -38.4714   -29.5826   -26.3469   -18.2716   -70.4159    61.4065
    25.625     81.625   -53.5274   -15.6481   -56.5968   -21.1378   -10.5277   -7.19359    12.9142   -63.6661    51.4507
    25.625     81.875   -37.1479   -12.9513   -29.7769    9.07317    6.24971   -8.43542    1.17709   -59.9416    46.3734
    25.625     82.125   -67.2512   -61.4066   -52.5698   -25.7662   -31.4674   -38.9803   -43.2218   -31.3381    -24.913
    25.625     82.375   -27.3577    1.64469   -24.9353    20.2876    10.5828     4.1299    28.2035    -25.291    5.89995
    25.625     82.625   -62.6223   -38.3807   -53.8909   -8.18802   -10.5297   -5.23687   -18.2192    7.45941    10.2066
    25.625     82.875   -94.2906   -66.9438   -91.0124    -56.795   -46.3696   -42.2182   -59.7066   -0.91407    13.7371
    25.625     83.125    -52.339   -32.0124   -50.6415   -17.3414   -14.6308   -9.10425   -12.8509   -18.9747    5.62181
    25.625     83.375   -25.9592    7.34249   -39.2373   -7.62422   -12.4825   -13.8746   -30.8471   -54.1197    40.1374
    25.625     83.625    13.8342    22.0342    -15.084    38.3872    47.3517    29.5187    13.3414   -21.6354    27.1569
    25.625     83.875    -2.9486  -0.171588   -16.8061    32.9219    34.9362    24.1281   -3.65872   -7.99569    38.4996
    25.625     84.125   -65.7254   -52.6291   -73.5189   -3.32786   -1.02225   -17.5971   -85.3647   -29.7647    24.0837
    25.625     84.375   -49.0941    -38.343   -48.9757    10.3193    3.83468    -7.4159   -72.5543   -14.5359    17.1261
    25.625     84.625    20.0807    6.70111    -25.722    25.6314    26.1971    10.1455    11.0587    5.83674    22.9122
    25.625     84.875    9.93587    -4.9674   -15.2057    17.0648    17.8005    6.23513    13.1665    13.6509     28.424
    25.625     85.125   -31.5762    -28.545   -62.6096   -5.01541    6.18986   -11.1824   -14.5794    40.5238    19.0653
    25.625     85.375   -30.7862    -35.224   -39.5197    9.08089    17.5143   0.836888    -5.8417    27.7622    19.5122
    25.625     85.625   -18.9583   -19.4661    -34.809    11.1411     27.924    24.3998     33.976   -23.5037    15.1653
    25.625     85.875   -29.0578   -16.1081   -42.7772 0.00952956    23.2365    23.2939   0.141626   -34.9885    34.5497
    25.625     86.125   -42.8661     -37.61   -59.9045   -10.2988    2.75301    8.55164   -34.9115    -45.787    28.0364
    25.625     86.375   -31.3703   -28.6641   -34.0531  -0.889016     19.598    14.8914    -45.346   -5.08624    29.5703
    25.625     86.625   -54.7587   -39.8407   -74.2437   -35.4402   -22.7934   -30.1998   -79.2349   -35.5094    13.2473
    25.625     86.875   -16.2383   -15.3036   -8.30501    26.4257    46.3497    8.37294   -12.3639   -55.8022    10.6077
    25.625     87.125   -16.6625   -16.5887   -9.12387    27.9969    50.6721    8.10542    4.92576   -10.8179    15.0691
    25.625     87.375   -19.0464   -26.8143   -27.1318   -4.34454    16.5703   -5.10774   -2.97442    9.47385    12.3309
    25.625     87.625    2.08569   -18.7398   0.028736    34.7377    59.5604     33.291   -2.64183 -0.0622927    13.4353
    25.625     87.875    6.17316   -15.8754    3.30745    40.4698    48.5006     23.459   -17.6988    1.06487    19.2104
    25.625     88.125    13.5773   -26.1425    15.2958    81.4959    71.8045    36.9932    -17.543   -9.33633    -20.658
    25.625     90.125    55.3355    39.7581    44.3205    52.4576     66.919    66.2046    54.1887    5.72735    48.5554
    25.625     90.375    29.1229    19.0757    14.1616    30.4131    60.3582    58.9468    39.1651    9.73571    37.2485
    25.625     90.625    6.51602     2.8289   -7.55483    11.7003     40.084    35.8713    12.4911   -1.76073    12.4958
    25.625     90.875    39.6714     42.028    14.9509    25.1997    47.0297     42.466    34.7067    54.1764    33.3161
    25.625     91.125    72.5931    61.9618    78.8537    57.0603    66.0634    59.2367    58.0251    20.7566     15.841
    25.625     91.375    61.2215    54.1605    66.2582    48.7476    64.7082     63.725    38.8809    40.8388    37.6355
    25.625     91.625    44.2729    42.2505    38.6602    27.0095    42.4052    44.1825    18.8589    42.6744    37.9468
    25.625     91.875  -0.251825    9.79807   -2.37895   -5.73335    6.66098    11.0717    5.72424    46.9881      8.956
    25.625     92.125   -54.8194   -34.8526   -53.1903   -46.8054   -30.9832   -26.4672   -19.6446    12.8664   -42.5516
    25.625     92.375   -41.1809   -25.7883   -44.5821   -34.5537   -17.2232   -14.1316   -5.29718    3.87556   -22.9183
    25.625     92.625   -44.6947   -36.5613   -39.2078   -32.1786   -18.0267    -15.201   -17.1727   -11.2269    -55.513
    25.625     92.875   -47.1842   -32.6621   -57.6087    -45.606   -20.9233   -13.9261   -18.0118   -31.9431   -23.9836
    25.625     93.125   -43.7006   -40.1312   -48.4497   -40.9824   -28.6238   -27.6233   -36.4509   -13.6709   -27.7013
    25.625     93.375   -29.3816   -34.2893   -38.1762   -34.4192   -17.3493   -17.5757   -30.5867   0.755426   -61.1186
    25.625     93.625   -17.1982   -19.5313    -14.221   -17.6613   -6.35099   -1.36022    -18.187    8.60069   -57.1736
    25.625     93.875    12.6342    11.2023    2.72013   0.451267    8.87092    3.19766   -15.1947    9.42663   -88.5386
    25.625     94.125    37.8576    38.2299    23.0784    24.8635    31.6683    25.5499    9.00245   -5.22288   -81.1434
    25.625     94.375    49.5919    50.6322     34.167    39.2043     46.549      41.13    24.5823   -11.0329   -77.2004
    25.625     94.625    49.3653    53.7352    28.4151    33.9644    41.6189    34.1716    22.0323   -10.9165   -77.0001
    25.625     94.875    44.6948    52.8671    19.8929    27.2411    34.0964    27.1795    13.0608   -7.10067   -52.7651
    25.375     70.875   -14.1234    19.5802   -45.0088   -13.2145  -0.270188    3.59015    19.0042   -55.3381    22.6762
    25.375     71.125   -40.1468   -15.2444   -46.2419   -11.3458    3.24515     7.9304    22.7423   -68.1133  -0.515891
    25.375     71.375   -33.4249   -14.4434   -37.4588   -1.64511    10.9332    16.4083    31.2389   -73.8648   -18.5222
    25.375     71.625    10.0709   -9.74813   -25.7957   -9.18593    4.70712    9.57433    45.5168   -75.6752    3.48713
    25.375     71.875   -39.5468   -59.0612   -36.0589   -10.3963    4.00112    8.54992    36.6344   -69.1169    20.3096
    25.375     72.125   -9.22596   -16.5754   -23.1288    -2.9439    8.16182    10.5423     33.271   -68.5738    20.8549
    25.375     72.375   -30.4449   -42.1811   -20.6721    2.64794    10.5656    12.2579    34.0607   -51.2241   -1.02768
    25.375     72.625   -42.3559   -54.1151    -22.463    4.33797    10.4663    11.3952    31.2684   -43.7581   -12.8018
    25.375     72.875   -28.1354   -37.7494   -16.1266    6.43456    8.86524    9.64294    36.6093   -56.7813    12.4141
    25.375     73.125   -9.13891   -21.7864   -8.30792    13.6185     14.227    13.2809    30.4276   -65.2393    15.8008
    25.375     73.375     18.145   -5.36845    3.78247    15.1382    16.9461    18.4188    24.2701    -55.218    17.6688
    25.375     73.625    17.1274   -9.79814    23.0289    19.7871    16.6912    16.4463    16.9806   -77.0903     16.223
    25.375     73.875   0.416182   -15.3708    15.3356    17.0016    21.3497    23.0601    7.22187   -63.7066    28.9071
    25.375     74.125   -13.3897   -31.7865    16.1863    44.9131    48.0644    51.9314    27.6111   -87.6694    32.4871
    25.375     74.375    -12.899   -22.4372    26.8097    55.0366    47.4475    52.3119    33.9675   -55.1232    33.5163
    25.375     74.625   -4.19304   -4.10817    46.5714    59.5793    45.9579    49.7425    56.4447   -58.9954      35.41
    25.375     74.875    6.41712   0.813799    45.9193    76.4674    66.8444     65.441    60.0475   -58.7081    39.9815
    25.375     75.125   -3.70522   -12.6419    37.4443     65.672    81.6958     84.757    69.8515   -43.5471       74.4
    25.375     75.375   -11.4383   0.140985    17.3858     70.259    84.1962    85.6767     64.838   -62.7323    79.9997
    25.375     75.625   -10.9343    3.47582    24.0842    62.7666    75.4199    78.3774    74.1536   -48.3942    76.0194
    25.375     75.875    13.0639      15.89     53.379    79.9597    83.6817    83.2446    69.6643   -42.8973    81.7858
    25.375     76.125    14.2468     16.442    44.9824    56.6144    61.5334    61.9504    69.5432   -28.6909    68.7541
    25.375     76.375   -13.6128    3.87903    23.2782    40.9625    39.1597    40.5839    56.8003   -56.0704    59.8019
    25.375     76.625   -9.34976    4.32864    10.8494    36.0673    52.3905    64.7862    47.4469   -10.9907    63.5332
    25.375     76.875    1.69231    19.0691    14.9604    42.0772    63.1441     80.293    40.4503    -2.9587    79.2434
    25.375     77.125    6.71058    37.3683    16.1492    53.6378    58.8495    67.4572     60.206   -93.4415    80.8786
    25.375     77.375    2.33804     42.908     20.103    50.3913    70.5043     79.006    52.4872   -84.1239    82.0878
    25.375     77.625    15.8672    41.1226    34.3266    53.3375    64.5636    68.4758    56.7139   -67.8791    67.0562
    25.375     77.875    17.0216    50.1786    31.3595    55.9796    70.4608    70.8461    63.8345   -54.1197    66.5124
    25.375     78.125   -27.8166    41.5076   -6.82282    17.1512    32.2848    39.6941    28.5785   -97.4484    58.2171
    25.375     78.375   -13.3064    50.5434   0.847956    24.0379    40.3807    41.3589    27.1993   -98.1356    63.7297
    25.375     78.625   -79.7332   -8.45791   -45.6864   -11.0382    4.11626    7.43678   -15.2395   -62.7525    64.7463
    25.375     78.875   -98.8607   -34.6949   -63.0897   -11.5503    7.17495    4.26761   -40.5208   -86.7443    11.8958
    25.375     79.125   -46.7538    59.9658   -28.3001    5.62187    26.0563    25.8282    20.0595   -83.7828    15.6755
    25.375     79.375    4.12243    81.6132    -15.849   -1.55034    13.4038     20.219    45.6741    -88.288    8.22652
    25.375     79.625   -27.9349    69.0918   -17.5984    16.8613    33.1691    38.4985    43.6761   -59.7417    34.2804
    25.375     79.875    10.4148    82.9501   -11.8684    23.2367    42.7435    61.6087    39.4714   -65.0633    72.6264
    25.375     80.125    10.5459    85.1905   -12.8489    28.0632    49.6575    66.0538    36.4201   -70.8951    73.4796
    25.375     80.375    18.9243    79.7188   -37.5362    10.4089    29.8097    25.3592    40.3275   -74.2466    47.9195
    25.375     80.625   0.419755    72.2333    -28.565    6.40672    15.0975    10.1451     49.386   -46.5438    53.5614
    25.375     80.875   -67.5181   -38.1748   -54.1808   -21.7451   -26.3549   -23.2507   -27.7822   -58.8069    17.2405
    25.375     81.125   -67.5129   -27.6286   -55.8442   -18.6017   -26.0648   -23.5683   -23.3655   -83.1002    42.9288
    25.375     81.375   -44.4663    68.2665   -34.1773    14.5898    12.4059    11.5848    39.2146   -53.7229    47.7244
    25.375     81.625   -36.5423    46.9864   -71.5741   -28.0143   -13.9529   -5.23074    4.81712   -69.7124    40.0382
    25.375     81.875   -72.2279   -33.0973   -74.0528   -46.7026     -41.74   -45.5599   -70.8598   -54.7267    18.8996
    25.375     82.125    -63.012   -47.9901   -50.3939   -26.7947   -28.5963   -33.1676   -31.6232   -34.4917   -23.2301
    25.375     82.375   -79.1641   -51.6553   -55.0669   -11.3619   -14.8819   -12.4683    3.07543   -23.0495   -5.50337
    25.375     82.625   -74.7708   -48.3474   -77.3326   -24.5863   -9.49816   -3.12602    -2.1848   -39.4793   -11.2984
    25.375     82.875    -53.048   -21.7493   -91.1417   -41.4059   -21.2084   -17.2106   -56.6402   -32.9556    33.9353
    25.375     83.125   -59.4019   -30.0636   -55.7514   -15.3549   -9.52769   -7.98151    -4.8697   -2.88826   -23.8831
    25.375     83.375   -3.56772    24.7875   -10.5369    9.61497    10.6246    13.6664    19.6946   -73.5259    31.6531
    25.375     83.625    5.18329    28.5999   -1.54858    40.8499    52.2947    20.7667    2.04491   -43.5066    31.1471
    25.375     83.875     3.8315    22.7205   -19.7416     37.428    32.6487    14.6205   -19.1224   -23.2403    29.6701
    25.375     84.125   -12.3566    6.46439   -19.0668    16.2283       18.3    11.8931   -12.3012   -4.71252    22.3114
    25.375     84.375   -30.7944   -20.1094   -40.9177   -1.47187    9.02743    7.12922   -19.0382    1.67404     33.413
    25.375     84.625   -28.2524   -22.8953   -41.7492    16.4949    11.8743  -0.863571    17.4976    25.2039    39.9882
    25.375     84.875     9.1175    3.07837   -14.0438    22.4022    23.4561     8.0825    25.4902   -11.7679    33.2998
    25.375     85.125   -29.6429    -17.694   -42.2252   -3.99163    1.83277  -0.603302   -9.57001    47.7174    31.5536
    25.375     85.375   -56.1475   -48.7425   -53.8314   -2.89381    3.58309    5.36866   0.525501    11.9658    22.6618
    25.375     85.625   -14.9236   -3.75029   -23.0401    34.6931     27.903    25.7023    35.4253   -9.13209    34.5777
    25.375     85.875    23.8172    30.7865   -16.4406    33.2321     22.423    20.6994    35.0623   -8.86085    40.0644
    25.375     86.125    22.4364    32.0649   -34.5679    16.3848    20.7216     26.349    36.3607   -23.4291    35.0261
    25.375     86.375    3.89917    19.7208   -16.2236    10.1427    19.1667    22.7053    30.4962    24.5512     42.193
    25.375     86.625   -17.4222   -13.8919   -22.8727    28.8194    22.8478     8.4036   -8.54361   -6.09193      26.19
    25.375     86.875    -26.769   -19.3184   -42.5916    2.87033    10.7547    7.99967    -8.2535    19.0077    20.1912
    25.375     87.125   -44.9822     -37.75   -49.4536    3.05655     22.363    14.1418   -3.55126   -6.23167    11.9423
    25.375     87.375   -27.4722   -36.7802   -25.8913    14.9334    39.4954    12.5383  0.0172527    15.7262    13.1246
    25.375     87.625    26.9895   -11.7075    26.9719     59.591    98.0828    56.2583     11.403   0.893084    16.5664
    25.375     87.875    21.8916   -6.55274    21.0689    49.6487    51.0137     26.778   -6.63828   -8.59265   -2.19403
    25.375     88.125    38.2587  -0.753032    41.1671     89.439    72.5166    41.3684    19.4318   -17.1942   -22.7679
    25.375     88.375    21.5306   -14.1813    16.1556    82.3075    76.6743    41.8345    15.3703    26.2642   -20.5598
    25.375     88.625    11.3366   -12.9336    3.89917    50.9181    47.8631    29.5542  -0.909695    58.1548    -35.157
    25.375     90.125    26.7628    8.37551    19.9346    28.2959    35.5059     32.813     22.453    41.0819    15.3497
    25.375     90.375    18.6416    13.4832    2.36239    15.7745    34.3097    32.6728    17.3686    46.9881     20.298
    25.375     90.625    28.1533    27.5814   -6.95468  0.0286471    20.9762      23.18     21.371    41.4456    24.6342
    25.375     90.875    30.3583    27.6915    3.42081    3.98101    24.9222    27.2294    26.0472    37.7535    26.8035
    25.375     91.125    36.4188    33.0388    30.4125    16.1783    31.4659    32.0686    33.8915    39.4272    28.0833
    25.375     91.375    49.4005    53.6309    34.8518    27.3069     51.387    51.3705    47.8618    43.4772    35.4677
    25.375     91.625    4.83623    11.9727   -5.83685   -14.4419   -2.48255    3.37579    3.37599    32.1395    24.9161
    25.375     91.875   -13.1621   -5.70577   -19.9277   -27.4031   -13.5066   -6.96832    -2.5547    36.4431    10.4516
    25.375     92.125   -47.7178   -31.1061   -47.1473   -45.5467   -28.6886   -20.5302   -14.6704   0.222823   -17.6015
    25.375     92.375   -53.4348   -31.0341   -50.8796   -51.0171   -30.0512    -21.112   -6.10219    4.87372   -34.0801
    25.375     92.625   -50.5648   -39.5818   -50.4243   -44.5854   -23.5496   -16.7886   -10.2998   -4.24705   -39.3881
    25.375     92.875   0.949902    2.27192   -12.1098   -14.9796   0.610754   0.322449    4.72332   -32.8964   -47.8392
    25.375     93.125   -28.3118   -30.3722   -31.2566   -29.7304   -17.3007   -14.5831   -27.9029   -60.0096   -25.2174
    25.375     93.375   -29.2099   -33.7693   -25.7732    -25.046   -13.6062    -9.8835   -24.9324   -38.9885   -55.1818
    25.375     93.625   -1.65714   -2.99721   -1.04553   -4.22512    2.62167    6.39753  -0.574829   -41.5766   -37.2623
    25.375     93.875     -38.98   -37.8199   -41.2337   -44.9436   -34.4095   -30.0969   -40.4437   -16.4002   -92.1153
    25.375     94.125    -9.6407   -6.79262   -12.6545   -11.9228  -0.461749   0.764564   -13.6552   -31.8906   -87.5662
    25.375     94.375    11.2871    15.4934    4.99555    7.57229    15.7397    16.6514    4.97579   -32.7039   -80.6486
    25.125     71.125   -4.01326   -4.85558   -30.6033   -1.61488    8.80563    12.4099    7.16563   -65.9917    17.7091
    25.125     71.375   -20.1378   -33.9417   -27.6755   0.611253    10.9508    14.8875   -10.4945   -76.9641    13.7289
    25.125     71.625   -66.3619   -86.9232   -34.6711   -2.38053    7.71638    11.8375    6.00823   -79.9168    2.67808
    25.125     71.875   -68.9615   -86.6568   -40.3647   -6.65262    4.90845    8.14481    14.3934   -78.3989    9.29723
    25.125     72.125    -59.758   -75.6455   -38.1349   -9.55838   0.477477    4.94157    24.4408   -72.9942    16.9179
    25.125     72.375   -51.5706   -63.7265    -22.012    6.20681    12.9308    13.3483    35.5616   -55.1886   -13.3799
    25.125     72.625   -57.5512   -68.2276   -28.6421    2.92932    10.2548     11.767    32.0314   -55.1309   -30.1997
    25.125     72.875   -69.2479   -74.2275   -37.6644  -0.158416    5.43605    6.73173     28.467   -63.6128    12.9961
    25.125     73.125   -55.2391   -59.9586   -31.6765  0.0361113    6.64455    9.04466    27.8383   -77.4775    7.37195
    25.125     73.375    13.4234   -13.9741   -8.01872    13.3088    13.8275    14.5457    18.7713   -49.5786    14.8155
    25.125     73.625    13.3356    -17.713   -2.62211    24.3724    24.7345    25.2518    9.19935   -66.5943    29.6782
    25.125     73.875   -5.22584   -32.3486    6.48461    31.3089    34.7274    42.7064    26.6337   -65.7545     32.676
    25.125     74.125   -14.2044   -25.0329    4.03245    29.7191    26.4821    31.2424    21.8311   -67.1403    37.9391
    25.125     74.375   -10.4918   -21.0433    26.3839    49.8027    37.4597    37.4046    42.3312   -57.0717    41.0239
    25.125     74.625    -9.7601   -2.38075    38.2477    51.7286    40.5473    41.8718    61.4459   -58.8156    50.4315
    25.125     74.875   -36.0747   -4.09721    21.0218    50.6586    38.4903    32.1041    60.1068   -85.5097    45.3308
    25.125     75.125   -28.5506   -31.0613    13.7947    43.1295    42.6075    26.2388    54.6091   -29.8532    47.0805
    25.125     75.375    -27.516   -12.5474    2.15637    41.3212    58.5792    50.1489    38.3988   -67.7748    61.1433
    25.125     75.625   -37.6361   -23.5099    8.50161      53.73    64.4376    58.6051    59.9815   -62.3916    64.6058
    25.125     75.875   -9.54392   -9.63832    28.9467    60.1855    65.2461     63.844    37.7673   -39.0988    38.1135
    25.125     76.125   -10.7555   -9.49949    29.7992    51.5734      69.01    70.9051    60.2749   -40.6855    80.2231
    25.125     76.375   -8.92694  -0.885602    29.5746    48.3388    56.5967     54.852    52.4408   -39.5961    69.1639
    25.125     76.625    7.88298    23.5134    24.2985     51.942    64.9148    65.7211    47.5816   -68.5132    69.9016
    25.125     76.875    24.6523    38.9675     34.753    60.0088    78.9283    72.3113    44.5975   -33.3039    75.1104
    25.125     77.125    5.33969    28.5564    20.0968    41.1481    53.0428    58.3732    47.1586   -86.4772    76.3187
    25.125     77.375    7.46956    26.8206    25.3638    51.9994    60.7223    62.7707     40.908   -43.2914    75.3932
    25.125     77.625     7.9813    46.4239    29.0249    63.4926    77.9442    81.6775    54.8026   -64.9935    82.5557
    25.125     77.875    2.93148    42.4849    20.8961    48.1619    71.4901    72.2796    53.6984   -50.1872    75.4054
    25.125     78.125    8.81249    48.0183    21.2976    16.8307    31.8327    33.8572    33.3509   -90.2381    64.3785
    25.125     78.375   -17.1009    51.2084   -8.78119    16.4824    30.2096    31.8824    22.1734   -84.5078     69.883
    25.125     78.625   -16.6332    43.8964   -5.31765    14.6693    34.0675    31.8565    30.1927   -58.2753    64.9017
    25.125     78.875   -39.2917    37.0326   -17.2988    10.4031    29.6107    23.0298    38.5138    -72.782    65.7772
    25.125     79.125     -37.74    40.1453   -21.0418    13.8463    36.0058    35.3574    53.6008   -73.2355     54.257
    25.125     79.375   -18.9382     36.054   -14.8064    18.8744    29.9474    27.3137    18.5191   -15.5731   -14.6431
    25.125     79.625   -45.6353    72.6195   -39.1827   -9.04758    11.0257    17.1283    39.4206   -69.8002     21.467
    25.125     79.875    12.2583    70.3107   -8.02703    20.9974    32.3993    39.9844    35.1495   -69.0034    35.2728
    25.125     80.125   -52.1059    58.7928   -32.6758    9.85117    21.8934    35.6067    36.6687   -53.4582   0.678462
    25.125     80.375   -19.1974    75.4439   -24.6976    8.03301    11.4103    12.3578    62.9812   -41.0581    47.7897
    25.125     80.625    3.17987    79.3162   -32.2348    3.83293    9.58829    2.75101    51.9232   -84.5638    61.2441
    25.125     80.875   -40.1601    54.1999   -41.8217   -4.64881   -1.93242   -5.97314    44.7911   -78.1139    61.2455
    25.125     81.125   -97.4058   -19.9732    -72.644   -28.4966    -36.648   -43.9415   -37.6438   -86.4254    35.1252
    25.125     81.375   -36.7995    32.0742   -26.9402    2.56679   -3.72077   -4.72163    9.78389   -41.5024    40.1213
    25.125     81.625   -84.2387   -36.6004    -90.179   -57.4952   -49.5705   -50.1322   -72.3684   -55.7541    36.4816
    25.125     81.875   -45.1355     11.877   -39.8807   -15.5115     -20.01   -18.4852   -18.4785   -48.0914    26.2216
    25.125     82.125   -15.4369    19.6571   -23.6892   -4.08149 -0.0525079    2.23272    21.5323   -21.5066    22.7781
    25.125     82.375    27.2638    52.8036   -9.92695    12.2471    18.2288    17.6113    35.7694   -30.9664    24.9746
    25.125     82.625    -23.793    26.2553   -51.6592   -9.19686    8.64793    11.4254    30.4475   -49.4695    41.8912
    25.125     82.875   -45.0121    4.72582   -96.8166   -40.8487   -22.7548   -19.2869   -58.8304   -40.9176     2.2779
    25.125     83.125   -75.4874   -37.4389   -52.4921   -18.0595   -16.7439   -16.4796   -26.9481   0.645385    23.4512
    25.125     83.375   -71.2085   -31.0513   -66.0321   -28.6935   -20.1539   -20.2622   -35.5918   0.665905     29.555
    25.125     83.625   -21.6936     9.9916   -18.0371    16.1668    19.4216    7.33402   -10.7582  -0.738058    32.7475
    25.125     83.875   -51.0301    -15.839   -55.2463   -16.3248    -2.5671  -0.570865   -21.4431    8.62212    14.8364
    25.125     84.125   -46.9304   -13.8283    -55.776   -8.91097    4.96867    2.79198    -16.792    18.5299    18.3025
    25.125     84.375   -62.7979   -42.4381   -60.2804   -41.6238   -32.0972   -25.6674   -30.7815    6.59882    25.3521
    25.125     84.625   -48.9202   -40.0478   -23.4871    13.9546    6.42353  0.0168642    3.16882    28.5218    36.3657
    25.125     84.875   -44.5914    -33.202    -32.111    7.02945    4.28597   -9.91506   -9.02075   -8.98088     43.708
    25.125     85.125   -19.1262   -4.76493   -34.3947    10.1551    7.79238    1.63242    41.4816    5.83937    23.9569
    25.125     85.375   -46.5373   -43.1925   -33.2815    5.94772    10.6594    2.81446    63.7816   -1.21512    41.4508
    25.125     85.625    17.1889    29.9056   -19.4719    11.3746    2.32934   -8.19175    8.05554   -15.7326    40.8743
    25.125     85.875    19.2646    26.0163    -22.841    16.4888    7.16733    15.5566    50.2658   0.726921      27.18
    25.125     86.125    10.1634   -4.60173   -25.8584     19.119    13.5352    1.23884   -26.1989   -8.43216     47.603
    25.125     86.375   -23.0863   -2.97583   -29.7805    16.3965    10.0666     13.784    14.0387    5.03183    31.7659
    25.125     86.625   -10.3896    1.90458   -25.8911    25.8988    18.5179    45.5685    3.89532   -5.80134    32.8532
    25.125     86.875   -59.7197   -49.1641   -82.3899   -39.2066   -27.4154   -12.4923   -22.9693     59.382    25.6335
    25.125     87.125   -5.66584   -17.0158   -21.5984    20.7281    25.0777    29.6939    9.92654   -4.88187    7.85928
    25.125     87.375   -17.4925   -14.3252   -55.9565   -15.9616    9.94858    27.9119    18.5726     7.2594     9.2085
    25.125     87.625   -2.22185   -6.23646   -32.4199    7.37456    37.3521    49.0526    19.1569    5.89862    20.6648
    25.125     87.875    11.6831   -5.09849  -0.871161    46.4678    64.1097    46.0173    10.0883   -5.60097    6.89333
    25.125     88.125    38.3079    3.94858    38.6726    85.7795    67.8634    39.3661    23.3877    -6.5489   -27.2635
    25.125     88.375    25.5736   -7.07834    28.7854    90.4615    74.3298    41.7107    26.9832   -4.25022   -18.4337
    25.125     92.375   -36.1213   -23.4187   -41.5557   -47.6498   -35.0333   -14.5072   -29.4882    1.97693   -3.20002
    25.125     92.625   -16.4482   -17.2134   -24.4555   -35.2954   -25.2728   -18.6185    -11.586    10.0671   0.735415
    25.125     92.875   -11.1742   -20.1277   -16.8178   -27.3409   -21.2544   -27.7654   -4.96676  -0.507726   -3.57077
    25.125     93.125    30.3756    25.8884    22.9261    16.9656      20.28    16.5063    27.4021   -60.5225   -63.1742
    25.125     93.375   -27.1001    -31.146   -22.5735    -21.107   -8.91302   -4.95018   -8.63357   -45.5405    -61.727
    25.125     93.625   -27.6871   -30.0446   -24.8268    -23.608   -14.1465   -10.4623   -11.1813   -43.6803   -55.5939
    25.125     93.875   -47.4531   -44.9979   -53.8714   -53.6102   -41.8224   -32.9962   -26.5963   -27.1292   -77.7846
    25.125     94.125   -21.6851    -19.321    -22.847   -20.5516   -11.7702   -6.12181   -5.08189   -21.8941    -53.244
    25.125     94.375   -14.9731   -9.87836   -17.0494   -15.0826   -6.59776   -2.80648   -5.50005   -21.8524   -52.6571
    24.875     71.125    10.8996    6.30028   -37.2482   -8.98296    2.50428    6.11186    19.5268   -73.3526     9.1495
    24.875     71.375   -19.7003   -24.4556   -33.6048   -6.71759    2.83525    6.30679   -1.41176   -78.9382    4.93145
    24.875     71.625   -25.1835   -34.0679   -31.5837   -6.29101    3.71965    8.21609    10.9722   -76.3676    1.55172
    24.875     71.875   -51.7869    -64.605   -40.0796   -11.6003   -2.09226    2.22822    16.3607   -71.0193    11.5667
    24.875     72.125   -26.2324   -40.8137   -23.1596   -4.46103    3.38097    5.37246    19.1773   -51.2796    9.27197
    24.875     72.375   -11.8398   -27.4281   -22.2493   -3.32198     5.9882    7.80374    16.0448   -57.9329    19.4485
    24.875     72.625   -26.7609   -26.8007   -34.1816   -5.18373    4.65774    6.71634    22.1937   -71.1347    18.4568
    24.875     72.875   -69.2673   -72.6467   -45.3205   -5.07398    3.17733    5.22303    25.9975   -60.1787    5.42157
    24.875     73.125   -80.4514   -80.6963   -47.7182   -7.67511    2.18432    5.87357    19.7548     -79.98    5.89819
    24.875     73.375   -27.7022   -22.6779   -20.2949    12.0619    13.0754    13.8869    10.6922    -99.787    35.2215
    24.875     73.625    3.51074    -27.037    16.3462    35.8661    32.8521     34.683    35.0707   -53.6964    59.3036
    24.875     73.875    8.40193    -11.169    30.9557    48.3714    30.3195    35.1121    18.3438   -90.2397    42.3134
    24.875     74.125   -2.90985   -9.05109    20.6832    43.9257    32.8121    35.9154    11.7689   -90.8937    44.5204
    24.875     74.375   -9.34247    7.73984    34.7699    51.4849     37.263    39.7751    34.6986   -74.8457     62.839
    24.875     74.625    1.23264    20.2277    36.7465    53.2241    39.3307    40.4135    51.4065   -74.8291    82.7663
    24.875     74.875    -25.149    2.92472    9.06248    38.9728    27.6048      28.08    40.1228   -97.2009     74.969
    24.875     75.125   -33.3891    -29.362    9.86588    48.2883    53.9908    45.8231    37.8562   -43.2925    60.5085
    24.875     75.375   -44.2994   -36.2605   -10.0148     31.077    44.4383    37.9939    27.0436   -45.8417    53.9918
    24.875     75.625    -37.489   -32.2454   -7.51085    27.1038    43.6134    41.6006    32.9879    -69.259     55.213
    24.875     75.875   -11.7686  -0.919822    19.2751    56.7395    65.8187     62.948    59.2551   -36.0945    77.9336
    24.875     76.125   -14.3908   -7.42708    27.8194    67.4385    74.3906    73.1875    63.2749   -52.0044    90.2092
    24.875     76.375    -10.059   -0.59905    23.2174    39.6808    52.7634    54.3776    49.8595   -35.8019    71.3905
    24.875     76.625   0.768795     11.827    27.8956    49.0258    56.2935    50.3484    51.4884   -55.1952    72.1871
    24.875     76.875    9.41269    28.2365    25.0358    51.9092    60.8494     53.981    45.9814    -94.186    75.0878
    24.875     77.125    -11.378    29.3703    2.70798    37.6551    46.5696    42.2766     48.103   -78.5543    69.7851
    24.875     77.375   -12.0899     36.314   -8.15416    36.0556    42.2084    34.7809    50.6435   -82.0119    65.6995
    24.875     77.625   -16.3686    19.1689    4.51264    51.0194    64.3727    63.5099    48.4891   -72.6688    78.2401
    24.875     77.875   -3.83606     46.802    7.97649     58.747    72.7604    67.6177    42.5455   -40.6767    85.3952
    24.875     78.125    12.9286     42.254     25.073    15.8416    28.9071    34.3374    33.2006   -64.3265    56.8767
    24.875     78.375   -38.7386    34.2529   -12.6311    17.5518     35.433    30.9482    23.7987   -79.1232    54.3988
    24.875     78.625   -49.8758    27.1704   -24.1975    8.95336    34.8464    32.6831    24.3284     -87.48    64.6758
    24.875     78.875     8.4221    54.7348   -13.5567    12.4807     35.616    28.9414    25.3911   -93.1962    40.7822
    24.875     79.125   -21.7164    32.5037   -2.99052    37.7245    50.8364    36.1247    38.9726   -76.5969     73.413
    24.875     79.375    -18.642    41.7142   -10.7868    26.7688    51.5218    54.9901    39.4827   -64.3584    74.9435
    24.875     79.625   -4.63097    50.4595   -2.85568    30.6996    53.5777    61.3144    29.7275    -57.772    69.7467
    24.875     79.875     22.246    52.7074    -16.015    2.63183    26.0218    17.5899    20.9453   -63.0448    63.6805
    24.875     80.125   -23.9756    77.6721   -34.6852   -1.38905    19.4016    24.4093    21.9481   -77.3378    20.9518
    24.875     80.375   -21.9934    78.2153    -22.633    16.8691    19.8939    19.8396    52.3935   -59.0961    47.8283
    24.875     80.625    10.6517    84.1466   -11.7912    11.1199    15.6546    10.1691    51.8981   -56.0477    62.3366
    24.875     80.875   -48.0868    34.0897   -35.8927   -17.3576   -6.40166   -6.69146    1.59036   -52.6925    70.3961
    24.875     81.125   -99.5666   -3.09114   -74.9111    -47.631   -38.5534   -41.7983   -46.1745     -59.06    31.3884
    24.875     81.375    -99.286    6.05702   -70.6878    -26.496   -11.7131   -14.2382    4.74337   -72.9467    11.1844
    24.875     81.625    19.8289    94.1796   -1.01319    29.2534    20.5927     20.271    43.7465   -51.4904    26.8829
    24.875     81.875    -7.0187    58.9501   -10.1788    19.1521    18.2731    17.1664   0.421795   -53.5022    31.9533
    24.875     82.125   -31.8669    4.12943   -34.6774   -15.7083   -11.3836   -11.7188   -28.2045    -25.303    18.0799
    24.875     82.375    -27.301   -11.4007   -43.6645   -25.0313   -17.7605    -17.027   -22.1398   -10.4312    18.3715
    24.875     82.625    42.3737    70.4557   -4.84739    10.7776    24.6454    22.0242    52.8885   -33.3006    12.2227
    24.875     82.875   -79.1095   -31.0226   -88.2898   -40.5543   -30.2504   -28.1817   -47.3937   -42.2073    42.9845
    24.875     83.125   -61.2412   -17.4103   -43.8013   -4.00054   -6.00834     -11.28   -24.1083   -30.8804    25.1117
    24.875     83.375   -66.2057   -17.7752   -46.2869   -2.52523    1.40465    -8.9341    4.86384    10.4962    14.0276
    24.875     83.625   -32.4802     13.566   -23.2185    14.9387    13.5277    1.84233     9.9995     -11.98    19.8896
    24.875     83.875   -76.2503   -21.4824   -59.0784    -25.115   -4.86913     -8.162    13.4057  -0.636617    36.4243
    24.875     84.125   -61.7642   -6.44047   -74.2517   -22.9688   -2.79284   -3.35364   -6.20488   -4.68351    36.7779
    24.875     84.375   -76.3324   -53.3815   -94.0987   -63.0329   -47.4298    -42.235   -47.8744    16.3005    30.5138
    24.875     84.625   -85.2528   -70.3621   -73.6106   -36.5073   -36.1237   -32.6389   -35.9496   -6.22429    26.1115
    24.875     84.875   -32.3629   -31.2239   -27.8888    20.3761    22.5456    10.1453    1.02611   -5.88994     30.952
    24.875     85.125   -30.6044   -10.1764   -38.2972    26.9882    18.2448    3.83521    39.8831    6.31363    33.5367
    24.875     85.375   -63.4571   -56.4484   -67.9862   -11.7316   -6.60145   -7.92205    4.44332    3.91488    33.8875
    24.875     85.625   -7.24918   -1.63919   -25.4602    14.4863    12.6624    1.51989    17.2341   -4.41494    41.1173
    24.875     85.875   -16.8607   -7.47327   -15.0497    16.2235    24.7905    15.3012    34.3441    5.20675     19.868
    24.875     86.125   -65.0216   -55.8804   -57.2035    7.17088    9.45497 -0.0616853    12.4547   -24.7879    19.0355
    24.875     86.375   -40.0422   -32.3643   -26.0891    16.3735    23.4949    20.1904    31.8033    -21.269    8.95309
    24.875     86.625   -62.5654   -39.7772   -39.7647    25.2775    36.2676    34.2575    40.3504   -27.5625    12.2772
    24.875     86.875   -38.2658   -35.8541   -45.3905   -25.5875   -9.06677  -0.151497    7.79869   -17.7366    38.7032
    24.875     87.125   -64.9343   -50.1526   -96.9312   -67.5659   -30.6257   -10.1488    21.4169   -55.7451    35.2371
    24.875     87.375   -24.7487   -10.4378   -90.3641   -68.1059   -23.5675    23.3302    24.9037    11.5577    7.44248
    24.875     87.625    2.39272    1.30269   -26.0803    8.59743    16.3019    45.4725    9.27691   -8.76117    19.7161
    24.875     87.875    3.59825   -3.22849    -31.209    17.7975    26.4246    44.2144    20.6783   -10.9365    13.9095
    24.875     88.125    18.9495   -13.7194    15.4341    80.6944    82.6937    48.7587    24.5571   -10.8389    10.3463
    24.875     92.625    15.2307    6.24229    8.42134  -0.412392    3.46291    11.4777    12.2904    13.6414  -0.633933
    24.875     92.875    15.8486    3.35857    7.92382   -8.49164    2.68546   -1.91813    11.5564    3.89892  -0.639665
    24.875     93.125    31.4311     28.812    21.9693    16.2808    19.4285     17.095    28.8209   -57.1274   -59.1643
    24.875     93.375    -51.272   -59.1501   -54.9057   -39.9872   -21.3552   -11.3509   -12.5883   -18.5823   -47.0825
    24.875     93.625   -48.4376   -49.3538   -51.9277   -46.1559   -29.6686   -16.4572   -2.17367   -25.5046   -64.8012
    24.875     93.875    -31.685   -28.3229   -37.9877   -35.9925    -23.574   -11.9313   -4.57062   -37.8722   -71.2988
    24.875     94.125    -24.659   -20.3703   -30.0547   -26.3145   -15.7543    -7.8278  -0.267656   -26.1239   -48.7707
    24.875     94.375   -14.6025   -11.1465   -15.6581   -13.8896    -7.5615   -2.98454    3.06398   -16.0578   -36.2437
    24.625     71.125    9.80009   -19.5487   -38.8342   -8.61909  -0.155982    1.67598   -10.0583   -81.3349    3.93967
    24.625     71.375    9.33816    2.19164   -32.7113   -4.89283    3.06919    6.44696    10.6866      -74.8    12.9954
    24.625     71.625    10.9507    7.49252   -28.7886   -6.07516    2.75156    7.56902    22.4654   -72.8975    26.5159
    24.625     71.875   -22.3925   -21.7661   -35.0146   -6.50708    3.88448    8.81464    36.0734   -65.1207    25.8349
    24.625     72.125   -12.1799   -16.5312   -24.1939    2.04698    8.82025    10.0741    25.4837   -40.8555      24.75
    24.625     72.375    1.60887   -6.86161   -25.3268   -1.48464    8.64903    10.0947    9.54857   -75.6944    23.8175
    24.625     72.625   -8.99252   -9.57327   -29.8885   -1.23999    11.0297    12.7468    14.1693   -90.7728    24.1227
    24.625     72.875    2.54012   -11.3439   -29.5037    6.03732    19.0212     21.156    11.3276   -59.9513    31.6185
    24.625     73.125   -8.30927   -7.93834   -7.64788    24.4728    25.0065     25.139    11.1752   -77.3867    50.1709
    24.625     73.375   -5.00327     -1.049   0.411571    26.8067     20.886    19.5237    17.8209   -48.0628    53.8277
    24.625     73.625   -3.65194   -9.42877    21.0103    28.3309    25.6974    25.2852    11.3419   -36.7368    78.7721
    24.625     73.875    -4.9205   -19.2274    35.5024    55.3475     41.296    41.9633    16.5823   -43.0557    74.4067
    24.625     74.125    -1.6167   -13.0762    29.7985    46.6719     34.157    36.4181    9.35982    -67.965    73.5564
    24.625     74.375    4.82287     6.3975    34.8729    55.2852    39.6125    42.5823    39.7374   -50.9374    85.4963
    24.625     74.625   -11.7323   0.430901     23.892    43.8139    31.5054    33.3755    48.1558   -78.7761    78.8967
    24.625     74.875   -29.1536   -1.68867    16.6161    44.2487    33.2111    34.8326    42.4829   -78.8799    91.7864
    24.625     75.125   -34.1554   -21.4657    9.55166    43.2407    42.3943    37.5933    36.1315   -52.2011    69.9101
    24.625     75.375   -42.1368   -22.5144   -3.15003    32.6642    33.1298    30.1595      47.41   -57.9242    60.3155
    24.625     75.625    -29.984   -12.5475   -14.5142    29.3222    32.1216    35.5136    36.0206   -63.9137     49.906
    24.625     75.875   -11.0594   -3.41753    11.9816    35.3882    47.6637    48.7106    29.9247    3.10956    53.5319
    24.625     76.125   -16.9794   -24.9043    23.1882    50.8343    60.7744    55.6977    42.6002   -53.7548    58.8953
    24.625     76.375    -11.068   -6.78157    21.7881    46.6568    49.3796    42.6351    44.9109   -56.4561    66.9694
    24.625     76.625    2.43883    6.67271    25.2741    55.2551    51.7918    38.2132    44.2932   -62.2927    70.1824
    24.625     76.875    5.15204    17.0649    22.0876    44.6513    44.1147    33.2249    42.8862   -93.0803     71.078
    24.625     77.125   -20.8236     14.518   -8.36166    17.7722    29.4963     30.442    36.9731    -73.686    70.9001
    24.625     77.375   -27.1583    4.90157   -9.18598    31.8988       41.2    39.8099    41.3041   -59.2006    72.3996
    24.625     77.625   -28.0393   -3.42117  -0.126657    36.7999    57.7137    61.1617    50.2897   -55.3307    76.7996
    24.625     77.875    4.38231    29.3166    25.4838    48.8705    51.3178    55.5036    53.4177   -48.9479    68.3271
    24.625     78.125    2.91765     37.826    23.9302    57.7517    77.9162    78.1555     46.087   -55.3957    60.3864
    24.625     78.375   -33.8064    40.6001   -21.3529    12.5327    34.7185    38.2175    26.8704       -100    45.1826
    24.625     78.625   -31.3809    34.3695   -34.6592   -2.08054    17.0056    12.8631    11.2136   -89.5206    42.5611
    24.625     78.875   -14.9654    47.7055   -22.1093    5.20459    23.4292    14.5207    17.7596   -85.1944    51.9025
    24.625     79.125   -39.6425    38.4608   -34.1156   -12.7821    13.1885    13.1832    14.9576     -98.65    52.8257
    24.625     79.375    -49.466    30.9139   -36.0125   -11.0801    13.5594     23.587    14.0034   -98.8615     54.045
    24.625     79.625   -28.4089    53.0461   -32.3232   -3.25738     22.414    33.5434    10.5531   -97.7316    64.3553
    24.625     79.875   -5.38246    74.7459   -33.4039   -12.7368    18.0212    12.7939    4.16839   -98.5729    56.3968
    24.625     80.125   -27.9843    70.0477   -28.4679   -2.39057    15.4812   -1.17351     14.326   -51.1479    44.6255
    24.625     80.375   -3.12363    80.8521   -18.8019    4.91863    5.98241    4.57886    29.4823   -30.6269    39.4775
    24.625     80.625    27.4863    88.3816   -6.69226    10.0739     9.5387    6.88307    33.2304   -97.9162    59.4739
    24.625     80.875   -86.4648     18.791   -55.1332   -22.0084   0.420894    1.11851   -9.59468   -55.3013    54.8989
    24.625     81.125   -82.9905    22.2584   -89.4125    -41.603   -19.9449   -19.3128     7.4903   -42.9349    31.0969
    24.625     81.375  -0.633214    60.9889   -28.4249    4.44766    20.6123    12.8136    33.1611   -56.7111       32.7
    24.625     81.625    25.3635    59.4687   -15.2896    13.1625    22.0714    15.0082    35.8517   -56.2326    47.7207
    24.625     81.875    32.6202    70.3849   -10.9759    24.7261    27.3048    18.2312    39.5012   -79.1263    53.6524
    24.625     82.125   -55.4871    21.6869   -44.7022   -4.94294   -1.41793   -5.12378    10.9414   -65.7391    31.6887
    24.625     82.375   -21.3748    40.1548   -42.5031   -25.3881    1.67669    4.60575    36.4589   0.598055     17.323
    24.625     82.625   -1.26399    51.9148   -28.6256    16.2799    34.9051    12.8498    16.0612   -46.6983    3.55666
    24.625     82.875    2.97376    52.6338     -20.81    22.2502    36.4225    14.9498    20.3357    -67.316     7.2557
    24.625     83.125   -7.23387    23.7008    4.37622    44.3086    24.7388    3.29068    24.7266   -77.2824    13.3867
    24.625     83.375   -48.6423     2.7974   -33.5127    20.9624    16.5919   -4.28617    22.1132   -30.4286    10.2031
    24.625     83.625   -48.8943    11.9697    -29.636    11.2215    12.5858 -0.00300282    22.0361   -22.9168    23.1941
    24.625     83.875   -49.9157   -13.0433   -35.9453   -9.78044 -0.0539693   -6.15027    21.5864   -7.05357    40.6189
    24.625     84.125   -29.0158    32.2842   -50.6004   -10.9907    6.32294    1.12796    25.8925    7.44362    43.4365
    24.625     84.375   -34.7359    27.2186   -76.1803    6.00822    13.1899    2.67777    30.0438   -7.54936    39.3375
    24.625     84.625   -69.5174   -45.1228   -81.4331   -3.01193  -0.880725   -6.49483    30.8235   -9.40106     48.229
    24.625     84.875   -46.7519   -16.0087   -30.6192    24.6918    15.7962   -3.21121    10.5462     14.548    43.1969
    24.625     85.125   -49.1743   -22.7212   -44.5676    12.9732    4.08415   -3.36587     17.445   -12.3271    37.1202
    24.625     85.375   -36.8982   -31.5485   -29.5626    15.8818    10.0038    5.67738    36.7428   -1.88012    36.6592
    24.625     85.625   -61.6603   -67.3267   -58.0051   -10.6432    5.21763    15.3764    27.0165    15.8706    44.6561
    24.625     85.875   -43.2962   -41.0554   -35.2002    15.5388    12.8184   -2.74042   -6.09403    29.2533    10.2883
    24.625     86.125   -60.4032   -52.7853   -61.6914   -3.46518    5.19027    4.72833    22.1705    21.7037    16.5911
    24.625     86.375   -40.7653   -29.7748   -44.6502  0.0483902    15.0443    15.1955    21.5791    1.81886    16.2054
    24.625     86.625   -44.6241   -39.8164   -27.9727    10.3955    15.1696     15.889    33.7196   -7.19389   -7.19541
    24.625     86.875   -50.1983   -44.6951   -92.7589   -31.9162    2.91497    5.24437    36.3373   -26.2103    13.4677
    24.625     87.125   -60.2507   -63.3648   -43.6776   -13.7036   -2.19095    5.06377    25.6849   -44.2731      -24.4
    24.625     87.375    -82.787    -67.255   -98.8403   -55.6767   -26.7499    4.33456    29.7968   -7.08435  -0.687913
    24.625     87.625   -33.1995   -28.0225   -53.0891     -10.61  -0.635742    27.6434    13.3531   -14.8463    6.08381
    24.625     87.875   -14.9264   -9.99766   -42.3904   -2.34917    3.96044    27.3105    8.34358   -19.3507    14.4291
    24.625     92.375   -1.25549    1.64309    -1.3493    5.11973    12.6388    37.8613     -14.68  -0.455023    9.82105
    24.625     92.625   -9.00845    -7.6448   -4.74637   -3.72524   -1.29317    13.6841   -7.66166   -7.01236   -1.86026
    24.625     92.875   -32.1266   -37.7667   -42.2871   -48.7969   -40.5389   -37.7134   -20.0595    8.98359    3.08814
    24.625     93.125   -28.1227   -36.1718   -40.1885   -35.7298    -24.601   -24.4038   -1.93435   -11.4887   -32.2164
    24.625     93.375   -9.75794   -14.8565   -27.3413   -18.9491   -9.73172   -2.02949   -5.68738   -2.54914    -23.442
    24.625     93.625   -70.7763   -70.0635   -86.2133   -69.8814   -53.0972   -40.2631   -26.0032   -6.96463   -58.4494
    24.625     93.875   -51.9792   -50.7183   -63.2794    -60.326   -48.4464   -39.2099   -32.7727   -8.52548   -64.0441
    24.625     94.125   -12.2008   -10.4324   -15.7422   -13.6961   -8.68039   -5.08092  -0.402649    -2.7276   -24.1868
    24.625     94.375    -13.792     -11.19   -17.9322   -16.7895   -11.9356   -7.98427    -2.2983   -2.53565    -25.557
    24.375     71.375    13.4184   0.917125   -33.3866  0.0459411    5.59488    6.65038    3.62499    -73.853    13.6045
    24.375     71.625    6.30613     3.1199   -31.5253    1.04069    8.60903     9.7141    26.3954   -53.4288    25.2004
    24.375     71.875   -2.46037   -4.08462   -42.5767   -9.09759    1.88721    6.73169    28.0081   -44.6983    27.9777
    24.375     72.125   -2.59572    2.27964   -32.4218    4.59298    13.1021    13.3602    24.5108   -39.2361    22.9185
    24.375     72.375   -21.7698   -8.95464   -42.4552   -2.54769    10.5498     12.519    11.6203   -89.1773    19.9912
    24.375     72.625     -2.772    -4.5942   -21.2784    6.02192    21.1918    23.0506    16.3029   -60.5254    33.7766
    24.375     72.875   -15.3749   -9.90607   -31.0649    17.1366    30.9558     30.291    7.66661   -42.0951    63.8275
    24.375     73.125   -18.6469   -8.51407   -25.7644    19.8403    29.7611    32.0884    11.0334   -78.6784    66.4998
    24.375     73.375   -29.0829   -8.15148   -18.2524    18.9949    25.9606    27.1218    8.22827   -76.2819    66.1994
    24.375     73.625    -18.163   -13.5356   -8.08776    21.2849    26.3583    26.6046     7.3742   -72.8605    63.0866
    24.375     73.875   -10.1872   -16.6053    15.1249    31.7219    35.6712    38.9327    14.4601   -47.7964    90.0837
    24.375     74.125   -28.7024   -30.1588   -18.8842    6.80826    23.1257    27.9441   -2.16834   -97.8051    69.7802
    24.375     74.375    5.20073  -0.104833    25.7212    45.1519     36.423     39.269    24.9483   -77.5349    79.7348
    24.375     74.625   -18.5284   -4.85422    15.5104    30.9685    24.5569    28.3407     30.794    -59.684    80.7615
    24.375     74.875    -11.182   -8.65577    17.0665    28.1178    39.8703    42.5881    36.5091   -53.0037    97.0289
    24.375     75.125    -15.508    -13.295    19.0419    25.2973    26.4695    30.5455    29.7015   -43.0827    96.3704
    24.375     75.375   -25.9226    7.76106    -8.5115    8.30285    6.26997    6.76179    37.3404   -60.5565    51.7352
    24.375     75.625    -14.293    15.8234    3.31376    33.3144      30.55    31.6578    40.0019   -51.0165     72.338
    24.375     75.875   -4.75886    13.8701    8.48633    21.7918    27.8143    29.9862    21.8283    2.65779    42.1953
    24.375     76.125   -26.0041   -17.9845    5.66199     46.467    58.4238    57.0591    30.1807      -25.8    72.1275
    24.375     76.375   -1.21692    10.4536    21.7501     43.171    46.0671    38.1019    38.7598   -49.1696    61.6544
    24.375     76.625    16.9045    21.0373    31.8168    56.9567     59.152    48.3907    40.7895   -43.7023    69.0366
    24.375     76.875    8.00749    18.9297    13.0673    24.1552    34.8811    31.0333    30.9326   -57.9295    60.0191
    24.375     77.125    -14.278    12.2992   -10.3422   -3.65305      18.84    23.7344    32.4865    -58.794    48.0968
    24.375     77.375   -17.1214    3.74594   -2.36099    5.44774    27.9493    31.5645    40.1047   -32.5273    59.2207
    24.375     77.625   -12.2391    12.6277    18.5027    44.3104    53.4016    56.1033    44.9013   -40.3023    62.7285
    24.375     77.875    7.24017    31.5553    38.7227    42.0544    52.7263    55.7677    41.1236   -47.6461    51.4361
    24.375     78.125    -6.5852    45.1102    14.3306    47.8864    68.7264    70.4553     44.451   -76.1787    60.9243
    24.375     78.375   -1.97282    53.7156     8.4227    51.0422    72.8624    70.0107    50.6283   -70.4981     52.205
    24.375     78.625   -44.4222    31.5415   -29.5229    7.86904    29.2996    25.9168    9.19455   -86.3417    42.1436
    24.375     78.875   -12.3789    43.5869   -12.2638    10.7907    30.8072    19.8314    9.23838   -75.0088     35.741
    24.375     79.125    -32.309    42.7635   -29.7827   -2.95677    3.83196   -8.10473    10.4261   -90.0781    38.0654
    24.375     79.375   -52.6819    29.3876   -39.0571   -13.6102    -9.0741   -9.03473    11.4683   -87.3385       39.9
    24.375     79.625   -44.2961    54.7432   -42.7877   -17.2945   -3.09589   -17.0964     14.923   -98.6305    56.5877
    24.375     79.875   -51.0427    51.7739   -39.7132   -6.02467    17.4571   -4.79442      5.166   -82.2804    48.9158
    24.375     80.125   -67.3412    43.5785    -49.787   -29.9078   -11.7679   -8.26408   -16.9639   -32.7445    41.2352
    24.375     80.375   -3.94521    77.8611   -12.8639    1.87399   -1.21036  -0.322369    10.8345   -53.0027     39.847
    24.375     80.625    11.2021    72.9092   -24.2741   -2.39376    12.2465    13.3811    18.7487   -66.3021    31.5649
    24.375     80.875   -48.4419    48.8935   -42.5054   -7.00507    2.60393   -1.48231    23.7381   -56.7207    28.1605
    24.375     81.125    -22.063    47.3263   -36.5448   -7.57431  -0.983808   -9.57332    27.6813   -43.7649    31.6171
    24.375     81.375   -15.7316    32.7129   -51.0675   -27.8002   -9.74266   -9.34178     18.723   -64.6828    24.5179
    24.375     81.625   -3.55779    38.2551   -39.5729    -12.654   -7.56718   -6.27442    17.5212   -76.0611    30.2265
    24.375     81.875    13.5878    42.4767   -25.8818    17.0325    12.0043    2.00689    11.3348   -73.9292    30.7841
    24.375     82.125   -39.3749    37.1788   -32.9087    17.7644    12.0207     7.8309     18.219   -62.3744    23.9523
    24.375     82.375   -40.7576    45.5555   -39.4733    13.9346    14.6669    7.78127    27.0943   -39.5182     14.025
    24.375     82.625    -16.968     43.974   -32.3413    12.6436    28.0686    9.89585    26.7469   -58.9909   0.873813
    24.375     82.875   -7.35483    54.1761   -29.0598    18.5115    33.9159    14.1936    27.0334   -51.3932    1.23891
    24.375     83.125   -10.4769    45.9352   -28.7961    4.67087    12.6137    4.68356    31.5812   -77.4859   0.976498
    24.375     83.375   -26.2635    7.02951   -20.5431    14.1743    17.4602    8.01132    15.0441    -63.116    8.61964
    24.375     83.625   -7.18856    23.8195   -34.2765    -21.742   -2.17366   -2.97155    25.2152   -27.7639    26.5268
    24.375     83.875   -41.1009    11.8818   -62.3867   -32.5094   -3.82393   -1.14047    39.1547    10.5247    39.8869
    24.375     84.125   -28.9657    18.5282   -49.0496   -16.5918    6.32732    3.68877    34.9556    -13.729    55.5346
    24.375     84.375  -0.144195    34.2301    -26.799    25.1178    38.6057    34.7095    57.3972    18.6061    44.7433
    24.375     84.625   -40.4472   -3.30997    -69.232    3.02893    11.6824    3.37557    33.1012    -19.837    40.1858
    24.375     84.875   -40.4025    -1.2232   -61.1693   -7.62216    12.0179   -7.94915    17.7875   -2.26097     46.834
    24.375     85.125   -20.9231    6.85601   -43.2161   -6.69273    12.5422   0.635256    32.3341    9.27338    49.5203
    24.375     85.375   -43.1495   -9.83554   -63.5948    -17.405    1.96675   0.904843     15.413   -11.6793    22.0639
    24.375     85.625    -45.343    -16.791   -78.5358   -16.4138    6.89661    3.08745     20.446    11.7653    30.8448
    24.375     85.875    -46.195   -30.8807   -69.1411     5.9396    8.52861     3.1354    11.9931    23.1047     11.162
    24.375     86.125   -81.9712   -39.4707   -89.1351   -31.4539   -4.25262   0.995579    5.83228    19.3028    12.6893
    24.375     86.375   -69.6912   -70.6325   -52.1957   -20.6741   -5.48906  0.0276851   -11.4671    35.9869    12.4375
    24.375     86.625   -44.4652   -43.4125   -51.7094   -16.2958    3.40037    12.7855    46.8422    8.57905    24.6791
    24.375     86.875   -55.4968   -51.1854   -46.3039   -17.1783   -5.29831     4.0019    27.4242     18.352    10.8862
    24.375     87.125    -56.939   -47.9724   -39.8449   -17.2017   -16.1517   -9.58984    4.63064    35.4397   -6.73131
    24.375     87.375   -43.0198   -41.6599   -24.8719   -5.79637    2.87139    18.9586    64.0515    9.21116    -44.707
    24.375     87.625    -26.985   -20.2974   -26.4513   -5.70517   -1.49267   0.717458    20.4043    21.3579     17.837
    24.375     87.875   -48.1305   -38.3874    -46.888   -19.2909   -8.11909  -0.435285    22.0299    19.4748  -0.361677
    24.375     88.125   -31.7377   -23.1261   -45.9955    -11.902   -4.11907    5.22537    19.2801    9.45592   -6.89027
    24.375     92.375   -4.55535    16.8692   -3.95122   -2.25271    11.5359    19.9396   -10.4633    22.3417   -1.25405
    24.375     92.625   -27.3266   -16.3574   -22.7991   -25.1719   -20.1898   -8.29093   -18.6993    12.7026    -28.684
    24.375     92.875   -68.6364   -66.0079   -65.4286   -61.4255   -57.0861   -50.9428   -41.5987    44.3022    9.12785
    24.375     93.125   -90.1806     -87.11   -95.9047   -78.7744   -62.8186   -50.5146   -39.6488     18.098   -18.3712
    24.375     93.375   -79.8231   -75.4032   -83.6607   -67.2365   -50.3141   -46.6161    -39.885  -0.517637   -52.0577
    24.375     93.625   -73.0293    -67.774   -78.4494   -67.1247   -53.1239   -51.6205   -48.7048   -8.82824   -57.5322
    24.375     93.875   -61.4168    -53.663   -74.5466   -63.0276   -43.3964   -40.0763   -35.1677   -6.74744    -48.086
    24.375     94.125   -28.5479   -26.4279   -31.4981   -27.1738   -20.6631   -18.2885    -15.634   -2.66029   -40.3667
    24.125     68.875   -22.8302   -60.9751   -45.1445   -2.20642    3.41756    4.41363    5.93741   -80.8484    3.92067
    24.125     69.125   -19.2876    -64.466   -47.4267   -6.84604   0.848611    1.65718    9.01561   -75.9157   0.941492
    24.125     69.375   -15.4497   -60.7371   -46.6408   -7.04337   0.960213     1.8241    19.7305   -74.5048    1.02193
    24.125     69.625    6.98307   -33.8403   -44.3416   -6.95388    1.84955    2.20001    11.8308   -77.5243    1.33146
    24.125     69.875    28.9876   0.833263   -35.8328   -2.63245    4.79762    4.98925   -26.8869   -66.4925    5.41247
    24.125     70.125    42.4582  0.0141976   -35.1724   -7.04119    2.35017     2.5788   -63.6628   -65.0864     1.7885
    24.125     70.375    39.9024   -2.66529   -33.8631    -6.3957    2.13194    2.58348   -67.9878   -63.9091    1.38007
    24.125     70.625    31.6138   -4.02792   -34.4869   -3.87119    2.67373    3.08671   -45.0905   -63.5652      1.917
    24.125     70.875    24.6835   -8.51129   -35.3923   -4.09069    2.03059    2.38375    -42.287   -71.5645    1.04469
    24.125     71.125    25.1049   -9.99074   -31.5658   -3.78053    1.63389    1.84594   -42.3008   -81.6546  -0.214298
    24.125     71.375    15.3761    1.02248   -26.5107     3.9621    10.2462    10.9188    9.26701   -68.3529    16.1265
    24.125     71.625   0.448788 -0.0544238     -36.43   -1.53911    6.40855    7.69263    25.3912   -52.3342    31.2116
    24.125     71.875   -6.19474  -0.805524   -36.1332    7.02704    17.0063    17.2082    23.3265   -25.1121    31.3685
    24.125     72.125   -5.02306    2.42516   -33.8305    9.77095    19.1776    19.4889    24.0965   -18.3743    31.0382
    24.125     72.375   -15.8034   -2.40127    -37.553  -0.132836     10.396    9.99222    17.6704   -53.4181     43.079
    24.125     72.625   -16.8963   0.701152   -38.5902   0.496927    12.0527    11.6905    18.6815   -73.0891    48.0168
    24.125     72.875   -19.6869    -5.8568   -35.0698    23.4705    32.5914    30.8716    14.0771   -98.8872    60.9484
    24.125     73.125   -34.1434   -13.2549    -60.705    2.11574    12.3651    17.0463    12.4271   -64.0701    64.0905
    24.125     73.375   -34.0621   -11.1341   -35.2315    14.5609    24.5022     27.657    13.0757   -71.4681    60.2908
    24.125     73.625   -18.9878   -27.9017    10.0489   -3.38031    7.08439    15.8052    2.77524   -85.7198    45.9848
    24.125     73.875   -25.7497   -30.2112    -22.625     13.509    17.5959    26.8129   -3.06886   -81.2903    63.3803
    24.125     74.125   -23.5648   -24.1299   -12.5544    13.2265    18.3427    25.9317    6.51412    -83.944    73.7569
    24.125     74.375   -2.90534   -5.50093    2.23127    22.8039    29.3375    33.6129    21.3567   -57.3898    66.2378
    24.125     74.625    3.52446   0.152054    28.7431    39.0794    32.6233    34.8737    11.0334    -95.817    69.7285
    24.125     74.875   -12.6891    -17.089    8.87102    16.8816    22.8596    25.1761    5.36389   -68.7936    97.6183
    24.125     75.125   -14.5686   -23.2475     11.532    12.3184    11.1001    16.0238   0.416516   -50.0684    96.5788
    24.125     75.375   -7.27948     6.8817    16.3937    6.70002    17.9084    23.0522    25.6866   -27.0064    79.9231
    24.125     75.625   -12.8423    21.3731    20.7141    38.3056    45.2472     48.346    27.6599   -41.2539    87.1735
    24.125     75.875   -13.3205     20.163    13.3185    46.0644    56.5193    62.9265    24.6617   -23.5041    75.5598
    24.125     76.125   -15.0304    13.3769    9.66825    49.0733    58.3909    56.6436    34.5603   -43.6621    77.0795
    24.125     76.375   -11.5296    19.3883    2.21082    41.3787    55.4085    52.3232    29.1588    -16.665    63.4171
    24.125     76.625   -3.23854    20.1033    15.2175      48.14     60.808    60.4812    26.2845    2.91802     58.456
    24.125     76.875    18.7878    27.3936    36.1368    56.5235    67.2435     64.076    35.3758   -31.6819    57.0428
    24.125     77.125   -21.1066    10.5865   -1.48487  0.0387394    21.8437    25.2168    35.1468   -74.5438    51.8973
    24.125     77.375   -31.0708     -4.404   0.703377    3.52833    19.8194    19.7836    34.8723   -79.3554    43.6443
    24.125     77.625    -14.639    8.49224    11.6239    44.1269    61.2171    49.4344    37.0269   -39.1415    65.8995
    24.125     77.875   -22.2414    18.9729   -4.80347    20.8474    33.0821    26.1922    28.3095   -50.7577    45.6303
    24.125     78.125   -37.1212    33.9021   -21.6476   0.903006    26.1987    25.9497    17.6586    -92.712     49.561
    24.125     78.375   -34.9077    39.7682   -18.3698    6.39589    27.5792    27.1268    23.6227    -90.488     54.457
    24.125     78.625   -15.1945    28.9375  0.0593844    38.8561    46.6926    33.8561    14.4006   -53.3835    56.0019
    24.125     78.875   -39.0586    26.4478   -24.3348   0.721716    17.0944     19.036    -3.4591   -59.9159    32.0273
    24.125     79.125   -44.9679     29.667   -36.7128   -3.63752    17.7125    24.1341   -8.85841   -93.5091    34.4911
    24.125     79.375   -7.03477    38.1489   -26.3173   -5.87892    9.74161    7.82155   -1.72572    -98.945    27.8393
    24.125     79.625   -54.9786    21.7373    -50.383   -21.4352   -5.70811   -7.97564     1.4054   -94.3889      36.51
    24.125     79.875   -26.3927    44.0604   -42.8006   -10.2059    21.4367    4.05558    13.7584   -52.8491    24.1881
    24.125     80.125   -66.4857    31.2973   -48.7229   -12.0333    13.5137    9.21905   -5.01137   -42.3259    24.4381
    24.125     80.375   -49.5584    34.0086   -43.0928   -24.3087   -8.81575   -8.92043    10.2697   -51.2735   -5.21244
    24.125     80.625   -1.82454    55.3041   -34.6045   -1.43144    11.1876    7.91962    12.7882   -50.8414    10.6242
    24.125     80.875     19.413    51.3048   -26.9797   -3.82973    8.62207     4.0719    18.6984   -39.1238    29.4856
    24.125     81.125   -18.0253    32.6014   -36.3876   -6.69244    4.88282   0.927582    21.0544   -45.9571    31.2084
    24.125     81.375   -16.4062     27.949   -55.0221   -26.5565   -7.32368   -5.32177    24.2913   -53.4596    24.5677
    24.125     81.625   -14.7233    31.6636   -35.1687     -23.16   -14.1815   -10.0693    21.4225   -48.5569     34.971
    24.125     81.875   -31.9525    29.6711   -36.2913   -3.12432    6.56583   0.600238    13.5626   -65.5288    23.9762
    24.125     82.125   -47.6597    33.9268    -43.778    8.08677    8.42804    5.16881    26.6348   -57.9018    31.4044
    24.125     82.375    -34.404    36.4346   -32.9178     7.0821    8.16851     7.6151    37.3973   -11.0989    12.5369
    24.125     82.625   -22.0552    51.9208   -39.2038    10.9557    33.6565    16.5583    17.3874   -37.1307   -3.93398
    24.125     82.875   -5.61085    48.0451   -29.7169   -2.11864    18.6045    11.6781    16.9075   -38.5649   -4.13245
    24.125     83.125   -21.1159    23.4581   -32.3146   -13.9146     2.3032    4.40709    23.4307   -32.8647   -7.15581
    24.125     83.375   -85.4873   -25.5892   -88.6498   -45.6559   -19.9133   -17.4812   -24.9851   -35.2725   -1.65986
    24.125     83.625   -62.5652   -18.8501   -71.3756    -40.446   -12.6434   -9.76805   -4.89923   -35.1755   -18.0194
    24.125     83.875   -32.8649    23.8891   -41.8232   -12.0949    9.35948    10.5555    43.6144   -87.7106    19.6669
    24.125     84.125   -58.7978    16.3944   -57.9435   -23.1094     5.1572    10.4799    70.0049   -92.5617    14.8402
    24.125     84.375   -55.4282   0.125189   -58.9561    -12.477    6.00477    5.88802    45.0082   -50.7769    27.4975
    24.125     84.625   -70.1729   -7.28351   -70.9056   -31.3999    3.01007   -2.05976    24.3591   -58.0154    35.7762
    24.125     84.875   -60.0361    2.32051   -94.3933   -50.3538    -11.153   -7.73029    10.8531   -11.8364    40.0013
    24.125     85.125    -74.812   -15.8155   -93.4831   -57.9914   -17.0064   -9.79325    3.47944   -25.1903    30.4499
    24.125     85.375    -53.294  -0.743878   -87.6474   -28.0232   -4.84389   -3.87646    8.26477   -29.1976    29.9826
    24.125     85.625   -57.9994   -11.6935   -79.4151   -30.0913   -3.75847  -0.756483    12.3438   -9.87971    42.1968
    24.125     85.875   -42.9255    2.77635   -48.3641   -22.9547   -1.79418   -2.06604     12.521    7.33118    18.8873
    24.125     86.125    -24.714    5.82788   -47.6889    -31.717   -5.09056   -1.62876    4.06552    8.78922     13.569
    24.125     86.375   -88.6986   -20.0113   -90.3391   -46.3486   -16.1259   -8.98899    8.06827    15.2528    15.1939
    24.125     86.625    2.25678    6.75364   -46.5557   -43.3085   -16.4112   -5.50724  -0.370546  0.0607472    25.3876
    24.125     86.875   -34.9625   -25.0967   -31.1029   -12.4417   0.502104    13.5268    55.0533    26.9954     12.661
    24.125     87.125    -67.796   -51.1823   -44.9122   -17.6778   -13.8618    0.27028    25.1656    19.1804    22.1939
    24.125     87.375   -58.3703   -40.7123   -36.0785   0.275796   -2.88597    3.67846    29.1968    31.5436    7.96608
    24.125     87.625   -39.2058   -20.9405   -41.9125   -12.0164   -8.16995   0.039953    30.2364    24.5579    3.77863
    24.125     87.875   -27.2003   -19.2315   -26.6971   -6.57347   -3.12203    6.66121    23.7878    24.3381   -9.55663
    24.125     88.125   -26.4916    -22.745   -24.5338   -7.25638   -2.01624    6.60468    28.6555     20.622   0.216863
    24.125     88.375   -27.8808   -25.6424   -25.0138   -9.52282   -4.18809    2.36735     7.1944    37.4556  -0.736041
    24.125     91.875    18.0373    16.7911     34.395    47.5478    32.1734    12.3498    7.57429    6.09851   -3.84476
    24.125     92.125    29.9175    28.1723    41.4165    49.0453    32.3534    27.8074    24.2496    10.9558   -4.25578
    24.125     92.375    18.0924    29.3041    22.7901    24.9584    23.4918    25.5124    14.3964    27.8598   -12.8052
    24.125     92.625   -2.96363    6.50089   -2.94304   -6.54276   -4.76299    6.11824     14.446    21.3055   0.151311
    24.125     92.875    -94.567   -76.2155   -94.1441   -85.9147   -73.2764   -62.1499   -49.1633    37.2813    15.0255
    24.125     93.125   -91.7467   -85.7464   -96.7842   -82.6426   -66.9048   -57.4342   -55.2213    48.5994   -9.48863
    24.125     93.375     -74.76   -66.2491   -76.2858   -66.5604   -52.2691   -52.9582   -62.1929    20.1496   -40.4459
    24.125     93.625   -70.1133   -60.9118   -72.4115   -63.1479   -49.4292   -49.9429   -56.6052    6.79716    -54.673
    24.125     93.875   -69.0811   -60.7514   -72.2503   -60.9527   -47.5855    -45.362   -50.0597     3.2016   -61.4583
    24.125     94.125   -58.7062   -51.2162   -63.0049   -53.7229    -40.861   -38.6895   -43.6384    2.78794   -62.5979
    23.875     68.875   -23.2888   -59.0295   -45.4631   -1.72319    3.93681    4.90479    9.57612   -82.2507    4.35587
    23.875     69.125   -20.2128   -64.2043   -47.6626   -6.82349    1.02622    1.89981    13.1588   -76.4425    1.26631
    23.875     69.375   -14.7355   -56.7012   -45.7828   -5.92126    1.89401    2.82297    21.7748   -75.1153    2.64199
    23.875     69.625   -8.30085    -40.949   -43.3112   -2.78314     4.7349    5.24264    18.8532   -75.7648    6.87006
    23.875     69.875    20.0218    4.28896   -28.9927    5.25131    12.0652    12.7784     2.2514   -50.9605    17.8435
    23.875     70.125    38.3073    4.99808     -31.35   -4.33094    3.51634    3.79189   -59.5168   -66.2607    4.14653
    23.875     70.375    45.2026    7.21164   -31.4544   -4.41692    3.76489    4.11662   -63.4787   -61.7962    4.40302
    23.875     70.625    43.0745    8.44283   -30.0095  -0.765377    7.31808    8.17535   -58.6809   -45.2956    10.8239
    23.875     70.875     37.589    5.68231   -27.8191   0.514421    6.90753    7.84198   -36.7199   -47.4171    7.72421
    23.875     71.125    29.6702   -3.57219    -26.441   0.534475    8.30079    9.00797   -13.8614    -42.732    12.9705
    23.875     71.375    36.5647     3.0676   -9.63806      13.79    24.0822    26.2972    28.7942   -52.7538    27.5213
    23.875     71.625    23.4159    2.86214   -18.5645    7.54648    16.9435    18.5307    25.9433   -51.8414    32.6029
    23.875     71.875    10.2021  -0.955937   -22.4936   0.056821    13.3773    15.0528    24.2946   -28.7613    35.2396
    23.875     72.125   -11.5428  -0.618166   -39.4438 -0.0215254     10.892    10.2798    21.4811   -60.0913    38.7794
    23.875     72.375   -7.42189  -0.690466    -37.715   0.831079    10.5201    9.26638    14.4382   -30.7892     38.126
    23.875     72.625   -27.6656   -6.93246   -41.2698   0.601237    14.0622    13.5859    12.6013   -14.7726    47.3129
    23.875     72.875   -37.5784   -15.2619    -70.781   -11.4689     7.8435    11.7561    14.5383   -31.2434    49.0558
    23.875     73.125   -5.47128   -17.3676   -61.9901   -7.45852    10.0874     13.889    16.0522   -66.3727    21.9214
    23.875     73.375   -26.5172   -19.5606   -36.5221   -5.33525     13.326    18.0734     26.799   -19.2809     20.381
    23.875     73.625   -39.6212   -17.6755   -43.3979   -7.48392    8.45197    12.5294    15.9326   -32.9626    42.5394
    23.875     73.875   -29.6015   -35.6576   -21.4732    15.9667    14.4327    22.7946    42.3417   -50.9595    31.6078
    23.875     74.125   -7.52667   -12.9387   -7.72329    29.2883    39.6563    42.1527    26.0341   -48.1165    54.5544
    23.875     74.375    9.61279    8.07034    18.8422    41.4418    47.8172     49.892    37.7844   -62.0015    57.4747
    23.875     74.625   -1.22533    1.34047   -6.87176    24.6465    41.5162    43.9187    30.3485   -56.9041    45.1419
    23.875     74.875    14.9136    15.9874    14.2482    27.0825    45.2164    48.2721    22.1822   -72.7398    68.8658
    23.875     75.125   -1.83746   -3.95697    22.9464    31.9873    33.0079    39.3553    29.2421   -55.5727    83.8803
    23.875     75.375   -4.36163    15.9873    15.9778    27.7628    38.3577    43.2491    14.3129   -57.5263    71.7476
    23.875     75.625   -8.65226    1.21045    29.4298    39.5924    52.9565    58.5113    41.1425   -32.2865    85.0202
    23.875     75.875   -2.36062    24.1142    22.4733    24.1068    37.4143    36.7464    32.9646   -46.8215    73.2351
    23.875     76.125    21.0379     45.059    21.4051    19.7819    22.0481    26.7807    49.8662   -62.9089    71.0401
    23.875     76.375    25.2536    50.3659     15.269    9.17915    34.3752    39.8114    55.6832   -65.3528    84.3387
    23.875     76.625   -22.2093    18.7605   -7.28332    15.2518    34.0223     37.814    27.8511   -48.6927    62.6465
    23.875     76.875   0.438194     25.162     23.738    40.9813    48.2363    45.9282    37.9478   -37.5143    64.3172
    23.875     77.125   -6.51306    26.1585    6.26647   -8.15941   -7.32281   -10.1049    26.1883   -76.3016    46.2384
    23.875     77.375   -27.1234  -0.184861   -1.42449    4.71806    16.9205    15.4366    24.2036   -83.5523    38.7166
    23.875     77.625   -23.3388     8.0088   -10.9096    20.7837    36.0888    21.9145    22.4363   -72.1208    64.3496
    23.875     77.875   -36.5582    20.7664   -20.6764    3.28216    33.7844    32.8733    24.1982   -66.3573    50.7194
    23.875     78.125   -51.5013    17.0741    -34.195   -6.46299    28.8918    28.2827    19.2528   -95.9922    39.0354
    23.875     78.375   -40.7312    19.2786   -25.5457    -10.915    9.75676     12.936    6.07439   -61.0118     36.684
    23.875     78.625   -13.1918    30.4836   -2.02647    36.4431    52.4175    35.1772   0.904759   -49.2008    53.3564
    23.875     78.875   -9.37127    43.1028   -7.98051  -0.935198    13.5355    3.31414    19.9303   -53.7117    57.2847
    23.875     79.125   -11.7875    34.2509   -31.5685   -18.0686    9.06545    11.8012    5.20958   -72.3244    41.6968
    23.875     79.375    33.2063    55.2238 -0.0976127    30.7111    57.6734    58.2356    4.19026    -73.874    41.6247
    23.875     79.625   -1.65697    42.2666   -7.56386    25.9672    33.5671    25.4519    21.1511   -46.8189    30.6843
    23.875     79.875   -21.2405    38.4967   -24.2974    4.64817    27.7344    7.71157    10.8499   -30.7296    21.5315
    23.875     80.125   -24.1411    32.9727   -17.9889     20.635    38.8336    14.5907    19.4578   -30.0682   -2.09375
    23.875     80.375   -50.9031    20.3918   -35.1664    -4.1211    16.5121    -3.6482    12.2495   -48.3324   -37.4012
    23.875     80.625   -12.7822    40.5449   -31.6031   -10.9025    2.27752  -0.588395    31.0093   -54.2232    -26.482
    23.875     80.875   -4.68073    45.1602   -35.9999   -11.9532    -4.6096   -13.8437    15.0213   -65.9759    16.9555
    23.875     81.125   -28.8435    30.9995   -42.3274   -18.5345   -8.57381   -16.9171    10.0048    -62.452    17.1391
    23.875     81.375   -25.4726    30.2624   -50.6475   -23.2104   -5.53721   -8.42668    18.6477   -78.5313     16.923
    23.875     81.625   -13.9029    32.9217   -21.9567    -12.022   -13.3553   -9.52345    11.9048     -58.85    22.5578
    23.875     81.875    -70.335    43.5862   -68.2141   -10.0149  0.0167602   -6.02449    22.7201    -91.673    28.0586
    23.875     82.125   -69.1553    11.0044   -90.8027   -44.4752   -9.23339   -6.05853    26.1157   -54.9822     18.749
    23.875     82.375   -17.6276    37.9365   -23.4387   -8.79928   -4.50943   0.339827    44.3669    4.06297    11.0876
    23.875     82.625   -33.5023    56.9446   -67.7094   -20.7284    9.02541    6.75904     42.927   -25.0528   -1.24867
    23.875     82.875   -17.8295    60.3143    -39.459   -9.59141    12.7459    9.27849       42.1   -34.7215   0.128325
    23.875     83.125   -38.9222    34.2994   -49.3234   -21.4907    4.58102    4.70641    29.2459   -51.6097    3.41527
    23.875     83.375   -40.1456    26.1647    -57.121   -35.0554   -1.85145   -1.29607    4.90832   -41.1045    9.64537
    23.875     83.625   -5.94179    42.3027   -29.0939   -18.8483    7.45384   -5.30962    5.45848   -48.9705    27.6361
    23.875     83.875   -20.6355    39.5916   -25.3059   -8.91715    6.30376    1.48568    35.9521   -41.7904    48.4691
    23.875     84.125   -23.3231    28.9386   -17.3843   -6.20631    9.41126    12.5641    60.7184   -59.9863    52.0358
    23.875     84.375   -34.7647      16.08   -62.9626   -41.4801   -2.26948     0.9304    42.6529   -62.0908    47.7946
    23.875     84.625   -52.7503   -2.54462   -66.6217   -31.4803    9.45923    7.54419    26.5705   -46.3442    50.2562
    23.875     84.875   -45.4779    10.3463   -90.2826   -47.8207   -18.0478   -10.5933   -3.88291   -11.6394    25.3286
    23.875     85.125    -78.397   -11.6026   -91.9263   -49.1253   -14.2925   -5.95308   -2.20896   -26.6662    24.8135
    23.875     85.375   -57.1394   -2.85947   -76.9803    -40.939   -12.4286   -5.89662     33.463   -26.2956    28.1761
    23.875     85.625   -3.71634    12.2582   -18.1062   -6.13818    16.1956    20.5587    21.5308   -14.1559    35.1901
    23.875     85.875   -21.2885    2.73359   -21.9307   -1.79557    8.77274    12.5038     30.542    -12.016    49.7801
    23.875     86.125   -12.6547    12.2466   -77.6598    -48.084   -18.0896   -5.43283    9.13467   -9.92269    23.5478
    23.875     86.375    5.98874    22.4468   -16.8456   -30.6706   -6.27126   -7.54049    15.8919    2.73497    23.2724
    23.875     86.625    4.48681    17.5522   -23.6415   -37.0953   -10.7976   -1.34626    12.2826    3.69545    38.7975
    23.875     86.875   -1.63235    1.45869   -29.9064   -6.13988    22.9642    43.5832    10.3124   -9.91142    28.4928
    23.875     87.125   -33.0568   -2.47909   -13.3548    19.6944    8.20848    14.3953    60.1858   -9.00455    32.7368
    23.875     87.375   -20.6284   -14.4126   -3.68383    15.2387    12.9426    17.8491    52.6694    16.7201    31.8385
    23.875     87.625   -29.9499   -23.9606   -15.9045   -3.52381     6.2175    10.2503    16.7144    17.8592    9.07903
    23.875     87.875   -25.6443   -23.8508   -20.3563   -5.47827   -2.00634    6.86357    8.82386    26.7558   -7.74915
    23.875     88.125   -28.2602   -28.1734   -21.1598   -7.49568   -2.33309    6.57723    26.3132    28.8952  -0.686362
    23.875     88.375   -34.0671   -36.1721   -27.8549   -15.0435   -10.0764   -4.19389   -15.8862    40.0344     8.2163
    23.875     91.375    12.2266    10.1133    11.3943   -10.3849   -7.26716   -19.3421   -14.1861    28.8412    10.0787
    23.875     91.625    11.6545    8.93637    6.75533   -7.38934    -6.4942   -18.0502   -20.3465    17.3221   -7.53839
    23.875     91.875    9.00608    15.2565     16.688    14.6772    8.69552    7.11286    13.1013    9.21976  0.0344851
    23.875     92.125   -0.72508    14.2145     3.5292    1.16158    9.33325    11.3888    15.2268    21.9345   -17.7178
    23.875     92.375   -2.95432    8.10005    -1.0107   -2.19688    2.13151    1.94355  -0.244807    27.2078   -47.0963
    23.875     92.625   -18.5242   -8.29097   -15.2519   -14.6371    -6.9709   -4.43737    1.07695    34.6527   -34.1117
    23.875     92.875   -95.6333   -81.8462   -95.5444   -86.9876   -73.7359   -69.1733   -67.0245    43.9617   -15.2706
    23.875     93.125   -97.3614   -93.2783   -95.7641   -82.2891   -66.9143   -62.0382   -64.9521    51.8794   -14.9142
    23.875     93.375   -97.2755   -91.5084   -95.7292   -82.9902   -67.2288   -63.4501   -71.9106    52.8377   -14.4128
    23.625     68.625   -23.5133   -33.4529   -32.4548    7.95646    14.8086    17.2004    30.1467   -82.4209    20.5439
    23.625     68.875   -21.8369   -25.5259    -27.419     10.411    18.0576    21.1478    37.4653   -66.5752    24.3472
    23.625     69.125   -25.7073    -37.805   -27.6112    8.10191    16.3509    19.6251    25.7006   -66.2626    22.3741
    23.625     69.375   -24.6005   -40.4613   -38.6462    1.70148    10.6886    13.4802    25.0309   -67.7335    21.9825
    23.625     69.625   -26.8731   -44.4453   -36.6716    3.38468    11.6989    13.5994    20.3272   -65.5206    20.8712
    23.625     69.875    1.04631   -24.7826    -34.844    1.97378     9.6805    10.6804    2.71305   -60.7688    16.2748
    23.625     70.125    30.1244   -2.50113   -37.5233   -6.98419    2.36353    2.61732   -44.1748   -73.5303    2.07675
    23.625     70.375    38.8686    2.76463   -33.8666   -2.15827    7.39068    7.82977   -46.9477   -51.1124    8.61456
    23.625     70.625    31.4869    7.28075   -25.7104    5.76891    16.2117    17.7354   -19.1681   -16.8249     23.448
    23.625     70.875    22.7513    5.87323   -31.5018    1.03308    14.0925    15.8054    -12.787   -15.7222    26.6868
    23.625     71.125    29.0655   -2.96613   -29.8299   -1.57936    7.60716    8.43249   -18.3002   -37.5425    12.3777
    23.625     71.375    45.1159    -3.3794   -11.6041  -0.576577    8.05147    8.87613    15.5094   -59.4507    10.7411
    23.625     71.625  -0.135253   -6.36071    -30.875   -4.60578    6.92867    8.94712     -5.607   -61.8806    30.6899
    23.625     71.875   -2.87053   -6.33255   -30.8471     -5.671    5.68883    7.05948    6.55371   -65.7955    25.3478
    23.625     72.125   -10.3178   -7.40315   -37.8388   -2.48239    8.84122    9.71435    20.0978   -54.1075    30.3784
    23.625     72.375   -20.4226   -13.2923   -54.7854   -6.95463    6.35668     9.3898     10.556   -35.5639    23.5035
    23.625     72.625   -7.52041   -12.4261   -34.6701     11.528    25.6593    26.9397    12.0235   -21.9389    32.8033
    23.625     72.875    -11.562   -9.49744   -36.5079    10.5215    20.3008    22.1513    11.5062   -36.8626    37.4628
    23.625     73.125   -11.7543   -16.0056   -40.8702   -10.5973    8.26132    11.9229     10.238   -28.6531    7.54847
    23.625     73.375    -11.861   -20.8626   -56.6355   -19.0103    2.70167    8.24798    8.03022   -99.9221    26.3681
    23.625     73.625   -14.5307   -19.9921   -53.5083   -15.5083    3.79409    8.86024    7.30409   -96.9216    21.6901
    23.625     73.875   -32.9744   -18.2309   -51.5007   -6.16257    4.56823    11.3742    4.19214   -70.8923    16.8442
    23.625     74.125   -5.21909   -5.36601   -12.7117    29.9794    42.1131    44.2926    35.6587   -62.7255    37.1046
    23.625     74.375   -4.80992   -2.64392   -5.21375    33.0338    41.3158    43.4614    41.1503   -60.2816    49.6021
    23.625     74.625     12.979    11.5415    8.22814    33.1636    46.0889     48.572    38.4891   -84.0532    43.4262
    23.625     74.875     8.2786    8.44994    3.23341    38.0591    54.1105    56.6525    36.3502   -94.9828    62.4472
    23.625     75.125   -12.8687   -18.9313    11.7695     16.236    48.0587    53.9109    11.7723   -74.9847    81.0059
    23.625     75.375    2.28107    2.40895    28.7978     36.857    63.5998    66.5814    29.1332   -76.1614    71.7523
    23.625     75.625   -19.9431   -6.52893    6.53332    22.0985    53.1996    59.5536    35.6236   -84.9716     67.635
    23.625     75.875   -3.88734    19.3262    28.3206    34.8662    53.8008    57.6989    21.4582   -75.8538    57.9189
    23.625     76.125    7.59516    35.3309    28.2768    34.4968    49.5016    54.9013    10.2808   -69.5691    74.9674
    23.625     76.375    17.5368    31.4141    23.2308    17.3437    31.0122     33.265    47.4888   -60.7748    93.9126
    23.625     76.625   -35.5462    0.36781   -14.0267   -1.21397    21.1759    24.6882     29.385   -58.6961    70.8924
    23.625     76.875   -73.8568   -45.6662    -37.103   -20.4378    8.54541    12.4732    24.3277   -67.4598    73.4198
    23.625     77.125   -25.0209   -2.91968   -11.1868   -18.2404   -0.47226   -2.35379    27.5808   -60.5598    60.9851
    23.625     77.375    -25.378   0.559925   -6.51924    10.5925    30.1763     28.661    18.1023   -71.2305    49.0433
    23.625     77.625   -60.2943   -19.0699   -31.8974   -7.93952    24.4046    25.9088   -3.44974   -98.6935    50.3397
    23.625     77.875   -49.7818     11.502   -25.4606    8.25011    33.2491     34.885    7.15551   -74.8409    43.2162
    23.625     78.125   -43.8223    11.1188   -29.7228   -30.7311  -0.907797    2.26018    4.43618   -98.7126    51.2456
    23.625     78.375   -42.9448    9.58278   -26.4869     -19.63    11.3095    13.0978    11.7906   -67.1574    37.9713
    23.625     78.625   -24.0306    27.7259   -18.1942    -9.3176    5.31781   -5.84018    6.18505   -60.6523     41.165
    23.625     78.875   -17.2746    33.9428   -21.3099   -12.0488   0.767566   -8.91495    10.3972   -55.1808     46.902
    23.625     79.125   -7.69333    31.4021   -16.4289   -3.70519    3.55746   -1.22625    5.29777   -73.2148    28.4364
    23.625     79.375   -1.89972    41.2866   -5.63166    7.03881    26.8218    2.38992    17.9631   -60.3452    30.0632
    23.625     79.625   -6.75792    39.2347   -3.05223    28.2667    37.4427    17.2658    22.7415   -71.1966    31.8858
    23.625     79.875    21.8479    34.5906   -5.47337    13.0051    20.3866    14.0921    33.1308   -49.1536    10.7628
    23.625     80.125   -15.2444    20.4221   -14.3194     12.606    21.1319    18.5297    21.0152   -36.3693   -4.90755
    23.625     80.375   -38.6533     28.872    -42.127   -10.7991  -0.689306   -1.79619    31.5319    -44.592   -14.8625
    23.625     80.625   -21.2261    55.1349   -42.0807    -10.901   -8.73397    -16.011    46.6308    -65.244    2.22401
    23.625     80.875   -9.06984    40.9235   -25.8483   -3.99088   -3.71792    -8.3122    34.6147   -59.7195    9.36981
    23.625     81.125   -22.3263    34.6271   -35.9621   -1.33241    1.16104   -6.17213    4.00735   -67.1548    22.1973
    23.625     81.375   -14.9694    30.5082    -21.354  -0.776114    3.47689   0.885343    13.9704   -59.2077     26.547
    23.625     81.625   -37.7848    38.1616   -50.3902   -1.51471     2.4087   -4.61928    18.6292   -94.5094    23.1329
    23.625     81.875   -48.7996    35.8516   -63.6955   -25.5318   -8.35732   -9.08758    28.2048   -82.3089    28.4944
    23.625     82.125   -51.8188    6.75538   -68.3829     -40.26   -10.5003   -5.95446    23.6712    -42.248    18.4866
    23.625     82.375   -9.39339    41.6583   -27.6277    -19.599   -4.95217    1.38235    32.8032   -32.4729     20.525
    23.625     82.625    6.52046    53.1851   -20.9152   -13.1563    1.51915    5.95128    30.9512   -38.0624    13.4273
    23.625     82.875   -1.78629    51.5039   -27.0628    -16.369    3.09973     7.8871    33.5365   -60.3343    10.7852
    23.625     83.125    11.3209    52.1043   -41.2365   -30.5289   0.428917      2.582     24.158   -50.6226    11.8828
    23.625     83.375    8.22392     54.423   -45.4401    -36.937 -0.00534312    2.32608    18.4534   -55.5725    12.8344
    23.625     83.625    12.2364    55.9494   -30.5093   -31.7403   0.628544   -3.47394     33.225   -58.5013    40.3156
    23.625     83.875   -39.7042    30.3117   -52.4071   -36.4677   -11.6369   -9.57476    16.8367   -59.7101     48.352
    23.625     84.125   -59.4145    35.0981   -89.0264   -47.8473   -17.8339   -13.2394    22.8777   -9.63761    34.2523
    23.625     84.375   -29.4949    36.3022   -75.4824   -59.4349   -20.1185   -12.1007    27.7714   -16.5735    37.8358
    23.625     84.625   -11.3101    34.9905   -33.1153   -15.3802    12.3618    1.34289    28.3025   -28.9294    57.0855
    23.625     84.875    3.71133    19.9012   -36.9658    7.93449    7.60906    1.57118   0.580119   -49.4815    41.6853
    23.625     85.125   -11.8747    17.5054   -48.0263   -15.1808   -3.85033   -2.07633   -1.53999   -22.5599     35.994
    23.625     85.375   0.336091    15.3921   -27.1738    25.1643     26.361    5.54235    1.71174   -27.0266    42.3449
    23.625     85.625    10.1577     19.352   -22.2871    11.4987    21.5699    15.7746    5.50581   -22.2775    44.8175
    23.625     85.875     14.442    20.4161    -24.339    6.88577    26.0638    16.4728    43.6823   -19.2942    65.7543
    23.625     86.125   -87.1537   -31.9549   -93.4716   -55.6188   -24.8192   -14.3131   -14.0929   -9.97687    40.5294
    23.625     86.375  -0.974296    19.1243   -4.82504   -16.4306   -6.00613   -7.11815    20.3417   -6.26399    35.5618
    23.625     86.625    5.44949    30.4365    8.31231    18.7893    18.5674    4.78855   0.686142   -9.61663    34.3218
    23.625     86.875   -10.9298    11.7875   -40.3768    7.26765    6.79187    11.4133    9.89648   -10.0556    34.9981
    23.625     87.125   -2.52758    13.0148   -16.8716    33.6607    19.5513    22.0544    12.2495   -12.8103    24.6513
    23.625     87.375   -11.4707   -17.2346    8.56204    8.11702    8.04226    9.95129     57.317    9.34655    40.6222
    23.625     87.625   -11.9239   -8.82832   -9.81085   -7.90083   -4.34296   -4.48039    40.4923    9.81168    32.8234
    23.625     87.875   -19.1239   -20.4288   -12.6499   -5.43287  -0.401754    8.55218    13.9194   0.574053    22.1981
    23.625     88.125    -28.284   -29.6778   -23.4428   -12.8165    -8.0393    -2.2479   -8.68203     25.167     21.554
    23.625     88.375    -26.481   -27.6921   -23.5809   -12.1756     -8.051   -1.51878   -8.52802    33.8283    22.1677
    23.625     91.375    9.79122    5.23504    4.98547   -3.31651   -8.47305   -15.6509   -3.82063    21.4874    10.5656
    23.625     91.625    5.15097    7.16202   -4.87671   -20.1979   -20.0379   -23.2605   -18.2812    20.5733    12.1556
    23.625     91.875   -3.01953    10.4398   -7.63785   -20.3726   -10.9895   -6.33865    3.57914    10.7942    7.71586
    23.625     92.375   -10.3272  -0.335324   -11.1618   -18.4768    -10.057   -11.3468   -4.67345      28.16   -46.4587
    23.625     92.625    -19.458   -4.78287   -20.4262   -22.9255   -14.1979   -13.8589   -10.7033    35.7395   -57.4648
    23.625     92.875   -55.3094   -37.7711    -56.524   -52.9779   -40.0256    -36.495     -33.24    42.2437   -33.8266
    23.625     93.125   -93.7233   -85.8041   -91.3661   -80.1158   -66.3997   -63.2718   -66.9472    56.1318   -29.3455
    23.375     68.875   -21.3556   -23.0736   -24.7498    11.0593    19.0025    21.6678     36.563   -68.2945    24.1416
    23.375     69.125   -8.63184    -11.146   -27.1763     9.3022    18.9122    22.0021    35.9651   -70.1399    27.8903
    23.375     69.375   -6.88096   -8.81638   -27.8054    7.51917    17.1243    19.2826    31.3478   -68.6382    30.4354
    23.375     69.625   -23.5974    -32.029   -25.8479    9.16518    17.5834    19.0753    22.1151   -61.6844    27.9423
    23.375     69.875   -7.21806   -10.8264   -27.3786    9.63535    17.6888    18.8098    15.7274    -55.068    24.1518
    23.375     70.125    19.7122    8.65075   -22.6466     9.9019    19.9997    21.8172   -1.37941   -43.8399    23.7977
    23.375     70.375    34.9414    19.1778   -27.7682    4.22785    17.4693    19.8227   -21.7426   -34.5581     27.983
    23.375     70.625     38.354    21.3046   -28.0606    4.23321    17.0699    19.5723   -25.1368   -32.2339    31.3348
    23.375     70.875    38.6811    9.97105   -38.3483   -6.04824    7.37466    9.27163    -26.198   -37.2001    16.7204
    23.375     71.125    28.7103   -10.4905   -37.2622   -8.05346    1.81764    2.29772   -32.1918   -58.1474    1.73925
    23.375     71.375    32.7615   -12.9475   -32.0092   -8.16717  -0.265077 -0.00100961    -30.045    -70.156   0.338017
    23.375     71.625    17.0598   -13.3369   -34.6646    -7.8615    2.69512     4.0051    -37.919   -47.6666    16.8628
    23.375     71.875    1.95755   -8.14788   -31.4802    1.05466    17.5324    18.6926   0.503273   -53.8516    35.4932
    23.375     72.125    11.6879   -9.77837   -22.0958   -2.71366    11.8032    13.4068    18.9543   -31.7098    18.0572
    23.375     72.375    4.92114   -16.8698   -41.1946    8.44848    27.6763    27.8182    4.20804    -62.484    12.2501
    23.375     72.625    8.04673   -20.3784   -39.7411    4.63317    26.3623    28.3844    11.1775   -28.8644    11.0543
    23.375     72.875 -0.0717705   -14.6239    -31.137    18.5774    29.2833    31.2489    16.3123   -52.1163    12.8381
    23.375     73.125   -8.40646   -10.0522   -38.3998    13.1877    32.5563    35.4115     16.142   -89.4755    14.3039
    23.375     73.375   -5.31353   -6.13179   -28.5258    20.1883    37.6212    41.2508    16.5072   -86.3855    17.5341
    23.375     73.625   -5.90145   -9.47453   -29.4875    6.34147    21.5497    23.2297     6.3054   -74.6582    12.2613
    23.375     73.875    -64.541   -62.1588   -61.1581   -13.5485    1.41527    5.90234   -17.1435   -63.3486    14.5952
    23.375     74.125   -31.7773   -32.5998   -22.0422    13.0845     18.804    21.2441    14.3787   -40.9966    11.2899
    23.375     74.375   -13.9957   -11.7737   -11.1523    14.4437    21.1597    24.2255     23.022    -44.151    25.4356
    23.375     74.625   -3.55305   -8.89761   -2.64484    22.8666    37.9913    40.9013    40.3702   -73.3031    39.6822
    23.375     74.875    5.63183    5.53384    3.29082    38.2761    56.8462    59.7007    39.7247   -82.2089    55.4577
    23.375     75.125   -1.68365  -0.567257    4.14649    10.8887    47.2589    53.1822    20.0293   -79.0132    75.2434
    23.375     75.375    17.1835    5.40136    29.8532    37.0134    65.2811    73.8643    11.7796    -31.252    62.7143
    23.375     75.625   -9.88853   -14.2841  -0.664272   -6.07827    25.7653    32.5327   -8.64371   -73.1268    62.3619
    23.375     75.875   -18.0135    -8.3584   -1.37644   -8.19448     9.9072    17.9256    3.23054     -44.93    72.5779
    23.375     76.125   -11.6915    16.9294  -0.160814    7.78179    45.7711    53.2926   -14.0235   -55.0311    92.0358
    23.375     76.375   -23.7316    6.87303    7.34665    21.5277    40.4581    46.8234   -3.08319   -82.0136    85.4139
    23.375     76.625   -44.5916    -11.927    -13.304   -8.59302   0.347515    7.30023    2.39407    -71.195    82.2357
    23.375     76.875   -61.1765   -18.1971   -50.8207   -53.4204   -21.0158   -15.6705    5.97958   -77.4428    69.4736
    23.375     77.125   -12.4799    13.0721   -2.17814   -24.6475     9.2772    16.2531    7.10604   -73.1948    56.2623
    23.375     77.375   -39.4416    3.99664   -39.1966    -3.4489    14.2058   -9.79477     14.249   -63.8331    40.8423
    23.375     77.625    -56.108   -11.6974   -30.9608  -0.783789    13.2847    4.12642    10.7912   -63.2865    43.8363
    23.375     77.875   -11.2783    15.6582    -11.684    15.4609    20.4066    18.6258     13.634   -62.4473    49.4296
    23.375     78.125   -39.8418    8.42804    -11.432    26.3801    46.2944    41.0962    10.1107   -94.1863    49.5125
    23.375     78.375   -33.5431    7.19562   -27.1946   -7.64058    14.7369    13.7738    18.1177   -78.3436    36.7959
    23.375     78.625   -25.9138    9.86827   -33.3145   -21.2247   -4.48692   -5.33878     14.827   -45.8068    34.8563
    23.375     78.875   -47.2584    19.4153   -47.6692   -15.8065   0.476965   -3.18583    15.1061   -78.8245     22.109
    23.375     79.125    -34.799    26.9353   -41.8507   -16.1258     4.5073    1.84158    20.4492   -70.1236    30.8374
    23.375     79.375   -32.7677    14.5039   -14.2249    27.4811     15.939  -0.243627    16.3134   -80.6958    35.4264
    23.375     79.625    16.2029    36.3828   -13.1051    14.4961    27.6527    23.9393    22.4581   -95.7426   0.498469
    23.375     79.875   -34.7492     31.354   -30.4244    12.4532    26.1849    24.2279    18.4418    -88.106   -1.62034
    23.375     80.125   -43.1204    24.6357   -54.2924   -8.58709     4.5133    4.17308     14.191   -74.9021   -7.90764
    23.375     80.375   -31.7577    37.0385   -85.5446   -54.5651    -28.381   -29.9755    1.29612   -62.0065  -0.725825
    23.375     80.625    1.83138    52.0701   -31.9569   -18.5307   -17.0919   -31.5706    14.9712    -69.598   -8.29006
    23.375     80.875    4.93605    38.9147   -31.6142    -22.232   -6.67633   -7.95507    14.0494   -74.4009    20.8106
    23.375     81.125    2.83183    36.2506   -36.8867   -29.0272  -0.479158      4.645    10.1229   -75.9291    30.2567
    23.375     81.375    4.53831    42.8134   -47.8282   -5.64524    11.7091     12.725      -15.9    -98.746    20.9915
    23.375     81.625   -4.36562    29.6174   -49.8202   -6.71277    7.86234   -2.06581    6.18469   -98.6393    27.3307
    23.375     81.875   -15.6651     21.402   -60.2387   -18.9005    4.14607   -1.30936    5.50591       -100    25.3323
    23.375     82.125   -39.2127    19.2984   -71.3659   -37.1824 -0.0386726    6.88593    19.7441   -92.4676    18.9486
    23.375     82.375    18.1163    34.4335   -20.4457   -17.4709   -12.3719    -8.8178  -0.599679   -38.8296    17.3503
    23.375     82.625    6.77556     31.785   -39.4677   -27.8009   -7.59626   -3.94806  -0.238451   -52.4568    12.9157
    23.375     82.875   -16.9823    36.6762   -71.4762   -41.6505   -8.08694   -3.35068    4.27861   -63.9247    17.6436
    23.375     83.125  -0.315024    47.9775   -61.7644   -43.4725   -7.94798    -6.9188    16.1896   -72.9347    19.1397
    23.375     83.375    29.4288    52.1443   -26.1308   -35.7641    -6.0171   -1.95137     28.919   -68.5459    31.0948
    23.375     83.625    43.3659    59.4762   -3.96968   -26.1019   -9.08808   -3.51593    40.7578   -95.4251    31.2276
    23.375     83.875    -1.3124    35.7632    -69.016   -67.8526   -24.1462   -17.3275    27.9813   -96.7957    35.7017
    23.375     84.125   -86.5635   -41.0988   -70.7548   -82.7543   -35.4765   -22.4016    15.3833   -33.0338    3.49053
    23.375     84.375   -55.9556   0.773542   -87.6168   -72.6362   -32.2019   -24.1264    40.4176   -11.1128    43.3491
    23.375     84.625   -67.6772    -17.657   -94.1412   -39.0048   -9.78499   -13.3719    40.9437   -29.0313    49.0064
    23.375     84.875   -25.9144    4.88822     -63.59   -14.6945  -0.684813   -4.61335    31.9196   -31.5918    30.7929
    23.375     85.125    4.50839    23.8979    -32.192   -6.06998     13.263   0.445261    6.57084   -24.4007    24.2607
    23.375     85.375    6.08074    18.5916   -17.2093    22.1866    22.1056    5.81284    4.14183   -28.5784    41.4403
    23.375     85.625    3.33901    19.1986   -28.9007   -8.83244    8.44877    3.15977    4.15445   -34.5969    43.0336
    23.375     85.875   -6.10688     15.927   -71.3571    -50.313   -10.3356   -4.41061    3.46341   -7.03905    67.3521
    23.375     86.125   -24.5295  -0.472268   -41.2429   -22.6697   -8.47222   -3.67041    13.8507    4.06837    40.1925
    23.375     86.375    -1.3428    30.7405   -11.2662   -2.38397    15.0409    14.5086    24.4217    17.8204    37.6931
    23.375     86.625   -8.64318    39.9088   -48.4213   -26.4203   -2.37748  -0.217458    16.1094    6.29704    46.6273
    23.375     86.875   -15.9904     19.587   -48.2328   -37.3783   -10.0231    2.05277    23.8135   -24.0829    43.0087
    23.375     87.125    13.6318    13.7455  -0.449956   -12.3068   -7.71308   -1.12561    3.12965   -10.3248    42.5934
    23.375     87.375   -2.74452    10.1342   -6.10678   -10.4077   -15.1326   -9.96878    2.56984   -10.4253    43.9637
    23.375     87.625   -18.9394   -13.6515   0.701479    22.7349    9.41858    13.9192     2.0607   -2.72557    53.7415
    23.375     87.875    -27.763   -30.4146   -20.2093   -10.2954   -4.96569    2.22213     6.6359    20.1235    29.9126
    23.375     88.125   -24.2169   -24.5364   -23.5089   -18.0058   -15.9179   -9.10085   -21.2012    38.7487    32.1591
    23.375     88.375   -17.1286   -14.2986   -17.7783   -5.52606   -2.54977    5.12655    17.4538    40.7586    39.5879
    23.375     88.625   -10.4367    -5.7251   -12.9949   -2.41757    1.23574    12.3626    35.0104    51.1921    48.5061
    23.375     91.375    4.63957   -0.19009    4.03569    9.72832    1.07911    -14.094   -1.98691    13.3075    19.9817
    23.375     91.625    7.78492    5.80433    2.98696  -0.853809   -4.75797   -12.4177   -8.20763    17.6095    21.7909
    23.375     92.625   -27.3211   -15.9624   -25.4489   -26.6919   -19.6223   -22.1182   -19.0607      41.33   -61.5618
    23.375     92.875   -34.6606   -23.8111   -32.9617   -33.0362   -24.7816   -26.7192   -19.3671    43.5651   -53.6467
    23.375     93.125   -95.9691   -80.7782   -95.0868    -84.847   -69.0694   -65.7474   -68.5662    49.6468    -38.756
    23.125     68.875   -33.2233   -43.9205    -25.788    12.2582    21.0727     24.325     30.541   -70.5952    26.6395
    23.125     69.125   -3.67434   -4.19783   -22.0083    13.1468    23.1611    27.1508    41.5599   -68.3123    31.5813
    23.125     69.375   -19.0137   -20.7584   -31.0512    6.71806    17.1271    19.4845    30.2402   -70.0915     33.717
    23.125     69.625    -29.696   -32.0226   -31.4391    7.32824    17.0368    18.7588    25.0649   -66.6052    33.6035
    23.125     69.875   -24.2862   -29.9476   -22.8518    12.7693    21.9833    23.9088    19.5746   -56.1753    30.2308
    23.125     70.125    10.9117    3.44695   -28.6944    9.02005    18.1203    18.2608    11.8336   -38.3235    19.4438
    23.125     70.875     11.275   -9.43228   -45.3152   -5.85927    11.3805    12.6098   -3.93763   -31.1882    11.1509
    23.125     71.125    5.85783   -14.2345   -49.4397    -7.7164    11.1876    13.1333   -6.65133   -27.6149      11.71
    23.125     71.375    2.56612   -16.3653   -49.8886   -10.3005    1.45288    2.98618   -18.9004    -21.195    5.00101
    23.125     71.625    20.3956   -8.43678   -42.6792   -6.61523    5.14694    7.34157   -1.61406   -11.1722    4.75264
    23.125     71.875    3.06283   -14.7692   -47.2503   -13.6554    2.50525    5.76401   -3.94116   -30.5757    1.27724
    23.125     72.125    21.9987   -6.27052    15.9454   -4.01756     13.802    15.7632  -0.109506    26.5562    19.3873
    23.125     72.375  -0.431255   -11.8109   -26.2109   -6.93499    12.8332    18.4365   -6.81185   -34.3277    8.70587
    23.125     72.625    17.8416   -6.15453   -34.1129    10.8277    31.7946    35.8341    24.0429   -47.9294    15.9543
    23.125     72.875   -3.41156   -15.8519   -37.7197    4.26849    22.8235    24.2058    9.98343   -48.7024    6.51141
    23.125     73.125   -9.38434   -15.5976   -48.2186    6.20327    21.3457    22.6016    1.94285   -95.8663    9.92642
    23.125     73.375    8.53527  -0.423661   -24.0308    18.1145    35.2211    37.4043    19.4872   -72.2167    11.8313
    23.125     73.625  -0.253871     7.8189   -20.1987    7.82063    26.9925    29.3593    12.9661   -33.5775    16.1927
    23.125     73.875   -75.8001    -64.198   -52.9526  0.0744182    17.2392    19.3059    28.2128   -33.8914     13.386
    23.125     74.125   -48.8834   -49.5629   -27.1586    7.08224    22.8571    26.0446    17.8872   -47.5584    18.2915
    23.125     74.375   -40.5714   -45.1925   -17.8814     12.442    28.7148    30.7072    20.0557   -54.8119    21.4242
    23.125     74.625   -25.4955   -27.3951   -19.1212    9.91623    30.3474    32.9172    26.7242   -24.7082    29.0758
    23.125     74.875   -24.1354   -17.3059   -9.40838    21.8993    46.5496    49.8693    31.2088   -74.9257    54.7933
    23.125     75.125   -10.3083    -6.3322   -9.04526    11.2406    44.3279    49.1033    18.8166   -68.4548    62.8563
    23.125     75.375   -27.1891   -31.5683   -17.5107    2.81788    39.7542    46.8851    15.6628   -65.2659    65.5425
    23.125     75.625   -14.9058   -20.3395    6.73003   -21.5287    7.59368    14.7957    5.11875    -70.709    60.3172
    23.125     75.875   -15.6283   -17.5894    8.94704   -19.3984    12.3253    18.8945    7.95497   -67.4441    57.2355
    23.125     76.125   -25.5311   -15.4219   -4.78947   -5.11419    20.0777    28.2535   -15.0808   -61.4737    80.4829
    23.125     76.375    -34.047   -7.74219   -4.78616    7.39973    20.6786    27.9414   -5.72487    -77.436    82.9794
    23.125     76.625   -42.7539   -6.81509   -12.6567   -8.73018   -5.53841   0.177095   -2.37826   -78.8201    61.0157
    23.125     76.875   -25.5043    10.0503   -12.3296   -37.0088   -16.4659   -11.9164   -4.25375   -72.5263     48.409
    23.125     77.125   -10.1051    25.2982   0.754777   -23.9963   -7.61354   -2.20587    4.94384   -69.9254    58.2151
    23.125     77.375   -24.4584    12.2022   -21.8126   -4.48986    12.0879  -0.396889    15.4927   -58.4218    37.7966
    23.125     77.625   -30.0088    6.50859   -37.2933   -26.3974    4.12546  -0.244359    21.9935   -68.7456      30.94
    23.125     77.875   -17.2263    15.7342   -25.7884   -3.41703    3.85847    3.61446    19.0911   -84.0766    37.4287
    23.125     78.125   -28.9077    9.99935   -25.9401  -0.712257    5.80643    2.62973    16.3923   -61.5823    34.7438
    23.125     78.375   -28.8597    13.0054   -41.3268    -21.137    2.63967    2.88752    25.0796   -68.4261    35.6013
    23.125     78.625   -45.2339    1.26506   -43.2186   -6.86186    3.34286    2.24334    19.2582   -69.8157    1.47018
    23.125     78.875   -42.3565    11.9448   -43.7939   -12.3461  -0.438376    -1.5212    19.8376    -67.145    21.9267
    23.125     79.125   -39.7293    19.8078   -49.3733   -14.7261    1.13086    1.89647    17.9819    -94.554    19.4361
    23.125     79.375    -16.049    20.2585   -36.2093   -9.51561    6.84525    6.62461    20.6664   -81.8745    13.5212
    23.125     79.625    -81.539   -10.3107     -67.09   -28.8881   -11.1677   -8.37558    8.72967   -78.2482    1.78735
    23.125     79.875   -27.3643    24.6785   -45.3492   -17.4818   0.384647    2.01329    13.9384   -98.7502   -5.53416
    23.125     80.125   -25.1037    25.0528   -53.9347   -23.6606   -7.44529   -5.36383    10.6116   -99.5168   -3.07277
    23.125     80.375   -5.93929    19.7236   -39.8417   -35.7502    -15.995   -14.1535    4.56528   -70.2156    14.9517
    23.125     80.625   -2.49515    33.8677   -23.8181   -0.55591    7.88833    4.49544    26.2984    -83.912    31.8189
    23.125     80.875   -16.7429    25.4395   -58.2778    -21.016   -6.06211   -5.41797    1.51325   -94.6453    14.9807
    23.125     81.125   -12.6434    35.9851   -44.8529   -25.4962    -9.3446   -8.69197    10.1759   -98.3298    34.7763
    23.125     81.375    5.03757    45.8653   -45.5629   -16.2998   -2.79407   -3.49296   -2.50413   -84.8865    34.2742
    23.125     81.625   -11.9429    25.2525   -92.6315   -41.7057   -14.0763   -19.8578   -5.83965   -88.6672    31.6106
    23.125     81.875      21.37    31.0807   -43.4098   -24.3575   -1.27025    -11.355   -2.25195   -98.1324    10.7427
    23.125     82.125    2.72208    3.82033   -68.0484    -60.088    -22.856   -17.8562 -0.0918497    -57.146    23.0613
    23.125     82.375   -17.2506    13.1327    -72.503   -30.6353  -0.120965   0.866243    5.67616   -48.8919    18.1193
    23.125     82.625   -3.37896    24.2399   -72.2524   -44.3191   -17.0406   -12.7479    4.68237   -44.4426    6.95583
    23.125     82.875   -52.5495     25.158   -84.6876   -32.1235   -14.4278   -14.9467   0.790823   -64.1844     17.365
    23.125     83.125   -79.2904    19.0517   -89.7236   -45.4574   -18.7255   -18.8837    -8.6775   -57.0902     20.668
    23.125     83.375    21.1114    47.2001   -29.6513    -26.242   -14.2716   -8.44814    21.7554   -99.1518    29.4499
    23.125     83.625    45.3242    54.9368   0.795463   -32.3372   -17.8922    -9.3238    45.7639   -96.6947    38.8139
    23.125     83.875    35.0376    62.9982    3.33645    3.98738    14.9514    15.5958     74.594   -63.5904    22.3309
    23.125     84.125   -31.4839    8.92813   -74.6504   -90.3135   -43.1347   -32.7519    2.05256   -50.2277     18.196
    23.125     84.375   -34.6153    12.3814   -81.1423   -81.3836   -38.6704   -30.6521    6.97744   -16.8248     16.965
    23.125     84.625    -60.305   -28.9169   -49.4659   -5.85985    16.5282    3.01527    52.2953   -40.7939    22.1819
    23.125     84.875   -31.2917   -2.20204   -25.8233     3.7561    27.6036     11.886    55.8441   -30.7075    32.2218
    23.125     85.125     -12.47    5.17272   -26.6021   -2.64701     12.967    8.03473    40.8393   -33.6767    18.8604
    23.125     85.375    18.2693    19.6807   -23.9029     4.0764    16.6258    1.80872    9.30052   -42.7529    43.4656
    23.125     85.625    5.22665    15.0794   -38.6255   -10.6772 -0.0508477    1.90087    4.01308   -46.3092     48.701
    23.125     85.875   -9.99329    9.79045   -29.4599   -15.4406   -12.3407   -7.39697    1.64518   -24.7596    44.9278
    23.125     86.125   -11.5879     8.0325   -64.1357   -41.6747    -24.216    -12.133    3.73851   -14.9126    53.1721
    23.125     86.375    3.92738    32.1939   -34.0102   -29.4499   0.946821   -2.02334    25.5105   -7.07044    45.7677
    23.125     86.625    11.2598    24.3612    4.28074   -17.2751    10.3385    1.34281    30.2728    -9.8704    40.5813
    23.125     86.875    8.28469    30.4877    1.36104   -30.5589    7.55097    8.84794    33.4478   -29.8604    54.9331
    23.125     87.125    11.6063    9.45097    17.0132    1.85468    10.8547    14.5314    5.92295   -17.8288    49.9213
    23.125     87.375    7.24343   -3.91171    24.3912    41.9607    51.0468    60.2058    2.71267   -12.0486    51.3831
    23.125     87.625   -4.11765   -4.62066    9.21325    24.5401    16.8145    25.4546    4.51358    1.63655    53.9735
    23.125     87.875   -11.1588   -11.2096   -7.32602    1.05233   -2.71619     4.6105    2.58725    5.39587    43.1308
    23.125     88.125   -20.8778   -20.0627   -21.9259   -11.2811   -10.6627   -3.91629   -3.44351    51.6163    51.8064
    23.125     88.375   -8.44169  -0.508173   -14.1956   -3.97651    -1.4357    4.06976    38.3471    47.8305    54.7602
    23.125     88.625  -0.400693    14.6633   -10.6239    -1.7626    4.51464    15.0904    61.2728    55.2463    58.9211
    23.125     91.625    12.0606   -0.55178    1.40573    2.27134   0.101294   -10.2835    13.7234     14.067    21.9552
    23.125     92.625    -15.913   -6.30386   -18.2162   -23.5874   -18.4857   -19.0045   -5.42103    35.9462   -49.6052
    23.125     92.875   -3.46732    4.31138   -9.80907   -14.0301   -11.5823   -10.4022    3.51907    39.5201   -26.9772
    23.125     93.125    23.8912    33.6649    10.2227    1.82751    5.14548    7.47319    33.2012     41.867    17.4936
    22.875     69.375   -29.0472    -49.684   -48.3439   -4.10681     5.3653    6.20266    26.7082   -81.6382    9.65325
    22.875     69.625   -37.2367    -52.013   -46.6445   -1.76606    7.15874    7.59449    25.3476   -78.5506    10.0076
    22.875     69.875   -25.6499   -45.6966   -42.1505  -0.434064    7.17515    7.59621    12.0492   -75.5682    9.29746
    22.875     70.625    19.9892    2.65248   -35.8783    5.13288     25.764    27.5322    17.9921   -12.3899    25.9716
    22.875     70.875    9.24827   -3.59893   -40.5403   -1.23336    17.7887    20.0255    8.13699    -12.742      16.64
    22.875     71.125    5.36969   -7.94308   -41.0163   -2.48056    16.6461    18.9492   -2.89537   -17.1882    16.6661
    22.875     71.375   -9.61036   -14.2869   -55.1476   -13.2363    4.35873    6.46449   -1.74109   -4.88184    11.8688
    22.875     71.625    16.3131   -7.27644   -28.0693  -0.926254    20.0584    23.1281    3.74873   -6.98407    17.2146
    22.875     71.875     9.8434   -13.3009   -47.2821    -14.722    2.82806    7.05272   -4.05844   -50.4951    3.04157
    22.875     72.125    6.73499   -15.8061   -45.6032   -7.99242    10.4827    12.8294      -8.68   -56.4048    7.43977
    22.875     72.375   -5.11494   -12.1265   -53.4336   -5.31705    12.2422    13.9932    7.60513   -35.2166    10.7408
    22.875     72.625    24.4429   -2.59284   -29.0726    8.42688    28.8737    32.3435    17.5927   -40.9073    33.4297
    22.875     72.875   -9.40946   -10.8694   -44.8423   0.983726    22.5803     24.479    7.91169   -25.0255    1.75903
    22.875     73.125    24.9183   -3.56506    32.0328    6.86534    27.1149    28.9743    23.2421   -8.44677    10.4745
    22.875     73.375    15.0986    4.60683   -6.63262     1.3089    24.7128    28.5305    21.6609   -43.0853   -8.11344
    22.875     73.625    -25.663   -32.2446   -8.74127   -2.16991    15.7782    17.5056     4.6661   -33.6066    9.93657
    22.875     73.875   -53.8004   -57.9603   -42.7802    3.74171    24.0127    23.1565    32.0097   -29.9556   -1.89234
    22.875     74.125   -28.7545   -36.4658   -18.5199     18.977    33.6584    37.3895    23.4705   -36.9027    20.2928
    22.875     74.375   -19.3998   -24.0978   -9.61394    28.0936    40.2943     43.798    7.70273   -32.8969    15.8598
    22.875     74.625   -11.9956   -19.7119    -22.432    14.3394     38.468    41.9151    19.6103   -37.9856    27.0664
    22.875     74.875   -19.1087   -13.8542    4.44181     20.912    45.9321     49.006    27.0696   -50.4698    58.5927
    22.875     75.125    -14.441   -8.78696    13.1048    25.0016    47.4627    52.9723    15.0335   -58.6235     58.453
    22.875     75.375    16.7999    1.10064     36.375    7.30872    42.4679    47.4443   -12.2224     -16.52    74.9753
    22.875     75.625   -7.17834   -17.7529    22.9691    -4.3035       24.5    29.6352   -17.4236   -72.4795    65.9048
    22.875     75.875    -9.3822   -13.8504    13.5154   -18.4403    10.5753    13.9513    3.48842   -60.2053    47.6451
    22.875     76.125    4.96795 -0.0402375   0.538709   -12.3886    3.27081    8.48574    4.24744   -36.2304    71.9407
    22.875     76.375   -5.24188   -9.34969   -7.44108   -25.0291  -0.601721    6.87707   -2.67602   -45.3683    42.4631
    22.875     76.625   -18.7894    1.98603   -8.29289   -8.98036    13.5505    12.7958    14.1584   -37.8251    38.3973
    22.875     76.875   -30.8384    4.08742    -23.967    12.7316     22.626    2.89487    6.71828   -80.6172    50.5127
    22.875     77.125   -30.4652    10.2579   -15.3651   0.924327    17.8265    3.75955    13.7243   -80.6804    42.6891
    22.875     77.375   -19.6834   -2.00858   -17.7031   -23.2732   -2.47683   -5.69186    19.3924    -53.596    22.3107
    22.875     77.625   -27.7378    7.34565   -48.8689   -29.1037      3.778    5.10202    15.9201   -79.5054    23.5979
    22.875     77.875   -18.4146    13.5304   -28.5888    -14.382    7.05502    4.65406    25.4231   -90.7841    36.4311
    22.875     78.125   -9.21709    17.5063   -16.9937   -3.22219    12.7106    2.67556    20.8692   -86.9083    46.1989
    22.875     78.375   -29.5784    21.2439   -30.3618  0.0495688    17.6519    15.0045    22.7122   -55.9399     16.682
    22.875     78.625   -51.6302    19.9007   -46.7362   -2.59565    15.4365    13.7511     21.485   -89.6938     4.4275
    22.875     78.875   -46.5516    24.0754    -47.851   -5.91513    10.0949    8.66449    19.2002   -98.0912    17.7935
    22.875     79.125    -22.761    25.0239     -36.83   -9.01139    1.03141    2.11429    21.8376   -96.6473    33.3567
    22.875     79.375    -27.425    17.9929    -40.186   -11.2145   -4.94868   -3.41064    17.2477   -78.4797     12.675
    22.875     79.625   -74.3427   -10.7718   -60.4293   -25.0874   -11.0917   -8.20867    10.5686    -64.836    6.77889
    22.875     79.875   -42.7328    28.2967   -47.3387   -17.8599   -7.09216   -5.40479    18.2632   -53.4217    13.4636
    22.875     80.125   -62.0115     21.074   -82.4166   -32.1294    -12.994    -10.316    6.79408   -99.7925    12.6632
    22.875     80.375   -17.2151    18.1608   -38.3641    -12.375   -2.10007    -1.3531    10.2006   -68.6407    15.7151
    22.875     80.625    -14.705    19.4736   -72.9278   -34.7841   -14.6649   -12.9356   -9.33951     -86.05    28.4393
    22.875     80.875   -2.36517    19.7417   -64.5373   -26.2496   -3.91582   -3.01944    -6.4862     -87.36     26.528
    22.875     81.125    1.63637    22.8304    -62.012   -35.4298    -11.319   -10.1753   -5.45761     -99.83    25.1921
    22.875     81.375   -24.6213    14.3264   -82.8983   -41.0084   -18.6381   -20.9519   -5.86619    -95.017    24.3368
    22.875     81.625   -29.4402    7.37394   -55.0069   -38.1053   -25.3214   -20.7257   -3.74105   -53.8706    31.8748
    22.875     81.875   -15.9113    14.5417   -75.2154   -39.2509   -14.4428   -13.8972   -10.5217   -76.0493    24.5144
    22.875     82.125    2.77047    11.4296   -65.9676   -68.1282   -32.7107   -30.1105    -22.144   -60.4153    22.1453
    22.875     82.375  -0.333717    11.4232   -69.1903   -58.6624    -27.083   -29.7766   -20.5226   -44.7667    20.0078
    22.875     82.625   -15.5015     12.744    -86.514   -60.0216   -27.8173   -24.8968   -12.4276   -29.1256    18.4868
    22.875     82.875    -15.356    19.0379   -82.4789   -60.8837   -32.7886   -31.1387   -8.17027   -41.3588    22.1904
    22.875     83.125    -81.475   -51.8217   -95.1465   -72.5495   -48.5149   -44.1597   -48.6797   -36.9998    35.6369
    22.875     83.375   -46.2788    8.83568   -93.5922   -58.0962   -24.4123   -18.0737   -8.30924   -52.2669    40.0203
    22.875     83.625    4.43278     15.773   -71.3405   -66.6984   -11.9008    -1.1017   -18.1535   -53.2363    44.0241
    22.875     83.875   -21.0164    3.14331   -60.6817   -79.4989   -31.5074   -24.9664   -9.26437   -51.7649    41.1272
    22.875     84.125   -38.1149   -26.7659   -60.1502   -67.6979   -33.5501   -33.8769    7.10579   -72.5775    24.4398
    22.875     84.375 -0.0684037    8.08503   -82.6378   -65.2898   -33.2984   -38.0678   -12.2978   -59.4637     29.684
    22.875     84.625    27.2375    12.4282   -91.2949   -50.7633   -17.9294   -26.3671    4.74891   -97.9692    40.7354
    22.875     84.875    4.31109     19.262   -55.4823    -15.549    11.1261    4.67482    62.4985   -30.5504    23.2804
    22.875     85.125     18.748    36.8746   -30.5242   -19.8517     11.759    23.5264    93.1533   -23.5496    57.1311
    22.875     85.375    22.2165    48.1838   -39.4204   -2.36351    23.9764    21.4796    84.3532   -63.3133    57.7987
    22.875     85.625    15.2078    17.7944   -37.4894   -13.6582   -0.43654   -6.41404     4.3331   -62.3774      39.52
    22.875     85.875    7.82616    18.1106   -20.2742   -6.25495   -4.10473   -3.74942   0.334077   -21.0795    58.2083
    22.875     86.125    1.20243    13.4064   -35.9114   -21.0139   0.608496    2.66909    3.64307   -9.33796    48.1214
    22.875     86.375   -1.25755    18.1183   -56.6572    -28.712  -0.666005    1.09926    1.73641   -3.03338    53.4001
    22.875     86.625    11.4471    16.7185    3.06401   -5.28284    10.8364    1.30592    10.4516   -15.3845    47.2634
    22.875     86.875    13.1897    18.7723    4.88193    1.21612     12.964    4.44471     9.3535   -19.0204    53.8697
    22.875     87.125    8.49592  -0.479251    27.5852    22.6887    38.8291    39.0033    3.97898   -13.4651    59.6275
    22.875     87.375     6.0972   -5.31075    21.8731    16.3984    36.6185    39.6767     2.8191   -3.01597    44.5987
    22.875     87.625    6.08307   -3.34697    17.2151    18.1144     29.169    27.4682    4.23936    1.40338    47.4993
    22.875     87.875    1.93252    2.75546   -4.15461    7.18041    2.45139   -5.95247   0.449993    2.95255    47.1304
    22.875     88.125    6.72465    29.6903   -5.71987    5.12389    6.68646    11.8802    59.3005    37.4399    58.1633
    22.875     88.375    8.79008    28.0281   -13.2638   -3.68673    6.63538    8.34903    58.9682    39.3555    38.3851
    22.875     88.625     8.0367    20.2092   -14.7682   -5.57386     3.3876    11.9272    60.1633    39.4352    39.2753
    22.875     92.625   -7.94703   -4.46981   -13.2398   -13.3484   -10.9891   -8.84671  -0.999633    24.0722   -19.2059
    22.875     92.875     39.722    45.3106    29.5358    23.5925    20.8939    21.2227    48.6911    50.9315    21.5661
    22.625     70.375   -7.25621   -15.7071   -44.2024    7.53149    23.0119    23.9961    16.2242   -21.6073     20.922
    22.625     70.625    14.1728    2.80457   -31.8277    14.6027    34.4166    36.2258     20.511   -9.12254    22.7366
    22.625     70.875     9.0031    -1.5122   -43.1548     1.4011    21.9757    23.7456    10.7911   -13.6529    21.6719
    22.625     71.125    21.7079   -4.81153   -34.0943   -1.08133    22.4643    24.9932    2.23674   -28.5102    20.6575
    22.625     71.375    1.37955   -2.67552   -38.5754  -0.337189    23.4413     26.424    14.3702   -4.90742    20.0512
    22.625     71.625    14.0322   -8.14793   -29.7471  -0.033578    22.4748    25.8411     5.2416   -2.32262    18.0187
    22.625     71.875    2.29525   -14.4326   -48.7303   -4.54049    18.1933    21.3718   0.904728   -48.5891    10.4232
    22.625     72.125   -7.44834   -15.1856   -59.3029   -6.48556    12.9253    16.0308   -3.33394   -92.2898    7.45082
    22.625     72.375   -2.45796   -7.75583   -48.3648   -4.46518    12.7412    16.3373    6.06254   -39.4061    12.6389
    22.625     72.625    12.3134   -5.67623   -25.1662    1.18274    19.3981    22.9064    12.8995   -34.7733    12.0757
    22.625     72.875   -21.5137   -16.9308   -71.6247   -7.12691    12.9289    17.3754   -2.96262   -11.6466    9.21359
    22.625     73.125     2.0751   -15.1206   -21.4503   -9.26923    13.5386     18.482   -3.96904   -12.1338   0.117905
    22.625     73.375    19.3446   -4.19865    18.2773   0.396213    24.0753     28.028    15.2683   -16.1144    18.2104
    22.625     73.625   -24.8426    -38.666   -14.6559    5.68044    23.0204    24.2402   -5.05485   -22.5429   -7.84612
    22.625     73.875   -47.3634    -56.148   -63.8787   -14.4586    10.9221      12.96   -10.4065   -26.6978   -4.98723
    22.625     74.125   -22.2066   -35.0715    -30.855    9.40797    38.2934    41.9683    21.4156   -18.7044    14.2365
    22.625     74.375   -25.8463   -22.6907   -42.5638    6.92597    34.0192    37.8707    23.2288    -24.617    15.9854
    22.625     74.625   -25.5202   -28.7859   -17.5175      12.16    34.7115    37.5641    16.6233   -30.7917    28.4385
    22.625     74.875   -26.4152   -30.6854   -11.7443    21.8018    48.4542    51.2462    17.9302   -49.5718    49.4259
    22.625     75.125   -13.8276   -16.7214   -5.12692    9.89672    55.7786    59.9956    24.2199   -31.9627    70.7979
    22.625     75.375    9.03549   -2.95644    30.0084    2.27801    34.0797    39.8674    17.8369    1.46327    75.3344
    22.625     75.625    -17.864   -22.9008    13.1323   -12.5692     18.012     26.592   -1.67531   -13.6481    77.1093
    22.625     75.875   0.738669   -1.51613    9.26455   -16.0992    7.99867    10.8098    8.78054   -32.4241    42.6284
    22.625     76.125   -1.03912   -2.99181    11.1953   -6.92996    14.2126    18.1582    9.89578   -37.7323    41.5841
    22.625     76.375   -7.48058   -5.15319    5.15895   -18.3222    7.81382    11.9633    11.3675   -46.6786    39.0662
    22.625     76.625    11.3661    8.07948    44.9484    15.6828     25.626    29.3433    10.0618   -21.2187    36.4668
    22.625     76.875    9.04546    15.6343    22.9926    18.8114    21.2795    15.9299    7.35701   -81.6384    34.3512
    22.625     77.125   -2.13599    18.6225    9.12871    19.9736    24.1019    16.5701    13.3793   -59.6121    34.2114
    22.625     77.375   -15.6748    13.2126   -7.18131   0.168654    13.2546    14.1016    11.4817   -33.9786     20.505
    22.625     77.625   -30.0635    13.5176   -19.2457    -7.2621    4.22744    1.82342    9.79361   -75.0252     20.199
    22.625     77.875   -12.0497    28.5979   -24.4012   -7.43644    16.2285    13.8781    23.3627   -98.6988    37.7278
    22.625     78.125   -9.82611     27.966    -19.789   -11.0368    14.0277    12.0096    29.4035   -97.8051    43.5399
    22.625     78.375   -24.3031    16.9885   -31.0699   -7.89796    15.5492     12.106    28.1321   -58.2379    26.4579
    22.625     78.625   -33.4968    20.3585   -55.5537   -17.6582    6.79753    6.06169    30.6935   -74.6078    5.03329
    22.625     78.875   -42.2707    23.2267   -51.8928    -8.6048    11.0726    11.5284    29.8633   -84.6414    12.2134
    22.625     79.125    -20.669    15.9093   -34.8901   -4.47055    12.3329    11.9562    19.6932   -66.6537     21.774
    22.625     79.375   -14.4975    13.4267   -30.9411   -10.4944     10.296    11.5528    18.5059   -63.7549    26.6693
    22.625     79.625   -31.6304    14.9107   -60.3186   -33.2733    -5.4681   -1.81796    8.82054   -68.3954    16.2522
    22.625     79.875   -25.7257    28.0707   -53.2551   -35.3304   -18.6005   -15.4908    7.85257   -49.4736    25.8059
    22.625     80.125   -7.40302    21.4954   -65.1878   -48.1571   -26.2746   -23.9801    8.69644   -89.7099    26.2203
    22.625     80.375   -22.5245    14.0693   -50.6856   -16.2841    -7.1104   -7.80213    9.93709   -75.2553    23.6309
    22.625     80.625   -57.8229    9.79194   -80.0734   -36.2753   -20.3548   -18.1262   -9.85594   -90.2379    39.3821
    22.625     80.875   -28.6459    18.7733   -89.7892   -38.5015    -17.051   -16.0869   -13.0146   -96.0156    35.1841
    22.625     81.125    3.49019    17.6096   -48.7995   -19.4334   -5.99177   -4.59832    1.57932   -99.1514    29.2978
    22.625     81.375   -18.8863    18.2337   -86.4996   -34.7946   -14.8176   -10.9164   -13.8354   -66.8483    25.6882
    22.625     81.625  -0.678463    6.50095   -45.6346   -19.6067   -42.3609   -37.6588   -4.10193   -35.8731    38.5625
    22.625     81.875  -0.751869    9.05737   -81.9082   -54.8262   -50.2287   -40.3679   -19.4726   -66.9576    41.4408
    22.625     82.125    -3.4221    9.61538   -67.7664    -58.268   -39.1232   -30.0858   -22.7704    -55.393    44.0853
    22.625     82.375   -15.3982    8.21323   -63.9788   -64.3053   -30.1982   -24.3417   -42.6244   -52.7363    34.6962
    22.625     82.625   -24.2201    3.31521   -85.2477   -60.7087   -24.5344   -22.4248   -27.1281   -33.1339    40.5909
    22.625     82.875   -53.2901   -19.7092   -90.7321   -64.0521   -33.4912   -29.6387   -35.7438   -36.6803    45.6067
    22.625     83.125   -53.1487   -14.7912    -84.333   -50.6226   -19.7416    -19.762   -29.3287   -16.3585    46.5717
    22.625     83.375   -37.4374    6.81119   -94.6847    -52.501   -20.1531   -19.1061   -18.7149   -42.3616      47.58
    22.625     83.625   -25.6435    9.48681    -86.113   -64.1675   -23.3736   -17.2494   -14.4521   -28.6316    49.1391
    22.625     83.875   -45.9317   -14.5761   -83.3368   -80.4052   -30.5125    -20.549   -25.3377   -24.4943    51.1867
    22.625     84.125   -1.65028    3.23964   -67.3919   -43.6939   -16.7599   -28.2492   -0.76363   -98.8295    41.3057
    22.625     84.375    15.3746    12.0958   -48.8417   -42.7903   0.400753   -20.5209   -17.5598    -72.785    41.9744
    22.625     84.625    3.91325    26.3096   -89.9871   -56.6632   -20.2125   -25.3204    37.1177   -84.1953    48.4542
    22.625     84.875    10.0034    32.6667   -67.4189   -37.6349   -3.52003  0.0456429    44.4237   -93.1008     75.964
    22.625     85.125    17.3047    44.8214   -36.4855   -16.7172     16.122    5.45334    30.6456   -57.1227    87.8101
    22.625     85.375    16.6456    17.4179   -39.3739   -21.9955   -7.38152    -10.291   -5.80623   -19.7916    70.8408
    22.625     85.625    11.7306    13.7067   -72.0251   -45.8754   -12.9115   -7.50515     6.8531    -17.425    57.3023
    22.625     85.875   0.248833    13.2572   -91.9353   -53.3209   -13.0197   -2.83562    11.5811    -17.453    68.8548
    22.625     86.125   -32.9646     22.989   -95.0743   -51.3069   -15.8853   -2.94605    16.1271   -6.02968    40.9008
    22.625     86.375   0.460393    15.0619   -36.5697   -8.07112    14.2671      9.525    7.50868   -5.03017     58.216
    22.625     86.625    4.94117    13.1077   -16.3352    17.3126    18.1776    5.06832     5.0085    9.92914    50.9135
    22.625     86.875    14.9613    10.3388     -7.934    9.92028    25.3715    17.5009    7.38945    12.4359    55.2711
    22.625     87.125    10.9716   -3.41527    23.2721    8.56473    41.6085     41.136     1.8201      2.685    61.5788
    22.625     87.375    3.22003   -9.13952    20.9776    8.66126    37.0567    43.9972   -1.04601    1.13057    51.7709
    22.625     87.625    6.73653   -4.21596     17.484   -4.31943    16.8162    13.2871  -0.418503   0.727557    45.4889
    22.625     87.875    7.22796    4.39062   -1.55063    -16.147    3.98312    15.7844    14.7007   -3.84655    40.7926
    22.625     88.125    23.6521    18.9303    6.61352   -2.98879    6.28102    10.8092     33.464    15.4266    41.9246
    22.625     88.375    11.3512    10.7898   -20.8645   -14.3148   0.381703    8.43059    42.3758    18.3002    22.9528
    22.625     88.625    5.69634    12.4529   -15.8903   -9.01395    1.06875    11.3237    43.9547     28.024    35.7964
    22.625     88.875     5.6305    16.6724   -14.6643   -8.59473     1.4342    10.4282    46.8182    29.3798    36.6771
    22.625     92.625   -6.59491   -3.06688   -10.5029   -10.2492    -8.6858   -6.70174   0.165572    33.5512    3.65806
    22.625     92.875    55.2588     60.365    46.4695     40.886    36.6553    36.6514    62.4722   -48.6934     45.877
    22.375     69.125   -59.5369   -61.9556    -58.463   -4.39759     9.3009    10.4459    38.5341   -85.4586    14.7672
    22.375     69.875   -43.4768   -49.3464   -45.4507    3.20103    17.8264     18.616    24.9092    -18.466    21.6186
    22.375     70.125   -30.3223      -35.9   -56.0801   -1.60295    19.1838    22.8073    3.57313   -16.5721    22.8629
    22.375     70.375    -22.698   -29.8958   -46.8828    5.73447    27.0686    30.3235    10.0505   -34.3579    28.5894
    22.375     70.625   -2.73028    -6.3975    -48.912    5.18454    27.9727    28.8156     19.425   -14.7983    24.8353
    22.375     70.875     3.9208   -3.58104   -47.3287   0.998317    20.3455    22.4032    15.5524   -14.9657    16.2158
    22.375     71.125    29.6648     4.0497   -14.5588    15.5753    34.3412    36.4126    22.9788   -34.6399    26.4224
    22.375     71.375    23.2255   -4.72631     -27.15    7.17338     27.663    30.4496    19.3744   -33.3989    18.6305
    22.375     71.625    23.7844    -6.3744   -21.3823    2.91473    21.2206    23.8158    9.48819   -52.3306    9.64696
    22.375     71.875    24.1249   -2.47443   -4.85646     12.072    19.1541    21.5325  -0.368686    -28.851    10.7059
    22.375     72.125   -3.85721   -9.99417    -72.499   -3.96875    14.0229    15.7897   0.870577   -84.7592      14.06
    22.375     72.625    -4.5155   -10.1026   -65.1722   -6.08448     13.703    15.6329     2.5003   -17.6023    7.44993
    22.375     72.875   -17.0873   -16.1616   -61.6832   -8.37048    14.5727    18.6775   -5.51539   -18.3932    7.30379
    22.375     73.125     -6.387    -13.011   -15.8599   -6.56954    15.4323    18.6273    7.59104   -13.0707   -4.20081
    22.375     73.375    -3.3829   -25.0656    1.42349    -12.506    13.2538    17.0499   -8.31473   -14.1802       9.95
    22.375     73.625    8.41116   -15.3494   -1.79682    2.94678    30.9475    35.1428    9.57629   -22.3127    42.5447
    22.375     73.875   -40.0795   -20.5013   -78.7476   -8.59503    18.9618    22.8809    39.5222   -21.2415    16.7479
    22.375     74.125    -73.748   -56.0697   -78.4334   -15.8133    15.5014     19.091    26.5826   -13.6497    32.7275
    22.375     74.375   -40.5985   -47.0879   -51.8373   -5.02107    26.8783    30.2865    12.1236   -23.3875    49.5805
    22.375     74.625   -61.2415   -66.0125   -53.5808  -0.804735    31.5288    34.1841    6.86978   -18.9767    46.5612
    22.375     74.875   -31.5051   -37.2696   -26.6188    7.07908    33.7584     34.715    7.73846   -32.2313    39.2177
    22.375     75.125   -11.0641   -18.3989    4.49234    26.1651     55.545    57.2683    22.3399    -10.976    46.5647
    22.375     75.375     11.421    1.41621    35.9287    32.0057    62.3937    64.0791    21.2208   -5.30752    80.3978
    22.375     75.625   -11.0908   -12.8407    4.82449    14.1332    57.7107    62.5788 -0.0811562   -19.7574    74.0794
    22.375     75.875    10.9797   0.551587    14.0991   -23.8173    9.06043    11.2631     20.501   -18.0297    42.9899
    22.375     76.125     5.7094  -0.754368    17.3701    -6.0539    17.9134    19.1458     17.416   -18.3438    38.8604
    22.375     76.375  -0.854569   -7.55745    14.9605   -19.7121    3.59324      6.262    26.3332   -37.4966     31.884
    22.375     76.625    25.7565    15.2726    58.3552    30.2823    38.7157     42.245    19.2269   -39.0883    35.2274
    22.375     76.875     9.9105    12.0877    32.5592      27.49    35.6595    37.7232    10.5408   -53.3755     31.651
    22.375     77.125    4.92866    13.6034    19.1039    24.1302    29.9778    29.0989    2.86399   -92.5473    28.2061
    22.375     77.375   -20.2816    12.3121   -7.56498    9.16363    24.5112    24.8636      13.59   -64.2364    26.3846
    22.375     77.625   -32.0082    8.69237   -17.4672   -6.77204    12.2351    14.3114    10.9289   -80.2417    20.8736
    22.375     77.875   -5.43884    29.0847   -17.1947   -14.7383    12.4298    16.0674    14.3353   -98.5898    29.6386
    22.375     78.125    -13.526    23.1511   -54.8789   -55.9329   -19.5386   -13.1241    3.87836    -98.698    17.9777
    22.375     78.375   -24.0712    13.3966   -35.4157   -24.0524    6.30788    5.60689    1.33778   -74.4168    18.0586
    22.375     78.625   -49.6013   0.943248   -58.8597   -23.3169    2.89578   0.931515    6.99391   -52.3186    14.3134
    22.375     78.875   -29.6227    18.9171   -55.3727   -27.4627   -0.66161   -3.08931    11.1801   -50.0349    27.7978
    22.375     79.125   -20.0467    9.85271   -39.3465   -26.2224   -3.99496   -6.19081    12.8626   -38.6136    46.3757
    22.375     79.375   -9.27732    9.26317   -28.9738    -24.627   0.742341  -0.494862    14.2357   -49.8827    46.2489
    22.375     79.625   -12.6806       11.4   -49.3144   -36.7649   -8.38664   -4.20384    10.3195   -70.5469     21.355
    22.375     79.875   -3.97817    22.5224   -35.9446   -37.7367   -23.3519   -20.1742    8.53457   -77.6507    27.1921
    22.375     80.125     4.5902    21.1156   -55.8525   -48.3667   -31.9499   -29.2407    8.51429   -95.6534    32.5239
    22.375     80.375   -10.7775    21.2148   -37.3948   -12.5611   -3.75243   -4.51788    10.2942   -76.2901    31.2782
    22.375     80.625   -5.02745    17.3814   -38.3763    2.54427    5.89129    1.26197    7.94709   -75.2134    35.3529
    22.375     80.875    -12.638     17.036   -40.6768   -7.41892    0.19806  -0.768836    7.36237    -73.206    35.6074
    22.375     81.125   -4.78924     13.209   -70.8023   -49.9479   -29.6371   -23.8617   -13.3452    -83.989    52.6567
    22.375     81.375    15.0469    18.2532   -29.2545   -11.0417   -10.7694   -10.1825  -0.340618   -61.4366     52.443
    22.375     81.625   -1.28851    9.33503   -82.5117   -53.0714   -37.2865    -41.934   -17.8633   -70.5502    52.0453
    22.375     81.875    2.37499    12.2672   -66.3009   -72.2787   -35.3156   -30.7557   -18.0021   -43.7934    52.3421
    22.375     82.125    -6.5551    10.3289    -79.212   -59.0597   -39.9173   -30.9046   -29.3591   -52.1661    41.6121
    22.375     82.375  -0.234283    14.3199   -78.5724   -56.0268   -42.9468   -34.2246   -26.8168   -56.1393    34.3404
    22.375     82.625   -26.3365    2.53227   -89.6703   -36.9799   -11.2119    -20.283   -21.0091   -54.5516     41.063
    22.375     82.875   -38.4071   -11.7641   -92.7721   -39.0349   -9.60081   -19.1748   -19.5115   -39.6211     57.006
    22.375     83.125    -27.534   -0.77938   -87.0194   -55.8474   -18.7208   -16.4257   -19.8513    18.3963    56.4095
    22.375     83.375   -37.2684     2.8728   -92.8472    -67.447   -34.3089   -32.1894    -35.264    14.2852    59.3934
    22.375     83.625   -30.4765   -1.86406     -88.57   -63.3458   -26.4461   -26.7312   -22.7577   -8.22459    60.3613
    22.375     83.875     13.748    14.5688   -38.3163   -35.6587    -17.153   -19.2361   -14.6911   -39.4301    76.8654
    22.375     84.125     18.749    17.7353   -30.3618   -1.80238    17.1646    2.51253   -16.2638   -53.3099    62.5544
    22.375     84.375    18.0105    52.2735   -22.6705    9.60985    31.3662    29.3725     37.634   -59.3295    47.1753
    22.375     84.625    14.5835     58.976    -48.373   -5.75163      24.15    24.1958    43.0191   -73.4498    54.7906
    22.375     84.875    11.2764    56.9371    -39.346   -9.00909   -4.55171   -1.30273    45.4783   -77.8492    76.9713
    22.375     85.125    16.2576    50.1103   -28.9567   -1.92349    8.76359    3.22598    17.2805   -71.9406    90.2084
    22.375     85.375      15.14    28.9709   -13.2342   -1.47682    -8.2513    -19.356    19.4262   -43.3705    74.1061
    22.375     85.625   -25.9698    7.90095   -62.9172   -32.3501   -6.73202   -2.71782    19.0908    -27.172    46.8052
    22.375     85.875   -26.2863    12.8308   -98.3641   -62.4656   -24.1635   -4.81398    7.39835   -6.61815     54.106
    22.375     86.125   -19.0975    17.2337   -99.1908   -67.3564   -28.8436   -6.79575     14.224    -7.3561    60.1443
    22.375     86.375    7.76253    14.1702   -12.6446    16.9876    33.2547    17.4783    2.10563   -20.5905    76.3591
    22.375     86.625     13.762    12.0546   -18.2951    6.77936    29.4638    14.7427  0.0342263    5.58232    53.1453
    22.375     86.875    15.8823    1.10545    13.5993    11.9488    41.2159    37.1901    6.50324    5.66018    62.5935
    22.375     87.125    15.7196   0.726546    14.9829    6.34664    41.2087    41.8058    4.64926    1.60924    55.5567
    22.375     87.375    1.08578   -7.91547    12.0853    8.38121    25.5443     31.132   -5.62823   -1.64502    42.4464
    22.375     87.625   -2.21754   -7.11137    6.74867    11.3258    26.9506    32.5926   -6.55269   -1.57547    41.7765
    22.375     87.875    9.29557    4.76957    9.67362   -2.49752    14.7027    8.26125   -1.04237    4.13231    42.6767
    22.375     88.125   -21.2242   -4.31702   -22.6524   -12.3799  -0.553484  -0.731507     9.4126    17.7103    25.4628
    22.375     88.375    5.82039    9.79155   -15.4103   -12.6387   0.383525    7.38164     33.242    17.6732    26.0118
    22.375     88.625    9.30947    12.3586   -13.9941   -10.3523   0.896088    8.19672    37.7855    21.2633    30.8081
    22.375     88.875    4.91493    13.8308   -17.9692   -12.6313   0.163698    6.61272    41.6335    21.7898    32.2567
    22.375     92.875    68.1155     74.123    55.4134    47.2532    41.1841    40.8946    77.6569    -86.616    57.7989
    22.125     69.125   -71.0638   -68.1459   -53.7729   0.943163    17.9958    20.8126    44.5985   -59.7635    22.6499
    22.125     69.375     -51.58   -58.2583   -40.8408    9.85964    34.4321    39.6914    26.0976   -46.9396    34.7238
    22.125     69.625   -46.8813   -53.8865    -39.494    12.8303    35.6017    37.4082    17.0181   -37.2646    30.7295
    22.125     69.875   -27.3111   -32.9398   -32.8093    14.8619    36.3983    38.1903     25.557   -6.45743    40.2072
    22.125     70.125   -13.2871   -19.2499     -22.31    20.7594    37.6783    38.7391    24.7908    10.2751    35.1839
    22.125     70.375   -7.44267   -20.9389    -30.536    12.4563    35.2349    37.4255    22.5874   -5.97987    32.6751
    22.125     70.625   -10.6863   -24.1733   -42.0625     5.3977    31.6635    34.7561    20.7033   -19.6675    25.2304
    22.125     70.875    5.65507    -6.3758   -33.0692    2.88583    20.0209    21.6253    26.6357   -19.1175    19.8439
    22.125     71.125     -31.01   -38.4751    -55.517   -11.1062    7.75072    10.5635    6.92362  -0.929682    24.2347
    22.125     71.375    22.5729    1.98895     -26.47    10.5176    33.2331    35.3889    7.54958   -1.49794    22.1638
    22.125     71.625    38.5856    5.07015   -12.4236    13.5907    27.1637    30.1238    3.81491   -14.6984    15.1225
    22.125     71.875      13.29     -2.763   -33.4699    3.45625    18.8365    21.8877   -4.23742   -19.2781    10.8607
    22.125     72.125   -1.48797   -10.6906   -69.6281    -9.3228    8.35464    10.3366   -13.5411   -51.8015    7.80757
    22.125     72.625   -10.3374   -8.51094   -68.7341   -13.5686    10.1425    12.1296   -7.28266   -36.8015    12.3346
    22.125     72.875    5.74277   -8.28529   -36.2545   -10.3411    16.4898    20.1265    2.52536   -46.9304    23.1446
    22.125     73.125   -16.8166    -42.295   -51.0696   -8.18269    22.9057    26.8225   -10.1218   -29.8065    22.0688
    22.125     73.375   -13.3012   -29.4049   -22.1242    11.6817    34.7752    36.2888    17.7206   -26.2248    28.2757
    22.125     73.625   0.510307   -12.1729   -2.19467    22.2127    45.5853    46.3284     32.908   -62.9967    40.4743
    22.125     73.875   -33.3133   -36.5971   -34.8121    20.8437    44.8682    45.8613    45.9648   -64.6455    60.0412
    22.125     74.125   -23.6408   -23.8314   -26.2571    32.8327    58.3007    60.2066    46.3103   -57.4183    54.6194
    22.125     74.375   -52.0106   -59.8642   -37.4413    13.4579    40.1312    41.9787    1.04625   -33.1516    58.8229
    22.125     74.625   -87.7741   -88.2582   -77.9338   -17.9933    14.5125    17.1701   -15.4904   -15.0512    63.7267
    22.125     74.875   -11.7489   -18.8027   -16.0771    9.53832    40.0074     41.592    10.5088   -38.3707    43.4005
    22.125     75.125     6.0165    1.56985    16.0636    11.8261    33.4314    34.6068    18.4379   -63.9674    22.5094
    22.125     75.375   -29.3708   -27.7105   -20.4339   -10.0272    26.8373    28.7592   -6.99431   -51.6381    17.8487
    22.125     75.625   -18.4377   -15.6685   -7.19496    3.21106     28.598    31.4914    27.1099   -20.3286    36.2678
    22.125     75.875   -13.0719   -9.49472   -4.50044   -0.96965    28.6782     30.585    41.6157   -12.0385    45.5297
    22.125     76.125   -29.5608   -16.1643   -1.73677   -1.00437    19.9401     15.347   -10.5184   -43.7104    37.8778
    22.125     76.375   -38.0574   -14.8859   -25.9211   -19.0575    7.59268    8.37669    -3.3841   -55.4915    40.0203
    22.125     76.625    -3.1509    4.71207    14.6664    15.4028    27.1968    30.0275    10.3094   -51.5235    47.6122
    22.125     76.875    5.32153    4.08473     30.827    31.5066    37.1797    40.6494    3.91637   -44.2497    32.6766
    22.125     77.125   -2.62318    7.38857    4.86593    15.5325     26.396    28.9492    11.9204   -54.7125    26.2835
    22.125     77.375   -7.99335    11.5739  -0.653969    5.57835    25.9005     28.655    15.0687   -36.4231    25.4044
    22.125     77.625   -16.2656    10.8666   -9.10342    2.62323    33.5364    35.7486    8.57545   0.107282    29.1227
    22.125     77.875   -11.9616    15.7855   -12.9367   -8.68066    20.5333    23.9681    7.08433   -21.8398    31.8673
    22.125     78.125    -30.496    15.4549   -60.6206    -46.753   -7.41959   -4.92444   -6.50804   -81.5922    20.9605
    22.125     78.375   -36.9113    3.90963   -50.0204   -28.0059    1.49264    2.57936   -7.81883   -61.7688    21.8527
    22.125     78.625   -64.8961   -4.22011   -73.3886   -42.1361   -12.4105   -21.9283    2.93238   -64.4379    31.7438
    22.125     78.875   -25.6478   -1.20448   -26.5401   -18.7362    6.06802    5.04595    11.8725   -55.7146    34.5594
    22.125     79.125   -25.7431   -2.31774   -54.0198    -36.762   -15.0586   -12.1864    4.86958   -28.4632    38.2175
    22.125     79.375   -38.8617   -5.04924   -69.3202   -55.4393   -32.1431   -28.3723    2.32794   -42.5748    39.0809
    22.125     79.625   -13.6299    9.25075   -54.2069   -43.7626   -15.2288   -11.9968    7.75146   -80.5314    28.3734
    22.125     79.875   -5.93131    15.9221   -26.1188   -17.2971   -6.68419   -6.02642    13.0042   -32.5207    23.2044
    22.125     80.125  -0.927883    19.3146   -31.9487   -21.8002   -7.22275    -5.6208    14.0568    -55.691    47.2126
    22.125     80.375   -12.7063    16.8313   -54.6688   -22.6191    -6.3747   -12.1462    9.38671   -50.6404    52.9136
    22.125     80.625   -4.77541    19.8573   -36.6112    4.55257    7.57296    2.82826    14.5778   -58.5942    32.6424
    22.125     80.875   -57.4989   -8.27494   -70.9485   -22.4958   -11.1329   -11.0807   -17.1816   -57.5852    38.9661
    22.125     81.125   -38.7257   -8.73559   -87.7245   -63.3604   -31.8181   -27.6024   -42.4608    -44.294    57.3505
    22.125     81.375     16.964    29.1889   -72.9991   -28.4286   -15.5393    -32.347    1.29695   -62.9008     48.389
    22.125     81.625   -4.62798    4.66048   -77.4371   -16.7912   -10.2507   -41.9435   -20.2012   -75.6831    46.4371
    22.125     81.875    4.52489    12.2087   -62.9806   -20.0207   -12.7958   -33.5724   -21.0559   -61.0231    46.9367
    22.125     82.125    2.57801    13.0016   -78.0755   -46.1257   -37.7411   -44.4786   -24.9715   -51.8738    29.2031
    22.125     82.375    4.62068    15.1459   -75.4306   -30.2721   -37.4862   -46.4131   -20.5568   -45.5165    36.4567
    22.125     82.625   -23.0619    3.54415   -83.4361   -56.7808   -22.0576   -15.8921   -17.9116   -46.8674    40.9674
    22.125     82.875   -35.9808    1.95312   -93.4471   -30.6247   -6.34607    -13.071    -17.475   -27.6814    58.7627
    22.125     83.125   -6.52545    6.54251   -83.6698   -38.3398    -7.1975   -11.3188   -20.2561    25.3962    65.0021
    22.125     83.375    4.88715    16.2415   -77.9758   -51.3394   -15.1411   -11.5362   -15.9679    38.3572    55.0891
    22.125     83.625    18.9167    28.7563   -47.1304   -25.9654    4.09864     1.6111   -10.9859   -11.8217    41.7002
    22.125     83.875    28.4166    29.9124   -29.2095    1.19619    43.9373     47.281   -14.8837    -46.699     72.816
    22.125     84.125    27.9519    23.3106   -37.1275    34.2864     52.424    57.8134   -18.8343     -68.41    70.4517
    22.125     84.375    19.9882     24.352   -30.7465    22.9895    42.0722    42.6414   -27.3313   -76.5287    67.6205
    22.125     84.625    24.6741    81.1056   -16.2311    31.5734    50.4147    44.3027    18.4718   -52.0332    85.0746
    22.125     84.875    26.8436        100    1.85262    20.2047    27.1984    37.3075    72.4104   -69.9418    95.2412
    22.125     85.125    15.1011    63.3981  -0.459771    12.0246     14.536    22.8258    33.6131   -56.3727    92.3818
    22.125     85.375    6.15295     64.636   -14.3689    2.66335    16.9375    28.8577    47.8967   -64.3663    94.2535
    22.125     85.625   -32.0712    33.4514    -53.014   -17.4505  -0.354631    16.2601    37.9133       -100    61.2548
    22.125     85.875    -43.633    38.8703   -70.7382   -24.3935    7.00093    24.6473    37.7553   -83.1918    56.4195
    22.125     86.125    14.9011    53.2609    17.2344    27.5062    42.1422    35.3534 -0.0642371   -42.4783    46.9178
    22.125     86.375    16.3089    36.0297    3.32699    15.4754    32.0568    24.9426    9.71466   -37.8607     56.839
    22.125     86.625    17.4311     16.472   -8.95829    7.96544    27.4368    19.0036      7.605    15.7568    51.1019
    22.125     86.875    21.5781    17.4645    16.5734    4.88635    43.9221    36.4015    3.27361    2.18623    67.2438
    22.125     87.125    21.0215    6.90335    17.4656    5.78403     41.704    38.8043    8.29308    4.55086    63.8693
    22.125     87.375    9.33551    3.27419   -1.94448   -3.15138    16.5122    29.3778  -0.585752    1.22188    42.7847
    22.125     87.625    14.4051    6.13645   -7.24769   -13.8709    10.8971    25.6454    1.12551    3.42141    39.3757
    22.125     87.875    19.0117    9.19932   -10.9652   -32.6562     12.491    19.4293    6.14371       3.89    52.2795
    22.125     88.125    15.5402    4.73558     17.738  -0.325125    11.1209   -5.73086    12.6123   -4.91456    39.5936
    22.125     88.375    24.1394    22.9497    1.60954   -3.57424    4.42527    4.38319    40.2401    17.2504    29.5744
    22.125     92.875    90.9041    90.8346    87.4133     83.141    79.6339    77.9899    90.8507   -97.6019    82.5033
    21.875     69.375   -56.5815   -64.6718   -32.4715    26.6763    51.7537    54.2747    37.3549   -58.1717     46.683
    21.875     69.625    -52.693   -62.0708    -37.666    15.1516    38.3896    39.9925    32.7912   -58.0559    46.5593
    21.875     69.875    12.0688    -8.8296    -15.399     6.0489    29.4247    30.3135    27.8417   -64.5792    34.9436
    21.875     70.125    3.21498   -16.3056   -18.6888    11.3282    30.2839    31.8376    29.5091  -0.678495    31.3695
    21.875     70.375    5.16538    -8.9112   -22.1377    11.7263    31.9301    33.4831    28.2148   -25.0785    34.5216
    21.875     70.625    7.84075   -7.09013   -22.3859    6.42382    26.2299    27.9959    29.3917   -9.53565    37.3077
    21.875     70.875   -21.8415   -30.5271   -57.2321   -10.5938    10.6288    13.1783    8.20563   -7.83743    20.4062
    21.875     71.125   -5.56408    -20.171     -51.05   -12.7021    10.7235    13.9482   -3.93062   -1.17983    15.9637
    21.875     71.375    25.3276   -2.67104   -23.0781    7.05176     28.898    31.1378    12.0082    1.94456    16.5225
    21.875     71.625    28.3404   -2.05047   -19.2606    13.0617    34.0005     35.973    13.5159   -3.66303    18.9432
    21.875     71.875    13.4387   -7.35428   -32.1711    7.17111    28.4641    31.1537    4.79934   -2.66542    22.5002
    21.875     72.125    25.9018   -14.0175   -39.0078   -13.0421    4.18953    5.94598   -8.81155   -24.0928    5.45877
    21.875     72.625   -50.9768   -50.4467   -82.8039   -26.4266   -2.90491   -1.58924   -75.1357   -2.19238    4.29023
    21.875     72.875   -1.89111   -16.9365   -21.9468    21.8221    46.7338    48.2382    27.9329    19.2229    34.6254
    21.875     73.125    18.2128   0.708069   -18.1354    13.3025    33.2838    33.5423    15.5345   -19.8975    21.0571
    21.875     73.375   -24.2014   -21.9437   -41.4469    11.9094    33.2771    33.6228    9.23757   -60.2791    47.6318
    21.875     73.625    -24.535    -23.931   -40.9168    6.55254    29.0342    30.1128    8.42113   -63.6432    46.4273
    21.875     73.875   -35.2509   -40.3278   -33.2853    13.0098    33.7873    34.5502    12.1356    -42.985     45.701
    21.875     74.125   -78.2667    -90.088   -46.2786    17.0942    48.4654     51.122    4.74535   -45.8667    60.9862
    21.875     74.375   -41.3654   -57.6959   -30.4021    4.62922    32.6646    35.5217   -22.0885   -33.5244    73.5547
    21.875     74.625   -18.9436   -30.9622   -17.3311    7.03095    30.8841    33.3024    8.10354   -36.9337    64.2742
    21.875     74.875    7.30958   -3.20685    7.16849    16.3952    46.5855    48.2167    -4.2877    -42.926    77.3532
    21.875     75.125   0.794185   -2.10569    8.44693    8.22209    33.9547    36.5724    16.8556   -48.2305    21.3122
    21.875     75.375    2.47527    15.7885   -3.94903   -12.3681    19.5619    22.1334     12.144   -56.4076    12.8231
    21.875     75.625  -0.109252    12.9008    -16.253    -11.729    21.0281    23.2633   -4.95351    6.40428    8.58783
    21.875     75.875   -18.5219   -2.46979   -16.7336   -8.97938    23.0842       25.9    21.7935   -11.6471    16.3631
    21.875     76.125   -8.00052    9.78739   -6.12232   -7.33781    17.1562    18.8467    18.9514   -69.3462    19.7224
    21.875     76.375   -18.7383   -3.75715   -8.44206   -12.3264    9.36591    12.3135  -0.798806   -47.3505      34.73
    21.875     76.625   -16.2359   -3.29641   -8.52282   -9.70086    12.4195    15.6665    -3.9196   -57.6227    49.1064
    21.875     76.875   -6.07728    1.78844   -2.64602    11.5601    29.1924    32.0514    15.1353   -39.0906    49.4498
    21.875     77.125   -5.58111    5.70157   -6.34767    8.49926    19.3621    20.8748     15.078   -46.2029    33.2555
    21.875     77.375    8.10742    15.0765      16.28    10.9669    23.0657    25.0859    13.5081   -43.0017    20.7272
    21.875     77.625    -18.972     10.345   -17.6443    3.97531    22.9673    26.2027    3.43426   -21.6663    32.5934
    21.875     77.875   -11.8383    13.1363   -15.4561    -2.1313    18.1469    21.3174    2.83445   -14.0583    36.8245
    21.875     78.125   -1.30328     13.338   -41.3805   -24.0918   -2.09793  -0.458677   -4.49945   -19.5655     30.685
    21.875     78.375    2.51697    12.2531   -55.3962   -33.2862   -8.86448   -6.35903   -4.48878   -40.4269    42.0554
    21.875     78.625   -21.2787     9.2187   -77.2774   -64.0718   -24.2442   -25.3569    3.21046   -84.3612    37.4342
    21.875     78.875    7.15364    4.95312   -35.0853   -39.2592   -6.55494   -2.51409    11.0877   -63.0595    48.4917
    21.875     79.125   -7.37654   -2.78007   -43.7158   -53.2818   -19.0863    -10.841   -3.42125   -31.8997    34.5273
    21.875     79.375   0.582194   -1.37686    -26.715   -19.0666   -2.64404    1.85808    3.89777   -16.3084    26.1007
    21.875     79.625   -1.01711    19.4532   -35.0892   -26.1342    -8.1419     -5.665   -2.28517   -25.7592    33.0896
    21.875     79.875    -6.6507      15.59   -42.7255   -32.3919   -12.3842   -10.0117    6.01744   -40.7333    30.7907
    21.875     80.125  -0.127828     18.244   -37.7293   -19.9675  0.0764663   0.132133    8.47571   -45.6544     54.678
    21.875     80.375   -5.50091    21.8675   -57.3977   -27.5417   -12.4763   -23.9266   -4.27841   -10.7145    54.1541
    21.875     80.625   -33.4027    8.23525   -78.6801   -38.0528   -9.71057   -10.6371  -0.803544   -44.7765    52.2525
    21.875     80.875   -55.0237   -31.2266   -90.1012   -61.7296   -30.7896   -22.0217   -13.5337   -39.7557    74.0433
    21.875     81.125   -20.9602    3.57889   -78.6122   -62.9821   -34.3307   -33.7388   -29.8272   -47.7854    70.1508
    21.875     81.375    6.11428    8.01319    -50.592   -46.6541   -33.1121   -41.3463   -16.2037   -53.5283    42.2894
    21.875     81.625     10.468    16.1982   -66.6542   -32.6448   -33.8941   -39.0232   -23.1588   -71.5209    38.4588
    21.875     81.875    3.76652    16.2785   -84.5432   -47.6909   -27.1845   -35.4867   -32.0083   -48.6323    34.0322
    21.875     82.125    9.16006    10.4097   -75.9683   -46.4479   -26.6251   -34.8326   -24.6033   -35.5502    22.6406
    21.875     82.375   -2.03917    2.45842   -75.9255   -62.0462   -36.6479   -31.4831   -9.27083   -22.1731    35.0176
    21.875     82.625   -22.2522    1.91396   -75.3483   -57.0278   -24.9359   -17.0014    -14.135   -47.2828    43.9274
    21.875     82.875    -16.597    3.46787   -80.4006   -25.8813   -4.39027   -18.1119   -19.5421   -39.9006    44.2986
    21.875     83.125   0.426243    4.83968   -58.6686   -36.0925    -9.0384   -16.3526   -11.8957   -1.97612     42.361
    21.875     83.375    7.38406    9.02934   -64.4777   -49.5175   -7.26517   -0.45499   -12.1152    16.1861    55.4323
    21.875     83.625    2.92303    13.5311   -47.8873   -2.81326    21.9572    21.3564   -5.68107    18.9156    53.8426
    21.875     83.875    15.0081    25.0781    -5.3871    8.80935     28.481    30.9176    -8.2107   -37.5337    47.4859
    21.875     84.125    21.5842    16.9511   -34.2948    12.2729     32.319    37.7519   -16.0087   -52.8948    46.4299
    21.875     84.375    30.3718    31.3033    -25.364    25.3891     38.154    33.0853   -8.89692   -45.7259    87.3981
    21.875     84.625    23.5775    28.6818   -41.5301    12.7883    17.6185    19.0802    4.57692   -43.4835    94.7945
    21.875     84.875    16.7354    81.4915    1.20016      17.18    30.6956    38.1463     44.316   -36.2212    78.6156
    21.875     85.125    17.7851    59.8024    2.54424    10.7365    12.1069    21.9133    37.6621   -60.6922    92.8258
    21.875     85.375    12.6937    57.7589   -7.00518     9.0754    20.9907    32.7037    49.6195   -43.6305    86.7747
    21.875     85.625    18.1699    74.5853   -27.7857   -5.65212    23.2473    40.1447    35.6057   -39.9496    67.7655
    21.875     85.875    22.9764    63.9687   -14.8293   -4.24347    27.4849    46.5215    50.9167    -32.856    68.2168
    21.875     86.125    21.6737    68.3024  -0.187745   -2.53464    19.8483    24.1845    17.8506    -73.835    43.6589
    21.875     86.375    19.1998    34.7067    -19.016   -35.5439   -5.50457    2.12311    7.49996   -27.1655    48.2086
    21.875     86.625   -1.31484     15.082   -89.9444    -61.998   -20.2251    -4.4434   -5.68255   -64.6025    30.7755
    21.875     86.875    10.2925    12.0853   -50.7887   -40.7922   -9.26975   0.948751    1.12344   0.271193    44.6695
    21.875     87.125    22.6459   -7.88416    5.06073   -7.38877    18.0212     10.771    2.46091   -10.9144    48.0266
    21.875     87.375     23.729    27.3255    5.01493   -13.8041     5.8517   0.757607    3.63306   -10.5636    34.9524
    21.875     87.625    22.6909    55.0581    5.85067   -6.52698    18.5568    25.2668    2.27444   -2.14149    38.3126
    21.875     87.875    20.2531    33.0765   -7.37149   -16.6751    11.7216    17.7383    5.22118    4.27091    50.3379
    21.875     88.375    13.9289    22.4217   -8.67285   -10.0821    3.59883    2.61198    38.0507    16.3841    24.3077
    21.875     88.625    15.2449    19.9984   -6.42789   -8.96051     4.1919    2.73805    37.1574    16.3721    24.3082
    21.875     88.875    13.3608     18.982   -8.70115    -10.319    3.65273    3.09907    37.1339     16.418    24.3136
    21.625     69.875    10.6806   -12.6584    -17.252    -1.7235    21.7742    22.8865    26.4002   -68.3419    24.2941
    21.625     70.125   -2.44565   -19.8325   -15.9347    5.49184    23.1653    24.9569    26.6008   -42.6295    26.7767
    21.625     70.375    18.7429    -2.3234   -23.4027    3.79111    23.3084    23.3557     31.663   -4.13534    26.9338
    21.625     70.625    7.60297    -5.3347   -31.6186    2.45401      28.11     31.207    34.5622    3.51853    33.9693
    21.625     70.875    25.9255   -6.00956   -16.6506  -0.251158    22.2449    25.8115    7.93557    10.0172    19.3156
    21.625     71.125    23.5583   -6.88101   -18.1534   -2.26209    20.6307    24.0201    7.69073    4.68317    15.7855
    21.625     71.375    35.7484   -3.41443   -16.0941    12.0026    36.0814    37.8926    34.4773    4.74164    25.7233
    21.625     71.625    30.3437 -0.0788131   -12.9507    15.6022    36.5576     38.549    19.9815    3.69032    23.2963
    21.625     71.875    23.2672   -4.30189   -20.8335    9.25988    31.7193    34.5319     8.6697    2.11194    22.5151
    21.625     72.125    21.2556   -11.0854   -34.4421   -11.9544    14.4155    18.3226    1.10502    6.77061    17.3411
    21.625     72.875    18.9778  -0.850854   -22.0364    13.1746     38.267    39.4223    23.2359   -32.7312     39.825
    21.625     73.125    24.0277    6.53262   -28.4897    12.2944    34.2878    34.8115    26.8338   -58.5499    23.9828
    21.625     73.375    5.42068   -5.54059   -36.9675    11.7723    34.9587    35.2112    11.8727   -40.0911    44.5794
    21.625     73.625   -5.80451   -1.49568   -27.0463    7.96643    33.1562    33.9767    11.7785   -30.5424    49.9858
    21.625     73.875   -65.7699   -45.5354   -44.5721    4.29595    20.8939    22.3639    7.74993   -36.2988    30.0938
    21.625     74.125   -84.6216    -53.665   -61.9452    -1.4499    27.1496    31.1221   -11.8686   -58.3694    41.5919
    21.625     74.375    -79.066   -66.4689   -47.0231    4.80137    25.8013    28.7222   -25.6211    -22.558    37.9333
    21.625     74.625   -50.4315   -42.9889   -28.9045     12.768    38.3946    44.3035    2.85263   -30.5775      58.28
    21.625     74.875    10.5817    4.09283    3.65493    17.6275    41.7127    46.2913     23.765    8.71756    43.7129
    21.625     75.125    23.4859    17.1007    20.7973    14.0424    47.7583     50.665    32.6056   -37.2852    62.8466
    21.625     75.375    20.6832    22.3656    12.2833    3.02565     40.368    43.8575     29.279    -34.992    5.09263
    21.625     75.625   -12.1077     9.2111    -27.348   -3.79834    26.1642    28.1429   -8.02096     6.5211   -3.91624
    21.625     75.875    -1.4563     9.1075   -8.38254   -5.11999    24.6381    27.0695   -11.4836   -22.8803    10.3239
    21.625     76.125 -0.0169829    10.4133   -8.62925   -13.4149    13.8231    18.0975    23.8901   -91.1265    11.7289
    21.625     76.375   -3.20888   -10.0517   -17.9012   -19.7399    13.6052    17.5258    2.09772   -60.4118    19.4535
    21.625     76.625   -27.3256   -19.0667   -33.3903   -31.2687    1.90289    5.58874   -17.3812   -64.2585    33.9097
    21.625     76.875   -45.8332   -18.1023   -39.6192   -16.7037    4.33227    7.27444   -3.91856   -62.6946    54.5176
    21.625     77.125   -13.9803    2.45912   -12.3304    1.39681    16.1953    18.0846     12.157   -49.6244    44.5933
    21.625     77.375  -0.404555    8.98386    2.64977    10.1059    19.3654    21.3197    14.6793   -25.5035    46.9241
    21.625     77.625   -39.3362   -19.6542   -10.7501    12.9078    28.6017    31.5447    8.12097   -42.9601    58.9172
    21.625     77.875   -21.5844    7.31452   -27.8107   -8.99695    11.3948    14.7146     15.897    -49.069    39.9145
    21.625     78.125   -25.5295    3.68791   -23.3908   -4.82566    14.3326    16.6789    23.6478    -56.732    37.0879
    21.625     78.375   -10.7616   -8.68797   -8.76115    7.32826    38.3511    41.8927    41.6314    -57.722    57.6575
    21.625     78.625    -28.126   -6.48202   -71.9572   -56.4932   -10.3348   -5.03138    16.6125   -71.5357    54.7931
    21.625     78.875   -24.2414   -12.8116   -53.4553   -37.6139   -3.43978   0.984406    8.27534    -72.939    59.3908
    21.625     79.125   -16.3137   -9.12107   -76.2898   -54.2562   -5.82515    1.73857   -10.6228    -60.756    28.4183
    21.625     79.375   -16.7606    2.46031   -76.4398   -46.0083   -12.7876   -7.73578    11.4556    -38.861    13.4414
    21.625     79.625   -5.05124    15.7138   -41.3512   -35.1908   -15.4118   -13.9371    2.28649     -26.66    29.3081
    21.625     79.875    1.89149     15.082   -42.6314   -43.4081   -19.1062   -17.1946    1.45754   -6.07137    29.0039
    21.625     80.125    8.21633    14.9375   -24.3582   -19.0043   -3.50451   -2.43806     8.9755   -12.8871     43.319
    21.625     80.375   -9.20056    16.7084    -33.953    -13.322    1.92305  -0.223384    4.72424    -8.3573    47.8455
    21.625     80.625   -58.0183   -26.6763   -85.9196   -55.8126   -22.0395   -14.9309   -22.8548    -2.3465    46.0568
    21.625     80.875   -50.6938   -26.0542   -87.7827   -56.9284   -26.8527   -18.5552   -22.6439   -19.3014    45.5094
    21.625     81.125   -40.7848   -9.96098   -86.0478   -61.8626    -27.779   -23.2361    -26.649   -36.2324     61.802
    21.625     81.375   -24.2128    -2.1905   -87.2929   -56.9579   -27.5822   -20.7853   -28.3774   -43.4184     45.963
    21.625     81.625    18.7349    16.8643   -35.2824   -20.3504   -13.9994   -12.8351   -10.2058   -49.1841    47.5304
    21.625     81.875    18.9651     21.067   -78.7631   -44.2936   -13.7901   -15.4501    -30.224   -79.0325    47.7393
    21.625     82.125     12.584    12.7193   -68.0243   -49.2485   -13.9421   -15.8756   -30.6472   -59.4783    30.6242
    21.625     82.375     7.6872    7.83661   -56.4333   -35.5686    -7.4976   -23.1116   -22.2579   -45.4758    33.1824
    21.625     82.625    4.56772    10.0343   -57.1615   -64.9307   -25.4779   -22.1424   -24.5174   -41.5061    41.2106
    21.625     82.875  0.0708892    5.18986   -65.0733   -72.2782   -25.4641   -25.0012   -13.5907   -19.9669    38.7153
    21.625     83.125    4.90042    5.16749   -44.8294   -74.8036   -29.8103   -18.7591   -12.2645   0.798361     46.669
    21.625     83.375    6.48913    8.47156    -42.843   -38.2105   -28.5076   -25.9535   -17.7708    2.63852    42.4193
    21.625     83.625    9.04059    19.1192   -33.7036   -6.38719    17.7554    15.7121  -0.908789   -4.19053    56.4699
    21.625     83.875    18.8836    20.2922   -53.3553   -30.6325    12.3852    11.8139   -14.0129   -27.8721    52.3034
    21.625     84.125     22.265    17.2011   -30.6832     5.1136    27.7905      27.37   -8.15466   -23.3734    62.5947
    21.625     84.375    28.6337    33.4872   -19.1745    30.6721    37.2468    29.1383    1.89221   -33.9331    81.5705
    21.625     84.625    27.3361    35.6043   -27.3503    17.9129    26.7391    22.1615    9.72977   -45.0152    92.8986
    21.625     84.875    21.7084    83.8084    -28.592    8.70877    31.8653    39.2927    80.6306   -31.0054    82.8795
    21.625     85.125     10.241    29.2052   -10.7694    5.83084    18.4635    21.7017    23.8422   -31.6372    52.5683
    21.625     85.375    27.5106    63.5219   -5.64607     4.2194    27.7882    30.0681    35.6139   -58.0711    54.3808
    21.625     85.625    13.0315    57.8376    -16.464   -8.15168    9.29397    15.9826    30.9387   -56.6709    53.7318
    21.625     85.875    15.7192    54.3171   -18.9126   -6.78548    16.4928    35.7619    33.4141   -39.2196    51.8174
    21.625     86.125      23.67    49.5168   -42.0756   -22.0898    12.5856    25.7749     7.7831   -41.7948    40.2062
    21.625     86.375    18.4241    21.7524    -48.842    -32.541   0.502022    5.87688    14.9544    -80.743    20.2686
    21.625     86.625    11.3417    13.3016   -63.6512   -42.0834   -13.5565   -2.71297   -14.6757   -91.9727    25.4955
    21.625     86.875    12.8868    23.0218    -48.827   -30.3281   -4.67013    5.13745   -11.0694   -23.2945    34.8609
    21.625     87.125    34.7506    34.2858   -18.7362   -13.3312    5.70231    9.14284   -4.69618   -32.6629     25.086
    21.625     87.375    43.5806    37.1832   -23.1534   -23.3087    3.94838    8.74481   -12.6894   -5.92673    29.2746
    21.375     70.125   -6.93278   -27.5452   -38.0138   -24.6053    1.17171    3.42035    29.2883   -22.9208    15.0102
    21.375     70.375    2.96693   -28.1387     -42.29    -25.411    1.20255    1.57808    23.3936   -25.1799     14.037
    21.375     70.625    17.6768     -15.16   -20.8805    15.1254    49.3823    54.1649    18.1765   -14.9197    26.3535
    21.375     70.875    21.4049    -8.8801   -18.7536    1.20287    23.2184    25.4277    8.76799   -5.17148    17.9382
    21.375     71.125    25.5208   -9.47888   -16.7164    -3.3619    22.1633    24.8529   -5.76512   -2.00076    15.7563
    21.375     71.375    28.0489   -1.80961   -20.6794    2.30968    26.9681    29.5206    14.0649     7.4049    15.6342
    21.375     71.625    22.1703   -1.28719   -24.6012    2.17365    24.7565    27.5955     11.586    11.7722    22.3048
    21.375     71.875    12.9134   -21.5099   -58.4396   -26.7761    1.79934    6.51924    1.43954   -5.72258    7.84078
    21.375     72.875    18.6544    -6.9893   -23.2246    9.28644     36.697     37.065    24.1347   -66.5142    54.7407
    21.375     73.125    14.6011   -8.22622    -14.738    17.7382    33.7768    34.7632    12.6837   -63.0949     55.432
    21.375     73.375    14.3251   -4.79643   -15.9435     14.721     31.751    32.6367    9.69136   -12.7979    45.0714
    21.375     73.625     14.545    -1.8987   -18.1667    5.23795    26.2793    27.6144    6.54316   -29.4072    49.7553
    21.375     73.875   -44.8918   -21.1248   -38.1763    7.15221    28.7822     30.913    26.8876   -30.2267     33.682
    21.375     74.125   -67.4914   -42.1034   -44.3583     3.8455    23.7234    26.4031   -17.4462   -56.7513    39.8231
    21.375     74.375   -64.1062   -58.5921   -29.5659    13.0983    34.0491    37.1786   -12.8388   -66.6755    62.3367
    21.375     74.625   -42.7661   -51.5985   -24.6422    13.5273    33.1632    35.9664  -0.388542   -64.6042    55.2392
    21.375     74.875    21.9977    26.1689    9.71875    23.6207    43.2453    45.7187    27.9948    -6.5428    57.1642
    21.375     75.125    12.7164    15.0125    7.58787    22.7173    40.9794    43.0062    27.3196   0.567433    48.1649
    21.375     75.375    18.2001    15.8508    14.1537    15.7588    37.5386    40.4348    30.7781    8.12547    40.7716
    21.375     75.625    7.31308    8.59045   0.433677    1.36047    21.0714     23.242    1.44916    28.0369    27.3292
    21.375     75.875    10.5366    7.95833    8.33511    8.48653    25.2797    27.7386   -23.8878    9.63674    30.6051
    21.375     76.125    27.2688    11.9298    37.0882     21.186    33.8866    38.6051    13.2775    -30.798    23.8916
    21.375     76.375   -34.3257   -27.3702   -22.8874   0.758332    21.9979    25.7082    3.65302   -39.9384    26.4908
    21.375     76.625   -57.8686   -44.9348   -48.9204   -33.1397   -10.2851   -6.69165    -22.325   -50.3529    20.5992
    21.375     76.875   -67.2496   -54.2538   -47.8299   -32.0972   -10.2181   -6.64585   -17.5076   -45.6846      12.53
    21.375     77.125   -54.2966   -36.9285   -43.9659   -27.1571   -1.90244     2.3364   -13.8104   -40.0149    38.0701
    21.375     77.375   -19.9936   -18.4191   -5.12339    6.19872    19.5903    22.7333    8.12147    -27.752    69.4966
    21.375     77.625    -41.213   -40.4463   -15.2496    3.52125    20.3875    22.2606    22.4465   -48.9824    50.0403
    21.375     77.875   -53.7385   -50.8711   -23.8689   -7.32929    16.0836    18.6048    14.8868   -88.3205    35.4357
    21.375     78.125   -13.3306   -14.6447    3.58446    18.5955    45.7139    49.3186    23.4476   -47.8389    48.1606
    21.375     78.375   -12.0908   -16.0293   -3.81083    12.2037    51.0664     56.389    50.1257   -28.0796    57.0822
    21.375     78.625   -55.8393   -51.4793   -62.7724   -47.1043    3.81463    11.3321    19.3195   -41.7658    40.6384
    21.375     78.875   -31.1844   -22.8674   -43.8829   -35.1638    1.33503    8.57774     19.314   -24.8309    26.3555
    21.375     79.125   -25.1822   -20.6754   -37.0496   -34.1776    1.48847    8.90901    6.08004   -27.6714    18.0098
    21.375     79.375   -27.7951   -8.11308   -83.8382   -60.7994   -22.0326    -13.036   -6.10814   -28.2912    27.6986
    21.375     79.625   -20.9599       5.64   -82.7729   -59.1296   -32.7084   -27.5801   -21.2452   -13.7159    47.3475
    21.375     79.875   -1.52895    13.9748   -36.1854    -32.564   -8.55068   -4.23775    9.86165   -6.96706    19.5103
    21.375     80.125   -14.1354    11.3572   -69.4959   -46.1436   -16.3576   -14.3377    -9.6208      1.998    20.3095
    21.375     80.375   -31.6951    6.51272   -68.2789   -43.7255   -14.4286   -11.8415    -21.334  -0.929431    27.0882
    21.375     80.625    -46.194   -27.1779   -62.0301   -56.6981   -19.6264   -10.4024   -17.0915    3.47611     80.105
    21.375     80.875   -50.0464   -25.8864   -80.3939   -65.0757   -28.3844   -19.6812   -18.6615   -25.6577    62.4961
    21.375     81.125   -47.4492   -2.58089    -89.622   -50.2919   -32.6069   -32.5933   -57.2287   -35.1794    57.7653
    21.375     81.375    -3.3313    11.0297   -79.3407    -55.901   -19.0082   -11.9862   -15.9295   -35.0072     51.192
    21.375     81.625    9.20994    17.9856   -77.5163   -48.5654   -19.5714   -14.6424   -18.6311   -64.0487    48.0126
    21.375     81.875    13.7582    18.9431   -57.5731   -26.1878  -0.642173    -8.5289    -17.524   -84.0448    38.0137
    21.375     82.125    17.0833    15.6899   -26.3456     9.9182    8.86441  0.0441409   -26.5442   -69.6494    49.5851
    21.375     82.375     24.352      14.08   -25.1071    -8.4878    12.0463   -15.3791   -13.7509   -50.3358    61.7628
    21.375     82.625    19.8271    12.1023   -25.7005   -48.8356    -18.921   -13.5941   -11.6379   -22.9849    49.6853
    21.375     82.875    20.7852    11.4108   -4.69955   -56.4978   -20.2018   -11.8622   -9.65784   -19.3139     54.739
    21.375     83.125    20.1741    15.1479   -13.0748   -36.9725   -6.07123  -0.436726   -4.77589   -1.41251    39.9351
    21.375     83.375    23.1789    12.7996     -39.66   -28.4575   -7.40946   -2.92657   -11.6915    -4.4305    58.4022
    21.375     83.625    24.6148    14.4581   -26.1353   -10.6896    3.11724    4.09001   -17.1498   -8.74659    63.3445
    21.375     83.875     20.746    17.8986   -42.6562    -18.317    9.11433    17.0255   -2.00082   -31.8353    69.0041
    21.375     84.125    16.6154    16.6584   -44.3827   -34.9038   -10.5856   -3.93447   -1.93673   -56.3901    63.1805
    21.375     84.375    8.19965    56.3574   -50.9816   -16.6931   -3.94641   -11.9434   -25.0383   -62.3982    40.6641
    21.375     84.625    18.3999    90.9289    -38.495    8.77046    28.0214   -2.22754   -6.25689    -43.158    57.5776
    21.375     84.875    16.3537    68.1009   -53.8306    -11.283    1.51224   -5.58782    14.6055   -36.3705    28.6734
    21.375     85.125     19.186    42.6286   -17.9417   -13.9023    7.89364     8.9911   -1.08253    -34.158    32.2708
    21.375     85.375    39.4293    38.5042   -7.35128     -15.08    16.5111    30.4266    15.0453   -89.9669    56.6849
    21.375     85.625     7.1077    25.4662   -12.7437    1.20406    37.2574    14.6285     31.796   -30.2405     70.305
    21.375     85.875    11.9236    15.6026   -38.7888   -21.0351    15.3705    18.0559    8.28214   -55.0809    48.0794
    21.375     86.125    24.1373    20.6067   -32.3094   -18.1308    12.5055      36.93    14.2697   -43.5595    33.6815
    21.375     86.375    23.2187    23.4184   -40.7623   -30.5312     -16.89   -3.87704    -1.5354   -55.9918    31.1857
    21.375     86.625    14.9181    22.5437   -70.3658   -43.0506   -22.7955   -5.72762   -12.8574   -90.8402    31.2873
    21.375     86.875    20.8711    45.8675    -53.901   -36.9455   -12.7919   -2.29734   -34.6221   -81.7946    16.5414
    21.125     70.375    8.20129   -12.6491    -23.678    3.71987    37.9525    40.9012    17.9159    -5.4742    39.8025
    21.125     70.625    14.1293   -11.1036   -20.6262    12.8576    41.2733    44.3666    15.9253   0.434605    44.1516
    21.125     70.875    10.9994   -10.3521   -17.9745    2.93652    27.4989    31.1839    6.63473    4.67555    16.8429
    21.125     71.125    24.6718   -1.35984    3.01153    9.16223    32.6988    35.8499    20.0142    8.80036    28.8319
    21.125     71.375    13.2111   -13.5301   -28.4694   -23.6872    3.03937    9.03089    2.12675   -8.49531    12.8932
    21.125     71.625    17.0404   -9.03372   -33.3293    -22.961     3.6499    10.2639    11.3701   -8.69471    12.8207
    21.125     71.875     7.4549   -17.0428   -59.0611    -26.854     2.7652    9.01036    3.75598   -1.15812    9.71025
    21.125     72.875    1.35881   -14.6224   -23.3369    4.42133    30.1494    31.4251   -7.02859   -58.3699    39.4335
    21.125     73.125    2.91127   -15.4651   -51.9962   -4.24125    19.1227    20.0134    3.71935   -11.5835    24.4226
    21.125     73.375    9.07038   -5.56583   -25.7264    13.4391     34.474    35.4193    2.51038     11.561    29.7914
    21.125     73.625   -12.4904   -13.9098   -38.9256    2.09337    21.1958    22.0055    1.05799   -12.9389    23.2608
    21.125     73.875   -71.7781   -32.8758     -73.64   -11.4059    15.1017    18.3491     12.728    8.51149    22.0089
    21.125     74.125   -73.8131   -38.2543   -74.0246   -7.90711    20.1422    24.8556    3.09798    14.5555    25.8144
    21.125     74.375   -37.3353   -34.1491   -33.4639   0.266138    24.4147    28.3176   -24.1192   -60.0463    66.8171
    21.125     74.625    -26.225   -24.4689    -31.448   0.567393     26.066     29.705   -15.4876   -64.4516    68.1761
    21.125     74.875   -3.37694    2.23477   -15.1103    8.83305    29.2545    32.1194   -3.41515   -17.7698    50.0552
    21.125     75.125   -10.6069   -2.77827   -12.1242    10.4066    36.1937    38.3668   -9.03254   -1.86278    56.5263
    21.125     75.375      9.882    3.76463      3.424    28.5377    50.9129     54.212    7.03502    14.8328    43.2204
    21.125     75.625    11.6563    4.03394    6.68115   -5.54721    11.8408    13.2397  -0.525118   -6.55751    43.0809
    21.125     75.875    22.6604    5.17774    22.6046    8.34905    22.6397    25.5375   -27.0992   -21.7784    42.5751
    21.125     76.125    22.6166    12.6651     23.692    17.4015    32.8367    36.8271    8.58329   -26.7417    45.7906
    21.125     76.375   -58.8498   -48.7707   -36.5914    -6.6837    15.3919    18.9404    24.0296    9.90091    40.0928
    21.125     76.625   -40.3092   -53.2147   -23.1388   -20.1657   -3.75972   0.475922   -4.51916    10.7411    8.52187
    21.125     76.875   -51.1684   -61.4493   -23.7401   -9.99823    4.01399    7.38501      7.985   -29.0433    5.53305
    21.125     77.125   -71.4256   -74.6074   -44.4194   -30.6297   -8.34381   -4.58352   -7.80628   -52.9771    10.4211
    21.125     77.375   -55.6422   -63.6215   -33.0016   -21.7012    1.66688    3.94783    8.34565   -60.1394    28.2622
    21.125     77.625   -29.1906    -38.193   -8.24459   0.866971    20.4674    21.9063    21.5683   -14.6578    29.9834
    21.125     77.875    -2.6932    -14.419    10.8983     8.6729    35.0352    38.3594    56.4315     -47.06    29.6153
    21.125     78.125   -27.4792   -35.5592   -22.2985   -13.2751    25.4635    34.5813    19.2411   -47.8248    50.7527
    21.125     78.375   -44.4333   -44.0373   -51.6832   -43.3672    1.61253    10.1631    5.97729    -39.724    38.0912
    21.125     78.625   -38.5559   -26.4428   -53.3099   -58.4922   -11.0095  -0.416482   -1.55701   -33.8803     19.531
    21.125     78.875   -27.0949   -17.5667   -31.8473   -28.6077     3.2013    14.3548    18.7293  -0.767582    20.9785
    21.125     79.125   -49.6667   -33.5562   -63.5878   -53.8778   -15.9481   -5.02275    7.59963 -0.0452899   -3.36087
    21.125     79.375   -24.0671   -1.62065    -57.059   -34.8622   -12.1458   -5.88348   -1.53229    3.59265    18.0533
    21.125     79.625    -4.1691    8.53007   -63.7595   -55.3239   -24.1655   -16.6274    -5.2975   -31.7345    32.5962
    21.125     79.875    7.44137    12.3413   -53.0536   -38.3389   -15.7754   -26.1322   -7.05734   -35.0766    45.2795
    21.125     80.125      9.488    11.3313   -2.58725    9.06776    9.60826   -8.61031   -2.37838   -39.3773     32.935
    21.125     80.375   -12.5601    14.2045   -72.2034    -58.852   -20.5253   -16.5503   -1.69232 -0.00640002    36.9316
    21.125     80.625   -17.4195    6.45481   -73.3907   -59.5673   -17.7939   -6.72852    16.4014   -33.4686    78.1958
    21.125     80.875   -10.7472    9.77777   -55.9794   -71.8889   -35.0753   -23.3962    7.69759   -35.0139    88.9862
    21.125     81.125   -14.1564    3.27889   -51.0372   -17.0187   -21.5995   -15.9548    -16.415   -34.9903    61.6092
    21.125     81.375    10.1311     23.616   -45.8455    2.54451     7.7598   -7.90105   -9.38227   -60.3472    85.7107
    21.125     81.625    4.45439    20.0306   -73.7819   -56.9864   -20.7432   -12.7354   -14.1517   -48.9804     58.305
    21.125     81.875    12.3422    19.6797    -43.855    -34.821   -11.2001   -7.48687   -20.4803   -50.6112    67.2017
    21.125     82.125    22.3208    14.8804   -6.36298   -1.60486   -3.65488   -2.81804   -2.16857   -30.3547    58.9355
    21.125     82.375    17.5889    17.8944   -50.4842   -27.0795   -24.8355   -24.6588   -38.3183   -44.4525    73.4219
    21.125     82.625    24.3349    18.1288   -65.6018   -54.0143   -28.3762   -21.9477   -36.7591   -30.1492    68.2195
    21.125     82.875    28.4148    4.00701   -5.66306   -5.76149    4.52941    8.19595   -11.7483   -15.8853    55.9948
    21.125     83.125    36.1387    18.4513   -29.6451   -47.7808   -9.64519   -1.90778    -19.527    -3.2898    60.9864
    21.125     83.375    33.0201     20.813   -23.5066   -47.3118   -14.3402   -8.92083   -25.2776   -16.3466    54.9968
    21.125     83.625    23.7044    19.8369   -37.9406   -23.7946   -1.10921     4.9253     1.5127   -42.1527    78.6951
    21.125     83.875    17.9513     17.543   -54.2917   -42.1045   -12.9667   -6.03715    2.43724   -46.3004    72.7744
    21.125     84.125    28.9033    13.0557    -47.242   -21.7473   -14.5667   -27.3286   -23.3587   -39.2866     57.634
    21.125     84.375    9.21638     14.022   -73.4392    -56.714   -25.1899   -23.1032   -16.9322   -34.9818     39.149
    21.125     84.625    30.8217     57.688   -36.4705   -21.1162    3.79084    14.8789    3.16548   -36.0365     40.273
    21.125     84.875    31.6405    90.7354   -59.6474   -26.5288   -18.8765   -5.02276    30.7189   -58.7361    27.9761
    21.125     85.125    46.9489    74.1566   -9.08914     -9.219     8.5176    12.8973    16.2381   -79.2372    50.3493
    21.125     85.375    42.7829     47.417    5.20896   -25.3874   -7.33769   -2.12877    4.56561   -99.5231    42.6257
    21.125     85.625    33.6534    31.3121  -0.741484   -17.1666    4.73885    15.1324     19.714   -29.1966    32.8752
    21.125     85.875    79.1222    76.4178   -9.37947   -14.5566    17.9692    41.8907    34.8072   -49.4858    38.8688
    21.125     86.125    8.88158    14.1119   -24.5875    -17.335    3.30991    20.0949   -22.1578   -34.6043    10.3393
    21.125     86.375    12.2467    24.7638   -19.2658   -16.1846    -2.3962    15.4142   -14.6939    -27.234    17.2501
    21.125     86.625    16.8041    56.9471    -35.157   -18.5987   -3.15641    13.6581   -28.5577   -41.0219    35.0139
    20.875     70.625   -0.25218   -20.0388   -37.7673   -29.0456    3.74174    11.5392    15.3214   -20.2186    33.1122
    20.875     70.875   -1.23689   -19.6722   -42.5479   -27.5326    2.32933    9.07317    7.12411   -17.4074    36.8998
    20.875     71.125    6.89682   -21.1061   -43.8044   -30.1644    2.54799    9.95402   -3.48208   -16.8094    35.3189
    20.875     71.375    24.1652   -16.6301   -23.0962   -26.8778      2.497    8.87867    3.71594   -19.6428    9.71672
    20.875     72.875    12.9873   -11.2479   -20.3442   -4.67407    26.4203    27.8517   -1.44722   -14.4983    47.3629
    20.875     73.125    8.19827   -5.92529   -26.2797    2.97854    27.0211     27.874    6.11731   -7.64653    38.7067
    20.875     73.375    7.44356   -9.27722   -35.9283   -6.71989    18.6235    19.7579  -0.373403   -1.77315    15.5419
    20.875     73.625    16.5355  -0.892732   -17.0041   -9.58268    13.2231    14.2516    5.36987   -4.36417    12.7421
    20.875     73.875    34.3411    11.6032    -10.704    3.27352    23.5065    26.4926    23.1649   -38.0425      16.96
    20.875     74.125    1.92617   -18.0202   -23.2153    11.6811    37.5841    43.2323    31.1139   -20.5195    35.8602
    20.875     74.375     6.3492   -1.23612    8.60582    38.5636    60.9047    65.5324    36.9217   -50.8975    78.1071
    20.875     74.625    2.14886    -3.9715    1.90041    26.9845    48.8096    52.4125    23.4624   -55.5741    74.4343
    20.875     74.875   -10.4656   -20.1932   -11.2556    7.52368    23.2214    24.7241   -11.4066    -42.464    54.4965
    20.875     75.125   -33.7205   -35.9264    -19.213    12.3465    37.7065    40.4648    8.84578   -5.15182    80.8324
    20.875     75.375   -36.3075   -21.0512   -30.0597    4.81448    24.7275    25.9902   -14.1646    20.6208    52.5855
    20.875     75.625   -89.1382   -80.8074    -76.256   -38.9316   -15.7315   -13.2398    -27.869    31.9457     53.857
    20.875     75.875   -56.7019   -60.3753   -44.3356   -21.6575   0.688492    2.37631   -24.1029    30.3114    36.4564
    20.875     76.125   -19.3577   -9.11038   -26.3113   -7.67533    14.7272    16.9395    14.5997    3.71978    9.71935
    20.875     76.375   -43.2351   -39.8958   -33.5839   -23.2742   -3.41631   -1.32465     10.405    14.2908    24.3404
    20.875     76.625   -9.73441   -19.9822   -5.51969   -4.41471    8.89154    11.8754    31.1389     37.518    41.4492
    20.875     76.875   -24.2463   -35.5969   -1.20424     10.205    21.2367     24.424    35.3659    19.9454    25.8505
    20.875     77.125   -43.1619   -53.6686   -12.2819    1.57068    14.2864    17.1603    22.6042    19.9147    50.6987
    20.875     77.375   -31.3733   -31.2934   -17.0388   -4.59776    12.6553    16.1286    16.1253   -8.91298    53.2304
    20.875     77.625   -24.6946   -22.4475   -10.1885    2.91694    19.9501    22.4428    36.9466   -16.3969    31.5157
    20.875     77.875   -17.0891   -14.1256    -17.473   -17.9229    13.3087    23.4566    49.9579   -21.4362     20.108
    20.875     78.125   -9.59605   -8.79812   -13.0244   -21.6903    7.91023    18.7442    51.1123   -11.7533    44.8767
    20.875     78.375   -21.6969    -17.646   -30.5559   -26.2892    12.4886    24.4846    39.7982   -21.4691    40.5358
    20.875     78.625   -39.9825   -16.0418   -59.7434   -57.8248   -16.8159   -5.95433   0.636021   -1.13483    5.59123
    20.875     78.875   -30.3633   -16.6256   -32.9426   -21.6828    8.88278    18.5566    12.1666    6.65171    14.1112
    20.875     79.125   -41.3451   -38.1569   -63.4984   -38.8891   -10.3998   -3.15583    17.2452   -9.28971    38.8563
    20.875     79.375   -46.0528   -12.9447   -92.0292   -58.2656   -23.0348   -12.9423   -0.40042   -2.95128    14.4968
    20.875     79.625   -19.0016    4.62748   -68.0085   -51.0475   -19.2879    -11.051    2.61737   -13.9738    9.49849
    20.875     79.875   -10.5701    9.24695   -81.5513   -66.0929   -28.4817   -20.5091   -5.11029   -51.8544    40.9044
    20.875     80.125   -5.91788    12.2936   -71.3664   -59.4673    -20.186   -17.0928   -2.14087   -49.7033    38.2028
    20.875     80.375   -8.59699    16.6289   -76.0167   -52.8154   -20.3483   -17.9971   -2.61212   -30.4315    55.3785
    20.875     80.625    5.00728    13.6347   -62.2533    -59.578    -33.034   -28.1997    5.35109    -28.931    61.3206
    20.875     80.875    4.73897    20.7626   -51.9786   -53.7895   -35.8654   -31.7482    10.9718   -40.4242    84.1308
    20.875     81.125    5.86842    13.4028    -36.963  -0.239787     -22.33   -23.0548    4.50302   -32.4038    73.1406
    20.875     81.375    -6.2051    19.3126   -81.8848   -58.1837   -27.8383   -21.4486   -2.85742   -23.0914    92.2432
    20.875     81.625    7.31101    23.9127   -65.8339    -51.473   -21.8397   -16.0421   -15.0841   -45.7675    78.5358
    20.875     81.875    9.54651    28.0275   -53.9631   -37.4386   -22.1316   -24.0222   -28.3518    -52.847    85.6713
    20.875     82.125     15.548    13.1508    -35.461   -40.2426   -27.5882   -24.1529   -25.9413   -82.6253     68.309
    20.875     82.375    21.3364    31.1784   -37.8611   -15.0738   -27.1033   -14.0832   -29.2887   -80.0292    54.2736
    20.875     82.625    25.2103    11.9044   -61.5332   -65.8993    -28.685   -25.5993   -34.3697   -55.9985    64.7719
    20.875     82.875    29.2286     4.4427   -9.94051   -16.9101   -9.02857   -1.70867   -18.6081    -58.007    40.8656
    20.875     83.125    43.8321    11.7054   -7.66209   -35.6725   -27.6403   -16.3707   -12.0626   -52.1755    60.6604
    20.875     83.375    19.9206   0.977595   -4.08895   -24.8285   -20.9201   -25.0903   -30.9815   -33.8957    37.4782
    20.875     83.625    21.1147    1.48855  -0.924662   -32.5336   -25.4787   -23.8112   -23.6906    -37.314    48.8169
    20.875     83.875    23.8818    17.7932    -63.878   -62.8829   -28.0722   -19.8098   -8.64352   -70.5804    41.8831
    20.875     84.125    21.8933    5.07126   -69.5697   -64.1247   -37.1359   -34.0291    -30.512   -54.6666    40.6235
    20.875     84.375    10.4505    15.2092   -78.3896   -56.9608    -22.132   -9.82451    17.1962   -35.2686    63.4478
    20.875     84.625    16.1128    5.78242   -37.6844   -80.9348   -45.7918   -26.6541   -18.2712   -15.5693    56.3442
    20.875     84.875    4.65777  -0.957443   -30.2539   -59.7663   -20.7308   -20.0417   -15.7304   -44.5403    34.1674
    20.875     85.125    41.7742    37.7185    3.83768   -16.4295      8.809   0.696261   -1.32428   -33.4122    37.9824
    20.875     85.375    21.1768    16.6474   -12.5704   -31.3458   -4.78533   -6.52082      9.575   -58.7869    75.2219
    20.875     85.625    22.8853    13.6825   -3.86331   -22.6064   -18.9378    -6.2961    -9.9751   -42.0321    26.9409
    20.875     85.875    35.0124    31.9459   -14.5102   -6.08584    -11.084  -0.151772     2.6691   -43.2153    41.4356
    20.875     86.125    21.4622    11.7084   -8.20185    10.5735    27.6023    49.2018   -8.49239   -45.8981    42.0633
    20.875     86.375    18.1442    5.68656   -10.1788   -3.58203    8.67522    25.4798   -9.64554   -40.2536    45.9652
    20.875     86.625    25.0095    19.2521   -20.2939    -14.232    2.36591    25.0868    3.34448   -42.6092    57.1872
    20.625     73.125    9.96599   -12.6777   -69.1173   -30.7611    10.5362    11.8752   -2.25426   -7.97692    38.8175
    20.625     73.375    17.1066    -0.4849   -26.6123   -18.5243    14.8465    17.2241    1.08724     6.4676    36.0551
    20.625     73.625    22.1452    1.93018   -12.7778   -12.9548    13.2036     15.404    7.82146    11.7418    20.9015
    20.625     73.875    65.7933     27.286    8.05268   -2.00271    19.4608    22.4828    29.6583   -4.91198    2.54279
    20.625     74.125    33.7094    2.15994   -21.7888   -11.1637    17.3912    23.4414   -5.93566    10.8047    20.3733
    20.625     74.375    8.08077   -17.0976    1.96153    18.2218    40.0529    44.5137    25.7331   -35.6005     64.387
    20.625     74.625    9.83212   -1.22527 -0.0568523    24.8381    46.4306    49.9736    28.6927   -41.8455    62.5579
    20.625     74.875   -11.0212   -17.3952   -19.9172    9.86093    27.2522    29.3476    17.1971   -22.9779    41.8567
    20.625     75.125    10.6434    2.18104    3.23127    20.2455    35.1647    39.0895    11.9636   -43.4337    36.4972
    20.625     75.375    28.0464     16.494    5.59597    16.7145    35.8425    40.2349    10.0578   -14.2629    41.7083
    20.625     75.625    3.46631    6.10874   -15.5679   -1.49711    18.6321    20.9759   -2.87209    6.59441    40.2395
    20.625     75.875   -33.4106   -38.6745   -31.8832    -19.729    2.02724    4.27347   -13.7477    20.0506    33.4038
    20.625     76.125   -31.1103   -19.3707    -48.568   -27.6704   -2.01072    1.17083    12.6595   -8.60453    18.4908
    20.625     76.375   -18.8606   -13.6133    -16.796   -4.71743    12.3826    15.3337    35.7018    29.2381    17.7426
    20.625     76.625   -54.0872   -55.0066   -39.5782   -18.8171    5.06886    9.55642    33.7145    4.55353    17.2735
    20.625     76.875   -61.2022   -63.2508   -45.2501    -19.244    8.78446    14.7156     28.723  -0.945144    8.36701
    20.625     77.125   -39.1697   -41.1342   -29.7761   -14.9132    7.16919    10.2393    23.8179  -0.390958    4.57947
    20.625     77.375   -26.6003   -18.9678    -16.154   -5.69529    11.0925    14.4137    16.7258   -6.04183    43.9574
    20.625     77.625   -4.23682    5.83074    -3.9131   -13.1036    9.82894    17.1559    26.8897   -26.5816    54.7328
    20.625     77.875   -16.4469   -1.87878   -31.3102   -24.5802    12.5112    20.4401    43.6747   -34.6015  -0.577946
    20.625     78.125   -6.21773   -1.40563   -20.0207   -22.1295      4.735    16.0303    40.1638   -17.1595     37.367
    20.625     78.375   -21.4865    -10.156    -26.557   -19.8791      10.01    22.5412     13.594   -21.5794    29.5828
    20.625     78.625   -44.9218     -33.46   -56.5582    -39.584   -1.98876    10.2747    11.0597   -25.6014      21.24
    20.625     78.875   -50.3276   -31.8093   -54.8764   -29.2582    10.4366    20.2567    20.1622   -18.7955    20.4842
    20.625     79.125   -56.4493   -17.7906   -89.9945   -61.9722   -13.1574  -0.469969    10.6926   -20.2463    21.2803
    20.625     79.375   -43.3306   -10.4831   -87.3065   -76.3292    -37.175    -24.179    3.36313   -11.1198    19.8312
    20.625     79.625   -28.3564    7.76145   -87.2661   -56.3934   -15.4994   -4.45345    16.6188   -37.0162    12.7808
    20.625     79.875   -27.8075    12.4238   -85.1804   -56.3383     -15.57   -6.30856    10.7738   -25.5008    72.0169
    20.625     80.125   -31.9384    8.63018   -87.8371   -49.4442   -12.1972   -4.42443    17.8248   -32.9724    56.9597
    20.625     80.375   -47.5592    8.47434   -91.5606   -40.3565   -20.2038   -17.3141    12.5498   -55.7965    37.6755
    20.625     80.625    5.36211     11.985   -72.7392   -35.5813    -26.248   -26.6347    5.46778   -40.1954    66.1212
    20.625     80.875    2.36106    14.6612   -72.1304   -64.3856   -27.9929   -19.6432    7.30475    -37.835     62.263
    20.625     81.125    8.67425    26.3338   -71.8815   -63.6462   -26.9399   -17.5201   0.222527   -46.0954      80.59
    20.625     81.375    5.41597    32.8808   -77.9252   -67.0866   -31.3042   -17.9217   -7.28551   -36.7619    79.7146
    20.625     81.625    9.45965    36.8134   -69.1313   -71.1878   -31.4086    -20.784   -12.4397   -40.9479    59.7927
    20.625     81.875    14.9066      49.08   -70.9354   -86.8543   -43.8334   -28.6421   -10.0481   -54.7999    72.3531
    20.625     82.125    12.3702    16.2221   -40.6861   -27.6826   -13.4427   -3.62482  -0.444057   -59.2083    59.4651
    20.625     82.375    20.2155       13.4   -53.3032    -35.896   -7.92692   0.253493   -3.26797   -70.5901     53.583
    20.625     82.625    21.5877    7.04406   -36.6343   -16.8154   -9.25209   -7.36661   -19.0415   -61.6472    45.4274
    20.625     82.875    25.9213    4.14672   -27.4811   -32.9137   -1.94875     2.9371   -10.9513   -48.9922     52.242
    20.625     83.125    21.1267    7.56191   -14.8018   -46.4674   -31.4122   -21.8832   -17.1556   -46.5595    60.1678
    20.625     83.375    25.3172    44.0923   -34.5675   -65.9473   -30.7448   -29.3206   -15.7679   -45.1036    55.0657
    20.625     83.625    27.9506    28.5576    2.63229   -43.9386   -35.8746   -31.2525   -31.6867   -39.2054    56.0343
    20.625     83.875    17.3572     2.5526   -26.1878   -78.1204   -36.1944   -24.6007   -34.2198    -27.209    52.9468
    20.625     84.125    34.8266    26.7754   -26.2671    -36.208   -27.6795   -21.1279    -39.796   -28.0235    7.56333
    20.625     84.375    15.3833     8.6376   -53.2586   -60.8267    -23.358   -31.3196   -39.5912    -28.536    44.9302
    20.625     84.625    17.8891    7.80078   -7.23705   -40.3778   -13.5081   -18.6603   -11.9926   -42.5189    50.3496
    20.625     84.875    5.81585   -2.84464   -25.3513   -39.2401  -0.359195     -12.76    -26.242   -50.2435    51.6238
    20.625     85.125    36.1028    30.9059   -8.79978   -26.5655      2.616   -16.4227   -19.8712   -21.5434    41.3592
    20.625     85.375    39.9423    10.8258    12.8796   -16.6059   -9.97747   -25.7408    5.34731   -15.8702    87.3394
    20.625     85.625    2.50547   -17.1335   -66.9883   -78.4576   -45.3348   -36.7581   -58.5165    13.2613    44.5894
    20.625     85.875    24.0713    7.24567   -47.2664   -38.9808   -22.9865   -23.4718    2.30022    19.3953    68.3875
    20.625     86.125    25.2529    11.2759   -36.5776   -43.8613   -24.1597   -8.04869    15.0695   -18.7878    59.2947
    20.625     86.375    27.2246    11.8687   -18.3634     -32.05   -10.7549    3.93818    12.6792   -41.7215    45.1296
    20.625     86.625    30.5665    16.1695   -14.9759   -22.6242   -5.54635    9.69033    15.3938   -37.0587    47.3122
    20.625     86.875    27.6693    20.8572   -17.9233   -26.3641   -6.69216    8.41296    9.76388   -36.9231    47.2856
    20.375     73.125    45.8599    12.3659   -32.0315   -12.7351    17.4255    20.2232    17.2067   -9.73648    36.6191
    20.375     73.375    42.8749    18.3372   -11.4914   -11.1902    13.2958     16.716    11.6161    14.4266    33.8962
    20.375     73.625    57.6955    43.9746    5.94532    12.6928    28.9782    32.8961    23.7067   -16.8528    50.5395
    20.375     73.875    12.2448   -7.72971   -56.3195   -39.4001   -2.43707    4.28748   -31.5593    36.3115    18.7132
    20.375     74.125    42.7284    12.3538   -23.3096   -28.6256    0.19037    5.94665   -20.3294      37.28    9.54232
    20.375     74.375    26.0969   -11.2676    1.70178    3.62207    22.3301    26.4809    9.80883   -22.8789    56.2878
    20.375     74.625    9.20115    -39.679   -11.1121   -8.55029    12.9295    15.9283    2.79609   -26.2028    47.3378
    20.375     74.875  -0.557703   -34.5022   -5.41052    5.79665    24.2943    26.8702    11.6288   -15.9013    49.5111
    20.375     75.125    24.6536     15.709    7.83033    25.0168      41.86    46.2756    19.2518    -7.0294    39.5344
    20.375     75.375    44.1098    41.2521    16.7237    27.5165      56.03    62.9072    26.4822   -9.46141    61.7198
    20.375     75.625    12.4398    7.14211   -9.74161  -0.381396    26.8682    31.3164    10.1575    1.25583    60.3525
    20.375     75.875    12.3735   -8.38875   0.258261    -14.043    24.1677    27.9368    14.2558    20.1638    70.8705
    20.375     76.125   -6.92748   -16.8216   -17.8173   -20.8032    21.5488    27.5556    25.5113    26.0629    56.4815
    20.375     76.375   -13.6997   -21.3823   -24.1257   -18.5139    9.17466    13.5947    33.0742    9.53825    31.1426
    20.375     76.625   -61.5311   -55.2401   -55.3028   -29.1484    -2.8176    1.34193    28.0371    36.5285    33.8092
    20.375     76.875   -77.7495   -78.6391    -58.738   -32.6685   -2.97053    3.03855    21.7067    23.9313    31.7079
    20.375     77.125   -70.2767   -72.9829   -44.4738   -13.8373    13.6033    18.6482    21.4639    30.8995    37.8322
    20.375     77.375   -10.9507   -10.6431   -21.3131   -22.0266    17.0504    25.3328    22.3086    3.92678    41.9568
    20.375     77.625    4.37143    8.86848   -10.2393    -20.371    8.97582    16.8546    17.8842   -40.4469    30.2178
    20.375     77.875   -30.5302    -13.995   -54.5147    -46.261   -16.0393   -9.58367    3.98663    5.68824    26.9686
    20.375     78.125   -26.2793   -13.8874   -53.1495   -55.8138   -19.1955   -10.5705    15.4903    1.21101    24.4888
    20.375     78.375   -27.1063   -23.6036   -31.4118   -20.6164    5.75395    18.2587    26.3573   -4.19785    23.8622
    20.375     78.625   -44.2184   -39.3637   -43.5967   -26.0386     8.7783    20.7475    18.1159   -7.64532    21.1181
    20.375     78.875   -45.8908    -27.772   -58.5908   -37.8554   -2.79281    7.02111    20.1237   -24.9238    33.5643
    20.375     79.125    -34.685   -11.4558   -60.2049   -33.0919   -5.73511 -0.0759733    21.3799   -22.9758    37.1323
    20.375     79.375   -43.7129   0.196118   -92.1756   -53.6696   -19.8457   -10.1906    5.52731   -29.6648    56.1551
    20.375     79.625   -38.8889    7.21434   -93.9303    -57.166   -17.2041   -6.86353    7.12102   -33.9915    56.3061
    20.375     79.875   -34.3491    14.2252   -86.9024   -56.3115    -14.772   -5.65548    9.80301   -21.1597    75.3544
    20.375     80.125   -35.7876    12.6396   -91.3435   -48.9859   -6.68532    3.08073    12.7895   -16.8493    75.5203
    20.375     80.375    -52.819   -2.87965   -89.3234   -37.0258   -11.2205   -8.86411  -0.596666   -24.4162    57.9695
    20.375     80.625   -55.8042    0.94113   -86.3647   -55.7124   -24.9493   -13.3293    4.21068   -56.6503    67.1546
    20.375     80.875   -13.0938    10.1234   -64.3742   -40.4542   -26.1975   -18.6628    2.97561   -34.4612    77.5651
    20.375     81.125   -25.1235    3.81805   -82.6536    -66.485   -33.3361   -30.5799   -5.51137   -26.5799    80.6461
    20.375     81.375   -20.4901    4.99798   -82.8924   -82.6381   -42.6587   -28.6394   -10.1633   -22.7467    76.1388
    20.375     81.625    5.90022    19.0579   -62.5838   -50.8317   -45.2586   -30.7202   -5.22512   -30.3942    50.0335
    20.375     81.875    11.0891     31.749    -59.603    -49.958   -37.8953   -27.7825   -1.30569   -73.5124    50.2561
    20.375     82.125    13.0244    14.2426   -31.8313   -2.63254    11.9275   -2.15254    -4.2453   -76.9862    58.6561
    20.375     82.375    22.2763    15.5433   -7.66501    13.5518    20.2145    6.96695    5.52119   -79.8256    50.0985
    20.375     82.625    25.3267    10.4595   -19.5432   -25.0923   -6.10552   0.436137   -23.0548   -51.8074    52.3477
    20.375     82.875    16.7522    7.19688   -48.6097   -69.3814   -24.2165   -21.0122   -27.1389   -49.0641    39.9326
    20.375     83.125    26.1121    11.5511   -64.8277   -52.1468   -16.8644   -18.8103   -24.6056   -54.5523    57.5187
    20.375     83.375    21.8203    15.7228   -33.9223   -71.9307   -40.0433   -31.0866    -22.826    -51.491    49.2085
    20.375     83.625    11.7824    5.55121   -6.29976   -32.7523   -19.9404   -34.8731   -11.1931   -33.0836    45.1977
    20.375     83.875    9.80523    2.07565    3.99397   -15.8961   -5.25654   -39.9136   -8.04036   -25.7781    63.2139
    20.375     84.125    17.1105    2.28958   -22.2206   -32.8053   -16.6014   -17.5006    -12.155   -15.7252    41.6153
    20.375     84.375   -16.3127    -7.5061   -83.7549   -63.0479   -30.7803   -21.0105   -48.3285   -14.6415    48.8818
    20.375     84.625    8.15664   -6.73031   -40.4199   -48.1934   -21.0874   -32.3276   -25.6344   -1.94072    54.3376
    20.375     84.875    14.0101  0.0899639   -48.3868   -51.3736   -24.5673   -17.0964    -36.599   0.756507    64.9982
    20.375     85.125    35.2937    14.0444   0.523208   -7.92409    10.5632    9.48011   -33.5145    27.7849    61.7371
    20.375     85.375    13.5033    6.65915   -25.3132   -28.6285   -19.9751   -22.6676   -36.4343   0.258573    36.2299
    20.375     85.625    26.2722    8.83543   -7.85648   -35.4227   -19.6855   -33.0115   -15.8232    4.11357    47.1702
    20.375     85.875    36.1646    13.4683   -37.7849   -51.8082   -25.2726    -26.844    -1.6828    28.7975    44.2174
    20.375     86.125     28.775    3.75462   -41.7289   -28.4344   0.460263   -4.60985    7.82843   -1.36643    48.3498
    20.375     86.375    27.4166    2.30653   -30.0254   -27.6556   -5.23182    6.30692   -8.67116   -11.3832    44.1327
    20.375     86.625     30.577    4.94982   -23.0319   -32.6944   -12.8464    3.25809   -3.27747   -30.3847    46.5954
    20.125     72.875    39.8335    3.51517   -38.9773   -16.2509    13.3694    15.2484    4.71498   -6.11608     36.358
    20.125     73.125    54.3292    25.6906   -35.4999   -5.30028    27.1415    29.9944    6.91288   -19.2489    53.9176
    20.125     73.375    22.6141    9.60357   -28.5718   -9.10937    7.06254    11.0166    -11.722    7.35612    20.9386
    20.125     73.625    95.3858    78.5392    33.8992    37.0242    51.0502    54.2515     77.773   -23.2967    63.0378
    20.125     73.875    67.0459    53.3546    -1.8768   -4.45161    19.7138    26.2412    14.3095    47.6894    51.7142
    20.125     74.125    96.1615    71.5197    34.3544    16.2152    32.5895    36.0188    18.7279    19.5985    24.4241
    20.125     74.375    36.9246    11.7479    30.7418    28.9643    40.7742    44.3009    37.8059   -15.6311    50.0169
    20.125     74.625    19.2552   -11.4413    11.5937    10.7283     26.376    29.5998    20.6071   -14.7755    39.1445
    20.125     74.875    20.0176    1.74275     20.268    23.4568    38.7332    41.9978     18.937    1.00203    50.8363
    20.125     75.125    -2.7786   -13.6972   -4.70202    4.19589    27.0074    32.8458    4.05783    23.9338    54.8747
    20.125     75.375   -7.33067    -10.117   -34.3308   -23.0936    13.1918    19.7399   -1.10481   -22.0224    61.5517
    20.125     75.625   -14.7839   -16.1734   -42.1687    -27.922    5.54492    9.34855  -0.290892   -6.38046    38.1448
    20.125     75.875    -10.976   -16.7197   -31.3792   -27.5672      5.961    9.32177    9.79902     5.0266    32.0755
    20.125     76.125    1.20409   -6.30115   -6.02163   -7.57895     25.084    27.6316    35.2233    14.2386    34.3412
    20.125     76.375    4.74341   -1.91644   -1.54245    -4.3286    22.8403    25.2873    28.2548    21.5114     26.364
    20.125     76.625   -15.3629   -15.4828   -22.5432    -25.222    3.36782    10.3227    44.6264    49.8997    39.1038
    20.125     76.875   -28.5379   -25.0716   -32.1881   -34.8695    2.35374     12.585    35.4441    64.0932    43.3868
    20.125     77.125   -23.4386   -33.5712   -20.1816   -25.3055    12.6459    20.1129    19.3278    22.9421    45.1268
    20.125     77.375  -0.156421  -0.471171   -7.62979   -14.2479    23.9513    31.0986    10.7519    9.54748    49.0593
    20.125     77.625   -10.3791  -0.991881   -46.8944   -50.8002   -4.81891    3.83555    23.0564    -21.617    27.4882
    20.125     77.875   -13.5677    -8.8347   -23.5134   -25.2614   -2.28018    5.23475    21.8681    15.3551    26.5463
    20.125     78.125   -25.0775   -15.9645   -39.2247   -38.5017   -7.63756  -0.997833    24.7689    20.0053    35.9725
    20.125     78.375   -18.9561   -15.7511   -28.4085   -34.6409   -4.43941    3.23463    28.0507    5.36093    42.8515
    20.125     78.625   -27.5702   -15.7538   -27.9816   -34.0892   -3.17214     9.0314     15.774   -34.4729    60.5227
    20.125     78.875   -29.6978   -16.3986   -44.3525   -34.5471    6.89622    19.9733    18.4243   -44.2694    64.1921
    20.125     79.125   -72.5016   -44.2107   -83.7211   -52.5446   -11.1589   0.992142    21.9716   -40.6585    73.5916
    20.125     79.375   -59.7852   -24.3951   -93.9062   -56.9103   -26.0477    -17.799    9.45003   -33.4161    79.5944
    20.125     79.625   -31.6341    5.02443   -75.7864   -38.7455    -1.6519    9.03326    12.7213   -22.6655    70.4688
    20.125     79.875   -23.1887    16.5988   -90.2708   -39.8359   0.617998    10.4496    6.71799   -13.7573    64.5485
    20.125     80.125   -35.7143    9.51186   -90.8616   -44.3425    -5.1278    4.06003    7.89115   -13.0203    63.7954
    20.125     80.375   -60.1246   -11.0188   -91.5472   -50.1053    -10.908   -2.23135   0.952452   -30.0966     65.262
    20.125     80.625    -27.035    7.63361   -88.9986   -59.6045   -21.4088   -14.7584    6.14888   -25.1085     71.194
    20.125     80.875   -25.9745    10.0044   -72.3341   -43.7191   -15.4263   -19.0536    1.74611   -30.5831     81.294
    20.125     81.125   -21.5364   -1.06484   -56.0513   -94.2286   -48.8236   -37.2187   -5.66432   -17.7958    83.7882
    20.125     81.375   -18.9046    2.13445   -65.6364   -74.7113   -45.7016   -31.5847  -0.787894   -11.0929    51.4845
    20.125     81.625    1.34548    5.22248   -62.7073   -44.1286   -47.9282   -35.1326   0.134148   -30.2222    53.7123
    20.125     81.875      11.55    14.4164    -34.417   -8.02348   -3.26782   -14.3594    4.01285   -58.2243     41.753
    20.125     82.125    18.1101    15.5149   -32.0922    4.16631     20.049    4.31356    1.52752    -65.704    50.3043
    20.125     82.375   -2.86991   0.634299   -31.6435    2.65364    33.0121   -10.3898   -42.0599   -75.0198    42.5593
    20.125     82.625     3.4239     4.7857   -76.6586    -50.965   -25.2383   -16.7989   -34.5933    -61.411    25.8884
    20.125     82.875    21.5331   0.802976   -52.8405   -70.0593   -33.9682   -23.0917   -60.7801   -55.0467    27.9556
    20.125     83.125    10.8851    10.6421   -72.6446   -45.4219   -9.90547   -22.2254     -8.247   -75.5401    36.7007
    20.125     83.375    17.8865    12.8585   -44.8479   -84.6198   -50.7211   -37.0324   -19.1978   -48.6788    21.7334
    20.125     83.625    12.7461    11.1619   -20.9571   -76.8489   -45.2677   -39.5679   -30.6079   -36.7247    25.0202
    20.125     83.875     15.792    3.60403    3.04859    2.20469    13.2125    7.53939    5.46278   -24.5704    78.0674
    20.125     84.125    18.2895    9.13185    -6.4999    -17.044     3.2936    11.1901    11.4521   -28.6109    85.1309
    20.125     84.375    6.91264    1.39276   -78.2318     -40.08   -3.62595   -15.3844   -11.7617   -14.1782    60.0735
    20.125     84.625    19.3851    2.02167   -3.06042   -1.80574     6.4189   0.111752    2.73454  -0.645039    41.1856
    20.125     84.875    16.5004    4.08619    10.1559    6.66635    22.0167    6.34728    4.80823    9.88416    40.9149
    20.125     85.125    36.1004     10.037   -2.05892    2.46016    18.8084    19.9445    7.43903    33.3105    51.6928
    20.125     85.375    25.9989    11.4443   -21.8942   -5.45365    12.9796    13.7377  -0.161853    18.1307    43.0636
    20.125     85.625    27.1833    4.70713   -29.8798   -56.5422    -29.856   -16.7137    1.14007    23.0619    50.9546
    20.125     85.875    18.5299     2.8357   -33.7358   -28.3437   -5.22424   -3.52267   -16.2966    29.5148    38.7993
    20.125     86.125     23.569    5.86442   -46.5962   -63.9746   -15.5786    -16.158   -30.7301    3.04679    52.2715
    20.125     86.375     24.995    2.85336   -29.5056   -51.0427   -11.4239   -13.3954   -24.6534     3.1229    52.3608
    19.875     72.875    41.1813  -0.865069    -57.282   -33.8722    10.3982    13.3405   -1.04702   -25.6078     39.837
    19.875     73.125    39.4811    11.2667    -47.527   -24.2654    17.8607    21.7934    16.5518   -16.4269    44.7359
    19.875     73.375     47.286    31.3684   -7.86911    2.86152    25.8157    29.2602    41.2591    10.0048    41.9731
    19.875     73.625    34.3275    20.9964   -27.0509    -6.3869    16.1088    21.5031    17.9003    27.9202    23.8769
    19.875     73.875    34.0342    15.7718   -17.1016   -8.14825    13.3364    18.8181    8.23788    40.4006    24.5898
    19.875     74.125    20.1469   -4.56019   -2.24523  0.0498158    19.9304    23.9167   -4.74742    1.74206    49.5933
    19.875     74.375    10.1571   -11.3739    8.03998    9.67561    18.8924    21.1056    7.38118   -27.2243    34.7899
    19.875     74.625    20.2288    -3.9999    18.6083    22.0232    34.7772    37.7195    23.4655        -24     57.684
    19.875     74.875    39.9458    27.6231    16.7155    13.5896    30.6607    33.0117    23.4377    20.2002    37.4605
    19.875     75.125  -0.100108   -14.1227   -5.71683    1.05363    19.3031    23.9388    12.3419    20.0496    26.7616
    19.875     75.375   -4.69897   -25.8277   -20.0254   -19.4488    15.6862    21.7077    2.54407     2.1879    41.0681
    19.875     75.625  -0.600868   -12.6699    -10.162   -5.25172    20.8217    24.2195    18.9832    7.42718    19.1077
    19.875     75.875    9.52949     7.1292    2.74595    1.50828     23.836    26.8658    26.2455    8.22895    20.9756
    19.875     76.125    17.8513    6.14994    8.57992     9.4137    31.3428    30.9367    30.4633    16.5879    23.6045
    19.875     76.375    22.0968    7.03878    10.3688    14.2713    34.0994     31.801     28.325    25.1985     25.256
    19.875     76.625   -30.3233   -31.1181   -40.5561   -37.4697   0.406475    5.87056    17.9059    36.2384    17.7124
    19.875     76.875   -39.9403   -32.2268   -55.4372     -60.48   -13.3294   -4.24051    18.6043    53.1199     22.227
    19.875     77.125   -15.0322   -16.9944   -18.2724   -25.0348    11.5989    20.8682    1.91109    55.9544     52.112
    19.875     77.375   -12.7746   -9.94249   -20.1388   -19.9916    17.4743    22.7403    -7.0751    18.8612    50.0511
    19.875     77.625   -21.4721   -6.48066   -64.7708   -61.0312   -10.7824    -2.5668    13.7714     22.802    20.8162
    19.875     77.875   -27.9319   -13.1585   -42.9187    -36.686   -4.06069    3.22207    18.8582    30.0972    37.7736
    19.875     78.125   -23.3069   -13.8194   -46.3845   -45.5533   -11.4732   -3.23008    21.7451    15.6038    52.8827
    19.875     78.375   -24.6986   -21.3721   -44.2991   -40.6524   -8.15447  -0.562472     24.559    4.52621    57.2099
    19.875     78.625   -23.7065   -23.1852   -32.6344   -35.8236   0.785273    11.6813    29.9513   -55.1849    75.0182
    19.875     78.875   -7.41425   -3.89517   -23.1837   -20.0171    17.6461    31.9869    25.4414    -49.395    82.8675
    19.875     79.125   -7.29812   -1.08289   -18.9259    -12.737    21.5939    31.6278    24.0333   -14.5568     76.076
    19.875     79.375   -68.0005   -44.9659   -74.6935   -49.1279   -7.65684    4.19733    15.0544   -31.7043    79.3767
    19.875     79.625   -52.8041   -18.9286    -73.108   -42.1736   0.267493    11.7592    15.1337   -29.5207    74.4483
    19.875     79.875   -36.2173    7.95238   -87.7933   -43.3203   -1.06514    10.7605    12.5597   -20.0318    73.3214
    19.875     80.125   -21.5456     10.311    -84.548   -61.4923   -21.1021   -13.9465   -2.46063   -15.9462    87.4057
    19.875     80.375   -29.9265    1.84309   -82.1152   -61.1455   -20.8272    -12.377   -4.92332   -22.2435    84.9239
    19.875     80.625   -25.5768    14.0176   -86.8869   -62.4045   -23.4992   -14.5673    6.72038   -24.4244    83.2054
    19.875     80.875   -36.4361    14.0209    -91.742   -56.3066   -19.3903   -11.9425    12.3173   -32.6972    78.3153
    19.875     81.125   -58.4606    12.7162   -83.7209   -48.6562   -27.9676   -23.1978    16.4201   -48.2689    77.2791
    19.875     81.375   -44.5327   -14.9448   -64.6398   -95.0239   -45.7142   -28.7273   -9.10307   -29.6441    76.6506
    19.875     81.625   -11.1035    2.35694   -66.2002   -64.7378   -48.0627   -39.1968   -3.82895   -33.9422    67.8287
    19.875     81.875    14.6338     18.527   -51.3583   -19.3738   -13.8954   -25.0888    8.19596   -71.7647    90.8752
    19.875     82.125   -2.27437    12.5074   -47.7618   0.133576    24.2775     13.201   -5.04131   -56.7544    53.8897
    19.875     82.375    7.78613    4.43859   -18.5672    5.13782    17.4641    18.4217   -1.19345   -18.8945    30.4612
    19.875     82.625  -0.345266     7.6604   -69.8865   -17.1403    8.37929   0.853404   -20.8943    -94.971    40.4804
    19.875     82.875    3.34679    8.02985   -47.9654   -21.1694   -8.46601    -20.809    -16.964   -97.2584    40.3019
    19.875     83.125   0.421905    9.88263   -63.5693   -49.9756   -24.1381   -17.1989   -15.5195   -87.3366    39.6908
    19.875     83.375    13.7797    10.5746   -48.6627   -61.7674   -30.0473   -37.6938   -23.3977   -62.0974    52.2217
    19.875     83.625    15.8425    4.72019   -13.5938   -23.3976   -2.82175   -7.70171    4.26452   -63.4146    34.5831
    19.875     83.875    11.5809  -0.354166    -23.735   -36.1462    -13.628   -12.3963    14.0525   -59.3972      45.89
    19.875     84.125    10.0357   -13.6528    6.31274    18.3227    8.50425    -4.4974    14.5135   -28.3673    40.5978
    19.875     84.375    7.42618   -19.2508     2.4867    14.5755    9.30859   -5.38603    7.98724   -45.1152    39.6309
    19.875     84.625    17.1731   0.285957    29.3007     27.785    18.6274    4.06743    8.89767   -15.4016     34.255
    19.875     84.875    10.5211    5.71094    -7.6067     1.9668    9.96075    9.61044    1.04513    15.1557    29.5851
    19.875     85.125    4.74407  0.0602701    -36.173   -15.7799    12.0071    13.5863   -34.3689    13.4581    34.2303
    19.875     85.375    32.2885    17.5422   -24.0159   -41.4375   -8.22202    -2.0172   -28.3711    6.06208    24.6567
    19.875     85.625    19.4792    28.9921    -58.901   -48.3173   -11.8972 -0.0329513    3.94039    6.62082    24.3215
    19.875     85.875    26.0307    20.7082   -26.7747   -59.1631   -21.0827   -10.4579   -39.2004    16.7001    34.9806
    19.875     86.125    29.9576    21.4331   -29.6546   -63.7787   -18.3373    -11.905   -33.7788   -1.49442    56.0668
    19.625     72.875    29.9389   -3.05734   -46.5789    -37.039    12.0016    14.9635    1.19438    1.97669    41.4743
    19.625     73.125    33.8049    1.89266   -64.1038   -39.6942    9.89986    13.7373    6.17245   -7.28436    35.3264
    19.625     73.375     30.486    9.61788   -54.1563   -29.1764    9.39508    12.7955    7.07692    12.7685    33.1416
    19.625     73.625    38.6925    32.7654    12.8977    17.9091    32.9201    36.9971    39.4513   -26.4979    45.9535
    19.625     73.875    36.8884    17.1896   -10.3323   -5.87924    15.2391    19.7515    32.6171   0.471193    40.9461
    19.625     74.125     27.847    2.14223   -21.6393   -18.6195    7.10154    11.8403   -11.0255    6.88238      41.44
    19.625     74.375    20.3695   -8.53762    13.6687    18.5891    32.8854     35.768    3.64297    3.78375    59.6698
    19.625     74.625    13.8941   -14.0516    11.4842    15.2173     28.823    31.1762    20.0819   -39.2183    49.0858
    19.625     74.875   -2.91109   -30.8626   -4.02405    6.36117    22.4753    24.7489    18.8279   -12.3306     36.901
    19.625     75.125   -3.47992   -18.2181   -5.63756    9.01993    28.8177    34.2418    16.8188    13.4759    24.9689
    19.625     75.375    -5.0342   -29.8564   -1.17527    4.56622    24.6821    29.0368    1.58733     16.094    29.5846
    19.625     75.625   -29.0704   -54.2714   -11.6989    5.01553    25.5646    29.9922    7.49757    21.9064    20.9062
    19.625     75.875   -38.7437   -56.2326   -13.9262     11.611    27.4495    30.4935    30.0854    34.7975    23.2633
    19.625     76.125   -10.2409   -36.5972   -13.2948    6.76259    31.1416    34.4436    25.4733    25.7089    23.0635
    19.625     76.375   -27.9682   -48.4223   -26.6626   -23.1491    6.71608    11.1111    1.23965    35.1264    21.1031
    19.625     76.625   -40.5986   -49.1717   -57.4863   -39.2413   -13.0782   -9.10936   -27.8965    38.3026    5.67424
    19.625     76.875   -87.4291   -91.7837   -93.0879    -62.593   -28.6743   -23.7888   -47.5991    16.2738   -1.52938
    19.625     77.125   -62.2512   -61.9655   -79.1015   -65.9201   -16.2094   -7.77796   -43.1244    36.7774    18.4901
    19.625     77.375   -34.9445   -26.1479   -51.1729   -53.5849   -7.33385     1.2249    8.27034    32.7013    22.9215
    19.625     77.625   -7.61303    4.14996   -28.6289   -18.0459    21.3118    24.9508    13.4687    46.0487    25.2841
    19.625     77.875   -18.8393   -4.95158    -40.314   -40.5786   -6.28334  -0.876306    14.4928    14.3859    9.97963
    19.625     78.125   -24.3286   -10.4945   -34.6687   -50.0392   -6.99261    11.0752    19.1276    14.9019    37.5444
    19.625     78.375    -5.4132   -7.20492   -43.6874   -35.4354    3.94902    15.4536    7.00278    3.08824    48.5813
    19.625     78.625    13.7238     3.7163    11.3943    25.4085     52.072    65.0941    36.9175   -37.9642    88.5331
    19.625     78.875    1.82078  -0.322636   -3.26747   -6.85228    24.8239    39.5481    31.2553   -28.4786    97.5063
    19.625     79.125   -35.8039   -17.6103   -86.9331    -67.695   -17.1058   -2.39408    17.8999   -13.0416    60.4107
    19.625     79.375   -59.7949    -38.019    -67.279   -39.1849    6.13906    20.8686    14.6489    -49.308    66.1501
    19.625     79.625   -35.3957   -8.22418   -80.3598   -48.8782   -8.71584    2.31836    20.2007    -39.163    81.3889
    19.625     79.875   -30.1334   -2.43231    -84.092   -49.3727   -12.4396   -3.58465    21.7455   -28.6043    79.0774
    19.625     80.125    -32.585   -6.35501   -86.3877   -57.7017   -16.0267   -6.17578    20.3219   -27.5458     75.628
    19.625     80.375   -21.8447    8.17782   -84.6644   -59.9712   -20.0966   -12.1988    2.75075   -32.7956    86.6549
    19.625     80.625   -31.8704    7.91591   -78.5175   -45.2936   -14.5409   -14.1336     3.8028   -37.5298    82.5231
    19.625     80.875   -14.3132    12.4741   -43.7483    -25.631   -8.85047   -13.6447    3.62763   -29.5335    81.3819
    19.625     81.125   -43.1602    12.1141   -76.7528    -57.652   -32.1145    -23.353    8.88298   -35.9208    86.3539
    19.625     81.375   -36.1702     5.1894   -83.6269   -84.1281   -46.6406   -28.7817   -3.22329   -19.5599    83.0951
    19.625     81.625   -23.2875    1.58583   -52.5233   -39.0537   -22.2414   -12.8806   -19.5229   -46.2929    88.7721
    19.625     81.875   -12.2479    11.3955    -47.766   -22.4154    7.44144    9.13717   -17.0139   -72.7776    86.2459
    19.625     82.125   -21.5564    17.2264   -70.6194   -6.62037      38.18    27.7058   -6.29048   -62.1458    71.6862
    19.625     82.375    3.16167    4.64543   -38.9139   -14.4528    4.90117    20.6438    2.18182    -92.083    45.6963
    19.625     82.625   -9.23472    10.4149   -56.7083  -0.720536    13.1266    5.57786   -8.44541   -50.8302    28.2869
    19.625     82.875   -4.71108    10.4257   -61.6082   -23.6505  -0.579744   -20.9543   -10.8209   -99.7572     54.579
    19.625     83.125    -17.182    3.22766   -76.1247   -63.3355    -22.831   -9.29418   -28.3013   -79.9016    67.9838
    19.625     83.375    1.40749    5.12711   -49.5732   -25.6265   -2.46532   -6.51489    4.14913   -78.9649    43.6446
    19.625     83.625    6.84983   -5.65002    5.42697    8.62648    15.8353    1.05888    6.60493   -40.7688    41.0488
    19.625     83.875    7.11935   -11.9788    21.1368    17.9773    20.3153   -4.21946    8.54918   -44.0068    43.4854
    19.625     84.125    11.2468   -7.71769     9.0158    17.9908    13.8549   -4.58056    19.8654   -52.0802    50.7837
    19.625     84.375    7.50268    -11.742    6.02598    15.6428    13.3172   -3.49242    11.7085   -47.0292    40.2456
    19.625     84.625    7.15082    4.43939   -12.7278   -4.51758    4.75973    5.12423    9.66558   -17.3011    38.0481
    19.625     84.875    13.1909    1.99404   -16.0718   -5.00495    8.89975    4.34979   0.727205     14.444    52.4247
    19.625     85.125    2.52532  -0.938698   -56.9963   -48.7795   -25.1595   -23.2169   -76.2462    22.4741    34.4289
    19.625     85.375     34.761    27.5405   -22.1298   -35.3103   -11.5443   -17.1085    -51.257    23.8656    28.0648
    19.375     72.875    34.9162   -4.42951   -48.6442    -43.873    9.27652    12.6163    3.75009   -3.90143    34.5987
    19.375     73.125    13.0961   -7.86571   -60.0245   -34.4437    12.8497    15.3609   -15.3041    4.68542    40.8646
    19.375     73.375    41.5285    12.3677   -44.6051   -28.1658    12.3225    17.0021    20.5607    20.6063    41.1495
    19.375     73.625    45.2868    42.0448    18.2666    18.2213    31.0893    33.7917    40.5852    -8.0345    53.6445
    19.375     73.875    33.1048    0.47792   -23.7097   -27.0403    3.76932    9.52044    24.3626    19.4365    49.3475
    19.375     74.125    22.9969   -4.39015   -5.69104   -2.64654    16.7262    20.9492    32.4939    6.43038    48.0495
    19.375     74.375    1.00477   -42.7506   -3.45609   -4.27207    16.9741    22.2181    24.2526    5.43796    47.3806
    19.375     74.625    11.6381   -28.5892   -6.67515   -11.4418    14.0614    19.0693    -3.5966   -30.4178    43.1422
    19.375     74.875   0.775576   -33.5132    5.88679    16.0486    32.4149    35.4562     11.237   -14.3083    50.6416
    19.375     75.125   -7.26293    -29.286    1.28448    21.1758     40.953    46.0142    2.72303    30.3992    36.8231
    19.375     75.375    3.16517   -24.7296    4.48235    11.0625    30.8092    34.9792    4.16258    14.4521    31.8343
    19.375     75.625   -36.8458    -65.953   -20.6627   -8.91832    13.0041    16.2042   -4.49539    21.1403    28.9824
    19.375     75.875    -55.441   -89.2715   -22.3993    3.52277    18.4282    21.4939    8.92532    40.0733    28.7245
    19.375     76.125   -46.3151   -70.1577   -20.1511    5.55337    24.3987    30.0216    47.6952    41.0871      32.87
    19.375     76.375   -42.5448   -63.4164   -19.2524   -8.07737    10.3938    15.2253    4.28132    42.0146    28.2531
    19.375     76.625   -55.0564   -65.7999   -59.7933   -40.5256   -8.92589    -5.0575   -42.6511    36.8622     13.298
    19.375     76.875    -70.895   -78.8652   -67.0688   -33.1967    4.94854    6.65753   -65.0996   -5.97451    23.7543
    19.375     77.125   -25.8273   -32.2061   -13.9929    15.3928    47.0651    48.3873    -3.1623   -10.8476    26.3327
    19.375     77.375    -39.078   -41.2182   -41.3159   -12.8876    18.2426    22.3168   -12.0483    12.0956    9.80279
    19.375     77.625   -49.5546   -41.6636   -78.2051   -54.1956    1.03805    11.8804    31.7987    27.3056    27.6945
    19.375     77.875   -16.2517    -4.2727   -31.2559   -27.9303    6.40369    18.8229    15.6447    22.6077    65.0331
    19.375     78.125   -3.11254   -11.5693   -31.1079   -38.4033    6.69956    19.5339    10.3904 -0.0654403    42.1388
    19.375     78.375   -10.0001   -9.45967   -39.2233   -37.4222   -6.37905    6.04611    9.09034   -7.47799    43.4303
    19.375     78.625   -6.84535   -6.54527   -37.5226   -38.9754   -5.16817    7.00934    12.6193   -9.32229    48.4682
    19.375     78.875   -1.46964     7.8236   -10.2194   -8.87154    27.0457    48.1407    37.1995   -4.86714    75.2478
    19.375     79.125  -0.694604    3.65603   -24.1099    3.31877     39.529    57.4122    32.2563   -20.2617    66.0292
    19.375     79.375    1.76725 -0.0269728    11.0825    35.3067    60.0365    75.6603    23.4058    -72.584    52.5081
    19.375     79.625    -10.739    5.32494   -19.8405   -5.47818    19.8305    27.5018    11.4456   -33.2955    69.0188
    19.375     79.875   -8.46649    11.5297   -82.8708    -60.384   -23.2308   -17.7956    11.9578   -33.9494    79.2633
    19.375     80.125   -18.9731    7.67322    -80.282   -60.1091   -18.8251   -8.62583     34.793   -26.0097     69.265
    19.375     80.375   -14.8141    13.4023   -71.0233   -61.3703   -19.5841   -8.29565    22.9163   -36.1706    75.5464
    19.375     80.625   -15.1744    16.5057   -52.1755   -19.5728     24.246    24.5267    19.2833   -50.0614     79.036
    19.375     80.875   -16.1765    14.4454   -42.2417   -12.3535    29.0839    30.0442    15.0688   -43.1701    81.6514
    19.375     81.125   -46.9835    5.86037   -88.1408   -77.4347   -41.5766   -23.1454 -0.0343934   -35.2362    85.3404
    19.375     81.375   -50.0738    1.95352    -79.692   -93.9641   -55.1116   -29.8207   -2.82025   -29.6534    79.4356
    19.375     81.625   -30.1472    4.09969   -80.8506   -89.4895   -71.8347    -41.251   -10.8178   -50.7132    64.9656
    19.375     81.875   -16.7407    7.80566   -64.5715   -34.5275    3.69096     19.574   -9.97989   -61.6356    58.4799
    19.375     82.125   -2.19621    11.6913   -70.4254   -22.2789    21.3721    37.4043     1.8862   -74.6536    40.1803
    19.375     82.375   -37.1351    12.3984    -62.403   -56.4066   -16.9967    5.16718   -10.0769    -43.555    30.9128
    19.375     82.625     -18.06     13.064   -49.9607   -18.4757    11.4222    6.54302   -11.2674     6.6088    38.5498
    19.375     82.875     4.7005    17.8269   -36.5778   -11.4732    14.5955    5.93911   -12.4294   -29.6584    38.3336
    19.375     83.125   -28.6531   -6.55698   -50.7073   -24.6179   -5.20585    1.61035   -2.80661   -82.5003    35.4733
    19.375     83.375   -58.3214  -0.830929   -68.2034   -33.0324   -13.6261   -6.40185   -13.5952    -68.093    23.0416
    19.375     83.625   -55.0031   -3.56091   -56.7732   -30.4131   -13.0622   -12.0692   -20.6307   -24.1507    39.8109
    19.375     83.875   -65.1099    -64.436   -36.0192   -6.40492    1.93705   -5.87534    1.49365    4.50695    55.9644
    19.375     84.125   -7.10368   -17.0532      5.687    5.75457    6.83759   -3.61454    15.1743   -39.5194    51.5519
    19.375     84.375    -6.8208   -5.66825   -1.74343     2.0542    9.72869    4.16435    16.7973   -49.1162    46.8466
    19.375     84.625    6.84767    5.97025    7.98252    7.29237    10.2941    5.02175    11.5814   -33.8436    43.6226
    19.375     84.875    14.7538    15.0396   -3.87351    1.35493    8.96179    8.57624    4.22757   -41.6456    46.2998
    19.125     73.125     33.861     5.3222    -30.286   -24.5979    11.1625    12.5318    38.0614     43.425    21.1407
    19.125     73.375    44.4282    23.8504   -5.87991   -6.16135     21.791    25.3772    43.6549    36.8946    22.3836
    19.125     73.625    31.4763    5.89673   -31.1574    -38.663   -6.05766    4.40638    4.25645    13.7317    26.1313
    19.125     73.875    37.1905    8.25311   -37.7409   -39.2709   -7.06316    3.56021    8.79965     1.3937    32.8277
    19.125     74.125    3.26682   -64.9091   -29.3166   -47.4107    -9.2351   -2.10004   -16.8475    6.53893    21.7181
    19.125     74.375   -9.71935   -54.4312    -11.168   -7.95226    13.9003    19.3356    23.3949    15.3198    44.5806
    19.125     74.625   -14.7684   -56.8864   -13.7993   -2.33711    15.0527    18.7829    20.8977   -5.14274    37.6337
    19.125     74.875   -34.0978   -69.9141   -21.5411   -0.23307    19.2469    23.4209    18.7262    37.8407     35.644
    19.125     75.125   -22.5166   -54.8341   -3.55547    19.4627    40.1865    46.1074   -1.18543    30.4517     44.913
    19.125     75.375    -30.845   -54.5837   -12.6514     6.8941    26.2157    30.5411    24.9046    18.4134     31.052
    19.125     75.625   -31.4458   -55.4016   -9.85431     6.2504    25.3472    29.7616    18.4955     19.067    33.4614
    19.125     75.875   -44.8748   -75.3259   -16.0473   -4.90279    11.6922    17.8622    4.10203    45.9044    37.5897
    19.125     76.125   -16.1345   -35.5375    2.98632    24.3059    45.6691    51.6806    48.1529    55.1998    43.5792
    19.125     76.375   -23.4412    -29.609   -4.20516    17.1093    36.7207    44.2093     37.766    59.9007    41.9842
    19.125     76.625   -23.1188   -29.2487   -22.3811   -3.99799    30.2178    37.6548    23.6519    37.7032    33.9683
    19.125     76.875   -25.3833   -30.6584   -20.7356    5.19828    47.0113    48.9393    2.01356    -14.783    35.2419
    19.125     77.125     13.193   -2.12275     32.962    55.1767    75.3277    78.2891    34.7275   -15.5246    26.8017
    19.125     77.375   -12.0347   -9.82604   -30.4532   -25.6177    6.32689    12.3942    10.4763   -7.51509    16.9453
    19.125     77.625   -23.9628   -16.2417   -63.4367   -29.7679    4.93333    10.8718    23.5798   -24.6419    22.8676
    19.125     77.875   -4.12646   -11.7499   -19.6272   -18.9271     7.6977    16.9247    1.92234   0.268364    52.9095
    19.125     78.125   -29.5539   -26.8637   -67.2279   -53.1616   -11.9262    2.61864   -3.35554   -9.04916    63.9874
    19.125     78.375   -19.9245   -6.89673   -50.6719   -27.4457   -1.93852    7.64634    4.18221    -3.2519    39.0353
    19.125     78.625   -15.0177   -4.41989   -54.3552   -31.8227   -6.23494    1.33987    11.1193   -4.62371    26.3754
    19.125     78.875    2.55789    7.20784   -38.9696   -21.3698    12.5679     26.489    19.8423    -1.3585    45.8995
    19.125     79.125   -2.61682   -4.59944   -60.8618   -38.0357   -1.88136    16.3059    31.1943   -4.36857    47.8208
    19.125     79.375    5.44821    2.73678    -8.3457    23.0633     55.257    67.2848    14.3798    -51.335    56.9287
    19.125     79.625   -7.26895    8.76709   -13.1513    21.9097    53.4442    60.6512    14.5064   -36.5886    55.4137
    19.125     79.875   -30.6612   0.866184   -61.9203   -40.3417   -10.1198   -1.60353    8.80533   -39.4145    57.7112
    19.125     80.125   -32.1446    14.8816   -88.8631   -69.1341   -27.9504   -21.8887   0.794425   -42.4038    49.9126
    19.125     80.375   -8.02622    14.2564   -73.6645   -68.6912   -27.3532   -16.6855    5.37387   -40.9129    62.5887
    19.125     80.625   0.710917    17.5818   -15.2233     17.149    47.3564    48.0936     27.313   -45.3397    58.9022
    19.125     80.875    -14.169    10.1268   -43.6827   -20.0747     37.862    48.5975    9.89308   -64.4857    55.9994
    19.125     81.125   -27.7879     9.8246   -63.2489     -49.91   -11.8917    2.53972    9.55763   -61.7269    55.0017
    19.125     81.375   -31.4426    11.2483   -71.0957   -92.9144   -58.3312   -28.5009    1.88177   -40.5688    51.2695
    19.125     81.625   -26.3538    16.4089   -38.8673   -40.0758   -28.6184   -17.8658    11.5291   -34.9618     56.035
    19.125     81.875   -49.5472   -3.68405   -61.8441   -25.4956   -30.0496   -7.45985   -5.43987   -42.5587    63.5975
    19.125     82.125   -2.43214    23.3729    -34.908   -3.64031    25.6272    25.2873   0.615404   -44.7149    28.3614
    19.125     82.375   -3.89446    18.9911    -40.901   -31.5173    11.2207    17.8463   -7.54523   -34.3468    48.6384
    19.125     82.625   -14.1137    10.2379   -77.5135   -35.8334    20.1277     28.559   -29.7874   -19.2569      74.01
    19.125     82.875  -0.905913    13.8515   -57.8808   -45.0226   -18.4401   -13.6215  -0.447456   -40.9663    56.0036
    19.125     83.125   -63.6805   -17.5516   -71.7721   -39.6151   -20.2742   -13.5078    9.07418   -66.4506    13.3262
    19.125     83.375   -44.6693    3.00748   -52.0102   -21.0181   -4.61702   -5.30444   -14.2664   -16.0065    27.1016
    19.125     83.625   -50.6007  0.0941978   -73.9828   -44.1418   -23.3644   -13.9101   -12.0509   -14.8444    45.0887
    19.125     83.875   -49.0434   -29.2879   -44.7511   -16.8536   -3.99832   0.582041   -8.02094   -11.2168      48.44
    19.125     84.125   -29.8283   -30.0053   -15.8773   -10.4381   -5.21319   -3.05678    10.6816   -36.2475    41.6034
    19.125     84.375   -43.0806   -28.8602   -45.2726   -31.0529   -14.5028   -10.5703    2.04618   -37.5516    45.4274
    19.125     84.625   -3.66107    2.56477     -9.221    0.46118    2.88693   -10.2622   -4.10135   -29.3117    52.6844
    18.875     73.125    38.3079    7.97331   -51.2246   -49.7791    12.1501    14.7193    23.9688   -71.0367    37.8464
    18.875     73.375    37.8621    24.3111    1.37287   -7.00174     20.003     24.141    24.4132   -4.33049   -17.1028
    18.875     73.625    34.9624    6.58994   -6.93225   -9.23741    17.0658    28.0269    4.51538   -26.7329    23.9841
    18.875     73.875    40.1204    12.1905   -22.4176   -36.3767   -3.06317    6.99879    9.66827   -33.7871    14.8576
    18.875     74.125   -26.5308    -53.745   -49.7546     -37.35   -10.9544   -5.67384   -41.3812    5.10958    33.9128
    18.875     74.375   -19.3795   -85.6519   -44.6822   -56.4077   -13.0146   -6.15709    1.49623  -0.105492    20.3172
    18.875     74.625   -24.9293    -58.698   -29.4882   -21.4643    1.43891    6.33243    39.1402   -5.99085    23.3355
    18.875     74.875   -22.0726    -55.078   -16.7895   -1.49644    17.8779    22.8243    8.61043    34.5921    38.1417
    18.875     75.125   -41.7573   -73.0036   -27.3663   -14.6549    4.55383    11.8736   -9.18314    40.1413    30.6176
    18.875     75.375   -40.6961   -61.2034   -30.4911   -11.2565    14.0766    22.5066    43.9341    28.2084    4.92786
    18.875     75.625   -33.9831   -64.0515   -7.81737    11.1747     31.111    39.0743    13.0051    37.8709    30.0572
    18.875     75.875   -60.8086    -89.536   -29.9338   -12.4911    5.47027    11.9143   -12.7725    57.0165    29.6323
    18.875     76.125   -10.8342   -31.4432    4.22858    23.0413    49.4718    54.9458    81.9941    56.9911    44.5858
    18.875     76.375   -20.2874   -30.1578   -4.90075    25.0363    47.1509    55.6263    18.1888    57.9236    47.3525
    18.875     76.625   -10.9652   -24.7937   -17.9171  0.0377123    46.1318    56.7923    32.7559    15.3849    55.5921
    18.875     76.875   -11.8398   -14.9585   -22.8827   -1.34333    14.2742    20.1277    21.9114    8.40184    25.3579
    18.875     77.125   -9.59108   -14.4925   -22.9009    10.7867    34.5783    37.1666    37.1829   -6.84004    32.6103
    18.875     77.375   -27.9962    -18.434    -63.401   -37.6281   -7.02596   -1.88922    18.2242   -7.26019    24.9781
    18.875     77.625   -5.41586   -3.73351   -25.5276   -10.9435    18.8193    20.8495    19.5039   -23.4191    32.5286
    18.875     77.875    2.65638    -2.2754   -7.98736   -3.72621    22.7634    29.9187    21.2386   -11.4082    20.2432
    18.875     78.125    2.51627  -0.176911   -1.51052    14.3482    40.0014    48.3934    8.57064   -5.83586     17.895
    18.875     78.375   -99.7704   -97.3656   -86.4853   -58.8933   -44.5832   -42.7225   -35.4747   0.108261    31.0444
    18.875     78.625   -19.8457   0.583739   -55.5988    -14.465    12.6037    13.4824    11.4221   -19.2144    33.7601
    18.875     78.875    2.65649    5.31743   -11.1334   -9.58279    8.03972    14.2975    13.4389   0.398877    6.20379
    18.875     79.125   -5.61284   -2.08229   -33.3019   -22.5499  -0.173015    14.1236    12.1652    7.88954     28.456
    18.875     79.375  -0.632414   -6.84163   -64.7834   -36.7095    1.75423    13.6631    9.55324   -19.5954    14.5593
    18.875     79.625   -10.3624   -4.03261   -50.7841   -22.5222    4.70443    15.4013   -2.82916   -16.1052    15.0033
    18.875     79.875   -21.3038    7.93555   -68.7364   -38.6327   -8.01096  -0.197443   -2.67579    -46.767     25.117
    18.875     80.125   -20.6841     13.515   -89.1726   -53.1452   -17.8585   -11.5439    -7.7423   -33.4765     20.718
    18.875     80.375   -16.9082     13.921   -69.9784   -61.9541   -19.7583   -1.57368     3.0193   -57.4063    22.6523
    18.875     80.625     4.7094    14.8391   -25.7866   -17.0385    10.0757    30.8263   -2.01069   -56.6143    24.7468
    18.875     80.875  -0.173782    14.7539   -30.9069   -18.0836   -1.98172    15.3047  0.0306597   -52.4114    25.1439
    18.875     81.125   -6.59692    13.7859    -50.008   -50.7786   -42.2041   -27.3002      1.645    -63.399    26.2249
    18.875     81.375   -27.7662    19.8978   -39.9068   -32.0009   -2.01063    8.72876    9.66966   -46.8791    30.0021
    18.875     81.625   -23.6908    15.7235   -48.6824   -44.4271   -34.9749   -24.2609    8.75567   -22.2141    48.1577
    18.875     81.875    1.72331    18.1713   0.843953    22.9072    29.9217    8.38171     17.686   -13.7305    35.1871
    18.875     82.125    5.73055    17.2282   -24.4597   -17.4544    7.00991    25.4996    8.65242   -10.0827    28.7203
    18.875     82.375    6.26484    21.2651   -21.8337    -37.814   -18.4439  -0.715861    9.06907   -16.4752    42.9757
    18.875     82.625   -11.5371    6.49674   -28.6964   -9.62931    17.5912   0.929116    2.18491   -53.4451    61.9951
    18.875     82.875    -10.616   -5.81201   -8.68952    4.61456     32.796   -13.2284    21.5824   -26.5296    67.9366
    18.875     83.125   -95.9311   -79.3187   -76.0483   -36.4544   -14.4074    1.57545    17.2166   -21.9203    36.2085
    18.875     83.375   -46.4726   -8.19379   -37.3382   -2.60261    1.80071   -1.41496   -1.21992    -34.461    38.1245
    18.875     83.625   -14.9905    -2.3935   -20.5601    2.96214     6.3163    6.15307    -4.1489   -49.4174    40.4633
    18.875     83.875   -20.7306   -3.33488   -28.5379   -4.32337    4.67067    7.97163   -8.70115   -29.4158    43.4982
    18.875     84.125   -56.4056   -37.6752    -42.011   -17.6524   -2.50621    1.50286    4.53047   -7.41964     31.646
    18.875     84.375   -43.6662   -40.0987    -28.163   -11.5877   -4.04713   -7.31884   -14.1329   -3.26607    40.1659
    18.625     73.125    51.8623    36.8405   -18.9387   -26.3036    23.7082    25.0795    28.3291   -50.0828    35.5502
    18.625     73.375    34.9605     18.857   -12.1376   -46.6512    3.72823    12.7809   0.638618   -18.9352    30.0215
    18.625     73.625    17.5001    1.17221   -17.4725   -36.2341    14.2639    25.6745   -3.05124   -33.1288    20.9805
    18.625     73.875    25.8921    9.46997   -3.54034   -19.0495    11.8593    17.5948    15.0134   -34.2944    20.2134
    18.625     74.125    7.35967   -32.2737   -49.5679   -38.7055   -2.81011     2.8173    20.3078   -24.2799    30.7454
    18.625     74.375     39.411   -42.1574   -20.3559   -55.1672   -12.1435    -5.8089    12.3883    6.23935    16.6595
    18.625     74.625    -14.561   -56.1245   -53.0937   -50.9377    -15.716   -8.36973     30.074    25.5051    19.9112
    18.625     74.875   -37.7731   -61.2804   -42.0245   -22.9198  -0.916812    1.89173    16.6784    48.3078    15.3716
    18.625     75.125   -60.0598   -93.7106   -37.0908   -19.1263    1.25117    6.47634    32.8118   0.768705    14.4164
    18.625     75.375   -45.0206   -73.2878   -23.5061   -6.35248    5.89353    10.8309    50.4479    24.1922     17.775
    18.625     75.625    -52.153   -59.3966   -43.5889   -23.7813   -2.31647      4.996    39.3591    30.2892     5.8683
    18.625     75.875   -48.8902   -55.7147   -39.9831   -20.7519   0.580571     9.4805    30.7413    32.6542    12.5937
    18.625     76.125   -41.7897   -40.3737   -40.0761   -33.5897   -14.5448   -8.20695    37.1929    23.7924    21.0875
    18.625     76.375   -23.5981   -18.9218   -45.8395   -12.4091    16.2399    22.4219   -2.27553    16.1466    23.7707
    18.625     76.625    7.66531    -3.0181    23.9558    32.1703    33.4551     41.325    17.8481    12.1197    22.3601
    18.625     76.875   -11.9718    -9.4419   -25.2764   -23.0084   -4.37907    1.76124      2.342    6.24474    19.5934
    18.625     77.125   -16.8486   -8.99862   -28.3417    -20.195    4.90795    13.9765    26.5087   -29.6949    29.2252
    18.625     77.375   -48.4187   -19.2744   -84.7434   -51.4494   -13.2797   -4.47283    2.95199   -67.0709    17.7279
    18.625     77.625    3.35279 -0.0486565    -44.886   -29.0331    8.51598    17.1478    15.4299    -73.132    11.3659
    18.625     77.875   -10.8702   -2.52255   -50.7082   -17.4734    9.97612    21.8001    7.09156   -13.4157    26.9412
    18.625     78.125    6.66566  -0.845977   -12.5584    25.1018    32.8841    36.4555     6.9702   -11.0873    25.9657
    18.625     78.375    5.91788    3.73406   -22.2364   -15.7982    4.79737    15.0958    11.8825   -20.0302    31.9748
    18.625     78.625    -18.813   -4.03484   -56.2331   -38.4748   -12.6055   -7.39638   -26.6214   -7.31441    40.0674
    18.625     78.875    3.23397   -5.19629   -32.4091   -37.4684   -8.78315    2.52793    4.73361   -1.62394   -1.18773
    18.625     79.125    1.76172   -1.99816     -50.26   -60.2641   -22.0444   -5.54016    1.83324   -5.35258     53.898
    18.625     79.375   -1.39011   -3.12149   -44.5283   -43.6917   -2.20406    12.0081    1.03236   -11.9853    26.4569
    18.625     79.625   -17.0829   -9.01744   -96.2589   -49.8927    -7.3462    3.83748   -7.07655   -23.6495     11.982
    18.625     79.875   -3.56862    5.05853   -53.2866   -33.2778   -3.17192    7.06999   -3.90895   -30.1379    25.8977
    18.625     80.125    0.68367    6.11462   -52.9578   -37.7589   -7.22419    1.05621   -4.24322   -46.0537    25.3582
    18.625     80.375    1.99092    4.51174   -47.3025   -35.8738   -8.32969   -1.29467  -0.970683   -37.4844    22.0604
    18.625     80.625   0.390858    13.1099   -37.5109   -43.1515   -18.8126   -5.27242    1.86049   -39.8969    25.9475
    18.625     80.875   -7.79895    5.46919   -38.4191   -34.3032   -18.0846   -6.44324   -4.36222   -21.1155    5.93463
    18.625     81.125   -13.9182    2.94725   -29.0108   -34.2886   -28.8964   -16.7667    1.79541   -31.9843    4.29712
    18.625     81.375   -30.4722    10.5335   -80.2188   -63.1981   -33.8059   -17.1649    12.6611   -30.1241    15.2819
    18.625     81.625   -20.1594    14.1566   -57.6276   -41.2339   -15.6715   -16.0456    10.8923   -19.5849    20.6144
    18.625     81.875   -3.30434     9.9005   -74.0873   -57.4354   -22.0285   -7.48922    6.04945   -20.9434    36.4151
    18.625     82.125    6.38208    15.1264   -32.4289   -36.2604   -19.1818    3.25435    7.81418   -10.9893    35.1774
    18.625     82.375    2.05912    22.7337    5.96227   -3.70161  -0.143872    13.9089    7.98085   -37.4523    33.3155
    18.625     82.625   -10.3902    21.2223   -2.61774    4.60213    9.97044     14.873    20.8152    -52.847    30.5852
    18.625     82.875   -58.4539   -39.3203   -49.5098    -38.085    5.40692    15.5801    27.6723   -11.0487    63.5629
    18.625     83.125   -84.0558   -55.0645   -73.1781   -53.2284   -20.2673   -1.29727   -26.2083    4.75727    49.5406
    18.625     83.375   -90.1441   -52.4016   -66.5923    -37.984   -6.15849    6.23737   -1.96322   -18.9141    27.0418
    18.625     83.625   -57.5586   -21.7157   -35.7403   -8.15565    5.82928    2.12257   -16.9793   -27.7375    38.0085
    18.625     83.875    -61.801   -36.5251   -43.0579   -16.8364  -0.439461    -6.0982   -14.6083   -14.3845    45.9038
    18.625     84.125   -47.6555   -47.0631   -25.4354   -8.20921    8.55711    12.2903   -21.0024   -10.7095    58.0737
    18.375     73.125    18.7668     4.6548   -42.1066   -43.0919    15.3034    14.7572    3.51757   -44.8526    32.9487
    18.375     73.375    4.39637   -1.23239   -77.1337     -52.67    -14.065   -8.24639    -17.612    -61.049    12.0545
    18.375     73.625    19.7939    8.34072   -14.0282   -22.1321    23.7088    43.7232    5.64665   -32.6037    21.5367
    18.375     73.875    18.1602   0.672857   -31.7012    -42.253    5.57547    14.0056    3.36668   -58.5019    21.7041
    18.375     74.125    13.0617   -24.7148   -45.8361   -49.8879   -13.7844   -3.76062    23.4594   -27.9345    12.4351
    18.375     74.375    23.8502   -10.6581   -12.9844   -17.6973     2.7482    7.31639    64.2819   -13.6209   -4.62537
    18.375     74.625   -31.7541   -72.1764   -50.3179   -36.5727   -4.63798    2.49886    55.8591    11.4458    26.5068
    18.375     74.875   -56.7262   -94.0368   -54.3434   -35.1423   -1.92142    4.31171    29.7422    7.54219    39.1293
    18.375     75.125   -37.7709    -73.137   -39.4176   -34.8118   -8.50221  -0.235557    29.9698   -17.6241    27.4407
    18.375     75.375    12.9306   -4.79531   -22.1959   -12.9422    1.13325    5.73324    68.5807   -11.0998    28.2532
    18.375     75.625   -36.5201   -60.6235   -34.7193   -24.8462  -0.655818     7.6283    76.8918   -11.9402    28.4973
    18.375     75.875   -64.8424   -66.8735    -71.683   -48.6035   -11.8997    -2.1977    26.1116    10.2125    18.1698
    18.375     76.125   -45.8526   -39.5138   -44.8987   -24.8684    0.38538    9.28891    32.8194    -5.1263    32.8476
    18.375     76.375   -40.4787    -27.724   -32.7721   -12.4339    11.9004    19.9415    22.2188   -3.21744    33.4798
    18.375     76.625   -41.2842   -31.9735   -43.8517   -16.5463    15.5221    26.5505    25.7038    7.03321    34.1026
    18.375     76.875   -11.3069    -4.8462   -20.3628   -14.0902    5.44724    15.3861     22.179    9.01237    24.9873
    18.375     77.125   -7.24839   -8.13895   -25.1416   -25.9234    1.42099    12.7405    23.4205   -2.33281    24.2845
    18.375     77.375    1.82711   -7.08222   -10.6156   -15.9639    5.95001    15.4837    15.6128   -69.7818    12.3566
    18.375     77.625   -12.5472   -1.30449   -55.6679   -46.9729   -17.5112   -8.34259    13.4725   -39.9787    11.0093
    18.375     77.875    6.30257   -1.25699   -12.2156   -5.16846    11.8057    21.0805     13.839   -36.4695    35.1021
    18.375     78.125    9.35803    1.42138   -7.68334    5.49923    8.02973    17.6941    18.2852   -37.8018    55.8185
    18.375     78.375    16.1119    5.69883    1.21793     2.0059    36.8101    48.9043    1.19931   -28.1472    64.8502
    18.375     78.625   -19.5859   -1.45666   -61.7027   -43.9228   -11.1538    2.50975    4.68044   -14.3318    59.9202
    18.375     78.875   -36.4942   -17.6931   -85.0477   -57.1439   -20.6366   -4.25748    6.80717   -17.6652      45.84
    18.375     79.125     5.1802    -6.8978   -16.6647   -37.4916   -16.0493  -0.512711    8.36937   -24.1833   -18.1232
    18.375     79.375    4.49525   -8.21431   -26.0352   -53.0509   -17.4674   -2.24932    5.26223   -30.1294    41.8742
    18.375     79.625    7.70934   -5.55202    1.08995    -21.555  -0.416813    1.79309    13.8585   -53.3481    31.0113
    18.375     79.875    6.51435   -7.01645   -4.95314   -21.1194     3.0206     1.2549    11.8468   -39.0453     35.823
    18.375     80.125 -0.0664517  -0.847158   -27.7066   -27.5757   -4.19433   0.439763    5.14512   -53.2011    25.3007
    18.375     80.375    4.38657    3.35077   -66.9587   -71.7087   -29.4242    -13.977    4.41379   -47.0538    26.2021
    18.375     80.625   0.999535    6.97591    -64.567   -57.1651   -18.8348  -0.483222   0.702143   -35.3395    36.0731
    18.375     80.875   -15.9271    1.08733   -62.1973   -61.9806   -35.8477   -18.1377   -2.30875   -33.5333    5.84269
    18.375     81.125   -5.46016    5.86644   -46.6402   -39.7049   -16.0917   -5.52561    4.30539   -24.1846    4.02048
    18.375     81.375    2.38869    10.0115   -62.4479    -49.967   -12.0944    1.26901    5.56606   -17.8672    8.13985
    18.375     81.625     4.4095    10.4942   -73.7459   -71.1291   -24.5946    4.26375    3.69744   -16.3956    31.7237
    18.375     81.875    3.58271    14.9701   -73.4211   -80.8816   -42.9348   -9.82681    5.03517   -16.9623    44.1673
    18.375     82.125    3.27146    14.6971   -29.8286    -62.032   -31.0049    5.38644    9.18738    -26.794    34.1116
    18.375     82.375    2.41805    14.3496   -26.2852   -64.2907   -33.2332    6.72099    13.2419   -28.6055    20.1429
    18.375     82.625   -18.5125     3.8282   -18.9491   -21.1986    -7.3733    5.14457     13.141   -33.4046    19.8607
    18.375     82.875   -97.3759   -81.3803   -86.5683   -60.7992   -23.1907     2.4827   -53.7925    -5.9066      23.55
    18.375     83.125   -63.5615    -64.809   -33.1398   -26.7789   -3.73588    11.9054    12.6495   -32.7983    36.3078
    18.375     83.375   -18.9243   -34.4913     6.0813    13.7863    30.1449    38.6895    19.0681   -69.7521    27.2626
    18.375     83.625   -30.4249   -39.6458    1.68396    7.56594    25.8391    27.9206    24.9557    7.62027    40.3434
    18.375     83.875   -22.5169   -26.4829    8.45956    14.2152    23.7069    9.59221    8.92558    4.22728    46.3914
    18.125     73.125    44.5672    32.8213   -2.81943   -26.6699    19.6433    26.3939    32.2272   -51.0817    22.2328
    18.125     73.375   -3.55169   -5.58813   -67.4754   -41.0723   -3.79286    3.41913   -10.3907   -50.2357    22.5562
    18.125     73.625    7.76117    2.81443   -40.3722   -33.7438   0.189574    5.86829    1.70753   -82.8387    14.6072
    18.125     73.875    22.2517    4.13622   -33.6912   -49.5585   -8.30373    2.32131    7.77709   -63.5219    28.2755
    18.125     74.125    13.8809   -24.6916   -19.6645   -41.7959   -13.0224   -4.36242    28.7094   -49.1049    16.2075
    18.125     74.375    18.2736   -11.2212   -4.02698   -20.8959   -3.16383    1.62285    43.6716   -33.2483    11.0623
    18.125     74.625   -3.28658   -41.6067   -7.04957   -12.5363    6.65403    10.6913    44.3097   -24.0187    19.0703
    18.125     74.875    3.74399   -36.8864   -4.21886   -6.00255     8.3878    13.2725    23.8848    -8.1086    29.1542
    18.125     75.125   -37.1576   -77.9354    -36.237    -33.585   -12.9584   -4.04919   -39.8268   -35.5389    20.3594
    18.125     75.375   -55.7974   -88.8802   -45.5006   -22.6871   -8.83551  -0.299005    61.6051   -11.1117    43.8247
    18.125     75.625   -63.7957   -88.0518   -48.8993   -24.4386   -8.56006   -1.93618    63.2229    -15.554    33.5551
    18.125     75.875   -81.7242   -98.6582   -58.7028   -30.3493   -5.13537    1.83146    54.5852   -16.3656    26.8982
    18.125     76.125   -39.0386   -32.0905   -44.5265   -28.7179    2.25022    11.4726    39.2233    -19.933    36.6704
    18.125     76.375   -34.2755     -28.89   -34.7686   -20.5655    8.23641    18.3056    37.3797    -7.2261    40.4456
    18.125     76.625   -44.6932   -45.8417   -35.6137   -11.7396    15.7196    26.5694    34.6202    9.29451    49.1432
    18.125     76.875    -3.8861   -9.39088   -1.98464    15.7707    23.0968    32.7785    29.1772    6.85677    29.2688
    18.125     77.125    14.7252     2.3635    21.4391    7.66176    11.4824    23.1564    25.7066   -6.75169    15.1198
    18.125     77.375    2.42753  -0.586917   -10.0137   -15.6484    10.8302    24.9464    21.4342   -28.5653    8.70045
    18.125     77.625    5.43081    5.19277   -39.8939   -29.2517   -5.36737    6.28119    23.6042   -44.8249    20.0317
    18.125     77.875   -4.78646    5.76847   -54.9406   -26.2552   -12.2102   -4.35486    26.8358   -41.1481    35.1292
    18.125     78.125    14.7929    11.3693    12.6194     18.408    7.68143    17.1987    28.3993   -88.6461     47.979
    18.125     78.375   -25.4265   -7.04534   -47.2171   -31.9569   -7.18291    9.34018    25.9853   -74.0209    28.9574
    18.125     78.625    -23.479    3.12217   -35.5373   -9.76801    11.3484    9.86886    31.2428   -38.1008    31.9653
    18.125     78.875   -52.0483    2.63511   -87.8016   -49.3032   -14.3227    1.66959    28.1411   -25.5505    36.7054
    18.125     79.125   -34.6565   -13.5352   -61.0629   -43.2923   -15.7496    -1.4731    10.8587    -43.908    35.7306
    18.125     79.375   -7.09176   -8.69209   -59.1676   -54.1321   -22.3109   -7.09753    13.2863   -76.1776      48.42
    18.125     79.625    7.08942   -5.87995   -7.58173   -25.3976   -6.48154   -3.55366    21.0947   -44.8262     24.769
    18.125     79.875    2.51212   -13.5542    14.5238   -20.4242   0.312509    3.56573    21.2039   -69.5854    37.0926
    18.125     80.125  -0.437929    -18.655   -12.9353   -39.1367    1.39851    4.23495    17.2213    -68.528    17.2118
    18.125     80.375   -25.6776   -24.5044   -63.3383   -48.2786   -21.6913   -8.61648    7.36846   -36.9818    39.6345
    18.125     80.625   -26.6753   -23.2967   -66.5206   -46.3915   -21.7912   -6.15379    3.68334   -17.8383     48.572
    18.125     80.875    -5.4635     3.6319   -49.3211   -27.1189    1.58638    2.89331    1.10302   -30.3124     10.021
    18.125     81.125   -12.7363     3.0878   -78.6374   -32.8037    4.27539    1.97269    -8.0812   -23.2411    4.47226
    18.125     81.375    5.03265    10.3558   -51.0668   -44.8218   -9.98512     2.1961    8.29822   -17.7879    23.9601
    18.125     81.625    8.51424    14.2261   -72.2198   -75.5397   -32.4459   -4.18316     8.9505   -23.9777    38.7258
    18.125     81.875      7.157    16.7219   -73.7634    -83.178   -46.6658    -5.1615    13.9821   -46.1453    28.2213
    18.125     82.125   -18.5339   -7.31171   -37.6363   -50.8594   -40.7196   -9.49283    21.3618   -40.4944     24.453
    18.125     82.375   -44.7556   -26.3406   -59.9404   -60.6875    -44.226   -6.24338    20.3071   -33.0657    14.4252
    18.125     82.625   -62.9202   -43.7254    -58.335   -60.0659   -39.8995   -10.9778    23.3498   -13.9649    29.2904
    18.125     82.875   -65.8003   -83.3017   -32.8996   -40.0898   -19.2212   -2.74165    13.6518   -19.9383    28.7948
    18.125     83.125   -51.1134   -51.3034   -26.3169   -34.9229   -10.7397    3.60084   -3.97949   -28.2631     20.217
    18.125     83.375   -40.1871   -46.6773   -4.01124   -22.1864  -0.554944    12.5818    25.1348    8.12599    34.6281
    18.125     83.625    -55.593   -52.9413   -10.3184   -9.51585    23.2602    28.3998    35.6454   -7.24743     46.142
    17.875     73.375    28.7923    15.8763   -33.0466   -41.0917   -2.55614     3.0875    8.84717   -3.58023    27.2047
    17.875     73.625    1.28963   -11.6241   -41.8169    -85.297   -30.3756   -7.96213   -13.4168    -17.119    29.2344
    17.875     73.875    12.9166   -2.49912   -38.4489   -76.2238   -6.67801     15.594     8.1616   -26.9965    37.8883
    17.875     74.125    -16.497   -42.0959   -66.4578   -65.3075   -19.7657   -9.64497    31.4476   -19.9105    26.3857
    17.875     74.375   -9.11071   -40.0092   -30.8865   -42.3569   -13.0793   -5.49097     21.775   -45.9852    18.5545
    17.875     74.625   -33.3943   -57.3682   -26.9037   -20.2917   0.689086    4.70051    2.78062   -35.7809    23.1448
    17.875     74.875     -13.57   -55.9144   -25.4566    -25.341     8.7768    15.0227    9.71954   -33.9868    19.5369
    17.875     75.125   -78.8313   -97.9316   -67.8266   -47.9383   -17.5417   -8.06771   -29.7821   -7.00268    21.8738
    17.875     75.375   -74.2356   -97.7513    -59.376   -42.8732   -16.0998   -7.97454    -7.4248    9.32722    27.7556
    17.875     75.625   -46.5382   -75.2329   -35.5488   -23.0104    -2.6172   -2.72306    26.6089   -10.9457    30.3552
    17.875     75.875   -67.9244   -92.5372   -48.6658    -26.042   -1.22138   -2.27363     40.262   -27.5991     27.536
    17.875     76.125   -64.8196   -84.1749   -46.9862    -27.487   -4.67034    1.18777    56.4482   -27.3917      31.31
    17.875     76.375   -55.5537   -75.4896   -36.3247    -14.725    3.62529     13.437    59.6256   -16.1605    37.2898
    17.875     76.625   -23.7191   -45.1659   -6.34995    19.9899    37.0174    55.9277    61.5959   -28.4971    55.3753
    17.875     76.875    -2.1794   -5.86918    15.6143    43.8641    49.0757    59.2818     22.441    9.91235    27.0088
    17.875     77.125    12.8692   -4.39544    27.5095    43.9582    54.6461    69.3165    30.2746   -7.35923    5.90229
    17.875     77.375    6.79056   -6.73055  -0.835985    6.45347     23.433     33.395    25.8715    -7.2425   -2.57757
    17.875     77.625    7.53713   -1.87996    -17.837  -0.526206     4.5928    15.1594    27.6388   -25.0871    9.28399
    17.875     77.875   -13.4944   -2.51375   -56.5987   -32.4446    -8.7698    1.92817    28.7334   -32.5448    16.7618
    17.875     78.125    14.4015   -2.15282   -8.95949   -24.4352   -12.5869   -13.7609    33.4261   -81.1288    34.0091
    17.875     78.375    10.7395    1.39364   -28.9588   -18.7226   -5.84543    5.60602    36.6441   -55.3853      37.81
    17.875     78.625    9.63305    4.20486   -3.68643    15.5889    27.5961    13.9216    35.5156   -52.4866    33.0811
    17.875     78.875    -76.981   -43.5659   -85.8304   -49.4906   -18.1289    -4.4122    33.0375   -92.6513     36.429
    17.875     79.125   -25.1858   -5.87416   -54.4524   -29.0196   -2.34977   -8.40007    13.8102   -72.5177    63.4744
    17.875     79.375   -20.3702   -7.28742   -71.7685   -54.0237   -22.0473   -7.28907    16.4213     -65.89    43.2886
    17.875     79.625   -13.4391   -13.4877   -46.6529   -50.7948   -25.4902   -14.8278    24.2174   -61.5869    73.4724
    17.875     79.875   -5.87023   -10.3132   -1.11859   -23.1261   -3.47696   0.910162    26.8533   -21.9373    66.3852
    17.875     80.125   -4.93699   -10.1788   -0.40954   -18.0317   -7.00203   -1.57944    16.7774   -9.53278    37.9299
    17.875     80.375   -19.8475   -20.0599   -39.1814   -30.5876   -18.9178   -8.03794    4.86443   -31.3379    17.7762
    17.875     80.625   -14.0002   -22.4611    -42.529   -16.2546   -8.13523   -4.54412    7.46418   -11.7888    22.0278
    17.875     80.875   -9.00047   -1.29458   -25.5307   -4.20052     14.977    16.3684    8.37992   -27.1253    22.3172
    17.875     81.125   -9.86315   0.860423   -41.2256   -14.7702    6.55043    7.58801    6.65558   -27.3373    4.96912
    17.875     81.375    4.46745    10.8355   -55.8121   -34.5824   -5.01496     1.8248    7.75922   -35.5359    18.5587
    17.875     81.625   -27.2165    3.93396   -94.2701   -69.7953   -31.9631   0.304212    6.77428   -52.8465    27.9836
    17.875     81.875   -73.6421   -28.7591    -90.844   -73.4981   -41.9906   -3.74776    7.48862   -59.3705    36.0992
    17.875     82.125   -48.8404   -34.7087   -62.6985   -54.8023   -39.3482   -9.95597    11.2624   -35.0372    31.5986
    17.875     82.375   -34.4076     -32.56   -29.3061   -32.6039   -36.3573   -8.26192    22.4372   -27.8704    5.87363
    17.875     82.625    -43.133   -56.6718   -7.10488   -15.3604   -3.94796    6.12944    43.0826   -13.2632    28.7468
    17.875     82.875   -25.8387   -49.1907    5.24027    2.31212    7.22424    12.3548    56.2334   -16.4923    33.7869
    17.875     83.125   -46.8663   -62.7992   -22.8937   -13.3078    3.58349    13.1071    25.5091   -37.9217    34.9822
    17.875     83.375   -18.7602   -26.3639   -4.12145   -1.03547    7.58214    17.2564    12.3276   -52.3471    31.0109
    17.625     73.375    27.6971    12.3492   -34.2637   -40.4255   -2.55125    4.18254    10.9282   -6.48593      32.55
    17.625     73.625   -99.8619   -95.2569   -88.7426   -63.3981   -45.0978   -43.8672   -71.2404   -27.9682    18.3414
    17.625     73.875    7.12095   -13.5591   -31.2569   -60.9184   -2.54034   -15.7051    5.68817   -26.9858    25.9046
    17.625     74.125   -49.2401   -57.3533   -93.0227   -78.8694   -35.6315   -23.1973    -3.7274   -24.6165    29.9623
    17.625     74.375   -86.0746   -96.9277   -97.8908   -87.1898   -64.6925   -59.5945   -41.0972   -26.6672    47.4381
    17.625     74.625   -54.9019   -73.3019   -50.0804   -37.4315   -12.3923   -7.90216   -22.6767   -29.3923    34.6549
    17.625     74.875   -45.8538   -78.1831   -43.9201   -29.3697  -0.410498    3.41538     5.9041   -4.52846    28.1809
    17.625     75.125    -57.199   -78.8662   -46.6786   -39.3632   -9.32162   -1.44653    35.4936    29.0581    35.5164
    17.625     75.375   -36.9637   -69.5839   -28.8491   -39.1738   -17.3286    -8.7866    12.0389     31.684    20.6373
    17.625     75.625   -38.0196   -75.9243   -40.7564   -28.2038    3.02573   -1.55384    48.7531    5.16653    17.9709
    17.625     75.875   -40.2131    -66.934   -23.8289   -10.8471    7.40087    10.7509    26.1048   -13.4319    15.0754
    17.625     76.125   -61.2801   -86.5572   -43.1339   -25.1082   -6.97247   -1.03244    42.8713   -31.7997    23.8766
    17.625     76.375   -52.2966   -69.4054   -36.6825   -13.8989   0.182078    7.62915    54.5521   -26.9951     22.763
    17.625     76.625  -0.597059   -21.1057    27.3105    48.6973    43.0661    57.0859    66.0113   -29.9333    31.9088
    17.625     76.875   -4.37258   -9.41544    16.5467    45.3093    50.8909    72.5017    43.1066   -15.1212    31.8297
    17.625     77.125    18.6461   -5.68372    28.5053    46.2181    38.1104    60.7366     59.267   -61.1966     5.9281
    17.625     77.375   -4.60755    -28.325   -6.15721  -0.123403    5.76083    28.1928    46.2469   -19.0103     14.386
    17.625     77.625   -5.38356   -16.2728    3.88864    9.12287    27.9172    48.7203    25.2754  -0.686467    29.1316
    17.625     77.875 -0.0812592   -16.9661    24.0059    11.1043   -12.4356  -0.410448    33.3686   -14.1707     1.6713
    17.625     78.125   -27.8465   -31.1559   -12.3774   -5.41173     15.034     30.018    48.8129   -36.2576     22.755
    17.625     78.375   -47.6159   -24.7714   -38.2347    -23.632   -17.8112   -5.34086    55.4872    -79.852    19.6416
    17.625     78.625   -43.4663   -23.2047   -49.4229   -43.6408   -19.8639   -6.73029    50.1358   -66.9548    74.4512
    17.625     78.875   -57.6283   -37.2299   -48.7488   -45.7502   -23.1052   -9.30565    39.2713   -51.9573    74.7102
    17.625     79.125    -22.196   -16.6809   -27.5358   -60.5291   -26.9729   -12.8401    22.1178   -78.1645    59.2838
    17.625     79.375   -18.8825   -12.3664   -43.6308   -51.5295   -24.1371   -9.48853    23.3405   -78.6688    62.2694
    17.625     79.625   -3.54243   -9.91412   -8.05567   -23.4752   -11.2101   -2.06143    27.0489   -13.3954    79.2862
    17.625     79.875   -2.21385   -10.8334    12.9437   -3.56468   -11.0262   -7.00015    25.8951   -4.99811    76.6072
    17.625     80.125   -1.62921   -8.05235    16.2634   -13.7859   -14.8266   -5.23139    26.0048   -6.23305    46.2406
    17.625     80.375   -7.74265   -14.0536   -14.3122   -17.8058   -9.94926   -1.95136    17.0633   -3.81702    23.4092
    17.625     80.625   -15.3085    -21.612   -38.7654   -22.2307   -11.5951   -4.30726    7.62665   -11.1039    17.1491
    17.625     80.875   -11.3632   -1.22765   -20.0902 -0.0396633     22.743    25.9516    11.6867    -31.994    22.4855
    17.625     81.125   -20.6735   -4.11248   -18.4152   0.646856     14.148    19.9094    11.0613    -36.072    12.8033
    17.625     81.375   -24.2056   0.701001   -37.7182   -22.9658   -8.50594  -0.173651    12.5007   -35.9277    13.2429
    17.625     81.625   -51.9787   -37.9159   -40.4409   -27.5444   -16.2233   -2.90653    13.2821   -35.3926     22.402
    17.625     81.875   -80.5738   -61.8433    -71.752   -59.6064    -36.664   -1.62161     10.451   -53.5093    38.1291
    17.625     82.125   -39.7726   -34.3186   -29.7772   -33.4674   -19.5323    2.11846    19.6677   -16.7296    39.8096
    17.625     82.375   -68.5856   -99.9809   -28.7181   -32.7966   -15.9741    4.68587    33.2345   -17.0419    19.2621
    17.625     82.625   -66.4182   -89.6897   -31.8825   -21.3229    4.01775    18.8824    26.4408   -16.1078    19.8886
    17.625     82.875   -64.9584   -83.2348   -34.1875   -27.1433   -18.5492    3.58951    3.69949    -21.211    19.6315
    17.625     83.125   -5.43095   -19.8461    14.9941    9.19655    12.3455    23.0859    20.0879   -54.2029    27.0948
    17.375     73.375    6.59468   0.532976   -46.6091   -44.5339  0.0532965    8.56205    14.0187   -21.9364    28.9034
    17.375     73.625   -29.3563    -20.161   -84.9511   -54.7072   -17.7786   -9.41018   -10.6598   -77.3695    45.9792
    17.375     73.875    25.2381    3.22075   -55.1979   -86.0876   -29.2019   -8.48736    11.4753   -27.8077    23.4708
    17.375     74.125   -36.9223   -47.9683   -77.7529   -73.3962   -34.3957   -25.4007   -8.60924   -32.2502    32.3382
    17.375     74.375   -85.1483   -98.6628   -91.2494   -81.2623   -57.9993   -51.8226   -29.2905   -23.9425    42.9326
    17.375     74.625   -48.2521   -68.5785   -49.4745   -35.6856   -15.4701   -10.7651   -21.7872   -30.5017    42.8159
    17.375     74.875   -21.2056   -49.9357   -44.9342   -33.9527   -11.3636   -6.59348   -34.5735    5.26292    31.0001
    17.375     75.125   -59.7735   -85.8443   -62.2203   -47.2398   -19.1448   -10.8441   -57.3639    49.4729    28.8796
    17.375     75.375    -50.451   -78.3102   -38.7881   -22.1727   -2.24298   0.868053   -21.6454    23.9386    26.0173
    17.375     75.625   -33.9303   -60.8247   -22.7207   -7.77135    12.7178     12.236    57.4804   -1.90799    21.4699
    17.375     75.875   -45.7392   -70.3743   -23.5847   -7.71122    10.9748    18.6777    2.39327   -11.6963   -7.28548
    17.375     76.125   -57.9384   -81.5166   -35.8327   -17.0831   -2.92418    4.52229    29.1264   -65.6925    25.2945
    17.375     76.375   -39.8046   -76.4611  -0.859622    26.2336    34.2833    19.7179    55.6424   -62.7826    22.2075
    17.375     76.625   -21.1659   -35.2571    2.85505    28.3354    35.1552    30.2569    24.0767   -36.8787     15.978
    17.375     76.875   -1.75054   -14.3641    23.2334    46.2634    46.1015    72.8457    70.1046   -20.2434    29.4643
    17.375     77.125   -28.7444   -33.3353   -8.23894    16.4324    18.3608     35.202    43.3224   -28.2513    28.7286
    17.375     77.375   -40.5277   -56.7221   -30.1061   -24.1666    -4.0939    5.92122    40.8792   -36.4644    17.8143
    17.375     77.625    8.27794   -18.0925    24.4227    9.43858    15.9632    12.9921    44.6507   -37.5175    4.27421
    17.375     77.875   -2.68962   -9.42673    16.7003    18.9611    28.4765    28.2731    17.7629   -29.1728   -14.3549
    17.375     78.125   -7.88735   -12.7383    2.74196   -8.65114    4.91653    21.8829    26.7225   -3.56167    6.89446
    17.375     78.375   -50.2005   -28.0878   -34.4082   -29.6186     0.3976    11.7184    42.5185   -27.4278    11.5612
    17.375     78.625   -79.1969   -59.0575   -84.7753   -53.6988   -21.3449    -17.163    66.7129   -41.6183    66.9986
    17.375     78.875   -11.3769   -12.1121   -16.1687    -21.664     3.3701   0.560119     66.859   -23.7573    59.0381
    17.375     79.125   -37.6123    -25.746   -56.2283   -52.8849   -24.6698   -10.6718    37.7049   -33.1362    65.8164
    17.375     79.375   -1.50958   -2.30615   -21.8368   -23.8887   -8.22172    12.5784     23.922   -89.7842    77.5469
    17.375     79.625   -67.2219   -33.0438   -96.8238   -73.1508   -32.5967   -14.6584    20.0382   -22.9083    86.0812
    17.375     79.875   -12.9752   -5.23968     3.5057   -14.3289   -18.4493   -13.5372    16.9862   -12.5663    78.1882
    17.375     80.125  -0.752568   -3.66687    23.4427   -8.18722   -14.7021   -3.79402    31.6498   0.517668    40.6251
    17.375     80.375   -4.49818   -3.07174    21.6023   -2.19568   -7.20571    9.11749    19.9548  0.0731735    39.9983
    17.375     80.625   -16.1358   -13.3833   -6.66714   -7.96971    9.59135    24.0479    8.15547   -11.2281    18.5976
    17.375     80.875    -62.818   -25.7516   -54.3556   -31.0517    -2.7514     14.923     12.949   -50.5649    16.6565
    17.375     81.125   -66.9725   -24.8785   -61.7575   -29.9258   -6.67092    9.74988    10.3036   -76.1697    19.8057
    17.375     81.375   -37.6435   -26.8013   -24.3459   -71.8697   -53.5731   -8.16898    13.6444   -55.2235     36.736
    17.375     81.625   -67.7536   -68.7706   -68.2315   -76.6228   -45.3853   -12.9226    1.57764    -89.866     20.125
    17.375     81.875   -73.1502   -85.8019   -60.6228   -78.7291   -47.9528    -13.638     5.8122   -79.2103    16.2204
    17.375     82.125   -63.4352   -84.9564   -27.5891   -48.5188   -25.2239    1.97573    21.2871   -24.8013      22.41
    17.375     82.375   -49.2139   -90.2148   -12.2548   -39.5934    -14.996    2.96044    18.0439   -19.8774    16.2823
    17.375     82.625   -66.5042   -97.1617   -27.7327   -39.0666   -11.5139    5.16127     13.124   -27.5934    14.1404
    17.125     73.375    10.2932    9.08836   -29.6449   -36.0703    6.66162    13.7259     26.614   -35.0547    26.0585
    17.125     73.625  -0.580253    2.32621   -54.1573   -34.4579  -0.368981    8.14956    13.0781   -57.4649    45.7955
    17.125     73.875   -5.24076    -13.446   -47.4316    -47.658    7.10045     19.364    15.9766   -28.8008    18.6289
    17.125     74.125  0.0186403   -18.7215   -31.9891    -36.582   -4.10815    1.00398    10.0478   -1.65748    33.3944
    17.125     74.375   -40.8356   -52.3769   -54.7855   -55.6472   -28.8332   -18.7495     9.6702    10.9849    43.8219
    17.125     74.625   -52.7274   -69.0236   -62.4795   -47.1818   -22.7328   -14.6141   -5.22199   -18.7045    50.7867
    17.125     74.875   -39.3306   -66.2871   -66.6119   -48.2926   -17.3895   -10.5715    26.2575    9.10873    35.5117
    17.125     75.125   -30.8484    -65.685   -42.5763   -39.0661     -13.73   -2.72559   -11.2255      20.05    29.5878
    17.125     75.375   -32.0777   -49.8711   -17.9448   -2.15143    13.4749    17.7488    72.0234  -0.279817    23.5054
    17.125     75.625    -20.456   -23.8987   -5.73571    12.8643    21.4131    20.5149    71.3419   -28.2784    11.5734
    17.125     75.875   -20.8843   -38.2282   -3.97822    12.0727    17.2084    20.7686    47.4753   -11.6995      21.76
    17.125     76.125   -34.3213   -60.9711   -27.3774   -12.5695   -4.31048     8.1515    76.6514   -15.8982    22.4796
    17.125     76.375   -16.9249   -46.2022    11.7671     31.667     32.578    16.9392    56.6826   -27.9745    20.9193
    17.125     76.625   -21.1632   -43.8743    9.66855    39.0537    45.1859    20.6937    58.7883   -12.3676     28.594
    17.125     76.875   -16.5835   -26.8666    29.1034    60.4696    53.5989    50.5901     66.126   -1.08495    27.3914
    17.125     77.125   -36.5658   -32.1771    -13.071    9.80775     12.795    31.0225    48.7787   -23.8672    23.0502
    17.125     77.375   -62.0919   -45.2482   -44.7761   -19.2791    9.68507    29.3143    43.6042   -16.5276    15.0782
    17.125     77.625   -10.2037   -4.06605   0.128716   -27.5356    -6.9689    8.86055    31.6666    -2.9601    8.67489
    17.125     77.875   -1.45427    -7.7806    13.7171    4.77995      26.95    33.1742    63.5955   -15.0261    44.7929
    17.125     78.125    -21.898   -5.08477   -14.2764   -23.4904     4.7678    21.6525    20.7462    3.79765   -13.1049
    17.125     78.375   -49.0462   -31.0345   -37.7872   -30.0379    -2.8014    22.3247    29.2056   -1.49614    33.1856
    17.125     78.625    -85.603   -81.2954    -81.038   -66.9207   -31.9271   -9.56655    53.3567   -29.2461    59.4896
    17.125     78.875    -64.254   -63.1676   -53.4463   -52.0087   -25.1907   -9.15726    56.5459   -17.3242    48.6885
    17.125     79.125   -14.4373   -12.0405    1.06158   -38.0927   -13.9949    5.59754    47.1639   -12.1754    61.6779
    17.125     79.375   -44.7099   -18.1172   -21.6129   -68.5239   -29.1523   -6.33066    40.5288   -34.9421    78.3915
    17.125     79.625   -54.2818   -28.0052   -32.3839   0.204083    3.60987   -11.3168    34.2862   -69.0956    25.3748
    17.125     79.875   -23.2379    -8.5579     4.2767   -43.9359   -30.5728    -11.692    19.6267   -59.0484    41.9668
    17.125     80.125   -17.7548    -3.4788    9.94658   -29.6197   -32.1529   -7.76024    9.42316   -23.2861     22.105
    17.125     80.375   -15.9205   -3.12734    5.72593    -24.218    -11.878    12.3849    15.6819   -14.4317    48.2538
    17.125     80.625   -18.8974   -10.5945   -5.52119    18.6767     15.618    36.1995    12.1831   -35.8418    34.5587
    17.125     80.875   -28.4171   -23.8567   -16.2177    16.0666     25.514    50.6444    8.73685   -38.4547    34.4213
    17.125     81.125   -42.8228   -39.7243   -23.3472   -51.5749   -30.2673    4.60655    4.20951   -78.2167    40.7391
    17.125     81.375   -36.5365   -33.4844   -10.5558   -50.6814   -40.3895   -1.35569    6.36488   -57.7088    39.3426
    17.125     81.625   -52.5657   -61.7077   -74.4909   -83.6207   -46.6587   -9.44002    3.00067   -92.7286    9.49975
    17.125     81.875   -47.3361   -66.2201   -34.2394   -67.8235   -40.4925   -15.4305     9.8016   -76.1589    9.45052
    17.125     82.125   -47.6054   -73.8046   -24.3353   -43.3644   -15.0572     3.2823    22.9066   -31.5561    20.5283
    17.125     82.375    -51.526   -77.5966    -9.6058   -26.1032   -6.56598    10.0105    23.7473   -36.2893    14.7705
    16.875     73.375    5.78584    6.47515   -35.4346   -37.0323    3.75292    7.20348    12.3451   -10.3392    14.3353
    16.875     73.625   -24.3598   -15.0756   -52.1085   -27.6947  -0.167295    8.67119    25.6619   -31.0874    19.7078
    16.875     73.875   -4.72096   -3.96494   -63.3557    -65.376   -6.09311      4.863    2.35394   -27.2915     25.751
    16.875     74.125   -29.4877   -30.8194   -65.7134   -57.7666   -21.5447   -15.4589   -8.18269   -17.0304    19.6196
    16.875     74.375    13.8204   -4.94192    24.9525    1.90919    22.5369    4.78991    22.9999   -34.1579    39.9813
    16.875     74.625   -63.7398   -80.1725    -69.031   -54.4186   -27.7999   -16.3882   -2.03749   -22.8015    37.0195
    16.875     74.875   -39.4928   -60.9584   -60.8359   -43.3311    -15.302   -5.18657    73.8099   -12.0672    41.8525
    16.875     75.125   -4.84675   -28.0632   -20.9796   -18.0955    2.13103    20.7607    75.7979   -25.9845    36.1485
    16.875     75.375     -10.26   -22.9485    2.44946   0.211692    17.5425    18.8436    61.5506   -26.4014     35.308
    16.875     75.625  -0.565222    -2.8907    18.7113    18.1938    24.0878    19.9641    56.2093    -14.968    20.4537
    16.875     75.875   -24.8077   -31.8658   -14.9682 -0.0458561   -10.7009    -2.6795    45.3203   -14.3811    33.8405
    16.875     76.125   -24.0564   -39.7756   -28.4993   -11.4583   -18.7772   -6.09291     39.008    5.49714    25.2573
    16.875     76.375   -13.7912   -53.0025    16.7307    29.7755    20.3904    20.0994    50.4312   -18.4654    32.4018
    16.875     76.625   -28.9637   -68.3635    13.2611    32.3068    24.4969    22.1149    63.6784   -24.5671    18.7061
    16.875     76.875   -10.0227   -29.0552    35.3364    63.0056    45.6352    36.7788     59.632   -31.7091    17.5471
    16.875     77.125   -17.9779   -32.3612    23.2514    58.7897    36.2817    16.2349    65.0584   0.690659    16.2853
    16.875     77.375    3.61847  -0.192254    19.9344     27.843    17.9918    35.1421    33.9006    15.8839    7.00016
    16.875     77.625   -23.0234   -11.1649   -8.01484   -16.4818    -8.7869    3.13456    48.1478   -6.54513     21.305
    16.875     77.875   -5.00387    -11.867   -4.36632   -18.8177    9.82741    32.8134    39.9765    -9.0696    18.6877
    16.875     78.125   -37.8162   -42.1366   -22.0267   -24.7999    7.01047    33.5133    41.7547   -24.0523    22.3024
    16.875     78.375   -34.1278   -56.2714    2.44983   0.596529    19.2983    49.8332    32.5497   -17.1157    35.7283
    16.875     78.625   -7.42774    -37.566    12.2638   -22.9543    -12.063    4.20045    31.5259   -21.7308    35.0637
    16.875     78.875   -80.7806   -97.2152   -48.8693   -44.3303   -32.3932   -18.6054    36.8701    -32.165    62.2708
    16.875     79.125     -70.32   -74.8856   -36.4633    -54.342   -33.6017    -16.306    33.2171   -42.4824       58.1
    16.875     79.375   -35.0283   -22.7627    -41.017   -47.3639   -23.6332    -11.306     24.545   -34.7702    72.3136
    16.875     79.625   -19.1278   -29.7219   -5.75608   -28.0519   -4.99397    13.6719    39.7545   -45.0274     41.962
    16.875     79.875   -13.6065   -5.42378    19.6111   -5.08826    4.91506    29.7828    22.1119    -42.209     13.334
    16.875     80.125   -20.7952   -10.9056    13.0363   -19.3735   -15.4201    10.1516    25.3988   -26.1883      11.19
    16.875     80.375    -32.347   -16.6103    3.48487   -59.5729    -48.887   -14.8322    13.2935   -25.5588    32.9155
    16.875     80.625   -51.9006   -31.7816   -6.54859   -31.2643   -28.5648    4.56512    11.6305   -62.3346    24.4678
    16.875     80.875   -37.9941   -43.1742   -20.7326   -31.2574   -10.4348    17.2471    9.93617   -67.6597    41.5561
    16.875     81.125    -42.282   -24.6227    2.14106   -29.3972   -6.41051    14.2191    9.56004   -64.0933    29.4766
    16.875     81.375   -21.9003    -19.587   -26.3858   -41.8822   -25.9855  -0.587156    9.80027   -18.5684    23.5594
    16.875     81.625   -11.5618   -27.3375   -48.0214   -66.0996   -35.6832   -10.1509    13.2691    -35.552    8.60001
    16.875     81.875   -21.8061   -41.6295   -23.3449   -32.4899   -17.9152   -2.18936  -0.143643    -73.086    12.6691
    16.875     82.125   -30.9121   -49.2657   -18.6741   -32.5852   -15.1383  -0.429424    9.65844   -62.0681    18.0569
    16.625     73.625   -7.24465   -5.15852    -51.336   -33.9257    -3.9982    1.60755    18.3398   -6.73531    17.5463
    16.625     73.875   -0.52294   -5.10131    -66.468   -61.6629   -13.1707   -2.14513    1.52449   -10.9335    37.8841
    16.625     74.125    22.9506    12.5529   -50.6634   -62.0168    -23.326   -7.60196    20.3918   -22.7118    35.2642
    16.625     74.375   -64.2637   -61.0553   -78.4306   -64.0096   -38.0868   -27.9936    -12.126   -11.5884    36.9081
    16.625     74.625   -7.58542   -7.49182   -44.9603   -42.2707   -18.2529   -6.53013    40.4742   -57.2152    36.9655
    16.625     74.875    27.8054    3.28253   -8.66877   -14.6754   -16.5652   -7.91752    47.8973    9.67855    24.6692
    16.625     75.125    30.3938   -1.69036    31.3985    47.5569    12.9012    10.1644    45.6408   -38.4226    32.7355
    16.625     75.375    -18.591    -43.651   -7.51689   -11.5937    9.76358    14.8134     60.243    11.3281     23.237
    16.625     75.625   -11.3921   -35.7162    3.64615    5.62399    22.1095    21.7355    66.0458   -16.8144    28.7943
    16.625     75.875   -19.7786   -41.3795    -3.8591    13.1728   -8.07495    5.15946    52.7271   -21.8305     42.445
    16.625     76.125    19.2893   -15.0299    28.6919    41.3091   -4.97679    5.85511    58.1793     8.9863    30.9963
    16.625     76.375    12.9098   -21.0892    24.7748    43.1239   -3.17348    11.7306    51.5539   -8.89648    22.1626
    16.625     76.625    12.6665    -12.216    25.7933    49.6281   -7.85023   -3.73043     26.706   -12.7552    21.2318
    16.625     76.875   -4.76599   -12.8451    3.23025    49.8184    29.7216    11.7935    26.2596   -42.5613    14.4111
    16.625     77.125   -20.2818    -31.403    20.1201    45.3507    30.1625    20.6469    80.3176   -27.2722    27.5134
    16.625     77.375   -3.36963    2.48795    24.8016    51.5809    20.2548    9.37075    45.5363    11.0177    17.0156
    16.625     77.625   -14.9977   -9.87557    9.98139    12.7782   -18.6587    2.67722    38.6351    1.04276   0.581805
    16.625     77.875   -2.78566    1.61801    15.4247    48.5017    18.1933    30.3797    61.5555    -7.5618    31.0251
    16.625     78.125   -15.0199    -13.782     47.142     58.401    60.5386    58.4435    90.2824   -36.2851    10.9204
    16.625     78.375   -9.36388   -22.8324    54.8258    56.6616    62.8376    54.5686    78.7678   -19.2527    10.9677
    16.625     78.625   -23.7853   -41.3744    28.1582    33.2533    74.7739    39.1584    53.2987   -17.0198    22.0596
    16.625     78.875   -44.3628   -63.6882    11.1117   -7.25953    5.44374   0.138759    45.5861   -32.9541    38.8717
    16.625     79.125     -42.81   -48.0218     -5.307   -31.8094   -17.1614   -6.26034     25.869    -58.913     51.773
    16.625     79.375   -23.1763   -25.2954   -2.09247   -27.3514   -19.6699    -11.884    15.0873   -38.5645    50.9039
    16.625     79.625   -21.4519   -15.9574    12.4952   -10.9858   -18.4975    -10.298    17.7838   -43.8204    36.4972
    16.625     79.875   -28.9431   -22.1685     9.8765   -1.56192    2.96926    32.9041    15.2745   -60.5885    13.8385
    16.625     80.125   -23.1061    -23.945    19.4499    9.85568     12.002    34.0605    32.5451   -31.6388    7.09423
    16.625     80.375   -39.5384   -32.4089    9.79018    -28.741   -29.6417   -6.75981   0.538319    -24.651    27.2512
    16.625     80.625   -37.9402   -30.9093    7.12156   -39.3815   -36.7258   -13.7223   -7.14031   -30.3548    19.7146
    16.625     80.875   -26.8339   -32.3131    6.95112   -39.5034   -26.1891   -5.60422   0.976591   -23.9153     20.278
    16.625     81.125   -93.0482   -60.2679   -83.9795   -75.1649   -39.4918   -12.3209    4.85985   -10.4311    20.1699
    16.625     81.375   -45.9826   -20.2846   -31.4605   -40.6275   -20.1561   -1.87003    6.16288   -36.6273    13.3868
    16.625     81.625   -10.0321    -18.457   -4.20362    8.67192    11.8161    12.3467    7.06588   -63.9236    24.1634
    16.625     81.875    -42.641   -28.3166   -44.5365    -43.196   -20.6891    -4.2323    14.1798   -43.3982    14.4305
    16.625     82.125   -29.9188   -41.2539   -16.2838   -11.1104  -0.312196     6.7668    6.78504   -29.4271    20.7315
    16.375     73.625    11.6746    6.05871   -32.6744   -35.9211  -0.523852    4.38648    12.4703    11.2057    24.3109
    16.375     73.875     18.581    11.0953   -42.9051   -71.3369   -13.5807   -2.24679    8.59246   -4.29056    27.2393
    16.375     74.125    10.5072    3.91433   -26.4733   -32.5095   -6.14797    9.59889    10.5543    -11.474     36.108
    16.375     74.375    27.1007    4.71564    36.8502    47.6154    37.1061    31.0413    33.4388   -15.8047    25.7554
    16.375     74.625    23.8513    5.46763     -8.727   -13.7688    10.4318    4.79251    39.1332   -4.90099    37.6209
    16.375     74.875    40.0455    15.5734     44.386    19.0143   -9.44473    1.98355    48.5786   -11.6353      42.99
    16.375     75.125    20.7463   -8.14992    26.5976    37.8992   -3.66336    4.99102     32.559   -6.85037    30.7141
    16.375     75.375   -12.0637   -20.7342    -12.924   -7.70752    2.43617     11.915    48.2715   -24.3446    37.9982
    16.375     75.625   -5.76693   -30.4798    8.57269     17.826    12.4136    25.6865    52.9254    -25.229    35.7628
    16.375     75.875   -2.91675   -37.3481    7.28587    25.3705   -7.14105    22.1821    67.3287   -49.8541    32.3543
    16.375     76.125    21.1427   -7.54682     36.626    55.9432   -7.74236    6.70834    74.5529   -21.9375    45.3257
    16.375     76.375    22.2346   -7.65709    26.0609     64.279   -8.91318    1.87459    60.3674   -23.6424    46.6521
    16.375     76.625    7.06905    -14.839    18.5648    65.8684   -3.63042    -1.7321    34.6528    15.9944    25.6613
    16.375     76.875   -6.60468   -25.2655   0.848512    46.7792    27.3233    21.8561    50.6902   -10.6012    20.0066
    16.375     77.125   -2.35315   -18.6495    16.2217    41.1543    5.03954    10.5206    61.6419   -32.3031    22.1702
    16.375     77.375   -7.14563   -16.4704    19.6359    44.6388    9.44868     21.511    49.1183   -47.9381    37.9744
    16.375     77.625   -29.8194   -23.6875   -7.27643     33.332   -0.99607    23.7413    47.2109    8.87279    25.3985
    16.375     77.875   -24.7397   -9.34698   -16.1852   -8.17971   -0.51706    21.9654    54.7211   -30.1133    5.89223
    16.375     78.125    8.60205    11.0094    28.5838    42.6264    32.5733    38.5374    65.5036   -39.0764    13.1403
    16.375     78.375  -0.260651   -10.4216     52.902    61.6733    31.4031    25.8109    66.8126   -16.4937     8.8423
    16.375     78.625   -23.6141   -41.1866     35.444    46.0215    60.3743    27.4445    51.2476   -4.99266     23.392
    16.375     78.875   -10.1995   -28.5712    45.4404    19.4875    23.4067    3.82514    32.2422   -29.4306    34.4419
    16.375     79.125   -13.3703    -20.242    33.9445  -0.623217   -7.69616   -9.18482    44.3324   -18.7554    32.5362
    16.375     79.375   -36.6943   -34.0542   -4.99121   -30.3073   -31.3565    -14.506    19.9113    -40.988    32.8224
    16.375     79.625   -48.7893   -45.5067   -10.4075   -39.8595   -35.7743   -18.8626    18.6187   -16.8929    19.3645
    16.375     79.875   -26.6938   -29.4082    4.23988   -21.6658   -21.0431      3.008    9.16213   -27.9159    29.3419
    16.375     80.125   -19.3195   -22.5608     9.4441    24.0208    30.7241    58.7481    13.1936   -25.7472    55.4732
    16.375     80.375   -28.0803   -31.9542   -2.21195   -15.0074   -31.2549    -4.4554    5.68368   -21.6913    57.4735
    16.375     80.625   -24.0254   -27.4328    1.54864   -10.5842     -28.36   -12.5141    6.63375   -47.2721    28.9602
    16.375     80.875   -13.1423   -33.5301    16.2639   -47.0607   -32.2567   -10.0718    1.06798   -3.02698    20.8737
    16.375     81.125   -2.40974   -1.40597    19.3431    33.1989    29.7631    42.5571    41.7713  -0.182997    86.0591
    16.375     81.375   -24.4031   -32.2553   -1.08671    1.94652   -4.35245    6.92494   -2.36243   -47.8702    39.7038
    16.375     81.625    24.7633     15.105    38.0232    46.6544     46.873    50.8098    44.3066   -60.0298    67.2953
    16.125     73.625    28.2834    22.0887   -29.8553   -27.1007    2.61129    7.76658    23.5966   -18.5852    24.1938
    16.125     73.875    19.5436    26.4586   -25.6848   -16.8846  -0.872169    9.20835    52.5378    -44.902    7.07634
    16.125     74.125    7.77933    9.05834    1.46633    4.45456    9.65262    17.5111    19.9098    -52.284    32.9296
    16.125     74.375    12.9761     1.5288   0.381391   0.888182  -0.333872     18.314    25.8596   -22.4148    44.9816
    16.125     74.625    37.8597    19.6471    45.1181    49.5841    31.1835    14.3111    60.7628   -15.3528    48.4283
    16.125     74.875    46.5259    15.4659    51.7566    36.6533   -4.48894    5.70297    63.6768   -16.8814    29.2536
    16.125     75.125   -4.84289   -31.4413   -34.4608   -39.8478   -48.2124   -19.2063    41.7716    21.6422    25.4595
    16.125     75.375     -38.54   -53.9464   -54.0594   -49.7581   -39.4678   -12.4077    50.9747   -18.8612    32.0515
    16.125     75.625   -8.25976    -25.509   -2.94283    9.53318   -5.89642    19.7396    63.5243   -33.5583    33.2689
    16.125     75.875    6.13168   -24.8112    6.01718    26.8364    4.35833    44.4848    79.0577   -29.8592    31.2028
    16.125     76.125    2.20793   -28.9316    23.2318    43.9819   -14.1412   -3.78914    62.2938   -51.7528    32.8546
    16.125     76.375   -9.96066   -38.4555    18.2717    50.1581   -16.1531   -8.52269    53.9272   -16.4567    25.0909
    16.125     76.625    5.85573   -16.9343    19.0885    51.9203   -1.64398   -0.26878     37.215   -8.83718    20.9049
    16.125     76.875    7.84804   -20.2552    27.9428    46.5801    11.7108    8.10092    53.7737    -9.3569    15.2728
    16.125     77.125    9.08001   -19.6494    20.9745    38.2017    19.5963    28.9923    48.6306   -19.0859    28.4215
    16.125     77.375    8.42868   -17.1593    20.3809    52.8813    36.9108     26.554    42.7276   -28.8106    24.7854
    16.125     77.625   -23.3476   -24.8001   -7.35634    8.79603   -13.7005    4.02763    39.0681   0.549976    15.6184
    16.125     77.875   -17.8682   -13.1461    11.5164    17.8159   -6.55129    15.1624    48.7496   -20.5587    28.0518
    16.125     78.125    -13.531   -15.5884    20.3447    26.2467   -7.70429    10.7383    48.4709   -10.1837    60.1859
    16.125     78.375   -1.09679   -13.0935    54.2835    59.6214    6.91389    19.8886    58.3917   -9.83242    31.3728
    16.125     78.625   -19.6937   -21.2376     21.256    24.0314   -2.45883    1.97848    38.6459   -10.1793    16.7229
    16.125     78.875   -30.8765   -43.7837    11.5745   -3.06172   -14.5066   -3.07624    47.2836   -21.9257     32.158
    16.125     79.125   -35.1086   -46.9272    5.05118   -24.0692   -24.5564   -7.97452    47.8317   -44.8894    31.5802
    16.125     79.375   -39.2205   -51.0887   -6.72733   -18.4892   -21.5952   -9.82969    28.1909   -31.0552    41.7556
    16.125     79.625   -79.3551   -80.0592   -45.7366   -60.2626   -49.0449   -27.7597    -20.974   -4.81692    22.7216
    16.125     79.875   -55.8365   -56.9159   -17.6145   -38.1199   -42.6184   -15.1289    14.7063   -15.9435    27.3956
    16.125     80.125   -21.8981   -18.3415   -7.87613   -29.8696   -32.2805   -11.7287    12.7673   -7.77305    50.2987
    16.125     80.375    -10.299   -2.07347    21.4566    3.18614     -43.44   -18.6826    3.43864    -31.718    54.0082
    16.125     80.625    -11.019   -12.9896    8.20379   -16.9945   -30.7723   -13.9692    8.02684   -17.7775    43.2733
    16.125     80.875   -31.1554   -42.4378    15.6816   -22.0218   -38.3136   -17.2335   0.227697   -36.0286    39.6723
    15.875     73.875    33.9338    36.7011    -21.221   -9.32987    6.92326    15.8538     45.443    -99.056    41.4822
    15.875     74.125   -10.8247   0.415026   -60.2892   -29.3292   -7.78703    2.88703    13.8363    -75.728     25.457
    15.875     74.375    -1.5837   -9.65238   -9.46803    2.27652    4.78671    20.4807    13.6792   -26.9241     33.267
    15.875     74.625    9.58661   -2.68524    15.0885    37.0643    20.8121    17.3235    29.5479   -7.59956    44.5255
    15.875     74.875    17.3183   -6.13452    34.9996    50.1214     12.797     8.3216    53.8671   -75.7288    42.9665
    15.875     75.125    -8.6368   -34.6921    3.21417   -5.66368   -8.64512    2.52814     50.775   -10.2775    30.9607
    15.875     75.375   -9.98451   -21.2903   -8.69634   -10.1426   -7.12749    16.2514    47.4971   -18.1346    42.3763
    15.875     75.625   -4.45485   -22.2563    20.9915     38.255    27.0041    52.0913    57.2223   -19.9115    47.3262
    15.875     75.875   -6.58618   -28.1807    16.9608    33.3342    16.8139    45.5141    52.8725   0.807962     25.114
    15.875     76.125   -1.49172   -30.1561     24.485    27.2501   -21.1392   -7.54025    60.4294    -13.402     26.157
    15.875     76.375   -12.8765    -46.683    27.3173    51.3936   -13.5736   -1.23764     67.395   -51.1125    34.6198
    15.875     76.625    2.46467   -35.6494    20.6926    23.6121    -14.823   -1.46695    43.5478   -27.1786     18.449
    15.875     76.875    40.0319    21.1782    50.3381    65.7532    36.5182    15.9465     51.508   -32.8907    17.3873
    15.875     77.125    5.84363   -21.6393    25.6498    42.6731    4.86057    13.4541    37.7095    1.74945    22.1822
    15.875     77.375    5.28288   -18.4328    21.4464      54.94    33.8512    23.5847    43.4095    5.45524    30.3476
    15.875     77.625   -55.1385   -66.6625   -24.5404   -30.3162   -21.9646    3.51126    26.6585    28.7773    51.9019
    15.875     77.875   -7.86624   -11.9889    28.4739    17.2486   -14.2819    4.45911    33.0159    18.2935    68.3354
    15.875     78.125   -23.0121   -40.3018    18.0407    32.3241    23.4846    32.6541    55.8793    19.9473    68.6059
    15.875     78.375    -15.947   -33.3607    17.4087    14.7584    10.5579    28.0769    64.2506    12.9656    64.7667
    15.875     78.625   -44.1796   -48.4642   -16.9927   -20.8049   -16.2451    6.11183    67.8991   -8.67095    34.7805
    15.875     78.875   -2.58825   -28.9637    20.5277    27.2545    23.5828    32.2465    37.6145    -14.388    6.78034
    15.875     79.125   -21.4444   -42.8082    11.9807    18.3766    15.8629    24.1016    33.6468   -37.0065    6.98704
    15.875     79.375   -32.8286   -35.2811   -3.36331     4.7886     17.481     25.044    44.5441   -29.4253    64.3954
    15.875     79.625    -76.573   -72.1874   -54.6929   -47.6923   -41.0778    -31.406   -14.9173    -26.153    14.8621
    15.875     79.875   -57.0237   -68.8526    -14.824    -13.388   -18.7358   -7.79518    39.1219    -12.762    42.1028
    15.875     80.125   -53.2997   -63.6521   -13.8237   -29.7113   -27.5263   -9.97636    23.4377   -4.92405    44.5355
    15.875     80.375   -21.9901   -29.3899   -2.85458   -1.44636    -8.7536   0.956545    19.2425   -3.01175    32.9079
    15.875     80.625   -60.2167    -60.711   -30.1259   -20.0722   -19.8085   -7.53178    10.9322   -29.3562      51.84
    15.875     80.875   -36.6302   -48.6739     -8.045   -6.90626   -11.2251   -1.44156    13.3623   -30.5158    49.0042
    15.625     73.875   -3.55415  -0.631272   -60.7276   -56.9642   -10.3701    3.17968   -10.0148    1.67527    23.5924
    15.625     74.125   -58.9429   -52.8378   -90.4728   -55.1184    -21.554   -12.6682   -34.6564    3.97815    1.76759
    15.625     74.375   -62.6451   -65.0069   -50.7938   -24.3209    -20.825   -6.01188   -19.3711   -79.0376   -8.40132
    15.625     74.625    5.57129   -7.00275    8.23176     22.935    -27.594    1.39069    35.1923   -35.6482    28.2431
    15.625     74.875    9.97752   -7.41859    15.7138    26.9979    29.6816    26.1669    51.1506   -52.1161    33.8306
    15.625     75.125    6.05003   -9.95617    25.4879      21.69    11.5444   -3.98024    45.1574   -14.7959     25.048
    15.625     75.375    -12.025   -18.1157    4.80963    11.6191   -1.83837    11.0805    31.4766   -13.8027    31.5902
    15.625     75.625   -4.51819   -24.2161    5.74119    19.6443    17.1889     28.527    24.0469   -53.2647    30.8252
    15.625     75.875    10.8483    -2.8048    27.1065    45.0792    43.8938     56.385    35.8802    1.71679    35.9017
    15.625     76.125    -21.423   -35.6991    24.8769    57.9507  0.0667539    27.6817    82.6574   -7.42845     29.186
    15.625     76.375   -9.94004   -34.0429    25.9764    53.8193    14.3602     11.524    50.4506    -61.194    23.4066
    15.625     76.625   -2.93705   -22.9812     29.875    29.4086   -14.6986   -2.03295    36.8647   -68.0864     21.216
    15.625     76.875    18.8959   -14.7188    32.7872    11.8535   -14.0661   0.370998    44.9682    -26.806    22.5917
    15.625     77.125    9.09099    -13.017    22.3812    13.0049   -17.2604    6.01596    30.1494     8.6425    31.8165
    15.625     77.375   -4.21144   -22.0561     15.527     19.421   -18.7366   0.505777      30.65    14.6961    28.3691
    15.625     77.625   -21.5075   -28.7049   -1.79515   -14.5494   -21.7893 -0.0824121    35.6793    28.3879     52.462
    15.625     77.875   -16.9523   -16.4749    16.8676    11.4002    16.4516    4.84453    33.8602     35.192    51.2792
    15.625     78.125   -62.4986   -70.7359   -12.4203    3.82703   -6.48235    4.45158    10.8444    7.98794    46.4424
    15.625     78.375   -30.8646   -49.0028    2.15389    2.76954    6.13822    24.9562    19.0735    16.6872    53.4569
    15.625     78.625   -58.1339   -62.3494   -49.9079    -46.253   -23.2867   -4.92727    2.52759    5.88903    15.8074
    15.625     78.875    1.25396   -15.7865    24.8009    24.3809    28.8214    24.0652    64.0188   -13.4538    75.3989
    15.625     79.125   -49.1055   -59.5705   -24.0226   -10.7737    1.18071    8.80698    10.9732    1.18171   -9.25758
    15.625     79.375   -42.4892   -54.9795   -15.6669   -2.97767    16.9873    44.8893    27.9188   -0.65555   -23.1557
    15.625     79.625   -64.1786   -69.3689    -21.314   -10.4832   -11.3794   -4.55324      72.96   -19.6512    39.9345
    15.625     79.875   -41.0275   -55.1723    -3.9053   0.234042   -6.18044   -1.82065    64.6064   -10.7213    41.6345
    15.625     80.125   0.892761   -9.88002    21.5259    27.1842    26.8604    30.8285    47.2158    14.4498    41.9212
    15.375     73.875   -3.62518    7.61002   -48.0966   -55.2834   -7.53631   0.653302   -4.18423   -10.8981    17.6877
    15.375     74.125   -30.1156   -13.5324   -61.8469   -25.0708    5.47274    19.2922    25.4469   -6.92778    30.5793
    15.375     74.375   -5.55748   0.764137   -21.3794   -1.24476    6.00436    19.0971    45.7094   -72.7083    42.9937
    15.375     74.625   -18.5409    -25.587   -4.10807    11.3981      16.62    18.5259    18.5811   -71.5088    25.1735
    15.375     74.875    35.6528    27.2495      38.33    48.5899    54.2045    57.4445    66.1129   -72.9217    62.1246
    15.375     75.125    8.71288    3.78019    14.9542    18.9449    18.0231    25.6947     31.959   -2.01172    40.3242
    15.375     75.375 -0.0571692    1.18276    5.03129    36.2998      3.125    22.5309    36.4513    2.44192     26.653
    15.375     75.625     7.4063   0.801204     15.736    39.1152    2.38454    13.6097    35.5134   -67.1522    27.0043
    15.375     75.875   -3.24539   -13.1216    9.36472    31.6658     19.698    24.7135    40.0856   -1.33485     32.298
    15.375     76.125   -28.0348   -60.7629    12.2999    50.9043    62.9068    7.07273    61.7169   -23.4365    24.1188
    15.375     76.375    -2.1933   -30.5204    36.6491    65.7701    37.2665    10.0662    59.8789    -34.205    30.7244
    15.375     76.625   -14.8656      -42.7    39.1291    4.60594   -25.4806   -6.91489    31.8129    5.32569    20.0649
    15.375     76.875   -9.69006   -27.9945    41.8013   -16.6378   -25.2771   -2.23999    25.5076     24.623    31.2513
    15.375     77.125   -11.6874   -29.8301    17.2901    -12.646   -31.2882   -4.54022     17.077    15.3326    42.4414
    15.375     77.375   -21.9651   -40.2129    12.4447    9.16425    11.0722    19.0503    21.3416    14.6208    35.2505
    15.375     77.625   -3.67166   -15.7886    20.3356    11.9155    19.8129   -3.91056    49.2407    9.12311    39.9876
    15.375     77.875   -29.4491    -50.792    6.22259    4.93352    15.7527    10.7635    28.6672    5.99441    28.2481
    15.375     78.125   -54.2285   -73.6847   -7.22759   -34.3991   -19.7654     3.7797    27.0834   -9.40884    19.7522
    15.375     78.375   -18.7261   -39.6609    25.2916    24.3295    36.0125    25.2512    18.1161    14.0898    47.7629
    15.375     78.625    6.53842    -19.606    59.3553    41.2644    22.0852     21.805    21.0359    11.5312    42.5256
    15.375     78.875    -26.893   -42.5218   -6.39173    4.27367    9.36117    8.27269    17.6718   -3.30271    36.7653
    15.375     79.125   -45.9908   -62.5725   -16.1048   -18.3951   -18.1663   -4.62373    6.73094   -3.07657   0.593961
    15.375     79.375   -38.5979   -57.9827  -0.898367    -7.8056   -1.31323    13.9674    19.7922   -4.59743   -8.90931
    15.375     79.625   -37.4467   -56.4103   -5.21936    0.97227   -2.75962     2.9265     33.723   -10.7899   0.413409
    15.375     79.875   -29.4779     -45.03   -3.88671    2.84078   -4.00745   -1.37624    49.1231   -9.50983    24.8135
    15.125     74.125   -31.0634   -15.1404    -85.724   -41.6982    4.56637    13.7546    23.2948    -37.385    26.6794
    15.125     74.375   -5.03341    10.8602    -39.549  -0.771333    20.4541    39.6636    47.9672   -66.2472    63.4282
    15.125     74.625   -30.8915   -29.5498   -13.7381     7.1041    11.6999     13.063    3.49237   -75.7656    22.5536
    15.125     74.875    5.20824    1.81829    11.9809    20.3237    22.0641    23.2661    24.2264   -34.9897    22.8339
    15.125     75.125   -8.09282   -8.06741     12.456    51.9303    50.0701    44.6718    25.7107   -15.0572    38.2464
    15.125     75.375   -14.9017   -24.1207    1.12421    16.0789   -38.9872    3.15871    63.8664   -41.7508    39.7798
    15.125     75.625    14.6378    22.8391    12.8118     13.311   -25.4238  -0.470218    58.7222   -19.5188     35.433
    15.125     75.875    7.42837    12.5641    1.34844    7.57759   -18.3834   0.124984    61.1121    3.31617    28.1014
    15.125     76.125   -32.8142   -29.2983   -11.6402    21.8077    5.84339    2.98037    57.3343   -5.96714    24.0737
    15.125     76.375   -20.1096   -34.9153    7.09479     35.313    21.7082    6.08526    55.1759   -43.2568     30.429
    15.125     76.625   -68.7793   -62.0649   -46.3818   -36.0544   -30.8625   -4.10881    66.3875     5.4448    50.3237
    15.125     76.875   -17.0225   -34.2732    22.8899   -37.6303   -31.5263    3.45149    53.0321   -3.16544    34.8875
    15.125     77.125   -35.2366   -52.9573   -6.60599   -37.9681   -22.8025    6.53416    39.4136    22.4669    39.3861
    15.125     77.375   -9.36263   -37.3953    6.82026   -10.8378   -22.6576   0.105362    38.9219    11.8052     57.565
    15.125     77.625    8.71664   -13.6233    16.6997     11.679    15.6889    12.0793    35.6071   -8.74048    37.8759
    15.125     77.875    3.25882   -15.7487    15.9757    11.8582     9.2554    21.4214    19.5235    30.0795    51.3719
    15.125     78.125   -33.5071   -61.8626     12.551    7.33077    3.02176     22.681    31.7301     22.523    38.8587
    15.125     78.375   -8.37783   -33.8913    38.8658    48.7518    71.9535    32.1642    53.3887    23.4311    44.9834
    15.125     78.625   -27.2653   -41.9323    20.4818    12.9858    13.9497    1.23707    20.9571   -1.14512    42.8508
    15.125     78.875   -33.4731   -51.7794    1.90878   -5.73441   -12.4445   -3.54908    14.2785    -8.9742    35.9992
    15.125     79.125   -36.3752   -55.9633   0.704237   -15.0931   -25.4777   -9.78468    10.0227   -3.20947    44.3696
    15.125     79.375   -13.1819   -34.8271    20.4662    10.2943    12.1946    32.3763    27.6418   -3.41177    53.0512
    15.125     79.625   -15.1957   -26.5421    12.1196    15.6482    15.4692    35.0472    48.8566   -2.97317    62.8852
    15.125     79.875   -24.2837   -40.3298    4.79123    6.85409    7.65611    22.8619    41.6475   -2.00124    51.1374
    14.875     74.375   -39.8789   -26.1418   -46.3743   -8.09296     1.4652    14.6745    35.9396   -99.9375    34.7559
    14.875     74.625   -71.7775   -71.4686   -58.2722   -17.7426   -20.3754   -14.2029   -23.3918   -93.0285    14.2151
    14.875     74.875   -60.8627   -62.0399   -52.1452   -19.6224    -31.658   0.976893    1.59014   -68.9067    9.50504
    14.875     75.125    -9.1683    -14.683   -14.9275    3.52902   -13.9307    16.1632    36.1555   -43.3587    25.6787
    14.875     75.375   -32.0419   -37.0313   -24.0586    1.47737   -35.9945   -8.35716     9.4517   -51.7692    29.0473
    14.875     75.625   -3.93526   -12.6737   -9.99991    15.2363   -17.3829   -10.8703    43.9409   -57.3611    69.4374
    14.875     75.875   -1.96538   -21.8857     1.4592    24.8285   -16.4325    -5.9437    51.3124   -61.1133    27.1124
    14.875     76.125   -18.2869   -29.6994    4.51077    20.7705   -11.1703    1.06509    52.4004   0.462371    34.3406
    14.875     76.375   -61.3253   -52.2775    -25.126    -8.8448   -30.5822   -1.38822    61.6342    46.9775    31.6221
    14.875     76.625   -20.0487   -25.3209    26.4053    14.0954   -24.0189    1.69659     81.303   -8.14306    39.9863
    14.875     76.875   -1.15297    -18.696    21.6462    -14.703   -21.1942    2.60309    71.4044   -36.6012    42.3403
    14.875     77.125   -3.97501   -22.7047    18.3921   -21.4095   -15.4767    8.56474    56.7019    22.9743    42.5922
    14.875     77.375  -0.785917    -25.196    15.3059    17.3142    8.73259    24.6979     37.873    20.9164    72.6003
    14.875     77.625   -8.90711   -35.6348    10.6684    8.02982    -8.0959    8.26258    24.9427     32.005    74.5839
    14.875     77.875   -21.3872   -39.1278    4.36863    2.39514   -11.1701    5.96141    9.99836    27.3676    70.1665
    14.875     78.125   -8.96678   -28.4266     22.619    22.3725    11.8637    28.9517    21.3066    1.22897    62.7082
    14.875     78.375   -14.3773   -30.2719    33.5646    44.0839    42.0288    38.6402    22.9796    0.29915    56.0397
    14.875     78.625   -14.5152   -26.5334   -13.1689   -36.0259   -17.8745    10.4369    15.4143    8.58183    51.1459
    14.875     78.875   -23.0492   -32.9614   -1.21987    11.2837    11.1601     31.025    57.3675   -29.2542    61.0859
    14.875     79.125   -15.5851   -30.7557     17.185    13.8581     12.624    35.2319    38.6294   -19.0534    58.1124
    14.875     79.375    -19.407    -36.884    2.17437   -31.9861   -23.9148   -8.47153   -18.3157   -12.8858    47.4602
    14.875     79.625   -29.4912   -45.7497   -3.03266   -19.9304   -14.0411   -1.81725    2.16544   -9.47239    46.1576
    14.875     79.875   -28.2818    -40.941    -4.0999   -11.7494   -10.1878    2.71667    3.10694   -6.92675    48.8474
    14.625     74.375   -3.97305    6.07114    1.96014    17.9606     18.063    31.5168       78.1   -64.8236    8.72181
    14.625     74.625   -84.5285    -79.065    -77.968   -28.6282   -25.1184    -11.907   -37.9244   -62.2248    10.5055
    14.625     74.875   -26.3733   -19.4266    -39.155   -13.4768   -18.2046    4.83794     6.4755   -44.2874    13.7642
    14.625     75.125   -22.3724    -23.205   -20.9372    6.70964   -5.76147    21.0247    24.9217   -33.0546    26.4404
    14.625     75.375   -22.4034   -17.9344   -16.0699    6.93373   -10.8723    10.7378    42.0256   -24.7356    33.9693
    14.625     75.625    -4.9909   -9.95352   -1.30457    24.6952      2.963   0.530241    62.9559   -13.9039    53.4616
    14.625     75.875   -1.30849   -15.5766    3.24968    33.9469    9.17097    6.26035    82.0463    -57.097    59.1358
    14.625     76.125    13.7335   0.620144    29.1961    61.1602    3.36789     4.5884    54.2422    9.02078     38.823
    14.625     76.375   -21.4814   -25.1876    6.90947    12.0693   -14.1215    2.95756    62.2635    7.27065    25.6943
    14.625     76.625   -16.9314   -15.8599     18.116     11.271    -18.667    1.85479    77.4557    33.7066    31.4973
    14.625     76.875    3.46783   -15.6667    43.0111    13.4205   -34.8329   -4.71752     48.176   -23.3423    32.3468
    14.625     77.125    42.3538    17.7738    54.6209    58.8276    45.4318    64.6321    85.0402   -3.29543    70.7385
    14.625     77.375     13.977    -4.2704    27.1285    27.6996    10.1683    25.2743    51.4244  -0.915124    81.4463
    14.625     77.625    -21.872    -31.678    9.14555    10.2199   -20.0512    1.26109    34.3135    50.9523    57.6762
    14.625     77.875   -24.2338   -47.9882     13.592    18.7011    9.76621    24.5972    24.7251    6.22164    79.7566
    14.625     78.125    7.32961    1.48088    30.9832    32.4515    22.0288    36.7905    14.6149   -12.4056    65.5176
    14.625     78.375   -8.92713   -19.0923    24.5415    29.2072    18.4207     35.196     9.3142    7.82812     61.354
    14.625     78.625   -32.9295   -40.8859   -10.1212   -3.36519  -0.852356    19.7768    -6.1493   -12.4565    57.7936
    14.625     78.875   -28.3078   -36.5884   -6.12833    0.12565    0.57985    18.7673    38.3735   -23.2567    50.9048
    14.625     79.125   -13.3965   -26.1371    12.5591    17.7352     15.776     31.934     35.906    -23.381     54.327
    14.625     79.375   -17.1061   -37.8174    9.37306     2.3891    1.69742     16.002    15.6989   -8.99078    61.8309
    14.625     79.625   -19.7535   -33.7798   -1.13158   -16.0886   -9.64753    1.05952   -1.29353   -7.05014    51.8882
    14.625     79.875   -13.4687   -24.4861    5.35758   -8.47189   -4.86577    7.79237    6.96816   -8.51833     59.264
    14.375     74.625   -64.8645   -19.2052    -84.377   -27.6874   -3.78646    1.93263    2.80601   -36.3177    26.4669
    14.375     74.875    9.02884    9.81551   -32.1048   -11.9716   -11.1034    2.23418    13.2628   -34.5405    33.5443
    14.375     75.125   -44.9311   -38.4453   -35.0369    2.90239   -2.34334    32.0347    24.6588   -44.6835    29.3274
    14.375     75.375   -20.3927   -18.7874   -16.3413    10.2782   -4.95379    15.7124    14.6406   -6.96484    24.3984
    14.375     75.625    -8.5683    -6.4964   -2.19936    19.9323   -26.9544     6.8638    45.3329   -23.4237    34.0771
    14.375     75.875   -11.5959   -7.40341   -4.17159    19.3149   -29.1475  -0.810137    77.8866    -13.441    58.1701
    14.375     76.125    35.7563    30.6803    34.4206    50.4255   -22.4309  -0.939461    70.8611    17.9243    48.7034
    14.375     76.375    45.0498    39.6755    62.1363    86.0621     54.011    25.9175    84.5906     19.118     44.316
    14.375     76.625    11.3437   -19.9096    44.8447    32.1759    30.9869    14.5412     79.852   -2.49593    38.7192
    14.375     76.875   -58.5308   -61.3421   -33.4682   -25.6029   -20.3396    5.83865    74.7774   -18.6548    25.5167
    14.375     77.125    16.7937    2.13697    24.2774    25.4815    14.6683    30.4397    39.6248   -34.9113     39.069
    14.375     77.375    8.34505   -16.0341    37.4249    37.6408    16.9412    34.0673    46.8758    26.2372    74.9428
    14.375     77.625   -33.7783   -25.2968    19.5492    28.2509    2.15455    24.9606     56.259    17.1942    36.2582
    14.375     77.875   -25.2421   -53.9782    1.94314     2.0213   -22.5351    3.50669    14.3556   -59.0705    77.9192
    14.375     78.125   -20.9156   -44.8344    5.65663    7.95927   -6.49905    14.0038   -1.43146    18.5116    73.6833
    14.375     78.375   -23.8401   -44.4171    5.57043    13.5407    16.0322    31.2354    20.0229    2.15272    61.4397
    14.375     78.625   -29.0372   -45.7016   -2.43105    8.00523    6.98087     29.042    5.98732   -24.3224     61.903
    14.375     78.875   -42.3351    -50.034   -21.0982   -8.95892   -2.15322     19.624    9.32024   -23.8435    74.5321
    14.375     79.125   -30.9132   -46.7969   -15.4823   -11.0437   -10.9123    6.08132    18.9616   -25.8938    59.9989
    14.375     79.375   -23.7832    -43.071   -9.57602   -2.31975   -1.91215    12.5954    16.4762   -20.4803    60.5544
    14.375     79.625   -1.47757   -12.1845    4.30523    8.26502      12.09    18.9354    2.93225    1.73664    28.5932
    14.375     79.875   -2.85521   -15.7006    10.3474     13.648    18.2302    26.9012    7.39788    11.7107    51.9955
    14.125     74.625   -35.9017    2.94684   -85.6416   -28.8172   -0.61739    13.8433    5.75813   -35.7206    21.9117
    14.125     74.875    -44.534   -29.9644   -37.4193   0.251429    9.14811    11.0533    14.9444   -71.2968    27.1826
    14.125     75.125   -31.7252   -30.0031   -16.6121    2.42105    2.72865    7.57477    21.8678    -64.166    27.4762
    14.125     75.375   -24.0681   -24.3863   -12.1017    6.98308    -29.705    14.3237    39.0044    0.73731    36.4571
    14.125     75.625    -39.214   -32.8816   -35.2365    4.72847   -15.6082     12.942     6.5305   0.413246    32.3976
    14.125     75.875   -14.4612   -15.5887   -15.0669     9.9736   -20.5114    13.4086    54.4546   -32.2175    55.0072
    14.125     76.125   -23.1422   -12.8345  -0.160989    18.9354  -0.705203   -6.18234    41.0629   -53.4251    26.2383
    14.125     76.375   -3.73054   -29.9482    38.4593    52.3723  -0.860986    5.55167    91.8423   -8.63422    38.1742
    14.125     76.625    6.66832   -7.49039    38.2869    36.2244    10.3021    19.0198    98.3966  -0.209499    35.0714
    14.125     76.875   -5.17499   -18.2503    36.4879    53.5401   -15.6123    1.77898    69.8002    10.7587    36.1401
    14.125     77.125   -24.1538   -53.1803   -3.68767    1.82889   -25.7575    0.98013    12.4388    -26.321    53.3909
    14.125     77.375    2.34337   -37.4786    25.6542    23.8821   -1.31182    13.9761    54.7455    18.1398     61.118
    14.125     77.625   -11.2089   -37.3696    9.44527    11.6615   -3.79202    11.0785    32.1199    22.4876    69.5811
    14.125     77.875   -19.0777   -43.0803    15.4626    16.1453    1.24769     18.396    30.3682   -4.74873    77.7837
    14.125     78.125   -40.2179   -62.1797    -9.8467   -1.93497   -25.5742   -2.74074    -14.129    44.2388    82.1949
    14.125     78.375   -32.4336   -56.7124    3.83573    19.0317    17.6201    29.5217    14.0863    12.4754    74.3718
    14.125     78.625   -54.7272   -70.2695   -18.2271    2.59783    0.33915    8.53855    7.85075   -4.48049    67.1865
    14.125     78.875   -36.2741   -39.2335   -15.6266   -1.17274    8.56413     22.437     22.948   -5.52743     58.765
    14.125     79.125   -13.5354   -23.1943   -10.0912   -7.65045   -5.02926    12.3957    42.8067   -20.5213    65.7196
    14.125     79.375    -20.294   -30.2617   -16.8813   -13.4569   -14.5964     1.1132    18.0593    -18.773    68.3415
    14.125     79.625   -13.0865    -25.655   -4.49281   0.355547    2.43958    10.4334   -1.53711    2.10311    37.7765
    14.125     79.875   -11.0958   -22.3908   -2.81188    2.03322    3.14114    10.1769 -0.0863807    3.99773    33.1799
    13.875     74.875   -28.4968   -14.0698   -42.0716   -5.15967    6.90927     12.378     23.548   -72.9912     28.903
    13.875     75.125    2.33409    1.96663   0.721628    11.1379    12.9153    20.2663    34.9142   -83.5426    46.0544
    13.875     75.375   -11.5067   -14.8267   -5.08064    15.8165   -5.05769    53.3989    1.20201   -37.5124     37.686
    13.875     75.625   -26.0093   -27.2992   -17.2202    6.48875   -25.8118    6.84179    4.97636   -34.3447    32.3702
    13.875     75.875    3.15452   -11.5497    4.28418    10.6572   -28.6125    8.48846      38.18     -15.01    39.0679
    13.875     76.125   -26.3755   -20.1745   -15.6663 -0.0509457   -25.3303    5.07457     45.873   -4.04587    28.1521
    13.875     76.375   -22.8009   -28.9103   -7.11961   -1.47741   -26.6362 -0.0309923     79.997    17.9473    38.7784
    13.875     76.625   -14.5771   -29.3902    18.4826    9.90369   -7.60431    10.2447    85.2969    3.62805    44.1745
    13.875     76.875   -36.8941   -50.6557   -5.36444    2.31801    6.75862    34.8433    57.4019   -8.56172    26.8824
    13.875     77.125   -42.4539   -63.7966   -12.0715   -6.17079   -8.96362    18.1795     49.062    2.28572    13.6536
    13.875     77.375    1.49929    -38.694    30.2537    38.4668    29.4126     44.488    74.7617    16.7033    53.8506
    13.875     77.625   -5.48446   -42.7698    30.5024     31.805     15.489    29.9184    57.9783   -32.6828    79.1811
    13.875     77.875   -19.3835   -48.8494    19.2205    26.1713    11.0989    16.6866    45.5877   -8.91052    79.7358
    13.875     78.125   -41.1619   -64.5616   -1.57959    12.3934   -6.69004    9.56023     30.718    17.8528    82.1394
    13.875     78.375    4.83339   -41.1062    29.2122     39.076    36.6107    51.5795    56.6681   -6.13827    74.1124
    13.875     78.625   -26.4541    -52.947    8.42115    23.7717    15.8781    30.8252    38.2198   -30.7254    62.0129
    13.875     78.875   -31.9149    -50.838    3.39712    19.3622    22.3196    32.0569    39.9052   -5.46242    57.6565
    13.875     79.125   -29.5361   -50.0395    -10.284   -10.0051   -2.06476    12.9318    38.3855   -23.4901    62.5042
    13.875     79.375   -24.1251   -33.5381   -11.2966   -5.24825   -4.87718     15.553    23.7945   -2.71558    59.4694
    13.875     79.625   -37.7153   -50.0053   -17.7653   -26.4017   -31.9416   -26.1845   -24.5474    1.93986     34.309
    13.875     79.875    -13.815   -22.4577   -1.48683   -1.18996   -1.79175    3.90732  -0.182663  -0.275547    25.2449
    13.625     74.875   -30.9567   -12.1665   -84.6112   -40.1438   -15.5636   -1.65255   -6.68888   -6.54138    20.9736
    13.625     75.125   0.146166    4.35023   -46.9481    -21.847    -2.3449    43.0615    3.17682   -20.4592     27.208
    13.625     75.375   -49.5107    -39.419   -48.9111   -33.5707   -19.8629    28.1577    4.86927   -77.0556    26.9934
    13.625     75.625   -45.5975   -34.4074   -49.1475   -52.9706   -35.5949   -5.62108    12.8134   -43.2708    25.2333
    13.625     75.875   -4.89641   -11.3398   -3.79621   -27.4062   -20.9415   -6.56841    35.7574   -35.3058    49.8688
    13.625     76.125   -20.6445   -33.6391   -8.44892   -16.2686   -30.1555   -1.56673    58.1823   -40.8162    37.4192
    13.625     76.375   -20.5267   -34.6098    4.61828    9.90841   -28.2891    1.41854    81.0265   -12.2135     27.862
    13.625     76.625   -28.7559   -64.0423    9.93296    12.1314   -37.1524   -16.9541    36.0578  -0.337396    31.7835
    13.625     76.875   -29.9972    -54.558    17.7089  -0.269339   -6.36261    10.1149    50.3845   -27.9207    25.5151
    13.625     77.125   -14.6285   -47.1414    15.5877   -4.69107   -33.3279   -9.97128    61.7917   -13.2217    21.9133
    13.625     77.375     -61.65   -84.8643   -24.9367   -11.3019   -47.1433   -28.1295    16.6943   -23.8634    73.4076
    13.625     77.625   -4.10211   -35.6884    32.4056    45.0251    25.0742    32.6514    69.1076   -32.1442    70.8764
    13.625     77.875  0.0194189   -44.9537    29.4645     36.708    27.4142    29.6356    51.7372   -48.3415    82.2797
    13.625     78.125   -52.9515   -88.1348    0.43519    10.6081    10.7133    26.7564    39.8937     2.2135    82.3289
    13.625     78.375   -52.6119   -71.0897   -14.7402    6.28232   -3.72558    11.9118      29.69   -33.0537    84.3314
    13.625     78.625   -50.7565   -67.1061   -23.2311   -2.49409   -9.11331    5.15542    25.4183   -42.4975     67.801
    13.625     78.875   -43.4063   -69.0358    7.94784    21.4628    26.2602    41.2531    54.6442    -38.132    64.5648
    13.625     79.125   -38.2371    -52.247   0.547412    2.00991    4.14857    29.3391    54.1136   -28.2926     57.559
    13.625     79.375   -5.40775   -14.4049    13.4139    15.3203    21.6763    28.6916    46.6233   -7.31752    29.5358
    13.625     79.625   -28.6458   -44.4484   -6.49279   -2.39261    -1.3382    5.80753    11.0088     10.231    28.7524
    13.625     79.875   -15.4264   -27.1957    -0.9006    3.18635 -0.0351488    8.11579     22.631   -2.41704    21.8562
    13.625     80.125   -12.1121   -12.7547    -3.1699    6.78928    6.81431     13.672    32.7782   -49.4326    32.6629
    13.375     74.875    25.2716    29.6514    -21.765   -49.9454   -36.9868     1.5632    13.4002   -26.6829    14.9307
    13.375     75.125   -16.1401   -8.24391   -65.6695   -47.7011    -17.289    18.8569    2.77243   -25.4982    17.5403
    13.375     75.375   -23.1079   -15.1637   -67.4377   -45.3266   -23.2882    14.2168  -0.486818    -15.286    21.1852
    13.375     75.625   -55.0818   -54.0164   -39.4011   -43.2426   -38.3259   -12.6797   -16.0512   -13.2244    29.4341
    13.375     75.875    -29.657   -54.7949   -9.66089   -34.1514   -41.4291   -17.9057    14.1371    1.31484    29.3751
    13.375     76.125    27.8377   -6.90655    47.6946    28.8963   -11.5378    9.23898    66.3596   -59.1619    42.7111
    13.375     76.375    12.1225   -18.1452    26.2288     20.699   -21.1435    3.80193    47.2398    -47.499    27.4781
    13.375     76.625   -2.41438   -27.6727    34.6467    25.4164   -14.2104    14.7966    67.2189   -24.7349    41.4406
    13.375     76.875     -22.74   -42.0792    4.04051    2.21624   -12.5122    11.4082    18.2446   -38.8635     15.377
    13.375     77.125     2.0145   -20.5778    24.3458    16.6638    -2.0076    12.8666    38.4693   -45.8227    62.8518
    13.375     77.375   -51.8417   -80.3544   -6.56199   -2.31701   -15.7361    3.27157    29.1381    10.7063    62.8518
    13.375     77.625   -24.3747   -43.4431     6.7003    13.4095    3.25984    10.3095     23.788    8.85352    69.6723
    13.375     77.875    7.35785    -24.254    31.4301    32.3644    36.0656    42.1787    52.0684   -15.5554    71.7811
    13.375     78.125   -16.2779   -50.5515     14.615    17.9794    20.2225    25.3676    42.8551    26.8577    56.0895
    13.375     78.375   -16.6984   -47.2415    13.3574    18.5465    18.4439    25.5026    48.8192     25.439    64.0489
    13.375     78.625   -12.0795   -35.3591    13.8055    19.7387    23.6221    31.6523    64.1479   -1.33058    55.5555
    13.375     78.875   -44.2283   -66.3194   -1.36826   -3.87966    6.72293    27.9091    77.0325   -40.1209    62.6825
    13.375     79.125   -30.5608    -59.832    2.10426    6.29555     2.3586    14.8442    24.3746   -80.4934    50.3011
    13.375     79.375   -15.0062   -31.3038    1.76036    2.64405    2.36487    12.2111    26.6434   -10.5964     60.908
    13.375     79.625   -12.3132    -25.842  -0.550233   -1.97342    2.99527    16.2302    36.4314    13.1975     40.954
    13.375     79.875   -10.3945   -18.7003  -0.991049    7.74332    6.34173    15.8176    48.9973   -48.3106    31.5396
    13.375     80.125    -15.397   -23.5746   -4.67752    1.73855    2.00412    9.15365     40.177   -52.7538    24.6019
    13.125     74.875   -18.8056    13.0527   -51.5626   -28.2245   -5.18602    13.1679    42.6616    -99.748    31.2922
    13.125     75.125   -72.4404   -64.9276    -74.275   -31.6715  -0.425878    15.4592    20.3121    -99.455    31.3468
    13.125     75.375   -7.70214   -3.33076   -66.2563   -41.7073   -11.9438   0.374768    13.0838    32.5793    12.8115
    13.125     75.625   -4.61518   -19.7112   -17.6602   -16.0597   -16.6466    14.0465    37.7876     -51.16    30.4892
    13.125     75.875   -28.5402   -49.8945    -13.457   -12.4789   -9.00963    23.6574    8.52642   -22.6646    35.1616
    13.125     76.125   0.780876   -22.8591    11.8645    6.43283   -17.0611    1.73935    14.2427   -5.46218    43.1605
    13.125     76.375    -15.842   -43.0489    4.34895     3.3402   -16.2831     2.7551    24.6462   -34.7533    50.0879
    13.125     76.625   -13.8906   -20.4413    7.85435    11.8244    3.61658     20.407    44.4648    -31.405    57.8568
    13.125     76.875   -43.5679   -42.8777   -5.38835    1.64659   -6.04168    8.16232    9.11494   -34.6716    42.2861
    13.125     77.125   -27.3349   -45.3213     13.393   -5.90239   -19.2022    13.4745    35.7798   -25.6194     32.476
    13.125     77.375   -6.89364   -25.8452    13.2752    9.92192    6.27202    16.1007    27.6161    7.65795    49.3092
    13.125     77.625   -16.9128   -46.5086    8.65476    6.69797     10.886    14.9534    8.22093   -20.0198    54.1853
    13.125     77.875   -16.6185   -39.8134    6.11987    9.65605    18.7894    24.1959    32.6998    14.6601    57.4452
    13.125     78.125   -25.0602   -56.3894    5.41197    15.9932    21.9716    31.4172    53.3976    32.4848    56.9946
    13.125     78.375   -32.9444   -58.0552    -6.4921 -0.0787338    9.22324    20.7524    53.2062    4.68146    37.3703
    13.125     78.625   -53.2121    -88.452   -11.5951    -9.4602    2.91439    12.7253    52.2613   -28.6667    41.6353
    13.125     78.875   -27.4563   -48.7186   -1.48865   0.916455    5.10458    12.1996    48.8293   -43.4772    43.8671
    13.125     79.125    6.24019    -8.9565    24.0318     25.952    16.7389    21.8377    61.5092   -68.3524    40.9422
    13.125     79.375   -7.23418    -14.759     3.4267    14.1841    13.5188    21.9246    80.6587    -58.238    34.9639
    13.125     79.625    14.1608     1.2656    32.7383    20.1734    14.0652    22.8494    62.9462   -66.5181    29.4455
    13.125     79.875   -10.5939    -19.629   -1.85825   -3.19214    1.24405    7.34984    34.4227   -57.4362    21.9797
    13.125     80.125   -8.32474   -11.6694   -3.72727   -1.26899    7.81417    17.3272      19.12   -53.6099    34.7955
    12.875     75.125    2.76948    4.92132   -50.0962   -91.4664   -10.4369    18.0888    2.49111   -14.4889    23.3727
    12.875     75.375     7.1173    5.22989   -19.5069   -32.2632   -8.25897    5.30716    12.6688   -94.5059     21.699
    12.875     75.625   -95.1914   -87.6379   -89.9954   -49.8675   -25.1791     3.5202   -42.4218   -56.4343    16.6804
    12.875     75.875   -34.8931   -40.3301   -21.7589   -15.0587   -15.6957    14.7543   -17.2894   -89.6973    63.8541
    12.875     76.125   -47.6006   -65.8556   -15.9503    -27.219   -40.3753   -12.4222    -2.2976   -26.4625    55.6496
    12.875     76.375    36.9306    24.0814    30.1535    27.0826     17.302    29.0388     81.293   -16.9989    61.9219
    12.875     76.625   -27.4156   -17.1469   -19.0377   -12.0635   -17.2592    1.63731     20.738   -29.1901    64.1689
    12.875     76.875   -58.1649   -45.4252   -27.9564   -18.2119    -17.387    6.02622    2.58899   -42.4535    37.1626
    12.875     77.125   -43.2842   -64.7785    2.46816   -22.8953   -39.4414    6.59277    38.2696   -12.6522     41.187
    12.875     77.375   -4.43234   -14.8263       8.62    7.10549    3.16559    8.38095    33.3308   -74.6854    50.0158
    12.875     77.625   -32.8992   -53.0745   -12.1999   -19.6864   -16.8755   -7.61386    2.45728    21.1724    43.3567
    12.875     77.875   -51.4462   -77.2273   -29.8085   -23.4048   -3.36535    7.91602    4.22582    12.7283    64.0179
    12.875     78.125   -18.5825   -41.1091     3.6256    13.5851    23.3872    32.3005    47.6383    10.4913    62.4292
    12.875     78.375    -23.419   -55.2448    7.32944    10.8352    12.5249    23.6343    47.1835   -24.4103    58.2465
    12.875     78.625   -29.6391   -55.0244  -0.338739    2.75319    6.51068    14.7559    21.8122   -28.3466    43.1736
    12.875     78.875   -26.0367   -47.7719   -5.36701    2.89799     14.678    24.5495    59.1469   -45.9404    54.6702
    12.875     79.125    -12.453   -23.5605    7.08458    12.9207    17.8762    23.3577    52.8309   -41.2582    61.3402
    12.875     79.375   -13.8136   -19.5132  -0.783391    6.79429    10.7095    18.3742    50.1135     -61.08    38.4685
    12.875     79.625   -8.04956   -6.77554   -4.19745  -0.443272    9.60925    17.6182    13.8625   -56.3616    35.1167
    12.875     79.875   -17.1157   -12.4256   -3.78531   -2.80747  -0.504635    5.04167   -7.37514   -14.1925    33.2215
    12.625     75.125   -38.3969    -12.421   -94.8805   -58.9877    -14.667   0.974557   -3.09872   -31.2744    17.9991
    12.625     75.375   -57.3479   -24.0897   -88.6245   -43.3929   -12.7183    4.14581    2.62256    -31.462    14.5878
    12.625     75.625   -53.8828   -31.4476   -77.0237    -34.532   -18.0876   -3.96235   -3.12119   -38.0743    12.5123
    12.625     75.875    -35.051   -36.6299   -24.5303   -15.1007   -25.0277   -8.76078    20.2189   -28.8823    16.4314
    12.625     76.125   -32.3841   -44.7529   -11.0586   -14.1701   -24.7432   -3.45466    12.5178   -37.7121    28.4128
    12.625     76.375    24.8753    17.1263    16.9069    14.2741    11.4592     30.806    95.2077   -43.3396    54.8599
    12.625     76.625    32.6596    24.0651    17.4922    15.0353    13.5416    30.6027    98.2083    3.43925    55.0534
    12.625     76.875   -36.4492   -42.5264   -12.6901   -8.22227   -12.5229    -4.7616    18.8307   -23.9301    44.3859
    12.625     77.125   -46.1262   -53.2923   -26.2303    -28.738   -39.2819   -21.7666    10.3248   -8.74617    38.5217
    12.625     77.375   -42.4049   -54.1087   -23.6423   -24.1883   -31.6471   -16.3863    1.66366   -11.9101    46.6755
    12.625     77.625   0.571046   -5.85048    12.9425    13.7462     6.7549    20.0651    30.5693   -44.0816    48.6446
    12.625     77.875   -8.01275   -33.5462    8.01093    9.75678    9.28376    20.5115    25.6638  -0.208466    54.0734
    12.625     78.125   -15.8193   -60.0745    12.6728    18.8959    12.9067     25.006    26.6007    9.16038    72.2937
    12.625     78.375    17.5168    -7.2174    42.0058     35.958     23.268    31.7852    70.3298   -67.7785    70.1322
    12.625     78.625   0.269086   -16.6456    25.3421    23.1301    19.5937    28.1942    46.3426   -76.4216    55.1793
    12.625     78.875   -21.7693   -43.6608  -0.119229    1.83378    14.2466     23.224    38.7897   -27.4266    76.8836
    12.625     79.125   -20.2957   -40.9559    12.8895    14.8087    23.2916    30.5522    48.4926    -50.698    82.2889
    12.625     79.375   -33.9894   -43.9794   -17.2766    -11.903   -7.25029   -2.90329    3.06244   -62.2113    52.9404
    12.625     79.625   -24.9213    -38.701   -8.81191   -7.89994   -5.30437   -1.88716    25.3966   -46.2103    34.9437
    12.625     79.875   -58.6722   -70.8552   -44.1545   -39.1285   -36.2313   -31.0716    -20.061   -51.9303    38.7459
    12.375     75.125   -30.2941     6.9325    -83.738   -56.8414   -21.0704    3.36577   -4.60169    -32.265    12.7829
    12.375     75.375   -54.6376   -12.9452    -67.385   -34.4899    -8.5056    11.2038    5.36702   -42.9037    13.5948
    12.375     75.625   -40.8389   -25.8528   -47.7558   -36.7912   -36.2033   -5.19696    -1.0584   -92.2693    3.71212
    12.375     75.875   -12.9448   -7.96619   -22.0129   -12.8139   -21.4939   -5.19184    7.46607    -46.295    7.76768
    12.375     76.125   -39.3143   -48.8963   -14.4628   -16.9983   -22.9742    3.94797     13.244   -66.8898    18.1594
    12.375     76.375   -22.9465   -25.7216   -13.0074   -27.2733   -20.4842    12.7695    23.7711   -35.6506     25.319
    12.375     76.625    22.2651    12.3167    11.4852    1.18132   -13.5633    11.0847    49.3807   -47.4021    30.2383
    12.375     76.875   -65.2049   -75.8341   -39.9081   -24.1531   -31.3086   -17.2975   -13.4802   -28.4141    18.2027
    12.375     77.125   -58.5422   -80.2652   -34.0169   -46.5604   -67.6318   -32.8607   -19.2523   -31.2991    34.6322
    12.375     77.375   -29.0994   -41.1987   -15.0306    -16.244   -24.2977   -9.76677     10.239   -52.9514    12.0828
    12.375     77.625     -17.22   -32.0591   -2.45381   -7.09345   -22.7059   -4.13609    8.84953    -45.773    2.97187
    12.375     77.875   -9.15827   -39.2581    17.2765    11.0365   -13.4317    7.68694     31.463   -31.6179    25.3732
    12.375     78.125   -15.9995   -44.2767     12.715    12.3851    8.58038    19.3375    36.0622   -48.3503    50.1855
    12.375     78.375   -12.0538   -33.8769    12.0439    19.8504    22.5383    31.5786    62.6723   -64.6968    68.7429
    12.375     78.625   -19.3225   -37.6699   -1.64313  -0.301309   0.085629    5.95281    39.7559   -64.9176    61.8888
    12.375     78.875    -36.736   -57.6426   -15.3537   -13.8781   -12.5701   -8.99633    5.73295   -71.9473    43.1518
    12.375     79.125   -23.0966   -39.3358   -4.15212   0.804066      6.525    11.0175    32.9119   -60.8678    32.1952
    12.375     79.375   -18.8069   -29.5387   -4.70076   0.957123    5.40263    8.62886    24.8696   -52.4897    18.3674
    12.375     79.625   -9.39345   -16.5268   -3.54395   -1.13893    2.41913    9.15303    32.3209   -54.9266    27.9927
    12.375     79.875   -18.5726   -20.6206   -3.55399   -1.60149     4.0821    17.2547    19.2985   -58.5114    30.2522
    12.125     75.375   -78.6452   -43.9505   -90.2622   -40.0553   -9.39547   -2.32865   -2.19204   -33.2595    16.1849
    12.125     75.625   -20.2044   -19.8277   -31.2485   -23.9067   -11.3027    1.84595    22.3416    -40.357    32.5891
    12.125     75.875    36.5082    25.1255   -1.56871      -43.6   -59.5896    -16.291    -6.7852   -75.6673    9.70236
    12.125     76.125   -47.2423   -52.2041   -40.2033   -22.4677   -50.1051   -16.3119    23.2297      -71.3    38.8503
    12.125     76.375   -41.7373    -32.078   -18.8149   -20.3763   -27.1547    3.22653    11.6164   -33.2684    25.4872
    12.125     76.625   -33.4255   -34.0629   -13.1656   -23.5986   -25.6719    3.53329    38.0479   -15.1681    -7.6787
    12.125     76.875     -56.13   -80.5945   -30.8426   -43.1582   -52.7912   -18.6009  -0.439365   -65.8503    13.5044
    12.125     77.125   -21.9792    -45.904    6.41728   -3.34064   -24.5883     2.6621    15.1195   -41.4985    53.2584
    12.125     77.375   -13.4271   -34.3325    9.49957    6.88034   -7.48987    7.99433    29.6991   -65.0076    86.4959
    12.125     77.625   -24.8253   -45.8667   -2.24765   -2.16389   -14.7409    2.72005    24.2211   -47.5986    49.2597
    12.125     77.875   -33.7174   -55.1241   -13.2887   -18.4865   -32.0718    -17.795    8.67544   -16.7279    4.43364
    12.125     78.125   0.765746   -19.4807     25.595    20.3013    12.5219    24.9282    59.0065     -58.65    51.3914
    12.125     78.375    10.9557    -21.242    36.3577    35.2651    29.9159    38.3268    87.3346   -59.7919    61.9269
    12.125     78.625   -21.5908   -41.9053    -1.8679   -2.86468   -9.46316   -5.00574     37.654    -55.313    64.6388
    12.125     78.875   -34.1563   -54.3249   -17.7704   -16.4535   -22.7616   -20.8676    12.8598   -45.3074    52.3257
    12.125     79.125   -5.08712   -22.3041    23.2294    28.7935    20.1087    15.9216    51.3213   -60.8189     29.003
    12.125     79.375   -11.6668   -14.5118   -0.10837  -0.860163    2.76318    9.00837    27.8277   -49.1391    23.4964
    12.125     79.625   -9.79692   -10.5669  -0.368734    7.48569     7.5175     13.154    28.3143   -59.2206    36.6145
    11.875     75.625    28.2377     34.543   -2.45616   -24.5108   -20.3991   -5.98096    44.7713   -83.5266    14.9129
    11.875     75.875   -35.6521   -22.3169   -71.6513   -50.6862   -36.5614   -18.3668    -40.386    -82.669    15.1843
    11.875     76.125   -39.4635   -32.1894   -28.7104  0.0612202   -22.6452   -17.9916    20.9308   -73.9824    58.2454
    11.875     76.375   -37.3793   -30.5281   -19.6969   -7.09618   -27.9068  -0.967671    18.7516   -53.1499    54.2636
    11.875     76.625   -8.57356   -32.1821    2.83809   -8.55659   -47.1874    -13.372    13.3426    -28.898    10.8046
    11.875     76.875   -48.2409   -69.4223   -25.1442   -26.7215   -52.8074   -30.9288   -41.1521   -22.3805    4.09206
    11.875     77.125   -19.8204   -45.6321     9.8079    6.17465   -32.4981    4.59866    9.85189    -79.862    25.7342
    11.875     77.375    -16.653   -33.8039    7.31353    3.94261   -15.0134    3.70534    19.6678   -21.2804    69.1861
    11.875     77.625   -14.0676   -30.2577    8.90786    10.0487   -4.03594    10.3201    34.0122    -57.616    56.5803
    11.875     77.875   -22.8702   -32.7502  -0.661522   -5.04361   -23.0297   -5.72213    28.2732   -54.8887   -17.5334
    11.875     78.125   -5.02588   -16.4601    18.2041    18.3845    13.1925    31.6609    58.2817    -61.083     36.678
    11.875     78.375   -16.3461   -34.1939  -0.113182  -0.379321    1.89788    11.2286    32.1105    -19.823   -19.7542
    11.875     78.625   -17.6551   -33.7315   -5.35918   -3.28362   -4.60163    5.04605    27.6003   -49.0873    40.6937
    11.875     78.875   -12.5748     -27.91   -1.03058   -0.67672   -2.40196  0.0945018    25.4934   -57.4318    43.5261
    11.875     79.125   -3.52495   -13.5598    11.8523    13.8546    14.3709    16.7874      44.76   -49.8592    19.2302
    11.875     79.375   -12.6233   -21.2581   -2.34452     7.1024    6.76181    11.0357    25.3047   -54.0831    21.3395
    11.875     79.625   -11.4129   -13.3571  -0.157482    11.9855    4.94793    8.70604    26.1647   -58.1831    28.1222
    11.625     75.875   -51.2069   -42.4395   -41.3223   -16.8573   -5.30671    3.96057    42.1366   -30.7341    45.0113
    11.625     76.125   0.676602    2.90959   -9.23223  0.0645196   -21.4506   -1.22636    89.0619   -84.1347    59.3159
    11.625     76.375   -41.1301   -26.9905   -25.4018   -8.71995    -38.671   -13.0184    38.0621   -61.6124     57.837
    11.625     76.625    10.4031    1.78224    14.4799    9.23422   -6.30887    11.5913    69.4744   -65.6597    12.0396
    11.625     76.875   -56.1521   -57.7572   -39.4676   -38.0683   -54.5011   -51.4455   -39.0905   -62.9341   -2.77479
    11.625     77.125    -51.572   -54.4867   -35.5652   -37.4948   -50.2487   -42.0777   -33.3552   -67.0183    23.9125
    11.625     77.375    1.84773    -13.462    13.0123    10.7758   -15.7658    12.1488    24.3487   -22.1606    32.4333
    11.625     77.625   -15.9365   -28.2738   -3.43798   -3.71473   -21.2185   -1.29494    18.5083   -62.6686    45.6458
    11.625     77.875   -24.7504   -34.0874   -4.22728    6.88354    2.28007    14.1793    32.5554   -39.9566    57.7865
    11.625     78.125   -17.6977   -19.1921   -8.08021   -6.94913   -12.6921   -4.46878    4.78191   -65.0439    -26.831
    11.625     78.375   -16.7221   -33.4953   -3.49823   -8.24252    -13.545   -6.85154    22.2414   -36.7396   -77.2871
    11.625     78.625   0.270454   -13.8951    14.9449    18.3672     18.177    23.0068    61.6388   -58.5794    51.1585
    11.625     78.875   -8.39483   -14.4146 -0.0605907   -5.34806   -11.1499   -8.89753    12.4289    -55.727    19.1758
    11.625     79.125    12.0671   -2.60062    30.4004     35.851    30.1496    33.8132    66.0274   -55.0047    40.6066
    11.625     79.375   -26.4149   -31.1879   -8.38479    4.37458   0.899663    9.41823     17.659   -12.7715    16.3341
    11.625     79.625   -12.2837   -16.0671    1.77504    11.2031    1.17649    4.39525      26.98    -40.996    17.8993
    11.375     75.875   -32.8168    -8.1362   -67.5661   -43.0258   -17.7364   -2.75755    13.3771   -25.1621    17.0133
    11.375     76.125   -20.2817   -4.61769   -31.7506   -21.5858   -7.43007    3.93269    22.4592      -14.4    36.8394
    11.375     76.375   -33.3476   -24.4694   -26.2074   -14.7243   -9.22956    7.04521     65.132   -86.6347    49.7663
    11.375     76.625   -21.4312   -17.7036   -24.8545   -24.1263   -35.0354   -8.62685     90.717   -63.0146    32.0984
    11.375     76.875    34.1492    29.8055    25.9599    13.8421    9.69604    23.0208    97.1391   -71.2925    27.0096
    11.375     77.125   -20.1646   -20.1405   -8.18889   -10.5874   -20.7345   -14.2507    22.9424   -38.0706    56.8056
    11.375     77.375     -23.59   -31.7327   -18.7673   -21.3606    -39.829   -22.7817    10.8568   -65.4996    43.7228
    11.375     77.625   -4.57678   -12.2842    14.6682    16.9291   -1.35602    28.2518    37.4374   -82.8172    59.9829
    11.375     77.875  -0.977213   -7.57994    8.27528    13.9462    14.8458    28.0174    50.7031   -76.8617    71.6314
    11.375     78.125    -19.472   -34.9418   0.529264    2.50119    2.79849    11.7472    46.9891   -54.4592      49.33
    11.375     78.375     -13.79   -30.9974    1.02329    -5.8313   -10.6302   -8.53246    4.20955    -17.529    67.9187
    11.375     78.625   -26.9612   -35.5499   -18.7169   -23.9014   -23.8923   -24.3199   -4.39563   -51.7416    44.2568
    11.375     78.875   -13.6669   -16.2322   -9.00387   -12.9557   -11.8108   -10.8585    15.2767   -57.0482    44.9997
    11.375     79.125   -11.3085   -18.9567   -1.76978   -2.47636   -5.05498   -2.33707   -8.12764    -54.672    27.3733
    11.375     79.375    1.15478   -5.76216    24.2697    28.9015    12.4482    18.3552    63.6697   -47.6759    24.3184
    11.375     79.625   -6.15006   -14.7288    14.8732    17.8977    1.46009    9.06016    59.4721   -37.9321    21.5404
    11.125     76.125   -44.5363   -47.0081   -15.1305    16.0044    22.3402    36.3149    1.22498   -40.5466    29.4515
    11.125     76.375   -36.2669   -38.2605   -18.2153   -9.00802   -16.3456     1.6464    37.7417   -70.2246    22.6852
    11.125     76.625    44.2182     51.153    29.1098    21.0383    18.1308    26.9421    97.6319   -64.4077    -2.4416
    11.125     76.875   -94.0164   -91.2364   -76.7006   -52.5982   -44.9067    -46.406   -70.5629   -87.8919    30.1442
    11.125     77.125    -7.2877   -13.4823    1.30987    1.33801   -11.6381   -3.44403    26.9953   -69.4056    58.0913
    11.125     77.375   -10.7036   -21.6134   -6.00399   -8.91283   -24.3221   -19.1912    8.37787   -70.6277    24.9481
    11.125     77.625   -19.2532   -19.1153   -3.27565    2.86573   -7.82461    1.96794    15.8894   -75.4783    54.1701
    11.125     77.875   -10.0234   -21.9384     5.5056    7.03537    3.50988    12.2605    16.4456   -54.6061    9.92035
    11.125     78.125   -43.2052   -49.9336   -33.3072    -33.488   -36.8268   -28.5675   -11.2561   -35.5113     38.104
    11.125     78.375     11.802   -2.16423    27.2105    28.4049    17.8388     22.453    43.2273    -44.118    65.0845
    11.125     78.625    7.92314    5.70293    19.9392    13.6437    12.2407    17.9548    31.3668   -34.7189    74.7762
    11.125     78.875    4.65856    4.73647     8.0134    4.22858    5.65138    17.1284    38.7943   -51.6509    73.3931
    11.125     79.125      10.05    3.99213    21.2591    25.6517    29.4944    41.2173    38.2645   -39.4622    56.9041
    11.125     79.375   -4.47808   -6.45723    2.45453    8.97334    8.93094    21.8673    38.8193   -30.7901    35.5885
    11.125     79.625   -1.99445    -2.5853    6.81717    9.87987    10.8274    19.3701    25.9472   -41.5068    33.8936
    10.875     76.125  -0.871323    4.84943     2.8331   -22.0532   -44.1784   -17.0047    3.67778   -9.52618    21.2667
    10.875     76.375    4.52732    10.7881    14.7235    6.25273   -13.1147    3.68729    9.46297   -51.0021    21.0162
    10.875     76.625   -24.1092   -23.6108   -14.1621    -8.4429   -24.6892    -17.469   -2.01907   -36.7233      27.49
    10.875     76.875   -31.6215   -35.0656   -29.6599   -30.5587   -35.5738     -14.75    8.25844   -42.1841    22.6952
    10.875     77.125   -12.8936     -17.64    -4.9943   -2.82379   -16.7754   -10.1232    5.21192   -65.8566    18.9365
    10.875     77.375   -15.2813   -26.9512  -0.711723    1.61845   -13.1634   -8.52007    12.1599   -81.1762    22.0844
    10.875     77.625   -38.2886   -47.4201   -22.5968   -23.5274    -41.736   -31.4246   -13.4487   -52.6412    32.4665
    10.875     77.875   -33.5437   -45.6489   -15.3742   -10.6592    -27.387   -16.7987   -0.55043   -48.3929    13.1072
    10.875     78.125   -65.0377   -80.1597   -48.1857   -48.3586   -61.8506   -50.6958   -12.7207   -22.7251     27.905
    10.875     78.375    -8.8689     -16.24    5.34388    4.78185  -0.441819    3.00039    3.60732   -22.2485    41.9166
    10.875     78.625  -0.659227   -4.79074     18.823    17.5011    12.4546    24.3226    28.4277    -43.334     29.392
    10.875     78.875    9.27843    3.18199    18.1384    14.5836     14.837    22.4949    31.2568   -48.5696    57.1495
    10.875     79.125   -11.5552   -19.2137   -4.47119   -10.3291   -4.74439    7.34083    11.4275   -38.3229    33.6941
    10.875     79.375   -18.2469   -20.2658   -8.80373   -7.73353    -7.5623   -2.83117    13.0425   -38.9032    37.1106
    10.875     79.625    3.71324    3.96817    12.2009    11.7575    16.9887    28.8964    31.5234   -43.6206    40.8281
    10.625     76.125   -36.3269    -15.763   -45.0184    -53.946   -36.3256   -22.2492    23.3965   -17.6224    24.0941
    10.625     76.375   -5.56893    6.36121    -28.457   -31.8315   -39.2772   -15.7713  -0.218997   -49.3929    19.2006
    10.625     76.625   -47.9759   -32.0516    -56.411   -31.0528   -16.3472   -1.58435    5.82174   -85.1846    23.0614
    10.625     76.875   -44.4438   -39.8333   -36.2559   -23.5635    -22.023    2.08353    41.0207   -70.1784     30.852
    10.625     77.125   -31.7393   -42.6451   -20.0441   -8.20083   -34.1089   -24.5761   -30.5155   -57.7645    19.7731
    10.625     77.375   -45.8685   -52.7237     -42.57   -36.7843   -44.1141   -40.1885   -23.0758   -60.9654   -6.56641
    10.625     77.625   -14.8485   -29.4327    0.12208    1.88516   -2.85187    2.12335    9.26426   -71.1585    32.1051
    10.625     77.875   -13.8327   -24.3258   0.185605   0.605335    -10.638    -12.636    10.1183   -61.5312    23.6725
    10.625     78.125   -29.4963   -36.5419    -17.087   -18.9248   -27.0896   -24.0626   -12.5727   -35.9489    2.21551
    10.625     78.375   -59.9399   -82.0057   -41.8425   -47.7249   -61.2262   -63.3669   -58.4255   -28.1451    19.7808
    10.625     78.625   -21.9984    -31.692   -7.55303   -13.6131    -16.391      -8.22    -1.0287   -46.5344    35.6334
    10.625     78.875   -14.3819   -26.7165   -2.00355   -11.7709   -11.7882    -0.7551   -3.54718   -55.2745    46.8455
    10.625     79.125    21.7014    17.5683    36.0945    32.8962    37.0512    48.4586     55.095   -33.5792    17.8123
    10.625     79.375    1.15822   -4.07047    10.3044    10.7409    8.55508    18.0074    36.0383   -44.2899    38.9723
    10.625     79.625    7.21641    11.6095    14.4705    14.2532    12.6533    26.1112    30.8509    -35.304    51.0025
    10.375     76.375   -62.7772   -48.8463   -55.2692   -27.0329   -13.6858   -7.26595    29.2079   -84.7431    29.1896
    10.375     76.625   -40.6665   -35.2764   -30.2776   -14.6693   -4.79162    7.03297    31.6087   -86.2577    21.6901
    10.375     76.875   -3.69654   -0.91829    1.95262    4.53912    2.79566    11.1208    36.6155   -67.5723    39.5735
    10.375     77.125   -19.9629   -25.5098   -7.50535    -1.9592   -19.3022   -20.3448   0.116876    -56.665    9.48544
    10.375     77.375   -11.9363   -23.2537   0.992026    2.54426   -10.3595   -9.54301   -5.03365   -53.5758    22.5905
    10.375     77.625   -14.5969   -40.6315    4.05923    4.25314   -13.5084    -6.8669   -18.1412   -72.7206    28.7459
    10.375     77.875   -35.0771   -47.9137   -28.5115   -34.6741   -35.4231   -27.2133   -16.2299   -71.9882    32.0011
    10.375     78.125   -12.1321   -26.2846   -6.87044   -8.56848   -12.1861   -10.5897   -2.91419     -71.53    37.3979
    10.375     78.375     -16.71   -27.4054    -7.8879   -5.51884   -5.65143   0.115153    1.08271   -54.3993    24.6302
    10.375     78.625   -9.50182   -16.5664   0.114152   -6.62067   -10.5295   -4.71933    13.3482   -49.7604    44.8032
    10.375     78.875   -26.7592   -31.3945   -17.0108   -19.6909   -24.8896   -23.4935   -13.0705   -44.9262    1.03424
    10.375     79.125   -2.72686   -11.6363    12.9037    15.3567    6.41035    11.2919    21.5426   -18.8332    38.1527
    10.375     79.375     23.117    5.87549    34.0751    31.0477    20.2669    30.2569    27.9644   -18.9387    37.1731
    10.375     79.625   -10.4232   -22.5093    3.19424    5.95802    6.78718    17.6993    21.5351   -10.7064     28.718
    10.125     76.375   -41.4784   -19.4007   -54.2436   -42.3648    -26.474    -11.821    12.6047   -97.1739    14.7963
    10.125     76.625   -3.42498    11.6407   -9.49409   -9.27953  -0.637216    12.3056    31.1722    -98.788    16.6357
    10.125     76.875    48.9127    54.9131    40.0448    22.8338    16.1717    25.1495    70.8305   -59.1953    32.6331
    10.125     77.125    -60.535    -69.188   -50.7322   -54.5759    -56.807   -43.2238   -19.4978   -38.9276    14.6823
    10.125     77.375   -52.2808   -58.9836   -47.4712   -47.7395    -58.066   -53.3587   -40.5174   -61.4295    4.53704
    10.125     77.625   -7.69938   -26.0331    6.04764    6.66898   -0.12748     3.3756    5.53106   -65.8143    4.65724
    10.125     77.875    2.09822   -4.80016    9.99709     8.8534    3.68192       4.96    21.0422   -70.4749    19.5923
    10.125     78.125   -6.28406   -18.8894    3.96787    1.72047  -0.704607    3.74885    12.7848   -67.5242    25.9276
    10.125     78.375    10.5287    8.18453    21.2722    13.3416    10.2908    15.2583     18.269   -53.5285    55.6339
    10.125     78.625   -18.8842   -20.9142   -12.8036   -12.6794   -12.0444   -10.3573   -2.92569   -61.0443    37.5696
    10.125     78.875    -2.8874   -3.93267   -7.20095    -3.7256  -0.238118    7.14717    4.80869   -24.1841    58.9534
    10.125     79.125  0.0528693   -5.68192    12.4615    20.0063    15.6055    22.9338    32.7015   -15.4828    60.0512
     9.875     76.625   -52.3959   -19.1913   -52.9918   -47.1655    -30.208   -7.12412    26.8827   -48.8234    9.77526
     9.875     76.875    -28.468   -17.7102   -23.9222    -14.667   -7.03673    3.02946    31.7516   0.123078    18.6696
     9.875     77.125   -42.7214   -44.9909   -21.1488    -12.677    -36.709   -31.8875   -26.2255   -46.2843    28.2505
     9.875     77.375   -28.1802   -34.4651   -17.2911   -16.3907    -20.381   -15.6173    10.0649   -36.7186    9.29633
     9.875     77.625   -9.94644   -16.8981     0.4289   0.521598   -10.9964   -11.3917  -0.257999   -39.3805    30.5475
     9.875     77.875   -14.6441   -20.8141  -0.182454   -1.66851   -9.23975   -3.66482   -2.71385   -75.6619    15.3994
     9.875     78.125   -54.9842   -60.9943   -38.5082   -45.4047    -51.521    -45.366   -17.6296   -64.2534    13.8229
     9.875     78.375    4.00794    2.30248    10.2585    12.9761    14.6442    16.7833    24.5332   -61.1901    31.5099
     9.875     78.625    15.8489    10.2321    16.5327    16.6971    25.3499     28.669    38.4387   -44.1797    24.3611
     9.875     78.875   -3.16107   -11.2684   0.739544    5.60526    10.9521    21.4044    15.7801     -43.64    20.9785
     9.625     76.375   -17.5866    4.53031   -15.4749   -31.8115   -32.5598   -19.2844    26.9573   -20.3472     12.665
     9.625     76.625   -15.5688     7.3833   -28.0084   -28.1765   -15.8531   -1.12761    30.7713   0.169242    17.0402
     9.625     76.875   -18.6502   -9.36301   -8.13301    1.43266    5.92172    21.2058    58.5319    36.9138    46.9085
     9.625     77.125   -40.3234    -39.557   -27.4506   -20.2369   -34.2111   -24.9083   -7.08811   -69.9017    40.7116
     9.625     77.375   -33.4035   -48.7998   -12.4342   -14.4108   -15.0909    -13.112     -5.158   -60.1419    1.72725
     9.625     77.625   -77.0216   -98.5295   -52.3703   -53.7619   -64.6561   -65.4337   -19.1773   -28.9702    1.22278
     9.625     77.875    13.3443    12.3739    22.7552    20.5636    17.0755    16.5694    19.8042   -67.8126    27.2427
     9.625     78.125   -20.8599   -22.2171    -10.798   -14.6837   -14.9077    -13.315   -1.01695   -60.5051    21.8704
     9.625     78.375   -14.2559   -16.5349  -0.670541    1.40227    -4.7813   -2.07344    17.5343    -80.406    36.1491
     9.625     78.625    5.84038    7.63868    7.28719    7.30539    9.55012    15.5443    24.4485   -73.0034     40.248
     9.375     76.625    -7.9967    4.04907   -13.6898   -13.3483    -6.6066    8.17228    20.4851   -5.16598    18.8938
     9.375     76.875   -28.6479    -20.402   -19.3492    -8.7528   -4.18532    9.76783    41.5499    11.9792    32.9996
     9.375     77.125   -43.8446   -43.7914   -26.5553   -19.3442   -24.1407    -14.174    -20.203   -69.4433     5.6971
     9.375     77.375   -23.1656   -33.4305 -0.0235732  -0.378015   -12.6312   -4.81778    1.07039   -41.1744    30.2977
     9.375     77.625   -20.0121   -25.4212   -5.54569   -9.60673   -14.4272   -6.48838    6.84885   -28.7206    3.11326
     9.375     77.875   -9.97287   -14.6308   -7.29057   -4.51927   -8.20477  -0.546673    4.87424   -38.6494   0.549612
     9.375     78.125   -3.36984    -7.0552     3.9957     2.3436    1.70949    1.20118    7.29284   -54.6972    14.4211
     9.375     78.375   -1.61234   -4.18256    7.31462    7.55547    4.94624    5.80412    18.4616   -42.4402    40.7175
     9.375     78.625   -8.21163    2.19449   0.565553    2.56266 -0.0274443    1.36664    8.65377   -13.8257    15.5363
     9.375     78.875    20.9466    20.2674    28.6849    37.2672    36.5545    39.5473    36.1742   -14.9899    14.6901
     9.125     76.625    3.86507    5.61956    11.2333    9.37213    12.9533    4.97889    26.7804   -7.52213    14.6579
     9.125     76.875   -25.8204   -29.8766   -15.1162  -0.549707   0.786373    5.29806    11.5619   -69.1544    44.6661
     9.125     77.125   -26.2641   -26.5008   -12.1048   -11.3276    -11.024   -4.91933   -4.99106   -57.3624    12.0191
     9.125     77.375    1.80824   -4.95736    6.04764    1.34307    1.75248    13.0607      10.64   -65.9296    22.4965
     9.125     77.625   -10.9764   -25.3757    5.34781    1.61935   -7.68626  -0.490513    17.7661   -20.0013    7.82624
     9.125     77.875   -15.5945    -18.221   -21.5839   -25.2544   -28.4814   -23.8203    1.31366   -39.3878    11.4319
     9.125     78.125    2.82086     1.9135    4.32926    5.12954     4.6804    2.46513    6.99852   -52.7161    6.19107
     9.125     78.375   -18.3516   -13.4783   -11.2844    -3.9927   -1.89854    -1.3667    1.30963   -38.4709     34.021
     8.875     76.875   -29.0803   -25.5948   -23.7217   -16.0882   -11.0799   -0.48177    32.3713   -7.37456    50.9502
     8.875     77.125     -1.286   -6.01437    10.7642    22.9221    16.1484    18.2767     10.119    -74.306    34.7792
     8.875     77.375    9.61405    3.32775    14.4397    7.91778    7.12403    15.4633    16.4377   -67.7359    20.0969
     8.875     77.625    6.32839   -3.85782    11.1499    6.57504    4.57829    10.4778     11.563   -61.3272     7.5245
     8.875     77.875   -32.6423    -35.085   -29.0721   -26.3534   -26.5659   -20.6926    -13.723    34.9029   -9.63928
     8.625     76.875     -33.22   -36.0434   -29.2392   -17.2487   -6.81026   0.401311   -1.79401   -87.1987    33.4035
     8.625     77.125   -2.92417   -3.74584    6.49879    7.77764  -0.415506   -5.38016    28.0618   -40.5154    22.1233
     8.625     77.375   -9.49942   -10.9909   -1.36466    1.50487    -7.0621   -7.76773     13.554   -34.3069     25.135
     8.625     77.625    -15.124   -23.2971   -7.22693   -4.74957   -16.3248    -11.284    9.93367    -38.199    19.2648
     8.625     77.875    6.75577    4.58043    20.1712    19.2375    3.03414    3.42423    8.68428   -24.4845    24.3153
     8.375     77.125   -68.1095   -70.7258    -53.522   -47.1256   -44.4333   -37.5325   -25.0486   -85.0442    11.9568
     8.375     77.375   -3.20676   -11.5581    4.58585    3.69603   -2.69053   0.177441    10.1863    -56.544    17.7814
     8.375     77.625    29.6048    18.8246    42.0524    47.4595    37.0408    35.1474    36.6315   -48.6115    21.9824
     8.375     77.875      4.154      2.242    10.8313    15.2881     15.343    21.6236    8.35057    -25.884    17.6149
     8.125     77.375    2.02573   -2.86224    6.46216    9.08572   0.479863    1.38007     11.773   -50.2141    18.9886
