8.125 77.375 -0.21648
8.375 77.125 -1.1996
8.375 77.375 -0.19711
8.375 77.625 0.24301
8.375 77.875 0.00077967
8.625 76.875 -0.83835
8.625 77.125 -0.32742
8.625 77.375 -0.16187
8.625 77.625 -0.52051
8.625 77.875 0.78608
8.875 76.875 -0.94717
8.875 77.125 -0.052852
8.875 77.375 -0.43953
8.875 77.625 -0.88384
8.875 77.875 -0.84513
9.125 76.625 -0.24889
9.125 76.875 -0.41599
9.125 77.125 -0.30176
9.125 77.375 -0.31309
9.125 77.625 -0.30635
9.125 77.875 -0.59826
9.125 78.125 -0.026518
9.125 78.375 -0.97924
9.375 76.625 -0.26696
9.375 76.875 -0.42154
9.375 77.125 -0.21459
9.375 77.375 0.014375
9.375 77.625 0.1641
9.375 77.875 -0.056677
9.375 78.125 0.10055
9.375 78.375 -0.27045
9.375 78.625 -0.57569
9.375 78.875 -0.50069
9.625 76.375 -0.43336
9.625 76.625 -0.20734
9.625 76.875 -0.20245
9.625 77.125 -0.15422
9.625 77.375 0.019019
9.625 77.625 -0.35529
9.625 77.875 0.33617
9.625 78.125 0.21691
9.625 78.375 -0.45568
9.625 78.625 -0.27426
9.875 76.625 -0.64514
9.875 76.875 -0.39569
9.875 77.125 0.17461
9.875 77.375 -0.36079
9.875 77.625 -0.23702
9.875 77.875 -0.25104
9.875 78.125 -0.9721
9.875 78.375 -0.31022
9.875 78.625 -0.58097
9.875 78.875 -1.3656
10.125 76.375 -0.98631
10.125 76.625 -0.34154
10.125 76.875 1.0671
10.125 77.125 -0.46604
10.125 77.375 -0.61553
10.125 77.625 0.46698
10.125 77.875 0.18017
10.125 78.125 -0.63562
10.125 78.375 0.095206
10.125 78.625 -1.0463
10.125 78.875 -0.6968
10.125 79.125 -1.003
10.375 76.375 -1.2383
10.375 76.625 -0.97146
10.375 76.875 0.17532
10.375 77.125 0.19625
10.375 77.375 -0.18726
10.375 77.625 1.2502
10.375 77.875 -0.57931
10.375 78.125 -0.36066
10.375 78.375 -0.61728
10.375 78.625 -1.1375
10.375 78.875 -0.88253
10.375 79.125 -1.0522
10.375 79.375 -0.46015
10.375 79.625 -1.0436
10.625 76.125 -0.80962
10.625 76.375 -0.58119
10.625 76.625 -1.1505
10.625 76.875 -0.28515
10.625 77.125 -0.35667
10.625 77.375 -0.27268
10.625 77.625 -0.27741
10.625 77.875 -0.51438
10.625 78.125 -0.89325
10.625 78.375 -1.0182
10.625 78.625 -1.1538
10.625 78.875 -1.2957
10.625 79.125 -0.2827
10.625 79.375 -0.58119
10.625 79.625 -0.059058
10.875 76.125 -0.42504
10.875 76.375 0.26326
10.875 76.625 0.47499
10.875 76.875 -0.5123
10.875 77.125 -0.21228
10.875 77.375 -0.61164
10.875 77.625 -0.78872
10.875 77.875 -0.98551
10.875 78.125 -1.4871
10.875 78.375 -0.778
10.875 78.625 -0.086813
10.875 78.875 -0.57693
10.875 79.125 -1.2582
10.875 79.375 -1.2381
10.875 79.625 -0.14864
11.125 76.125 -1.3112
11.125 76.375 0.11269
11.125 76.625 2.8308
11.125 76.875 -1.0692
11.125 77.125 -0.45924
11.125 77.375 -0.73937
11.125 77.625 -0.7594
11.125 77.875 -0.43195
11.125 78.125 -1.6644
11.125 78.375 -0.58101
11.125 78.625 -0.14513
11.125 78.875 -0.17273
11.125 79.125 -0.33744
11.125 79.375 -0.11068
11.125 79.625 -0.36263
11.375 75.875 -0.79622
11.375 76.125 -0.76593
11.375 76.375 -0.10911
11.375 76.625 0.29597
11.375 76.875 0.79368
11.375 77.125 -0.41246
11.375 77.375 -1.162
11.375 77.625 -0.73973
11.375 77.875 -0.058361
11.375 78.125 -0.3772
11.375 78.375 -1.1609
11.375 78.625 -1.1243
11.375 78.875 -0.47338
11.375 79.125 -0.45219
11.375 79.375 -0.79675
11.375 79.625 -0.81145
11.625 75.875 -0.78793
11.625 76.125 0.023198
11.625 76.375 -0.313
11.625 76.625 0.88181
11.625 76.875 -0.6046
11.625 77.125 -0.83026
11.625 77.375 -0.48601
11.625 77.625 -0.98674
11.625 77.875 -0.96267
11.625 78.125 -0.60061
11.625 78.375 -0.6494
11.625 78.625 -0.71429
11.625 78.875 -0.60265
11.625 79.125 -0.48738
11.625 79.375 -0.45488
11.625 79.625 -0.6558
11.875 75.625 0.49638
11.875 75.875 -0.68731
11.875 76.125 -0.70658
11.875 76.375 -0.52669
11.875 76.625 -0.077972
11.875 76.875 -0.86583
11.875 77.125 0.3153
11.875 77.375 -0.18227
11.875 77.625 -0.44664
11.875 77.875 -0.95832
11.875 78.125 -0.88882
11.875 78.375 -0.54416
11.875 78.625 -0.58646
11.875 78.875 -1.2999
11.875 79.125 -0.64819
11.875 79.375 -0.86986
11.875 79.625 -0.81267
12.125 75.375 -1.8907
12.125 75.625 -0.81972
12.125 75.875 0.1765
12.125 76.125 -1.2008
12.125 76.375 -0.989
12.125 76.625 -0.80419
12.125 76.875 -0.89358
12.125 77.125 0.027445
12.125 77.375 -0.21848
12.125 77.625 -0.56174
12.125 77.875 -1.1963
12.125 78.125 -0.76682
12.125 78.375 -0.0016036
12.125 78.625 -0.76723
12.125 78.875 -1.4428
12.125 79.125 -0.41851
12.125 79.375 0.03847
12.125 79.625 -0.49893
12.375 75.125 -1.3123
12.375 75.375 -1.5524
12.375 75.625 -0.71965
12.375 75.875 -0.25996
12.375 76.125 -0.81202
12.375 76.375 -0.60151
12.375 76.625 0.54944
12.375 76.875 -1.1143
12.375 77.125 -1.672
12.375 77.375 -0.56078
12.375 77.625 -0.38609
12.375 77.875 -0.97046
12.375 78.125 -0.79971
12.375 78.375 -0.48653
12.375 78.625 -0.73195
12.375 78.875 -1.3555
12.375 79.125 -0.96322
12.375 79.375 -1.0824
12.375 79.625 -0.89138
12.375 79.875 -1.2722
12.625 75.125 -1.9128
12.625 75.375 -1.5128
12.625 75.625 -1.8246
12.625 75.875 -1.0943
12.625 76.125 -1.1718
12.625 76.375 0.04259
12.625 76.625 0.077668
12.625 76.875 -0.63342
12.625 77.125 -1.2371
12.625 77.375 -0.59562
12.625 77.625 -0.30133
12.625 77.875 -1.0926
12.625 78.125 -0.6335
12.625 78.375 -0.00041661
12.625 78.625 -0.13376
12.625 78.875 -0.69976
12.625 79.125 -0.8008
12.625 79.375 -1.3384
12.625 79.625 -1.2786
12.625 79.875 -2.2596
12.875 75.125 -1.6349
12.875 75.375 -0.58529
12.875 75.625 -2.5116
12.875 75.875 -0.85562
12.875 76.125 -1.2083
12.875 76.375 0.99919
12.875 76.625 -0.30839
12.875 76.875 -0.90911
12.875 77.125 -0.87032
12.875 77.375 -0.37565
12.875 77.625 -0.56149
12.875 77.875 -1.0847
12.875 78.125 -1.0171
12.875 78.375 -0.97224
12.875 78.625 -0.65123
12.875 78.875 -1.5238
12.875 79.125 -1.1268
12.875 79.375 -0.88959
12.875 79.625 -0.49327
12.875 79.875 -0.83059
13.125 74.875 -0.078092
13.125 75.125 -1.883
13.125 75.375 -1.0023
13.125 75.625 -0.75226
13.125 75.875 -1.2756
13.125 76.125 -0.51078
13.125 76.375 -0.068688
13.125 76.625 -0.27311
13.125 76.875 -0.909
13.125 77.125 -0.59166
13.125 77.375 -0.90393
13.125 77.625 -0.94798
13.125 77.875 -1.093
13.125 78.125 -0.88249
13.125 78.375 -1.1917
13.125 78.625 -1.2839
13.125 78.875 -1.1023
13.125 79.125 -0.80983
13.125 79.375 -1.3414
13.125 79.625 -0.36341
13.125 79.875 -1.0314
13.125 80.125 -1.4319
13.375 74.875 1.7439
13.375 75.125 -1.1392
13.375 75.375 -1.1318
13.375 75.625 -0.85621
13.375 75.875 -0.837
13.375 76.125 0.10394
13.375 76.375 -0.048043
13.375 76.625 -0.47767
13.375 76.875 -0.69082
13.375 77.125 -0.15867
13.375 77.375 -1.5453
13.375 77.625 -0.90817
13.375 77.875 -0.91649
13.375 78.125 -1.4106
13.375 78.375 -1.1081
13.375 78.625 -0.99585
13.375 78.875 -1.1655
13.375 79.125 -1.7644
13.375 79.375 -1.8876
13.375 79.625 -0.935
13.375 79.875 -0.79484
13.375 80.125 -1.1146
13.625 74.875 -2.0863
13.625 75.125 -0.71133
13.625 75.375 -1.1502
13.625 75.625 -1.1898
13.625 75.875 -0.69978
13.625 76.125 -0.78673
13.625 76.375 -1.0119
13.625 76.625 -0.86647
13.625 76.875 -1.1651
13.625 77.125 -0.52757
13.625 77.375 -1.4917
13.625 77.625 -1.0145
13.625 77.875 -1.2225
13.625 78.125 -1.8502
13.625 78.375 -1.5052
13.625 78.625 -1.6262
13.625 78.875 -1.3134
13.625 79.125 -1.4324
13.625 79.375 -1.2514
13.625 79.625 -1.3948
13.625 79.875 -0.9495
13.625 80.125 -1.1431
13.875 74.875 -0.6564
13.875 75.125 -0.37366
13.875 75.375 -0.55142
13.875 75.625 -0.81947
13.875 75.875 -0.36482
13.875 76.125 -1.1159
13.875 76.375 -0.86873
13.875 76.625 -0.29038
13.875 76.875 -1.2246
13.875 77.125 -1.1031
13.875 77.375 -0.90438
13.875 77.625 -1.5648
13.875 77.875 -1.394
13.875 78.125 -1.7267
13.875 78.375 -0.59606
13.875 78.625 -1.1759
13.875 78.875 -1.2745
13.875 79.125 -1.3963
13.875 79.375 -1.4863
13.875 79.625 -1.6992
13.875 79.875 -1.121
14.125 74.625 -1.1786
14.125 74.875 -0.70852
14.125 75.125 -0.46478
14.125 75.375 -0.80303
14.125 75.625 -1.0052
14.125 75.875 -0.68449
14.125 76.125 -0.080139
14.125 76.375 -0.81815
14.125 76.625 -0.68473
14.125 76.875 -0.029462
14.125 77.125 -0.90027
14.125 77.375 -1.1578
14.125 77.625 -1.3116
14.125 77.875 -1.1501
14.125 78.125 -1.1338
14.125 78.375 -0.93877
14.125 78.625 -1.3848
14.125 78.875 -1.7311
14.125 79.125 -1.5559
14.125 79.375 -1.5211
14.125 79.625 -0.92423
14.125 79.875 -0.94137
14.375 74.625 -1.3006
14.375 74.875 -0.3284
14.375 75.125 -1.1189
14.375 75.375 -0.72006
14.375 75.625 -0.57474
14.375 75.875 -0.53419
14.375 76.125 -0.018028
14.375 76.375 0.28687
14.375 76.625 -0.2752
14.375 76.875 -0.57211
14.375 77.125 -0.3749
14.375 77.375 -0.88269
14.375 77.625 -1.0391
14.375 77.875 -0.8423
14.375 78.125 -0.88317
14.375 78.375 -0.78397
14.375 78.625 -1.0518
14.375 78.875 -1.5998
14.375 79.125 -1.7664
14.375 79.375 -1.4455
14.375 79.625 -0.47864
14.375 79.875 -0.59683
14.625 74.375 -0.57655
14.625 74.625 -2.2378
14.625 74.875 -1.4777
14.625 75.125 -1.1494
14.625 75.375 -0.5663
14.625 75.625 -0.88963
14.625 75.875 -0.39715
14.625 76.125 -0.0903
14.625 76.375 -0.62346
14.625 76.625 -0.31697
14.625 76.875 0.24835
14.625 77.125 -0.12013
14.625 77.375 -1.0593
14.625 77.625 -0.81138
14.625 77.875 -0.58466
14.625 78.125 -0.68229
14.625 78.375 -0.68437
14.625 78.625 -1.3414
14.625 78.875 -1.4428
14.625 79.125 -1.2986
14.625 79.375 -1.4433
14.625 79.625 -1.3065
14.625 79.875 -1.0456
14.875 74.375 -1.2994
14.875 74.625 -1.6357
14.875 74.875 -1.6236
14.875 75.125 -0.94191
14.875 75.375 -0.76396
14.875 75.625 -0.79677
14.875 75.875 -0.94401
14.875 76.125 -0.80486
14.875 76.375 -1.1387
14.875 76.625 -0.67539
14.875 76.875 0.29589
14.875 77.125 -0.26376
14.875 77.375 -0.89688
14.875 77.625 -0.85874
14.875 77.875 -0.98496
14.875 78.125 -0.82025
14.875 78.375 -0.70207
14.875 78.625 -0.96794
14.875 78.875 -1.0272
14.875 79.125 -0.85701
14.875 79.375 -0.7971
14.875 79.625 -1.3881
14.875 79.875 -1.3633
15.125 74.125 -1.7514
15.125 74.375 -0.14828
15.125 74.625 -0.91746
15.125 74.875 -0.732
15.125 75.125 -0.99802
15.125 75.375 -0.68841
15.125 75.625 0.26786
15.125 75.875 0.04354
15.125 76.125 -0.87355
15.125 76.375 -1.0684
15.125 76.625 -0.99074
15.125 76.875 -0.5993
15.125 77.125 -1.053
15.125 77.375 -1.0147
15.125 77.625 -0.76601
15.125 77.875 -1.0883
15.125 78.125 -1.2457
15.125 78.375 -0.87983
15.125 78.625 -0.40731
15.125 78.875 -0.47287
15.125 79.125 -0.79438
15.125 79.375 -1.0668
15.125 79.625 -0.95608
15.125 79.875 -1.4107
15.375 73.875 -1.6054
15.375 74.125 -1.8288
15.375 74.375 -0.70285
15.375 74.625 -1.383
15.375 74.875 -0.39439
15.375 75.125 -0.67687
15.375 75.375 0.12867
15.375 75.625 0.060456
15.375 75.875 -0.53442
15.375 76.125 -1.0015
15.375 76.375 -0.81774
15.375 76.625 -1.1278
15.375 76.875 -1.0743
15.375 77.125 -0.97956
15.375 77.375 -1.3157
15.375 77.625 -0.65453
15.375 77.875 -1.3692
15.375 78.125 -1.187
15.375 78.375 -0.8319
15.375 78.625 0.21015
15.375 78.875 -0.92377
15.375 79.125 -1.2865
15.375 79.375 -1.5718
15.375 79.625 -1.5936
15.375 79.875 -1.436
15.625 73.875 -1.6387
15.625 74.125 -1.5326
15.625 74.375 -1.7003
15.625 74.625 -0.74566
15.625 74.875 -0.51635
15.625 75.125 -0.35742
15.625 75.375 -0.4776
15.625 75.625 -0.52097
15.625 75.875 -0.24658
15.625 76.125 -0.81365
15.625 76.375 -0.95295
15.625 76.625 -1.0501
15.625 76.875 -1.0428
15.625 77.125 -1.1062
15.625 77.375 -1.1626
15.625 77.625 -0.98427
15.625 77.875 -1.3567
15.625 78.125 -1.2761
15.625 78.375 -1.1952
15.625 78.625 -1.3756
15.625 78.875 -0.91976
15.625 79.125 -1.7016
15.625 79.375 -1.4413
15.625 79.625 -0.40972
15.625 79.875 -1.2313
15.625 80.125 -1.4737
15.875 73.875 -0.081159
15.875 74.125 -0.8962
15.875 74.375 -0.88175
15.875 74.625 -0.61463
15.875 74.875 -0.44446
15.875 75.125 -0.34987
15.875 75.375 -0.4928
15.875 75.625 -0.76357
15.875 75.875 -0.72114
15.875 76.125 -1.1464
15.875 76.375 -1.2586
15.875 76.625 -0.82181
15.875 76.875 -0.076146
15.875 77.125 -1.0131
15.875 77.375 -0.64854
15.875 77.625 -1.8866
15.875 77.875 -0.91203
15.875 78.125 -0.74247
15.875 78.375 -0.81
15.875 78.625 -0.7579
15.875 78.875 -1.3913
15.875 79.125 -1.5252
15.875 79.375 0.26704
15.875 79.625 -0.91214
15.875 79.875 -1.468
15.875 80.125 -1.4095
15.875 80.375 -0.70787
15.875 80.625 -0.75068
15.875 80.875 -0.46441
16.125 73.625 -0.19058
16.125 73.875 -0.19864
16.125 74.125 -0.61611
16.125 74.375 -0.71685
16.125 74.625 -0.0096457
16.125 74.875 -0.34554
16.125 75.125 -1.0255
16.125 75.375 -0.96489
16.125 75.625 -0.83898
16.125 75.875 -1.1793
16.125 76.125 -1.1824
16.125 76.375 -1.2009
16.125 76.625 -0.86486
16.125 76.875 -0.85818
16.125 77.125 -1.159
16.125 77.375 -0.62214
16.125 77.625 -1.2379
16.125 77.875 -0.62922
16.125 78.125 -0.16131
16.125 78.375 -0.24376
16.125 78.625 -0.54635
16.125 78.875 -1.2644
16.125 79.125 -1.29
16.125 79.375 -1.2193
16.125 79.625 -1.3115
16.125 79.875 -0.64987
16.125 80.125 -0.17497
16.125 80.375 0.45881
16.125 80.625 -0.060925
16.125 80.875 -0.13776
16.375 73.625 -0.8487
16.375 73.875 -0.27683
16.375 74.125 -0.74875
16.375 74.375 -0.5274
16.375 74.625 -0.8882
16.375 74.875 -0.54071
16.375 75.125 -0.84392
16.375 75.375 -0.92874
16.375 75.625 -1.2789
16.375 75.875 -1.1739
16.375 76.125 -0.56963
16.375 76.375 -0.41531
16.375 76.625 -0.85205
16.375 76.875 -0.87017
16.375 77.125 -1.0094
16.375 77.375 -0.95585
16.375 77.625 -1.1342
16.375 77.875 -0.56974
16.375 78.125 -0.011539
16.375 78.375 -0.38706
16.375 78.625 -0.94628
16.375 78.875 -0.91199
16.375 79.125 -0.77839
16.375 79.375 -1.1285
16.375 79.625 -1.3725
16.375 79.875 -0.9015
16.375 80.125 0.04841
16.375 80.375 -0.034494
16.375 80.625 0.0047744
16.375 80.875 0.006526
16.375 81.125 0.0058031
16.375 81.375 -0.2201
16.375 81.625 0.76698
16.625 73.625 -1.5212
16.625 73.875 -1.4464
16.625 74.125 0.070321
16.625 74.375 -1.8877
16.625 74.625 -0.73472
16.625 74.875 -0.94656
16.625 75.125 -0.78954
16.625 75.375 -1.5827
16.625 75.625 -1.2405
16.625 75.875 -1.16
16.625 76.125 -0.72305
16.625 76.375 -0.86359
16.625 76.625 -0.82621
16.625 76.875 -0.79812
16.625 77.125 -0.80781
16.625 77.375 -0.69011
16.625 77.625 -0.86042
16.625 77.875 -0.32286
16.625 78.125 -0.18945
16.625 78.375 -0.6035
16.625 78.625 -0.6991
16.625 78.875 -1.472
16.625 79.125 -1.3814
16.625 79.375 -0.85866
16.625 79.625 -0.57752
16.625 79.875 -0.70731
16.625 80.125 -0.26208
16.625 80.375 -0.50936
16.625 80.625 -0.46817
16.625 80.875 -0.050276
16.625 81.125 -0.61201
16.625 81.375 -0.19049
16.625 81.625 0.30731
16.625 81.875 0.59271
16.625 82.125 0.22281
16.875 73.375 -1.0605
16.875 73.625 -1.6367
16.875 73.875 -1.6279
16.875 74.125 -1.8434
16.875 74.375 -0.34409
16.875 74.625 -1.5855
16.875 74.875 -0.95576
16.875 75.125 -0.89027
16.875 75.375 -0.644
16.875 75.625 -0.51884
16.875 75.875 -1.0591
16.875 76.125 -1.2517
16.875 76.375 -1.4363
16.875 76.625 -1.7347
16.875 76.875 -1.1055
16.875 77.125 -0.74591
16.875 77.375 -0.48979
16.875 77.625 -0.8734
16.875 77.875 -0.92725
16.875 78.125 -1.4261
16.875 78.375 -1.6096
16.875 78.625 -0.91447
16.875 78.875 -1.9791
16.875 79.125 -1.8597
16.875 79.375 -1.147
16.875 79.625 -0.79231
16.875 79.875 -0.55757
16.875 80.125 -0.22687
16.875 80.375 -0.43453
16.875 80.625 -0.49296
16.875 80.875 -0.39775
16.875 81.125 -0.50301
16.875 81.375 -0.5874
16.875 81.625 0.18488
16.875 81.875 -0.26148
16.875 82.125 -0.31639
17.125 73.375 -0.86855
17.125 73.625 -1.0001
17.125 73.875 -0.82506
17.125 74.125 -1.2489
17.125 74.375 -1.2767
17.125 74.625 -1.4143
17.125 74.875 -1.449
17.125 75.125 -1.7335
17.125 75.375 -1.2734
17.125 75.625 -0.55316
17.125 75.875 -1.0155
17.125 76.125 -1.6626
17.125 76.375 -1.3298
17.125 76.625 -1.3063
17.125 76.875 -0.97785
17.125 77.125 -1.0514
17.125 77.375 -1.2459
17.125 77.625 -0.6002
17.125 77.875 -0.72889
17.125 78.125 -0.35846
17.125 78.375 -1.1213
17.125 78.625 -1.0048
17.125 78.875 -0.57665
17.125 79.125 -0.023746
17.125 79.375 -0.49237
17.125 79.625 -0.85999
17.125 79.875 -0.84361
17.125 80.125 -0.057849
17.125 80.375 -0.26797
17.125 80.625 -0.4699
17.125 80.875 -0.57343
17.125 81.125 -0.36491
17.125 81.375 -0.064431
17.125 81.625 -0.526
17.125 81.875 -0.79916
17.125 82.125 -0.21431
17.125 82.375 -0.32012
17.375 73.375 -1.0934
17.375 73.625 -1.4639
17.375 73.875 -0.7268
17.375 74.125 -1.8958
17.375 74.375 -2.051
17.375 74.625 -1.5643
17.375 74.875 -1.5076
17.375 75.125 -1.9504
17.375 75.375 -1.8
17.375 75.625 -1.4004
17.375 75.875 -1.7332
17.375 76.125 -1.4442
17.375 76.375 -1.2577
17.375 76.625 -1.2754
17.375 76.875 -0.74969
17.375 77.125 -1.0682
17.375 77.375 -1.3666
17.375 77.625 -0.71259
17.375 77.875 -0.61513
17.375 78.125 -0.7287
17.375 78.375 -1.0335
17.375 78.625 -1.5222
17.375 78.875 0.023093
17.375 79.125 0.1243
17.375 79.375 0.017035
17.375 79.625 -0.6771
17.375 79.875 -0.28728
17.375 80.125 0.056373
17.375 80.375 -0.1081
17.375 80.625 -0.35442
17.375 80.875 -0.33362
17.375 81.125 -0.50545
17.375 81.375 -0.09661
17.375 81.625 -0.71289
17.375 81.875 -0.58235
17.375 82.125 -0.12783
17.375 82.375 -0.68012
17.375 82.625 -0.7734
17.625 73.375 -0.48659
17.625 73.625 -1.9631
17.625 73.875 -0.84154
17.625 74.125 -1.7811
17.625 74.375 -2.1138
17.625 74.625 -1.6535
17.625 74.875 -1.5006
17.625 75.125 -1.3969
17.625 75.375 -1.2215
17.625 75.625 -1.5079
17.625 75.875 -1.7987
17.625 76.125 -1.6396
17.625 76.375 -1.3752
17.625 76.625 -0.59974
17.625 76.875 -0.57961
17.625 77.125 -0.8346
17.625 77.375 -1.2233
17.625 77.625 -1.2876
17.625 77.875 -1.0375
17.625 78.125 -0.7476
17.625 78.375 -0.11694
17.625 78.625 0.0060481
17.625 78.875 -0.42795
17.625 79.125 -0.22585
17.625 79.375 -0.70886
17.625 79.625 -0.57339
17.625 79.875 -0.39362
17.625 80.125 -0.065698
17.625 80.375 -0.22772
17.625 80.625 -0.71554
17.625 80.875 0.040824
17.625 81.125 -0.070228
17.625 81.375 0.10315
17.625 81.625 -0.016252
17.625 81.875 -0.090587
17.625 82.125 -0.02291
17.625 82.375 -0.54286
17.625 82.625 -0.53153
17.625 82.875 0.17
17.625 83.125 0.11281
17.875 73.375 -0.14943
17.875 73.625 -0.8461
17.875 73.875 -0.42246
17.875 74.125 -1.1774
17.875 74.375 -1.4186
17.875 74.625 -1.4009
17.875 74.875 -1.1127
17.875 75.125 -1.8091
17.875 75.375 -1.7212
17.875 75.625 -1.5397
17.875 75.875 -1.7447
17.875 76.125 -1.7516
17.875 76.375 -1.565
17.875 76.625 -1.1742
17.875 76.875 -1.0452
17.875 77.125 -0.68466
17.875 77.375 -0.71386
17.875 77.625 -0.32026
17.875 77.875 -0.19612
17.875 78.125 0.61433
17.875 78.375 0.36706
17.875 78.625 0.92417
17.875 78.875 -0.024724
17.875 79.125 -0.3003
17.875 79.375 -0.70879
17.875 79.625 -0.79757
17.875 79.875 -0.8079
17.875 80.125 -0.56315
17.875 80.375 -1.0856
17.875 80.625 -0.73808
17.875 80.875 0.1308
17.875 81.125 0.14129
17.875 81.375 1.1885
17.875 81.625 0.76078
17.875 81.875 -0.20145
17.875 82.125 -0.64483
17.875 82.375 -1.177
17.875 82.625 -0.21305
17.875 82.875 0.021616
17.875 83.125 -0.49854
17.875 83.375 -0.42134
18.125 73.125 -0.25793
18.125 73.375 -1.2295
18.125 73.625 -0.47873
18.125 73.875 -0.27625
18.125 74.125 -0.87326
18.125 74.375 -1.1139
18.125 74.625 -1.2263
18.125 74.875 -1.057
18.125 75.125 -1.4685
18.125 75.375 -1.6423
18.125 75.625 -1.6201
18.125 75.875 -1.8317
18.125 76.125 -1.2496
18.125 76.375 -1.215
18.125 76.625 -1.6463
18.125 76.875 -1.1385
18.125 77.125 0.14854
18.125 77.375 -0.12567
18.125 77.625 0.30051
18.125 77.875 -0.25607
18.125 78.125 0.17978
18.125 78.375 -0.21108
18.125 78.625 0.20899
18.125 78.875 -0.29599
18.125 79.125 -0.21209
18.125 79.375 -0.57419
18.125 79.625 -0.060869
18.125 79.875 -0.77625
18.125 80.125 -0.63351
18.125 80.375 -1.1549
18.125 80.625 -1.1461
18.125 80.875 0.27761
18.125 81.125 -0.21045
18.125 81.375 1.1108
18.125 81.625 1.556
18.125 81.875 1.3997
18.125 82.125 -0.36847
18.125 82.375 -0.64733
18.125 82.625 -0.36691
18.125 82.875 -0.58217
18.125 83.125 -0.21448
18.125 83.375 -0.35979
18.125 83.625 0.017958
18.375 73.125 -1.0314
18.375 73.375 -0.70515
18.375 73.625 -0.3386
18.375 73.875 -0.30477
18.375 74.125 -0.57866
18.375 74.375 -0.87938
18.375 74.625 -1.69
18.375 74.875 -1.9394
18.375 75.125 -1.4562
18.375 75.375 -0.71732
18.375 75.625 -1.1005
18.375 75.875 -1.5177
18.375 76.125 -1.093
18.375 76.375 -1.2212
18.375 76.625 -1.4254
18.375 76.875 -1.0788
18.375 77.125 -0.78424
18.375 77.375 -0.68082
18.375 77.625 -0.63056
18.375 77.875 -0.14902
18.375 78.125 0.01702
18.375 78.375 0.85152
18.375 78.625 0.13794
18.375 78.875 -0.42692
18.375 79.125 0.36926
18.375 79.375 -0.076555
18.375 79.625 -0.24412
18.375 79.875 -0.33424
18.375 80.125 -0.26235
18.375 80.375 0.16431
18.375 80.625 0.18987
18.375 80.875 -0.61024
18.375 81.125 0.22378
18.375 81.375 0.99585
18.375 81.625 1.3893
18.375 81.875 1.4779
18.375 82.125 1.1099
18.375 82.375 0.71749
18.375 82.625 -0.1541
18.375 82.875 -0.93452
18.375 83.125 -0.10261
18.375 83.375 -0.024698
18.375 83.625 -0.027952
18.375 83.875 0.62685
18.625 73.125 0.57324
18.625 73.375 -0.089144
18.625 73.625 -0.28944
18.625 73.875 -0.13221
18.625 74.125 -0.49554
18.625 74.375 -0.88165
18.625 74.625 -1.3177
18.625 74.875 -1.6142
18.625 75.125 -1.7058
18.625 75.375 -1.4718
18.625 75.625 -1.0851
18.625 75.875 -1.0939
18.625 76.125 -1.3506
18.625 76.375 -0.9616
18.625 76.625 -0.59934
18.625 76.875 -1.0185
18.625 77.125 -1.0069
18.625 77.375 -0.81483
18.625 77.625 -0.31934
18.625 77.875 -0.37826
18.625 78.125 -0.68721
18.625 78.375 0.22014
18.625 78.625 -0.34829
18.625 78.875 -0.066575
18.625 79.125 -0.1426
18.625 79.375 -0.25256
18.625 79.625 -0.81699
18.625 79.875 0.072395
18.625 80.125 0.38678
18.625 80.375 0.81212
18.625 80.625 0.78188
18.625 80.875 -0.35594
18.625 81.125 -0.48128
18.625 81.375 0.47025
18.625 81.625 1.2518
18.625 81.875 1.644
18.625 82.125 1.6879
18.625 82.375 1.834
18.625 82.625 1.6755
18.625 82.875 -0.024239
18.625 83.125 -0.64435
18.625 83.375 -0.63534
18.625 83.625 0.36612
18.625 83.875 0.22665
18.625 84.125 0.081815
18.875 73.125 -0.10722
18.875 73.375 -0.45364
18.875 73.625 -0.24485
18.875 73.875 -0.070609
18.875 74.125 -0.72972
18.875 74.375 -1.4737
18.875 74.625 -0.84913
18.875 74.875 -1.3458
18.875 75.125 -1.5928
18.875 75.375 -1.3986
18.875 75.625 -1.3707
18.875 75.875 -1.7934
18.875 76.125 -0.90767
18.875 76.375 -0.89118
18.875 76.625 -0.78009
18.875 76.875 -0.85355
18.875 77.125 -0.96452
18.875 77.375 -1.0643
18.875 77.625 -0.63923
18.875 77.875 -0.55945
18.875 78.125 -0.71226
18.875 78.375 -2.5788
18.875 78.625 0.12367
18.875 78.875 0.80834
18.875 79.125 0.041854
18.875 79.375 -0.098934
18.875 79.625 -0.66253
18.875 79.875 0.081273
18.875 80.125 0.19359
18.875 80.375 0.70262
18.875 80.625 1.0085
18.875 80.875 0.50228
18.875 81.125 0.26596
18.875 81.375 1.8706
18.875 81.625 1.2424
18.875 81.875 2.2262
18.875 82.125 2.7054
18.875 82.375 2.2419
18.875 82.625 0.97926
18.875 82.875 0.59211
18.875 83.125 -1.4145
18.875 83.375 0.16918
18.875 83.625 0.52086
18.875 83.875 0.50907
18.875 84.125 0.19252
18.875 84.375 0.19996
19.125 73.125 -0.1942
19.125 73.375 -0.30586
19.125 73.625 -0.26341
19.125 73.875 -0.30419
19.125 74.125 -0.78863
19.125 74.375 -1.1629
19.125 74.625 -0.88522
19.125 74.875 -1.5016
19.125 75.125 -1.3627
19.125 75.375 -1.2286
19.125 75.625 -1.3837
19.125 75.875 -1.6745
19.125 76.125 -1.0442
19.125 76.375 -1.1117
19.125 76.625 -0.94254
19.125 76.875 -1.1026
19.125 77.125 -0.92439
19.125 77.375 -0.37192
19.125 77.625 -1.0422
19.125 77.875 -1.3869
19.125 78.125 -1.6259
19.125 78.375 -1.1812
19.125 78.625 -0.46061
19.125 78.875 0.30155
19.125 79.125 0.11117
19.125 79.375 -0.18491
19.125 79.625 0.056196
19.125 79.875 -0.15079
19.125 80.125 -0.12009
19.125 80.375 0.01054
19.125 80.625 1.1002
19.125 80.875 1.3267
19.125 81.125 0.97596
19.125 81.375 1.6773
19.125 81.625 1.4356
19.125 81.875 0.85618
19.125 82.125 2.3034
19.125 82.375 2.9335
19.125 82.625 0.26015
19.125 82.875 0.66725
19.125 83.125 0.052382
19.125 83.375 0.12042
19.125 83.625 -0.23198
19.125 83.875 -0.27104
19.125 84.125 0.40812
19.125 84.375 1.06
19.125 84.625 1.7287
19.375 72.875 -0.46718
19.375 73.125 -1.2216
19.375 73.375 0.031787
19.375 73.625 -0.0013489
19.375 73.875 -0.51561
19.375 74.125 -0.71058
19.375 74.375 -1.0044
19.375 74.625 -0.96595
19.375 74.875 -1.2403
19.375 75.125 -0.91973
19.375 75.375 -1.0781
19.375 75.625 -1.5394
19.375 75.875 -1.8755
19.375 76.125 -1.5287
19.375 76.375 -1.7642
19.375 76.625 -1.6936
19.375 76.875 -1.8627
19.375 77.125 -1.4311
19.375 77.375 -1.8016
19.375 77.625 -1.4379
19.375 77.875 -1.0544
19.375 78.125 -0.89396
19.375 78.375 -0.89708
19.375 78.625 -0.65778
19.375 78.875 -0.24782
19.375 79.125 -0.17162
19.375 79.375 0.1407
19.375 79.625 -0.27251
19.375 79.875 -0.52856
19.375 80.125 -0.1909
19.375 80.375 0.023778
19.375 80.625 1.2871
19.375 80.875 1.6886
19.375 81.125 1.5044
19.375 81.375 1.5236
19.375 81.625 1.475
19.375 81.875 1.3421
19.375 82.125 1.5655
19.375 82.375 0.49509
19.375 82.625 -0.17914
19.375 82.875 0.61175
19.375 83.125 -0.11294
19.375 83.375 -0.25613
19.375 83.625 -0.61034
19.375 83.875 -1.1008
19.375 84.125 0.25071
19.375 84.375 0.44835
19.375 84.625 1.127
19.375 84.875 1.623
19.625 72.875 -0.1385
19.625 73.125 0.019229
19.625 73.375 0.27011
19.625 73.625 -0.27102
19.625 73.875 -0.52287
19.625 74.125 -0.83931
19.625 74.375 -1.0465
19.625 74.625 -1.243
19.625 74.875 -1.2599
19.625 75.125 -1.1178
19.625 75.375 -1.2962
19.625 75.625 -1.5946
19.625 75.875 -1.5047
19.625 76.125 -1.327
19.625 76.375 -1.426
19.625 76.625 -1.6509
19.625 76.875 -1.9929
19.625 77.125 -1.6549
19.625 77.375 -1.1433
19.625 77.625 -0.99102
19.625 77.875 -1.0268
19.625 78.125 -1.2404
19.625 78.375 -1.0899
19.625 78.625 -0.15258
19.625 78.875 -0.59088
19.625 79.125 -1.203
19.625 79.375 -1.9228
19.625 79.625 -1.2473
19.625 79.875 -0.96118
19.625 80.125 -0.093935
19.625 80.375 0.15647
19.625 80.625 1.3475
19.625 80.875 1.7631
19.625 81.125 1.745
19.625 81.375 1.2738
19.625 81.625 1.4543
19.625 81.875 1.53
19.625 82.125 1.2952
19.625 82.375 0.55427
19.625 82.625 0.37474
19.625 82.875 0.40747
19.625 83.125 0.11771
19.625 83.375 0.68651
19.625 83.625 0.67102
19.625 83.875 0.50015
19.625 84.125 0.096203
19.625 84.375 -0.17126
19.625 84.625 1.564
19.625 84.875 1.5007
19.625 85.125 0.99133
19.625 85.375 1.3534
19.875 72.875 0.51485
19.875 73.125 -0.17507
19.875 73.375 0.1873
19.875 73.625 0.047747
19.875 73.875 -0.11175
19.875 74.125 -0.98153
19.875 74.375 -0.94593
19.875 74.625 -0.93136
19.875 74.875 -0.29296
19.875 75.125 -1.2149
19.875 75.375 -1.3833
19.875 75.625 -1.3631
19.875 75.875 -0.77172
19.875 76.125 -0.32316
19.875 76.375 -0.21967
19.875 76.625 -1.2149
19.875 76.875 -1.1775
19.875 77.125 -1.2585
19.875 77.375 -1.0463
19.875 77.625 -0.72605
19.875 77.875 -1.0246
19.875 78.125 -1.1234
19.875 78.375 -1.3088
19.875 78.625 -0.94978
19.875 78.875 -0.85112
19.875 79.125 -0.88652
19.875 79.375 -1.6502
19.875 79.625 -1.3129
19.875 79.875 -0.48984
19.875 80.125 0.3897
19.875 80.375 0.30585
19.875 80.625 0.82723
19.875 80.875 1.6504
19.875 81.125 1.5308
19.875 81.375 0.057238
19.875 81.625 1.4553
19.875 81.875 2.4355
19.875 82.125 1.1682
19.875 82.375 0.66605
19.875 82.625 0.64795
19.875 82.875 0.61554
19.875 83.125 0.63803
19.875 83.375 1.1381
19.875 83.625 1.3821
19.875 83.875 0.57217
19.875 84.125 -0.022894
19.875 84.375 -0.089763
19.875 84.625 1.7494
19.875 84.875 1.5065
19.875 85.125 1.6583
19.875 85.375 2.1539
19.875 85.625 1.2838
19.875 85.875 0.6622
19.875 86.125 1.0323
20.125 72.875 0.83307
20.125 73.125 0.57009
20.125 73.375 -0.14664
20.125 73.625 1.2986
20.125 73.875 1.2401
20.125 74.125 2.8571
20.125 74.375 -0.62792
20.125 74.625 -0.66055
20.125 74.875 -0.46195
20.125 75.125 -0.95394
20.125 75.375 -0.77671
20.125 75.625 -0.9038
20.125 75.875 -1.0979
20.125 76.125 -0.74415
20.125 76.375 -0.68557
20.125 76.625 -1.1773
20.125 76.875 -1.1622
20.125 77.125 -1.3419
20.125 77.375 -0.78671
20.125 77.625 -0.55943
20.125 77.875 -1.0702
20.125 78.125 -1.2461
20.125 78.375 -1.2626
20.125 78.625 -1.0664
20.125 78.875 -1.0392
20.125 79.125 -1.372
20.125 79.375 -1.5885
20.125 79.625 -0.39401
20.125 79.875 0.38434
20.125 80.125 0.48719
20.125 80.375 -0.32189
20.125 80.625 0.069034
20.125 80.875 0.54038
20.125 81.125 0.81275
20.125 81.375 1.4292
20.125 81.625 1.6591
20.125 81.875 2.5575
20.125 82.125 2.1545
20.125 82.375 0.59559
20.125 82.625 0.40836
20.125 82.875 0.1489
20.125 83.125 0.68174
20.125 83.375 1.5036
20.125 83.625 1.6148
20.125 83.875 1.3481
20.125 84.125 1.6496
20.125 84.375 0.83706
20.125 84.625 1.9585
20.125 84.875 1.417
20.125 85.125 2.1924
20.125 85.375 1.2143
20.125 85.625 0.42977
20.125 85.875 0.31826
20.125 86.125 0.6905
20.125 86.375 0.4614
20.375 73.125 1.0644
20.375 73.375 0.40118
20.375 73.625 0.31952
20.375 73.875 -0.63154
20.375 74.125 -0.52133
20.375 74.375 -1.1189
20.375 74.625 -1.273
20.375 74.875 -0.79634
20.375 75.125 0.20256
20.375 75.375 0.50599
20.375 75.625 -0.21916
20.375 75.875 -0.48391
20.375 76.125 -0.85902
20.375 76.375 -1.1327
20.375 76.625 -1.474
20.375 76.875 -1.7453
20.375 77.125 -1.8817
20.375 77.375 -1.1568
20.375 77.625 -0.62775
20.375 77.875 -1.1192
20.375 78.125 -1.1273
20.375 78.375 -1.441
20.375 78.625 -1.5427
20.375 78.875 -1.2043
20.375 79.125 -0.82037
20.375 79.375 -0.66826
20.375 79.625 0.023717
20.375 79.875 0.3919
20.375 80.125 0.49768
20.375 80.375 -0.31484
20.375 80.625 0.209
20.375 80.875 0.73874
20.375 81.125 1.2799
20.375 81.375 1.4443
20.375 81.625 1.412
20.375 81.875 2.0327
20.375 82.125 2.0501
20.375 82.375 2.208
20.375 82.625 1.5404
20.375 82.875 1.4143
20.375 83.125 1.555
20.375 83.375 1.4824
20.375 83.625 1.215
20.375 83.875 1.4378
20.375 84.125 1.2785
20.375 84.375 -0.31334
20.375 84.625 0.47656
20.375 84.875 1.2203
20.375 85.125 1.4103
20.375 85.375 0.78359
20.375 85.625 1.4351
20.375 85.875 1.5927
20.375 86.125 1.574
20.375 86.375 1.152
20.375 86.625 1.1694
20.625 73.125 0.91731
20.625 73.375 0.47128
20.625 73.625 0.82417
20.625 73.875 1.7992
20.625 74.125 -0.64092
20.625 74.375 -1.027
20.625 74.625 -0.52103
20.625 74.875 0.20079
20.625 75.125 -0.056341
20.625 75.375 0.07329
20.625 75.625 -0.46809
20.625 75.875 -1.357
20.625 76.125 -0.62582
20.625 76.375 -1.0133
20.625 76.625 -1.4957
20.625 76.875 -1.6044
20.625 77.125 -1.5088
20.625 77.375 -1.124
20.625 77.625 -0.78627
20.625 77.875 -1.043
20.625 78.125 -0.76149
20.625 78.375 -0.99246
20.625 78.625 -1.4188
20.625 78.875 -1.2076
20.625 79.125 -1.0096
20.625 79.375 -1.1577
20.625 79.625 -0.15504
20.625 79.875 0.34077
20.625 80.125 0.60473
20.625 80.375 0.34038
20.625 80.625 1.1602
20.625 80.875 1.7252
20.625 81.125 1.6428
20.625 81.375 1.294
20.625 81.625 1.2444
20.625 81.875 2.3741
20.625 82.125 1.7506
20.625 82.375 1.5902
20.625 82.625 0.89103
20.625 82.875 0.99637
20.625 83.125 0.68432
20.625 83.375 1.1398
20.625 83.625 1.0963
20.625 83.875 0.51616
20.625 84.125 0.50731
20.625 84.375 0.74346
20.625 84.625 0.20561
20.625 84.875 0.17577
20.625 85.125 1.7986
20.625 85.375 1.486
20.625 85.625 -0.062478
20.625 85.875 1.1097
20.625 86.125 1.021
20.625 86.375 1.247
20.625 86.625 1.2949
20.625 86.875 1.2839
20.875 70.625 0.10481
20.875 70.875 0.19435
20.875 71.125 -0.17739
20.875 71.375 0.83076
20.875 72.875 0.39598
20.875 73.125 0.59843
20.875 73.375 0.25164
20.875 73.625 0.95897
20.875 73.875 0.67001
20.875 74.125 -0.24696
20.875 74.375 -0.37294
20.875 74.625 -0.49735
20.875 74.875 -0.52708
20.875 75.125 -0.39852
20.875 75.375 -0.58348
20.875 75.625 -1.0314
20.875 75.875 -1.101
20.875 76.125 -0.61299
20.875 76.375 -1.3258
20.875 76.625 -1.0843
20.875 76.875 -1.1396
20.875 77.125 -1.2398
20.875 77.375 -1.34
20.875 77.625 -1.421
20.875 77.875 -1.1488
20.875 78.125 -1.0264
20.875 78.375 -1.0653
20.875 78.625 -1.4079
20.875 78.875 -0.96987
20.875 79.125 -1.6262
20.875 79.375 -1.1011
20.875 79.625 -0.2977
20.875 79.875 0.15634
20.875 80.125 0.34756
20.875 80.375 -0.1754
20.875 80.625 0.59287
20.875 80.875 1.4638
20.875 81.125 0.88213
20.875 81.375 0.10034
20.875 81.625 1.3738
20.875 81.875 1.2004
20.875 82.125 0.93207
20.875 82.375 1.4787
20.875 82.625 0.84854
20.875 82.875 1.3905
20.875 83.125 1.192
20.875 83.375 0.52543
20.875 83.625 0.43806
20.875 83.875 0.55994
20.875 84.125 0.093599
20.875 84.375 1.4719
20.875 84.625 1.5834
20.875 84.875 0.34391
20.875 85.125 1.8005
20.875 85.375 1.2766
20.875 85.625 0.77085
20.875 85.875 1.792
20.875 86.125 1.5657
20.875 86.375 0.69556
20.875 86.625 1.1078
21.125 70.375 -0.45198
21.125 70.625 -0.5594
21.125 70.875 -0.70547
21.125 71.125 0.05405
21.125 71.375 0.25315
21.125 71.625 0.78867
21.125 71.875 0.15274
21.125 72.875 -0.79545
21.125 73.125 -0.81033
21.125 73.375 0.97376
21.125 73.625 -0.53482
21.125 73.875 -0.85956
21.125 74.125 -0.90864
21.125 74.375 -0.5333
21.125 74.625 -0.38474
21.125 74.875 -0.20446
21.125 75.125 -0.61277
21.125 75.375 -0.32764
21.125 75.625 0.2679
21.125 75.875 0.065409
21.125 76.125 -0.074978
21.125 76.375 -1.5828
21.125 76.625 -1.2983
21.125 76.875 -1.3957
21.125 77.125 -1.5309
21.125 77.375 -1.256
21.125 77.625 -1.469
21.125 77.875 -1.4933
21.125 78.125 -1.4439
21.125 78.375 -1.3421
21.125 78.625 -1.5247
21.125 78.875 -0.84049
21.125 79.125 -1.0962
21.125 79.375 -0.74126
21.125 79.625 0.053763
21.125 79.875 0.22134
21.125 80.125 0.28943
21.125 80.375 -0.17982
21.125 80.625 0.092953
21.125 80.875 0.83619
21.125 81.125 0.11161
21.125 81.375 1.2072
21.125 81.625 0.24642
21.125 81.875 0.61712
21.125 82.125 1.1865
21.125 82.375 1.0284
21.125 82.625 1.377
21.125 82.875 0.99236
21.125 83.125 0.83402
21.125 83.375 0.71464
21.125 83.625 0.71378
21.125 83.875 0.99555
21.125 84.125 1.7268
21.125 84.375 1.2923
21.125 84.625 0.97223
21.125 84.875 1.879
21.125 85.125 2.6955
21.125 85.375 2.3661
21.125 85.625 1.9418
21.125 85.875 2.4278
21.125 86.125 1.4455
21.125 86.375 1.567
21.125 86.625 2.1676
21.375 70.125 -0.90434
21.375 70.375 -0.80005
21.375 70.625 -0.37675
21.375 70.875 -0.3361
21.375 71.125 -0.00081058
21.375 71.375 0.13189
21.375 71.625 0.43625
21.375 71.875 0.15159
21.375 72.875 0.11405
21.375 73.125 1.0194
21.375 73.375 1.0358
21.375 73.625 -0.048516
21.375 73.875 -0.74926
21.375 74.125 -0.88543
21.375 74.375 -0.92845
21.375 74.625 -0.51116
21.375 74.875 0.28312
21.375 75.125 0.041221
21.375 75.375 -0.021693
21.375 75.625 0.28674
21.375 75.875 -0.032651
21.375 76.125 0.26983
21.375 76.375 -1.2814
21.375 76.625 -1.5245
21.375 76.875 -1.575
21.375 77.125 -1.4283
21.375 77.375 -1.0215
21.375 77.625 -1.4213
21.375 77.875 -1.5355
21.375 78.125 -1.2198
21.375 78.375 -1.1947
21.375 78.625 -1.4541
21.375 78.875 -1.0578
21.375 79.125 -1.2706
21.375 79.375 -0.66406
21.375 79.625 0.24122
21.375 79.875 -0.14573
21.375 80.125 -0.40071
21.375 80.375 -0.4409
21.375 80.625 -0.22566
21.375 80.875 -0.51488
21.375 81.125 -0.4334
21.375 81.375 0.88284
21.375 81.625 1.0957
21.375 81.875 1.2241
21.375 82.125 0.52529
21.375 82.375 0.71031
21.375 82.625 0.33154
21.375 82.875 0.48915
21.375 83.125 1.1948
21.375 83.375 0.77344
21.375 83.625 0.66598
21.375 83.875 1.0995
21.375 84.125 1.1984
21.375 84.375 1.2302
21.375 84.625 1.4024
21.375 84.875 1.1657
21.375 85.125 2.1265
21.375 85.375 2.3908
21.375 85.625 1.1282
21.375 85.875 1.3506
21.375 86.125 1.853
21.375 86.375 2.0022
21.375 86.625 1.9039
21.375 86.875 1.5369
21.625 69.875 -0.68953
21.625 70.125 -1.0536
21.625 70.375 -0.45281
21.625 70.625 -0.039421
21.625 70.875 -0.19824
21.625 71.125 -0.17955
21.625 71.375 0.37764
21.625 71.625 0.90673
21.625 71.875 0.24632
21.625 72.125 0.12618
21.625 72.875 0.61355
21.625 73.125 0.87296
21.625 73.375 0.24259
21.625 73.625 -0.3997
21.625 73.875 -0.88107
21.625 74.125 -0.75178
21.625 74.375 -1.0104
21.625 74.625 -0.54211
21.625 74.875 0.2501
21.625 75.125 0.38311
21.625 75.375 0.33964
21.625 75.625 0.19562
21.625 75.875 -0.25128
21.625 76.125 -0.1841
21.625 76.375 -0.90348
21.625 76.625 -1.4025
21.625 76.875 -1.2627
21.625 77.125 -0.85117
21.625 77.375 -0.69508
21.625 77.625 -1.3341
21.625 77.875 -0.73941
21.625 78.125 -0.73799
21.625 78.375 -1.0874
21.625 78.625 -1.3047
21.625 78.875 -1.3868
21.625 79.125 -1.7523
21.625 79.375 -1.031
21.625 79.625 0.14071
21.625 79.875 0.16353
21.625 80.125 0.12186
21.625 80.375 0.59349
21.625 80.625 -0.35737
21.625 80.875 -0.68324
21.625 81.125 -1.6053
21.625 81.375 -0.53572
21.625 81.625 0.3384
21.625 81.875 1.1499
21.625 82.125 0.4136
21.625 82.375 -0.3124
21.625 82.625 -0.15395
21.625 82.875 -0.44465
21.625 83.125 0.10974
21.625 83.375 -0.0057686
21.625 83.625 0.20404
21.625 83.875 0.44039
21.625 84.125 0.56152
21.625 84.375 1.1954
21.625 84.625 0.9054
21.625 84.875 1.6241
21.625 85.125 1.4686
21.625 85.375 2.4574
21.625 85.625 2.4494
21.625 85.875 2.1424
21.625 86.125 2.5908
21.625 86.375 2.5892
21.625 86.625 1.3882
21.625 86.875 0.98876
21.625 87.125 0.84706
21.625 87.375 1.3717
21.875 69.375 -0.9352
21.875 69.625 -0.79118
21.875 69.875 -0.72517
21.875 70.125 -0.77868
21.875 70.375 -0.26446
21.875 70.625 0.21916
21.875 70.875 -0.21776
21.875 71.125 -0.61203
21.875 71.375 0.075449
21.875 71.625 0.77907
21.875 71.875 -0.0077512
21.875 72.125 -0.13474
21.875 72.625 -1.2686
21.875 72.875 -0.4573
21.875 73.125 -0.031249
21.875 73.375 -0.31371
21.875 73.625 -0.40334
21.875 73.875 -0.92181
21.875 74.125 -1.5983
21.875 74.375 -1.203
21.875 74.625 -0.65474
21.875 74.875 -0.35098
21.875 75.125 -0.24828
21.875 75.375 0.16992
21.875 75.625 0.37344
21.875 75.875 -0.36265
21.875 76.125 -0.36246
21.875 76.375 -0.45224
21.875 76.625 -0.62878
21.875 76.875 -0.6618
21.875 77.125 -0.62526
21.875 77.375 -0.42734
21.875 77.625 -1.0508
21.875 77.875 -1.198
21.875 78.125 -0.69973
21.875 78.375 -0.399
21.875 78.625 -0.94566
21.875 78.875 -0.71393
21.875 79.125 -1.0057
21.875 79.375 -0.66208
21.875 79.625 -0.13907
21.875 79.875 0.066091
21.875 80.125 0.69149
21.875 80.375 1.2348
21.875 80.625 0.47703
21.875 80.875 -0.28992
21.875 81.125 -1.3175
21.875 81.375 -0.12722
21.875 81.625 0.375
21.875 81.875 -0.024458
21.875 82.125 0.79325
21.875 82.375 -0.07738
21.875 82.625 -0.96091
21.875 82.875 -1.0889
21.875 83.125 -0.27247
21.875 83.375 0.13025
21.875 83.625 -0.14407
21.875 83.875 1.7946
21.875 84.125 1.2782
21.875 84.375 1.4538
21.875 84.625 1.0543
21.875 84.875 1.7287
21.875 85.125 1.6789
21.875 85.375 2.1745
21.875 85.625 2.7121
21.875 85.875 2.5149
21.875 86.125 2.8414
21.875 86.375 2.3624
21.875 86.625 1.7287
21.875 86.875 1.395
21.875 87.125 1.2108
21.875 87.375 1.2919
21.875 87.625 2.282
21.875 87.875 1.9072
21.875 88.375 0.41626
21.875 88.625 0.41309
21.875 88.875 0.33455
22.125 69.125 -0.74354
22.125 69.375 -0.93628
22.125 69.625 -0.82095
22.125 69.875 -0.78193
22.125 70.125 -0.78444
22.125 70.375 -0.61645
22.125 70.625 -0.42077
22.125 70.875 -0.029187
22.125 71.125 -0.6891
22.125 71.375 0.16242
22.125 71.625 0.75521
22.125 71.875 -0.42286
22.125 72.125 -0.14026
22.125 72.625 0.40672
22.125 72.875 -0.2833
22.125 73.125 -0.77765
22.125 73.375 -0.518
22.125 73.625 -0.50599
22.125 73.875 -0.81295
22.125 74.125 -0.77272
22.125 74.375 -1.0903
22.125 74.625 -1.1809
22.125 74.875 -0.55574
22.125 75.125 -0.33799
22.125 75.375 -0.77418
22.125 75.625 -0.71175
22.125 75.875 -0.53503
22.125 76.125 -0.82267
22.125 76.375 -0.66192
22.125 76.625 -0.71034
22.125 76.875 -0.95946
22.125 77.125 -0.70299
22.125 77.375 -0.8001
22.125 77.625 -1.0945
22.125 77.875 -0.82884
22.125 78.125 -0.85811
22.125 78.375 -1.0321
22.125 78.625 -0.73139
22.125 78.875 -0.56644
22.125 79.125 -0.70282
22.125 79.375 -0.9221
22.125 79.625 -0.56812
22.125 79.875 0.086849
22.125 80.125 0.56452
22.125 80.375 0.784
22.125 80.625 0.70252
22.125 80.875 -0.20828
22.125 81.125 -1.1322
22.125 81.375 1.8199
22.125 81.625 -0.31024
22.125 81.875 0.31641
22.125 82.125 0.33191
22.125 82.375 0.03058
22.125 82.625 -1.3006
22.125 82.875 -1.7454
22.125 83.125 -0.65215
22.125 83.375 0.25983
22.125 83.625 0.33745
22.125 83.875 1.0489
22.125 84.125 1.1804
22.125 84.375 0.70741
22.125 84.625 1.2249
22.125 84.875 2.1554
22.125 85.125 1.9176
22.125 85.375 2.0458
22.125 85.625 0.95079
22.125 85.875 1.4831
22.125 86.125 3.2119
22.125 86.375 2.5839
22.125 86.625 0.92844
22.125 86.875 1.2166
22.125 87.125 1.2839
22.125 87.375 0.47025
22.125 87.625 0.83322
22.125 87.875 1.3609
22.125 88.125 0.6716
22.125 88.375 0.55344
22.125 92.875 1.2222
22.375 69.125 -0.28406
22.375 69.875 -0.37893
22.375 70.125 -0.50952
22.375 70.375 -0.72995
22.375 70.625 -0.16113
22.375 70.875 0.0088267
22.375 71.125 0.17011
22.375 71.375 0.17081
22.375 71.625 -0.33205
22.375 71.875 0.18849
22.375 72.125 1.1053
22.375 72.625 0.9505
22.375 72.875 -0.5602
22.375 73.125 -0.3504
22.375 73.375 -0.38432
22.375 73.625 0.0381
22.375 73.875 -0.45793
22.375 74.125 -1.0203
22.375 74.375 -0.9231
22.375 74.625 -1.1868
22.375 74.875 -1.1746
22.375 75.125 -0.9604
22.375 75.375 -0.84879
22.375 75.625 -1.2099
22.375 75.875 -0.50325
22.375 76.125 -0.73031
22.375 76.375 -1.0377
22.375 76.625 -0.31502
22.375 76.875 -0.86815
22.375 77.125 -0.77651
22.375 77.375 -1.0008
22.375 77.625 -1.0156
22.375 77.875 -0.20101
22.375 78.125 -0.21391
22.375 78.375 -0.52389
22.375 78.625 -0.71205
22.375 78.875 -0.19939
22.375 79.125 -0.27875
22.375 79.375 -0.1699
22.375 79.625 -0.2683
22.375 79.875 0.43409
22.375 80.125 0.81774
22.375 80.375 0.74386
22.375 80.625 0.68682
22.375 80.875 0.3744
22.375 81.125 0.26832
22.375 81.375 1.5235
22.375 81.625 0.029351
22.375 81.875 0.34733
22.375 82.125 -0.37169
22.375 82.375 -0.22765
22.375 82.625 -1.6369
22.375 82.875 -2.3732
22.375 83.125 -2.1641
22.375 83.375 -2.1674
22.375 83.625 -2.0707
22.375 83.875 -0.13134
22.375 84.125 0.20176
22.375 84.375 0.57363
22.375 84.625 1.1804
22.375 84.875 1.4662
22.375 85.125 1.2751
22.375 85.375 1.2656
22.375 85.625 0.33042
22.375 85.875 0.32613
22.375 86.125 1.2026
22.375 86.375 0.44428
22.375 86.625 0.31281
22.375 86.875 1.2872
22.375 87.125 1.3479
22.375 87.375 -0.163
22.375 87.625 -0.11715
22.375 87.875 0.98902
22.375 88.125 -0.24418
22.375 88.375 0.089461
22.375 88.625 0.15794
22.375 88.875 0.072034
22.375 92.875 1.1843
22.625 70.375 -0.14612
22.625 70.625 0.31965
22.625 70.875 -0.028084
22.625 71.125 -0.10928
22.625 71.375 0.11569
22.625 71.625 0.18809
22.625 71.875 -0.093029
22.625 72.125 0.46833
22.625 72.375 1.593
22.625 72.625 1.9284
22.625 72.875 -0.37018
22.625 73.125 -0.3239
22.625 73.375 3.9424e-05
22.625 73.625 -0.68814
22.625 73.875 -0.66915
22.625 74.125 -0.62226
22.625 74.375 -0.71099
22.625 74.625 -0.95803
22.625 74.875 -1.1056
22.625 75.125 -1.049
22.625 75.375 -0.91884
22.625 75.625 -1.2731
22.625 75.875 -0.7426
22.625 76.125 -0.86724
22.625 76.375 -1.0995
22.625 76.625 -0.48335
22.625 76.875 -0.2915
22.625 77.125 -0.5714
22.625 77.375 -1.1084
22.625 77.625 -0.98156
22.625 77.875 -0.013008
22.625 78.125 0.13768
22.625 78.375 -0.089804
22.625 78.625 0.12571
22.625 78.875 0.043896
22.625 79.125 0.013971
22.625 79.375 -0.050832
22.625 79.625 -0.015969
22.625 79.875 0.36801
22.625 80.125 0.21436
22.625 80.375 -0.39221
22.625 80.625 -0.47223
22.625 80.875 -0.34932
22.625 81.125 0.49185
22.625 81.375 1.0539
22.625 81.625 0.030194
22.625 81.875 0.12706
22.625 82.125 -0.62188
22.625 82.375 -1.002
22.625 82.625 -1.7254
22.625 82.875 -2.1126
22.625 83.125 -2.471
22.625 83.375 -0.98164
22.625 83.625 -0.67277
22.625 83.875 -2
22.625 84.125 -0.43702
22.625 84.375 0.070037
22.625 84.625 1.3358
22.625 84.875 1.5466
22.625 85.125 1.1501
22.625 85.375 1.1753
22.625 85.625 0.81936
22.625 85.875 0.65152
22.625 86.125 0.69285
22.625 86.375 0.030895
22.625 86.625 -0.37392
22.625 86.875 0.34914
22.625 87.125 0.70225
22.625 87.375 0.10945
22.625 87.625 0.35672
22.625 87.875 0.83908
22.625 88.125 0.93741
22.625 88.375 0.11486
22.625 88.625 0.10025
22.625 88.875 0.055423
22.625 92.625 -0.28849
22.625 92.875 0.98817
22.875 69.375 0.22094
22.875 69.625 0.15719
22.875 69.875 0.0070853
22.875 70.625 0.66047
22.875 70.875 0.21427
22.875 71.125 -0.12571
22.875 71.375 0.080076
22.875 71.625 0.31494
22.875 71.875 0.34611
22.875 72.125 -0.32474
22.875 72.375 0.64738
22.875 72.625 0.9049
22.875 72.875 -0.12403
22.875 73.125 0.41017
22.875 73.375 0.057494
22.875 73.625 -0.73319
22.875 73.875 -1.1169
22.875 74.125 -0.76285
22.875 74.375 -0.94749
22.875 74.625 -1.0911
22.875 74.875 -0.97099
22.875 75.125 -1.1034
22.875 75.375 -0.55792
22.875 75.625 -0.78033
22.875 75.875 -0.81531
22.875 76.125 -0.68945
22.875 76.375 -1.183
22.875 76.625 -0.80406
22.875 76.875 -0.97533
22.875 77.125 -0.52881
22.875 77.375 -1.4723
22.875 77.625 -0.7831
22.875 77.875 -0.46337
22.875 78.125 -0.20553
22.875 78.375 0.0024728
22.875 78.625 0.030312
22.875 78.875 0.19272
22.875 79.125 -0.053064
22.875 79.375 -0.41226
22.875 79.625 -0.4997
22.875 79.875 0.31042
22.875 80.125 0.13191
22.875 80.375 -0.3424
22.875 80.625 -0.4496
22.875 80.875 0.053406
22.875 81.125 0.001334
22.875 81.375 -0.90965
22.875 81.625 -0.7345
22.875 81.875 -0.50338
22.875 82.125 -0.71986
22.875 82.375 -0.77728
22.875 82.625 -1.3059
22.875 82.875 -1.1663
22.875 83.125 -2.3992
22.875 83.375 -0.72355
22.875 83.625 0.48625
22.875 83.875 -1.1697
22.875 84.125 -1.6051
22.875 84.375 -0.47292
22.875 84.625 1.4948
22.875 84.875 0.76379
22.875 85.125 1.1415
22.875 85.375 1.6596
22.875 85.625 0.97107
22.875 85.875 0.357
22.875 86.125 0.55202
22.875 86.375 0.78826
22.875 86.625 0.58915
22.875 86.875 0.69852
22.875 87.125 0.62622
22.875 87.375 0.28916
22.875 87.625 0.17628
22.875 87.875 -0.27503
22.875 88.125 0.080763
22.875 88.375 0.13909
22.875 88.625 0.16329
22.875 92.625 -0.14663
22.875 92.875 0.63261
23.125 68.875 -0.28791
23.125 69.125 -0.29818
23.125 69.375 -0.073064
23.125 69.625 0.023269
23.125 69.875 0.084155
23.125 70.125 -0.12799
23.125 70.875 0.20903
23.125 71.125 0.18184
23.125 71.375 0.2844
23.125 71.625 0.23995
23.125 71.875 0.36067
23.125 72.125 1.033
23.125 72.375 -0.0015695
23.125 72.625 0.22173
23.125 72.875 -0.25987
23.125 73.125 -0.56481
23.125 73.375 -0.0052698
23.125 73.625 -0.27492
23.125 73.875 -1.3478
23.125 74.125 -1.2834
23.125 74.375 -1.3876
23.125 74.625 -1.5206
23.125 74.875 -1.0091
23.125 75.125 -0.89616
23.125 75.375 -1.2318
23.125 75.625 -1.0617
23.125 75.875 -0.92854
23.125 76.125 -0.78232
23.125 76.375 -0.53475
23.125 76.625 -0.65721
23.125 76.875 -0.4338
23.125 77.125 -0.16735
23.125 77.375 -0.68752
23.125 77.625 -0.64301
23.125 77.875 -0.44703
23.125 78.125 -0.69604
23.125 78.375 -0.39811
23.125 78.625 -0.83135
23.125 78.875 -0.39652
23.125 79.125 -0.018007
23.125 79.375 0.12359
23.125 79.625 -0.75295
23.125 79.875 0.011675
23.125 80.125 0.012289
23.125 80.375 -0.42777
23.125 80.625 0.68598
23.125 80.875 0.86254
23.125 81.125 1.0465
23.125 81.375 1.081
23.125 81.625 -0.0098807
23.125 81.875 -0.14352
23.125 82.125 -0.75357
23.125 82.375 -0.55408
23.125 82.625 0.031686
23.125 82.875 -0.89957
23.125 83.125 -0.72941
23.125 83.375 1.6373
23.125 83.625 2.5602
23.125 83.875 1.3763
23.125 84.125 -0.89647
23.125 84.375 -0.40947
23.125 84.625 -0.84949
23.125 84.875 -0.11861
23.125 85.125 0.37814
23.125 85.375 1.4347
23.125 85.625 0.40349
23.125 85.875 -0.81449
23.125 86.125 -0.55178
23.125 86.375 1.0051
23.125 86.625 0.47171
23.125 86.875 1.327
23.125 87.125 0.88546
23.125 87.375 0.52766
23.125 87.625 -0.57632
23.125 87.875 -0.91371
23.125 88.125 -0.5017
23.125 88.375 -0.1817
23.125 88.625 0.0089051
23.125 91.625 -0.65482
23.125 92.625 -0.26102
23.125 92.875 -0.25773
23.125 93.125 -0.3063
23.375 68.875 -0.30496
23.375 69.125 -0.28743
23.375 69.375 -0.15599
23.375 69.625 0.11351
23.375 69.875 0.074904
23.375 70.125 -0.0099558
23.375 70.375 0.14583
23.375 70.625 0.35016
23.375 70.875 0.75647
23.375 71.125 0.65034
23.375 71.375 0.036354
23.375 71.625 -0.011686
23.375 71.875 0.68272
23.375 72.125 0.072059
23.375 72.375 -0.072858
23.375 72.625 -0.18989
23.375 72.875 -0.073331
23.375 73.125 -0.14388
23.375 73.375 -0.3591
23.375 73.625 -0.85991
23.375 73.875 -1.1699
23.375 74.125 -1.2941
23.375 74.375 -0.79337
23.375 74.625 -1.0036
23.375 74.875 -0.63304
23.375 75.125 -0.64291
23.375 75.375 -0.49483
23.375 75.625 -1.0109
23.375 75.875 -0.6764
23.375 76.125 0.10781
23.375 76.375 -0.086168
23.375 76.625 -0.65587
23.375 76.875 -0.88566
23.375 77.125 -0.43083
23.375 77.375 -0.6396
23.375 77.625 -0.96412
23.375 77.875 -0.41581
23.375 78.125 -0.58172
23.375 78.375 -0.73462
23.375 78.625 -0.65805
23.375 78.875 0.12875
23.375 79.125 0.1095
23.375 79.375 -0.22083
23.375 79.625 0.88931
23.375 79.875 0.35881
23.375 80.125 -0.023167
23.375 80.375 0.61879
23.375 80.625 1.3477
23.375 80.875 1.3334
23.375 81.125 1.1402
23.375 81.375 0.79742
23.375 81.625 0.1625
23.375 81.875 -0.055897
23.375 82.125 0.13647
23.375 82.375 1.2439
23.375 82.625 0.44423
23.375 82.875 -0.15857
23.375 83.125 0.82745
23.375 83.375 1.9468
23.375 83.625 2.4607
23.375 83.875 1.3587
23.375 84.125 -1.2909
23.375 84.375 -0.49061
23.375 84.625 -1.0395
23.375 84.875 -0.2291
23.375 85.125 0.59819
23.375 85.375 0.72291
23.375 85.625 0.62765
23.375 85.875 -0.37067
23.375 86.125 -1.0798
23.375 86.375 0.3424
23.375 86.625 0.55246
23.375 86.875 0.95713
23.375 87.125 0.76135
23.375 87.375 -0.15088
23.375 87.625 -1.0837
23.375 87.875 -0.93466
23.375 88.125 -0.65784
23.375 88.375 -0.50175
23.375 88.625 -0.35679
23.375 91.375 -0.999
23.375 91.625 -0.65466
23.375 92.625 -0.28413
23.375 92.875 -0.5684
23.375 93.125 -1.4744
23.625 68.625 -0.29125
23.625 68.875 -0.32419
23.625 69.125 -0.34601
23.625 69.375 -0.19922
23.625 69.625 -0.086756
23.625 69.875 -0.13492
23.625 70.125 -0.045305
23.625 70.375 0.12863
23.625 70.625 0.40656
23.625 70.875 0.85233
23.625 71.125 0.72107
23.625 71.375 0.78968
23.625 71.625 -0.34919
23.625 71.875 -0.41981
23.625 72.125 -0.56425
23.625 72.375 -0.46094
23.625 72.625 -0.27734
23.625 72.875 -0.48638
23.625 73.125 -0.63453
23.625 73.375 -0.62709
23.625 73.625 -0.63752
23.625 73.875 -0.29631
23.625 74.125 0.39363
23.625 74.375 0.059799
23.625 74.625 -0.55022
23.625 74.875 -0.51432
23.625 75.125 -0.83499
23.625 75.375 -0.10884
23.625 75.625 -0.19494
23.625 75.875 0.36188
23.625 76.125 0.65712
23.625 76.375 0.51544
23.625 76.625 -0.50037
23.625 76.875 -1.4365
23.625 77.125 -0.52353
23.625 77.375 -0.69188
23.625 77.625 -0.72847
23.625 77.875 -0.61402
23.625 78.125 -0.60892
23.625 78.375 -0.52908
23.625 78.625 0.1083
23.625 78.875 0.26235
23.625 79.125 0.35528
23.625 79.375 0.15545
23.625 79.625 0.16845
23.625 79.875 0.86423
23.625 80.125 0.068767
23.625 80.375 0.70937
23.625 80.625 1.5618
23.625 80.875 1.6065
23.625 81.125 0.63883
23.625 81.375 0.87708
23.625 81.625 1.0968
23.625 81.875 0.80035
23.625 82.125 0.067763
23.625 82.375 0.87586
23.625 82.625 1.2226
23.625 82.875 1.0023
23.625 83.125 1.1868
23.625 83.375 0.94713
23.625 83.625 0.97093
23.625 83.875 -0.0091916
23.625 84.125 0.22936
23.625 84.375 0.71272
23.625 84.625 0.58432
23.625 84.875 0.043221
23.625 85.125 -0.046797
23.625 85.375 0.51444
23.625 85.625 0.48692
23.625 85.875 2.1466
23.625 86.125 -2.3295
23.625 86.375 0.41438
23.625 86.625 1.066
23.625 86.875 -0.37986
23.625 87.125 0.10086
23.625 87.375 -1.3776
23.625 87.625 -0.057298
23.625 87.875 -1.1243
23.625 88.125 -0.82093
23.625 88.375 -0.66428
23.625 91.375 -0.99334
23.625 91.625 -0.50017
23.625 91.875 -0.058819
23.625 92.375 -0.4411
23.625 92.625 -0.3315
23.625 92.875 -0.81621
23.625 93.125 -1.8212
23.875 68.875 -0.53469
23.875 69.125 -0.5091
23.875 69.375 -0.35276
23.875 69.625 -0.2749
23.875 69.875 -0.0030539
23.875 70.125 -0.025765
23.875 70.375 0.061022
23.875 70.625 0.1314
23.875 70.875 0.45576
23.875 71.125 0.05447
23.875 71.375 0.68315
23.875 71.625 0.76152
23.875 71.875 -0.20198
23.875 72.125 -0.3673
23.875 72.375 -0.27421
23.875 72.625 -0.48744
23.875 72.875 -0.49403
23.875 73.125 -0.62939
23.875 73.375 -0.039825
23.875 73.625 0.02226
23.875 73.875 0.34097
23.875 74.125 -0.15391
23.875 74.375 0.029246
23.875 74.625 -0.14738
23.875 74.875 -0.06176
23.875 75.125 -0.25629
23.875 75.375 0.22318
23.875 75.625 -0.18135
23.875 75.875 0.50627
23.875 76.125 1.2354
23.875 76.375 0.9632
23.875 76.625 -0.10656
23.875 76.875 0.11334
23.875 77.125 0.39797
23.875 77.375 -0.38159
23.875 77.625 -0.35331
23.875 77.875 -0.17066
23.875 78.125 -0.12338
23.875 78.375 -0.089193
23.875 78.625 0.029199
23.875 78.875 0.46156
23.875 79.125 0.70125
23.875 79.375 1.0557
23.875 79.625 0.34022
23.875 79.875 0.53006
23.875 80.125 0.86222
23.875 80.375 0.25407
23.875 80.625 0.80765
23.875 80.875 0.61851
23.875 81.125 0.029217
23.875 81.375 0.70752
23.875 81.625 1.367
23.875 81.875 1.2065
23.875 82.125 0.26916
23.875 82.375 1.0055
23.875 82.625 0.76721
23.875 82.875 0.65547
23.875 83.125 -0.20136
23.875 83.375 -0.37639
23.875 83.625 0.074583
23.875 83.875 0.22284
23.875 84.125 0.048625
23.875 84.375 -0.31191
23.875 84.625 -0.88675
23.875 84.875 -0.72453
23.875 85.125 -1.5002
23.875 85.375 -0.79065
23.875 85.625 -0.09322
23.875 85.875 -0.71928
23.875 86.125 -0.63281
23.875 86.375 0.7854
23.875 86.625 0.20447
23.875 86.875 -0.25526
23.875 87.125 0.15308
23.875 87.375 -0.62764
23.875 87.625 -0.61334
23.875 87.875 -0.6752
23.875 88.125 -0.85559
23.875 88.375 -0.93126
23.875 91.375 -0.19902
23.875 91.625 -0.15256
23.875 91.875 0.22049
23.875 92.125 0.14558
23.875 92.375 -0.19984
23.875 92.625 -0.39147
23.875 92.875 -1.6003
23.875 93.125 -2.2697
23.875 93.375 -2.0969
24.125 68.875 -0.32578
24.125 69.125 -0.5135
24.125 69.375 -0.23848
24.125 69.625 -0.057129
24.125 69.875 -0.03129
24.125 70.125 0.047207
24.125 70.375 0.058754
24.125 70.625 -0.18119
24.125 70.875 -0.26245
24.125 71.125 -0.30227
24.125 71.375 -0.4456
24.125 71.625 -0.48531
24.125 71.875 -0.44759
24.125 72.125 -0.21742
24.125 72.375 -0.25015
24.125 72.625 0.060032
24.125 72.875 -0.23928
24.125 73.125 -0.50388
24.125 73.375 -0.51378
24.125 73.625 0.27767
24.125 73.875 0.12048
24.125 74.125 -0.11652
24.125 74.375 -0.020921
24.125 74.625 0.30604
24.125 74.875 -0.047779
24.125 75.125 -0.72802
24.125 75.375 -0.029671
24.125 75.625 0.053924
24.125 75.875 0.12985
24.125 76.125 -0.084246
24.125 76.375 0.49781
24.125 76.625 0.55746
24.125 76.875 0.4844
24.125 77.125 0.021944
24.125 77.375 -0.25905
24.125 77.625 -0.50155
24.125 77.875 -0.037619
24.125 78.125 0.31878
24.125 78.375 0.5015
24.125 78.625 0.064104
24.125 78.875 0.06636
24.125 79.125 0.30386
24.125 79.375 0.77919
24.125 79.625 0.018059
24.125 79.875 0.87632
24.125 80.125 0.97478
24.125 80.375 0.17805
24.125 80.625 1.0973
24.125 80.875 1.2493
24.125 81.125 -0.18323
24.125 81.375 0.45603
24.125 81.625 0.76517
24.125 81.875 0.47019
24.125 82.125 0.83501
24.125 82.375 0.77525
24.125 82.625 0.30289
24.125 82.875 0.073542
24.125 83.125 -0.24425
24.125 83.375 -1.327
24.125 83.625 -1.3244
24.125 83.875 -0.26937
24.125 84.125 0.11741
24.125 84.375 -0.22906
24.125 84.625 -0.76758
24.125 84.875 -1.4563
24.125 85.125 -1.6256
24.125 85.375 -0.99842
24.125 85.625 -1.333
24.125 85.875 -0.73305
24.125 86.125 -0.16602
24.125 86.375 -0.58315
24.125 86.625 -0.1959
24.125 86.875 -0.36362
24.125 87.125 -0.65677
24.125 87.375 -0.23461
24.125 87.625 -0.52619
24.125 87.875 -0.55303
24.125 88.125 -0.77284
24.125 88.375 -0.80617
24.125 91.875 0.4138
24.125 92.125 0.31085
24.125 92.375 0.38987
24.125 92.625 -0.15956
24.125 92.875 -1.3175
24.125 93.125 -2.281
24.125 93.375 -1.3653
24.125 93.625 -1.0654
24.125 93.875 -1.0895
24.125 94.125 -0.96224
24.375 71.375 -0.67128
24.375 71.625 -0.54689
24.375 71.875 -0.65517
24.375 72.125 -0.45319
24.375 72.375 -0.61256
24.375 72.625 -0.13905
24.375 72.875 -0.47402
24.375 73.125 -0.58688
24.375 73.375 -0.71664
24.375 73.625 -0.82731
24.375 73.875 -0.60584
24.375 74.125 -0.67368
24.375 74.375 -0.15146
24.375 74.625 -0.2915
24.375 74.875 -0.57866
24.375 75.125 -0.6083
24.375 75.375 -0.21978
24.375 75.625 0.01882
24.375 75.875 0.6213
24.375 76.125 -0.9367
24.375 76.375 -0.21349
24.375 76.625 0.33859
24.375 76.875 0.67746
24.375 77.125 0.1284
24.375 77.375 -0.042208
24.375 77.625 -0.13241
24.375 77.875 0.21778
24.375 78.125 0.87771
24.375 78.375 0.82577
24.375 78.625 -0.16092
24.375 78.875 0.37915
24.375 79.125 0.27061
24.375 79.375 0.2217
24.375 79.625 0.57511
24.375 79.875 0.71097
24.375 80.125 0.76162
24.375 80.375 1.7918
24.375 80.625 1.9487
24.375 80.875 0.69536
24.375 81.125 0.35905
24.375 81.375 0.31353
24.375 81.625 0.89521
24.375 81.875 1.5734
24.375 82.125 0.72097
24.375 82.375 0.66377
24.375 82.625 0.48375
24.375 82.875 0.4393
24.375 83.125 0.071305
24.375 83.375 -0.31404
24.375 83.625 -0.79573
24.375 83.875 -0.12586
24.375 84.125 0.17294
24.375 84.375 0.68475
24.375 84.625 -0.32288
24.375 84.875 -0.69342
24.375 85.125 -0.56303
24.375 85.375 -0.67578
24.375 85.625 -1.0266
24.375 85.875 -1.1714
24.375 86.125 -1.1418
24.375 86.375 -1.2647
24.375 86.625 -0.25814
24.375 86.875 -0.50149
24.375 87.125 -0.94314
24.375 87.375 -1.4076
24.375 87.625 -0.89912
24.375 87.875 -1.1073
24.375 88.125 -0.93803
24.375 92.375 -0.056792
24.375 92.625 -0.7062
24.375 92.875 -1.6399
24.375 93.125 -2.3413
24.375 93.375 -1.61
24.375 93.625 -1.4137
24.375 93.875 -1.1278
24.375 94.125 -0.53764
24.625 71.125 -0.94525
24.625 71.375 -0.81026
24.625 71.625 -0.78211
24.625 71.875 -1.0016
24.625 72.125 -1.0738
24.625 72.375 -0.8204
24.625 72.625 -0.72273
24.625 72.875 -0.7125
24.625 73.125 -0.67911
24.625 73.375 -0.41694
24.625 73.625 -0.79087
24.625 73.875 -0.84715
24.625 74.125 -0.73777
24.625 74.375 -0.35393
24.625 74.625 -0.21057
24.625 74.875 -0.59807
24.625 75.125 -0.90083
24.625 75.375 -0.5685
24.625 75.625 -0.24702
24.625 75.875 -0.20626
24.625 76.125 -0.5754
24.625 76.375 -0.2027
24.625 76.625 -0.2505
24.625 76.875 0.24571
24.625 77.125 0.17532
24.625 77.375 -0.024278
24.625 77.625 -0.22817
24.625 77.875 0.46517
24.625 78.125 0.9747
24.625 78.375 0.63201
24.625 78.625 0.21367
24.625 78.875 0.42397
24.625 79.125 0.36248
24.625 79.375 0.45288
24.625 79.625 0.83493
24.625 79.875 1.2572
24.625 80.125 1.2017
24.625 80.375 2.2532
24.625 80.625 2.6415
24.625 80.875 -0.74417
24.625 81.125 -0.55744
24.625 81.375 1.8079
24.625 81.625 1.8183
24.625 81.875 1.818
24.625 82.125 -0.32686
24.625 82.375 0.26721
24.625 82.625 0.82707
24.625 82.875 0.70472
24.625 83.125 0.033245
24.625 83.375 -0.44412
24.625 83.625 0.044929
24.625 83.875 -0.74909
24.625 84.125 0.71932
24.625 84.375 0.58241
24.625 84.625 -1.2136
24.625 84.875 -0.67064
24.625 85.125 -0.91759
24.625 85.375 -0.55735
24.625 85.625 -2.1029
24.625 85.875 -1.0304
24.625 86.125 -1.3265
24.625 86.375 -0.67005
24.625 86.625 0.31077
24.625 86.875 -0.35216
24.625 87.125 -1.8514
24.625 87.375 -1.9746
24.625 87.625 -1.3576
24.625 87.875 -1.0683
24.625 92.375 -0.81212
24.625 92.625 -1.183
24.625 92.875 -2.0041
24.625 93.125 -1.3787
24.625 93.375 -0.81582
24.625 93.625 -1.5846
24.625 93.875 -0.90642
24.625 94.125 -0.38127
24.625 94.375 -0.30208
24.875 71.125 -0.73574
24.875 71.375 -1.0294
24.875 71.625 -1.1537
24.875 71.875 -1.3621
24.875 72.125 -1.0938
24.875 72.375 -1.0898
24.875 72.625 -1.1457
24.875 72.875 -1.2725
24.875 73.125 -1.5337
24.875 73.375 -1.0357
24.875 73.625 -0.85328
24.875 73.875 -0.43882
24.875 74.125 -0.43754
24.875 74.375 -0.45014
24.875 74.625 -0.13184
24.875 74.875 -0.66834
24.875 75.125 -1.0566
24.875 75.375 -1.1034
24.875 75.625 -0.61235
24.875 75.875 -0.32436
24.875 76.125 -0.66403
24.875 76.375 -0.28754
24.875 76.625 0.053677
24.875 76.875 0.37808
24.875 77.125 0.43237
24.875 77.375 0.61269
24.875 77.625 0.0071679
24.875 77.875 0.258
24.875 78.125 0.93112
24.875 78.375 0.27619
24.875 78.625 -0.021081
24.875 78.875 2.039
24.875 79.125 1.1332
24.875 79.375 1.1639
24.875 79.625 1.2097
24.875 79.875 2.0162
24.875 80.125 1.5768
24.875 80.375 1.9657
24.875 80.625 2.036
24.875 80.875 0.13951
24.875 81.125 -0.057717
24.875 81.375 -0.21359
24.875 81.625 1.6799
24.875 81.875 0.84994
24.875 82.125 -0.3012
24.875 82.375 -0.51369
24.875 82.625 1.2584
24.875 82.875 -0.63877
24.875 83.125 -0.79682
24.875 83.375 -0.82009
24.875 83.625 -0.21577
24.875 83.875 -0.74939
24.875 84.125 -0.61674
24.875 84.375 -1.2945
24.875 84.625 -1.5932
24.875 84.875 -0.93936
24.875 85.125 -0.62118
24.875 85.375 -0.92265
24.875 85.625 -0.27926
24.875 85.875 -0.51826
24.875 86.125 -1.3234
24.875 86.375 -0.42445
24.875 86.625 -0.27063
24.875 86.875 -1.1631
24.875 87.125 -1.8108
24.875 87.375 -1.5809
24.875 87.625 -0.70104
24.875 87.875 -0.78705
24.875 88.125 -0.49674
24.875 92.625 -0.52429
24.875 92.875 -0.8596
24.875 93.125 0.13353
24.875 93.375 -1.5368
24.875 93.625 -0.83605
24.875 93.875 -0.21912
24.875 94.125 -0.56699
24.875 94.375 -0.2836
25.125 71.125 -0.71002
25.125 71.375 -1.0631
25.125 71.625 -1.3159
25.125 71.875 -1.6009
25.125 72.125 -1.1566
25.125 72.375 -0.51121
25.125 72.625 -0.79134
25.125 72.875 -1.2958
25.125 73.125 -1.2757
25.125 73.375 -1.0006
25.125 73.625 -0.58408
25.125 73.875 -1.0143
25.125 74.125 -0.76178
25.125 74.375 -0.72271
25.125 74.625 -0.3849
25.125 74.875 -0.35817
25.125 75.125 -0.69578
25.125 75.375 0.07091
25.125 75.625 -0.094288
25.125 75.875 -0.8461
25.125 76.125 -0.8087
25.125 76.375 -0.50521
25.125 76.625 0.14365
25.125 76.875 0.4463
25.125 77.125 0.30658
25.125 77.375 0.1985
25.125 77.625 0.81524
25.125 77.875 0.94124
25.125 78.125 1.1661
25.125 78.375 0.62536
25.125 78.625 0.23298
25.125 78.875 0.34718
25.125 79.125 1.2298
25.125 79.375 1.6876
25.125 79.625 1.1356
25.125 79.875 2.6528
25.125 80.125 1.623
25.125 80.375 1.9129
25.125 80.625 2.1803
25.125 80.875 1.0118
25.125 81.125 -0.75101
25.125 81.375 0.30827
25.125 81.625 -0.43329
25.125 81.875 0.14872
25.125 82.125 0.077648
25.125 82.375 1.1406
25.125 82.625 0.97771
25.125 82.875 -0.1552
25.125 83.125 -1.0814
25.125 83.375 -0.90846
25.125 83.625 0.1924
25.125 83.875 -0.31202
25.125 84.125 -0.27068
25.125 84.375 -0.84573
25.125 84.625 -1.29
25.125 84.875 -1.0478
25.125 85.125 -0.38219
25.125 85.375 -1.0588
25.125 85.625 0.59321
25.125 85.875 0.31211
25.125 86.125 -0.49243
25.125 86.375 0.044539
25.125 86.625 -0.0084571
25.125 86.875 -1.1195
25.125 87.125 -0.98184
25.125 87.375 -1.1739
25.125 87.625 -0.86243
25.125 87.875 -0.66087
25.125 88.125 -0.38423
25.125 88.375 -0.4833
25.125 92.375 -0.95279
25.125 92.625 -0.54904
25.125 92.875 -0.18498
25.125 93.125 0.13939
25.125 93.375 -1.1629
25.125 93.625 -0.96621
25.125 93.875 -0.58535
25.125 94.125 -0.49187
25.125 94.375 -0.3901
25.375 70.875 -0.448
25.375 71.125 -0.69575
25.375 71.375 -0.86742
25.375 71.625 -1.271
25.375 71.875 -1.5399
25.375 72.125 -0.75005
25.375 72.375 -0.5211
25.375 72.625 -0.77277
25.375 72.875 -0.95252
25.375 73.125 -1.0334
25.375 73.375 -0.78321
25.375 73.625 -0.34037
25.375 73.875 -0.83853
25.375 74.125 -0.77653
25.375 74.375 -0.88801
25.375 74.625 -0.56361
25.375 74.875 -0.56778
25.375 75.125 -0.44838
25.375 75.375 0.058068
25.375 75.625 0.5501
25.375 75.875 -0.12187
25.375 76.125 -0.16023
25.375 76.375 -0.028097
25.375 76.625 -0.18786
25.375 76.875 -0.03626
25.375 77.125 0.94708
25.375 77.375 0.88414
25.375 77.625 0.92457
25.375 77.875 1.3985
25.375 78.125 1.0106
25.375 78.375 1.0525
25.375 78.625 -0.45015
25.375 78.875 -0.81009
25.375 79.125 1.3474
25.375 79.375 3.1465
25.375 79.625 1.7724
25.375 79.875 2.6293
25.375 80.125 2.5982
25.375 80.375 3.4197
25.375 80.625 2.4942
25.375 80.875 -0.99233
25.375 81.125 -0.7924
25.375 81.375 1.0976
25.375 81.625 1.2169
25.375 81.875 -0.78258
25.375 82.125 -1.1922
25.375 82.375 -1.6107
25.375 82.625 -1.27
25.375 82.875 -0.79974
25.375 83.125 -0.90582
25.375 83.375 0.81045
25.375 83.625 0.29952
25.375 83.875 0.32712
25.375 84.125 0.026862
25.375 84.375 -0.55641
25.375 84.625 -0.63974
25.375 84.875 -0.14099
25.375 85.125 -0.65583
25.375 85.375 -1.3163
25.375 85.625 -0.48839
25.375 85.875 1.3405
25.375 86.125 1.2207
25.375 86.375 0.56371
25.375 86.625 -0.3327
25.375 86.875 -0.49884
25.375 87.125 -0.99155
25.375 87.375 -1.0656
25.375 87.625 -0.33027
25.375 87.875 -0.63428
25.375 88.125 -0.47743
25.375 88.375 -0.67881
25.375 88.625 -0.83411
25.375 90.125 -0.81104
25.375 90.375 -0.90597
25.375 90.625 -0.47015
25.375 90.875 -0.62616
25.375 91.125 -0.35248
25.375 91.375 0.0030975
25.375 91.625 -0.55624
25.375 91.875 -0.55868
25.375 92.125 -0.59245
25.375 92.375 -0.50554
25.375 92.625 -0.88151
25.375 92.875 -0.12113
25.375 93.125 -0.69317
25.375 93.375 -0.9687
25.375 93.625 -0.28951
25.375 93.875 -0.57661
25.375 94.125 -0.34556
25.375 94.375 0.32191
25.625 70.875 -0.62331
25.625 71.125 -0.81324
25.625 71.375 -0.85796
25.625 71.625 -1.079
25.625 71.875 -0.88174
25.625 72.125 -0.59849
25.625 72.375 -0.59702
25.625 72.625 -0.83364
25.625 72.875 -0.82308
25.625 73.125 -0.90023
25.625 73.375 -0.90379
25.625 73.625 -0.74308
25.625 73.875 -0.25225
25.625 74.125 0.088688
25.625 74.375 -0.67321
25.625 74.625 -0.47749
25.625 74.875 0.52737
25.625 75.125 -0.33903
25.625 75.375 -0.23593
25.625 75.625 0.67591
25.625 75.875 0.12414
25.625 76.125 -0.010571
25.625 76.375 -0.058098
25.625 76.625 -0.31427
25.625 76.875 0.25119
25.625 77.125 1.3785
25.625 77.375 1.2909
25.625 77.625 0.64456
25.625 77.875 0.38206
25.625 78.125 0.64993
25.625 78.375 0.32066
25.625 78.625 0.13881
25.625 78.875 -0.35179
25.625 79.125 2.4783
25.625 79.375 3.043
25.625 79.625 1.8915
25.625 79.875 1.5337
25.625 80.125 2.5395
25.625 80.375 2.5434
25.625 80.625 -0.54819
25.625 80.875 -1.0606
25.625 81.125 0.81236
25.625 81.375 1.1279
25.625 81.625 -0.27538
25.625 81.875 -0.36743
25.625 82.125 -1.1061
25.625 82.375 -0.25503
25.625 82.625 -1.2382
25.625 82.875 -0.93376
25.625 83.125 -0.56487
25.625 83.375 0.85178
25.625 83.625 0.60785
25.625 83.875 -0.27388
25.625 84.125 -1.2239
25.625 84.375 -1.1451
25.625 84.625 -0.12188
25.625 84.875 -0.35673
25.625 85.125 -1.0921
25.625 85.375 -0.94091
25.625 85.625 -0.60061
25.625 85.875 -0.75211
25.625 86.125 -0.75856
25.625 86.375 -0.75355
25.625 86.625 -0.65099
25.625 86.875 -0.53485
25.625 87.125 -0.81534
25.625 87.375 -1.255
25.625 87.625 -1.0496
25.625 87.875 -1.0259
25.625 88.125 -1.1055
25.625 90.125 -0.31106
25.625 90.375 -0.8259
25.625 90.625 -1.0883
25.625 90.875 0.097504
25.625 91.125 1.3922
25.625 91.375 0.58833
25.625 91.625 0.018644
25.625 91.875 -0.44787
25.625 92.125 -0.49308
25.625 92.375 -0.26575
25.625 92.625 -1.257
25.625 92.875 -0.40434
25.625 93.125 -0.7516
25.625 93.375 -0.81112
25.625 93.625 -0.58219
25.625 93.875 0.65961
25.625 94.125 1.4563
25.625 94.375 1.5794
25.625 94.625 2.029
25.625 94.875 2.1605
25.875 70.375 -0.40517
25.875 70.625 -0.49751
25.875 70.875 -0.71005
25.875 71.125 -0.66748
25.875 71.375 -0.93715
25.875 71.625 -0.95836
25.875 71.875 -0.61834
25.875 72.125 -0.43032
25.875 72.375 -0.59989
25.875 72.625 -1.0502
25.875 72.875 -0.85892
25.875 73.125 -0.81827
25.875 73.375 -0.80225
25.875 73.625 -0.68154
25.875 73.875 -0.54044
25.875 74.125 -0.27935
25.875 74.375 -0.38231
25.875 74.625 0.20169
25.875 74.875 -0.0054371
25.875 75.125 -0.76711
25.875 75.375 -1.0047
25.875 75.625 -0.40052
25.875 75.875 -0.15552
25.875 76.125 -0.32274
25.875 76.375 0.18362
25.875 76.625 -0.16954
25.875 76.875 0.00074147
25.875 77.125 0.5757
25.875 77.375 0.76103
25.875 77.625 0.76656
25.875 77.875 -0.18594
25.875 78.125 0.98293
25.875 78.375 1.2095
25.875 78.625 1.0901
25.875 78.875 0.38466
25.875 79.125 0.77987
25.875 79.375 0.46299
25.875 79.625 0.31655
25.875 79.875 1.3514
25.875 80.125 0.7638
25.875 80.375 0.35791
25.875 80.625 -0.7096
25.875 80.875 -1.0917
25.875 81.125 -0.86041
25.875 81.375 1.3306
25.875 81.625 -0.16795
25.875 81.875 0.22879
25.875 82.125 -1.1025
25.875 82.375 -0.42398
25.875 82.625 -0.50771
25.875 82.875 0.47101
25.875 83.125 -0.99695
25.875 83.375 -0.99296
25.875 83.625 0.20414
25.875 83.875 -0.93115
25.875 84.125 0.45927
25.875 84.375 -1.4088
25.875 84.625 -0.52221
25.875 84.875 -1.3461
25.875 85.125 -0.60696
25.875 85.375 -0.98914
25.875 85.625 -0.61625
25.875 85.875 -0.71765
25.875 86.125 -0.90537
25.875 86.375 -0.67507
25.875 86.625 -0.0032221
25.875 86.875 -0.22318
25.875 87.125 -1.0641
25.875 87.375 -1.4291
25.875 87.625 -1.9459
25.875 87.875 -1.3904
25.875 90.125 -0.84258
25.875 90.375 -1.1709
25.875 90.625 -0.93176
25.875 90.875 -0.53669
25.875 91.125 0.23436
25.875 91.375 0.11132
25.875 91.625 -0.86674
25.875 91.875 -0.80643
25.875 92.125 -0.31193
25.875 92.375 -0.41881
25.875 92.625 -0.76249
25.875 92.875 -0.74815
25.875 93.125 -1.7317
25.875 93.375 -1.6813
25.875 93.625 -0.84239
25.875 93.875 2.108
25.875 94.125 2.4664
25.875 94.375 2.0376
25.875 94.625 1.9642
25.875 94.875 1.866
26.125 70.375 -0.51267
26.125 70.625 -0.86019
26.125 70.875 -1.016
26.125 71.125 -1.0654
26.125 71.375 -1.0373
26.125 71.625 -0.78714
26.125 71.875 -0.58007
26.125 72.125 -0.38761
26.125 72.375 -0.73074
26.125 72.625 -0.90632
26.125 72.875 -0.881
26.125 73.125 -0.92266
26.125 73.375 -0.83843
26.125 73.625 -0.2096
26.125 73.875 -0.25504
26.125 74.125 -0.64093
26.125 74.375 -0.46651
26.125 74.625 -0.70105
26.125 74.875 -0.21913
26.125 75.125 -0.025904
26.125 75.375 -0.68255
26.125 75.625 -0.63004
26.125 75.875 -0.72801
26.125 76.125 -0.7487
26.125 76.375 -0.06582
26.125 76.625 0.23818
26.125 76.875 -0.23319
26.125 77.125 0.8211
26.125 77.375 0.15712
26.125 77.625 0.35911
26.125 77.875 0.054997
26.125 78.125 0.67573
26.125 78.375 2.1969
26.125 78.625 1.5703
26.125 78.875 1.6163
26.125 79.125 1.4407
26.125 79.375 1.1425
26.125 79.625 -0.43682
26.125 79.875 -0.11741
26.125 80.125 1.109
26.125 80.375 0.34364
26.125 80.625 -1.2341
26.125 80.875 1.4899
26.125 81.125 0.39263
26.125 81.375 -1.1518
26.125 81.625 0.69584
26.125 81.875 0.44168
26.125 82.125 -0.55236
26.125 82.375 -0.73765
26.125 82.625 -0.20402
26.125 82.875 0.12797
26.125 83.125 -1.0764
26.125 83.375 -1.5482
26.125 83.625 -1.6717
26.125 83.875 -0.21426
26.125 84.125 0.53243
26.125 84.375 -0.98333
26.125 84.625 -0.68292
26.125 84.875 -1.4239
26.125 85.125 0.2877
26.125 85.375 -1.3729
26.125 85.625 -0.49779
26.125 85.875 1.999
26.125 86.125 -0.63096
26.125 86.375 -0.88793
26.125 86.625 -0.39505
26.125 86.875 -0.39602
26.125 87.125 -0.70082
26.125 87.375 -1.244
26.125 87.625 -0.81237
26.125 87.875 -0.657
26.125 88.125 -0.61863
26.125 89.375 -1.1978
26.125 89.875 -0.82833
26.125 90.125 -0.79446
26.125 90.375 -0.89162
26.125 90.625 -1.2936
26.125 90.875 -0.98514
26.125 91.125 -0.83776
26.125 91.375 -0.41113
26.125 91.625 -1.2896
26.125 91.875 -1.0626
26.125 92.125 -0.37744
26.125 92.375 0.0041185
26.125 92.625 0.010992
26.125 92.875 -0.93592
26.125 93.125 -1.4162
26.125 93.375 -0.37336
26.125 93.625 0.007943
26.125 93.875 2.8112
26.125 94.125 2.6741
26.125 94.375 1.8868
26.125 94.625 1.3729
26.125 94.875 1.1711
26.375 70.375 -0.89467
26.375 70.625 -1.0715
26.375 70.875 -1.126
26.375 71.125 -1.1706
26.375 71.375 -1.1576
26.375 71.625 -0.77842
26.375 71.875 -0.57059
26.375 72.125 -0.45139
26.375 72.375 -0.75417
26.375 72.625 -1.2314
26.375 72.875 -0.88742
26.375 73.125 -1.0647
26.375 73.375 -0.97626
26.375 73.625 -0.34747
26.375 73.875 -0.211
26.375 74.125 -0.54341
26.375 74.375 0.23385
26.375 74.625 -1.2551
26.375 74.875 -0.7225
26.375 75.125 -0.40634
26.375 75.375 -0.22204
26.375 75.625 -0.54813
26.375 75.875 -0.38683
26.375 76.125 -0.1487
26.375 76.375 -0.16636
26.375 76.625 0.26292
26.375 76.875 0.0088903
26.375 77.125 0.13678
26.375 77.375 0.91673
26.375 77.625 0.42704
26.375 77.875 -0.61098
26.375 78.125 0.27821
26.375 78.375 0.079197
26.375 78.625 1.2528
26.375 78.875 1.591
26.375 79.125 1.507
26.375 79.375 -0.70207
26.375 79.625 -0.90161
26.375 79.875 1.8096
26.375 80.125 2.2577
26.375 80.375 0.11193
26.375 80.625 -0.18484
26.375 80.875 0.39764
26.375 81.125 -0.5489
26.375 81.375 -1.6111
26.375 81.625 -1.4988
26.375 81.875 -1.0334
26.375 82.125 -0.60769
26.375 82.375 -0.06506
26.375 82.625 -0.75508
26.375 82.875 0.034094
26.375 83.125 -0.563
26.375 83.375 -0.71218
26.375 83.625 -0.6567
26.375 83.875 -0.4518
26.375 84.125 -0.17114
26.375 84.375 -0.60848
26.375 84.625 -1.0164
26.375 84.875 -1.4003
26.375 85.125 -0.85649
26.375 85.375 -1.1558
26.375 85.625 -0.83646
26.375 85.875 -0.50365
26.375 86.125 -0.77338
26.375 86.375 -1.7309
26.375 86.625 -1.6698
26.375 86.875 -0.69383
26.375 87.125 -0.99868
26.375 87.625 -1.3417
26.375 87.875 -1.3209
26.375 88.125 -0.87676
26.375 88.375 -0.66884
26.375 88.875 -0.39019
26.375 89.375 -0.94624
26.375 89.625 -1.0668
26.375 89.875 -1.12
26.375 90.125 -0.77394
26.375 90.375 -0.75828
26.375 90.625 -1.1772
26.375 90.875 -1.1313
26.375 91.125 -1.946
26.375 91.375 -1.0306
26.375 91.625 -1.2907
26.375 91.875 -1.3463
26.375 92.125 -0.63939
26.375 92.375 0.099536
26.375 92.625 -0.020813
26.375 92.875 -0.63268
26.375 93.125 -0.92952
26.375 93.375 -0.85634
26.375 93.625 -0.2357
26.375 93.875 1.8575
26.375 94.125 2.1851
26.375 94.375 0.82755
26.375 94.625 0.52325
26.375 94.875 0.071867
26.625 69.875 -0.78379
26.625 70.125 -0.75456
26.625 70.375 -0.77375
26.625 70.625 -0.87847
26.625 70.875 -0.97847
26.625 71.125 -1.074
26.625 71.375 -0.82641
26.625 71.625 -0.76168
26.625 71.875 -0.71093
26.625 72.125 -0.5871
26.625 72.375 -1.0343
26.625 72.625 -1.1969
26.625 72.875 -1.1206
26.625 73.125 -0.77871
26.625 73.375 -0.96828
26.625 73.625 -0.43928
26.625 73.875 -0.28361
26.625 74.125 -0.51797
26.625 74.375 -0.20188
26.625 74.625 -0.62468
26.625 74.875 -0.40833
26.625 75.125 -0.64204
26.625 75.375 0.023325
26.625 75.625 -0.07309
26.625 75.875 -0.47519
26.625 76.125 0.14077
26.625 76.375 -0.053114
26.625 76.625 -0.38069
26.625 76.875 -0.00024908
26.625 77.125 0.78874
26.625 77.375 1.0956
26.625 77.625 0.68605
26.625 77.875 -0.91221
26.625 78.125 0.039292
26.625 78.375 1.2564
26.625 78.625 1.7196
26.625 78.875 0.90984
26.625 79.125 -0.46335
26.625 79.375 0.80031
26.625 79.625 1.9006
26.625 79.875 0.71052
26.625 80.125 -0.52979
26.625 80.375 1.2833
26.625 80.625 0.23068
26.625 80.875 0.3917
26.625 81.125 0.70793
26.625 81.375 -0.4026
26.625 81.625 -0.81839
26.625 81.875 0.76851
26.625 82.125 -0.19387
26.625 82.375 1.0996
26.625 82.625 -1.6953
26.625 82.875 -0.14452
26.625 83.125 -0.17493
26.625 83.375 -0.90257
26.625 83.625 -0.88104
26.625 83.875 -0.93439
26.625 84.125 0.58568
26.625 84.375 -0.62574
26.625 84.625 -1.0367
26.625 84.875 -1.4081
26.625 85.125 -0.96037
26.625 85.375 -1.3125
26.625 85.625 -1.0589
26.625 86.125 -1.3337
26.625 88.375 -1.7011
26.625 88.625 -0.088853
26.625 88.875 -0.54703
26.625 89.125 -0.81357
26.625 89.375 -1.1097
26.625 89.625 -1.1176
26.625 89.875 -1.3331
26.625 90.125 -1.4556
26.625 90.375 -1.6847
26.625 90.625 -1.6781
26.625 90.875 -1.4477
26.625 91.125 -1.364
26.625 91.375 -0.71117
26.625 91.625 -1.0183
26.625 91.875 -1.5372
26.625 92.125 -0.41829
26.625 92.375 -0.43608
26.625 92.625 -0.85017
26.625 92.875 -0.75279
26.625 93.125 -0.8183
26.625 93.375 -1.0251
26.625 93.625 -0.22044
26.625 93.875 -0.39787
26.625 94.125 -1.1306
26.625 94.375 -0.69439
26.625 94.625 -0.34956
26.625 94.875 0.24095
26.625 95.125 0.522
26.875 69.625 -0.75259
26.875 69.875 -0.78079
26.875 70.125 -0.75631
26.875 70.375 -0.76174
26.875 70.625 -0.82343
26.875 70.875 -0.92797
26.875 71.125 -1.0048
26.875 71.375 -0.88908
26.875 71.625 -0.63077
26.875 71.875 -0.64029
26.875 72.125 -0.20724
26.875 72.375 -0.42485
26.875 72.625 -0.68741
26.875 72.875 -0.18006
26.875 73.125 0.14728
26.875 73.375 -0.14504
26.875 73.625 0.010012
26.875 73.875 -0.067238
26.875 74.125 -0.41264
26.875 74.375 -0.096383
26.875 74.625 -0.080189
26.875 74.875 0.17481
26.875 75.125 -0.26468
26.875 75.375 -0.1274
26.875 75.625 -0.75348
26.875 75.875 -0.37572
26.875 76.125 0.31299
26.875 76.375 0.20302
26.875 76.625 -0.12655
26.875 76.875 0.19916
26.875 77.125 0.61014
26.875 77.375 0.021401
26.875 77.625 0.23094
26.875 77.875 0.0046734
26.875 78.125 -0.065228
26.875 78.375 0.52601
26.875 78.625 1.0448
26.875 78.875 1.101
26.875 79.125 2.0034
26.875 79.375 2.3897
26.875 79.625 1.9927
26.875 79.875 1.8991
26.875 80.125 -0.20825
26.875 80.375 0.65857
26.875 80.625 1.2165
26.875 80.875 0.47395
26.875 81.125 0.63801
26.875 81.375 0.43191
26.875 81.625 -0.78208
26.875 81.875 0.27392
26.875 82.125 0.51959
26.875 82.375 -1.3261
26.875 82.625 -1.1268
26.875 82.875 -0.19302
26.875 83.125 -0.50294
26.875 83.375 -1.3687
26.875 83.625 -1.0862
26.875 83.875 -0.84983
26.875 84.125 0.47031
26.875 84.375 -0.51468
26.875 84.625 -0.6504
26.875 84.875 -1.2221
26.875 88.375 -0.50705
26.875 88.625 -1.1854
26.875 88.875 -0.76882
26.875 92.375 -0.88455
26.875 92.625 -0.51287
26.875 92.875 -0.66419
26.875 93.125 -0.64252
26.875 93.375 -1.131
26.875 93.625 -1.6996
26.875 93.875 -1.744
26.875 94.125 -1.8073
26.875 94.375 -0.2775
26.875 94.625 -0.50753
26.875 94.875 -0.1465
26.875 95.125 0.021817
26.875 95.375 -0.0032323
26.875 95.625 -0.42619
27.125 69.875 -0.75118
27.125 70.125 -0.69568
27.125 70.375 -0.5871
27.125 70.625 -0.84982
27.125 70.875 -1.1721
27.125 71.125 -0.90884
27.125 71.375 -1.0322
27.125 71.625 -0.9442
27.125 71.875 -0.29482
27.125 72.125 -0.26016
27.125 72.375 -0.35531
27.125 72.625 -0.39202
27.125 72.875 -0.13464
27.125 73.125 0.028212
27.125 73.375 -0.025963
27.125 73.625 0.043338
27.125 73.875 0.41838
27.125 74.125 0.20651
27.125 74.375 -0.11101
27.125 74.625 -0.070569
27.125 74.875 -0.61091
27.125 75.125 -0.3557
27.125 75.375 -0.1056
27.125 75.625 0.31836
27.125 75.875 -0.055865
27.125 76.125 -0.11376
27.125 76.375 0.23748
27.125 76.625 0.28823
27.125 76.875 0.65586
27.125 77.125 0.56496
27.125 77.375 -0.12046
27.125 77.625 0.48914
27.125 77.875 -0.33581
27.125 78.125 1.0014
27.125 78.375 0.10428
27.125 78.625 -1.1524
27.125 78.875 0.37239
27.125 79.125 1.429
27.125 79.375 -0.043076
27.125 79.625 0.77066
27.125 79.875 1.8178
27.125 80.125 1.2575
27.125 80.375 1.4741
27.125 80.625 -0.031384
27.125 80.875 -1.1274
27.125 81.125 1.64
27.125 81.375 1.5443
27.125 81.625 0.41197
27.125 81.875 0.337
27.125 82.125 0.36808
27.125 82.375 -0.78641
27.125 82.625 0.32907
27.125 82.875 0.084128
27.125 83.125 -0.59428
27.125 83.375 0.18829
27.125 83.625 0.27812
27.125 83.875 -0.3317
27.125 84.125 -1.2641
27.125 84.375 -0.68203
27.125 84.625 -0.86354
27.125 88.125 0.60121
27.125 88.375 0.42957
27.125 88.625 -0.56326
27.125 92.125 -1.2805
27.125 92.375 0.12717
27.125 92.625 0.41804
27.125 92.875 -0.4296
27.125 93.125 -1.2613
27.125 93.375 -0.91517
27.125 93.625 -1.2346
27.125 93.875 0.0931
27.125 94.125 -0.39356
27.125 94.375 -0.30399
27.125 94.625 -1.3465
27.125 94.875 -1.2187
27.125 95.125 0.35691
27.125 95.375 0.01935
27.125 95.625 -0.83853
27.125 95.875 -1.1029
27.375 70.125 -0.61288
27.375 70.375 -0.59605
27.375 70.625 -0.99189
27.375 70.875 -0.79043
27.375 71.125 -0.96633
27.375 71.375 -1.0044
27.375 71.625 -1.0926
27.375 71.875 -0.43885
27.375 72.125 -0.40936
27.375 72.375 -0.34738
27.375 72.625 -0.60135
27.375 72.875 -0.45568
27.375 73.125 -0.10795
27.375 73.375 -0.098222
27.375 73.625 0.022021
27.375 73.875 0.13883
27.375 74.125 0.01803
27.375 74.375 -0.11566
27.375 74.625 0.02355
27.375 74.875 0.038009
27.375 75.125 -0.26945
27.375 75.375 -0.48946
27.375 75.625 0.45672
27.375 75.875 0.23021
27.375 76.125 -0.47662
27.375 76.375 -0.2139
27.375 76.625 -0.14782
27.375 76.875 0.49899
27.375 77.125 0.072487
27.375 77.375 -1.2999
27.375 77.625 -0.49977
27.375 77.875 0.081502
27.375 78.125 0.60117
27.375 78.375 -0.27114
27.375 78.625 0.15381
27.375 78.875 2.0125
27.375 79.125 2.4134
27.375 79.375 -0.47397
27.375 79.625 -0.52379
27.375 79.875 1.8285
27.375 80.125 0.17246
27.375 80.375 -0.28411
27.375 80.625 -1.1474
27.375 80.875 -1.5417
27.375 81.125 0.5423
27.375 81.375 0.65838
27.375 81.625 -1.1485
27.375 81.875 -0.10479
27.375 82.125 0.46536
27.375 82.375 -0.10369
27.375 82.625 0.45161
27.375 82.875 -0.36583
27.375 83.125 -0.60546
27.375 83.625 0.22383
27.375 84.125 -0.51211
27.375 84.375 -0.56084
27.375 88.125 1.5329
27.375 88.375 -0.55139
27.375 88.625 -1.3536
27.375 92.125 -1.1743
27.375 92.375 0.12729
27.375 92.625 -0.15976
27.375 92.875 -0.60833
27.375 93.125 -3.1547
27.375 93.375 -2.5078
27.375 93.625 -0.52393
27.375 93.875 -0.073036
27.375 94.125 0.24643
27.375 94.375 -1.0495
27.375 94.625 -0.78324
27.375 94.875 -0.45511
27.375 95.125 -0.28253
27.375 95.375 -0.40549
27.375 95.625 -1.2925
27.375 95.875 -1.3556
27.375 96.125 -2.0441
27.375 96.375 -1.1722
27.375 96.625 -0.8561
27.375 96.875 -0.91769
27.625 70.125 -0.59742
27.625 70.375 -0.64478
27.625 70.625 -0.71451
27.625 70.875 -0.87815
27.625 71.125 -1.1007
27.625 71.375 -0.96225
27.625 71.625 -0.90929
27.625 71.875 -0.45739
27.625 72.125 -0.27966
27.625 72.375 -0.3404
27.625 72.625 -0.53321
27.625 72.875 -0.54235
27.625 73.125 -0.55639
27.625 73.375 -0.084254
27.625 73.625 0.75183
27.625 73.875 0.29933
27.625 74.125 0.21838
27.625 74.375 0.046619
27.625 74.625 0.18313
27.625 74.875 0.28761
27.625 75.125 -0.2415
27.625 75.375 -0.056107
27.625 75.625 0.22704
27.625 75.875 -0.43762
27.625 76.125 -0.57522
27.625 76.375 -0.42176
27.625 76.625 0.63712
27.625 76.875 1.0007
27.625 77.125 -0.90336
27.625 77.375 -1.2569
27.625 77.625 -1.535
27.625 77.875 -0.87186
27.625 78.125 1.2302
27.625 78.375 0.56595
27.625 78.625 -0.47354
27.625 78.875 1.6155
27.625 79.125 1.4948
27.625 79.375 -0.55954
27.625 79.625 -0.22659
27.625 79.875 2.6106
27.625 80.125 1.7522
27.625 80.375 -0.10895
27.625 80.625 -0.56585
27.625 80.875 -0.43958
27.625 81.125 0.7294
27.625 81.375 1.1569
27.625 81.625 -0.11162
27.625 81.875 -0.24252
27.625 82.125 0.11174
27.625 82.375 0.0042609
27.625 82.625 0.17914
27.625 88.375 -0.28557
27.625 88.625 -0.77638
27.625 91.625 -1.0556
27.625 91.875 -1.337
27.625 92.125 -0.82165
27.625 92.375 -0.20769
27.625 92.625 -0.0059195
27.625 92.875 -0.97533
27.625 93.125 -2.3318
27.625 93.375 -2.1621
27.625 93.625 -1.6038
27.625 93.875 -2.3942
27.625 94.125 -1.6767
27.625 94.375 -0.96763
27.625 94.625 -1.4368
27.625 94.875 -1.617
27.625 95.125 -1.8141
27.625 95.375 -1.3068
27.625 95.625 -1.5902
27.625 95.875 -1.5422
27.625 96.125 -2.4672
27.625 96.375 -1.3756
27.625 96.625 -1.2512
27.625 96.875 -1.134
27.875 70.375 -0.57764
27.875 71.875 -0.68537
27.875 72.125 -0.60457
27.875 72.375 -0.64518
27.875 72.625 -0.45923
27.875 72.875 -0.58293
27.875 73.125 -0.43937
27.875 73.375 0.081311
27.875 73.625 0.97714
27.875 73.875 0.92284
27.875 74.125 0.056719
27.875 74.375 -0.11607
27.875 74.625 0.012188
27.875 74.875 0.090315
27.875 75.125 0.049519
27.875 75.375 0.2682
27.875 75.625 0.17168
27.875 75.875 -0.81716
27.875 76.125 -0.62
27.875 76.375 -0.0018881
27.875 76.625 -0.27279
27.875 76.875 0.00011978
27.875 77.125 0.1832
27.875 77.375 -0.66558
27.875 77.625 -1.7944
27.875 77.875 -0.38983
27.875 78.125 0.99489
27.875 78.375 1.9535
27.875 78.625 1.1241
27.875 78.875 0.46576
27.875 79.125 -0.050753
27.875 79.375 0.98698
27.875 79.625 1.9838
27.875 79.875 3.5019
27.875 80.125 3.0417
27.875 80.375 0.75131
27.875 80.625 -0.35466
27.875 80.875 -0.62262
27.875 81.125 0.645
27.875 81.375 1.6674
27.875 81.625 1.3176
27.875 88.375 0.14387
27.875 88.625 -0.1119
27.875 92.875 -1.0664
27.875 93.125 -2.0261
27.875 93.375 -2.6878
27.875 93.625 -2.1993
27.875 93.875 -3.0493
27.875 94.125 -2.4979
27.875 94.375 -1.7235
27.875 94.625 -1.4376
27.875 94.875 -1.1014
27.875 95.125 -1.2146
27.875 95.375 -2.2614
27.875 95.625 -1.7157
27.875 95.875 -2.3652
27.875 96.125 -1.5124
27.875 96.375 -1.6058
27.875 96.625 -1.3289
27.875 96.875 -1.0128
27.875 97.125 -1.0398
28.125 72.125 -0.88379
28.125 72.375 -0.97551
28.125 72.625 -0.45025
28.125 72.875 0.062229
28.125 73.125 0.67207
28.125 73.375 0.62274
28.125 73.625 0.62524
28.125 73.875 0.35538
28.125 74.125 -0.17338
28.125 74.375 -0.25805
28.125 74.625 -0.10829
28.125 74.875 0.034038
28.125 75.125 0.071355
28.125 75.375 0.13191
28.125 75.625 0.288
28.125 75.875 -0.3156
28.125 76.125 0.098046
28.125 76.375 -0.39188
28.125 76.625 0.53016
28.125 76.875 1.1294
28.125 77.125 -0.072831
28.125 77.375 -0.0347
28.125 77.625 -0.28023
28.125 77.875 0.067273
28.125 78.125 2.5725
28.125 78.375 2.3548
28.125 78.625 0.57725
28.125 78.875 1.8586
28.125 79.125 1.4175
28.125 79.375 0.56545
28.125 79.625 0.86259
28.125 79.875 2.4263
28.125 80.125 1.8729
28.125 80.375 1.4116
28.125 80.625 1.3598
28.125 80.875 0.20723
28.125 81.125 0.057984
28.125 81.375 1.2333
28.125 92.875 -1.1795
28.125 93.125 -1.9835
28.125 93.375 -2.1078
28.125 93.625 -2.1867
28.125 93.875 -2.6056
28.125 94.125 -2.1098
28.125 94.375 -1.4966
28.125 94.625 -1.2665
28.125 94.875 -1.2091
28.125 95.125 -1.3749
28.125 95.375 -1.8892
28.125 95.625 -2.2485
28.125 95.875 -2.2958
28.125 96.125 -1.4246
28.125 96.375 -1.2477
28.125 96.625 -1.2087
28.125 96.875 -1.0477
28.125 97.125 -0.62707
28.375 72.375 -1.2611
28.375 72.625 -1.1878
28.375 72.875 -0.75601
28.375 73.125 0.099651
28.375 73.375 -0.21053
28.375 73.625 -0.35115
28.375 73.875 -0.23438
28.375 74.125 -0.3016
28.375 74.375 -0.37022
28.375 74.625 -0.3225
28.375 74.875 -0.43457
28.375 75.125 -0.39022
28.375 75.375 0.099845
28.375 75.625 0.57968
28.375 75.875 0.4417
28.375 76.125 0.24082
28.375 76.375 -0.25079
28.375 76.625 -0.057829
28.375 76.875 0.34679
28.375 77.125 -0.44666
28.375 77.375 -0.378
28.375 77.625 -0.34067
28.375 77.875 -0.24349
28.375 78.125 2.4277
28.375 78.375 1.6953
28.375 78.625 0.25383
28.375 78.875 -0.59848
28.375 79.125 1.3831
28.375 79.375 0.54829
28.375 79.625 -0.7274
28.375 79.875 0.067139
28.375 80.125 0.67625
28.375 80.375 0.77927
28.375 80.625 1.0088
28.375 80.875 0.46123
28.375 81.125 0.87471
28.375 93.375 -2.1187
28.375 93.625 -1.5603
28.375 93.875 -0.85956
28.375 94.125 -0.80799
28.375 94.375 -0.71643
28.375 94.625 -0.75573
28.375 94.875 -1.0126
28.375 95.125 -1.2454
28.375 95.375 -1.2953
28.375 95.625 -1.123
28.375 95.875 -1.1102
28.375 96.125 -1.6864
28.375 96.625 -1.1693
28.625 72.375 -1.0787
28.625 72.625 -1.0234
28.625 72.875 -0.74788
28.625 73.125 -0.34419
28.625 73.375 -0.069886
28.625 73.625 -0.18689
28.625 73.875 -0.63906
28.625 74.125 -0.75375
28.625 74.375 -0.63374
28.625 74.625 -0.53012
28.625 74.875 -0.5458
28.625 75.125 -0.44472
28.625 75.375 -0.21103
28.625 75.625 -0.063403
28.625 75.875 -0.22846
28.625 76.125 -0.33802
28.625 76.375 -0.43098
28.625 76.625 -0.042333
28.625 76.875 -0.1196
28.625 77.125 -0.98326
28.625 77.375 -0.47449
28.625 77.625 -0.6703
28.625 77.875 -0.92618
28.625 78.125 0.74909
28.625 78.375 1.2075
28.625 78.625 -0.57662
28.625 78.875 -0.12702
28.625 79.125 0.95519
28.625 79.375 -0.075861
28.625 79.625 0.015249
28.625 79.875 -0.3084
28.625 80.125 0.65336
28.625 80.375 1.2857
28.625 80.625 0.88592
28.625 93.625 -0.25207
28.625 93.875 -0.28716
28.625 94.125 -0.24767
28.625 94.375 -1.321
28.625 94.625 -0.16488
28.625 94.875 -0.42689
28.625 95.125 -0.77029
28.625 95.375 -0.78065
28.625 95.625 -1.3559
28.625 95.875 -1.161
28.625 96.125 -1.6826
28.625 96.375 2.4305
28.875 72.875 -0.90639
28.875 73.125 -0.39077
28.875 73.375 0.21069
28.875 73.625 0.01452
28.875 73.875 -0.32895
28.875 74.125 -0.79124
28.875 74.375 -0.88257
28.875 74.625 -0.85547
28.875 74.875 -0.54933
28.875 75.125 -0.80369
28.875 75.375 -0.22679
28.875 75.625 -0.31727
28.875 75.875 -0.20887
28.875 76.125 -0.44065
28.875 76.375 -0.79715
28.875 76.625 -1.1988
28.875 76.875 -0.79641
28.875 77.125 0.4732
28.875 77.375 1.6513
28.875 77.625 1.4716
28.875 77.875 1.5262
28.875 78.125 0.80559
28.875 78.375 0.41158
28.875 78.625 -0.57989
28.875 78.875 -0.26092
28.875 79.125 0.90676
28.875 79.375 0.86706
28.875 79.625 0.78099
28.875 79.875 0.81111
28.875 94.125 0.018705
28.875 94.375 0.012011
28.875 94.625 -0.29681
28.875 94.875 -0.081428
28.875 95.125 -0.19929
28.875 95.375 -0.68732
28.875 95.625 -1.0466
28.875 95.875 -1.2512
28.875 96.125 -0.99953
28.875 96.375 2.4352
29.125 73.125 -0.52958
29.125 73.375 0.61513
29.125 73.625 -0.26846
29.125 73.875 -0.11494
29.125 74.125 -0.42873
29.125 74.375 -0.83368
29.125 74.625 -0.72517
29.125 74.875 -0.76443
29.125 75.125 -0.64457
29.125 75.375 -0.28471
29.125 75.625 -0.26925
29.125 75.875 -0.89622
29.125 76.125 -0.90389
29.125 76.375 -1.3683
29.125 76.625 -0.69476
29.125 76.875 -1.0003
29.125 77.125 -0.05728
29.125 77.375 0.89074
29.125 77.625 1.7304
29.125 77.875 2.9361
29.125 78.125 1.589
29.125 78.375 1.1532
29.125 78.625 1.0145
29.125 78.875 0.084577
29.125 79.125 0.89918
29.125 79.375 1.1157
29.125 79.625 0.053307
29.125 79.875 0.58477
29.125 80.125 0.81502
29.125 94.375 0.021817
29.125 94.625 0.015471
29.125 94.875 0.044707
29.125 95.625 -1.2036
29.125 95.875 -0.56742
29.125 96.125 1.6864
29.375 73.375 -0.37
29.375 73.625 -0.10623
29.375 73.875 0.067997
29.375 74.125 -0.015837
29.375 74.375 -0.68526
29.375 74.625 -0.72368
29.375 74.875 -0.59742
29.375 75.125 -0.44425
29.375 75.375 -0.74417
29.375 75.625 -0.6739
29.375 75.875 -1.3681
29.375 76.125 -0.50896
29.375 76.375 -1.2741
29.375 76.625 -0.36759
29.375 76.875 -1.7998
29.375 77.125 -1.2765
29.375 77.375 1.0956
29.375 77.625 1.7902
29.375 77.875 2.516
29.375 78.125 0.40531
29.375 78.375 0.99693
29.375 78.625 -0.42238
29.375 78.875 -0.27073
29.375 79.125 0.83531
29.375 79.375 1.4844
29.375 79.625 -0.58526
29.375 79.875 0.72105
29.375 80.125 0.87594
29.375 96.125 1.0745
29.625 73.375 -0.36047
29.625 73.625 0.1673
29.625 73.875 0.22561
29.625 74.125 0.09831
29.625 74.375 -0.86523
29.625 74.625 -1.4717
29.625 74.875 -1.0808
29.625 75.125 -0.67706
29.625 75.375 -0.97545
29.625 75.625 0.50971
29.625 75.875 -0.65862
29.625 76.125 -0.97473
29.625 76.375 -0.65673
29.625 76.625 -0.43
29.625 76.875 -0.36078
29.625 77.125 -0.80297
29.625 77.375 -0.4583
29.625 77.625 0.65761
29.625 77.875 0.45756
29.625 78.125 0.55818
29.625 78.375 -0.31728
29.625 78.625 -1.5766
29.625 78.875 -0.79286
29.625 79.125 0.48895
29.625 79.375 1.0757
29.625 79.625 0.10278
29.625 79.875 0.90133
29.625 80.125 0.90938
29.875 73.625 0.28729
29.875 73.875 -0.093529
29.875 74.125 -0.44732
29.875 74.375 -1.807
29.875 74.625 -1.5545
29.875 74.875 -1.408
29.875 75.125 -1.1211
29.875 75.375 -0.86389
29.875 75.625 -0.60635
29.875 75.875 -0.59529
29.875 76.125 -0.65535
29.875 76.375 -0.55704
29.875 76.625 -0.21129
29.875 76.875 -1.6574
29.875 77.125 -0.88233
29.875 77.375 -0.29095
29.875 77.625 0.13768
29.875 77.875 0.34182
29.875 78.125 -1.2712
29.875 78.375 0.55117
29.875 78.625 -0.29656
29.875 78.875 0.26309
29.875 79.125 -0.033165
29.875 79.375 0.15688
29.875 79.625 1.5662
29.875 79.875 0.38639
29.875 80.125 0.78369
29.875 80.375 0.74825
30.125 74.125 -1.2571
30.125 74.375 -1.6423
30.125 74.625 -1.4121
30.125 74.875 -1.2691
30.125 75.125 -0.77938
30.125 75.375 -0.57295
30.125 75.625 -0.78619
30.125 75.875 -1.1989
30.125 76.125 -0.65158
30.125 76.375 -1.1716
30.125 76.625 -1.0813
30.125 76.875 -0.61362
30.125 77.125 -1.0204
30.125 77.375 -1.4014
30.125 77.625 0.091049
30.125 77.875 0.16716
30.125 78.125 1.1569
30.125 78.375 1.9735
30.125 78.625 1.1755
30.125 78.875 1.9012
30.125 79.125 1.2291
30.125 79.375 1.0186
30.125 79.625 1.5911
30.125 79.875 0.35772
30.125 80.125 0.43291
30.125 80.375 0.71222
30.125 80.625 0.74497
30.375 74.125 -1.2363
30.375 74.375 -1.1679
30.375 74.625 -0.96179
30.375 74.875 -0.83961
30.375 75.125 -0.48204
30.375 75.375 -0.11468
30.375 75.625 -0.35285
30.375 75.875 -1.1648
30.375 76.125 -1.2154
30.375 76.375 -1.2237
30.375 76.625 -1.8254
30.375 76.875 -1.6356
30.375 77.125 0.46668
30.375 77.375 0.12746
30.375 77.625 0.52042
30.375 77.875 0.32641
30.375 78.125 0.057715
30.375 78.375 -0.66657
30.375 78.625 1.8384
30.375 78.875 1.5917
30.375 79.125 1.4159
30.375 79.375 1.1515
30.375 79.625 1.5275
30.375 79.875 1.1397
30.375 80.125 0.87592
30.375 80.375 0.59333
30.375 80.625 0.59409
30.625 74.375 -0.795
30.625 74.625 -0.98218
30.625 74.875 -1.0574
30.625 75.125 -0.75631
30.625 75.375 -0.34197
30.625 75.625 -0.43483
30.625 75.875 -1.261
30.625 76.125 -1.4027
30.625 76.375 -1.5921
30.625 76.625 -0.17514
30.625 76.875 0.27141
30.625 77.125 0.29129
30.625 77.375 0.52987
30.625 77.625 0.47148
30.625 77.875 0.86321
30.625 78.125 0.81952
30.625 78.375 -0.50876
30.625 78.625 0.25582
30.625 78.875 1.7523
30.625 79.125 1.4965
30.625 79.375 1.2086
30.625 79.625 1.941
30.625 79.875 1.4088
30.625 80.125 0.84285
30.875 74.625 -1.0881
30.875 74.875 -0.90411
30.875 75.125 -0.14848
30.875 75.375 -1.2573
30.875 75.625 -0.60259
30.875 75.875 -1.2277
30.875 76.125 -1.2437
30.875 76.375 -0.74343
30.875 76.625 0.74424
30.875 76.875 -0.011902
30.875 77.125 0.80013
30.875 77.375 -0.27508
30.875 77.625 1.1367
30.875 77.875 0.95239
30.875 78.125 0.40662
30.875 78.375 0.068757
30.875 78.625 0.30829
30.875 78.875 1.3202
30.875 79.125 1.436
30.875 79.375 1.4104
30.875 79.625 1.2426
30.875 79.875 1.2443
31.125 74.875 -1.2432
31.125 75.125 -0.3225
31.125 75.375 -1.5605
31.125 75.625 -1.2542
31.125 75.875 -0.54754
31.125 76.125 0.36893
31.125 76.375 -0.6535
31.125 76.625 -0.5563
31.125 76.875 0.74514
31.125 77.125 0.79545
31.125 77.375 0.11729
31.125 77.625 1.0611
31.125 77.875 0.61723
31.125 78.125 -0.21753
31.125 78.375 -0.19396
31.125 78.625 -0.30488
31.125 78.875 1.1119
31.125 79.125 1.3052
31.375 74.875 -1.6723
31.375 75.125 -1.0536
31.375 75.375 -1.6795
31.375 75.625 -0.85402
31.375 75.875 -0.20363
31.375 76.125 -0.93575
31.375 76.375 -0.38008
31.375 76.625 -0.21648
31.375 76.875 0.41672
31.375 77.125 0.92201
31.375 77.375 1.2976
31.375 77.625 3.1207
31.375 77.875 0.44484
31.375 78.125 -0.21687
31.375 78.375 -0.33418
31.375 78.625 -0.19683
31.625 74.875 -0.61995
31.625 75.125 0.005312
31.625 75.375 -0.15847
31.625 75.625 -0.055228
31.625 75.875 0.14301
31.625 76.125 -0.9536
31.625 76.375 -0.094731
31.625 76.625 -0.14314
31.625 76.875 -1.1574
31.625 77.125 -0.099012
31.625 77.375 2.1444
31.625 77.625 2.3219
31.625 77.875 1.0827
31.625 78.125 -0.063341
31.625 78.375 -0.45278
31.625 78.625 -0.092364
31.875 74.875 0.59528
31.875 75.125 0.44293
31.875 75.375 -1.3828
31.875 75.625 -0.19886
31.875 75.875 -0.16859
31.875 76.125 0.057317
31.875 76.375 0.090345
31.875 76.625 0.26976
31.875 76.875 -0.08434
31.875 77.125 0.088926
31.875 77.375 0.90386
31.875 77.625 1.431
31.875 77.875 0.23853
31.875 78.125 0.13923
31.875 78.375 -0.16854
31.875 78.625 -0.30894
32.125 75.375 0.64519
32.125 75.625 0.56069
32.125 75.875 0.43876
32.125 76.125 1.0105
32.125 76.375 -0.23355
32.125 76.625 0.12385
32.125 76.875 -0.10557
32.125 77.125 0.34797
32.125 77.375 -0.45619
32.125 77.625 -0.030439
32.125 77.875 0.16894
32.125 78.125 -0.25707
32.125 78.375 -0.34127
32.375 75.375 1.1888
32.375 75.625 0.92848
32.375 75.875 0.43588
32.375 76.125 -0.87557
32.375 76.375 -0.61411
32.375 76.625 -0.67163
32.375 76.875 -0.59082
32.375 77.125 -0.017049
32.375 77.375 -0.48716
32.375 77.625 -0.66235
32.375 77.875 -0.40693
32.375 78.125 -0.4722
32.375 78.375 -0.57124
32.625 74.875 0.68217
32.625 75.125 0.28883
32.625 75.375 0.25536
32.625 75.625 0.51849
32.625 75.875 0.4388
32.625 76.125 -0.064308
32.625 76.375 -0.7116
32.625 76.625 -1.022
32.625 76.875 -0.61661
32.625 77.125 -0.2775
32.625 77.375 -0.52717
32.625 77.625 -0.603
32.625 77.875 -0.46507
32.625 78.125 -0.71307
32.625 78.375 -0.64381
32.625 78.625 -0.73287
32.625 78.875 -0.72433
32.625 79.125 -0.63364
32.625 79.375 -0.45917
32.875 74.375 0.9799
32.875 74.625 0.99988
32.875 74.875 1.0043
32.875 75.125 0.19992
32.875 75.375 -0.47226
32.875 75.625 -0.63305
32.875 75.875 -0.39247
32.875 76.125 -0.35248
32.875 76.375 -0.42287
32.875 76.625 -0.66635
32.875 76.875 -0.60209
32.875 77.125 -0.64356
32.875 77.375 -0.61641
32.875 77.625 -0.66431
32.875 77.875 -0.65807
32.875 78.125 -0.2259
32.875 78.375 -0.57234
32.875 78.625 -0.70483
32.875 78.875 -0.70948
32.875 79.125 -0.69032
32.875 79.375 -0.64362
33.125 73.875 0.17549
33.125 74.125 0.20823
33.125 74.375 1.1463
33.125 74.625 1.5593
33.125 74.875 0.88132
33.125 75.125 -0.2339
33.125 75.375 -1.0217
33.125 75.625 -1.1853
33.125 75.875 -0.75806
33.125 76.125 -0.60391
33.125 76.375 -0.89962
33.125 76.625 -0.77047
33.125 76.875 -0.70861
33.125 77.125 -1.0528
33.125 77.375 -0.72836
33.125 77.625 -0.59948
33.125 77.875 -0.57645
33.125 78.125 -0.46987
33.125 78.375 -0.54608
33.125 78.625 -0.66358
33.125 78.875 -0.74747
33.125 79.125 -0.76327
33.375 73.875 0.64161
33.375 74.125 0.48737
33.375 74.375 -0.23648
33.375 74.625 -0.89624
33.375 74.875 -0.9694
33.375 75.125 -1.0713
33.375 75.375 -0.70196
33.375 75.625 -1.7693
33.375 75.875 -0.86175
33.375 76.125 -0.64516
33.375 76.375 -0.55638
33.375 76.625 -0.81202
33.375 76.875 -0.91519
33.375 77.125 -0.75749
33.375 77.375 -0.71932
33.375 77.625 -0.71139
33.375 77.875 -0.72359
33.375 78.125 -0.65112
33.375 78.375 -0.63524
33.375 78.625 -0.66203
33.375 78.875 -0.74612
33.625 73.875 1.2456
33.625 74.125 0.43359
33.625 74.375 -1.3324
33.625 74.625 -1.2494
33.625 74.875 -0.59269
33.625 75.125 -0.61739
33.625 75.375 -0.58551
33.625 75.625 -0.77073
33.625 75.875 -0.88104
33.625 76.125 -1.045
33.625 76.375 -0.65506
33.625 76.625 -1.0208
33.625 76.875 -0.71907
33.625 77.125 -0.68292
33.625 77.375 -0.65422
33.625 77.625 -0.62926
33.625 77.875 -0.7976
33.625 78.125 -0.69935
33.625 78.375 -0.69052
33.625 78.625 -0.62862
33.625 78.875 -0.71008
33.875 73.875 0.5831
33.875 74.125 -0.33913
33.875 74.375 -1.0157
33.875 74.625 -0.028712
33.875 74.875 -0.10614
33.875 75.125 0.59419
33.875 75.375 -0.041724
33.875 75.625 -1.1351
33.875 75.875 -1.2593
33.875 76.125 -1.2272
33.875 76.375 -0.99561
33.875 76.625 -0.87028
33.875 76.875 -0.8277
33.875 77.125 -0.80738
33.875 77.375 -0.72435
33.875 77.625 -0.65941
33.875 77.875 -0.67555
33.875 78.125 -0.70225
33.875 78.375 -0.7105
33.875 78.625 -0.68939
33.875 78.875 -0.68822
34.125 73.625 -0.73965
34.125 73.875 -0.32659
34.125 74.125 0.074468
34.125 74.375 -0.50137
34.125 74.625 -0.42659
34.125 74.875 -0.94624
34.125 75.125 0.041968
34.125 75.375 -0.74631
34.125 75.625 -1.7368
34.125 75.875 -1.3951
34.125 76.125 -1.3877
34.125 76.375 -0.86826
34.125 76.625 -0.86869
34.125 76.875 -0.83465
34.125 77.125 -0.79248
34.125 77.375 -0.75646
34.125 77.625 -0.74476
34.125 77.875 -0.70678
34.125 78.125 -0.71304
34.125 78.375 -0.83773
34.125 78.625 -0.68109
34.125 78.875 -0.69394
34.125 79.125 -0.63512
34.125 79.375 -0.62779
34.375 73.625 -0.88156
34.375 73.875 -1.0726
34.375 74.125 -1.3147
34.375 74.375 -0.67646
34.375 74.625 -0.57021
34.375 74.875 -0.82193
34.375 75.125 -0.63323
34.375 75.375 -1.4535
34.375 75.625 -1.9531
34.375 75.875 -1.7135
34.375 76.125 -1.2476
34.375 76.375 -0.92708
34.375 76.625 -0.91784
34.375 76.875 -1.0756
34.375 77.125 -0.87394
34.375 77.375 -0.83632
34.375 77.625 -0.77756
34.375 77.875 -0.77672
34.375 78.125 -0.7374
34.375 78.375 -0.71796
34.375 78.625 -0.70833
34.375 78.875 -0.69895
34.375 79.125 -0.69316
34.375 79.375 -0.70946
34.625 73.875 -1.2347
34.625 74.125 -1.127
34.625 74.375 -0.94404
34.625 74.625 -0.77312
34.625 74.875 -1.0465
34.625 75.125 -0.7087
34.625 75.375 -1.6591
34.625 75.625 -1.6027
34.625 75.875 -1.3731
34.625 76.125 -1.1831
34.625 76.375 -0.93084
34.625 76.625 -0.92064
34.625 76.875 -0.92961
34.625 77.125 -0.87306
34.625 77.375 -0.82971
34.625 77.625 -0.91943
34.625 77.875 -1.3489
34.625 78.125 -0.76581
34.625 78.375 -0.72994
34.625 78.625 -0.70999
34.625 78.875 -0.66811
34.625 79.125 -0.66839
34.625 79.375 -0.68827
34.625 79.625 -0.72411
34.875 74.125 -1.1012
34.875 74.375 -0.92163
34.875 74.625 -0.63884
34.875 74.875 -0.75132
34.875 75.125 -1.3123
34.875 75.375 -1.7871
34.875 75.625 -1.6191
34.875 75.875 -1.3183
34.875 76.125 -1.108
34.875 76.375 -0.90821
34.875 76.625 -0.95785
34.875 76.875 -0.92072
34.875 77.125 -0.89283
34.875 77.375 -0.86361
34.875 77.625 -0.91334
34.875 77.875 -1.3786
34.875 78.125 -0.79905
34.875 78.375 -0.79979
34.875 78.625 -0.7731
34.875 78.875 -0.67909
34.875 79.125 -0.67208
34.875 79.375 -0.67866
34.875 79.625 -0.70583
34.875 79.875 -0.73924
35.125 74.375 -1.2648
35.125 74.625 -1.1893
35.125 74.875 -1.081
35.125 75.125 -1.5521
35.125 75.375 -2.081
35.125 75.625 -1.5634
35.125 75.875 -1.227
35.125 76.125 -1.1163
35.125 76.375 -0.91188
35.125 76.625 -0.94827
35.125 76.875 -0.94919
35.125 77.125 -0.92176
35.125 77.375 -0.93675
35.125 77.625 -0.95418
35.125 77.875 -0.92007
35.125 78.125 -0.86625
35.125 78.375 -0.86335
35.125 78.625 -0.75101
35.125 78.875 -0.72826
35.125 79.125 -0.69506
35.125 79.375 -0.6986
35.125 79.625 -0.71013
35.125 79.875 -0.73314
35.375 73.875 -1.1776
35.375 74.125 -1.1999
35.375 74.375 -1.0863
35.375 74.625 -0.94258
35.375 74.875 -0.74199
35.375 75.125 -1.4615
35.375 75.375 -1.6246
35.375 75.625 -1.5148
35.375 75.875 -1.6245
35.375 76.125 -1.2051
35.375 76.375 -1.0895
35.375 76.625 -1.0527
35.375 76.875 -1.4537
35.375 77.125 -0.98734
35.375 77.375 -1.3887
35.375 77.625 -0.95593
35.375 77.875 -0.91638
35.375 78.125 -0.87613
35.375 78.375 -0.86354
35.375 78.625 -0.77594
35.375 78.875 -0.74633
35.375 79.125 -0.72522
35.375 79.375 -0.7249
35.375 79.625 -0.73865
35.375 79.875 -0.72021
35.375 80.125 -0.70505
35.625 73.375 -1.0204
35.625 73.625 -1.0028
35.625 73.875 -1.1341
35.625 74.125 -1.0932
35.625 74.375 -0.9477
35.625 74.625 -0.81316
35.625 74.875 -0.17632
35.625 75.125 -1.6015
35.625 75.375 -1.5893
35.625 75.625 -1.7056
35.625 75.875 -1.386
35.625 76.125 -1.2775
35.625 76.375 -1.2857
35.625 76.625 -1.6986
35.625 76.875 -1.6456
35.625 77.125 -0.97133
35.625 78.375 -0.83134
35.625 78.625 -0.78673
35.625 78.875 -0.79557
35.625 79.125 -0.76656
35.625 79.375 -0.74811
35.625 79.625 -0.75539
35.625 79.875 -0.66589
35.625 80.125 -0.66968
35.875 73.125 -0.14961
35.875 73.375 -0.70454
35.875 73.625 -1.0058
35.875 73.875 -1.353
35.875 74.125 -1.1261
35.875 74.375 -1.0139
35.875 74.625 -0.74948
35.875 74.875 -0.59038
35.875 75.125 -1.0893
35.875 75.375 -1.6957
35.875 75.625 -1.7863
35.875 75.875 -1.7783
35.875 76.125 -1.4752
35.875 76.375 -1.067
35.875 76.625 -1.0189
35.875 79.375 -0.47261
36.125 72.625 -0.32492
36.125 72.875 -0.34497
36.125 73.125 -0.3982
36.125 73.375 -0.47369
36.125 73.625 -0.56831
36.125 73.875 -0.74213
36.125 74.125 -0.96128
36.125 74.375 -0.95016
36.125 74.625 -0.60412
36.125 74.875 -1.3126
36.125 75.125 -1.3063
36.125 75.375 -1.6692
36.125 75.625 -1.6306
36.125 75.875 -1.3818
36.125 76.125 -1.3134
36.125 76.375 -1.0805
36.125 76.625 -1.0231
36.375 73.125 -0.27269
36.375 73.375 -0.36623
36.375 73.625 -0.37294
36.375 73.875 -0.4955
36.375 74.125 -0.8767
36.375 74.375 -0.96257
36.375 74.625 -0.77499
36.375 74.875 -0.94999
36.375 75.125 -1.4053
36.375 75.375 -1.7814
36.375 75.625 -1.5911
36.375 75.875 -1.3337
36.375 76.125 -1.1964
36.625 73.375 -0.3466
36.625 73.625 -0.42878
36.625 73.875 -0.61103
36.625 74.125 -0.75474
36.625 74.375 -1.144
36.625 74.625 -0.99134
36.625 74.875 -1.1815
36.625 75.125 -1.0326
36.625 75.375 -1.2999
36.625 75.625 -1.4036
36.875 73.875 -0.36834
36.875 74.375 -0.60625
36.875 74.625 -0.8705
36.875 74.875 -0.93956
36.875 75.125 -1.1859
36.875 75.375 -1.6382
