8.125 77.375 0.23653
8.375 77.125 -0.57111
8.375 77.375 0.7802
8.375 77.625 0.88576
8.375 77.875 0.17193
8.625 76.875 -0.67952
8.625 77.125 0.83306
8.625 77.375 1.0597
8.625 77.625 0.66372
8.625 77.875 0.21814
8.875 76.875 -0.64735
8.875 77.125 0.56033
8.875 77.375 0.41731
8.875 77.625 0.088427
8.875 77.875 -0.28266
9.125 76.625 -1.1014
9.125 76.875 0.1767
9.125 77.125 0.69254
9.125 77.375 0.34888
9.125 77.625 -0.11983
9.125 77.875 -0.15721
9.125 78.125 -0.23779
NaN NaN NaN
9.375 76.625 -1.0113
9.375 76.875 0.013645
9.375 77.125 1.3714
9.375 77.375 0.61304
9.375 77.625 0.027678
9.375 77.875 -0.17845
9.375 78.125 -0.34201
9.375 78.375 -0.35593
9.375 78.625 -0.42725
NaN NaN NaN
9.625 76.375 -1.187
9.625 76.625 -0.90496
9.625 76.875 0.91301
9.625 77.125 2.4683
9.625 77.375 0.65467
9.625 77.625 -0.014376
9.625 77.875 -0.37343
9.625 78.125 -0.49868
9.625 78.375 -0.38143
9.625 78.625 -0.39453
9.875 76.625 -0.72994
9.875 76.875 0.78171
9.875 77.125 2.9459
9.875 77.375 1.0988
9.875 77.625 0.20073
9.875 77.875 -0.35654
9.875 78.125 -0.6337
9.875 78.375 -0.55882
9.875 78.625 -0.56229
9.875 78.875 -0.90834
10.125 76.375 -1.098
10.125 76.625 -0.61338
10.125 76.875 1.0458
10.125 77.125 1.7425
10.125 77.375 0.87769
10.125 77.625 0.48911
10.125 77.875 -0.25734
10.125 78.125 -0.46187
10.125 78.375 -0.4961
10.125 78.625 -0.61787
10.125 78.875 -0.76037
10.125 79.125 -0.89997
10.375 76.375 -0.68734
10.375 76.625 -0.30135
10.375 76.875 2.1292
10.375 77.125 2.3453
10.375 77.375 1.5123
10.375 77.625 0.75259
10.375 77.875 0.43106
10.375 78.125 -0.18864
10.375 78.375 -0.37648
10.375 78.625 -0.46456
10.375 78.875 -0.68206
10.375 79.125 -0.84818
NaN NaN NaN
NaN NaN NaN
10.625 76.125 -0.777
10.625 76.375 -0.092089
10.625 76.625 0.78229
10.625 76.875 1.7278
10.625 77.125 1.1065
10.625 77.375 1.1541
10.625 77.625 0.69173
10.625 77.875 0.22049
10.625 78.125 -0.15333
10.625 78.375 -0.49647
10.625 78.625 -0.69938
10.625 78.875 -0.78061
10.625 79.125 -0.76675
10.625 79.375 -0.91501
10.625 79.625 -0.8485
10.875 76.125 -0.78504
10.875 76.375 0.99988
10.875 76.625 2.7453
10.875 76.875 0.92606
10.875 77.125 0.18214
10.875 77.375 -0.032789
10.875 77.625 -0.16008
10.875 77.875 -0.32203
10.875 78.125 -0.50305
10.875 78.375 -0.82177
10.875 78.625 -0.77054
10.875 78.875 -0.89166
10.875 79.125 -0.90924
10.875 79.375 -0.85036
10.875 79.625 -0.68477
11.125 76.125 -0.17089
11.125 76.375 1.7508
11.125 76.625 2.8456
11.125 76.875 0.15428
11.125 77.125 -0.05512
11.125 77.375 -0.56221
11.125 77.625 -0.70868
11.125 77.875 -0.81455
11.125 78.125 -0.69068
11.125 78.375 -0.77051
11.125 78.625 -0.79345
11.125 78.875 -0.73426
11.125 79.125 -0.96246
11.125 79.375 -0.90755
11.125 79.625 -0.84993
11.375 75.875 -0.39569
11.375 76.125 0.073584
11.375 76.375 3.5346
11.375 76.625 2.5528
11.375 76.875 1.9333
11.375 77.125 0.62495
11.375 77.375 -0.20325
11.375 77.625 -0.72493
11.375 77.875 -0.76549
11.375 78.125 -0.66689
11.375 78.375 -0.4751
11.375 78.625 -0.46928
11.375 78.875 -0.82398
11.375 79.125 -1.0095
11.375 79.375 -0.97114
11.375 79.625 -1.0122
11.625 75.875 0.63332
11.625 76.125 1.9067
11.625 76.375 3.6334
11.625 76.625 3.4018
11.625 76.875 1.9984
11.625 77.125 0.9021
11.625 77.375 -0.035954
11.625 77.625 -0.59072
11.625 77.875 -1.2561
11.625 78.125 -0.70017
11.625 78.375 -0.42196
11.625 78.625 -0.35586
11.625 78.875 -0.89142
11.625 79.125 -1.0881
11.625 79.375 -1.117
NaN NaN NaN
NaN NaN NaN
11.875 75.875 0.50499
11.875 76.125 0.99805
11.875 76.375 1.3742
11.875 76.625 0.8944
11.875 76.875 0.21117
11.875 77.125 0.27283
11.875 77.375 -0.19974
11.875 77.625 -0.45316
11.875 77.875 -1.0704
11.875 78.125 -0.96799
11.875 78.375 -0.61831
11.875 78.625 -0.59642
11.875 78.875 -1.0116
11.875 79.125 -1.0534
11.875 79.375 -0.93469
11.875 79.625 -0.98176
12.125 75.375 -0.73408
12.125 75.625 -0.16262
12.125 75.875 0.57427
12.125 76.125 0.53917
12.125 76.375 -0.016187
12.125 76.625 -0.22081
12.125 76.875 -0.30292
12.125 77.125 -0.11461
12.125 77.375 -0.24338
12.125 77.625 -0.52984
12.125 77.875 -0.84581
12.125 78.125 -1.0354
12.125 78.375 -0.86237
12.125 78.625 -0.79971
12.125 78.875 -0.93593
12.125 79.125 -0.84239
12.125 79.375 -0.91314
12.125 79.625 -0.75991
12.375 75.125 -0.97553
12.375 75.375 -0.42837
12.375 75.625 0.72066
12.375 75.875 0.7812
12.375 76.125 0.26606
12.375 76.375 -0.080319
12.375 76.625 -0.30155
12.375 76.875 -0.34861
12.375 77.125 -0.33121
12.375 77.375 -0.41867
12.375 77.625 -0.48289
12.375 77.875 -0.8199
12.375 78.125 -0.78683
12.375 78.375 -0.82029
12.375 78.625 -0.89267
12.375 78.875 -0.89842
12.375 79.125 -0.82798
12.375 79.375 -0.9541
12.375 79.625 -0.76593
12.375 79.875 -0.76874
12.625 75.125 -0.95174
12.625 75.375 0.10344
12.625 75.625 1.1767
12.625 75.875 0.44966
12.625 76.125 -0.019183
12.625 76.375 0.0084099
12.625 76.625 -0.20099
12.625 76.875 -0.39534
12.625 77.125 -0.48912
12.625 77.375 -0.55625
12.625 77.625 -0.46495
12.625 77.875 -0.50779
12.625 78.125 -0.61433
12.625 78.375 -0.81136
12.625 78.625 -0.86578
12.625 78.875 -0.77218
12.625 79.125 -0.79157
12.625 79.375 -0.73649
12.625 79.625 -0.73083
12.625 79.875 -0.7594
12.875 75.125 -0.95477
12.875 75.375 -0.08839
12.875 75.625 0.35661
12.875 75.875 -0.011844
12.875 76.125 -0.20647
12.875 76.375 -0.19437
12.875 76.625 -0.33304
12.875 76.875 -0.44583
12.875 77.125 -0.45267
12.875 77.375 -0.481
12.875 77.625 -0.71667
12.875 77.875 -0.6056
12.875 78.125 -0.64345
12.875 78.375 -0.90166
12.875 78.625 -0.85864
12.875 78.875 -0.8833
12.875 79.125 -0.81771
12.875 79.375 -0.81788
12.875 79.625 -0.80823
12.875 79.875 -0.8294
NaN NaN NaN
13.125 75.125 -0.5138
13.125 75.375 -0.094374
13.125 75.625 0.49775
13.125 75.875 0.04761
13.125 76.125 -0.25815
13.125 76.375 -0.26438
13.125 76.625 -0.40125
13.125 76.875 -0.36349
13.125 77.125 -0.49555
13.125 77.375 -0.5736
13.125 77.625 -0.57631
13.125 77.875 -0.66651
13.125 78.125 -0.58332
13.125 78.375 -0.69055
13.125 78.625 -0.75527
13.125 78.875 -0.69607
13.125 79.125 -0.69694
13.125 79.375 -0.8046
13.125 79.625 -0.76585
13.125 79.875 -0.75467
13.125 80.125 -0.70132
NaN NaN NaN
13.375 75.125 0.10749
13.375 75.375 0.59919
13.375 75.625 1.0369
13.375 75.875 0.47754
13.375 76.125 0.092224
13.375 76.375 -0.29285
13.375 76.625 -0.21585
13.375 76.875 -0.30361
13.375 77.125 -0.27951
13.375 77.375 -0.63886
13.375 77.625 -0.50265
13.375 77.875 -0.5898
13.375 78.125 -0.5617
13.375 78.375 -0.53716
13.375 78.625 -0.51107
13.375 78.875 -0.50302
13.375 79.125 -0.53383
13.375 79.375 -0.68052
13.375 79.625 -0.80237
13.375 79.875 -0.8061
13.375 80.125 -0.72081
13.625 74.875 -0.41059
13.625 75.125 0.39336
13.625 75.375 0.82865
13.625 75.625 0.71469
13.625 75.875 0.17091
13.625 76.125 -0.13498
13.625 76.375 -0.28798
13.625 76.625 -0.31808
13.625 76.875 -0.2767
13.625 77.125 -0.35661
13.625 77.375 -0.54318
13.625 77.625 -0.39113
13.625 77.875 -0.46696
13.625 78.125 -0.49305
13.625 78.375 -0.42527
13.625 78.625 -0.40352
13.625 78.875 -0.36914
13.625 79.125 -0.38321
13.625 79.375 -0.49623
13.625 79.625 -0.73051
13.625 79.875 -0.79639
13.625 80.125 -0.69641
13.875 74.875 0.11418
13.875 75.125 0.36153
13.875 75.375 0.010914
13.875 75.625 -0.20399
13.875 75.875 -0.22881
13.875 76.125 -0.23597
13.875 76.375 -0.1281
13.875 76.625 0.052619
13.875 76.875 -0.25247
13.875 77.125 -0.32879
13.875 77.375 -0.52674
13.875 77.625 -0.55807
13.875 77.875 -0.37102
13.875 78.125 -0.38769
13.875 78.375 -0.4163
13.875 78.625 -0.46818
13.875 78.875 -0.30529
13.875 79.125 -0.38062
13.875 79.375 -0.52556
13.875 79.625 -0.61719
13.875 79.875 -0.62142
14.125 74.625 -0.37582
14.125 74.875 0.015803
14.125 75.125 0.14247
14.125 75.375 -0.35645
14.125 75.625 -0.59329
14.125 75.875 -0.32704
14.125 76.125 -0.26745
14.125 76.375 0.059507
14.125 76.625 0.25344
14.125 76.875 -0.30196
14.125 77.125 -0.28804
14.125 77.375 -0.43595
14.125 77.625 -0.46848
14.125 77.875 -0.36427
14.125 78.125 -0.33729
14.125 78.375 -0.48941
14.125 78.625 -0.58451
14.125 78.875 -0.40551
14.125 79.125 -0.43297
14.125 79.375 -0.53638
14.125 79.625 -0.49822
14.125 79.875 -0.54951
14.375 74.625 -0.58497
14.375 74.875 0.028858
14.375 75.125 -0.026858
14.375 75.375 -0.46466
14.375 75.625 -0.48313
14.375 75.875 -0.20482
14.375 76.125 -0.064484
14.375 76.375 0.13601
14.375 76.625 -0.064028
14.375 76.875 -0.36494
14.375 77.125 -0.32188
14.375 77.375 -0.37204
14.375 77.625 -0.29864
14.375 77.875 -0.37855
14.375 78.125 -0.4636
14.375 78.375 -0.58476
14.375 78.625 -0.65774
14.375 78.875 -0.59052
14.375 79.125 -0.52682
14.375 79.375 -0.52318
14.375 79.625 -0.5179
14.375 79.875 -0.50396
NaN NaN NaN
14.625 74.625 -0.59769
14.625 74.875 -0.10015
14.625 75.125 -0.16309
14.625 75.375 -0.39238
14.625 75.625 -0.56402
14.625 75.875 -0.25035
14.625 76.125 -0.046732
14.625 76.375 0.020072
14.625 76.625 -0.060749
14.625 76.875 -0.25975
14.625 77.125 -0.34092
14.625 77.375 -0.33436
14.625 77.625 -0.2224
14.625 77.875 -0.36441
14.625 78.125 -0.61241
14.625 78.375 -0.68346
14.625 78.625 -0.70478
14.625 78.875 -0.56636
14.625 79.125 -0.50798
14.625 79.375 -0.54448
14.625 79.625 -0.52187
14.625 79.875 -0.48547
14.875 74.375 -0.36302
14.875 74.625 -0.18397
14.875 74.875 -0.41422
14.875 75.125 -0.35733
14.875 75.375 -0.31688
14.875 75.625 -0.33546
14.875 75.875 -0.36289
14.875 76.125 -0.35757
14.875 76.375 -0.23104
14.875 76.625 -0.03605
14.875 76.875 -0.30912
14.875 77.125 -0.34673
14.875 77.375 -0.36507
14.875 77.625 -0.3855
14.875 77.875 -0.53622
14.875 78.125 -0.71381
14.875 78.375 -0.81102
14.875 78.625 -0.63116
14.875 78.875 -0.47116
14.875 79.125 -0.42936
14.875 79.375 -0.57332
14.875 79.625 -0.55593
14.875 79.875 -0.57452
15.125 74.125 -0.91729
15.125 74.375 -0.15305
15.125 74.625 0.13771
15.125 74.875 -0.2945
15.125 75.125 -0.49139
15.125 75.375 -0.38486
15.125 75.625 -0.23567
15.125 75.875 -0.38872
15.125 76.125 -0.47062
15.125 76.375 -0.36583
15.125 76.625 -0.25995
15.125 76.875 -0.44719
15.125 77.125 -0.40149
15.125 77.375 -0.45705
15.125 77.625 -0.45495
15.125 77.875 -0.52629
15.125 78.125 -0.55257
15.125 78.375 -0.83902
15.125 78.625 -0.78167
15.125 78.875 -0.42663
15.125 79.125 -0.42342
15.125 79.375 -0.61719
15.125 79.625 -0.65803
15.125 79.875 -0.68557
15.375 73.875 -1.2459
15.375 74.125 -0.91474
15.375 74.375 -0.14556
15.375 74.625 -0.029722
15.375 74.875 -0.5014
15.375 75.125 -0.50566
15.375 75.375 -0.1808
15.375 75.625 -0.11441
15.375 75.875 -0.34852
15.375 76.125 -0.56554
15.375 76.375 -0.56145
15.375 76.625 -0.52318
15.375 76.875 -0.66678
15.375 77.125 -0.62332
15.375 77.375 -0.35018
15.375 77.625 -0.32585
15.375 77.875 -0.4975
15.375 78.125 -0.54359
15.375 78.375 -0.76027
15.375 78.625 -0.81919
15.375 78.875 -0.47279
15.375 79.125 -0.46654
15.375 79.375 -0.65411
15.375 79.625 -0.70695
15.375 79.875 -0.67762
15.625 73.875 -0.96439
15.625 74.125 -0.66942
15.625 74.375 -0.12603
15.625 74.625 -0.089568
15.625 74.875 -0.54815
15.625 75.125 -0.52733
15.625 75.375 -0.18151
15.625 75.625 -0.29023
15.625 75.875 -0.35795
15.625 76.125 -0.58326
15.625 76.375 -0.62938
15.625 76.625 -0.59821
15.625 76.875 -0.71509
15.625 77.125 -0.49703
15.625 77.375 -0.31039
15.625 77.625 -0.31237
15.625 77.875 -0.46756
15.625 78.125 -0.62269
15.625 78.375 -0.6467
15.625 78.625 -0.70199
15.625 78.875 -0.40583
15.625 79.125 -0.47421
15.625 79.375 -0.58851
15.625 79.625 -0.63375
15.625 79.875 -0.62007
15.625 80.125 -0.56687
15.875 73.875 -0.27522
15.875 74.125 -0.20134
15.875 74.375 -0.064183
15.875 74.625 -0.16226
15.875 74.875 -0.50568
15.875 75.125 -0.64105
15.875 75.375 -0.43612
15.875 75.625 -0.46113
15.875 75.875 -0.53962
15.875 76.125 -0.5435
15.875 76.375 -0.53639
15.875 76.625 -0.59917
15.875 76.875 -0.52996
15.875 77.125 -0.53735
15.875 77.375 -0.52322
15.875 77.625 -0.55206
15.875 77.875 -0.66464
15.875 78.125 -0.74003
15.875 78.375 -0.67642
15.875 78.625 -0.67487
15.875 78.875 -0.41138
15.875 79.125 -0.37566
15.875 79.375 -0.59169
15.875 79.625 -0.61496
15.875 79.875 -0.62223
15.875 80.125 -0.54828
15.875 80.375 -0.5044
NaN NaN NaN
15.875 80.875 -0.4303
16.125 73.625 -0.86882
16.125 73.875 -0.17009
16.125 74.125 -0.052276
16.125 74.375 -0.25178
16.125 74.625 -0.30909
16.125 74.875 -0.56961
16.125 75.125 -0.58919
16.125 75.375 -0.51968
16.125 75.625 -0.49196
16.125 75.875 -0.54638
16.125 76.125 -0.49108
16.125 76.375 -0.51001
16.125 76.625 -0.5852
16.125 76.875 -0.61162
16.125 77.125 -0.63918
16.125 77.375 -0.58003
16.125 77.625 -0.63867
16.125 77.875 -0.79142
16.125 78.125 -0.85565
16.125 78.375 -0.76407
16.125 78.625 -0.64863
16.125 78.875 -0.40201
16.125 79.125 -0.29915
16.125 79.375 -0.48225
16.125 79.625 -0.59803
16.125 79.875 -0.6191
16.125 80.125 -0.5775
16.125 80.375 -0.55449
16.125 80.625 -0.54867
16.125 80.875 -0.48688
16.375 73.625 -1.0224
16.375 73.875 -0.44964
16.375 74.125 -0.40105
16.375 74.375 -0.53392
16.375 74.625 -0.65653
16.375 74.875 -0.70854
16.375 75.125 -0.66728
16.375 75.375 -0.58901
16.375 75.625 -0.58376
16.375 75.875 -0.62967
16.375 76.125 -0.55807
16.375 76.375 -0.5977
16.375 76.625 -0.54139
16.375 76.875 -0.66864
16.375 77.125 -0.61255
16.375 77.375 -0.58713
16.375 77.625 -0.71147
16.375 77.875 -0.83694
16.375 78.125 -0.80287
16.375 78.375 -0.69804
16.375 78.625 -0.62606
16.375 78.875 -0.48673
16.375 79.125 -0.3648
16.375 79.375 -0.51832
16.375 79.625 -0.58198
16.375 79.875 -0.71605
16.375 80.125 -0.74999
16.375 80.375 -0.6964
16.375 80.625 -0.65965
16.375 80.875 -0.5255
16.375 81.125 -0.48761
NaN NaN NaN
NaN NaN NaN
16.625 73.625 -0.94019
16.625 73.875 -0.53862
16.625 74.125 -0.54763
16.625 74.375 -0.69579
16.625 74.625 -0.8872
16.625 74.875 -0.66215
16.625 75.125 -0.66361
16.625 75.375 -0.60237
16.625 75.625 -0.5766
16.625 75.875 -0.56423
16.625 76.125 -0.55957
16.625 76.375 -0.62498
16.625 76.625 -0.62732
16.625 76.875 -0.71265
16.625 77.125 -0.67847
16.625 77.375 -0.66815
16.625 77.625 -0.77843
16.625 77.875 -0.83828
16.625 78.125 -0.8319
16.625 78.375 -0.71692
16.625 78.625 -0.61153
16.625 78.875 -0.65391
16.625 79.125 -0.68658
16.625 79.375 -0.63608
16.625 79.625 -0.64487
16.625 79.875 -0.6928
16.625 80.125 -0.70015
16.625 80.375 -0.48174
16.625 80.625 -0.72665
16.625 80.875 -0.58881
16.625 81.125 -0.68032
16.625 81.375 -0.68382
16.625 81.625 -0.83735
16.625 81.875 -0.88826
16.625 82.125 -0.88571
16.875 73.375 -1.1038
16.875 73.625 -0.88145
16.875 73.875 -0.51956
16.875 74.125 -0.54949
16.875 74.375 -0.85159
16.875 74.625 -0.84894
16.875 74.875 -0.57436
16.875 75.125 -0.45139
16.875 75.375 -0.51577
16.875 75.625 -0.50857
16.875 75.875 -0.52578
16.875 76.125 -0.64297
16.875 76.375 -0.69504
16.875 76.625 -0.69658
16.875 76.875 -0.77292
16.875 77.125 -0.72749
16.875 77.375 -0.67025
16.875 77.625 -0.74738
16.875 77.875 -0.84899
16.875 78.125 -0.76487
16.875 78.375 -0.65738
16.875 78.625 -0.68831
16.875 78.875 -0.6324
16.875 79.125 -0.70165
16.875 79.375 -0.66497
16.875 79.625 -0.59346
16.875 79.875 -0.69675
16.875 80.125 -0.70569
16.875 80.375 -0.73626
16.875 80.625 -0.74356
16.875 80.875 -0.68576
16.875 81.125 -0.66962
16.875 81.375 -0.68925
16.875 81.625 -0.75578
16.875 81.875 -0.81693
16.875 82.125 -0.86925
17.125 73.375 -1.0439
17.125 73.625 -0.73387
17.125 73.875 -0.47804
17.125 74.125 -0.48024
17.125 74.375 -0.7972
17.125 74.625 -0.77969
17.125 74.875 -0.49322
17.125 75.125 -0.39652
17.125 75.375 -0.49807
17.125 75.625 -0.55368
17.125 75.875 -0.51582
17.125 76.125 -0.59773
17.125 76.375 -0.61576
17.125 76.625 -0.70516
17.125 76.875 -0.86323
17.125 77.125 -0.83733
17.125 77.375 -0.78957
17.125 77.625 -0.82214
17.125 77.875 -0.83233
17.125 78.125 -0.68345
17.125 78.375 -0.55208
17.125 78.625 -0.66773
17.125 78.875 -0.66158
17.125 79.125 -0.65451
17.125 79.375 -0.64626
17.125 79.625 -0.69687
17.125 79.875 -0.70279
17.125 80.125 -0.74318
17.125 80.375 -0.6837
17.125 80.625 -0.71144
17.125 80.875 -0.70029
17.125 81.125 -0.8109
17.125 81.375 -0.79474
17.125 81.625 -0.911
17.125 81.875 -0.7675
17.125 82.125 -0.87869
17.125 82.375 -0.86968
17.375 73.375 -0.99679
17.375 73.625 -0.77125
17.375 73.875 -0.40394
17.375 74.125 -0.33563
17.375 74.375 -0.70492
17.375 74.625 -0.65345
17.375 74.875 -0.50526
17.375 75.125 -0.43112
17.375 75.375 -0.63377
17.375 75.625 -0.74009
17.375 75.875 -0.60074
17.375 76.125 -0.56408
17.375 76.375 -0.61018
17.375 76.625 -0.70408
17.375 76.875 -0.79686
17.375 77.125 -0.76323
17.375 77.375 -0.80845
17.375 77.625 -0.90021
17.375 77.875 -0.79432
17.375 78.125 -0.79593
17.375 78.375 -0.73562
17.375 78.625 -0.68132
17.375 78.875 -0.72218
17.375 79.125 -0.6502
17.375 79.375 -0.67109
17.375 79.625 -0.63545
17.375 79.875 -0.7996
17.375 80.125 -0.68029
17.375 80.375 -0.58799
17.375 80.625 -0.55261
17.375 80.875 -0.66801
17.375 81.125 -0.8617
17.375 81.375 -0.95045
17.375 81.625 -0.94612
17.375 81.875 -0.91364
17.375 82.125 -0.93299
17.375 82.375 -0.99242
NaN NaN NaN
17.625 73.375 -1.0844
17.625 73.625 -0.69172
17.625 73.875 -0.43336
17.625 74.125 -0.47612
17.625 74.375 -0.69475
17.625 74.625 -0.57978
17.625 74.875 -0.56291
17.625 75.125 -0.55392
17.625 75.375 -0.75317
17.625 75.625 -0.80778
17.625 75.875 -0.7435
17.625 76.125 -0.68488
17.625 76.375 -0.66194
17.625 76.625 -0.7384
17.625 76.875 -0.85584
17.625 77.125 -0.79338
17.625 77.375 -0.83039
17.625 77.625 -0.82472
17.625 77.875 -0.7855
17.625 78.125 -0.7303
17.625 78.375 -0.68613
17.625 78.625 -0.67265
17.625 78.875 -0.67674
17.625 79.125 -0.62019
17.625 79.375 -0.60924
17.625 79.625 -0.63222
17.625 79.875 -0.74968
17.625 80.125 -0.73054
17.625 80.375 -0.61839
17.625 80.625 -0.63295
17.625 80.875 -0.7596
17.625 81.125 -0.79904
17.625 81.375 -0.93838
17.625 81.625 -0.94488
17.625 81.875 -0.99671
17.625 82.125 -0.98407
17.625 82.375 -1.0671
17.625 82.625 -1.0326
17.625 82.875 -1.0395
17.625 83.125 -0.86578
17.875 73.375 -1.007
17.875 73.625 -0.67752
17.875 73.875 -0.4837
17.875 74.125 -0.41143
17.875 74.375 -0.64221
17.875 74.625 -0.6088
17.875 74.875 -0.62411
17.875 75.125 -0.73442
17.875 75.375 -0.81221
17.875 75.625 -0.79333
17.875 75.875 -0.71298
17.875 76.125 -0.76905
17.875 76.375 -0.76927
17.875 76.625 -0.79714
17.875 76.875 -0.69092
17.875 77.125 -0.76907
17.875 77.375 -0.72659
17.875 77.625 -0.72319
17.875 77.875 -0.74507
17.875 78.125 -0.72147
17.875 78.375 -0.65488
17.875 78.625 -0.56248
17.875 78.875 -0.63818
17.875 79.125 -0.63761
17.875 79.375 -0.6262
17.875 79.625 -0.71859
17.875 79.875 -0.80747
17.875 80.125 -0.75043
17.875 80.375 -0.74305
17.875 80.625 -0.76483
17.875 80.875 -0.88465
17.875 81.125 -0.97481
17.875 81.375 -1.0064
17.875 81.625 -1.0995
17.875 81.875 -1.1063
17.875 82.125 -0.99711
17.875 82.375 -0.93892
17.875 82.625 -0.97309
17.875 82.875 -1.0054
17.875 83.125 -0.89066
17.875 83.375 -0.86042
NaN NaN NaN
18.125 73.375 -0.83085
18.125 73.625 -0.63776
18.125 73.875 -0.50227
18.125 74.125 -0.55133
18.125 74.375 -0.7102
18.125 74.625 -0.73917
18.125 74.875 -0.72805
18.125 75.125 -0.6892
18.125 75.375 -0.63396
18.125 75.625 -0.77771
18.125 75.875 -0.76928
18.125 76.125 -0.77673
18.125 76.375 -0.71941
18.125 76.625 -0.70495
18.125 76.875 -0.70553
18.125 77.125 -0.79375
18.125 77.375 -0.76876
18.125 77.625 -0.75335
18.125 77.875 -0.78033
18.125 78.125 -0.73142
18.125 78.375 -0.66239
18.125 78.625 -0.57741
18.125 78.875 -0.623
18.125 79.125 -0.62708
18.125 79.375 -0.70338
18.125 79.625 -0.73131
18.125 79.875 -0.85178
18.125 80.125 -0.9075
18.125 80.375 -0.93252
18.125 80.625 -0.92981
18.125 80.875 -1.0769
18.125 81.125 -0.9591
18.125 81.375 -0.87529
18.125 81.625 -0.97033
18.125 81.875 -1.1298
18.125 82.125 -1.0701
18.125 82.375 -0.99485
18.125 82.625 -1.0084
18.125 82.875 -1.0221
18.125 83.125 -1.0592
18.125 83.375 -1.0474
18.125 83.625 -1.0251
18.375 73.125 -1.1448
18.375 73.375 -0.73941
18.375 73.625 -0.64934
18.375 73.875 -0.65674
18.375 74.125 -0.77967
18.375 74.375 -0.79321
18.375 74.625 -0.83899
18.375 74.875 -0.80581
18.375 75.125 -0.80561
18.375 75.375 -0.82294
18.375 75.625 -0.91983
18.375 75.875 -0.83431
18.375 76.125 -0.84371
18.375 76.375 -0.7649
18.375 76.625 -0.67325
18.375 76.875 -0.71109
18.375 77.125 -0.75463
18.375 77.375 -0.68902
18.375 77.625 -0.63109
18.375 77.875 -0.62416
18.375 78.125 -0.69824
18.375 78.375 -0.65888
18.375 78.625 -0.61116
18.375 78.875 -0.7042
18.375 79.125 -0.77944
18.375 79.375 -0.77045
18.375 79.625 -0.75953
18.375 79.875 -1.0293
18.375 80.125 -0.98079
18.375 80.375 -1.0486
18.375 80.625 -1.0843
18.375 80.875 -0.97609
18.375 81.125 -0.92697
18.375 81.375 -0.83383
18.375 81.625 -0.88747
18.375 81.875 -1.0325
18.375 82.125 -1.1116
18.375 82.375 -1.0265
18.375 82.625 -1.0262
18.375 82.875 -0.98564
18.375 83.125 -1.0749
18.375 83.375 -1.1687
18.375 83.625 -1.1837
18.375 83.875 -1.1505
18.625 73.125 -0.98736
18.625 73.375 -0.73417
18.625 73.625 -0.67752
18.625 73.875 -0.78168
18.625 74.125 -0.8165
18.625 74.375 -0.93279
18.625 74.625 -0.85919
18.625 74.875 -0.64718
18.625 75.125 -0.71504
18.625 75.375 -0.76515
18.625 75.625 -0.87069
18.625 75.875 -0.8485
18.625 76.125 -0.8143
18.625 76.375 -0.70939
18.625 76.625 -0.68756
18.625 76.875 -0.62645
18.625 77.125 -0.69731
18.625 77.375 -0.67258
18.625 77.625 -0.73503
18.625 77.875 -0.58103
18.625 78.125 -0.66801
18.625 78.375 -0.66141
18.625 78.625 -0.58098
18.625 78.875 -0.84106
18.625 79.125 -0.77256
18.625 79.375 -0.77306
18.625 79.625 -0.79841
18.625 79.875 -0.9384
18.625 80.125 -0.94465
18.625 80.375 -1.0615
18.625 80.625 -1.0049
18.625 80.875 -0.87962
18.625 81.125 -0.83055
18.625 81.375 -0.90131
18.625 81.625 -0.93912
18.625 81.875 -1.0999
18.625 82.125 -1.0886
18.625 82.375 -0.92208
18.625 82.625 -1.0786
18.625 82.875 -1.0786
18.625 83.125 -1.1102
18.625 83.375 -1.3853
18.625 83.625 -1.2597
18.625 83.875 -1.1319
18.625 84.125 -1.1031
18.875 73.125 -1.1097
18.875 73.375 -0.85756
18.875 73.625 -0.6372
18.875 73.875 -0.6774
18.875 74.125 -0.82415
18.875 74.375 -0.86196
18.875 74.625 -0.65392
18.875 74.875 -0.70605
18.875 75.125 -0.65426
18.875 75.375 -0.75754
18.875 75.625 -0.73601
18.875 75.875 -0.74042
18.875 76.125 -0.74465
18.875 76.375 -0.71546
18.875 76.625 -0.68352
18.875 76.875 -0.67566
18.875 77.125 -0.66427
18.875 77.375 -0.73143
18.875 77.625 -0.72425
18.875 77.875 -0.76858
18.875 78.125 -0.67667
18.875 78.375 -0.6719
18.875 78.625 -0.73185
18.875 78.875 -0.84005
18.875 79.125 -0.84376
18.875 79.375 -0.8624
18.875 79.625 -0.76246
18.875 79.875 -0.90097
18.875 80.125 -0.96033
18.875 80.375 -1.0673
18.875 80.625 -1.038
18.875 80.875 -0.89037
18.875 81.125 -0.84602
18.875 81.375 -0.92216
18.875 81.625 -0.8816
18.875 81.875 -0.96077
18.875 82.125 -0.97493
18.875 82.375 -1.0092
18.875 82.625 -1.2243
18.875 82.875 -1.2313
18.875 83.125 -1.3059
18.875 83.375 -1.254
18.875 83.625 -1.2192
18.875 83.875 -1.0563
18.875 84.125 -0.92575
18.875 84.375 -0.95758
19.125 73.125 -0.91038
19.125 73.375 -0.85982
19.125 73.625 -0.60643
19.125 73.875 -0.62725
19.125 74.125 -0.75058
19.125 74.375 -0.70572
19.125 74.625 -0.63415
19.125 74.875 -0.66757
19.125 75.125 -0.66492
19.125 75.375 -0.66286
19.125 75.625 -0.70575
19.125 75.875 -0.71959
19.125 76.125 -0.76052
19.125 76.375 -0.7024
19.125 76.625 -0.6748
19.125 76.875 -0.67612
19.125 77.125 -0.67369
19.125 77.375 -0.70431
19.125 77.625 -0.78417
19.125 77.875 -0.78596
19.125 78.125 -0.68721
19.125 78.375 -0.72363
19.125 78.625 -0.75937
19.125 78.875 -0.76358
19.125 79.125 -0.82795
19.125 79.375 -0.83327
19.125 79.625 -0.81234
19.125 79.875 -0.89132
19.125 80.125 -0.99693
19.125 80.375 -1.0302
19.125 80.625 -1.0457
19.125 80.875 -0.96429
19.125 81.125 -0.96897
19.125 81.375 -0.9875
19.125 81.625 -0.93842
19.125 81.875 -0.95396
19.125 82.125 -0.79407
19.125 82.375 -0.8084
19.125 82.625 -1.0394
19.125 82.875 -1.2141
19.125 83.125 -1.2546
19.125 83.375 -1.3058
19.125 83.625 -1.1416
19.125 83.875 -0.98016
19.125 84.125 -0.93931
19.125 84.375 -0.91289
19.125 84.625 -0.93793
19.375 72.875 -0.98444
19.375 73.125 -0.88816
19.375 73.375 -0.94606
19.375 73.625 -0.79487
19.375 73.875 -0.67303
19.375 74.125 -0.66185
19.375 74.375 -0.67721
19.375 74.625 -0.63986
19.375 74.875 -0.57787
19.375 75.125 -0.76047
19.375 75.375 -0.76343
19.375 75.625 -0.75429
19.375 75.875 -0.67387
19.375 76.125 -0.71262
19.375 76.375 -0.66648
19.375 76.625 -0.6142
19.375 76.875 -0.63213
19.375 77.125 -0.66134
19.375 77.375 -0.70652
19.375 77.625 -0.72052
19.375 77.875 -0.71954
19.375 78.125 -0.7339
19.375 78.375 -0.66115
19.375 78.625 -0.65851
19.375 78.875 -0.72687
19.375 79.125 -0.76405
19.375 79.375 -0.7723
19.375 79.625 -0.75948
19.375 79.875 -0.82439
19.375 80.125 -0.94248
19.375 80.375 -1.0158
19.375 80.625 -0.95897
19.375 80.875 -0.9332
19.375 81.125 -0.90588
19.375 81.375 -0.87503
19.375 81.625 -1.014
19.375 81.875 -0.92472
19.375 82.125 -0.79531
19.375 82.375 -0.72756
19.375 82.625 -0.79619
19.375 82.875 -0.91162
19.375 83.125 -0.97001
19.375 83.375 -1.1372
19.375 83.625 -1.1368
19.375 83.875 -0.97455
19.375 84.125 -1.0281
19.375 84.375 -1.049
19.375 84.625 -1.0986
19.375 84.875 -1.1123
19.625 72.875 -0.95395
19.625 73.125 -0.99336
19.625 73.375 -0.96149
19.625 73.625 -0.88872
19.625 73.875 -0.78878
19.625 74.125 -0.71582
19.625 74.375 -0.77057
19.625 74.625 -0.6765
19.625 74.875 -0.62568
19.625 75.125 -0.70448
19.625 75.375 -0.77352
19.625 75.625 -0.77913
19.625 75.875 -0.69146
19.625 76.125 -0.66834
19.625 76.375 -0.68928
19.625 76.625 -0.6496
19.625 76.875 -0.65442
19.625 77.125 -0.65325
19.625 77.375 -0.68875
19.625 77.625 -0.67891
19.625 77.875 -0.71428
19.625 78.125 -0.68753
19.625 78.375 -0.6638
19.625 78.625 -0.63406
19.625 78.875 -0.62571
19.625 79.125 -0.55021
19.625 79.375 -0.70516
19.625 79.625 -0.73938
19.625 79.875 -0.76499
19.625 80.125 -0.80609
19.625 80.375 -0.92989
19.625 80.625 -0.93493
19.625 80.875 -0.89142
19.625 81.125 -0.90801
19.625 81.375 -0.89361
19.625 81.625 -0.95102
19.625 81.875 -0.81663
19.625 82.125 -0.75951
19.625 82.375 -0.62465
19.625 82.625 -0.65482
19.625 82.875 -0.71507
19.625 83.125 -0.86878
19.625 83.375 -0.96525
19.625 83.625 -1.0168
19.625 83.875 -1.0343
19.625 84.125 -1.069
19.625 84.375 -1.1296
19.625 84.625 -1.0975
19.625 84.875 -1.0922
19.625 85.125 -1.051
19.625 85.375 -0.94641
19.875 72.875 -0.83076
19.875 73.125 -0.87141
19.875 73.375 -0.93477
19.875 73.625 -0.80949
19.875 73.875 -0.87578
19.875 74.125 -0.80637
19.875 74.375 -0.82951
19.875 74.625 -0.76177
19.875 74.875 -0.57844
19.875 75.125 -0.61981
19.875 75.375 -0.62491
19.875 75.625 -0.66847
19.875 75.875 -0.65856
19.875 76.125 -0.62258
19.875 76.375 -0.61853
19.875 76.625 -0.65586
19.875 76.875 -0.61786
19.875 77.125 -0.6792
19.875 77.375 -0.6402
19.875 77.625 -0.63085
19.875 77.875 -0.70498
19.875 78.125 -0.69206
19.875 78.375 -0.66596
19.875 78.625 -0.61576
19.875 78.875 -0.66144
19.875 79.125 -0.5582
19.875 79.375 -0.61656
19.875 79.625 -0.65619
19.875 79.875 -0.69897
19.875 80.125 -0.72083
19.875 80.375 -0.87745
19.875 80.625 -0.87058
19.875 80.875 -0.82445
19.875 81.125 -0.8976
19.875 81.375 -0.87121
19.875 81.625 -0.86668
19.875 81.875 -0.77423
19.875 82.125 -0.64576
19.875 82.375 -0.52997
19.875 82.625 -0.6369
19.875 82.875 -0.70314
19.875 83.125 -0.84354
19.875 83.375 -1.0336
19.875 83.625 -0.98628
19.875 83.875 -0.92238
19.875 84.125 -0.9646
19.875 84.375 -1.0956
19.875 84.625 -1.1326
19.875 84.875 -1.0755
19.875 85.125 -1.0677
19.875 85.375 -1.011
NaN NaN NaN
NaN NaN NaN
NaN NaN NaN
20.125 72.875 -0.63288
20.125 73.125 -0.80178
20.125 73.375 -0.83936
20.125 73.625 -0.79134
20.125 73.875 -0.81066
20.125 74.125 -0.77407
20.125 74.375 -0.70432
20.125 74.625 -0.68041
20.125 74.875 -0.60097
20.125 75.125 -0.59416
20.125 75.375 -0.54403
20.125 75.625 -0.58327
20.125 75.875 -0.60019
20.125 76.125 -0.58676
20.125 76.375 -0.57689
20.125 76.625 -0.66388
20.125 76.875 -0.64544
20.125 77.125 -0.66702
20.125 77.375 -0.66112
20.125 77.625 -0.64624
20.125 77.875 -0.61697
20.125 78.125 -0.65501
20.125 78.375 -0.65337
20.125 78.625 -0.61859
20.125 78.875 -0.67314
20.125 79.125 -0.66306
20.125 79.375 -0.63786
20.125 79.625 -0.65642
20.125 79.875 -0.661
20.125 80.125 -0.69466
20.125 80.375 -0.82197
20.125 80.625 -0.87043
20.125 80.875 -0.85148
20.125 81.125 -0.84707
20.125 81.375 -0.81653
20.125 81.625 -0.77274
20.125 81.875 -0.69316
20.125 82.125 -0.67329
20.125 82.375 -0.64616
20.125 82.625 -0.76227
20.125 82.875 -0.78707
20.125 83.125 -0.88603
20.125 83.375 -1.0274
20.125 83.625 -1.0293
20.125 83.875 -0.82989
20.125 84.125 -0.8405
20.125 84.375 -0.97002
20.125 84.625 -1.0286
20.125 84.875 -1.0622
20.125 85.125 -1.128
20.125 85.375 -1.1436
20.125 85.625 -1.0716
20.125 85.875 -1.1156
20.125 86.125 -1.147
NaN NaN NaN
20.375 73.125 -0.69775
20.375 73.375 -0.83588
20.375 73.625 -0.79606
20.375 73.875 -0.70978
20.375 74.125 -0.67595
20.375 74.375 -0.77437
20.375 74.625 -0.79155
20.375 74.875 -0.77508
20.375 75.125 -0.72617
20.375 75.375 -0.6652
20.375 75.625 -0.64191
20.375 75.875 -0.6181
20.375 76.125 -0.62556
20.375 76.375 -0.70261
20.375 76.625 -0.72345
20.375 76.875 -0.76373
20.375 77.125 -0.70655
20.375 77.375 -0.70975
20.375 77.625 -0.6174
20.375 77.875 -0.60716
20.375 78.125 -0.5625
20.375 78.375 -0.57815
20.375 78.625 -0.57747
20.375 78.875 -0.63038
20.375 79.125 -0.58174
20.375 79.375 -0.61153
20.375 79.625 -0.66444
20.375 79.875 -0.68674
20.375 80.125 -0.75401
20.375 80.375 -0.82485
20.375 80.625 -0.86414
20.375 80.875 -0.84897
20.375 81.125 -0.83191
20.375 81.375 -0.8117
20.375 81.625 -0.68948
20.375 81.875 -0.68825
20.375 82.125 -0.69385
20.375 82.375 -0.60287
20.375 82.625 -0.69213
20.375 82.875 -0.81287
20.375 83.125 -0.83291
20.375 83.375 -0.97351
20.375 83.625 -1.0215
20.375 83.875 -0.98055
20.375 84.125 -0.97103
20.375 84.375 -0.94822
20.375 84.625 -0.98612
20.375 84.875 -0.99559
20.375 85.125 -1.085
20.375 85.375 -1.1835
20.375 85.625 -1.1847
20.375 85.875 -1.1518
20.375 86.125 -1.0877
20.375 86.375 -1.085
NaN NaN NaN
20.625 73.125 -0.66552
20.625 73.375 -0.79689
20.625 73.625 -0.68538
20.625 73.875 -0.6464
20.625 74.125 -0.68059
20.625 74.375 -0.74975
20.625 74.625 -0.77965
20.625 74.875 -0.75164
20.625 75.125 -0.74742
20.625 75.375 -0.68302
20.625 75.625 -0.62074
20.625 75.875 -0.62649
20.625 76.125 -0.65333
20.625 76.375 -0.70863
20.625 76.625 -0.74176
20.625 76.875 -0.7575
20.625 77.125 -0.63614
20.625 77.375 -0.71758
20.625 77.625 -0.65203
20.625 77.875 -0.63178
20.625 78.125 -0.60365
20.625 78.375 -0.56091
20.625 78.625 -0.5638
20.625 78.875 -0.58347
20.625 79.125 -0.60094
20.625 79.375 -0.65341
20.625 79.625 -0.63365
20.625 79.875 -0.67941
20.625 80.125 -0.75025
20.625 80.375 -0.7576
20.625 80.625 -0.81726
20.625 80.875 -0.7591
20.625 81.125 -0.73446
20.625 81.375 -0.73105
20.625 81.625 -0.70583
20.625 81.875 -0.69846
20.625 82.125 -0.72555
20.625 82.375 -0.60722
20.625 82.625 -0.71706
20.625 82.875 -0.73741
20.625 83.125 -0.80681
20.625 83.375 -0.89798
20.625 83.625 -0.96989
20.625 83.875 -0.98927
20.625 84.125 -0.9319
20.625 84.375 -0.9761
20.625 84.625 -1.0031
20.625 84.875 -1.0029
20.625 85.125 -1.113
20.625 85.375 -1.1544
20.625 85.625 -1.1225
20.625 85.875 -1.1096
20.625 86.125 -0.99105
20.625 86.375 -0.95129
20.625 86.625 -0.97669
NaN NaN NaN
20.875 70.625 -0.38063
20.875 70.875 -0.3647
20.875 71.125 -0.3646
20.875 71.375 -0.47063
20.875 72.875 -0.58017
20.875 73.125 -0.61289
20.875 73.375 -0.66268
20.875 73.625 -0.68241
20.875 73.875 -0.75207
20.875 74.125 -0.71921
20.875 74.375 -0.72165
20.875 74.625 -0.75869
20.875 74.875 -0.75863
20.875 75.125 -0.69458
20.875 75.375 -0.71851
20.875 75.625 -0.64587
20.875 75.875 -0.63056
20.875 76.125 -0.68936
20.875 76.375 -0.72847
20.875 76.625 -0.70195
20.875 76.875 -0.80985
20.875 77.125 -0.7139
20.875 77.375 -0.75327
20.875 77.625 -0.72386
20.875 77.875 -0.65045
20.875 78.125 -0.67541
20.875 78.375 -0.6206
20.875 78.625 -0.5323
20.875 78.875 -0.55898
20.875 79.125 -0.61622
20.875 79.375 -0.63541
20.875 79.625 -0.63441
20.875 79.875 -0.67802
20.875 80.125 -0.64363
20.875 80.375 -0.75366
20.875 80.625 -0.7699
20.875 80.875 -0.82168
20.875 81.125 -0.80571
20.875 81.375 -0.70548
20.875 81.625 -0.75804
20.875 81.875 -0.80048
20.875 82.125 -0.74559
20.875 82.375 -0.6655
20.875 82.625 -0.70065
20.875 82.875 -0.79771
20.875 83.125 -0.81458
20.875 83.375 -0.926
20.875 83.625 -0.99908
20.875 83.875 -1.0014
20.875 84.125 -1.0057
20.875 84.375 -1.0178
20.875 84.625 -1.051
20.875 84.875 -1.0744
20.875 85.125 -1.013
20.875 85.375 -1.1408
20.875 85.625 -1.0693
20.875 85.875 -1.0639
20.875 86.125 -1.0215
20.875 86.375 -1.0246
20.875 86.625 -0.98536
21.125 70.375 -0.56174
21.125 70.625 -0.48966
21.125 70.875 -0.39458
21.125 71.125 -0.38111
21.125 71.375 -0.45696
NaN NaN NaN
NaN NaN NaN
21.125 72.875 -0.49559
21.125 73.125 -0.5945
21.125 73.375 -0.65269
21.125 73.625 -0.62154
21.125 73.875 -0.72084
21.125 74.125 -0.71887
21.125 74.375 -0.67802
21.125 74.625 -0.65496
21.125 74.875 -0.77255
21.125 75.125 -0.73025
21.125 75.375 -0.7337
21.125 75.625 -0.7433
21.125 75.875 -0.73402
21.125 76.125 -0.73884
21.125 76.375 -0.76989
21.125 76.625 -0.78522
21.125 76.875 -0.83408
21.125 77.125 -0.80648
21.125 77.375 -0.70338
21.125 77.625 -0.65412
21.125 77.875 -0.70571
21.125 78.125 -0.71982
21.125 78.375 -0.64217
21.125 78.625 -0.5585
21.125 78.875 -0.63209
21.125 79.125 -0.60828
21.125 79.375 -0.5899
21.125 79.625 -0.52705
21.125 79.875 -0.68601
21.125 80.125 -0.71723
21.125 80.375 -0.6628
21.125 80.625 -0.77369
21.125 80.875 -0.78002
21.125 81.125 -0.70927
21.125 81.375 -0.75498
21.125 81.625 -0.73948
21.125 81.875 -0.75437
21.125 82.125 -0.67471
21.125 82.375 -0.69103
21.125 82.625 -0.73412
21.125 82.875 -0.83315
21.125 83.125 -0.88384
21.125 83.375 -1.0071
21.125 83.625 -0.99516
21.125 83.875 -1.0232
21.125 84.125 -0.90162
21.125 84.375 -0.92533
21.125 84.625 -1.0135
21.125 84.875 -1.078
21.125 85.125 -1.1368
21.125 85.375 -1.0159
21.125 85.625 -0.96192
21.125 85.875 -1.0317
21.125 86.125 -0.9899
21.125 86.375 -0.94697
21.125 86.625 -0.92592
21.375 70.125 -0.4949
21.375 70.375 -0.49263
21.375 70.625 -0.46872
21.375 70.875 -0.42738
21.375 71.125 -0.45637
21.375 71.375 -0.40598
21.375 71.625 -0.40149
21.375 71.875 -0.39209
21.375 72.875 -0.50651
21.375 73.125 -0.61577
21.375 73.375 -0.64799
21.375 73.625 -0.63803
21.375 73.875 -0.66339
21.375 74.125 -0.69907
21.375 74.375 -0.69137
21.375 74.625 -0.65944
21.375 74.875 -0.64468
21.375 75.125 -0.7165
21.375 75.375 -0.72751
21.375 75.625 -0.7216
21.375 75.875 -0.69127
21.375 76.125 -0.67995
21.375 76.375 -0.72097
21.375 76.625 -0.71508
21.375 76.875 -0.82152
21.375 77.125 -0.81747
21.375 77.375 -0.69734
21.375 77.625 -0.60192
21.375 77.875 -0.67604
21.375 78.125 -0.70273
21.375 78.375 -0.68807
21.375 78.625 -0.60888
21.375 78.875 -0.69607
21.375 79.125 -0.68466
21.375 79.375 -0.61686
21.375 79.625 -0.57857
21.375 79.875 -0.69651
21.375 80.125 -0.69952
21.375 80.375 -0.74641
21.375 80.625 -0.73305
21.375 80.875 -0.77477
21.375 81.125 -0.66489
21.375 81.375 -0.75468
21.375 81.625 -0.65885
21.375 81.875 -0.67907
21.375 82.125 -0.533
21.375 82.375 -0.58908
21.375 82.625 -0.73514
21.375 82.875 -0.77674
21.375 83.125 -0.82612
21.375 83.375 -0.98624
21.375 83.625 -0.96735
21.375 83.875 -1.0511
21.375 84.125 -0.90995
21.375 84.375 -0.88258
21.375 84.625 -1.0503
21.375 84.875 -1.0708
21.375 85.125 -1.04
21.375 85.375 -0.94877
21.375 85.625 -0.81237
21.375 85.875 -0.99727
21.375 86.125 -0.93791
21.375 86.375 -0.84627
21.375 86.625 -0.91184
21.375 86.875 -0.93044
21.625 69.875 -0.45423
21.625 70.125 -0.45218
21.625 70.375 -0.45457
21.625 70.625 -0.45114
21.625 70.875 -0.44352
21.625 71.125 -0.40259
21.625 71.375 -0.43292
21.625 71.625 -0.43394
21.625 71.875 -0.38159
21.625 72.125 -0.3871
21.625 72.875 -0.49179
21.625 73.125 -0.53785
21.625 73.375 -0.60572
21.625 73.625 -0.57248
21.625 73.875 -0.6905
21.625 74.125 -0.6746
21.625 74.375 -0.61437
21.625 74.625 -0.64651
21.625 74.875 -0.59765
21.625 75.125 -0.69498
21.625 75.375 -0.65402
21.625 75.625 -0.62979
21.625 75.875 -0.59608
21.625 76.125 -0.60844
21.625 76.375 -0.66277
21.625 76.625 -0.70031
21.625 76.875 -0.77243
21.625 77.125 -0.72734
21.625 77.375 -0.66775
21.625 77.625 -0.71132
21.625 77.875 -0.68681
21.625 78.125 -0.71408
21.625 78.375 -0.66144
21.625 78.625 -0.6847
21.625 78.875 -0.79021
21.625 79.125 -0.75192
21.625 79.375 -0.64566
21.625 79.625 -0.63444
21.625 79.875 -0.56715
21.625 80.125 -0.64121
21.625 80.375 -0.70282
21.625 80.625 -0.69565
21.625 80.875 -0.80631
21.625 81.125 -0.6939
21.625 81.375 -0.78702
21.625 81.625 -0.71114
21.625 81.875 -0.73106
21.625 82.125 -0.68038
21.625 82.375 -0.67998
21.625 82.625 -0.82537
21.625 82.875 -0.87388
21.625 83.125 -0.87919
21.625 83.375 -0.92768
21.625 83.625 -0.98037
21.625 83.875 -1.0413
21.625 84.125 -0.90751
21.625 84.375 -0.95289
21.625 84.625 -0.98795
21.625 84.875 -1.0743
21.625 85.125 -1.001
21.625 85.375 -0.86829
21.625 85.625 -0.9165
21.625 85.875 -0.90249
21.625 86.125 -0.8587
21.625 86.375 -0.78659
21.625 86.625 -0.93233
21.625 86.875 -1.0364
21.625 87.125 -1.0392
NaN NaN NaN
NaN NaN NaN
21.875 69.625 -0.46713
21.875 69.875 -0.43878
21.875 70.125 -0.43622
21.875 70.375 -0.44376
21.875 70.625 -0.43329
21.875 70.875 -0.45149
21.875 71.125 -0.41389
21.875 71.375 -0.43024
21.875 71.625 -0.47374
21.875 71.875 -0.39084
21.875 72.125 -0.39542
NaN NaN NaN
21.875 72.875 -0.48045
21.875 73.125 -0.51492
21.875 73.375 -0.65239
21.875 73.625 -0.6527
21.875 73.875 -0.65134
21.875 74.125 -0.73392
21.875 74.375 -0.64547
21.875 74.625 -0.58643
21.875 74.875 -0.7127
21.875 75.125 -0.63801
21.875 75.375 -0.6995
21.875 75.625 -0.63759
21.875 75.875 -0.66211
21.875 76.125 -0.67241
21.875 76.375 -0.65667
21.875 76.625 -0.65419
21.875 76.875 -0.63316
21.875 77.125 -0.6426
21.875 77.375 -0.51727
21.875 77.625 -0.71318
21.875 77.875 -0.70753
21.875 78.125 -0.66157
21.875 78.375 -0.64467
21.875 78.625 -0.63461
21.875 78.875 -0.75777
21.875 79.125 -0.70721
21.875 79.375 -0.6128
21.875 79.625 -0.67038
21.875 79.875 -0.6824
21.875 80.125 -0.77049
21.875 80.375 -0.74892
21.875 80.625 -0.81702
21.875 80.875 -0.84609
21.875 81.125 -0.85378
21.875 81.375 -0.70757
21.875 81.625 -0.76106
21.875 81.875 -0.74236
21.875 82.125 -0.72873
21.875 82.375 -0.76074
21.875 82.625 -0.81719
21.875 82.875 -0.96559
21.875 83.125 -1.0012
21.875 83.375 -0.9641
21.875 83.625 -1.0315
21.875 83.875 -0.95546
21.875 84.125 -0.94854
21.875 84.375 -1.0456
21.875 84.625 -1.059
21.875 84.875 -1.1203
21.875 85.125 -0.98998
21.875 85.375 -0.79638
21.875 85.625 -0.85227
21.875 85.875 -0.81463
21.875 86.125 -0.77971
21.875 86.375 -0.74107
21.875 86.625 -0.85338
21.875 86.875 -1.0548
21.875 87.125 -1.0742
21.875 87.375 -1.0405
21.875 87.625 -1.0581
21.875 87.875 -1.0599
21.875 88.375 -0.98783
NaN NaN NaN
NaN NaN NaN
22.125 69.125 -0.48623
22.125 69.375 -0.46607
22.125 69.625 -0.43591
22.125 69.875 -0.36366
22.125 70.125 -0.35095
22.125 70.375 -0.38473
22.125 70.625 -0.33205
22.125 70.875 -0.43846
22.125 71.125 -0.44961
22.125 71.375 -0.4384
22.125 71.625 -0.38848
22.125 71.875 -0.3052
22.125 72.125 -0.31714
NaN NaN NaN
22.125 72.875 -0.46906
22.125 73.125 -0.53373
22.125 73.375 -0.63106
22.125 73.625 -0.55781
22.125 73.875 -0.62833
22.125 74.125 -0.664
22.125 74.375 -0.66052
22.125 74.625 -0.61029
22.125 74.875 -0.60856
22.125 75.125 -0.7174
22.125 75.375 -0.6839
22.125 75.625 -0.69879
22.125 75.875 -0.66289
22.125 76.125 -0.65191
22.125 76.375 -0.67157
22.125 76.625 -0.66913
22.125 76.875 -0.62726
22.125 77.125 -0.57466
22.125 77.375 -0.58592
22.125 77.625 -0.58719
22.125 77.875 -0.65005
22.125 78.125 -0.61036
22.125 78.375 -0.57661
22.125 78.625 -0.42795
22.125 78.875 -0.22868
22.125 79.125 -0.47396
22.125 79.375 -0.64986
22.125 79.625 -0.59299
22.125 79.875 -0.65722
22.125 80.125 -0.74667
22.125 80.375 -0.79383
22.125 80.625 -0.86505
22.125 80.875 -0.89816
22.125 81.125 -0.84049
22.125 81.375 -0.75537
22.125 81.625 -0.79365
22.125 81.875 -0.76406
22.125 82.125 -0.80407
22.125 82.375 -0.79639
22.125 82.625 -0.88505
22.125 82.875 -0.93593
22.125 83.125 -0.91848
22.125 83.375 -0.97133
22.125 83.625 -0.91861
22.125 83.875 -0.96466
22.125 84.125 -0.95544
22.125 84.375 -0.94517
22.125 84.625 -0.96232
22.125 84.875 -1.0779
22.125 85.125 -0.96429
22.125 85.375 -0.82012
22.125 85.625 -0.75359
22.125 85.875 -0.87457
22.125 86.125 -0.70191
22.125 86.375 -0.64893
22.125 86.625 -0.87197
22.125 86.875 -1.0053
22.125 87.125 -1.1204
22.125 87.375 -1.1825
22.125 87.625 -1.1687
22.125 87.875 -1.1291
22.125 88.125 -0.96881
22.125 88.375 -1.0013
NaN NaN NaN
22.375 69.125 -0.44496
22.375 69.875 -0.33541
22.375 70.125 -0.39238
22.375 70.375 -0.38356
22.375 70.625 -0.45685
22.375 70.875 -0.50424
22.375 71.125 -0.51542
22.375 71.375 -0.40012
22.375 71.625 -0.38036
22.375 71.875 -0.33274
22.375 72.125 -0.37233
NaN NaN NaN
22.375 72.875 -0.44243
22.375 73.125 -0.48846
22.375 73.375 -0.53717
22.375 73.625 -0.588
22.375 73.875 -0.61161
22.375 74.125 -0.65537
22.375 74.375 -0.64609
22.375 74.625 -0.69873
22.375 74.875 -0.70101
22.375 75.125 -0.68822
22.375 75.375 -0.5548
22.375 75.625 -0.51542
22.375 75.875 -0.64434
22.375 76.125 -0.62082
22.375 76.375 -0.60156
22.375 76.625 -0.60418
22.375 76.875 -0.56932
22.375 77.125 -0.5406
22.375 77.375 -0.53257
22.375 77.625 -0.51802
22.375 77.875 -0.61939
22.375 78.125 -0.59946
22.375 78.375 -0.58364
22.375 78.625 -0.46269
22.375 78.875 -0.40136
22.375 79.125 -0.4098
22.375 79.375 -0.55557
22.375 79.625 -0.55656
22.375 79.875 -0.63207
22.375 80.125 -0.64741
22.375 80.375 -0.72918
22.375 80.625 -0.87985
22.375 80.875 -0.86991
22.375 81.125 -0.769
22.375 81.375 -0.75431
22.375 81.625 -0.82292
22.375 81.875 -0.80299
22.375 82.125 -0.73417
22.375 82.375 -0.80366
22.375 82.625 -0.87597
22.375 82.875 -0.83783
22.375 83.125 -0.84112
22.375 83.375 -0.9318
22.375 83.625 -0.91796
22.375 83.875 -0.93732
22.375 84.125 -1.0173
22.375 84.375 -1.1304
22.375 84.625 -1.0323
22.375 84.875 -0.91401
22.375 85.125 -0.89801
22.375 85.375 -0.67058
22.375 85.625 -0.81229
22.375 85.875 -0.99229
22.375 86.125 -1.0319
22.375 86.375 -0.86199
22.375 86.625 -0.98915
22.375 86.875 -1.0235
22.375 87.125 -1.0938
22.375 87.375 -1.2316
22.375 87.625 -1.139
22.375 87.875 -1.2867
22.375 88.125 -1.1129
22.375 88.375 -1.1035
22.375 88.625 -1.0672
22.375 88.875 -0.99282
NaN NaN NaN
22.625 70.375 -0.44567
22.625 70.625 -0.49872
22.625 70.875 -0.51693
22.625 71.125 -0.52529
22.625 71.375 -0.45616
22.625 71.625 -0.40832
22.625 71.875 -0.44481
22.625 72.125 -0.37984
22.625 72.375 -0.36306
22.625 72.625 -0.37502
22.625 72.875 -0.38955
22.625 73.125 -0.44379
22.625 73.375 -0.50278
22.625 73.625 -0.53405
22.625 73.875 -0.55064
22.625 74.125 -0.60303
22.625 74.375 -0.59264
22.625 74.625 -0.70911
22.625 74.875 -0.71325
22.625 75.125 -0.6768
22.625 75.375 -0.39469
22.625 75.625 -0.3522
22.625 75.875 -0.58828
22.625 76.125 -0.55926
22.625 76.375 -0.57962
22.625 76.625 -0.60909
22.625 76.875 -0.54668
22.625 77.125 -0.53285
22.625 77.375 -0.49045
22.625 77.625 -0.52716
22.625 77.875 -0.61651
22.625 78.125 -0.65952
22.625 78.375 -0.54265
22.625 78.625 -0.49078
22.625 78.875 -0.50462
22.625 79.125 -0.54843
22.625 79.375 -0.58637
22.625 79.625 -0.52792
22.625 79.875 -0.57297
22.625 80.125 -0.61977
22.625 80.375 -0.68072
22.625 80.625 -0.74746
22.625 80.875 -0.77567
22.625 81.125 -0.76193
22.625 81.375 -0.71356
22.625 81.625 -0.71609
22.625 81.875 -0.8004
22.625 82.125 -0.85208
22.625 82.375 -0.88337
22.625 82.625 -0.98933
22.625 82.875 -0.93341
22.625 83.125 -0.85532
22.625 83.375 -0.96739
22.625 83.625 -0.99247
22.625 83.875 -1.0624
22.625 84.125 -0.64931
22.625 84.375 -1.1693
22.625 84.625 -1.1652
22.625 84.875 -0.94471
22.625 85.125 -0.86623
22.625 85.375 -0.74289
22.625 85.625 -0.90677
22.625 85.875 -1.0262
22.625 86.125 -1.1307
22.625 86.375 -0.9865
22.625 86.625 -1.0207
22.625 86.875 -1.1027
22.625 87.125 -1.1555
22.625 87.375 -1.172
22.625 87.625 -1.2423
22.625 87.875 -1.2453
22.625 88.125 -1.2515
22.625 88.375 -1.1812
22.625 88.625 -1.134
22.625 88.875 -1.0821
22.625 92.625 -0.46209
22.625 92.875 0.92996
NaN NaN NaN
NaN NaN NaN
NaN NaN NaN
22.875 70.625 -0.48861
22.875 70.875 -0.47366
22.875 71.125 -0.50365
22.875 71.375 -0.47609
22.875 71.625 -0.46117
22.875 71.875 -0.42006
22.875 72.125 -0.42471
22.875 72.375 -0.36505
22.875 72.625 -0.40492
22.875 72.875 -0.4487
22.875 73.125 -0.42363
22.875 73.375 -0.4864
22.875 73.625 -0.47947
22.875 73.875 -0.51537
22.875 74.125 -0.5934
22.875 74.375 -0.6238
22.875 74.625 -0.63097
22.875 74.875 -0.60863
22.875 75.125 -0.57472
22.875 75.375 -0.55075
22.875 75.625 -0.62461
22.875 75.875 -0.57755
22.875 76.125 -0.52163
22.875 76.375 -0.51922
22.875 76.625 -0.58006
22.875 76.875 -0.61861
22.875 77.125 -0.58789
22.875 77.375 -0.47746
22.875 77.625 -0.54435
22.875 77.875 -0.59922
22.875 78.125 -0.55068
22.875 78.375 -0.55055
22.875 78.625 -0.55733
22.875 78.875 -0.56033
22.875 79.125 -0.5904
22.875 79.375 -0.64609
22.875 79.625 -0.64457
22.875 79.875 -0.56321
22.875 80.125 -0.57497
22.875 80.375 -0.64677
22.875 80.625 -0.74079
22.875 80.875 -0.75427
22.875 81.125 -0.7704
22.875 81.375 -0.67725
22.875 81.625 -0.73278
22.875 81.875 -0.91495
22.875 82.125 -0.96099
22.875 82.375 -0.96214
22.875 82.625 -0.97428
22.875 82.875 -0.86039
22.875 83.125 -0.9007
22.875 83.375 -0.97551
22.875 83.625 -1.0021
22.875 83.875 -0.99662
22.875 84.125 -0.99327
22.875 84.375 -1.0791
22.875 84.625 -1.0214
22.875 84.875 -0.94014
22.875 85.125 -0.85997
22.875 85.375 -0.78131
22.875 85.625 -0.81596
22.875 85.875 -0.97278
22.875 86.125 -1.0711
22.875 86.375 -0.91076
22.875 86.625 -0.98127
22.875 86.875 -1.106
22.875 87.125 -1.0917
22.875 87.375 -1.108
22.875 87.625 -1.1229
22.875 87.875 -1.0872
22.875 88.125 -1.0147
22.875 88.375 -1.1112
22.875 88.625 -1.1093
22.875 92.625 -0.54128
22.875 92.875 0.1687
23.125 68.875 -0.35324
23.125 69.125 -0.36031
23.125 69.375 -0.37203
23.125 69.625 -0.35757
23.125 69.875 -0.37708
23.125 70.125 -0.33276
23.125 70.875 -0.45383
23.125 71.125 -0.4784
23.125 71.375 -0.51223
23.125 71.625 -0.46824
23.125 71.875 -0.42799
23.125 72.125 -0.34644
23.125 72.375 -0.33437
23.125 72.625 -0.39312
23.125 72.875 -0.42449
23.125 73.125 -0.41886
23.125 73.375 -0.44832
23.125 73.625 -0.47672
23.125 73.875 -0.47321
23.125 74.125 -0.51649
23.125 74.375 -0.54345
23.125 74.625 -0.58814
23.125 74.875 -0.58317
23.125 75.125 -0.58797
23.125 75.375 -0.49314
23.125 75.625 -0.55195
23.125 75.875 -0.60113
23.125 76.125 -0.53565
23.125 76.375 -0.50213
23.125 76.625 -0.50556
23.125 76.875 -0.58579
23.125 77.125 -0.5647
23.125 77.375 -0.57683
23.125 77.625 -0.57572
23.125 77.875 -0.53877
23.125 78.125 -0.5481
23.125 78.375 -0.55599
23.125 78.625 -0.5339
23.125 78.875 -0.58239
23.125 79.125 -0.62493
23.125 79.375 -0.60777
23.125 79.625 -0.64412
23.125 79.875 -0.57289
23.125 80.125 -0.60281
23.125 80.375 -0.60115
23.125 80.625 -0.70989
23.125 80.875 -0.69599
23.125 81.125 -0.67413
23.125 81.375 -0.70033
23.125 81.625 -0.77772
23.125 81.875 -0.84909
23.125 82.125 -0.81598
23.125 82.375 -0.83723
23.125 82.625 -0.86248
23.125 82.875 -0.81562
23.125 83.125 -0.87364
23.125 83.375 -0.95315
23.125 83.625 -0.86361
23.125 83.875 -0.94786
23.125 84.125 -0.96966
23.125 84.375 -0.88532
23.125 84.625 -0.82026
23.125 84.875 -0.87312
23.125 85.125 -0.77367
23.125 85.375 -0.77578
23.125 85.625 -0.82429
23.125 85.875 -0.96965
23.125 86.125 -1.0088
23.125 86.375 -0.96156
23.125 86.625 -0.98628
23.125 86.875 -1.0055
23.125 87.125 -1.067
23.125 87.375 -0.94805
23.125 87.625 -1.065
23.125 87.875 -1.0718
23.125 88.125 -0.89606
23.125 88.375 -1.023
23.125 88.625 -1.0531
NaN NaN NaN
23.125 92.625 -0.78197
23.125 92.875 -0.49504
NaN NaN NaN
23.375 68.875 -0.35214
23.375 69.125 -0.36011
23.375 69.375 -0.36521
23.375 69.625 -0.3606
23.375 69.875 -0.37402
23.375 70.125 -0.35027
23.375 70.375 -0.34295
23.375 70.625 -0.35443
23.375 70.875 -0.37423
23.375 71.125 -0.40155
23.375 71.375 -0.44043
23.375 71.625 -0.43482
23.375 71.875 -0.45238
23.375 72.125 -0.42084
23.375 72.375 -0.45647
23.375 72.625 -0.44019
23.375 72.875 -0.40938
23.375 73.125 -0.44778
23.375 73.375 -0.43552
23.375 73.625 -0.43701
23.375 73.875 -0.41975
23.375 74.125 -0.46686
23.375 74.375 -0.48044
23.375 74.625 -0.59745
23.375 74.875 -0.54982
23.375 75.125 -0.52509
23.375 75.375 -0.4438
23.375 75.625 -0.50994
23.375 75.875 -0.5722
23.375 76.125 -0.56279
23.375 76.375 -0.53251
23.375 76.625 -0.55125
23.375 76.875 -0.57664
23.375 77.125 -0.53692
23.375 77.375 -0.61339
23.375 77.625 -0.59375
23.375 77.875 -0.53362
23.375 78.125 -0.52695
23.375 78.375 -0.52108
23.375 78.625 -0.51867
23.375 78.875 -0.55088
23.375 79.125 -0.61736
23.375 79.375 -0.62168
23.375 79.625 -0.64166
23.375 79.875 -0.60131
23.375 80.125 -0.70238
23.375 80.375 -0.66391
23.375 80.625 -0.61727
23.375 80.875 -0.71175
23.375 81.125 -0.66676
23.375 81.375 -0.69215
23.375 81.625 -0.75488
23.375 81.875 -0.78486
23.375 82.125 -0.7495
23.375 82.375 -0.7625
23.375 82.625 -0.75263
23.375 82.875 -0.74125
23.375 83.125 -0.91353
23.375 83.375 -0.95077
23.375 83.625 -0.94982
23.375 83.875 -0.95375
23.375 84.125 -0.86252
23.375 84.375 -0.80134
23.375 84.625 -0.8579
23.375 84.875 -0.9672
23.375 85.125 -0.78206
23.375 85.375 -0.80861
23.375 85.625 -0.84386
23.375 85.875 -1.0308
23.375 86.125 -0.99289
23.375 86.375 -0.9096
23.375 86.625 -0.92499
23.375 86.875 -0.86027
23.375 87.125 -1.0282
23.375 87.375 -1.1118
23.375 87.625 -1.1049
23.375 87.875 -0.86655
23.375 88.125 -0.77963
23.375 88.375 -0.93411
23.375 88.625 -0.94293
23.375 91.375 -1.3156
23.375 91.625 -1.2713
23.375 92.625 -0.83263
23.375 92.875 -0.69304
23.375 93.125 -0.47573
23.625 68.625 -0.28353
23.625 68.875 -0.31344
23.625 69.125 -0.35374
23.625 69.375 -0.35095
23.625 69.625 -0.35529
23.625 69.875 -0.3504
23.625 70.125 -0.33167
23.625 70.375 -0.34396
23.625 70.625 -0.33875
23.625 70.875 -0.32401
23.625 71.125 -0.34715
23.625 71.375 -0.39551
23.625 71.625 -0.42987
23.625 71.875 -0.44102
23.625 72.125 -0.43986
23.625 72.375 -0.46764
23.625 72.625 -0.41354
23.625 72.875 -0.41092
23.625 73.125 -0.42686
23.625 73.375 -0.41654
23.625 73.625 -0.42193
23.625 73.875 -0.44115
23.625 74.125 -0.41489
23.625 74.375 -0.47886
23.625 74.625 -0.57955
23.625 74.875 -0.52341
23.625 75.125 -0.5212
23.625 75.375 -0.47109
23.625 75.625 -0.50839
23.625 75.875 -0.51578
23.625 76.125 -0.54795
23.625 76.375 -0.51329
23.625 76.625 -0.52763
23.625 76.875 -0.55512
23.625 77.125 -0.50448
23.625 77.375 -0.5933
23.625 77.625 -0.57265
23.625 77.875 -0.53759
23.625 78.125 -0.51875
23.625 78.375 -0.48939
23.625 78.625 -0.51826
23.625 78.875 -0.55244
23.625 79.125 -0.58937
23.625 79.375 -0.60393
23.625 79.625 -0.63998
23.625 79.875 -0.69261
23.625 80.125 -0.69209
23.625 80.375 -0.70352
23.625 80.625 -0.69118
23.625 80.875 -0.64813
23.625 81.125 -0.63911
23.625 81.375 -0.67977
23.625 81.625 -0.66262
23.625 81.875 -0.75904
23.625 82.125 -0.76344
23.625 82.375 -0.74063
23.625 82.625 -0.69355
23.625 82.875 -0.74921
23.625 83.125 -0.9122
23.625 83.375 -0.90081
23.625 83.625 -0.93674
23.625 83.875 -0.90257
23.625 84.125 -0.86486
23.625 84.375 -0.84847
23.625 84.625 -0.87699
23.625 84.875 -1.0137
23.625 85.125 -0.93107
23.625 85.375 -0.84921
23.625 85.625 -0.92851
23.625 85.875 -0.94183
23.625 86.125 -0.91997
23.625 86.375 -0.94184
23.625 86.625 -0.87552
23.625 86.875 -0.97908
23.625 87.125 -1.064
23.625 87.375 -1.0343
23.625 87.625 -0.94664
23.625 87.875 -0.85089
23.625 88.125 -0.80742
23.625 88.375 -0.8766
23.625 91.375 -1.3939
23.625 91.625 -1.2273
NaN NaN NaN
23.625 92.375 -0.99819
23.625 92.625 -0.90132
23.625 92.875 -0.84039
23.625 93.125 -0.59691
23.875 68.875 -0.30977
23.875 69.125 -0.33174
23.875 69.375 -0.3362
23.875 69.625 -0.35371
23.875 69.875 -0.34778
23.875 70.125 -0.33518
23.875 70.375 -0.32692
23.875 70.625 -0.34375
23.875 70.875 -0.37689
23.875 71.125 -0.37158
23.875 71.375 -0.36997
23.875 71.625 -0.40746
23.875 71.875 -0.45501
23.875 72.125 -0.43012
23.875 72.375 -0.45473
23.875 72.625 -0.42221
23.875 72.875 -0.44388
23.875 73.125 -0.42889
23.875 73.375 -0.42299
23.875 73.625 -0.36958
23.875 73.875 -0.44823
23.875 74.125 -0.46618
23.875 74.375 -0.44315
23.875 74.625 -0.46848
23.875 74.875 -0.50285
23.875 75.125 -0.51999
23.875 75.375 -0.50618
23.875 75.625 -0.48762
23.875 75.875 -0.50955
23.875 76.125 -0.4364
23.875 76.375 -0.40359
23.875 76.625 -0.47295
23.875 76.875 -0.48801
23.875 77.125 -0.46662
23.875 77.375 -0.49615
23.875 77.625 -0.54085
23.875 77.875 -0.53231
23.875 78.125 -0.53084
23.875 78.375 -0.50743
23.875 78.625 -0.44097
23.875 78.875 -0.51295
23.875 79.125 -0.58888
23.875 79.375 -0.60522
23.875 79.625 -0.64357
23.875 79.875 -0.58476
23.875 80.125 -0.62573
23.875 80.375 -0.62303
23.875 80.625 -0.63323
23.875 80.875 -0.57332
23.875 81.125 -0.56128
23.875 81.375 -0.63031
23.875 81.625 -0.61125
23.875 81.875 -0.70125
23.875 82.125 -0.73951
23.875 82.375 -0.7378
23.875 82.625 -0.69025
23.875 82.875 -0.70221
23.875 83.125 -0.80873
23.875 83.375 -0.88917
23.875 83.625 -0.89048
23.875 83.875 -0.815
23.875 84.125 -0.82801
23.875 84.375 -0.91602
23.875 84.625 -0.8966
23.875 84.875 -0.90657
23.875 85.125 -0.8135
23.875 85.375 -0.83837
23.875 85.625 -0.7813
23.875 85.875 -0.94082
23.875 86.125 -0.98755
23.875 86.375 -0.83183
23.875 86.625 -0.83344
23.875 86.875 -0.82596
23.875 87.125 -0.95521
23.875 87.375 -0.97358
23.875 87.625 -0.78057
23.875 87.875 -0.94831
23.875 88.125 -0.90402
23.875 88.375 -0.89531
23.875 91.375 -1.2042
23.875 91.625 -1.0824
23.875 91.875 -0.9281
23.875 92.125 -1.2395
23.875 92.375 -1.1363
23.875 92.625 -1.0148
23.875 92.875 -0.93397
23.875 93.125 -0.65159
23.875 93.375 -0.49718
24.125 68.875 -0.30507
24.125 69.125 -0.32126
24.125 69.375 -0.3294
24.125 69.625 -0.34283
24.125 69.875 -0.34322
24.125 70.125 -0.3361
24.125 70.375 -0.34791
24.125 70.625 -0.38269
24.125 70.875 -0.40285
24.125 71.125 -0.40755
24.125 71.375 -0.4035
24.125 71.625 -0.41197
24.125 71.875 -0.45
24.125 72.125 -0.4848
24.125 72.375 -0.49581
24.125 72.625 -0.42193
24.125 72.875 -0.47012
24.125 73.125 -0.44118
24.125 73.375 -0.46207
24.125 73.625 -0.44089
24.125 73.875 -0.47581
24.125 74.125 -0.48915
24.125 74.375 -0.42204
24.125 74.625 -0.43172
24.125 74.875 -0.46421
24.125 75.125 -0.48025
24.125 75.375 -0.42734
24.125 75.625 -0.44721
24.125 75.875 -0.46908
24.125 76.125 -0.45721
24.125 76.375 -0.39904
24.125 76.625 -0.35965
24.125 76.875 -0.39706
24.125 77.125 -0.36712
24.125 77.375 -0.43225
24.125 77.625 -0.48411
24.125 77.875 -0.50532
24.125 78.125 -0.50007
24.125 78.375 -0.47182
24.125 78.625 -0.44282
24.125 78.875 -0.45925
24.125 79.125 -0.51625
24.125 79.375 -0.57292
24.125 79.625 -0.57055
24.125 79.875 -0.58046
24.125 80.125 -0.58531
24.125 80.375 -0.53322
24.125 80.625 -0.55819
24.125 80.875 -0.59292
24.125 81.125 -0.60222
24.125 81.375 -0.57866
24.125 81.625 -0.59873
24.125 81.875 -0.69391
24.125 82.125 -0.74793
24.125 82.375 -0.73694
24.125 82.625 -0.69856
24.125 82.875 -0.63201
24.125 83.125 -0.70623
24.125 83.375 -0.90783
24.125 83.625 -0.93048
24.125 83.875 -0.91679
24.125 84.125 -0.95017
24.125 84.375 -0.91944
24.125 84.625 -0.94211
24.125 84.875 -0.98696
24.125 85.125 -0.73589
24.125 85.375 -0.76341
24.125 85.625 -0.84106
24.125 85.875 -0.83872
24.125 86.125 -0.82283
24.125 86.375 -0.66385
24.125 86.625 -0.79357
24.125 86.875 -0.82725
24.125 87.125 -0.90036
24.125 87.375 -0.98269
24.125 87.625 -0.85305
24.125 87.875 -0.97469
24.125 88.125 -0.96142
24.125 88.375 -0.93286
24.125 91.875 -1.2023
24.125 92.125 -1.2414
24.125 92.375 -1.2235
24.125 92.625 -1.0455
24.125 92.875 -1.0216
24.125 93.125 -0.78058
24.125 93.375 -0.49208
24.125 93.625 -0.26569
24.125 93.875 -0.066964
NaN NaN NaN
24.375 71.375 -0.39187
24.375 71.625 -0.35977
24.375 71.875 -0.33293
24.375 72.125 -0.47718
24.375 72.375 -0.5448
24.375 72.625 -0.49543
24.375 72.875 -0.54609
24.375 73.125 -0.50765
24.375 73.375 -0.44152
24.375 73.625 -0.46811
24.375 73.875 -0.44958
24.375 74.125 -0.42609
24.375 74.375 -0.44036
24.375 74.625 -0.43445
24.375 74.875 -0.43345
24.375 75.125 -0.44219
24.375 75.375 -0.42958
24.375 75.625 -0.43178
24.375 75.875 -0.43244
24.375 76.125 -0.46844
24.375 76.375 -0.45263
24.375 76.625 -0.50698
24.375 76.875 -0.39554
24.375 77.125 -0.35713
24.375 77.375 -0.39108
24.375 77.625 -0.44825
24.375 77.875 -0.47398
24.375 78.125 -0.46028
24.375 78.375 -0.39888
24.375 78.625 -0.41052
24.375 78.875 -0.45094
24.375 79.125 -0.50725
24.375 79.375 -0.47952
24.375 79.625 -0.52861
24.375 79.875 -0.57853
24.375 80.125 -0.51074
24.375 80.375 -0.52224
24.375 80.625 -0.53016
24.375 80.875 -0.55113
24.375 81.125 -0.54422
24.375 81.375 -0.5546
24.375 81.625 -0.55865
24.375 81.875 -0.63199
24.375 82.125 -0.71981
24.375 82.375 -0.72471
24.375 82.625 -0.68646
24.375 82.875 -0.68979
24.375 83.125 -0.6749
24.375 83.375 -0.73327
24.375 83.625 -0.75326
24.375 83.875 -0.851
24.375 84.125 -0.89338
24.375 84.375 -0.82956
24.375 84.625 -0.7971
24.375 84.875 -0.95973
24.375 85.125 -0.84238
24.375 85.375 -0.84158
24.375 85.625 -0.81183
24.375 85.875 -0.81423
24.375 86.125 -0.869
24.375 86.375 -0.88969
24.375 86.625 -0.77867
24.375 86.875 -0.83606
24.375 87.125 -0.85154
24.375 87.375 -0.94386
24.375 87.625 -0.93907
24.375 87.875 -0.9761
24.375 88.125 -0.95403
24.375 92.375 -1.193
24.375 92.625 -1.2988
24.375 92.875 -1.1996
24.375 93.125 -0.99189
24.375 93.375 -0.73521
24.375 93.625 -0.58272
24.375 93.875 -0.47996
24.375 94.125 -0.49971
24.625 71.125 -0.39006
24.625 71.375 -0.37481
24.625 71.625 -0.3547
24.625 71.875 -0.41385
24.625 72.125 -0.47561
24.625 72.375 -0.52612
24.625 72.625 -0.54807
24.625 72.875 -0.46932
24.625 73.125 -0.53627
24.625 73.375 -0.43363
24.625 73.625 -0.42139
24.625 73.875 -0.37265
24.625 74.125 -0.41321
24.625 74.375 -0.40224
24.625 74.625 -0.42221
24.625 74.875 -0.45356
24.625 75.125 -0.48049
24.625 75.375 -0.4561
24.625 75.625 -0.41536
24.625 75.875 -0.48111
24.625 76.125 -0.46753
24.625 76.375 -0.56591
24.625 76.625 -0.5219
24.625 76.875 -0.36333
24.625 77.125 -0.36915
24.625 77.375 -0.37346
24.625 77.625 -0.41865
24.625 77.875 -0.4421
24.625 78.125 -0.46387
24.625 78.375 -0.43314
24.625 78.625 -0.42489
24.625 78.875 -0.43374
24.625 79.125 -0.46579
24.625 79.375 -0.42014
24.625 79.625 -0.51067
24.625 79.875 -0.56739
24.625 80.125 -0.5693
24.625 80.375 -0.55124
24.625 80.625 -0.47041
24.625 80.875 -0.58836
24.625 81.125 -0.55436
24.625 81.375 -0.56455
24.625 81.625 -0.54521
24.625 81.875 -0.61384
24.625 82.125 -0.67345
24.625 82.375 -0.73024
24.625 82.625 -0.66415
24.625 82.875 -0.71637
24.625 83.125 -0.74048
24.625 83.375 -0.77547
24.625 83.625 -0.84427
24.625 83.875 -0.82324
24.625 84.125 -0.8661
24.625 84.375 -0.82444
24.625 84.625 -0.82765
24.625 84.875 -0.88155
24.625 85.125 -0.8578
24.625 85.375 -0.67309
24.625 85.625 -0.69569
24.625 85.875 -0.79479
24.625 86.125 -0.84393
24.625 86.375 -0.81801
24.625 86.625 -0.83605
24.625 86.875 -0.85311
24.625 87.125 -0.89041
24.625 87.375 -0.92463
24.625 87.625 -0.96868
24.625 87.875 -0.90978
24.625 92.375 -1.3259
24.625 92.625 -1.2843
24.625 92.875 -1.3239
24.625 93.125 -0.96332
24.625 93.375 -0.7603
24.625 93.625 -0.70529
24.625 93.875 -0.66149
24.625 94.125 -0.62647
NaN NaN NaN
24.875 71.125 -0.4198
24.875 71.375 -0.38391
24.875 71.625 -0.41507
24.875 71.875 -0.42317
24.875 72.125 -0.39516
24.875 72.375 -0.47792
24.875 72.625 -0.53581
24.875 72.875 -0.53116
24.875 73.125 -0.46325
24.875 73.375 -0.47527
24.875 73.625 -0.42889
24.875 73.875 -0.37863
24.875 74.125 -0.41022
24.875 74.375 -0.3828
24.875 74.625 -0.34157
24.875 74.875 -0.46827
24.875 75.125 -0.4757
24.875 75.375 -0.45787
24.875 75.625 -0.4436
24.875 75.875 -0.45217
24.875 76.125 -0.46062
24.875 76.375 -0.52507
24.875 76.625 -0.54548
24.875 76.875 -0.42461
24.875 77.125 -0.41262
24.875 77.375 -0.43691
24.875 77.625 -0.43298
24.875 77.875 -0.43137
24.875 78.125 -0.4553
24.875 78.375 -0.46681
24.875 78.625 -0.46135
24.875 78.875 -0.41652
24.875 79.125 -0.48107
24.875 79.375 -0.3853
24.875 79.625 -0.5308
24.875 79.875 -0.54975
24.875 80.125 -0.54826
24.875 80.375 -0.47587
24.875 80.625 -0.44787
24.875 80.875 -0.48972
24.875 81.125 -0.56231
24.875 81.375 -0.52537
24.875 81.625 -0.53143
24.875 81.875 -0.57653
24.875 82.125 -0.59664
24.875 82.375 -0.65407
24.875 82.625 -0.6969
24.875 82.875 -0.73572
24.875 83.125 -0.64798
24.875 83.375 -0.63804
24.875 83.625 -0.75597
24.875 83.875 -0.83923
24.875 84.125 -0.8485
24.875 84.375 -0.82363
24.875 84.625 -0.8403
24.875 84.875 -0.86222
24.875 85.125 -0.77427
24.875 85.375 -0.73032
24.875 85.625 -0.68862
24.875 85.875 -0.8313
24.875 86.125 -0.8752
24.875 86.375 -0.79706
24.875 86.625 -0.83392
24.875 86.875 -0.8603
24.875 87.125 -0.83125
24.875 87.375 -0.74266
24.875 87.625 -0.91121
24.875 87.875 -0.89628
24.875 88.125 -0.90361
24.875 92.625 -1.0753
24.875 92.875 -1.0544
24.875 93.125 -0.78315
24.875 93.375 -0.63966
24.875 93.625 -0.60622
24.875 93.875 -0.62304
24.875 94.125 -0.56749
24.875 94.375 -0.39368
25.125 71.125 -0.40279
25.125 71.375 -0.4102
25.125 71.625 -0.41714
25.125 71.875 -0.43592
25.125 72.125 -0.42659
25.125 72.375 -0.43981
25.125 72.625 -0.46318
25.125 72.875 -0.51103
25.125 73.125 -0.50663
25.125 73.375 -0.52712
25.125 73.625 -0.4458
25.125 73.875 -0.33455
25.125 74.125 -0.34818
25.125 74.375 -0.30295
25.125 74.625 -0.30796
25.125 74.875 -0.35662
25.125 75.125 -0.4087
25.125 75.375 -0.42685
25.125 75.625 -0.47309
25.125 75.875 -0.38067
25.125 76.125 -0.44807
25.125 76.375 -0.48021
25.125 76.625 -0.47353
25.125 76.875 -0.41375
25.125 77.125 -0.44537
25.125 77.375 -0.42614
25.125 77.625 -0.46493
25.125 77.875 -0.42511
25.125 78.125 -0.46598
25.125 78.375 -0.46528
25.125 78.625 -0.46356
25.125 78.875 -0.48092
25.125 79.125 -0.52019
25.125 79.375 -0.56229
25.125 79.625 -0.55649
25.125 79.875 -0.57124
25.125 80.125 -0.50247
25.125 80.375 -0.46013
25.125 80.625 -0.48596
25.125 80.875 -0.5074
25.125 81.125 -0.53095
25.125 81.375 -0.52516
25.125 81.625 -0.51459
25.125 81.875 -0.566
25.125 82.125 -0.59122
25.125 82.375 -0.63063
25.125 82.625 -0.57725
25.125 82.875 -0.66126
25.125 83.125 -0.70811
25.125 83.375 -0.76474
25.125 83.625 -0.58367
25.125 83.875 -0.64696
25.125 84.125 -0.61661
25.125 84.375 -0.80269
25.125 84.625 -0.76763
25.125 84.875 -0.77526
25.125 85.125 -0.75457
25.125 85.375 -0.69846
25.125 85.625 -0.81012
25.125 85.875 -0.87702
25.125 86.125 -0.81188
25.125 86.375 -0.68061
25.125 86.625 -0.84086
25.125 86.875 -0.97614
25.125 87.125 -0.79524
25.125 87.375 -0.8123
25.125 87.625 -0.86234
25.125 87.875 -0.80581
25.125 88.125 -0.84722
25.125 88.375 -0.83896
25.125 92.375 -1.0161
25.125 92.625 -0.93358
25.125 92.875 -0.82893
25.125 93.125 -0.75069
25.125 93.375 -0.71805
25.125 93.625 -0.65176
25.125 93.875 -0.57019
25.125 94.125 -0.4715
25.125 94.375 -0.32954
25.375 70.875 -0.25305
25.375 71.125 -0.41193
25.375 71.375 -0.42588
25.375 71.625 -0.41899
25.375 71.875 -0.40021
25.375 72.125 -0.43435
25.375 72.375 -0.43933
25.375 72.625 -0.4519
25.375 72.875 -0.38037
25.375 73.125 -0.47186
25.375 73.375 -0.49801
25.375 73.625 -0.43943
25.375 73.875 -0.39566
25.375 74.125 -0.24827
25.375 74.375 -0.28311
25.375 74.625 -0.32624
25.375 74.875 -0.39374
25.375 75.125 -0.33796
25.375 75.375 -0.36643
25.375 75.625 -0.45775
25.375 75.875 -0.42651
25.375 76.125 -0.40709
25.375 76.375 -0.43904
25.375 76.625 -0.59985
25.375 76.875 -0.56468
25.375 77.125 -0.44252
25.375 77.375 -0.45689
25.375 77.625 -0.49399
25.375 77.875 -0.48751
25.375 78.125 -0.49247
25.375 78.375 -0.47624
25.375 78.625 -0.49171
25.375 78.875 -0.43549
25.375 79.125 -0.48143
25.375 79.375 -0.54941
25.375 79.625 -0.525
25.375 79.875 -0.55829
25.375 80.125 -0.55121
25.375 80.375 -0.5181
25.375 80.625 -0.48569
25.375 80.875 -0.58251
25.375 81.125 -0.54914
25.375 81.375 -0.5365
25.375 81.625 -0.49387
25.375 81.875 -0.51265
25.375 82.125 -0.61723
25.375 82.375 -0.64367
25.375 82.625 -0.62884
25.375 82.875 -0.65245
25.375 83.125 -0.62414
25.375 83.375 -0.6263
25.375 83.625 -0.46932
25.375 83.875 -0.6372
25.375 84.125 -0.74926
25.375 84.375 -0.80462
25.375 84.625 -0.70367
25.375 84.875 -0.75084
25.375 85.125 -0.76958
25.375 85.375 -0.79402
25.375 85.625 -0.62278
25.375 85.875 -0.81664
25.375 86.125 -0.85682
25.375 86.375 -0.70893
25.375 86.625 -0.75669
25.375 86.875 -0.82888
25.375 87.125 -0.81801
25.375 87.375 -0.69655
25.375 87.625 -0.81972
25.375 87.875 -0.84582
25.375 88.125 -0.90635
25.375 88.375 -0.93069
25.375 88.625 -0.9267
25.375 90.125 -1.1925
25.375 90.375 -1.0839
25.375 90.625 -0.92351
25.375 90.875 -0.93978
25.375 91.125 -0.81651
25.375 91.375 -0.51875
25.375 91.625 -0.5495
25.375 91.875 -0.53488
25.375 92.125 -0.50151
25.375 92.375 -0.38101
25.375 92.625 -0.43786
25.375 92.875 -0.76985
25.375 93.125 -0.87989
25.375 93.375 -0.84868
25.375 93.625 -0.68233
25.375 93.875 -0.42158
25.375 94.125 -0.32055
25.375 94.375 -0.44208
25.625 70.875 -0.40887
25.625 71.125 -0.38546
25.625 71.375 -0.40696
25.625 71.625 -0.36614
25.625 71.875 -0.33922
25.625 72.125 -0.36626
25.625 72.375 -0.39871
25.625 72.625 -0.3535
25.625 72.875 -0.34387
25.625 73.125 -0.36205
25.625 73.375 -0.43169
25.625 73.625 -0.41963
25.625 73.875 -0.3535
25.625 74.125 -0.37519
25.625 74.375 -0.25273
25.625 74.625 -0.29667
25.625 74.875 -0.37555
25.625 75.125 -0.40061
25.625 75.375 -0.38631
25.625 75.625 -0.40711
25.625 75.875 -0.4752
25.625 76.125 -0.45414
25.625 76.375 -0.42966
25.625 76.625 -0.56476
25.625 76.875 -0.5617
25.625 77.125 -0.57343
25.625 77.375 -0.50247
25.625 77.625 -0.49848
25.625 77.875 -0.50669
25.625 78.125 -0.46911
25.625 78.375 -0.45889
25.625 78.625 -0.50256
25.625 78.875 -0.50353
25.625 79.125 -0.53812
25.625 79.375 -0.5179
25.625 79.625 -0.52836
25.625 79.875 -0.50977
25.625 80.125 -0.47611
25.625 80.375 -0.51559
25.625 80.625 -0.5166
25.625 80.875 -0.52349
25.625 81.125 -0.52967
25.625 81.375 -0.61152
25.625 81.625 -0.61912
25.625 81.875 -0.59424
25.625 82.125 -0.59117
25.625 82.375 -0.61148
25.625 82.625 -0.56023
25.625 82.875 -0.68412
25.625 83.125 -0.66752
25.625 83.375 -0.61935
25.625 83.625 -0.6232
25.625 83.875 -0.65052
25.625 84.125 -0.7549
25.625 84.375 -0.67665
25.625 84.625 -0.75602
25.625 84.875 -0.70005
25.625 85.125 -0.68395
25.625 85.375 -0.73667
25.625 85.625 -0.79023
25.625 85.875 -0.78671
25.625 86.125 -0.77395
25.625 86.375 -0.74302
25.625 86.625 -0.64579
25.625 86.875 -0.67765
25.625 87.125 -0.71806
25.625 87.375 -0.77656
25.625 87.625 -0.77793
25.625 87.875 -0.8234
25.625 88.125 -0.9506
25.625 90.125 -1.1491
25.625 90.375 -1.0326
25.625 90.625 -0.93825
25.625 90.875 -0.89344
25.625 91.125 -0.94773
25.625 91.375 -0.68027
25.625 91.625 -0.47096
25.625 91.875 -0.44173
25.625 92.125 -0.45015
25.625 92.375 -0.30768
25.625 92.625 -0.42151
25.625 92.875 -0.81092
25.625 93.125 -0.96042
25.625 93.375 -0.85327
25.625 93.625 -0.77967
25.625 93.875 -0.5803
25.625 94.125 -0.55378
25.625 94.375 -0.74004
NaN NaN NaN
NaN NaN NaN
25.875 70.375 -0.36248
25.875 70.625 -0.37706
25.875 70.875 -0.36327
25.875 71.125 -0.36359
25.875 71.375 -0.37969
25.875 71.625 -0.28724
25.875 71.875 -0.313
25.875 72.125 -0.28724
25.875 72.375 -0.36006
25.875 72.625 -0.3571
25.875 72.875 -0.34391
25.875 73.125 -0.37079
25.875 73.375 -0.37475
25.875 73.625 -0.44833
25.875 73.875 -0.3863
25.875 74.125 -0.357
25.875 74.375 -0.30756
25.875 74.625 -0.34997
25.875 74.875 -0.36472
25.875 75.125 -0.39865
25.875 75.375 -0.41464
25.875 75.625 -0.46096
25.875 75.875 -0.49136
25.875 76.125 -0.42355
25.875 76.375 -0.43431
25.875 76.625 -0.54101
25.875 76.875 -0.59279
25.875 77.125 -0.4544
25.875 77.375 -0.49987
25.875 77.625 -0.49798
25.875 77.875 -0.49011
25.875 78.125 -0.45481
25.875 78.375 -0.48619
25.875 78.625 -0.54085
25.875 78.875 -0.55945
25.875 79.125 -0.53977
25.875 79.375 -0.54243
25.875 79.625 -0.53196
25.875 79.875 -0.50692
25.875 80.125 -0.47185
25.875 80.375 -0.47179
25.875 80.625 -0.46093
25.875 80.875 -0.47639
25.875 81.125 -0.36275
25.875 81.375 -0.54071
25.875 81.625 -0.62143
25.875 81.875 -0.59156
25.875 82.125 -0.63933
25.875 82.375 -0.64505
25.875 82.625 -0.69714
25.875 82.875 -0.6304
25.875 83.125 -0.74503
25.875 83.375 -0.70198
25.875 83.625 -0.54957
25.875 83.875 -0.67272
25.875 84.125 -0.62004
25.875 84.375 -0.61672
25.875 84.625 -0.65415
25.875 84.875 -0.69885
25.875 85.125 -0.64773
25.875 85.375 -0.68497
25.875 85.625 -0.72036
25.875 85.875 -0.76853
25.875 86.125 -0.71218
25.875 86.375 -0.7145
25.875 86.625 -0.72212
25.875 86.875 -0.73341
25.875 87.125 -0.71889
25.875 87.375 -0.76163
25.875 87.625 -0.81124
25.875 87.875 -0.87074
25.875 90.125 -1.1059
25.875 90.375 -1.0871
25.875 90.625 -1.0857
25.875 90.875 -0.91101
25.875 91.125 -0.95068
25.875 91.375 -0.72458
25.875 91.625 -0.70154
25.875 91.875 -0.75786
25.875 92.125 -0.80914
25.875 92.375 -0.87295
25.875 92.625 -0.81103
25.875 92.875 -1.0627
25.875 93.125 -0.96089
25.875 93.375 -0.8133
25.875 93.625 -0.96145
25.875 93.875 -1.151
25.875 94.125 -1.2117
25.875 94.375 -1.0627
25.875 94.625 -0.64587
25.875 94.875 -0.12574
26.125 70.375 -0.29459
26.125 70.625 -0.34465
26.125 70.875 -0.32381
26.125 71.125 -0.29729
26.125 71.375 -0.34503
26.125 71.625 -0.3221
26.125 71.875 -0.36119
26.125 72.125 -0.34518
26.125 72.375 -0.38235
26.125 72.625 -0.34788
26.125 72.875 -0.33734
26.125 73.125 -0.35922
26.125 73.375 -0.39054
26.125 73.625 -0.42103
26.125 73.875 -0.48433
26.125 74.125 -0.36753
26.125 74.375 -0.35605
26.125 74.625 -0.35978
26.125 74.875 -0.35682
26.125 75.125 -0.38351
26.125 75.375 -0.41455
26.125 75.625 -0.41599
26.125 75.875 -0.47839
26.125 76.125 -0.4429
26.125 76.375 -0.43035
26.125 76.625 -0.4731
26.125 76.875 -0.50464
26.125 77.125 -0.45996
26.125 77.375 -0.46838
26.125 77.625 -0.48745
26.125 77.875 -0.51515
26.125 78.125 -0.49372
26.125 78.375 -0.51584
26.125 78.625 -0.52505
26.125 78.875 -0.61352
26.125 79.125 -0.55186
26.125 79.375 -0.52843
26.125 79.625 -0.52066
26.125 79.875 -0.49572
26.125 80.125 -0.48528
26.125 80.375 -0.45375
26.125 80.625 -0.48327
26.125 80.875 -0.5615
26.125 81.125 -0.51084
26.125 81.375 -0.56155
26.125 81.625 -0.56991
26.125 81.875 -0.62202
26.125 82.125 -0.62671
26.125 82.375 -0.6146
26.125 82.625 -0.6747
26.125 82.875 -0.68853
26.125 83.125 -0.71186
26.125 83.375 -0.67676
26.125 83.625 -0.63707
26.125 83.875 -0.69038
26.125 84.125 -0.70714
26.125 84.375 -0.65637
26.125 84.625 -0.62802
26.125 84.875 -0.64765
26.125 85.125 -0.60351
26.125 85.375 -0.65248
26.125 85.625 -0.68984
26.125 85.875 -0.65601
26.125 86.125 -0.72001
26.125 86.375 -0.75308
26.125 86.625 -0.70771
26.125 86.875 -0.7145
26.125 87.125 -0.69368
26.125 87.375 -0.75456
26.125 87.625 -0.88936
26.125 87.875 -0.81358
26.125 88.125 -0.9164
26.125 89.375 -1.2139
26.125 89.875 -1.27
26.125 90.125 -1.1003
26.125 90.375 -1.154
26.125 90.625 -1.1799
26.125 90.875 -1.0656
26.125 91.125 -1.0321
26.125 91.375 -0.85674
26.125 91.625 -0.81616
26.125 91.875 -1.046
26.125 92.125 -1.0263
26.125 92.375 -1.0948
26.125 92.625 -1.1092
26.125 92.875 -1.1806
26.125 93.125 -1.0523
26.125 93.375 -0.72688
26.125 93.625 -0.88967
26.125 93.875 -1.3561
26.125 94.125 -1.469
26.125 94.375 -1.0961
26.125 94.625 -0.61266
26.125 94.875 0.016428
26.375 70.375 -0.25696
26.375 70.625 -0.28945
26.375 70.875 -0.28528
26.375 71.125 -0.30433
26.375 71.375 -0.35658
26.375 71.625 -0.37448
26.375 71.875 -0.3954
26.375 72.125 -0.36689
26.375 72.375 -0.35972
26.375 72.625 -0.32757
26.375 72.875 -0.33552
26.375 73.125 -0.30318
26.375 73.375 -0.39683
26.375 73.625 -0.43643
26.375 73.875 -0.39661
26.375 74.125 -0.3622
26.375 74.375 -0.3331
26.375 74.625 -0.32815
26.375 74.875 -0.34939
26.375 75.125 -0.41338
26.375 75.375 -0.46403
26.375 75.625 -0.4692
26.375 75.875 -0.51613
26.375 76.125 -0.4406
26.375 76.375 -0.47533
26.375 76.625 -0.47416
26.375 76.875 -0.48521
26.375 77.125 -0.49631
26.375 77.375 -0.49339
26.375 77.625 -0.50889
26.375 77.875 -0.53275
26.375 78.125 -0.48776
26.375 78.375 -0.49744
26.375 78.625 -0.50031
26.375 78.875 -0.47852
26.375 79.125 -0.46599
26.375 79.375 -0.47233
26.375 79.625 -0.48983
26.375 79.875 -0.51639
26.375 80.125 -0.47472
26.375 80.375 -0.42912
26.375 80.625 -0.45568
26.375 80.875 -0.54927
26.375 81.125 -0.53153
26.375 81.375 -0.5924
26.375 81.625 -0.5854
26.375 81.875 -0.61082
26.375 82.125 -0.61642
26.375 82.375 -0.59564
26.375 82.625 -0.68736
26.375 82.875 -0.71996
26.375 83.125 -0.6946
26.375 83.375 -0.54904
26.375 83.625 -0.63721
26.375 83.875 -0.61421
26.375 84.125 -0.73137
26.375 84.375 -0.63138
26.375 84.625 -0.65025
26.375 84.875 -0.58667
26.375 85.125 -0.64727
26.375 85.375 -0.66022
26.375 85.625 -0.66223
26.375 85.875 -0.62483
26.375 86.125 -0.67903
26.375 86.375 -0.76285
26.375 86.625 -0.72149
26.375 86.875 -0.76459
26.375 87.125 -0.78387
26.375 87.625 -0.86028
26.375 87.875 -0.96423
26.375 88.125 -0.99989
26.375 88.375 -0.98977
26.375 88.875 -1.1512
26.375 89.375 -1.2618
26.375 89.625 -1.3893
26.375 89.875 -1.3013
26.375 90.125 -1.1913
26.375 90.375 -1.2488
26.375 90.625 -1.3039
26.375 90.875 -0.98376
26.375 91.125 -1.0937
26.375 91.375 -1.1105
26.375 91.625 -1.1715
26.375 91.875 -1.2586
26.375 92.125 -1.14
26.375 92.375 -1.1174
26.375 92.625 -1.1186
26.375 92.875 -1.1164
26.375 93.125 -0.88669
26.375 93.375 -0.49286
26.375 93.625 -0.56493
26.375 93.875 -1.0706
26.375 94.125 -1.3411
26.375 94.375 -1.0795
26.375 94.625 -0.70569
26.375 94.875 -0.10276
26.625 69.875 -0.21951
26.625 70.125 -0.21755
26.625 70.375 -0.20154
26.625 70.625 -0.29456
26.625 70.875 -0.28265
26.625 71.125 -0.30059
26.625 71.375 -0.40532
26.625 71.625 -0.40335
26.625 71.875 -0.43352
26.625 72.125 -0.44558
26.625 72.375 -0.39127
26.625 72.625 -0.30068
26.625 72.875 -0.32237
26.625 73.125 -0.35797
26.625 73.375 -0.39704
26.625 73.625 -0.38961
26.625 73.875 -0.36832
26.625 74.125 -0.33794
26.625 74.375 -0.42935
26.625 74.625 -0.39713
26.625 74.875 -0.40804
26.625 75.125 -0.37591
26.625 75.375 -0.44556
26.625 75.625 -0.46462
26.625 75.875 -0.48026
26.625 76.125 -0.48456
26.625 76.375 -0.50597
26.625 76.625 -0.48372
26.625 76.875 -0.48045
26.625 77.125 -0.49046
26.625 77.375 -0.47897
26.625 77.625 -0.54854
26.625 77.875 -0.53086
26.625 78.125 -0.5353
26.625 78.375 -0.51244
26.625 78.625 -0.44656
26.625 78.875 -0.44802
26.625 79.125 -0.45108
26.625 79.375 -0.47361
26.625 79.625 -0.46098
26.625 79.875 -0.48367
26.625 80.125 -0.49942
26.625 80.375 -0.45743
26.625 80.625 -0.49069
26.625 80.875 -0.52393
26.625 81.125 -0.50416
26.625 81.375 -0.60464
26.625 81.625 -0.60183
26.625 81.875 -0.51129
26.625 82.125 -0.59859
26.625 82.375 -0.55784
26.625 82.625 -0.62017
26.625 82.875 -0.70919
26.625 83.125 -0.68905
26.625 83.375 -0.54764
26.625 83.625 -0.58298
26.625 83.875 -0.61954
26.625 84.125 -0.64544
26.625 84.375 -0.70354
26.625 84.625 -0.70862
26.625 84.875 -0.62454
26.625 85.125 -0.75975
26.625 85.375 -0.70511
26.625 85.625 -0.73556
26.625 86.125 -0.65789
26.625 88.375 -1.0509
26.625 88.625 -1.0319
26.625 88.875 -1.2023
26.625 89.125 -1.3339
26.625 89.375 -1.0219
26.625 89.625 -1.2058
26.625 89.875 -1.0683
26.625 90.125 -1.1317
26.625 90.375 -1.2565
26.625 90.625 -1.2522
26.625 90.875 -1.0223
26.625 91.125 -0.90708
26.625 91.375 -0.85461
26.625 91.625 -0.68237
26.625 91.875 -0.5341
26.625 92.125 -0.5941
26.625 92.375 -0.93763
26.625 92.625 -1.1549
26.625 92.875 -1.0572
26.625 93.125 -0.86642
26.625 93.375 -0.5815
26.625 93.625 -0.61934
26.625 93.875 -1.162
26.625 94.125 -1.2318
26.625 94.375 -1.1092
26.625 94.625 -0.86555
26.625 94.875 -0.50748
26.625 95.125 -0.2997
26.875 69.625 -0.20175
26.875 69.875 -0.21693
26.875 70.125 -0.21834
26.875 70.375 -0.2174
26.875 70.625 -0.29835
26.875 70.875 -0.28006
26.875 71.125 -0.2954
26.875 71.375 -0.39981
26.875 71.625 -0.38721
26.875 71.875 -0.42424
26.875 72.125 -0.42066
26.875 72.375 -0.44537
26.875 72.625 -0.37719
26.875 72.875 -0.37433
26.875 73.125 -0.34407
26.875 73.375 -0.34774
26.875 73.625 -0.36303
26.875 73.875 -0.37657
26.875 74.125 -0.36068
26.875 74.375 -0.44236
26.875 74.625 -0.39582
26.875 74.875 -0.35715
26.875 75.125 -0.37991
26.875 75.375 -0.42666
26.875 75.625 -0.43861
26.875 75.875 -0.42887
26.875 76.125 -0.48223
26.875 76.375 -0.50634
26.875 76.625 -0.52022
26.875 76.875 -0.47735
26.875 77.125 -0.4632
26.875 77.375 -0.50837
26.875 77.625 -0.49464
26.875 77.875 -0.52379
26.875 78.125 -0.50113
26.875 78.375 -0.49508
26.875 78.625 -0.47752
26.875 78.875 -0.45989
26.875 79.125 -0.45482
26.875 79.375 -0.50179
26.875 79.625 -0.5031
26.875 79.875 -0.49009
26.875 80.125 -0.45674
26.875 80.375 -0.48377
26.875 80.625 -0.52231
26.875 80.875 -0.49915
26.875 81.125 -0.50351
26.875 81.375 -0.57736
26.875 81.625 -0.60508
26.875 81.875 -0.57141
26.875 82.125 -0.53821
26.875 82.375 -0.56318
26.875 82.625 -0.62414
26.875 82.875 -0.58395
26.875 83.125 -0.64895
26.875 83.375 -0.66062
26.875 83.625 -0.58895
26.875 83.875 -0.69668
26.875 84.125 -0.70587
26.875 84.375 -0.72388
26.875 84.625 -0.71281
26.875 84.875 -0.74823
26.875 88.375 -0.91829
26.875 88.625 -1.1341
26.875 88.875 -1.1997
26.875 92.375 -0.63553
26.875 92.625 -1.0487
26.875 92.875 -1.0711
26.875 93.125 -1.0207
26.875 93.375 -0.87113
26.875 93.625 -0.9961
26.875 93.875 -1.3681
26.875 94.125 -1.4541
26.875 94.375 -1.169
26.875 94.625 -1.1728
26.875 94.875 -1.1111
26.875 95.125 -0.79655
26.875 95.375 -0.31868
26.875 95.625 -0.17016
27.125 69.875 -0.20698
27.125 70.125 -0.2055
27.125 70.375 -0.19973
27.125 70.625 -0.25156
27.125 70.875 -0.27114
27.125 71.125 -0.34213
27.125 71.375 -0.41025
27.125 71.625 -0.42358
27.125 71.875 -0.39373
27.125 72.125 -0.40405
27.125 72.375 -0.42366
27.125 72.625 -0.42647
27.125 72.875 -0.37742
27.125 73.125 -0.33669
27.125 73.375 -0.31292
27.125 73.625 -0.34243
27.125 73.875 -0.37285
27.125 74.125 -0.38588
27.125 74.375 -0.42217
27.125 74.625 -0.41155
27.125 74.875 -0.36246
27.125 75.125 -0.35014
27.125 75.375 -0.40011
27.125 75.625 -0.40389
27.125 75.875 -0.40115
27.125 76.125 -0.46483
27.125 76.375 -0.50352
27.125 76.625 -0.40104
27.125 76.875 -0.48688
27.125 77.125 -0.48755
27.125 77.375 -0.49497
27.125 77.625 -0.49906
27.125 77.875 -0.51505
27.125 78.125 -0.51367
27.125 78.375 -0.49885
27.125 78.625 -0.45273
27.125 78.875 -0.46368
27.125 79.125 -0.47243
27.125 79.375 -0.4738
27.125 79.625 -0.49832
27.125 79.875 -0.44997
27.125 80.125 -0.47951
27.125 80.375 -0.50935
27.125 80.625 -0.51042
27.125 80.875 -0.50439
27.125 81.125 -0.48371
27.125 81.375 -0.52486
27.125 81.625 -0.56191
27.125 81.875 -0.57537
27.125 82.125 -0.51548
27.125 82.375 -0.48241
27.125 82.625 -0.62144
27.125 82.875 -0.61838
27.125 83.125 -0.6672
27.125 83.375 -0.74523
27.125 83.625 -0.74855
27.125 83.875 -0.77695
27.125 84.125 -0.76678
27.125 84.375 -0.73413
27.125 84.625 -0.67242
27.125 88.125 -0.24013
27.125 88.375 -0.6628
27.125 88.625 -0.91027
27.125 92.125 0.38269
27.125 92.375 0.060433
27.125 92.625 -0.48017
27.125 92.875 -0.92591
27.125 93.125 -0.94266
27.125 93.375 -0.65085
27.125 93.625 -0.66643
27.125 93.875 -0.81605
27.125 94.125 -1.0776
27.125 94.375 -1.1409
27.125 94.625 -1.3333
27.125 94.875 -1.2709
27.125 95.125 -0.9778
27.125 95.375 -0.54676
27.125 95.625 -0.33114
27.125 95.875 -0.30513
27.375 70.125 -0.20586
27.375 70.375 -0.20708
27.375 70.625 -0.23551
27.375 70.875 -0.26526
27.375 71.125 -0.35078
27.375 71.375 -0.39572
27.375 71.625 -0.37776
27.375 71.875 -0.32543
27.375 72.125 -0.31146
27.375 72.375 -0.3648
27.375 72.625 -0.33564
27.375 72.875 -0.36662
27.375 73.125 -0.36517
27.375 73.375 -0.34403
27.375 73.625 -0.35393
27.375 73.875 -0.41278
27.375 74.125 -0.4163
27.375 74.375 -0.38186
27.375 74.625 -0.38355
27.375 74.875 -0.36891
27.375 75.125 -0.42587
27.375 75.375 -0.39145
27.375 75.625 -0.40477
27.375 75.875 -0.34853
27.375 76.125 -0.42885
27.375 76.375 -0.4754
27.375 76.625 -0.41357
27.375 76.875 -0.44496
27.375 77.125 -0.47229
27.375 77.375 -0.50732
27.375 77.625 -0.50049
27.375 77.875 -0.48574
27.375 78.125 -0.47223
27.375 78.375 -0.43658
27.375 78.625 -0.44184
27.375 78.875 -0.38755
27.375 79.125 -0.47057
27.375 79.375 -0.46388
27.375 79.625 -0.44701
27.375 79.875 -0.44389
27.375 80.125 -0.45951
27.375 80.375 -0.45504
27.375 80.625 -0.46981
27.375 80.875 -0.4814
27.375 81.125 -0.52703
27.375 81.375 -0.5021
27.375 81.625 -0.51428
27.375 81.875 -0.58316
27.375 82.125 -0.57023
27.375 82.375 -0.57333
27.375 82.625 -0.65461
27.375 82.875 -0.68359
27.375 83.125 -0.71029
27.375 83.625 -0.78486
27.375 84.125 -0.757
27.375 84.375 -0.66653
27.375 88.125 0.11176
27.375 88.375 -0.31601
27.375 88.625 -0.55996
27.375 92.125 0.5554
27.375 92.375 0.74064
27.375 92.625 0.33528
27.375 92.875 -0.57825
27.375 93.125 -0.6004
27.375 93.375 0.20206
27.375 93.625 0.13862
27.375 93.875 -0.29345
27.375 94.125 -0.53903
27.375 94.375 -0.96276
27.375 94.625 -1.1812
27.375 94.875 -1.0128
27.375 95.125 -0.96373
27.375 95.375 -0.90964
27.375 95.625 -0.82658
27.375 95.875 -0.79396
27.375 96.125 -0.76877
27.375 96.375 -0.51716
NaN NaN NaN
27.375 96.875 0.5466
27.625 70.125 -0.19805
27.625 70.375 -0.21218
27.625 70.625 -0.22808
27.625 70.875 -0.2589
27.625 71.125 -0.30175
27.625 71.375 -0.3569
27.625 71.625 -0.35813
27.625 71.875 -0.32872
27.625 72.125 -0.31559
27.625 72.375 -0.33485
27.625 72.625 -0.33782
27.625 72.875 -0.34973
27.625 73.125 -0.31726
27.625 73.375 -0.35149
27.625 73.625 -0.37033
27.625 73.875 -0.41772
27.625 74.125 -0.4096
27.625 74.375 -0.38919
27.625 74.625 -0.35635
27.625 74.875 -0.36368
27.625 75.125 -0.41675
27.625 75.375 -0.41997
27.625 75.625 -0.38483
27.625 75.875 -0.41914
27.625 76.125 -0.40056
27.625 76.375 -0.44387
27.625 76.625 -0.43475
27.625 76.875 -0.4337
27.625 77.125 -0.45851
27.625 77.375 -0.40812
27.625 77.625 -0.50983
27.625 77.875 -0.47986
27.625 78.125 -0.46309
27.625 78.375 -0.43335
27.625 78.625 -0.44591
27.625 78.875 -0.45585
27.625 79.125 -0.46109
27.625 79.375 -0.4517
27.625 79.625 -0.45092
27.625 79.875 -0.45086
27.625 80.125 -0.47323
27.625 80.375 -0.47208
27.625 80.625 -0.46296
27.625 80.875 -0.49244
27.625 81.125 -0.52532
27.625 81.375 -0.50727
27.625 81.625 -0.47062
27.625 81.875 -0.55025
27.625 82.125 -0.54594
27.625 82.375 -0.56817
27.625 82.625 -0.61593
27.625 88.375 -0.16762
27.625 88.625 -0.40093
27.625 91.625 -0.77623
27.625 91.875 -0.23381
27.625 92.125 0.41927
27.625 92.375 1.2658
27.625 92.625 1.143
27.625 92.875 0.26276
27.625 93.125 -0.055872
27.625 93.375 0.38612
27.625 93.625 0.34327
27.625 93.875 -0.070311
27.625 94.125 -0.4054
27.625 94.375 -0.6982
27.625 94.625 -0.89754
27.625 94.875 -0.73566
27.625 95.125 -0.77558
27.625 95.375 -0.91473
27.625 95.625 -0.98719
27.625 95.875 -0.94982
27.625 96.125 -0.81765
27.625 96.375 -0.6247
27.625 96.625 -0.12397
27.625 96.875 0.31811
27.875 70.375 -0.19212
27.875 71.875 -0.30996
27.875 72.125 -0.31054
27.875 72.375 -0.31612
27.875 72.625 -0.31753
27.875 72.875 -0.32149
27.875 73.125 -0.29763
27.875 73.375 -0.33013
27.875 73.625 -0.32624
27.875 73.875 -0.34776
27.875 74.125 -0.36275
27.875 74.375 -0.29702
27.875 74.625 -0.30067
27.875 74.875 -0.3424
27.875 75.125 -0.36996
27.875 75.375 -0.43599
27.875 75.625 -0.43604
27.875 75.875 -0.3855
27.875 76.125 -0.39675
27.875 76.375 -0.45671
27.875 76.625 -0.37279
27.875 76.875 -0.34923
27.875 77.125 -0.36247
27.875 77.375 -0.26804
27.875 77.625 -0.42828
27.875 77.875 -0.47774
27.875 78.125 -0.48078
27.875 78.375 -0.42276
27.875 78.625 -0.43928
27.875 78.875 -0.4344
27.875 79.125 -0.41941
27.875 79.375 -0.46411
27.875 79.625 -0.43501
27.875 79.875 -0.42471
27.875 80.125 -0.45144
27.875 80.375 -0.43619
27.875 80.625 -0.41056
27.875 80.875 -0.41981
27.875 81.125 -0.51165
27.875 81.375 -0.54043
27.875 81.625 -0.55064
27.875 88.375 0.55576
27.875 88.625 0.44394
27.875 92.875 1.4985
27.875 93.125 0.64335
27.875 93.375 -0.22278
27.875 93.625 -0.64355
27.875 93.875 -0.64687
27.875 94.125 -0.55693
27.875 94.375 -0.45473
27.875 94.625 -0.43655
27.875 94.875 -0.51252
27.875 95.125 -0.61624
27.875 95.375 -0.7849
27.875 95.625 -0.83689
27.875 95.875 -0.72003
27.875 96.125 -0.73562
27.875 96.375 -0.68064
27.875 96.625 -0.19588
NaN NaN NaN
27.875 97.125 0.59394
28.125 72.125 -0.27517
28.125 72.375 -0.27933
28.125 72.625 -0.31646
28.125 72.875 -0.29666
28.125 73.125 -0.2909
28.125 73.375 -0.27871
28.125 73.625 -0.31584
28.125 73.875 -0.33218
28.125 74.125 -0.30389
28.125 74.375 -0.28945
28.125 74.625 -0.30442
28.125 74.875 -0.32139
28.125 75.125 -0.34873
28.125 75.375 -0.40197
28.125 75.625 -0.44652
28.125 75.875 -0.41772
28.125 76.125 -0.42096
28.125 76.375 -0.44649
28.125 76.625 -0.38719
28.125 76.875 -0.40152
28.125 77.125 -0.38937
28.125 77.375 -0.36894
28.125 77.625 -0.36632
28.125 77.875 -0.45552
28.125 78.125 -0.44675
28.125 78.375 -0.44537
28.125 78.625 -0.36902
28.125 78.875 -0.41807
28.125 79.125 -0.44335
28.125 79.375 -0.422
28.125 79.625 -0.42932
28.125 79.875 -0.46716
28.125 80.125 -0.4659
28.125 80.375 -0.46083
28.125 80.625 -0.46068
28.125 80.875 -0.48235
28.125 81.125 -0.51728
28.125 81.375 -0.554
28.125 92.875 1.4564
28.125 93.125 0.67418
28.125 93.375 -0.46478
28.125 93.625 -0.93067
28.125 93.875 -0.6721
28.125 94.125 -0.49293
28.125 94.375 -0.28198
28.125 94.625 -0.20096
28.125 94.875 -0.40433
28.125 95.125 -0.44225
28.125 95.375 -0.39168
28.125 95.625 -0.4796
28.125 95.875 -0.6667
28.125 96.125 -0.6995
28.125 96.375 -0.38782
NaN NaN NaN
NaN NaN NaN
NaN NaN NaN
28.375 72.375 -0.27681
28.375 72.625 -0.29602
28.375 72.875 -0.29088
28.375 73.125 -0.27605
28.375 73.375 -0.27725
28.375 73.625 -0.27674
28.375 73.875 -0.30552
28.375 74.125 -0.28278
28.375 74.375 -0.27148
28.375 74.625 -0.30833
28.375 74.875 -0.30863
28.375 75.125 -0.28266
28.375 75.375 -0.41936
28.375 75.625 -0.40475
28.375 75.875 -0.41905
28.375 76.125 -0.35206
28.375 76.375 -0.36314
28.375 76.625 -0.34594
28.375 76.875 -0.41996
28.375 77.125 -0.34776
28.375 77.375 -0.4091
28.375 77.625 -0.37148
28.375 77.875 -0.41749
28.375 78.125 -0.46899
28.375 78.375 -0.47502
28.375 78.625 -0.39746
28.375 78.875 -0.41232
28.375 79.125 -0.44186
28.375 79.375 -0.42033
28.375 79.625 -0.46564
28.375 79.875 -0.49713
28.375 80.125 -0.5179
28.375 80.375 -0.53127
28.375 80.625 -0.5315
28.375 80.875 -0.53487
28.375 81.125 -0.546
28.375 93.375 -0.34671
28.375 93.625 -0.43908
28.375 93.875 -0.2816
28.375 94.125 -0.23659
28.375 94.375 -0.19246
28.375 94.625 -0.2449
28.375 94.875 -0.40287
28.375 95.125 -0.21808
28.375 95.375 0.34878
28.375 95.625 0.40511
28.375 95.875 -0.27453
28.375 96.125 -0.52748
NaN NaN NaN
28.625 72.375 -0.23075
28.625 72.625 -0.24968
28.625 72.875 -0.26164
28.625 73.125 -0.27807
28.625 73.375 -0.28409
28.625 73.625 -0.28847
28.625 73.875 -0.29763
28.625 74.125 -0.29978
28.625 74.375 -0.28779
28.625 74.625 -0.27764
28.625 74.875 -0.28073
28.625 75.125 -0.26507
28.625 75.375 -0.38904
28.625 75.625 -0.36509
28.625 75.875 -0.30984
28.625 76.125 -0.38999
28.625 76.375 -0.34865
28.625 76.625 -0.36538
28.625 76.875 -0.39397
28.625 77.125 -0.30448
28.625 77.375 -0.3415
28.625 77.625 -0.34193
28.625 77.875 -0.40224
28.625 78.125 -0.43258
28.625 78.375 -0.4576
28.625 78.625 -0.43903
28.625 78.875 -0.42237
28.625 79.125 -0.44033
28.625 79.375 -0.42243
28.625 79.625 -0.48177
28.625 79.875 -0.49163
28.625 80.125 -0.49376
28.625 80.375 -0.51903
28.625 80.625 -0.50942
28.625 93.625 -0.33058
28.625 93.875 -0.2673
28.625 94.125 -0.23771
28.625 94.375 -0.29447
28.625 94.625 -0.34191
28.625 94.875 -0.47018
28.625 95.125 -0.11035
28.625 95.375 0.80089
28.625 95.625 0.73784
28.625 95.875 -0.11923
28.625 96.125 -0.38666
NaN NaN NaN
28.875 72.875 -0.24707
28.875 73.125 -0.27915
28.875 73.375 -0.28733
28.875 73.625 -0.25406
28.875 73.875 -0.2679
28.875 74.125 -0.26192
28.875 74.375 -0.18962
28.875 74.625 -0.20391
28.875 74.875 -0.23124
28.875 75.125 -0.30301
28.875 75.375 -0.40658
28.875 75.625 -0.30121
28.875 75.875 -0.28656
28.875 76.125 -0.39708
28.875 76.375 -0.4359
28.875 76.625 -0.35453
28.875 76.875 -0.37557
28.875 77.125 -0.37672
28.875 77.375 -0.3506
28.875 77.625 -0.31317
28.875 77.875 -0.37824
28.875 78.125 -0.37905
28.875 78.375 -0.44543
28.875 78.625 -0.45339
28.875 78.875 -0.42158
28.875 79.125 -0.44077
28.875 79.375 -0.45016
28.875 79.625 -0.45327
28.875 79.875 -0.45265
28.875 94.125 -0.28797
28.875 94.375 -0.39812
28.875 94.625 -0.5398
28.875 94.875 -0.59586
28.875 95.125 -0.21537
28.875 95.375 0.6469
28.875 95.625 0.63211
28.875 95.875 -0.15776
28.875 96.125 -0.16355
NaN NaN NaN
29.125 73.125 -0.2256
29.125 73.375 -0.20891
29.125 73.625 -0.20043
29.125 73.875 -0.22166
29.125 74.125 -0.20814
29.125 74.375 -0.18133
29.125 74.625 -0.17201
29.125 74.875 -0.20716
29.125 75.125 -0.3124
29.125 75.375 -0.35789
29.125 75.625 -0.31672
29.125 75.875 -0.27173
29.125 76.125 -0.29735
29.125 76.375 -0.36109
29.125 76.625 -0.31997
29.125 76.875 -0.31551
29.125 77.125 -0.34059
29.125 77.375 -0.32283
29.125 77.625 -0.33085
29.125 77.875 -0.41672
29.125 78.125 -0.41097
29.125 78.375 -0.44559
29.125 78.625 -0.45719
29.125 78.875 -0.43314
29.125 79.125 -0.46664
29.125 79.375 -0.43872
29.125 79.625 -0.36296
29.125 79.875 -0.38062
29.125 80.125 -0.36217
29.125 94.375 -0.37804
29.125 94.625 -0.41085
29.125 94.875 -0.47553
29.125 95.625 0.28007
29.125 95.875 0.13859
29.125 96.125 2.5573
29.375 73.375 -0.17792
29.375 73.625 -0.15778
29.375 73.875 -0.16902
29.375 74.125 -0.16276
29.375 74.375 -0.17575
29.375 74.625 -0.20274
29.375 74.875 -0.22193
29.375 75.125 -0.25767
29.375 75.375 -0.25355
29.375 75.625 -0.307
29.375 75.875 -0.28848
29.375 76.125 -0.2493
29.375 76.375 -0.30538
29.375 76.625 -0.31722
29.375 76.875 -0.30354
29.375 77.125 -0.32749
29.375 77.375 -0.3277
29.375 77.625 -0.35558
29.375 77.875 -0.45196
29.375 78.125 -0.44977
29.375 78.375 -0.4224
29.375 78.625 -0.45219
29.375 78.875 -0.44379
29.375 79.125 -0.37239
29.375 79.375 -0.31382
29.375 79.625 -0.266
29.375 79.875 -0.31944
29.375 80.125 -0.42679
NaN NaN NaN
29.625 73.375 -0.16733
29.625 73.625 -0.037265
29.625 73.875 -0.15443
29.625 74.125 -0.11844
29.625 74.375 -0.13976
29.625 74.625 -0.21801
29.625 74.875 -0.18779
29.625 75.125 -0.16015
29.625 75.375 -0.17148
29.625 75.625 -0.27744
29.625 75.875 -0.32329
29.625 76.125 -0.28542
29.625 76.375 -0.32848
29.625 76.625 -0.34944
29.625 76.875 -0.35102
29.625 77.125 -0.41723
29.625 77.375 -0.35885
29.625 77.625 -0.38031
29.625 77.875 -0.42821
29.625 78.125 -0.40806
29.625 78.375 -0.33964
29.625 78.625 -0.35393
29.625 78.875 -0.37623
29.625 79.125 -0.33729
29.625 79.375 -0.26937
29.625 79.625 -0.303
29.625 79.875 -0.36433
29.625 80.125 -0.53459
29.875 73.625 -0.011148
29.875 73.875 -0.20349
29.875 74.125 -0.19094
29.875 74.375 -0.20314
29.875 74.625 -0.20498
29.875 74.875 -0.17974
29.875 75.125 -0.14611
29.875 75.375 -0.16611
29.875 75.625 -0.25577
29.875 75.875 -0.22802
29.875 76.125 -0.2766
29.875 76.375 -0.34239
29.875 76.625 -0.34739
29.875 76.875 -0.39797
29.875 77.125 -0.38181
29.875 77.375 -0.38476
29.875 77.625 -0.41315
29.875 77.875 -0.42852
29.875 78.125 -0.35535
29.875 78.375 -0.23104
29.875 78.625 -0.16547
29.875 78.875 -0.20055
29.875 79.125 -0.23308
29.875 79.375 -0.32949
29.875 79.625 -0.44667
29.875 79.875 -0.54529
29.875 80.125 -0.59552
29.875 80.375 -0.66826
30.125 74.125 -0.24406
30.125 74.375 -0.26245
30.125 74.625 -0.25043
30.125 74.875 -0.18917
30.125 75.125 -0.18792
30.125 75.375 -0.20359
30.125 75.625 -0.23684
30.125 75.875 -0.28646
30.125 76.125 -0.28617
30.125 76.375 -0.35218
30.125 76.625 -0.36066
30.125 76.875 -0.38771
30.125 77.125 -0.3638
30.125 77.375 -0.35665
30.125 77.625 -0.4862
30.125 77.875 -0.43664
30.125 78.125 -0.34316
30.125 78.375 -0.15545
30.125 78.625 -0.13076
30.125 78.875 -0.13161
30.125 79.125 -0.16551
30.125 79.375 -0.32867
30.125 79.625 -0.50173
30.125 79.875 -0.50661
30.125 80.125 -0.54568
30.125 80.375 -0.62618
30.125 80.625 -0.52708
30.375 74.125 -0.23737
30.375 74.375 -0.23722
30.375 74.625 -0.24525
30.375 74.875 -0.19822
30.375 75.125 -0.19108
30.375 75.375 -0.19783
30.375 75.625 -0.20468
30.375 75.875 -0.26925
30.375 76.125 -0.26988
30.375 76.375 -0.3603
30.375 76.625 -0.37214
30.375 76.875 -0.35613
30.375 77.125 -0.4084
30.375 77.375 -0.34179
30.375 77.625 -0.36629
30.375 77.875 -0.36967
30.375 78.125 -0.38354
30.375 78.375 -0.33162
30.375 78.625 -0.25092
30.375 78.875 -0.20538
30.375 79.125 -0.19168
30.375 79.375 -0.28859
30.375 79.625 -0.33342
30.375 79.875 -0.36718
30.375 80.125 -0.44758
30.375 80.375 -0.5686
30.375 80.625 -0.6034
30.625 74.375 -0.18333
30.625 74.625 -0.239
30.625 74.875 -0.17492
30.625 75.125 -0.18208
30.625 75.375 -0.19687
30.625 75.625 -0.21991
30.625 75.875 -0.22101
30.625 76.125 -0.28896
30.625 76.375 -0.32841
30.625 76.625 -0.35727
30.625 76.875 -0.31926
30.625 77.125 -0.30916
30.625 77.375 -0.25497
30.625 77.625 -0.22369
30.625 77.875 -0.37162
30.625 78.125 -0.44213
30.625 78.375 -0.3139
30.625 78.625 -0.19996
30.625 78.875 -0.03679
30.625 79.125 0.0070601
30.625 79.375 -0.11971
30.625 79.625 -0.18156
30.625 79.875 -0.31823
30.625 80.125 -0.48399
30.875 74.625 -0.18399
30.875 74.875 -0.19858
30.875 75.125 -0.24543
30.875 75.375 -0.23507
30.875 75.625 -0.22196
30.875 75.875 -0.26182
30.875 76.125 -0.30265
30.875 76.375 -0.35044
30.875 76.625 -0.32519
30.875 76.875 -0.22994
30.875 77.125 -0.13033
30.875 77.375 -0.035091
30.875 77.625 -0.080474
30.875 77.875 -0.27968
30.875 78.125 -0.31486
30.875 78.375 -0.10495
30.875 78.625 0.10697
30.875 78.875 0.42021
30.875 79.125 0.47731
30.875 79.375 -0.61348
30.875 79.625 -0.62105
30.875 79.875 -0.33957
31.125 74.875 -0.24019
31.125 75.125 -0.25274
31.125 75.375 -0.2471
31.125 75.625 -0.21673
31.125 75.875 -0.20634
31.125 76.125 -0.29082
31.125 76.375 -0.41873
31.125 76.625 -0.37048
31.125 76.875 -0.21852
31.125 77.125 -0.092641
31.125 77.375 -0.059965
31.125 77.625 -0.032632
31.125 77.875 -0.16007
31.125 78.125 -0.12725
31.125 78.375 0.081101
31.125 78.625 0.29105
31.125 78.875 -0.59422
31.125 79.125 -0.5861
31.375 74.875 -0.22162
31.375 75.125 -0.22976
31.375 75.375 -0.24082
31.375 75.625 -0.22965
31.375 75.875 -0.20516
31.375 76.125 -0.2196
31.375 76.375 -0.27989
31.375 76.625 -0.4455
31.375 76.875 -0.30401
31.375 77.125 -0.2733
31.375 77.375 -0.26135
31.375 77.625 -0.21462
31.375 77.875 -0.24476
31.375 78.125 -0.1902
31.375 78.375 -0.1024
31.375 78.625 -0.032341
31.625 74.875 -0.19488
31.625 75.125 -0.20594
31.625 75.375 -0.25333
31.625 75.625 -0.25175
31.625 75.875 -0.25014
31.625 76.125 -0.24917
31.625 76.375 -0.28004
31.625 76.625 -0.44448
31.625 76.875 -0.4254
31.625 77.125 -0.34745
31.625 77.375 -0.28693
31.625 77.625 -0.19112
31.625 77.875 -0.12229
31.625 78.125 -0.12069
31.625 78.375 -0.21106
31.625 78.625 -0.25699
31.875 74.875 -0.19744
31.875 75.125 -0.23201
31.875 75.375 -0.27984
31.875 75.625 -0.31151
31.875 75.875 -0.36049
31.875 76.125 -0.41966
31.875 76.375 -0.44527
31.875 76.625 -0.42448
31.875 76.875 -0.36207
31.875 77.125 -0.29936
31.875 77.375 -0.11447
31.875 77.625 0.070852
31.875 77.875 0.17002
31.875 78.125 0.096837
31.875 78.375 -0.17978
31.875 78.625 -0.31587
32.125 75.375 -0.29041
32.125 75.625 -0.30774
32.125 75.875 -0.40587
32.125 76.125 -0.48042
32.125 76.375 -0.40976
32.125 76.625 -0.27068
32.125 76.875 -0.24743
32.125 77.125 -0.19841
32.125 77.375 -0.090703
32.125 77.625 -0.03475
32.125 77.875 0.20216
32.125 78.125 0.089896
32.125 78.375 -0.18914
32.375 75.375 -0.32284
32.375 75.625 -0.35313
32.375 75.875 -0.40053
32.375 76.125 -0.37633
32.375 76.375 -0.21749
32.375 76.625 0.075441
32.375 76.875 0.088106
32.375 77.125 -0.004194
32.375 77.375 -0.035607
32.375 77.625 -0.092962
32.375 77.875 -0.089413
32.375 78.125 -0.10928
32.375 78.375 -0.28689
32.625 74.875 -0.43929
32.625 75.125 -0.38961
32.625 75.375 -0.32205
32.625 75.625 -0.29553
32.625 75.875 -0.33641
32.625 76.125 -0.31823
32.625 76.375 -0.12473
32.625 76.625 0.11361
32.625 76.875 0.22628
32.625 77.125 0.067209
32.625 77.375 -0.077324
32.625 77.625 -0.17824
32.625 77.875 -0.24551
32.625 78.125 -0.26233
32.625 78.375 -0.31613
32.625 78.625 -0.35801
32.625 78.875 -0.32914
32.625 79.125 -0.33324
32.625 79.375 -0.36104
32.875 74.375 -0.57072
32.875 74.625 -0.59205
32.875 74.875 -0.52794
32.875 75.125 -0.39488
32.875 75.375 -0.23331
32.875 75.625 -0.19184
32.875 75.875 -0.27097
32.875 76.125 -0.33297
32.875 76.375 -0.26862
32.875 76.625 -0.17086
32.875 76.875 -0.13849
32.875 77.125 -0.17134
32.875 77.375 -0.25856
32.875 77.625 -0.30214
32.875 77.875 -0.31754
32.875 78.125 -0.30799
32.875 78.375 -0.32328
32.875 78.625 -0.33711
32.875 78.875 -0.34488
32.875 79.125 -0.34295
32.875 79.375 -0.34998
33.125 73.875 -0.45572
33.125 74.125 -0.42698
33.125 74.375 -0.35219
33.125 74.625 -0.35039
33.125 74.875 -0.37322
33.125 75.125 -0.28355
33.125 75.375 -0.14711
33.125 75.625 -0.14723
33.125 75.875 -0.27143
33.125 76.125 -0.31212
33.125 76.375 -0.29267
33.125 76.625 -0.29037
33.125 76.875 -0.28949
33.125 77.125 -0.29679
33.125 77.375 -0.38098
33.125 77.625 -0.37983
33.125 77.875 -0.33689
33.125 78.125 -0.30584
33.125 78.375 -0.26259
33.125 78.625 -0.32086
33.125 78.875 -0.35393
33.125 79.125 -0.35526
33.375 73.875 -0.5304
33.375 74.125 -0.27631
33.375 74.375 0.30475
33.375 74.625 0.47469
33.375 74.875 0.25641
33.375 75.125 0.054186
33.375 75.375 -0.22055
33.375 75.625 -0.32229
33.375 75.875 -0.32748
33.375 76.125 -0.29447
33.375 76.375 -0.22563
33.375 76.625 -0.22429
33.375 76.875 -0.2965
33.375 77.125 -0.32076
33.375 77.375 -0.35143
33.375 77.625 -0.36135
33.375 77.875 -0.3273
33.375 78.125 -0.29988
33.375 78.375 -0.26092
33.375 78.625 -0.27228
33.375 78.875 -0.34144
33.625 73.875 -0.42218
33.625 74.125 -0.038221
33.625 74.375 0.62502
33.625 74.625 0.7646
33.625 74.875 0.44831
33.625 75.125 -0.0039649
33.625 75.375 -0.30686
33.625 75.625 -0.45163
33.625 75.875 -0.25118
33.625 76.125 -0.16223
33.625 76.375 -0.11748
33.625 76.625 -0.12473
33.625 76.875 -0.22701
33.625 77.125 -0.31735
33.625 77.375 -0.30239
33.625 77.625 -0.26703
33.625 77.875 -0.28622
33.625 78.125 -0.28943
33.625 78.375 -0.26631
33.625 78.625 -0.27038
33.625 78.875 -0.33276
33.875 73.875 -0.19418
33.875 74.125 -0.051233
33.875 74.375 0.39451
33.875 74.625 0.30093
33.875 74.875 -0.11814
33.875 75.125 -0.31388
33.875 75.375 -0.30224
33.875 75.625 -0.29068
33.875 75.875 -0.1134
33.875 76.125 -0.040933
33.875 76.375 -0.011031
33.875 76.625 -0.056832
33.875 76.875 -0.20569
33.875 77.125 -0.29725
33.875 77.375 -0.3261
33.875 77.625 -0.31498
33.875 77.875 -0.31455
33.875 78.125 -0.3169
33.875 78.375 -0.3057
33.875 78.625 -0.31437
33.875 78.875 -0.34932
34.125 73.625 -0.23163
34.125 73.875 -0.18404
34.125 74.125 -0.10768
34.125 74.375 -0.094702
34.125 74.625 -0.19408
34.125 74.875 -0.4742
34.125 75.125 -0.24811
34.125 75.375 -0.34752
34.125 75.625 -0.25547
34.125 75.875 -0.13837
34.125 76.125 -0.094188
34.125 76.375 -0.04391
34.125 76.625 -0.12319
34.125 76.875 -0.19535
34.125 77.125 -0.25346
34.125 77.375 -0.28231
34.125 77.625 -0.283
34.125 77.875 -0.27126
34.125 78.125 -0.2828
34.125 78.375 -0.30457
34.125 78.625 -0.33057
34.125 78.875 -0.3649
34.125 79.125 -0.37856
34.125 79.375 -0.38964
34.375 73.625 -0.28837
34.375 73.875 -0.28917
34.375 74.125 -0.34535
34.375 74.375 -0.38296
34.375 74.625 -0.51096
34.375 74.875 -0.37135
34.375 75.125 -0.31827
34.375 75.375 -0.3445
34.375 75.625 -0.28685
34.375 75.875 -0.29857
34.375 76.125 -0.28079
34.375 76.375 -0.2419
34.375 76.625 -0.22224
34.375 76.875 -0.17451
34.375 77.125 -0.16717
34.375 77.375 -0.19316
34.375 77.625 -0.18958
34.375 77.875 -0.15487
34.375 78.125 -0.17591
34.375 78.375 -0.25007
34.375 78.625 -0.31518
34.375 78.875 -0.36671
34.375 79.125 -0.39155
34.375 79.375 -0.39123
34.625 73.875 -0.027135
34.625 74.125 -0.12314
34.625 74.375 -0.31865
34.625 74.625 -0.44174
34.625 74.875 -0.34914
34.625 75.125 -0.31821
34.625 75.375 -0.28006
34.625 75.625 -0.27772
34.625 75.875 -0.34253
34.625 76.125 -0.34212
34.625 76.375 -0.29725
34.625 76.625 -0.28487
34.625 76.875 -0.18667
34.625 77.125 -0.14468
34.625 77.375 -0.15998
34.625 77.625 -0.15232
34.625 77.875 -0.12114
34.625 78.125 -0.14377
34.625 78.375 -0.2243
34.625 78.625 -0.29435
34.625 78.875 -0.35391
34.625 79.125 -0.38452
34.625 79.375 -0.38935
34.625 79.625 -0.38568
34.875 74.125 0.46242
34.875 74.375 0.13216
34.875 74.625 -0.052545
34.875 74.875 -0.13551
34.875 75.125 -0.17612
34.875 75.375 -0.18304
34.875 75.625 -0.21889
34.875 75.875 -0.26448
34.875 76.125 -0.29761
34.875 76.375 -0.27261
34.875 76.625 -0.28788
34.875 76.875 -0.21276
34.875 77.125 -0.17007
34.875 77.375 -0.16597
34.875 77.625 -0.16291
34.875 77.875 -0.16221
34.875 78.125 -0.18372
34.875 78.375 -0.23079
34.875 78.625 -0.28033
34.875 78.875 -0.32935
34.875 79.125 -0.36481
34.875 79.375 -0.38729
34.875 79.625 -0.4006
34.875 79.875 -0.40568
35.125 74.375 0.094456
35.125 74.625 -0.06838
35.125 74.875 -0.11405
35.125 75.125 -0.17267
35.125 75.375 -0.21089
35.125 75.625 -0.25456
35.125 75.875 -0.2641
35.125 76.125 -0.27687
35.125 76.375 -0.22796
35.125 76.625 -0.22904
35.125 76.875 -0.15074
35.125 77.125 -0.1107
35.125 77.375 -0.11555
35.125 77.625 -0.1362
35.125 77.875 -0.17744
35.125 78.125 -0.2128
35.125 78.375 -0.24175
35.125 78.625 -0.27351
35.125 78.875 -0.30896
35.125 79.125 -0.34141
35.125 79.375 -0.37002
35.125 79.625 -0.38946
35.125 79.875 -0.40028
35.375 73.875 -0.27543
35.375 74.125 -0.31579
35.375 74.375 -0.38135
35.375 74.625 -0.42163
35.375 74.875 -0.36497
35.375 75.125 -0.3565
35.375 75.375 -0.37163
35.375 75.625 -0.40053
35.375 75.875 -0.36423
35.375 76.125 -0.30989
35.375 76.375 -0.19722
35.375 76.625 -0.11401
35.375 76.875 -0.011175
35.375 77.125 0.023479
35.375 77.375 -0.013895
35.375 77.625 -0.076811
35.375 77.875 -0.17083
35.375 78.125 -0.23042
35.375 78.375 -0.24902
35.375 78.625 -0.27058
35.375 78.875 -0.29533
35.375 79.125 -0.31743
35.375 79.375 -0.336
35.375 79.625 -0.34732
35.375 79.875 -0.35125
NaN NaN NaN
35.625 73.375 -0.45228
35.625 73.625 -0.53254
35.625 73.875 -0.58678
35.625 74.125 -0.6131
35.625 74.375 -0.61255
35.625 74.625 -0.55863
35.625 74.875 -0.38263
35.625 75.125 -0.3045
35.625 75.375 -0.30031
35.625 75.625 -0.29921
35.625 75.875 -0.27746
35.625 76.125 -0.19918
35.625 76.375 -0.10503
35.625 76.625 -0.030382
35.625 76.875 0.04616
35.625 77.125 0.059212
35.625 78.375 -0.24193
35.625 78.625 -0.2303
35.625 78.875 -0.20066
35.625 79.125 -0.16503
35.625 79.375 -0.12636
35.625 79.625 -0.13719
35.625 79.875 -0.19443
35.625 80.125 -0.22204
35.875 73.125 0.43271
35.875 73.375 -0.054114
35.875 73.625 -0.34836
35.875 73.875 -0.48184
35.875 74.125 -0.54598
35.875 74.375 -0.58674
35.875 74.625 -0.51174
35.875 74.875 -0.267
35.875 75.125 -0.076786
35.875 75.375 0.037466
35.875 75.625 0.058287
35.875 75.875 -0.0035732
35.875 76.125 -0.0094666
35.875 76.375 0.020187
35.875 76.625 0.030137
35.875 79.375 0.24908
36.125 72.625 0.34824
36.125 72.875 -0.28681
36.125 73.125 -0.39054
36.125 73.375 0.15543
36.125 73.625 -0.15769
36.125 73.875 -0.3327
36.125 74.125 -0.44452
36.125 74.375 -0.52568
36.125 74.625 -0.46404
36.125 74.875 -0.26151
36.125 75.125 -0.084705
36.125 75.375 0.059431
36.125 75.625 0.09656
36.125 75.875 0.017884
36.125 76.125 -0.017779
36.125 76.375 -0.013999
36.125 76.625 -0.014295
36.375 73.125 0.12685
36.375 73.375 0.029754
36.375 73.625 -0.075703
36.375 73.875 -0.12727
36.375 74.125 -0.22558
36.375 74.375 -0.34246
36.375 74.625 -0.38631
36.375 74.875 -0.38192
36.375 75.125 -0.32441
36.375 75.375 -0.2112
36.375 75.625 -0.17325
36.375 75.875 -0.22147
36.375 76.125 -0.22919
36.625 73.375 0.10379
36.625 73.625 0.11791
36.625 73.875 0.12795
36.625 74.125 0.014617
36.625 74.375 -0.16125
36.625 74.625 -0.30503
36.625 74.875 -0.43096
36.625 75.125 -0.44045
36.625 75.375 -0.34775
36.625 75.625 -0.31619
36.875 73.875 0.35991
36.875 74.375 -0.0078319
36.875 74.625 -0.21665
36.875 74.875 -0.3961
36.875 75.125 -0.432
36.875 75.375 -0.35708
