8.125 77.375 0.13241
8.375 77.125 -0.65064
8.375 77.375 0.25894
8.375 77.625 1.0786
8.375 77.875 -0.29833
8.625 76.875 -0.5093
8.625 77.125 -0.73499
8.625 77.375 -0.17441
8.625 77.625 -1.056
8.625 77.875 1.0104
8.875 76.875 -1.6919
8.875 77.125 0.50091
8.875 77.375 -0.47162
8.875 77.625 -0.65988
8.875 77.875 -1.9996
9.125 76.625 0.49302
9.125 76.875 -0.21533
9.125 77.125 -0.96975
9.125 77.375 -0.15033
9.125 77.625 -0.4863
9.125 77.875 -0.96155
9.125 78.125 -0.203
NaN NaN NaN
9.375 76.625 -0.15718
9.375 76.875 -0.72359
9.375 77.125 -0.2952
9.375 77.375 0.15289
9.375 77.625 0.13619
9.375 77.875 -0.25808
9.375 78.125 -0.13064
9.375 78.375 0.10531
9.375 78.625 -1.2086
NaN NaN NaN
9.625 76.375 0.11447
9.625 76.625 0.21763
9.625 76.875 -0.31751
9.625 77.125 0.62219
9.625 77.375 0.30769
9.625 77.625 -0.10141
9.625 77.875 0.56156
9.625 78.125 0.40358
9.625 78.375 0.075756
9.625 78.625 0.0089858
9.875 76.625 -0.38337
9.875 76.875 -1.1487
9.875 77.125 -0.42764
9.875 77.375 -0.22375
9.875 77.625 0.23387
9.875 77.875 0.2778
9.875 78.125 -0.79433
9.875 78.375 0.18772
9.875 78.625 0.010331
9.875 78.875 -0.69189
10.125 76.375 -0.56138
10.125 76.625 0.44265
10.125 76.875 1.5115
10.125 77.125 -0.38979
10.125 77.375 -0.25287
10.125 77.625 0.42104
10.125 77.875 0.99118
10.125 78.125 0.067973
10.125 78.375 0.61295
10.125 78.625 -0.2347
10.125 78.875 -0.67009
10.125 79.125 -0.98171
10.375 76.375 -1.142
10.375 76.625 -0.46004
10.375 76.875 0.25482
10.375 77.125 0.44073
10.375 77.375 0.45609
10.375 77.625 1.0873
10.375 77.875 -0.41597
10.375 78.125 0.29989
10.375 78.375 0.040206
10.375 78.625 0.031916
10.375 78.875 -0.35495
10.375 79.125 -0.86768
NaN NaN NaN
NaN NaN NaN
10.625 76.125 -0.30523
10.625 76.375 -0.471
10.625 76.625 -0.84882
10.625 76.875 -0.57749
10.625 77.125 0.38404
10.625 77.375 -0.24589
10.625 77.625 0.31142
10.625 77.875 -0.038801
10.625 78.125 -0.33082
10.625 78.375 -0.5778
10.625 78.625 -0.56504
10.625 78.875 -0.74672
10.625 79.125 0.082433
10.625 79.375 0.088509
10.625 79.625 1.2848
10.875 76.125 0.13077
10.875 76.375 0.54059
10.875 76.625 -0.16872
10.875 76.875 -1.1262
10.875 77.125 0.64322
10.875 77.375 0.21447
10.875 77.625 -0.6444
10.875 77.875 -1.2569
10.875 78.125 -1.5549
10.875 78.375 0.2059
10.875 78.625 1.1277
10.875 78.875 0.11903
10.875 79.125 -1.4481
10.875 79.375 -0.63131
10.875 79.625 1.0231
11.125 76.125 -1.6917
11.125 76.375 0.24393
11.125 76.625 1.6251
11.125 76.875 -1.1037
11.125 77.125 0.30861
11.125 77.375 0.31808
11.125 77.625 0.28453
11.125 77.875 0.26965
11.125 78.125 -0.69634
11.125 78.375 0.4445
11.125 78.625 0.35689
11.125 78.875 0.46109
11.125 79.125 0.36394
11.125 79.375 0.1605
11.125 79.625 0.14297
11.375 75.875 -0.89584
11.375 76.125 -1.5143
11.375 76.375 -0.22994
11.375 76.625 -0.32367
11.375 76.875 0.98883
11.375 77.125 0.0085465
11.375 77.375 -0.35668
11.375 77.625 0.51146
11.375 77.875 0.36993
11.375 78.125 0.54721
11.375 78.375 -0.58089
11.375 78.625 -0.42623
11.375 78.875 0.23483
11.375 79.125 0.079072
11.375 79.375 -0.41754
11.375 79.625 -0.68441
11.625 75.875 -0.61006
11.625 76.125 0.59936
11.625 76.375 -0.61451
11.625 76.625 0.31809
11.625 76.875 -0.46379
11.625 77.125 -0.091908
11.625 77.375 0.38889
11.625 77.625 0.023707
11.625 77.875 -0.59072
11.625 78.125 -0.11067
11.625 78.375 -0.39975
11.625 78.625 -0.36432
11.625 78.875 0.13668
11.625 79.125 0.19375
11.625 79.375 -0.71271
NaN NaN NaN
NaN NaN NaN
11.875 75.875 -0.67866
11.875 76.125 -0.59253
11.875 76.375 -0.26793
11.875 76.625 0.38404
11.875 76.875 -1.3212
11.875 77.125 0.67928
11.875 77.375 0.38926
11.875 77.625 0.10572
11.875 77.875 -0.031136
11.875 78.125 0.0082306
11.875 78.375 0.18147
11.875 78.625 0.11737
11.875 78.875 -0.51577
11.875 79.125 -0.15093
11.875 79.375 -0.54756
11.875 79.625 -0.53737
12.125 75.375 -1.5583
12.125 75.625 -0.15099
12.125 75.875 1.1761
12.125 76.125 -0.54322
12.125 76.375 -0.61214
12.125 76.625 -0.1218
12.125 76.875 -0.33632
12.125 77.125 0.33711
12.125 77.375 0.26164
12.125 77.625 -0.070833
12.125 77.875 -0.31611
12.125 78.125 -0.14113
12.125 78.375 0.51947
12.125 78.625 -0.016791
12.125 78.875 -0.38595
12.125 79.125 0.17544
12.125 79.375 0.15581
12.125 79.625 -0.080381
12.375 75.125 -0.68647
12.375 75.375 -0.85707
12.375 75.625 -0.24949
12.375 75.875 0.44356
12.375 76.125 0.018239
12.375 76.375 -0.084842
12.375 76.625 0.90089
12.375 76.875 -1.1363
12.375 77.125 -1.5252
12.375 77.375 -0.050771
12.375 77.625 -0.0067549
12.375 77.875 -0.38349
12.375 78.125 -0.3314
12.375 78.375 -0.3044
12.375 78.625 -0.022476
12.375 78.875 -0.70454
12.375 79.125 -0.20079
12.375 79.375 -0.28117
12.375 79.625 -0.27579
12.375 79.875 -0.37523
12.625 75.125 -1.3567
12.625 75.375 -1.0885
12.625 75.625 -1.3266
12.625 75.875 -1.2674
12.625 76.125 -0.95568
12.625 76.375 0.89114
12.625 76.625 0.9237
12.625 76.875 0.23569
12.625 77.125 -0.7763
12.625 77.375 -0.35899
12.625 77.625 0.16316
12.625 77.875 -1.0124
12.625 78.125 -0.70466
12.625 78.375 0.42671
12.625 78.625 0.353
12.625 78.875 -0.12884
12.625 79.125 -0.14305
12.625 79.375 -0.72184
12.625 79.625 -0.84988
12.625 79.875 -1.7802
12.875 75.125 -0.91722
12.875 75.375 0.0049871
12.875 75.625 -2.0804
12.875 75.875 -0.2759
12.875 76.125 -0.11149
12.875 76.375 1.4469
12.875 76.625 0.86682
12.875 76.875 -0.32108
12.875 77.125 0.16293
12.875 77.375 0.28349
12.875 77.625 -0.60552
12.875 77.875 -1.6975
12.875 78.125 -1.7671
12.875 78.375 -0.65083
12.875 78.625 -0.7819
12.875 78.875 -0.86329
12.875 79.125 -0.40979
12.875 79.375 -0.11278
12.875 79.625 0.20826
12.875 79.875 -0.56635
NaN NaN NaN
13.125 75.125 -1.1652
13.125 75.375 -1.1234
13.125 75.625 -0.135
13.125 75.875 -0.36344
13.125 76.125 0.50739
13.125 76.375 1.0279
13.125 76.625 1.1058
13.125 76.875 0.32919
13.125 77.125 0.14034
13.125 77.375 -0.34587
13.125 77.625 -0.2208
13.125 77.875 -1.3622
13.125 78.125 -1.741
13.125 78.375 -1.26
13.125 78.625 -1.2209
13.125 78.875 -0.46203
13.125 79.125 -0.23931
13.125 79.375 -0.73275
13.125 79.625 0.36007
13.125 79.875 -0.90964
13.125 80.125 -1.2876
NaN NaN NaN
13.375 75.125 -0.65233
13.375 75.375 -1.0711
13.375 75.625 -1.3264
13.375 75.875 -0.67508
13.375 76.125 0.79383
13.375 76.375 0.41976
13.375 76.625 0.5804
13.375 76.875 0.2655
13.375 77.125 0.83837
13.375 77.375 -1.0225
13.375 77.625 -0.36048
13.375 77.875 -0.70045
13.375 78.125 -1.5817
13.375 78.375 -1.5957
13.375 78.625 -1.2559
13.375 78.875 -1.5221
13.375 79.125 -1.7202
13.375 79.375 -1.4835
13.375 79.625 -0.55858
13.375 79.875 -1.1022
13.375 80.125 -1.2368
13.625 74.875 -1.6801
13.625 75.125 -0.38377
13.625 75.375 -0.4412
13.625 75.625 -1.2595
13.625 75.875 0.032183
13.625 76.125 -0.0030923
13.625 76.375 -0.48381
13.625 76.625 -0.24455
13.625 76.875 -0.71098
13.625 77.125 0.66588
13.625 77.375 -1.5202
13.625 77.625 -0.85354
13.625 77.875 -0.67017
13.625 78.125 -2.1153
13.625 78.375 -1.1791
13.625 78.625 -1.1142
13.625 78.875 -1.5396
13.625 79.125 -1.5108
13.625 79.375 -1.5739
13.625 79.625 -1.2904
13.625 79.875 -0.85295
13.625 80.125 -1.1505
13.875 74.875 -0.51125
13.875 75.125 0.48985
13.875 75.375 -0.15363
13.875 75.625 -0.42219
13.875 75.875 0.32947
13.875 76.125 -0.65338
13.875 76.375 -0.57049
13.875 76.625 0.4626
13.875 76.875 -0.89088
13.875 77.125 -0.62108
13.875 77.375 -0.727
13.875 77.625 -1.4083
13.875 77.875 -0.79227
13.875 78.125 -1.887
13.875 78.375 -0.18757
13.875 78.625 -0.88267
13.875 78.875 -1.5961
13.875 79.125 -1.7822
13.875 79.375 -1.9432
13.875 79.625 -1.2637
13.875 79.875 -1.3776
14.125 74.625 -0.6622
14.125 74.875 -0.30419
14.125 75.125 0.026915
14.125 75.375 -0.13058
14.125 75.625 -0.67417
14.125 75.875 -0.045077
14.125 76.125 0.41863
14.125 76.375 0.096769
14.125 76.625 -0.091281
14.125 76.875 1.7252
14.125 77.125 -0.14973
14.125 77.375 -0.63523
14.125 77.625 -1.0878
14.125 77.875 -0.56051
14.125 78.125 -1.1235
14.125 78.375 -0.73654
14.125 78.625 -1.2796
14.125 78.875 -1.7985
14.125 79.125 -1.902
14.125 79.375 -1.9536
14.125 79.625 -0.94579
14.125 79.875 -1.1673
14.375 74.625 -0.83729
14.375 74.875 0.16112
14.375 75.125 -0.82358
14.375 75.375 -0.53532
14.375 75.625 0.27092
14.375 75.875 0.0051697
14.375 76.125 0.56225
14.375 76.375 1.0704
14.375 76.625 0.52973
14.375 76.875 -0.27245
14.375 77.125 0.56109
14.375 77.375 0.10813
14.375 77.625 -0.465
14.375 77.875 -0.39225
14.375 78.125 -0.84172
14.375 78.375 -1.4195
14.375 78.625 -1.1528
14.375 78.875 -1.7456
14.375 79.125 -2.1713
14.375 79.375 -1.8721
14.375 79.625 -0.60708
14.375 79.875 -0.59191
NaN NaN NaN
14.625 74.625 -1.9238
14.625 74.875 -1.0754
14.625 75.125 -0.60161
14.625 75.375 -0.21926
14.625 75.625 -1.0379
14.625 75.875 -0.055481
14.625 76.125 0.059493
14.625 76.375 -0.16915
14.625 76.625 0.52573
14.625 76.875 1.1987
14.625 77.125 0.71237
14.625 77.375 -0.31182
14.625 77.625 -0.13285
14.625 77.875 -0.60284
14.625 78.125 -0.51091
14.625 78.375 -1.0066
14.625 78.625 -1.4803
14.625 78.875 -1.5559
14.625 79.125 -2.1635
14.625 79.375 -1.9104
14.625 79.625 -1.1234
14.625 79.875 -1.0808
14.875 74.375 -0.95688
14.875 74.625 -1.1671
14.875 74.875 -1.3841
14.875 75.125 -0.29609
14.875 75.375 -0.99967
14.875 75.625 -0.040452
14.875 75.875 -0.7746
14.875 76.125 -0.91602
14.875 76.375 -1.3199
14.875 76.625 -0.36143
14.875 76.875 0.99158
14.875 77.125 0.33023
14.875 77.375 -0.85936
14.875 77.625 -0.99707
14.875 77.875 -1.0182
14.875 78.125 -0.70473
14.875 78.375 -0.53135
14.875 78.625 -1.1449
14.875 78.875 -1.4061
14.875 79.125 -1.3896
14.875 79.375 -1.2201
14.875 79.625 -1.3925
14.875 79.875 -1.3674
15.125 74.125 -1.493
15.125 74.375 0.74569
15.125 74.625 -0.02709
15.125 74.875 0.043507
15.125 75.125 -0.3807
15.125 75.375 0.0070253
15.125 75.625 0.72794
15.125 75.875 -0.29032
15.125 76.125 -0.66766
15.125 76.375 -0.39114
15.125 76.625 -1.2549
15.125 76.875 -0.78497
15.125 77.125 -1.4571
15.125 77.375 -1.0841
15.125 77.625 -0.62512
15.125 77.875 -1.3358
15.125 78.125 -1.9301
15.125 78.375 -1.3829
15.125 78.625 0.18033
15.125 78.875 -0.69147
15.125 79.125 -0.93032
15.125 79.375 -1.2125
15.125 79.625 -1.3041
15.125 79.875 -1.5464
15.375 73.875 -1.6777
15.375 74.125 -1.4943
15.375 74.375 -0.41076
15.375 74.625 -0.48627
15.375 74.875 0.61451
15.375 75.125 0.0014889
15.375 75.375 1.2641
15.375 75.625 1.1212
15.375 75.875 -0.13531
15.375 76.125 -0.56446
15.375 76.375 -0.16288
15.375 76.625 -0.52121
15.375 76.875 -0.86216
15.375 77.125 -1.4514
15.375 77.375 -2.016
15.375 77.625 -0.62919
15.375 77.875 -1.3047
15.375 78.125 -1.7085
15.375 78.375 -1.2771
15.375 78.625 1.6224
15.375 78.875 -1.0321
15.375 79.125 -1.3668
15.375 79.375 -1.2697
15.375 79.625 -1.6305
15.375 79.875 -1.3704
15.625 73.875 -1.129
15.625 74.125 -0.98296
15.625 74.375 -1.092
15.625 74.625 -0.33832
15.625 74.875 0.32767
15.625 75.125 0.050822
15.625 75.375 0.30539
15.625 75.625 0.80311
15.625 75.875 0.22112
15.625 76.125 0.0012933
15.625 76.375 -0.41969
15.625 76.625 -0.38115
15.625 76.875 -0.67363
15.625 77.125 -1.2564
15.625 77.375 -1.612
15.625 77.625 -1.5197
15.625 77.875 -1.3887
15.625 78.125 -1.5731
15.625 78.375 -2.0625
15.625 78.625 -2.0235
15.625 78.875 -0.67782
15.625 79.125 -1.5325
15.625 79.375 -1.461
15.625 79.625 -0.63364
15.625 79.875 -1.1812
15.625 80.125 -1.2673
15.875 73.875 0.43858
15.875 74.125 -0.35488
15.875 74.375 -0.3623
15.875 74.625 -0.025109
15.875 74.875 0.31335
15.875 75.125 -0.15182
15.875 75.375 -0.23618
15.875 75.625 -0.28709
15.875 75.875 -0.30495
15.875 76.125 -1.0069
15.875 76.375 -0.84028
15.875 76.625 -0.68004
15.875 76.875 0.098983
15.875 77.125 -0.9885
15.875 77.375 -0.65226
15.875 77.625 -2.0431
15.875 77.875 -1.021
15.875 78.125 -1.5768
15.875 78.375 -1.9824
15.875 78.625 -1.2953
15.875 78.875 -1.563
15.875 79.125 -1.2641
15.875 79.375 0.30925
15.875 79.625 -0.93913
15.875 79.875 -1.2958
15.875 80.125 -1.1461
15.875 80.375 -0.61828
NaN NaN NaN
15.875 80.875 -0.84035
16.125 73.625 0.7091
16.125 73.875 0.33019
16.125 74.125 0.00091927
16.125 74.375 -0.20577
16.125 74.625 0.39521
16.125 74.875 0.92567
16.125 75.125 -1.5262
16.125 75.375 -0.80931
16.125 75.625 -0.78266
16.125 75.875 -1.2109
16.125 76.125 -0.80368
16.125 76.375 -0.64687
16.125 76.625 -0.26563
16.125 76.875 -0.64106
16.125 77.125 -0.76729
16.125 77.375 -0.11486
16.125 77.625 -1.2498
16.125 77.875 -0.39394
16.125 78.125 -0.32148
16.125 78.375 -0.56356
16.125 78.625 -0.93344
16.125 78.875 -1.4237
16.125 79.125 -1.227
16.125 79.375 -1.4367
16.125 79.625 -1.546
16.125 79.875 -1.1085
16.125 80.125 -0.7011
16.125 80.375 0.070592
16.125 80.625 -0.41893
16.125 80.875 -0.40598
16.375 73.625 -0.50599
16.375 73.875 0.98056
16.375 74.125 -0.12397
16.375 74.375 0.59324
16.375 74.625 -0.42476
16.375 74.875 0.99728
16.375 75.125 -0.11514
16.375 75.375 -0.65588
16.375 75.625 -1.171
16.375 75.875 -0.87393
16.375 76.125 0.23095
16.375 76.375 0.47208
16.375 76.625 -0.10628
16.375 76.875 -0.7267
16.375 77.125 -0.52755
16.375 77.375 -0.93717
16.375 77.625 -1.5844
16.375 77.875 -0.84919
16.375 78.125 -0.28389
16.375 78.375 -0.61818
16.375 78.625 -1.9208
16.375 78.875 -1.2376
16.375 79.125 -0.89265
16.375 79.375 -1.0612
16.375 79.625 -1.5465
16.375 79.875 -0.94499
16.375 80.125 -0.19978
16.375 80.375 -0.51156
16.375 80.625 -0.16633
16.375 80.875 0.036573
16.375 81.125 -0.31868
NaN NaN NaN
NaN NaN NaN
16.625 73.625 -0.85533
16.625 73.875 -1.2204
16.625 74.125 1.4832
16.625 74.375 -1.9354
16.625 74.625 -0.2473
16.625 74.875 -0.51813
16.625 75.125 0.025643
16.625 75.375 -1.611
16.625 75.625 -1.219
16.625 75.875 -1.129
16.625 76.125 -0.56181
16.625 76.375 -0.90293
16.625 76.625 -0.52392
16.625 76.875 -0.47692
16.625 77.125 -0.51377
16.625 77.375 -1.0252
16.625 77.625 -1.8145
16.625 77.875 -1.062
16.625 78.125 -0.43327
16.625 78.375 -0.99971
16.625 78.625 -1.0811
16.625 78.875 -1.7223
16.625 79.125 -1.2323
16.625 79.375 -0.65624
16.625 79.625 -0.49532
16.625 79.875 -0.60983
16.625 80.125 -0.41735
16.625 80.375 -0.60922
16.625 80.625 -0.48029
16.625 80.875 -0.32588
16.625 81.125 -1.4548
16.625 81.375 -0.61392
16.625 81.625 0.3602
16.625 81.875 0.54281
16.625 82.125 0.49519
16.875 73.375 -1.2603
16.875 73.625 -1.2397
16.875 73.875 -1.0898
16.875 74.125 -1.8513
16.875 74.375 0.6468
16.875 74.625 -1.3515
16.875 74.875 -1.2939
16.875 75.125 -0.9237
16.875 75.375 -0.54429
16.875 75.625 -0.20622
16.875 75.875 -1.0977
16.875 76.125 -1.3926
16.875 76.375 -1.5791
16.875 76.625 -1.8826
16.875 76.875 -1.0822
16.875 77.125 -0.95403
16.875 77.375 -0.94576
16.875 77.625 -1.5776
16.875 77.875 -0.83137
16.875 78.125 -1.3147
16.875 78.375 -1.5893
16.875 78.625 -1.2849
16.875 78.875 -1.9531
16.875 79.125 -1.5822
16.875 79.375 -0.9531
16.875 79.625 -0.71634
16.875 79.875 -0.46993
16.875 80.125 -0.49931
16.875 80.375 -0.73081
16.875 80.625 -0.54188
16.875 80.875 -0.54239
16.875 81.125 -0.50463
16.875 81.375 -0.18502
16.875 81.625 -0.057224
16.875 81.875 0.085974
16.875 82.125 -0.020446
17.125 73.375 -0.92347
17.125 73.625 -0.53789
17.125 73.875 -0.41975
17.125 74.125 -1.4292
17.125 74.375 -2.0015
17.125 74.625 -1.8465
17.125 74.875 -1.7351
17.125 75.125 -2.0188
17.125 75.375 -1.7829
17.125 75.625 -0.20443
17.125 75.875 -1.741
17.125 76.125 -2.1051
17.125 76.375 -1.7488
17.125 76.625 -1.6124
17.125 76.875 -1.1262
17.125 77.125 -1.1387
17.125 77.375 -1.4944
17.125 77.625 -0.94468
17.125 77.875 -0.44038
17.125 78.125 -0.52542
17.125 78.375 -1.6599
17.125 78.625 -1.2734
17.125 78.875 -0.80133
17.125 79.125 0.067428
17.125 79.375 -0.61418
17.125 79.625 -0.74076
17.125 79.875 -0.52176
17.125 80.125 -0.22594
17.125 80.375 -0.67573
17.125 80.625 -0.66096
17.125 80.875 -0.59957
17.125 81.125 -0.49446
17.125 81.375 -0.30427
17.125 81.625 -0.45323
17.125 81.875 -0.4875
17.125 82.125 -0.22474
17.125 82.375 -0.27401
17.375 73.375 -0.9979
17.375 73.625 -1.152
17.375 73.875 0.80341
17.375 74.125 -2.031
17.375 74.375 -1.89
17.375 74.625 -1.9993
17.375 74.875 -1.851
17.375 75.125 -2.2724
17.375 75.375 -2.3733
17.375 75.625 -1.9025
17.375 75.875 -1.9769
17.375 76.125 -1.5165
17.375 76.375 -1.4576
17.375 76.625 -1.4411
17.375 76.875 -0.7771
17.375 77.125 -0.98782
17.375 77.375 -1.2334
17.375 77.625 -0.50577
17.375 77.875 -0.47183
17.375 78.125 -0.52947
17.375 78.375 -0.97451
17.375 78.625 -1.7692
17.375 78.875 0.04881
17.375 79.125 0.35166
17.375 79.375 0.095145
17.375 79.625 -1.4191
17.375 79.875 -0.33657
17.375 80.125 -0.021302
17.375 80.375 -0.20695
17.375 80.625 -0.58761
17.375 80.875 -0.76433
17.375 81.125 -0.66559
17.375 81.375 -0.19566
17.375 81.625 -0.58105
17.375 81.875 -0.49875
17.375 82.125 -0.1864
17.375 82.375 -0.38745
NaN NaN NaN
17.625 73.375 -0.14808
17.625 73.625 -2.1808
17.625 73.875 -0.39716
17.625 74.125 -2.0394
17.625 74.375 -2.0556
17.625 74.625 -2.2223
17.625 74.875 -1.9362
17.625 75.125 -1.86
17.625 75.375 -2.1176
17.625 75.625 -1.8353
17.625 75.875 -1.9565
17.625 76.125 -1.8978
17.625 76.375 -2.1343
17.625 76.625 -1.1898
17.625 76.875 -1.0039
17.625 77.125 -0.72234
17.625 77.375 -1.3898
17.625 77.625 -1.7188
17.625 77.875 -1.2083
17.625 78.125 -0.49139
17.625 78.375 -0.33148
17.625 78.625 -0.21161
17.625 78.875 -0.56766
17.625 79.125 -0.40591
17.625 79.375 -1.2586
17.625 79.625 -1.4949
17.625 79.875 -0.48554
17.625 80.125 0.077743
17.625 80.375 -0.3557
17.625 80.625 -0.94743
17.625 80.875 -0.31706
17.625 81.125 -0.35556
17.625 81.375 0.39916
17.625 81.625 -0.30249
17.625 81.875 -0.32753
17.625 82.125 -0.27282
17.625 82.375 -0.45158
17.625 82.625 -0.34994
17.625 82.875 -0.2974
17.625 83.125 -0.24418
17.875 73.375 0.30281
17.875 73.625 -1.0523
17.875 73.875 0.10338
17.875 74.125 -1.9686
17.875 74.375 -1.1284
17.875 74.625 -1.8559
17.875 74.875 -1.183
17.875 75.125 -2.2046
17.875 75.375 -2.2048
17.875 75.625 -1.801
17.875 75.875 -1.889
17.875 76.125 -2.0419
17.875 76.375 -2.1215
17.875 76.625 -1.6629
17.875 76.875 -1.6419
17.875 77.125 -0.52888
17.875 77.375 -0.93253
17.875 77.625 -0.36597
17.875 77.875 -0.32149
17.875 78.125 0.56234
17.875 78.375 0.275
17.875 78.625 0.47978
17.875 78.875 -0.41919
17.875 79.125 -0.93966
17.875 79.375 -1.4117
17.875 79.625 -1.296
17.875 79.875 -0.79587
17.875 80.125 -0.91609
17.875 80.375 -1.3444
17.875 80.625 -1.055
17.875 80.875 -0.15622
17.875 81.125 -0.17168
17.875 81.375 0.94174
17.875 81.625 0.090192
17.875 81.875 -0.47144
17.875 82.125 -0.86359
17.875 82.375 -1.1262
17.875 82.625 -0.13234
17.875 82.875 0.15189
17.875 83.125 -0.42825
17.875 83.375 -0.26267
NaN NaN NaN
18.125 73.375 -1.4939
18.125 73.625 0.70136
18.125 73.875 0.93367
18.125 74.125 -0.68015
18.125 74.375 -0.47001
18.125 74.625 -1.3909
18.125 74.875 -1.2273
18.125 75.125 -1.6504
18.125 75.375 -1.9983
18.125 75.625 -1.9376
18.125 75.875 -2.1433
18.125 76.125 -1.7845
18.125 76.375 -1.7898
18.125 76.625 -2.0851
18.125 76.875 -1.7143
18.125 77.125 0.93918
18.125 77.375 0.082917
18.125 77.625 0.32241
18.125 77.875 -0.11002
18.125 78.125 0.67317
18.125 78.375 -0.1007
18.125 78.625 0.037901
18.125 78.875 -0.79198
18.125 79.125 -0.90635
18.125 79.375 -1.612
18.125 79.625 -0.27555
18.125 79.875 -0.70164
18.125 80.125 -0.94776
18.125 80.375 -1.6158
18.125 80.625 -1.7068
18.125 80.875 -0.23738
18.125 81.125 -0.53284
18.125 81.375 0.74916
18.125 81.625 0.97711
18.125 81.875 0.74939
18.125 82.125 -0.68067
18.125 82.375 -0.9299
18.125 82.625 -0.53757
18.125 82.875 -0.45571
18.125 83.125 0.31365
18.125 83.375 0.41758
18.125 83.625 0.34176
18.375 73.125 -0.47186
18.375 73.375 0.033251
18.375 73.625 1.3765
18.375 73.875 1.1707
18.375 74.125 -0.90308
18.375 74.375 -0.91668
18.375 74.625 -2.3385
18.375 74.875 -2.3914
18.375 75.125 -1.8733
18.375 75.375 -0.94244
18.375 75.625 -1.4912
18.375 75.875 -2.0191
18.375 76.125 -1.6457
18.375 76.375 -1.8028
18.375 76.625 -1.8039
18.375 76.875 -1.616
18.375 77.125 -0.94656
18.375 77.375 -0.38283
18.375 77.625 -0.37277
18.375 77.875 -0.11287
18.375 78.125 0.29887
18.375 78.375 0.82651
18.375 78.625 -0.12875
18.375 78.875 -0.80255
18.375 79.125 -0.13653
18.375 79.375 -0.68732
18.375 79.625 -0.40678
18.375 79.875 -0.85339
18.375 80.125 -0.86803
18.375 80.375 -0.22226
18.375 80.625 -0.068616
18.375 80.875 -0.70887
18.375 81.125 -0.09805
18.375 81.375 0.68057
18.375 81.625 0.96157
18.375 81.875 0.81098
18.375 82.125 0.90664
18.375 82.375 0.83238
18.375 82.625 -0.17185
18.375 82.875 -1.3044
18.375 83.125 0.02798
18.375 83.375 0.053726
18.375 83.625 0.043958
18.375 83.875 0.55457
18.625 73.125 0.79338
18.625 73.375 1.6021
18.625 73.625 1.6638
18.625 73.875 1.7301
18.625 74.125 -0.95926
18.625 74.375 -0.89209
18.625 74.625 -1.8886
18.625 74.875 -1.8942
18.625 75.125 -2.167
18.625 75.375 -1.9147
18.625 75.625 -1.5711
18.625 75.875 -1.6394
18.625 76.125 -1.9507
18.625 76.375 -1.4178
18.625 76.625 -0.51906
18.625 76.875 -1.1124
18.625 77.125 -1.26
18.625 77.375 -0.76691
18.625 77.625 -0.18816
18.625 77.875 -0.24476
18.625 78.125 -0.83948
18.625 78.375 -0.54666
18.625 78.625 -0.62613
18.625 78.875 -0.52471
18.625 79.125 -0.27926
18.625 79.375 -0.76498
18.625 79.625 -0.99697
18.625 79.875 -0.55578
18.625 80.125 -0.22886
18.625 80.375 1.1873
18.625 80.625 0.87572
18.625 80.875 -0.42772
18.625 81.125 -0.60794
18.625 81.375 0.12846
18.625 81.625 0.42479
18.625 81.875 0.62959
18.625 82.125 0.96985
18.625 82.375 1.4042
18.625 82.625 1.6052
18.625 82.875 -0.15494
18.625 83.125 -1.0182
18.625 83.375 -0.67231
18.625 83.625 0.25986
18.625 83.875 -0.0034918
18.625 84.125 -0.23614
18.875 73.125 0.56422
18.875 73.375 0.54585
18.875 73.625 1.7032
18.875 73.875 1.7136
18.875 74.125 -1.6361
18.875 74.375 -1.6788
18.875 74.625 -1.4352
18.875 74.875 -1.819
18.875 75.125 -2.0875
18.875 75.375 -1.9982
18.875 75.625 -2.0447
18.875 75.875 -2.1198
18.875 76.125 -1.4665
18.875 76.375 -1.4276
18.875 76.625 -1.3156
18.875 76.875 -0.87959
18.875 77.125 -0.85454
18.875 77.375 -1.0919
18.875 77.625 -0.4761
18.875 77.875 -0.5847
18.875 78.125 -0.98853
18.875 78.375 -2.0793
18.875 78.625 -0.18967
18.875 78.875 0.58598
18.875 79.125 -0.20242
18.875 79.375 -0.43607
18.875 79.625 -0.95612
18.875 79.875 -0.6451
18.875 80.125 -0.48698
18.875 80.375 0.60459
18.875 80.625 1.0974
18.875 80.875 0.95589
18.875 81.125 0.60866
18.875 81.375 1.2271
18.875 81.625 0.18812
18.875 81.875 1.1253
18.875 82.125 1.0847
18.875 82.375 1.2355
18.875 82.625 0.32381
18.875 82.875 0.12552
18.875 83.125 -1.4425
18.875 83.375 -0.043764
18.875 83.625 0.293
18.875 83.875 0.36784
18.875 84.125 0.38224
18.875 84.375 0.42334
19.125 73.125 -0.2569
19.125 73.375 0.40188
19.125 73.625 0.88578
19.125 73.875 0.83375
19.125 74.125 -1.4214
19.125 74.375 -1.3855
19.125 74.625 -1.4983
19.125 74.875 -1.9726
19.125 75.125 -1.9697
19.125 75.375 -1.8694
19.125 75.625 -1.9671
19.125 75.875 -1.9715
19.125 76.125 -1.532
19.125 76.375 -1.2465
19.125 76.625 -1.0062
19.125 76.875 -1.2011
19.125 77.125 -0.73312
19.125 77.375 -0.6177
19.125 77.625 -1.2118
19.125 77.875 -1.4434
19.125 78.125 -1.764
19.125 78.375 -1.4905
19.125 78.625 -0.82005
19.125 78.875 -0.011459
19.125 79.125 -0.49306
19.125 79.375 -0.14002
19.125 79.625 0.016102
19.125 79.875 -0.33706
19.125 80.125 -0.45002
19.125 80.375 -0.13676
19.125 80.625 1.1509
19.125 80.875 1.6288
19.125 81.125 1.0427
19.125 81.375 0.53992
19.125 81.625 0.31308
19.125 81.875 -0.24651
19.125 82.125 0.95853
19.125 82.375 1.2604
19.125 82.625 -0.21146
19.125 82.875 0.56434
19.125 83.125 -0.36797
19.125 83.375 -0.08544
19.125 83.625 -0.17018
19.125 83.875 -0.13141
19.125 84.125 0.55428
19.125 84.375 0.66267
19.125 84.625 1.1946
19.375 72.875 0.068914
19.375 73.125 -1.2636
19.375 73.375 0.39023
19.375 73.625 0.77168
19.375 73.875 0.21207
19.375 74.125 -0.18998
19.375 74.375 -1.0284
19.375 74.625 -1.2143
19.375 74.875 -1.9768
19.375 75.125 -1.4614
19.375 75.375 -1.3739
19.375 75.625 -1.8677
19.375 75.875 -2.0909
19.375 76.125 -1.8017
19.375 76.375 -1.6039
19.375 76.625 -1.6638
19.375 76.875 -1.5744
19.375 77.125 -1.4249
19.375 77.375 -2.0127
19.375 77.625 -1.8942
19.375 77.875 -1.4943
19.375 78.125 -1.3546
19.375 78.375 -1.4409
19.375 78.625 -1.1356
19.375 78.875 -0.58597
19.375 79.125 -0.2889
19.375 79.375 0.0647
19.375 79.625 -0.17982
19.375 79.875 -0.45698
19.375 80.125 -0.26235
19.375 80.375 -0.024354
19.375 80.625 0.80052
19.375 80.875 0.90928
19.375 81.125 0.59816
19.375 81.375 0.41652
19.375 81.625 0.29555
19.375 81.875 0.53658
19.375 82.125 0.68104
19.375 82.375 0.28876
19.375 82.625 -0.33138
19.375 82.875 0.77951
19.375 83.125 -0.38145
19.375 83.375 -0.74416
19.375 83.625 -0.60424
19.375 83.875 -1.0932
19.375 84.125 0.31445
19.375 84.375 0.50338
19.375 84.625 0.74064
19.375 84.875 0.93074
19.625 72.875 0.15687
19.625 73.125 0.79457
19.625 73.375 0.69085
19.625 73.625 0.77969
19.625 73.875 0.6237
19.625 74.125 -0.36933
19.625 74.375 -1.1732
19.625 74.625 -1.3782
19.625 74.875 -1.528
19.625 75.125 -1.597
19.625 75.375 -1.6094
19.625 75.625 -1.948
19.625 75.875 -1.9073
19.625 76.125 -1.7615
19.625 76.375 -1.5411
19.625 76.625 -1.7895
19.625 76.875 -1.9544
19.625 77.125 -1.5879
19.625 77.375 -1.4168
19.625 77.625 -1.3495
19.625 77.875 -1.507
19.625 78.125 -1.5566
19.625 78.375 -1.6022
19.625 78.625 -0.74445
19.625 78.875 -0.90107
19.625 79.125 -1.1662
19.625 79.375 -1.6769
19.625 79.625 -1.2829
19.625 79.875 -0.99075
19.625 80.125 -0.57994
19.625 80.375 -0.4436
19.625 80.625 0.35664
19.625 80.875 0.72125
19.625 81.125 0.60594
19.625 81.375 0.16941
19.625 81.625 0.43579
19.625 81.875 0.80729
19.625 82.125 0.32995
19.625 82.375 0.22472
19.625 82.625 0.10838
19.625 82.875 -0.17693
19.625 83.125 -0.32989
19.625 83.375 0.49416
19.625 83.625 0.73052
19.625 83.875 0.81238
19.625 84.125 0.64004
19.625 84.375 0.41868
19.625 84.625 1.2183
19.625 84.875 0.6674
19.625 85.125 0.37152
19.625 85.375 0.77826
19.875 72.875 1.1982
19.875 73.125 0.60569
19.875 73.375 0.79895
19.875 73.625 1.59
19.875 73.875 0.92557
19.875 74.125 -0.55524
19.875 74.375 -0.83042
19.875 74.625 -0.86367
19.875 74.875 -0.30665
19.875 75.125 -1.6009
19.875 75.375 -1.8293
19.875 75.625 -1.952
19.875 75.875 -1.1641
19.875 76.125 -1.6971
19.875 76.375 -1.4067
19.875 76.625 -1.7862
19.875 76.875 -1.3986
19.875 77.125 -1.3938
19.875 77.375 -1.3442
19.875 77.625 -1.2669
19.875 77.875 -1.8209
19.875 78.125 -1.818
19.875 78.375 -1.9235
19.875 78.625 -1.1833
19.875 78.875 -0.97184
19.875 79.125 -1.1305
19.875 79.375 -2.0925
19.875 79.625 -1.51
19.875 79.875 -1.1433
19.875 80.125 -0.79196
19.875 80.375 -0.79152
19.875 80.625 -0.35246
19.875 80.875 0.21018
19.875 81.125 0.52909
19.875 81.375 -0.94651
19.875 81.625 0.43098
19.875 81.875 1.4964
19.875 82.125 0.31064
19.875 82.375 0.012746
19.875 82.625 0.11926
19.875 82.875 0.080009
19.875 83.125 0.37023
19.875 83.375 0.80795
19.875 83.625 0.90704
19.875 83.875 0.86549
19.875 84.125 0.8818
19.875 84.375 0.66291
19.875 84.625 1.222
19.875 84.875 0.79005
19.875 85.125 0.52506
19.875 85.375 1.0537
NaN NaN NaN
NaN NaN NaN
NaN NaN NaN
20.125 72.875 1.4259
20.125 73.125 1.3001
20.125 73.375 -0.44457
20.125 73.625 2.1283
20.125 73.875 1.5868
20.125 74.125 2.0476
20.125 74.375 -0.10486
20.125 74.625 -0.64497
20.125 74.875 -0.64853
20.125 75.125 -1.1496
20.125 75.375 -1.2815
20.125 75.625 -1.9133
20.125 75.875 -1.807
20.125 76.125 -1.9159
20.125 76.375 -2.2159
20.125 76.625 -1.7082
20.125 76.875 -1.4061
20.125 77.125 -1.7458
20.125 77.375 -1.7874
20.125 77.625 -1.5856
20.125 77.875 -2.0765
20.125 78.125 -2.056
20.125 78.375 -1.8756
20.125 78.625 -1.421
20.125 78.875 -1.2526
20.125 79.125 -1.5155
20.125 79.375 -1.5862
20.125 79.625 -0.92826
20.125 79.875 -0.58319
20.125 80.125 -0.58815
20.125 80.375 -1.087
20.125 80.625 -0.72149
20.125 80.875 -0.45077
20.125 81.125 -0.10624
20.125 81.375 0.16223
20.125 81.625 0.75313
20.125 81.875 1.6846
20.125 82.125 1.2982
20.125 82.375 0.16003
20.125 82.625 0.37725
20.125 82.875 0.98556
20.125 83.125 0.85651
20.125 83.375 1.1849
20.125 83.625 1.2558
20.125 83.875 1.5927
20.125 84.125 1.8515
20.125 84.375 0.5589
20.125 84.625 1.2756
20.125 84.875 1.0868
20.125 85.125 1.6115
20.125 85.375 0.99813
20.125 85.625 0.68613
20.125 85.875 0.10069
20.125 86.125 1.0401
NaN NaN NaN
20.375 73.125 1.461
20.375 73.375 0.85537
20.375 73.625 1.1008
20.375 73.875 -0.32339
20.375 74.125 -0.065837
20.375 74.375 -1.0604
20.375 74.625 -1.6515
20.375 74.875 -1.1314
20.375 75.125 0.017967
20.375 75.375 0.59634
20.375 75.625 -1.4204
20.375 75.875 -1.1154
20.375 76.125 -1.4623
20.375 76.375 -1.8054
20.375 76.625 -1.6381
20.375 76.875 -2.0448
20.375 77.125 -2.1711
20.375 77.375 -2.0127
20.375 77.625 -0.30244
20.375 77.875 -2.0586
20.375 78.125 -1.8751
20.375 78.375 -1.6565
20.375 78.625 -1.6419
20.375 78.875 -1.535
20.375 79.125 -1.1912
20.375 79.375 -0.88611
20.375 79.625 -0.81124
20.375 79.875 -0.76191
20.375 80.125 -0.56665
20.375 80.375 -1.074
20.375 80.625 -0.468
20.375 80.875 0.03397
20.375 81.125 0.22108
20.375 81.375 0.23434
20.375 81.625 0.81505
20.375 81.875 1.5125
20.375 82.125 1.5686
20.375 82.375 1.5219
20.375 82.625 1.5367
20.375 82.875 1.2871
20.375 83.125 1.4416
20.375 83.375 1.6783
20.375 83.625 1.5292
20.375 83.875 1.2212
20.375 84.125 1.3519
20.375 84.375 -0.67421
20.375 84.625 0.50433
20.375 84.875 1.5039
20.375 85.125 1.1849
20.375 85.375 0.94518
20.375 85.625 1.5329
20.375 85.875 1.1279
20.375 86.125 1.3064
20.375 86.375 1.2407
NaN NaN NaN
20.625 73.125 1.2669
20.625 73.375 0.9119
20.625 73.625 1.3323
20.625 73.875 2.0524
20.625 74.125 -0.26313
20.625 74.375 -1.1506
20.625 74.625 -0.70852
20.625 74.875 0.25699
20.625 75.125 -0.57237
20.625 75.375 -0.068706
20.625 75.625 -0.95697
20.625 75.875 -1.9538
20.625 76.125 -0.90369
20.625 76.375 -1.5857
20.625 76.625 -2.0057
20.625 76.875 -2.0848
20.625 77.125 -1.7265
20.625 77.375 -1.702
20.625 77.625 -1.1011
20.625 77.875 -1.487
20.625 78.125 -0.95849
20.625 78.375 -1.2881
20.625 78.625 -1.5031
20.625 78.875 -1.7147
20.625 79.125 -1.4739
20.625 79.375 -1.2746
20.625 79.625 -0.58382
20.625 79.875 -0.53853
20.625 80.125 -0.2783
20.625 80.375 -0.46824
20.625 80.625 0.42498
20.625 80.875 0.94329
20.625 81.125 0.62334
20.625 81.375 0.81731
20.625 81.625 0.90732
20.625 81.875 1.7722
20.625 82.125 1.6765
20.625 82.375 1.3815
20.625 82.625 1.3998
20.625 82.875 1.3199
20.625 83.125 1.2206
20.625 83.375 1.8644
20.625 83.625 1.9094
20.625 83.875 1.041
20.625 84.125 1.1534
20.625 84.375 0.87545
20.625 84.625 0.63615
20.625 84.875 0.81117
20.625 85.125 1.7558
20.625 85.375 1.7492
20.625 85.625 0.11496
20.625 85.875 1.1398
20.625 86.125 1.4879
20.625 86.375 1.8489
20.625 86.625 1.6502
NaN NaN NaN
20.875 70.625 0.28748
20.875 70.875 0.50272
20.875 71.125 0.23812
20.875 71.375 1.3444
20.875 72.875 1.1517
20.875 73.125 1.1333
20.875 73.375 0.33444
20.875 73.625 1.5032
20.875 73.875 1.8466
20.875 74.125 0.68495
20.875 74.375 -0.32719
20.875 74.625 -0.60157
20.875 74.875 -0.34767
20.875 75.125 -1.4587
20.875 75.375 -1.4013
20.875 75.625 -1.6004
20.875 75.875 -1.509
20.875 76.125 -1.1222
20.875 76.375 -1.5729
20.875 76.625 -1.2651
20.875 76.875 -1.7663
20.875 77.125 -1.9533
20.875 77.375 -1.9396
20.875 77.625 -1.7648
20.875 77.875 -1.5126
20.875 78.125 -1.4029
20.875 78.375 -1.4385
20.875 78.625 -1.9403
20.875 78.875 -1.795
20.875 79.125 -1.892
20.875 79.375 -1.6406
20.875 79.625 -0.90271
20.875 79.875 -0.20152
20.875 80.125 -0.099971
20.875 80.375 -0.78606
20.875 80.625 0.07098
20.875 80.875 0.70641
20.875 81.125 0.59404
20.875 81.375 -0.079368
20.875 81.625 1.5716
20.875 81.875 1.0695
20.875 82.125 0.77084
20.875 82.375 1.7962
20.875 82.625 1.5841
20.875 82.875 1.3382
20.875 83.125 1.5426
20.875 83.375 1.2612
20.875 83.625 1.9088
20.875 83.875 1.596
20.875 84.125 0.98418
20.875 84.375 1.529
20.875 84.625 1.1936
20.875 84.875 0.60546
20.875 85.125 2.0469
20.875 85.375 1.2125
20.875 85.625 1.1752
20.875 85.875 1.971
20.875 86.125 2.001
20.875 86.375 1.6584
20.875 86.625 1.5423
21.125 70.375 0.040802
21.125 70.625 0.060427
21.125 70.875 -0.0067477
21.125 71.125 1.2541
21.125 71.375 0.8773
NaN NaN NaN
NaN NaN NaN
21.125 72.875 -0.86278
21.125 73.125 -0.5859
21.125 73.375 0.83381
21.125 73.625 -0.99928
21.125 73.875 -0.90706
21.125 74.125 -1.0739
21.125 74.375 -0.70632
21.125 74.625 -0.43853
21.125 74.875 -0.13337
21.125 75.125 -0.91649
21.125 75.375 -1.1945
21.125 75.625 0.56864
21.125 75.875 0.45413
21.125 76.125 -0.13386
21.125 76.375 -1.5922
21.125 76.625 -1.1916
21.125 76.875 -1.6299
21.125 77.125 -1.2647
21.125 77.375 -1.4101
21.125 77.625 -1.2937
21.125 77.875 -1.0849
21.125 78.125 -1.6357
21.125 78.375 -1.6492
21.125 78.625 -1.6202
21.125 78.875 -1.4515
21.125 79.125 -1.3749
21.125 79.375 -1.8576
21.125 79.625 0.046818
21.125 79.875 0.81769
21.125 80.125 0.53114
21.125 80.375 -0.72245
21.125 80.625 -0.35478
21.125 80.875 0.49558
21.125 81.125 -0.00017336
21.125 81.375 1.2696
21.125 81.625 0.24104
21.125 81.875 0.54213
21.125 82.125 1.1545
21.125 82.375 0.925
21.125 82.625 1.2637
21.125 82.875 0.64168
21.125 83.125 0.91845
21.125 83.375 1.6025
21.125 83.625 1.6647
21.125 83.875 1.9068
21.125 84.125 1.9039
21.125 84.375 1.4951
21.125 84.625 1.9958
21.125 84.875 1.9919
21.125 85.125 1.7144
21.125 85.375 1.2803
21.125 85.625 1.5297
21.125 85.875 1.8315
21.125 86.125 1.3786
21.125 86.375 1.3077
21.125 86.625 1.4247
21.375 70.125 -0.71787
21.375 70.375 -0.75954
21.375 70.625 0.54879
21.375 70.875 0.48041
21.375 71.125 0.72394
21.375 71.375 0.30986
21.375 71.625 0.080535
21.375 71.875 -0.017354
21.375 72.875 0.46029
21.375 73.125 1.891
21.375 73.375 1.3681
21.375 73.625 -0.31283
21.375 73.875 -1.3368
21.375 74.125 -1.4396
21.375 74.375 -1.6193
21.375 74.625 -0.88321
21.375 74.875 -0.023639
21.375 75.125 -0.63293
21.375 75.375 -0.94802
21.375 75.625 0.0026962
21.375 75.875 -0.38412
21.375 76.125 0.50134
21.375 76.375 -1.1819
21.375 76.625 -1.0187
21.375 76.875 -1.2153
21.375 77.125 -1.2343
21.375 77.375 -1.1807
21.375 77.625 -1.2454
21.375 77.875 -1.0368
21.375 78.125 -0.82894
21.375 78.375 -1.3437
21.375 78.625 -1.3891
21.375 78.875 -1.0315
21.375 79.125 -1.2888
21.375 79.375 -1.0563
21.375 79.625 -0.071716
21.375 79.875 -0.39461
21.375 80.125 -0.74829
21.375 80.375 -1.0216
21.375 80.625 -1.0629
21.375 80.875 -1.5079
21.375 81.125 -0.59257
21.375 81.375 0.85568
21.375 81.625 0.99705
21.375 81.875 1.1893
21.375 82.125 0.88253
21.375 82.375 0.98844
21.375 82.625 0.56425
21.375 82.875 0.57738
21.375 83.125 1.0254
21.375 83.375 1.4934
21.375 83.625 1.2442
21.375 83.875 1.7702
21.375 84.125 1.7221
21.375 84.375 1.8341
21.375 84.625 1.9499
21.375 84.875 1.486
21.375 85.125 1.2482
21.375 85.375 1.3482
21.375 85.625 0.63987
21.375 85.875 0.9444
21.375 86.125 1.5997
21.375 86.375 1.6121
21.375 86.625 1.2517
21.375 86.875 1.18
21.625 69.875 -0.29849
21.625 70.125 -1.0649
21.625 70.375 0.10763
21.625 70.625 0.66349
21.625 70.875 0.4735
21.625 71.125 -0.0057868
21.625 71.375 0.54183
21.625 71.625 0.69782
21.625 71.875 0.12476
21.625 72.125 0.070019
21.625 72.875 0.30146
21.625 73.125 0.76662
21.625 73.375 -0.018075
21.625 73.625 -0.99488
21.625 73.875 -1.5358
21.625 74.125 -1.1867
21.625 74.375 -1.1932
21.625 74.625 -1.424
21.625 74.875 -0.48535
21.625 75.125 -0.33769
21.625 75.375 -0.28824
21.625 75.625 -0.71403
21.625 75.875 -1.0286
21.625 76.125 -0.34565
21.625 76.375 -1.3186
21.625 76.625 -1.5364
21.625 76.875 -1.4299
21.625 77.125 -0.98728
21.625 77.375 -0.64202
21.625 77.625 -1.5769
21.625 77.875 -0.39964
21.625 78.125 -0.32704
21.625 78.375 -0.90748
21.625 78.625 -1.5473
21.625 78.875 -1.5296
21.625 79.125 -2.0159
21.625 79.375 -1.7627
21.625 79.625 0.14169
21.625 79.875 0.039097
21.625 80.125 -0.2125
21.625 80.375 0.087499
21.625 80.625 -1.5769
21.625 80.875 -1.0319
21.625 81.125 -1.482
21.625 81.375 -0.72007
21.625 81.625 0.49361
21.625 81.875 1.1898
21.625 82.125 1.5608
21.625 82.375 0.42792
21.625 82.625 0.12845
21.625 82.875 -0.72002
21.625 83.125 0.35187
21.625 83.375 0.47983
21.625 83.625 1.5862
21.625 83.875 1.405
21.625 84.125 1.6917
21.625 84.375 1.9477
21.625 84.625 1.7452
21.625 84.875 1.6426
21.625 85.125 1.1368
21.625 85.375 1.4306
21.625 85.625 1.7798
21.625 85.875 1.8378
21.625 86.125 1.6896
21.625 86.375 1.7156
21.625 86.625 0.92311
21.625 86.875 0.73005
21.625 87.125 0.74619
NaN NaN NaN
NaN NaN NaN
21.875 69.625 -1.3996
21.875 69.875 -0.47362
21.875 70.125 -1.0033
21.875 70.375 0.66579
21.875 70.625 0.94307
21.875 70.875 0.23789
21.875 71.125 -0.76422
21.875 71.375 0.20351
21.875 71.625 1.3627
21.875 71.875 0.18907
21.875 72.125 0.2539
NaN NaN NaN
21.875 72.875 -1.3957
21.875 73.125 -0.12805
21.875 73.375 -0.7535
21.875 73.625 -1.0213
21.875 73.875 -1.3368
21.875 74.125 -1.8359
21.875 74.375 -1.5687
21.875 74.625 -0.83216
21.875 74.875 -0.42397
21.875 75.125 -0.72399
21.875 75.375 -0.045753
21.875 75.625 -0.06594
21.875 75.875 -0.89245
21.875 76.125 -0.63828
21.875 76.375 -1.2572
21.875 76.625 -1.2421
21.875 76.875 -1.1565
21.875 77.125 -0.86307
21.875 77.375 -0.30351
21.875 77.625 -1.2668
21.875 77.875 -1.1659
21.875 78.125 -0.71911
21.875 78.375 -0.38312
21.875 78.625 -0.8389
21.875 78.875 -0.6816
21.875 79.125 -1.2602
21.875 79.375 -1.023
21.875 79.625 0.013112
21.875 79.875 -0.083047
21.875 80.125 0.92703
21.875 80.375 1.0475
21.875 80.625 0.35795
21.875 80.875 -0.76474
21.875 81.125 -1.6268
21.875 81.375 -0.54815
21.875 81.625 0.483
21.875 81.875 0.18047
21.875 82.125 1.9906
21.875 82.375 -0.22469
21.875 82.625 -1.503
21.875 82.875 -1.569
21.875 83.125 -0.63377
21.875 83.375 0.57201
21.875 83.625 0.11156
21.875 83.875 1.7996
21.875 84.125 1.8965
21.875 84.375 2.1229
21.875 84.625 1.8976
21.875 84.875 1.9487
21.875 85.125 2.163
21.875 85.375 1.8615
21.875 85.625 1.8503
21.875 85.875 1.9892
21.875 86.125 1.7428
21.875 86.375 1.8362
21.875 86.625 0.99072
21.875 86.875 0.93375
21.875 87.125 0.88435
21.875 87.375 0.9129
21.875 87.625 1.5595
21.875 87.875 1.2421
21.875 88.375 0.61793
NaN NaN NaN
NaN NaN NaN
22.125 69.125 -1.3969
22.125 69.375 -1.8323
22.125 69.625 -1.567
22.125 69.875 -0.99327
22.125 70.125 -1.3726
22.125 70.375 -0.47113
22.125 70.625 0.27366
22.125 70.875 0.85518
22.125 71.125 -0.93397
22.125 71.375 1.1611
22.125 71.625 1.7335
22.125 71.875 0.10561
22.125 72.125 -0.094868
NaN NaN NaN
22.125 72.875 -0.68987
22.125 73.125 -1.4957
22.125 73.375 -1.233
22.125 73.625 -0.92109
22.125 73.875 -1.307
22.125 74.125 -1.2647
22.125 74.375 -1.74
22.125 74.625 -1.7117
22.125 74.875 -0.73806
22.125 75.125 -0.67686
22.125 75.375 -1.2381
22.125 75.625 -0.68707
22.125 75.875 -0.49781
22.125 76.125 -0.73514
22.125 76.375 -1.3884
22.125 76.625 -1.1297
22.125 76.875 -1.0319
22.125 77.125 -0.68877
22.125 77.375 -0.80133
22.125 77.625 -1.3683
22.125 77.875 -1.0681
22.125 78.125 -1.0392
22.125 78.375 -1.1699
22.125 78.625 -0.39794
22.125 78.875 0.13166
22.125 79.125 -0.85598
22.125 79.375 -1.2307
22.125 79.625 -0.62553
22.125 79.875 0.35022
22.125 80.125 0.95249
22.125 80.375 0.7667
22.125 80.625 0.84686
22.125 80.875 -0.1706
22.125 81.125 -1.5757
22.125 81.375 1.8326
22.125 81.625 -0.4311
22.125 81.875 0.74486
22.125 82.125 1.2181
22.125 82.375 1.6138
22.125 82.625 -1.6931
22.125 82.875 -1.4659
22.125 83.125 -0.51865
22.125 83.375 0.39553
22.125 83.625 1.2842
22.125 83.875 1.2707
22.125 84.125 1.9606
22.125 84.375 2.2257
22.125 84.625 2.2676
22.125 84.875 2.2901
22.125 85.125 2.0512
22.125 85.375 1.7594
22.125 85.625 0.88039
22.125 85.875 1.1653
22.125 86.125 1.7292
22.125 86.375 1.5609
22.125 86.625 0.79276
22.125 86.875 0.95044
22.125 87.125 0.96413
22.125 87.375 0.2902
22.125 87.625 0.50526
22.125 87.875 0.78979
22.125 88.125 0.96384
22.125 88.375 0.78362
NaN NaN NaN
22.375 69.125 -0.69003
22.375 69.875 -0.37655
22.375 70.125 -0.56617
22.375 70.375 -0.61666
22.375 70.625 0.61419
22.375 70.875 1.0891
22.375 71.125 1.1141
22.375 71.375 0.93654
22.375 71.625 0.67829
22.375 71.875 1.254
22.375 72.125 0.93936
NaN NaN NaN
22.375 72.875 -1.1537
22.375 73.125 -0.67062
22.375 73.375 -0.6567
22.375 73.625 -0.18848
22.375 73.875 -0.74844
22.375 74.125 -1.4064
22.375 74.375 -1.4377
22.375 74.625 -1.5697
22.375 74.875 -1.32
22.375 75.125 -1.175
22.375 75.375 -0.87179
22.375 75.625 -1.0848
22.375 75.875 -0.24563
22.375 76.125 -0.3529
22.375 76.375 -0.57704
22.375 76.625 0.36123
22.375 76.875 -0.72027
22.375 77.125 -0.6997
22.375 77.375 -1.0182
22.375 77.625 -1.0453
22.375 77.875 -0.3665
22.375 78.125 -0.5261
22.375 78.375 -0.85069
22.375 78.625 -0.72836
22.375 78.875 -0.10038
22.375 79.125 -0.12565
22.375 79.375 -0.10094
22.375 79.625 -0.095715
22.375 79.875 0.53967
22.375 80.125 0.53202
22.375 80.375 0.49856
22.375 80.625 0.70676
22.375 80.875 0.5578
22.375 81.125 0.74862
22.375 81.375 1.6327
22.375 81.625 0.19987
22.375 81.875 0.36538
22.375 82.125 -0.80395
22.375 82.375 0.49032
22.375 82.625 -1.2622
22.375 82.875 -1.3972
22.375 83.125 -1.2685
22.375 83.375 -1.545
22.375 83.625 -1.7535
22.375 83.875 0.56793
22.375 84.125 1.0375
22.375 84.375 1.8053
22.375 84.625 2.1962
22.375 84.875 1.9583
22.375 85.125 1.3196
22.375 85.375 1.3852
22.375 85.625 1.1224
22.375 85.875 0.56223
22.375 86.125 1.0663
22.375 86.375 0.87943
22.375 86.625 0.43803
22.375 86.875 0.8682
22.375 87.125 1.0016
22.375 87.375 -0.025444
22.375 87.625 -0.11159
22.375 87.875 0.74133
22.375 88.125 -0.28279
22.375 88.375 0.061367
22.375 88.625 0.15656
22.375 88.875 0.11041
NaN NaN NaN
22.625 70.375 -0.18317
22.625 70.625 1.0876
22.625 70.875 1.151
22.625 71.125 0.69414
22.625 71.375 0.65351
22.625 71.625 0.5318
22.625 71.875 0.25657
22.625 72.125 0.21711
22.625 72.375 0.99513
22.625 72.625 1.5615
22.625 72.875 -0.40736
22.625 73.125 -0.73951
22.625 73.375 -0.072935
22.625 73.625 -0.98924
22.625 73.875 -0.93347
22.625 74.125 -0.92981
22.625 74.375 -0.77778
22.625 74.625 -1.1523
22.625 74.875 -1.2709
22.625 75.125 -1.1791
22.625 75.375 -0.84943
22.625 75.625 -1.1152
22.625 75.875 -0.60657
22.625 76.125 -0.45182
22.625 76.375 -0.55683
22.625 76.625 0.2576
22.625 76.875 0.044265
22.625 77.125 -0.58932
22.625 77.375 -1.2762
22.625 77.625 -1.0886
22.625 77.875 0.017239
22.625 78.125 -0.078738
22.625 78.375 -0.32082
22.625 78.625 0.11167
22.625 78.875 0.10558
22.625 79.125 0.12563
22.625 79.375 0.071739
22.625 79.625 -0.035151
22.625 79.875 0.35913
22.625 80.125 0.14701
22.625 80.375 -0.35672
22.625 80.625 -0.19686
22.625 80.875 0.049135
22.625 81.125 0.86104
22.625 81.375 1.3335
22.625 81.625 0.6449
22.625 81.875 0.3765
22.625 82.125 -0.76102
22.625 82.375 -1.7145
22.625 82.625 -1.4471
22.625 82.875 -1.8667
22.625 83.125 -2.185
22.625 83.375 -0.43944
22.625 83.625 -0.23957
22.625 83.875 -1.7246
22.625 84.125 0.16598
22.625 84.375 0.52356
22.625 84.625 1.2202
22.625 84.875 1.5726
22.625 85.125 1.0554
22.625 85.375 1.0033
22.625 85.625 1.5326
22.625 85.875 0.89321
22.625 86.125 0.72984
22.625 86.375 0.51039
22.625 86.625 0.07963
22.625 86.875 0.47006
22.625 87.125 0.86814
22.625 87.375 0.4461
22.625 87.625 0.53211
22.625 87.875 0.47761
22.625 88.125 0.85388
22.625 88.375 -0.03672
22.625 88.625 -0.010146
22.625 88.875 0.039251
22.625 92.625 -0.22732
22.625 92.875 1.6919
NaN NaN NaN
NaN NaN NaN
NaN NaN NaN
22.875 70.625 1.3916
22.875 70.875 1.1172
22.875 71.125 0.51197
22.875 71.375 0.43932
22.875 71.625 0.65762
22.875 71.875 0.61706
22.875 72.125 -0.38209
22.875 72.375 0.22925
22.875 72.625 0.64383
22.875 72.875 -0.11568
22.875 73.125 0.42375
22.875 73.375 -0.024065
22.875 73.625 -0.8547
22.875 73.875 -1.4282
22.875 74.125 -1.0115
22.875 74.375 -0.92834
22.875 74.625 -1.1163
22.875 74.875 -0.96978
22.875 75.125 -0.78229
22.875 75.375 -0.14261
22.875 75.625 -0.67022
22.875 75.875 -0.88192
22.875 76.125 -0.77508
22.875 76.375 -0.53267
22.875 76.625 -0.68911
22.875 76.875 -0.86918
22.875 77.125 -0.37679
22.875 77.375 -2.0439
22.875 77.625 -1.4938
22.875 77.875 -0.67713
22.875 78.125 0.039232
22.875 78.375 -0.092919
22.875 78.625 0.036046
22.875 78.875 0.43814
22.875 79.125 0.13054
22.875 79.375 -0.6957
22.875 79.625 -0.9475
22.875 79.875 0.57828
22.875 80.125 0.21726
22.875 80.375 -0.2933
22.875 80.625 -0.19408
22.875 80.875 0.24048
22.875 81.125 0.71258
22.875 81.375 -0.37607
22.875 81.625 -0.36509
22.875 81.875 -0.32778
22.875 82.125 -0.81675
22.875 82.375 -0.89334
22.875 82.625 -1.3209
22.875 82.875 -0.87455
22.875 83.125 -2.0447
22.875 83.375 -0.29671
22.875 83.625 1.0625
22.875 83.875 -0.6222
22.875 84.125 -1.1099
22.875 84.375 -0.69356
22.875 84.625 1.2977
22.875 84.875 1.2629
22.875 85.125 1.4325
22.875 85.375 1.64
22.875 85.625 0.84659
22.875 85.875 0.61288
22.875 86.125 0.56096
22.875 86.375 0.64305
22.875 86.625 0.81269
22.875 86.875 0.74596
22.875 87.125 0.88313
22.875 87.375 0.88288
22.875 87.625 0.69014
22.875 87.875 -0.17501
22.875 88.125 0.48605
22.875 88.375 0.83338
22.875 88.625 0.67575
22.875 92.625 -0.03755
22.875 92.875 1.2301
23.125 68.875 -0.30165
23.125 69.125 -0.078179
23.125 69.375 0.1625
23.125 69.625 0.26926
23.125 69.875 0.087604
23.125 70.125 0.083559
23.125 70.875 1.0582
23.125 71.125 0.70278
23.125 71.375 0.42537
23.125 71.625 0.77226
23.125 71.875 0.48035
23.125 72.125 1.4041
23.125 72.375 0.12169
23.125 72.625 0.080796
23.125 72.875 -0.26224
23.125 73.125 -0.63121
23.125 73.375 -0.05093
23.125 73.625 -0.29539
23.125 73.875 -1.4527
23.125 74.125 -1.1194
23.125 74.375 -0.98334
23.125 74.625 -1.2206
23.125 74.875 -0.70477
23.125 75.125 -0.52878
23.125 75.375 -1.2149
23.125 75.625 -0.77328
23.125 75.875 -0.64697
23.125 76.125 -0.65369
23.125 76.375 -0.27318
23.125 76.625 -0.66247
23.125 76.875 -0.2689
23.125 77.125 0.076092
23.125 77.375 -0.78271
23.125 77.625 -0.69206
23.125 77.875 -0.29417
23.125 78.125 -0.107
23.125 78.375 -0.42817
23.125 78.625 -0.84348
23.125 78.875 -0.51889
23.125 79.125 -0.04786
23.125 79.375 0.0064348
23.125 79.625 -1.1355
23.125 79.875 -0.24414
23.125 80.125 0.016613
23.125 80.375 -0.43279
23.125 80.625 0.70067
23.125 80.875 1.1461
23.125 81.125 1.5508
23.125 81.375 1.5091
23.125 81.625 0.028224
23.125 81.875 0.1174
23.125 82.125 -0.97582
23.125 82.375 -0.78194
23.125 82.625 0.46475
23.125 82.875 -0.52956
23.125 83.125 -0.34556
23.125 83.375 1.9249
23.125 83.625 2.2487
23.125 83.875 1.6799
23.125 84.125 -0.70685
23.125 84.375 -0.91715
23.125 84.625 -0.81807
23.125 84.875 0.31591
23.125 85.125 0.7627
23.125 85.375 1.5039
23.125 85.625 0.74874
23.125 85.875 -0.5341
23.125 86.125 -0.37031
23.125 86.375 0.80289
23.125 86.625 0.67982
23.125 86.875 1.0272
23.125 87.125 0.83962
23.125 87.375 1.1793
23.125 87.625 0.071751
23.125 87.875 -0.98626
23.125 88.125 -0.49199
23.125 88.375 0.27102
23.125 88.625 0.5362
NaN NaN NaN
23.125 92.625 -0.020283
23.125 92.875 -0.13475
NaN NaN NaN
23.375 68.875 -0.15662
23.375 69.125 -0.12695
23.375 69.375 -0.016185
23.375 69.625 0.17989
23.375 69.875 0.13307
23.375 70.125 0.41085
23.375 70.375 0.91359
23.375 70.625 0.7028
23.375 70.875 0.74387
23.375 71.125 0.8849
23.375 71.375 0.44017
23.375 71.625 -0.048261
23.375 71.875 0.35826
23.375 72.125 -0.24793
23.375 72.375 -0.01565
23.375 72.625 -0.24073
23.375 72.875 -0.16357
23.375 73.125 -0.19622
23.375 73.375 -0.12452
23.375 73.625 -0.44149
23.375 73.875 -0.83168
23.375 74.125 -0.97584
23.375 74.375 -0.41548
23.375 74.625 -0.52807
23.375 74.875 -0.33624
23.375 75.125 -0.27701
23.375 75.375 -0.18113
23.375 75.625 -0.87621
23.375 75.875 -0.42892
23.375 76.125 0.60473
23.375 76.375 0.19273
23.375 76.625 -0.52349
23.375 76.875 -0.65181
23.375 77.125 -0.19244
23.375 77.375 -0.75555
23.375 77.625 -1.071
23.375 77.875 0.063542
23.375 78.125 -0.18649
23.375 78.375 -0.59665
23.375 78.625 -0.67344
23.375 78.875 -0.075722
23.375 79.125 -0.22491
23.375 79.375 -0.33746
23.375 79.625 0.77466
23.375 79.875 0.078314
23.375 80.125 -0.60573
23.375 80.375 0.32338
23.375 80.625 0.9733
23.375 80.875 1.3797
23.375 81.125 1.7667
23.375 81.375 1.495
23.375 81.625 0.79586
23.375 81.875 0.051166
23.375 82.125 0.064931
23.375 82.375 1.7894
23.375 82.625 1.0956
23.375 82.875 0.46045
23.375 83.125 1.529
23.375 83.375 1.9711
23.375 83.625 2.2894
23.375 83.875 1.7099
23.375 84.125 -1.3109
23.375 84.375 -0.70852
23.375 84.625 -1.0506
23.375 84.875 0.18544
23.375 85.125 0.74868
23.375 85.375 0.86057
23.375 85.625 1.3182
23.375 85.875 -0.1935
23.375 86.125 -0.077751
23.375 86.375 0.53724
23.375 86.625 0.78558
23.375 86.875 0.74213
23.375 87.125 0.6079
23.375 87.375 0.10737
23.375 87.625 -1.1162
23.375 87.875 -1.0698
23.375 88.125 -0.42799
23.375 88.375 -0.46851
23.375 88.625 -0.28254
23.375 91.375 -0.93468
23.375 91.625 -0.16626
23.375 92.625 -0.0834
23.375 92.875 -0.33634
23.375 93.125 -1.4409
23.625 68.625 0.0017101
23.625 68.875 -0.060208
23.625 69.125 -0.13565
23.625 69.375 0.0046436
23.625 69.625 0.038314
23.625 69.875 0.23429
23.625 70.125 0.62364
23.625 70.375 0.59949
23.625 70.625 0.37682
23.625 70.875 0.71674
23.625 71.125 0.77675
23.625 71.375 1.2184
23.625 71.625 -0.26942
23.625 71.875 -0.41596
23.625 72.125 -0.88192
23.625 72.375 -1.2688
23.625 72.625 -0.75146
23.625 72.875 -0.86056
23.625 73.125 -0.78665
23.625 73.375 -0.65053
23.625 73.625 -0.64423
23.625 73.875 -0.32825
23.625 74.125 0.063921
23.625 74.375 -0.032306
23.625 74.625 -0.11251
23.625 74.875 -0.23078
23.625 75.125 -0.74198
23.625 75.375 0.19239
23.625 75.625 -0.22093
23.625 75.875 0.88426
23.625 76.125 1.213
23.625 76.375 0.89742
23.625 76.625 -0.19785
23.625 76.875 -1.1267
23.625 77.125 -0.23315
23.625 77.375 -0.4232
23.625 77.625 -0.68669
23.625 77.875 -0.45024
23.625 78.125 -0.36828
23.625 78.375 -0.59592
23.625 78.625 -0.090033
23.625 78.875 0.088439
23.625 79.125 -0.083046
23.625 79.375 0.17108
23.625 79.625 0.25657
23.625 79.875 1.0122
23.625 80.125 -0.62258
23.625 80.375 0.18521
23.625 80.625 0.94385
23.625 80.875 1.401
23.625 81.125 1.518
23.625 81.375 1.2698
23.625 81.625 1.4875
23.625 81.875 1.0155
23.625 82.125 0.17566
23.625 82.375 1.3733
23.625 82.625 1.771
23.625 82.875 1.4477
23.625 83.125 1.5175
23.625 83.375 1.458
23.625 83.625 1.1641
23.625 83.875 0.25578
23.625 84.125 0.072428
23.625 84.375 0.59826
23.625 84.625 0.81608
23.625 84.875 0.87893
23.625 85.125 0.41405
23.625 85.375 0.49722
23.625 85.625 1.0924
23.625 85.875 1.3193
23.625 86.125 -1.7768
23.625 86.375 0.42309
23.625 86.625 1.2013
23.625 86.875 0.23869
23.625 87.125 0.41515
23.625 87.375 -0.91211
23.625 87.625 -0.6014
23.625 87.875 -1.8633
23.625 88.125 -1.3026
23.625 88.375 -1.1395
23.625 91.375 -0.72136
23.625 91.625 -0.45942
NaN NaN NaN
23.625 92.375 -0.66538
23.625 92.625 -0.18169
23.625 92.875 -0.71059
23.625 93.125 -1.7363
23.875 68.875 -0.055792
23.875 69.125 -0.13722
23.875 69.375 -0.069278
23.875 69.625 0.028331
23.875 69.875 0.46587
23.875 70.125 0.40068
23.875 70.375 0.44136
23.875 70.625 0.39873
23.875 70.875 0.69554
23.875 71.125 0.42324
23.875 71.375 1.1053
23.875 71.625 1.0428
23.875 71.875 -0.28474
23.875 72.125 -0.42967
23.875 72.375 -0.94009
23.875 72.625 -0.91469
23.875 72.875 -0.85018
23.875 73.125 -0.76116
23.875 73.375 -0.47468
23.875 73.625 -0.0052872
23.875 73.875 0.12568
23.875 74.125 -0.11686
23.875 74.375 0.010118
23.875 74.625 -0.014601
23.875 74.875 0.19253
23.875 75.125 -0.13302
23.875 75.375 0.57317
23.875 75.625 0.29135
23.875 75.875 0.95742
23.875 76.125 1.3334
23.875 76.375 0.80021
23.875 76.625 0.11498
23.875 76.875 0.54168
23.875 77.125 1.0464
23.875 77.375 0.75631
23.875 77.625 0.16884
23.875 77.875 0.29737
23.875 78.125 0.18667
23.875 78.375 -0.22225
23.875 78.625 -0.20752
23.875 78.875 0.062639
23.875 79.125 0.11916
23.875 79.375 0.88536
23.875 79.625 0.35403
23.875 79.875 -0.064045
23.875 80.125 0.11405
23.875 80.375 -0.19677
23.875 80.625 0.54855
23.875 80.875 1.0474
23.875 81.125 0.57698
23.875 81.375 1.0528
23.875 81.625 1.6847
23.875 81.875 1.4892
23.875 82.125 0.27282
23.875 82.375 1.2276
23.875 82.625 0.92294
23.875 82.875 0.72359
23.875 83.125 -0.064445
23.875 83.375 0.0088646
23.875 83.625 0.24842
23.875 83.875 0.47984
23.875 84.125 0.021449
23.875 84.375 -0.16697
23.875 84.625 -0.627
23.875 84.875 -0.63218
23.875 85.125 -1.3647
23.875 85.375 -0.86226
23.875 85.625 0.045834
23.875 85.875 -0.31261
23.875 86.125 -0.36929
23.875 86.375 0.3929
23.875 86.625 0.25204
23.875 86.875 0.4439
23.875 87.125 0.68041
23.875 87.375 -0.48614
23.875 87.625 -1.4919
23.875 87.875 -1.7083
23.875 88.125 -1.949
23.875 88.375 -1.9654
23.875 91.375 -0.30919
23.875 91.625 0.2785
23.875 91.875 0.94892
23.875 92.125 0.065775
23.875 92.375 -0.13389
23.875 92.625 -0.12637
23.875 92.875 -1.5326
23.875 93.125 -2.0845
23.875 93.375 -1.9932
24.125 68.875 -0.05494
24.125 69.125 -0.1092
24.125 69.375 -0.075989
24.125 69.625 0.20688
24.125 69.875 0.57769
24.125 70.125 0.43955
24.125 70.375 0.39631
24.125 70.625 0.13581
24.125 70.875 0.16973
24.125 71.125 0.25055
24.125 71.375 -0.047741
24.125 71.625 -0.27646
24.125 71.875 -0.54077
24.125 72.125 -0.28774
24.125 72.375 -0.36484
24.125 72.625 -0.21196
24.125 72.875 -0.27367
24.125 73.125 -0.8237
24.125 73.375 -0.90082
24.125 73.625 0.30066
24.125 73.875 0.085824
24.125 74.125 -0.25866
24.125 74.375 -0.089236
24.125 74.625 0.46441
24.125 74.875 0.059299
24.125 75.125 -0.80257
24.125 75.375 0.53072
24.125 75.625 0.78934
24.125 75.875 0.80356
24.125 76.125 0.32597
24.125 76.375 0.61721
24.125 76.625 0.61393
24.125 76.875 0.90234
24.125 77.125 0.63853
24.125 77.375 0.82615
24.125 77.625 0.60523
24.125 77.875 1.439
24.125 78.125 0.79421
24.125 78.375 0.57778
24.125 78.625 -0.24488
24.125 78.875 -0.38151
24.125 79.125 -0.19835
24.125 79.375 0.58776
24.125 79.625 -0.033123
24.125 79.875 0.75163
24.125 80.125 0.55497
24.125 80.375 -0.12695
24.125 80.625 0.81011
24.125 80.875 1.0398
24.125 81.125 -0.012687
24.125 81.375 0.75163
24.125 81.625 1.0463
24.125 81.875 1.0828
24.125 82.125 1.1741
24.125 82.375 0.91297
24.125 82.625 0.22366
24.125 82.875 -0.35427
24.125 83.125 -0.20505
24.125 83.375 -1.0869
24.125 83.625 -0.9368
24.125 83.875 -0.090647
24.125 84.125 -0.0098814
24.125 84.375 -0.36594
24.125 84.625 -0.63992
24.125 84.875 -1.1866
24.125 85.125 -1.4582
24.125 85.375 -0.88731
24.125 85.625 -1.3734
24.125 85.875 -0.68368
24.125 86.125 -0.35292
24.125 86.375 -1.0471
24.125 86.625 -0.30386
24.125 86.875 -0.28083
24.125 87.125 -0.44867
24.125 87.375 -0.058948
24.125 87.625 -0.80496
24.125 87.875 -0.87844
24.125 88.125 -1.5512
24.125 88.375 -1.9451
24.125 91.875 1.4682
24.125 92.125 0.90636
24.125 92.375 0.53569
24.125 92.625 0.11325
24.125 92.875 -1.445
24.125 93.125 -2.2533
24.125 93.375 -2.041
24.125 93.625 -1.8098
24.125 93.875 -1.6676
NaN NaN NaN
24.375 71.375 -0.35626
24.375 71.625 -0.31708
24.375 71.875 -0.82599
24.375 72.125 -0.25847
24.375 72.375 -0.53105
24.375 72.625 -0.0054527
24.375 72.875 -0.55199
24.375 73.125 -0.82283
24.375 73.375 -1.4135
24.375 73.625 -1.19
24.375 73.875 -0.81003
24.375 74.125 -0.64516
24.375 74.375 -0.10208
24.375 74.625 -0.24109
24.375 74.875 -0.83838
24.375 75.125 -0.61872
24.375 75.375 0.26614
24.375 75.625 0.42104
24.375 75.875 0.84969
24.375 76.125 -0.69826
24.375 76.375 0.30613
24.375 76.625 0.79675
24.375 76.875 1.0071
24.375 77.125 0.56842
24.375 77.375 0.74547
24.375 77.625 0.8968
24.375 77.875 1.5016
24.375 78.125 1.4252
24.375 78.375 0.71563
24.375 78.625 -0.55394
24.375 78.875 0.22614
24.375 79.125 0.17723
24.375 79.375 0.21413
24.375 79.625 0.58183
24.375 79.875 0.66321
24.375 80.125 0.46016
24.375 80.375 1.254
24.375 80.625 1.3271
24.375 80.875 0.5784
24.375 81.125 0.41163
24.375 81.375 0.6606
24.375 81.625 1.14
24.375 81.875 1.6613
24.375 82.125 1.0852
24.375 82.375 0.88203
24.375 82.625 0.59592
24.375 82.875 0.31939
24.375 83.125 0.069368
24.375 83.375 -0.29292
24.375 83.625 -0.75045
24.375 83.875 -0.10302
24.375 84.125 0.13306
24.375 84.375 0.40236
24.375 84.625 -1.0197
24.375 84.875 -0.71712
24.375 85.125 -0.50992
24.375 85.375 -0.5001
24.375 85.625 -0.69895
24.375 85.875 -1.1984
24.375 86.125 -1.2984
24.375 86.375 -1.052
24.375 86.625 -0.34651
24.375 86.875 -0.35776
24.375 87.125 -1.1673
24.375 87.375 -2.0376
24.375 87.625 -1.5848
24.375 87.875 -1.4496
24.375 88.125 -1.1338
24.375 92.375 0.083445
24.375 92.625 -0.61063
24.375 92.875 -1.9794
24.375 93.125 -2.3345
24.375 93.375 -1.9871
24.375 93.625 -1.8066
24.375 93.875 -1.3572
24.375 94.125 -0.97713
24.625 71.125 -0.41752
24.625 71.375 -0.32031
24.625 71.625 -0.21986
24.625 71.875 -1.019
24.625 72.125 -1.1386
24.625 72.375 -0.78832
24.625 72.625 -0.56286
24.625 72.875 -0.70414
24.625 73.125 -0.93993
24.625 73.375 -1.1367
24.625 73.625 -1.0101
24.625 73.875 -0.97553
24.625 74.125 -0.66054
24.625 74.375 -0.21697
24.625 74.625 -0.09107
24.625 74.875 -0.28139
24.625 75.125 -0.81489
24.625 75.375 -0.30907
24.625 75.625 0.036956
24.625 75.875 -0.065371
24.625 76.125 -0.12832
24.625 76.375 0.15736
24.625 76.625 0.27523
24.625 76.875 0.77491
24.625 77.125 0.63401
24.625 77.375 0.73502
24.625 77.625 -0.10979
24.625 77.875 0.4847
24.625 78.125 1.2185
24.625 78.375 0.62473
24.625 78.625 -0.22879
24.625 78.875 0.303
24.625 79.125 0.31427
24.625 79.375 0.35708
24.625 79.625 0.82153
24.625 79.875 1.0615
24.625 80.125 0.97962
24.625 80.375 1.5034
24.625 80.625 1.7156
24.625 80.875 -0.59451
24.625 81.125 -0.5692
24.625 81.375 1.9048
24.625 81.625 2.0079
24.625 81.875 1.7279
24.625 82.125 -0.0040883
24.625 82.375 0.33379
24.625 82.625 0.74989
24.625 82.875 0.66764
24.625 83.125 -0.012012
24.625 83.375 -0.34443
24.625 83.625 0.016109
24.625 83.875 -0.41921
24.625 84.125 0.48651
24.625 84.375 0.44752
24.625 84.625 -1.1391
24.625 84.875 -0.4532
24.625 85.125 -0.37308
24.625 85.375 -0.52625
24.625 85.625 -1.791
24.625 85.875 -0.82488
24.625 86.125 -0.79022
24.625 86.375 -0.050706
24.625 86.625 0.45283
24.625 86.875 -0.18364
24.625 87.125 -1.9446
24.625 87.375 -2.1053
24.625 87.625 -1.5741
24.625 87.875 -1.1542
24.625 92.375 -0.17705
24.625 92.625 -0.64547
24.625 92.875 -1.4675
24.625 93.125 -1.251
24.625 93.375 -0.56963
24.625 93.625 -1.5818
24.625 93.875 -0.64987
24.625 94.125 -0.45701
NaN NaN NaN
24.875 71.125 -0.029153
24.875 71.375 -0.43503
24.875 71.625 -0.63948
24.875 71.875 -1.1121
24.875 72.125 -0.86737
24.875 72.375 -1.148
24.875 72.625 -1.1194
24.875 72.875 -1.4183
24.875 73.125 -1.9158
24.875 73.375 -1.2896
24.875 73.625 -1.3108
24.875 73.875 0.084097
24.875 74.125 -0.20414
24.875 74.375 0.15306
24.875 74.625 0.1171
24.875 74.875 -0.16988
24.875 75.125 -0.90733
24.875 75.375 -0.96889
24.875 75.625 -0.20197
24.875 75.875 0.13858
24.875 76.125 -0.25129
24.875 76.375 0.063759
24.875 76.625 0.36006
24.875 76.875 0.76095
24.875 77.125 1.2058
24.875 77.375 1.3438
24.875 77.625 0.52158
24.875 77.875 0.65672
24.875 78.125 1.1496
24.875 78.375 0.27246
24.875 78.625 -0.10356
24.875 78.875 1.3265
24.875 79.125 0.78891
24.875 79.375 0.77561
24.875 79.625 1.0699
24.875 79.875 1.5934
24.875 80.125 1.1252
24.875 80.375 1.3809
24.875 80.625 1.6889
24.875 80.875 0.14491
24.875 81.125 0.29109
24.875 81.375 0.046311
24.875 81.625 1.3943
24.875 81.875 0.877
24.875 82.125 -0.4517
24.875 82.375 -0.47155
24.875 82.625 1.3064
24.875 82.875 -0.26617
24.875 83.125 -0.44079
24.875 83.375 -0.56206
24.875 83.625 0.17589
24.875 83.875 -0.53311
24.875 84.125 -0.51795
24.875 84.375 -1.1855
24.875 84.625 -1.3172
24.875 84.875 -0.76623
24.875 85.125 -0.31092
24.875 85.375 -1.2055
24.875 85.625 -0.046992
24.875 85.875 -0.031683
24.875 86.125 -0.52236
24.875 86.375 0.19298
24.875 86.625 -0.098426
24.875 86.875 -0.55435
24.875 87.125 -1.9343
24.875 87.375 -1.2047
24.875 87.625 -0.35926
24.875 87.875 -0.26887
24.875 88.125 0.98026
24.875 92.625 -0.31457
24.875 92.875 -0.0012124
24.875 93.125 1.2151
24.875 93.375 -1.3477
24.875 93.625 -0.53278
24.875 93.875 0.080937
24.875 94.125 -0.19719
24.875 94.375 -0.12382
25.125 71.125 -0.04603
25.125 71.375 -0.36597
25.125 71.625 -0.70509
25.125 71.875 -1.472
25.125 72.125 -1.112
25.125 72.375 -0.97462
25.125 72.625 -1.253
25.125 72.875 -1.5255
25.125 73.125 -1.4771
25.125 73.375 -1.2765
25.125 73.625 -0.5718
25.125 73.875 -0.63925
25.125 74.125 -0.41381
25.125 74.375 -0.42383
25.125 74.625 -0.30331
25.125 74.875 -0.19554
25.125 75.125 -0.72565
25.125 75.375 -0.050175
25.125 75.625 0.035699
25.125 75.875 -0.9667
25.125 76.125 -0.41147
25.125 76.375 -0.19162
25.125 76.625 0.50127
25.125 76.875 0.75163
25.125 77.125 1.0045
25.125 77.375 1.1046
25.125 77.625 1.177
25.125 77.875 1.1665
25.125 78.125 1.4403
25.125 78.375 0.89019
25.125 78.625 0.34355
25.125 78.875 0.13618
25.125 79.125 0.6846
25.125 79.375 1.0443
25.125 79.625 1.0317
25.125 79.875 1.3847
25.125 80.125 0.88999
25.125 80.375 1.3371
25.125 80.625 1.5746
25.125 80.875 0.97511
25.125 81.125 -0.61992
25.125 81.375 0.68519
25.125 81.625 -0.44908
25.125 81.875 0.32103
25.125 82.125 -0.11686
25.125 82.375 1.0411
25.125 82.625 0.88983
25.125 82.875 -0.095565
25.125 83.125 -0.79712
25.125 83.375 -0.46921
25.125 83.625 0.027078
25.125 83.875 -0.40119
25.125 84.125 -0.083529
25.125 84.375 -0.33111
25.125 84.625 -0.65232
25.125 84.875 -0.73071
25.125 85.125 -0.29195
25.125 85.375 -1.1978
25.125 85.625 0.73563
25.125 85.875 0.40459
25.125 86.125 -0.36326
25.125 86.375 -0.03326
25.125 86.625 0.65605
25.125 86.875 -0.63537
25.125 87.125 -0.45068
25.125 87.375 -0.80926
25.125 87.625 -0.35086
25.125 87.875 0.31895
25.125 88.125 1.1549
25.125 88.375 1.1759
25.125 92.375 -0.72817
25.125 92.625 -0.45237
25.125 92.875 0.13987
25.125 93.125 1.2225
25.125 93.375 -0.65792
25.125 93.625 -0.46519
25.125 93.875 -0.15406
25.125 94.125 -0.20107
25.125 94.375 -0.066813
25.375 70.875 0.37305
25.375 71.125 0.050462
25.375 71.375 -0.14356
25.375 71.625 -0.57047
25.375 71.875 -0.97695
25.375 72.125 -0.57433
25.375 72.375 -0.88562
25.375 72.625 -1.221
25.375 72.875 -1.3359
25.375 73.125 -1.2306
25.375 73.375 -0.70598
25.375 73.625 0.30711
25.375 73.875 -0.45557
25.375 74.125 -0.31153
25.375 74.375 -0.43262
25.375 74.625 -0.33521
25.375 74.875 0.0080296
25.375 75.125 -0.2133
25.375 75.375 -0.016401
25.375 75.625 0.4545
25.375 75.875 -0.19031
25.375 76.125 0.039155
25.375 76.375 0.05676
25.375 76.625 0.17221
25.375 76.875 0.71358
25.375 77.125 1.1578
25.375 77.375 1.1402
25.375 77.625 1.452
25.375 77.875 1.644
25.375 78.125 1.1514
25.375 78.375 1.096
25.375 78.625 -0.66879
25.375 78.875 -1.2329
25.375 79.125 0.96174
25.375 79.375 1.9049
25.375 79.625 1.0255
25.375 79.875 1.2621
25.375 80.125 1.316
25.375 80.375 1.6841
25.375 80.625 1.2658
25.375 80.875 -1.3104
25.375 81.125 -0.68097
25.375 81.375 1.2317
25.375 81.625 1.5517
25.375 81.875 -0.71494
25.375 82.125 -1.1585
25.375 82.375 -1.5006
25.375 82.625 -1.4031
25.375 82.875 -0.66836
25.375 83.125 -0.95545
25.375 83.375 0.64337
25.375 83.625 0.46236
25.375 83.875 0.89856
25.375 84.125 0.40987
25.375 84.375 -0.32947
25.375 84.625 -0.72291
25.375 84.875 0.10494
25.375 85.125 -0.39819
25.375 85.375 -1.2018
25.375 85.625 -0.13941
25.375 85.875 1.0071
25.375 86.125 1.574
25.375 86.375 0.38333
25.375 86.625 0.427
25.375 86.875 -0.016123
25.375 87.125 -0.58599
25.375 87.375 -0.29315
25.375 87.625 0.74229
25.375 87.875 0.71403
25.375 88.125 1.2332
25.375 88.375 0.55428
25.375 88.625 -0.33436
25.375 90.125 -0.21085
25.375 90.375 -0.54473
25.375 90.625 -0.12614
25.375 90.875 -0.30497
25.375 91.125 0.18921
25.375 91.375 -0.2154
25.375 91.625 -1.0388
25.375 91.875 -1.0091
25.375 92.125 -1.2177
25.375 92.375 -1.3848
25.375 92.625 -1.6049
25.375 92.875 -0.32518
25.375 93.125 -0.68014
25.375 93.375 -0.69797
25.375 93.625 0.043349
25.375 93.875 -0.22983
25.375 94.125 -0.10124
25.375 94.375 0.3765
25.625 70.875 0.029961
25.625 71.125 -0.11617
25.625 71.375 -0.12581
25.625 71.625 -0.18641
25.625 71.875 -0.15062
25.625 72.125 -0.1351
25.625 72.375 -0.22897
25.625 72.625 -0.73319
25.625 72.875 -0.83838
25.625 73.125 -0.95331
25.625 73.375 -0.77847
25.625 73.625 -0.56602
25.625 73.875 -0.22728
25.625 74.125 0.16049
25.625 74.375 -0.46521
25.625 74.625 0.0092071
25.625 74.875 1.1716
25.625 75.125 -0.093266
25.625 75.375 0.2297
25.625 75.625 1.0835
25.625 75.875 0.73364
25.625 76.125 0.4433
25.625 76.375 0.046088
25.625 76.625 0.06873
25.625 76.875 1.9882
25.625 77.125 1.6852
25.625 77.375 1.3717
25.625 77.625 1.1562
25.625 77.875 1.0684
25.625 78.125 0.8237
25.625 78.375 0.10144
25.625 78.625 -0.10189
25.625 78.875 -0.64864
25.625 79.125 1.8228
25.625 79.375 2.0934
25.625 79.625 1.0694
25.625 79.875 0.82104
25.625 80.125 1.1336
25.625 80.375 1.3836
25.625 80.625 -0.62221
25.625 80.875 -1.4763
25.625 81.125 1.4487
25.625 81.375 1.4283
25.625 81.625 -0.15852
25.625 81.875 -0.25632
25.625 82.125 -1.0249
25.625 82.375 0.015727
25.625 82.625 -1.0815
25.625 82.875 -0.69734
25.625 83.125 -0.74383
25.625 83.375 0.72145
25.625 83.625 0.44904
25.625 83.875 -0.55775
25.625 84.125 -1.2476
25.625 84.375 -1.5121
25.625 84.625 -0.13475
25.625 84.875 -0.37321
25.625 85.125 -0.9163
25.625 85.375 -1.0958
25.625 85.625 -0.12258
25.625 85.875 -0.13947
25.625 86.125 -0.2712
25.625 86.375 -0.33706
25.625 86.625 -0.31491
25.625 86.875 0.95694
25.625 87.125 0.084161
25.625 87.375 -0.52055
25.625 87.625 -0.008589
25.625 87.875 0.18471
25.625 88.125 0.016781
25.625 90.125 0.85903
25.625 90.375 -0.024291
25.625 90.625 -0.47361
25.625 90.875 0.36306
25.625 91.125 2.254
25.625 91.375 1.3443
25.625 91.625 0.90929
25.625 91.875 -0.72535
25.625 92.125 -1.0887
25.625 92.375 -0.9164
25.625 92.625 -1.4489
25.625 92.875 -1.0674
25.625 93.125 -1.0394
25.625 93.375 -1.0284
25.625 93.625 -0.4525
25.625 93.875 0.63486
25.625 94.125 0.97911
25.625 94.375 0.93496
NaN NaN NaN
NaN NaN NaN
25.875 70.375 0.65711
25.875 70.625 0.43122
25.875 70.875 0.087727
25.875 71.125 0.13738
25.875 71.375 -0.067518
25.875 71.625 -0.13371
25.875 71.875 0.20592
25.875 72.125 0.40526
25.875 72.375 -0.10114
25.875 72.625 -0.64888
25.875 72.875 -0.61684
25.875 73.125 -0.75023
25.875 73.375 -0.38888
25.875 73.625 -0.44513
25.875 73.875 -0.67827
25.875 74.125 -0.41191
25.875 74.375 -0.21591
25.875 74.625 0.47562
25.875 74.875 0.82608
25.875 75.125 -0.094632
25.875 75.375 -0.50944
25.875 75.625 0.049262
25.875 75.875 0.51382
25.875 76.125 0.18126
25.875 76.375 1.0202
25.875 76.625 0.81597
25.875 76.875 0.79141
25.875 77.125 0.95322
25.875 77.375 0.99374
25.875 77.625 1.0761
25.875 77.875 0.15031
25.875 78.125 1.4919
25.875 78.375 1.0584
25.875 78.625 1.1851
25.875 78.875 0.29292
25.875 79.125 0.51966
25.875 79.375 0.28528
25.875 79.625 -0.085499
25.875 79.875 0.68026
25.875 80.125 -0.091616
25.875 80.375 0.30487
25.875 80.625 -0.30314
25.875 80.875 -1.0963
25.875 81.125 -1.2885
25.875 81.375 1.145
25.875 81.625 -0.079304
25.875 81.875 0.50175
25.875 82.125 -1.5725
25.875 82.375 -0.26264
25.875 82.625 -0.26316
25.875 82.875 0.6973
25.875 83.125 -1.1682
25.875 83.375 -1.7388
25.875 83.625 0.5688
25.875 83.875 -0.61177
25.875 84.125 0.52048
25.875 84.375 -1.8755
25.875 84.625 -0.17632
25.875 84.875 -0.96969
25.875 85.125 -0.38131
25.875 85.375 -0.5791
25.875 85.625 0.23024
25.875 85.875 0.0077212
25.875 86.125 -0.83328
25.875 86.375 -0.26969
25.875 86.625 1.1549
25.875 86.875 1.0234
25.875 87.125 -0.83782
25.875 87.375 -0.44199
25.875 87.625 -0.71753
25.875 87.875 -1.2132
25.875 90.125 -0.66215
25.875 90.375 -0.20812
25.875 90.625 0.31958
25.875 90.875 -0.43669
25.875 91.125 0.26223
25.875 91.375 0.47037
25.875 91.625 -0.9654
25.875 91.875 -1.6349
25.875 92.125 -0.93101
25.875 92.375 -0.59892
25.875 92.625 -0.54681
25.875 92.875 -1.1449
25.875 93.125 -1.7265
25.875 93.375 -1.8792
25.875 93.625 -0.81059
25.875 93.875 1.4728
25.875 94.125 1.2129
25.875 94.375 1.0148
25.875 94.625 0.78757
25.875 94.875 0.47571
26.125 70.375 0.49276
26.125 70.625 0.0083692
26.125 70.875 -0.11012
26.125 71.125 0.33275
26.125 71.375 0.063811
26.125 71.625 0.095273
26.125 71.875 0.15695
26.125 72.125 0.20622
26.125 72.375 -0.097385
26.125 72.625 -0.42508
26.125 72.875 -0.41881
26.125 73.125 -0.53474
26.125 73.375 -0.55937
26.125 73.625 0.15856
26.125 73.875 -0.2537
26.125 74.125 -0.64214
26.125 74.375 -0.27
26.125 74.625 -0.54556
26.125 74.875 0.53165
26.125 75.125 0.71493
26.125 75.375 -0.28669
26.125 75.625 -0.19602
26.125 75.875 -0.11422
26.125 76.125 -0.33085
26.125 76.375 0.80319
26.125 76.625 1.007
26.125 76.875 0.28348
26.125 77.125 0.81598
26.125 77.375 0.66457
26.125 77.625 0.88038
26.125 77.875 0.50022
26.125 78.125 0.75081
26.125 78.375 1.7977
26.125 78.625 1.9718
26.125 78.875 1.2528
26.125 79.125 1.0169
26.125 79.375 1.2145
26.125 79.625 -1.061
26.125 79.875 -0.54696
26.125 80.125 0.41995
26.125 80.375 0.16931
26.125 80.625 -1.0265
26.125 80.875 0.95038
26.125 81.125 0.39595
26.125 81.375 -1.3029
26.125 81.625 1.2754
26.125 81.875 0.74025
26.125 82.125 -0.91329
26.125 82.375 -0.50657
26.125 82.625 0.0063393
26.125 82.875 0.33513
26.125 83.125 -1.1069
26.125 83.375 -1.5487
26.125 83.625 -1.0525
26.125 83.875 0.35819
26.125 84.125 0.75652
26.125 84.375 -0.95511
26.125 84.625 0.16193
26.125 84.875 -0.66365
26.125 85.125 0.83695
26.125 85.375 -1.9974
26.125 85.625 -0.20002
26.125 85.875 1.392
26.125 86.125 -0.51858
26.125 86.375 -1.0725
26.125 86.625 0.33529
26.125 86.875 0.35028
26.125 87.125 -0.9026
26.125 87.375 -0.71027
26.125 87.625 -0.72309
26.125 87.875 -0.93474
26.125 88.125 -0.70001
26.125 89.375 -0.55597
26.125 89.875 -0.038247
26.125 90.125 -0.81807
26.125 90.375 -0.31068
26.125 90.625 0.26136
26.125 90.875 -1.0641
26.125 91.125 -0.94791
26.125 91.375 -0.22135
26.125 91.625 -1.5102
26.125 91.875 -1.2849
26.125 92.125 -0.49516
26.125 92.375 -0.11902
26.125 92.625 0.26821
26.125 92.875 -0.83752
26.125 93.125 -1.3438
26.125 93.375 0.043794
26.125 93.625 0.27127
26.125 93.875 1.822
26.125 94.125 1.2015
26.125 94.375 0.72784
26.125 94.625 0.35732
26.125 94.875 0.24705
26.375 70.375 -0.68273
26.375 70.625 -0.55616
26.375 70.875 -1.0302
26.375 71.125 -0.74755
26.375 71.375 -0.24756
26.375 71.625 0.075893
26.375 71.875 0.14572
26.375 72.125 0.19605
26.375 72.375 -0.19506
26.375 72.625 -0.65902
26.375 72.875 -0.51403
26.375 73.125 -0.8396
26.375 73.375 -1.0716
26.375 73.625 0.079822
26.375 73.875 0.18728
26.375 74.125 -0.3246
26.375 74.375 0.70618
26.375 74.625 -1.0167
26.375 74.875 0.11014
26.375 75.125 0.36288
26.375 75.375 0.57553
26.375 75.625 -0.095545
26.375 75.875 0.10344
26.375 76.125 0.253
26.375 76.375 0.36719
26.375 76.625 0.80932
26.375 76.875 0.55119
26.375 77.125 0.5921
26.375 77.375 1.6127
26.375 77.625 0.93314
26.375 77.875 -0.31402
26.375 78.125 0.54074
26.375 78.375 1.0612
26.375 78.625 2.2343
26.375 78.875 1.643
26.375 79.125 1.5115
26.375 79.375 -1.1371
26.375 79.625 -1.5207
26.375 79.875 1.2107
26.375 80.125 1.6101
26.375 80.375 0.15614
26.375 80.625 -0.26217
26.375 80.875 0.50288
26.375 81.125 -0.31417
26.375 81.375 -1.7746
26.375 81.625 -1.2466
26.375 81.875 -0.5243
26.375 82.125 -0.56861
26.375 82.375 -0.00080659
26.375 82.625 -0.44766
26.375 82.875 0.11501
26.375 83.125 -0.54094
26.375 83.375 -0.86915
26.375 83.625 0.24874
26.375 83.875 0.17309
26.375 84.125 0.78084
26.375 84.375 -0.79532
26.375 84.625 -0.82148
26.375 84.875 -1.095
26.375 85.125 -1.7407
26.375 85.375 -1.686
26.375 85.625 -0.81321
26.375 85.875 -0.13268
26.375 86.125 -0.84154
26.375 86.375 -1.8828
26.375 86.625 -1.4826
26.375 86.875 -0.12673
26.375 87.125 -0.55299
26.375 87.625 -1.391
26.375 87.875 -1.2533
26.375 88.125 -0.55664
26.375 88.375 -0.18991
26.375 88.875 0.40883
26.375 89.375 -0.34542
26.375 89.625 -0.43722
26.375 89.875 -0.93407
26.375 90.125 -0.5198
26.375 90.375 -0.69005
26.375 90.625 -0.61898
26.375 90.875 -0.83302
26.375 91.125 -1.6226
26.375 91.375 -1.0939
26.375 91.625 -1.5876
26.375 91.875 -1.4001
26.375 92.125 -0.46727
26.375 92.375 0.11443
26.375 92.625 1.3596
26.375 92.875 -0.26737
26.375 93.125 -0.52772
26.375 93.375 -0.96649
26.375 93.625 -0.38494
26.375 93.875 1.476
26.375 94.125 1.183
26.375 94.375 0.23564
26.375 94.625 0.083524
26.375 94.875 0.088891
26.625 69.875 -0.83101
26.625 70.125 -0.93089
26.625 70.375 -1.1322
26.625 70.625 -0.010538
26.625 70.875 -0.13032
26.625 71.125 -0.37701
26.625 71.375 -0.033149
26.625 71.625 0.15945
26.625 71.875 0.21345
26.625 72.125 0.32733
26.625 72.375 -0.39612
26.625 72.625 -0.72711
26.625 72.875 -0.63137
26.625 73.125 -0.40494
26.625 73.375 -0.58533
26.625 73.625 0.041293
26.625 73.875 0.23687
26.625 74.125 0.12642
26.625 74.375 0.17403
26.625 74.625 -0.073666
26.625 74.875 0.70892
26.625 75.125 -0.18028
26.625 75.375 0.49227
26.625 75.625 0.27229
26.625 75.875 -0.25654
26.625 76.125 1.0746
26.625 76.375 0.14291
26.625 76.625 0.25348
26.625 76.875 0.74693
26.625 77.125 1.2895
26.625 77.375 1.8328
26.625 77.625 1.2982
26.625 77.875 -0.72921
26.625 78.125 0.48499
26.625 78.375 1.6776
26.625 78.625 1.6646
26.625 78.875 1.086
26.625 79.125 -0.53688
26.625 79.375 0.73156
26.625 79.625 1.4696
26.625 79.875 0.53855
26.625 80.125 -1.2251
26.625 80.375 1.0913
26.625 80.625 -0.0023392
26.625 80.875 0.60036
26.625 81.125 1.4447
26.625 81.375 -0.28858
26.625 81.625 -0.29068
26.625 81.875 0.9943
26.625 82.125 -0.48177
26.625 82.375 1.1916
26.625 82.625 -1.7029
26.625 82.875 -0.19993
26.625 83.125 -0.055376
26.625 83.375 -0.93991
26.625 83.625 -0.70457
26.625 83.875 -0.80445
26.625 84.125 1.7402
26.625 84.375 -0.52635
26.625 84.625 -1.5606
26.625 84.875 -1.6727
26.625 85.125 -1.3398
26.625 85.375 -1.5979
26.625 85.625 -0.82875
26.625 86.125 -1.6917
26.625 88.375 -0.78526
26.625 88.625 0.19752
26.625 88.875 -0.15229
26.625 89.125 -0.38244
26.625 89.375 -0.54264
26.625 89.625 -0.68488
26.625 89.875 -1.2167
26.625 90.125 -0.77691
26.625 90.375 -1.2876
26.625 90.625 -1.7258
26.625 90.875 -1.4448
26.625 91.125 -1.1994
26.625 91.375 -0.73995
26.625 91.625 -0.96581
26.625 91.875 -1.2161
26.625 92.125 -0.99372
26.625 92.375 -0.78057
26.625 92.625 -0.99697
26.625 92.875 -0.13187
26.625 93.125 -0.78921
26.625 93.375 -0.73061
26.625 93.625 0.29636
26.625 93.875 -0.15146
26.625 94.125 -0.55038
26.625 94.375 -0.47833
26.625 94.625 0.0072478
26.625 94.875 0.30368
26.625 95.125 0.58032
26.875 69.625 -0.7354
26.875 69.875 -0.67506
26.875 70.125 -0.80249
26.875 70.375 -0.74099
26.875 70.625 0.25454
26.875 70.875 0.11725
26.875 71.125 -0.074677
26.875 71.375 -0.21774
26.875 71.625 0.10397
26.875 71.875 0.18548
26.875 72.125 0.33911
26.875 72.375 -0.030734
26.875 72.625 -0.41274
26.875 72.875 0.044881
26.875 73.125 0.78526
26.875 73.375 0.53558
26.875 73.625 0.68619
26.875 73.875 1.0197
26.875 74.125 0.56198
26.875 74.375 0.41883
26.875 74.625 0.54032
26.875 74.875 1.2672
26.875 75.125 0.76824
26.875 75.375 0.29978
26.875 75.625 -0.41298
26.875 75.875 0.12929
26.875 76.125 1.4468
26.875 76.375 0.65222
26.875 76.625 0.13537
26.875 76.875 1.314
26.875 77.125 1.0067
26.875 77.375 0.31981
26.875 77.625 1.211
26.875 77.875 0.51212
26.875 78.125 0.23765
26.875 78.375 1.0017
26.875 78.625 1.0711
26.875 78.875 1.072
26.875 79.125 1.3087
26.875 79.375 1.6131
26.875 79.625 1.7653
26.875 79.875 1.4297
26.875 80.125 -0.1764
26.875 80.375 0.69591
26.875 80.625 1.4045
26.875 80.875 0.99418
26.875 81.125 1.3271
26.875 81.375 0.77947
26.875 81.625 -0.77405
26.875 81.875 0.92719
26.875 82.125 0.5804
26.875 82.375 -1.1841
26.875 82.625 -0.69383
26.875 82.875 -0.35114
26.875 83.125 -0.64662
26.875 83.375 -1.4165
26.875 83.625 -1.1463
26.875 83.875 -0.98381
26.875 84.125 0.42946
26.875 84.375 -2.0415
26.875 84.625 -1.6261
26.875 84.875 -2.0761
26.875 88.375 -0.0026092
26.875 88.625 -0.68359
26.875 88.875 -0.5946
26.875 92.375 -0.90778
26.875 92.625 -0.46357
26.875 92.875 -0.14555
26.875 93.125 0.032524
26.875 93.375 -0.64362
26.875 93.625 -1.146
26.875 93.875 -0.84344
26.875 94.125 -1.0644
26.875 94.375 0.22656
26.875 94.625 0.048047
26.875 94.875 0.37308
26.875 95.125 0.53962
26.875 95.375 0.54071
26.875 95.625 0.019106
27.125 69.875 -0.37179
27.125 70.125 -0.21161
27.125 70.375 -0.12184
27.125 70.625 -0.076978
27.125 70.875 0.13472
27.125 71.125 -0.11335
27.125 71.375 -0.4776
27.125 71.625 -0.52408
27.125 71.875 0.46879
27.125 72.125 0.3794
27.125 72.375 0.24863
27.125 72.625 0.11607
27.125 72.875 0.29389
27.125 73.125 0.6343
27.125 73.375 0.57547
27.125 73.625 0.67951
27.125 73.875 1.3645
27.125 74.125 1.1358
27.125 74.375 0.57609
27.125 74.625 0.48503
27.125 74.875 -0.055724
27.125 75.125 0.10338
27.125 75.375 0.40297
27.125 75.625 1.0465
27.125 75.875 0.75572
27.125 76.125 0.56788
27.125 76.375 0.94335
27.125 76.625 1.0199
27.125 76.875 0.77095
27.125 77.125 1.7088
27.125 77.375 0.16289
27.125 77.625 1.3213
27.125 77.875 0.085031
27.125 78.125 1.1823
27.125 78.375 0.44545
27.125 78.625 -0.95117
27.125 78.875 0.49968
27.125 79.125 1.2726
27.125 79.375 0.24073
27.125 79.625 0.8875
27.125 79.875 1.064
27.125 80.125 1.0204
27.125 80.375 1.6314
27.125 80.625 -0.82169
27.125 80.875 -1.198
27.125 81.125 1.8679
27.125 81.375 1.5918
27.125 81.625 0.59875
27.125 81.875 0.59222
27.125 82.125 0.26036
27.125 82.375 -0.72776
27.125 82.625 0.57732
27.125 82.875 0.22409
27.125 83.125 -0.69458
27.125 83.375 0.36919
27.125 83.625 0.31967
27.125 83.875 -0.1377
27.125 84.125 -1.2027
27.125 84.375 -1.043
27.125 84.625 -1.6974
27.125 88.125 0.80683
27.125 88.375 0.4195
27.125 88.625 -0.34086
27.125 92.125 -1.4668
27.125 92.375 0.038787
27.125 92.625 0.29062
27.125 92.875 0.25713
27.125 93.125 -0.21415
27.125 93.375 0.0079711
27.125 93.625 -0.51051
27.125 93.875 0.63607
27.125 94.125 0.41229
27.125 94.375 0.2869
27.125 94.625 -0.367
27.125 94.875 -0.31834
27.125 95.125 0.35662
27.125 95.375 0.74345
27.125 95.625 -0.2952
27.125 95.875 -0.49672
27.375 70.125 -0.17206
27.375 70.375 -0.12675
27.375 70.625 -0.12576
27.375 70.875 -0.0039093
27.375 71.125 -0.4686
27.375 71.375 -0.8204
27.375 71.625 -0.89953
27.375 71.875 0.30303
27.375 72.125 0.53611
27.375 72.375 0.38893
27.375 72.625 0.05978
27.375 72.875 0.22842
27.375 73.125 0.43077
27.375 73.375 0.49602
27.375 73.625 0.69595
27.375 73.875 0.90622
27.375 74.125 0.66968
27.375 74.375 0.57967
27.375 74.625 0.46528
27.375 74.875 0.51024
27.375 75.125 0.27764
27.375 75.375 0.17229
27.375 75.625 1.3568
27.375 75.875 1.0503
27.375 76.125 0.2622
27.375 76.375 0.59288
27.375 76.625 0.66844
27.375 76.875 1.4385
27.375 77.125 1.5154
27.375 77.375 -1.6463
27.375 77.625 0.085937
27.375 77.875 1.1876
27.375 78.125 1.4607
27.375 78.375 0.46359
27.375 78.625 0.68065
27.375 78.875 1.3728
27.375 79.125 1.6218
27.375 79.375 -0.27545
27.375 79.625 -0.43938
27.375 79.875 1.1392
27.375 80.125 0.091022
27.375 80.375 -0.3986
27.375 80.625 -1.9875
27.375 80.875 -2.0914
27.375 81.125 0.637
27.375 81.375 0.66637
27.375 81.625 -1.0252
27.375 81.875 0.021358
27.375 82.125 0.29904
27.375 82.375 0.007421
27.375 82.625 0.7057
27.375 82.875 0.077965
27.375 83.125 -0.38229
27.375 83.625 0.11657
27.375 84.125 -0.52182
27.375 84.375 -1.2268
27.375 88.125 2.1545
27.375 88.375 -1.3459
27.375 88.625 -1.7239
27.375 92.125 -1.1895
27.375 92.375 -0.17804
27.375 92.625 0.1727
27.375 92.875 -0.45246
27.375 93.125 -1.5651
27.375 93.375 -1.5086
27.375 93.625 0.23928
27.375 93.875 0.90826
27.375 94.125 1.1945
27.375 94.375 -0.68716
27.375 94.625 -0.78812
27.375 94.875 -0.83397
27.375 95.125 0.27744
27.375 95.375 0.26875
27.375 95.625 -0.86655
27.375 95.875 -1.2178
27.375 96.125 -1.9353
27.375 96.375 -2.2383
NaN NaN NaN
27.375 96.875 -0.51451
27.625 70.125 -0.15873
27.625 70.375 -0.14649
27.625 70.625 -0.098687
27.625 70.875 -0.3261
27.625 71.125 -0.69109
27.625 71.375 -0.6269
27.625 71.625 -0.44556
27.625 71.875 0.25871
27.625 72.125 0.51424
27.625 72.375 0.40131
27.625 72.625 0.26568
27.625 72.875 0.086527
27.625 73.125 0.1411
27.625 73.375 0.39522
27.625 73.625 0.72902
27.625 73.875 0.75863
27.625 74.125 0.62371
27.625 74.375 0.46798
27.625 74.625 0.4287
27.625 74.875 0.52417
27.625 75.125 0.10846
27.625 75.375 0.38013
27.625 75.625 0.76506
27.625 75.875 0.29638
27.625 76.125 0.22392
27.625 76.375 0.36861
27.625 76.625 1.3129
27.625 76.875 1.7959
27.625 77.125 -0.89077
27.625 77.375 -0.93362
27.625 77.625 -1.4381
27.625 77.875 -0.19682
27.625 78.125 1.6348
27.625 78.375 1.3281
27.625 78.625 -0.22548
27.625 78.875 1.0985
27.625 79.125 0.86932
27.625 79.375 -0.8159
27.625 79.625 -0.098406
27.625 79.875 2.0176
27.625 80.125 1.3842
27.625 80.375 -0.25858
27.625 80.625 -0.96946
27.625 80.875 -0.75539
27.625 81.125 0.64982
27.625 81.375 0.77345
27.625 81.625 -0.25473
27.625 81.875 -0.29636
27.625 82.125 0.03596
27.625 82.375 -0.022068
27.625 82.625 0.54154
27.625 88.375 -0.63453
27.625 88.625 -1.3548
27.625 91.625 -1.1879
27.625 91.875 -1.3287
27.625 92.125 -0.90417
27.625 92.375 -0.5162
27.625 92.625 -0.19428
27.625 92.875 -1.0032
27.625 93.125 -1.5091
27.625 93.375 -1.5468
27.625 93.625 -1.6202
27.625 93.875 -2.1938
27.625 94.125 -1.5417
27.625 94.375 -0.65358
27.625 94.625 -1.3944
27.625 94.875 -1.551
27.625 95.125 -1.7656
27.625 95.375 -1.6713
27.625 95.625 -1.7905
27.625 95.875 -1.7989
27.625 96.125 -2.1953
27.625 96.375 -2.2985
27.625 96.625 -0.51427
27.625 96.875 -0.51501
27.875 70.375 -0.11531
27.875 71.875 -0.032319
27.875 72.125 0.050618
27.875 72.375 0.030186
27.875 72.625 0.30624
27.875 72.875 0.17374
27.875 73.125 0.2173
27.875 73.375 0.44899
27.875 73.625 0.77811
27.875 73.875 0.80171
27.875 74.125 0.50584
27.875 74.375 0.33985
27.875 74.625 0.068891
27.875 74.875 0.22873
27.875 75.125 0.39021
27.875 75.375 0.77279
27.875 75.625 0.84255
27.875 75.875 -0.47289
27.875 76.125 0.3176
27.875 76.375 0.67099
27.875 76.625 0.29389
27.875 76.875 0.72117
27.875 77.125 0.68434
27.875 77.375 -0.56033
27.875 77.625 -1.5624
27.875 77.875 0.47007
27.875 78.125 1.3192
27.875 78.375 1.9785
27.875 78.625 1.1806
27.875 78.875 0.56159
27.875 79.125 0.067469
27.875 79.375 0.44638
27.875 79.625 1.3922
27.875 79.875 2.2052
27.875 80.125 1.6787
27.875 80.375 0.39632
27.875 80.625 -0.61733
27.875 80.875 -1.0546
27.875 81.125 0.34061
27.875 81.375 1.1328
27.875 81.625 0.90429
27.875 88.375 1.9467
27.875 88.625 1.7402
27.875 92.875 -1.6763
27.875 93.125 -1.5953
27.875 93.375 -1.6155
27.875 93.625 -1.8883
27.875 93.875 -2.143
27.875 94.125 -1.6232
27.875 94.375 -1.2607
27.875 94.625 -1.4627
27.875 94.875 -1.0153
27.875 95.125 -1.0612
27.875 95.375 -1.979
27.875 95.625 -1.9186
27.875 95.875 -2.1894
27.875 96.125 -2.2479
27.875 96.375 -2.3686
27.875 96.625 -0.5153
NaN NaN NaN
27.875 97.125 -0.51549
28.125 72.125 -0.24904
28.125 72.375 -0.38239
28.125 72.625 0.15844
28.125 72.875 0.43294
28.125 73.125 0.77557
28.125 73.375 0.70455
28.125 73.625 0.65497
28.125 73.875 0.59339
28.125 74.125 0.31923
28.125 74.375 0.20967
28.125 74.625 -0.26382
28.125 74.875 0.044466
28.125 75.125 0.44281
28.125 75.375 0.59554
28.125 75.625 0.75213
28.125 75.875 0.028659
28.125 76.125 1.1136
28.125 76.375 0.18012
28.125 76.625 1.1389
28.125 76.875 1.741
28.125 77.125 0.29712
28.125 77.375 0.4425
28.125 77.625 -0.039952
28.125 77.875 0.84022
28.125 78.125 1.8103
28.125 78.375 1.7131
28.125 78.625 0.53829
28.125 78.875 0.95429
28.125 79.125 0.6524
28.125 79.375 -0.017039
28.125 79.625 0.13835
28.125 79.875 1.1127
28.125 80.125 0.92285
28.125 80.375 0.80346
28.125 80.625 0.72661
28.125 80.875 -0.18687
28.125 81.125 -0.23358
28.125 81.375 0.82866
28.125 92.875 -1.6334
28.125 93.125 -1.7245
28.125 93.375 -1.7624
28.125 93.625 -2.0315
28.125 93.875 -2.2598
28.125 94.125 -1.544
28.125 94.375 -1.304
28.125 94.625 -1.7456
28.125 94.875 -1.3227
28.125 95.125 -1.1799
28.125 95.375 -1.6067
28.125 95.625 -1.8424
28.125 95.875 -1.893
28.125 96.125 -2.0496
28.125 96.375 -0.51491
NaN NaN NaN
NaN NaN NaN
NaN NaN NaN
28.375 72.375 -0.69693
28.375 72.625 -0.48249
28.375 72.875 -0.080551
28.375 73.125 0.47235
28.375 73.375 0.17267
28.375 73.625 0.040212
28.375 73.875 0.28281
28.375 74.125 0.18249
28.375 74.375 0.0835
28.375 74.625 -0.15962
28.375 74.875 -0.21809
28.375 75.125 -0.22705
28.375 75.375 0.28942
28.375 75.625 0.77398
28.375 75.875 0.83186
28.375 76.125 1.3574
28.375 76.375 0.25635
28.375 76.625 0.37379
28.375 76.875 0.61913
28.375 77.125 -0.50438
28.375 77.375 -0.13344
28.375 77.625 -0.32249
28.375 77.875 0.11084
28.375 78.125 1.6365
28.375 78.375 1.2772
28.375 78.625 0.0028538
28.375 78.875 -0.82483
28.375 79.125 0.78662
28.375 79.375 0.15134
28.375 79.625 -0.80436
28.375 79.875 -0.11897
28.375 80.125 0.20387
28.375 80.375 0.53093
28.375 80.625 0.53811
28.375 80.875 0.12694
28.375 81.125 0.41669
28.375 93.375 -1.648
28.375 93.625 -1.4675
28.375 93.875 -1.0903
28.375 94.125 -0.73133
28.375 94.375 -0.70927
28.375 94.625 -0.91323
28.375 94.875 -1.2783
28.375 95.125 -1.4326
28.375 95.375 -1.4788
28.375 95.625 -1.7671
28.375 95.875 -1.6682
28.375 96.125 -1.7645
NaN NaN NaN
28.625 72.375 -0.64037
28.625 72.625 -0.34432
28.625 72.875 -0.024171
28.625 73.125 0.2664
28.625 73.375 0.35509
28.625 73.625 0.27203
28.625 73.875 -0.021589
28.625 74.125 -0.1788
28.625 74.375 -0.33824
28.625 74.625 -0.29524
28.625 74.875 -0.27609
28.625 75.125 -0.31052
28.625 75.375 -0.039174
28.625 75.625 0.24802
28.625 75.875 0.18448
28.625 76.125 0.64175
28.625 76.375 0.24583
28.625 76.625 0.67366
28.625 76.875 0.068901
28.625 77.125 -1.1073
28.625 77.375 -0.69963
28.625 77.625 -0.72877
28.625 77.875 -0.78629
28.625 78.125 0.49047
28.625 78.375 1.0875
28.625 78.625 -1.1702
28.625 78.875 -0.73613
28.625 79.125 1.121
28.625 79.375 -0.50352
28.625 79.625 -0.004925
28.625 79.875 -0.54201
28.625 80.125 0.13433
28.625 80.375 0.70454
28.625 80.625 0.47264
28.625 93.625 -0.048493
28.625 93.875 0.30566
28.625 94.125 -0.22388
28.625 94.375 -0.28091
28.625 94.625 -0.49419
28.625 94.875 -0.79812
28.625 95.125 -1.3583
28.625 95.375 -1.3921
28.625 95.625 -1.6413
28.625 95.875 -1.7003
28.625 96.125 -0.86797
NaN NaN NaN
28.875 72.875 -0.11484
28.875 73.125 0.58474
28.875 73.375 0.65307
28.875 73.625 0.28172
28.875 73.875 -0.46782
28.875 74.125 -0.8301
28.875 74.375 -1.1012
28.875 74.625 -0.94324
28.875 74.875 -0.73626
28.875 75.125 -0.8958
28.875 75.375 -0.17208
28.875 75.625 -0.14311
28.875 75.875 0.037313
28.875 76.125 -0.28027
28.875 76.375 -0.46193
28.875 76.625 -1.1875
28.875 76.875 -0.74926
28.875 77.125 0.1808
28.875 77.375 0.99418
28.875 77.625 1.0901
28.875 77.875 0.77925
28.875 78.125 0.14986
28.875 78.375 0.1671
28.875 78.625 -0.79432
28.875 78.875 -0.71759
28.875 79.125 0.86166
28.875 79.375 1.2691
28.875 79.625 0.6438
28.875 79.875 0.34699
28.875 94.125 0.039139
28.875 94.375 -0.031964
28.875 94.625 -0.28272
28.875 94.875 -0.30177
28.875 95.125 -0.42944
28.875 95.375 -1.4783
28.875 95.625 -0.86981
28.875 95.875 -0.90056
28.875 96.125 -0.22141
NaN NaN NaN
29.125 73.125 0.4494
29.125 73.375 0.7133
29.125 73.625 -0.54211
29.125 73.875 -0.40854
29.125 74.125 -0.74782
29.125 74.375 -0.97698
29.125 74.625 -0.95897
29.125 74.875 -1.1947
29.125 75.125 -0.91577
29.125 75.375 -0.36097
29.125 75.625 -0.26694
29.125 75.875 -1.1927
29.125 76.125 -1.2614
29.125 76.375 -1.4145
29.125 76.625 -0.83739
29.125 76.875 -1.4767
29.125 77.125 -0.1129
29.125 77.375 0.50782
29.125 77.625 1.3677
29.125 77.875 1.3052
29.125 78.125 0.59783
29.125 78.375 0.45245
29.125 78.625 0.88929
29.125 78.875 -0.36962
29.125 79.125 1.0885
29.125 79.375 1.3453
29.125 79.625 -0.41212
29.125 79.875 0.025806
29.125 80.125 0.39863
29.125 94.375 -0.092866
29.125 94.625 -0.049585
29.125 94.875 0.12082
29.125 95.625 -0.87264
29.125 95.875 0.15077
29.125 96.125 NaN
29.375 73.375 -0.39002
29.375 73.625 -0.486
29.375 73.875 -0.25233
29.375 74.125 -0.28702
29.375 74.375 -0.87083
29.375 74.625 -0.80814
29.375 74.875 -0.65738
29.375 75.125 -0.36326
29.375 75.375 -0.76132
29.375 75.625 -0.83696
29.375 75.875 -1.7854
29.375 76.125 -1.0859
29.375 76.375 -1.587
29.375 76.625 -0.57149
29.375 76.875 -1.9274
29.375 77.125 -1.7745
29.375 77.375 0.90889
29.375 77.625 1.1365
29.375 77.875 1.2219
29.375 78.125 0.050138
29.375 78.375 0.12884
29.375 78.625 -1.1416
29.375 78.875 -1.3036
29.375 79.125 -0.055596
29.375 79.375 2.15
29.375 79.625 -1.0198
29.375 79.875 0.1929
29.375 80.125 0.3998
NaN NaN NaN
29.625 73.375 -0.29571
29.625 73.625 -0.04475
29.625 73.875 0.0040092
29.625 74.125 0.0044985
29.625 74.375 -1.0811
29.625 74.625 -1.4737
29.625 74.875 -1.1885
29.625 75.125 -1.0046
29.625 75.375 -1.0641
29.625 75.625 0.65269
29.625 75.875 -0.9565
29.625 76.125 -0.94137
29.625 76.375 -0.74807
29.625 76.625 -0.50001
29.625 76.875 -0.64393
29.625 77.125 -1.4232
29.625 77.375 -0.69571
29.625 77.625 0.086508
29.625 77.875 -0.19594
29.625 78.125 -0.40699
29.625 78.375 -1.0444
29.625 78.625 -1.9337
29.625 78.875 -1.6601
29.625 79.125 -0.35674
29.625 79.375 0.80814
29.625 79.625 0.1325
29.625 79.875 0.2942
29.625 80.125 0.68677
29.875 73.625 0.083953
29.875 73.875 -0.069458
29.875 74.125 -0.54099
29.875 74.375 -1.7901
29.875 74.625 -1.9475
29.875 74.875 -1.9377
29.875 75.125 -1.6692
29.875 75.375 -1.2651
29.875 75.625 -0.65121
29.875 75.875 -1.1595
29.875 76.125 -0.86833
29.875 76.375 -0.34986
29.875 76.625 -0.012554
29.875 76.875 -2.0802
29.875 77.125 -1.0623
29.875 77.375 -0.67295
29.875 77.625 -0.49011
29.875 77.875 -0.090583
29.875 78.125 -1.6461
29.875 78.375 -0.25788
29.875 78.625 -1.2166
29.875 78.875 -0.74784
29.875 79.125 -1.0627
29.875 79.375 -0.20649
29.875 79.625 1.2823
29.875 79.875 0.16218
29.875 80.125 0.60739
29.875 80.375 0.57511
30.125 74.125 -1.0185
30.125 74.375 -1.5985
30.125 74.625 -1.8878
30.125 74.875 -1.9322
30.125 75.125 -1.2959
30.125 75.375 -0.58792
30.125 75.625 -1.0297
30.125 75.875 -1.5645
30.125 76.125 0.28364
30.125 76.375 -0.71978
30.125 76.625 -1.0286
30.125 76.875 -1.0311
30.125 77.125 -1.5913
30.125 77.375 -1.9619
30.125 77.625 -0.33062
30.125 77.875 -0.66554
30.125 78.125 0.30762
30.125 78.375 1.4215
30.125 78.625 0.7264
30.125 78.875 1.9189
30.125 79.125 0.71063
30.125 79.375 0.60808
30.125 79.625 1.3817
30.125 79.875 0.2125
30.125 80.125 0.26085
30.125 80.375 0.50085
30.125 80.625 0.52313
30.375 74.125 -1.0838
30.375 74.375 -1.3799
30.375 74.625 -1.4222
30.375 74.875 -1.4478
30.375 75.125 -1.0475
30.375 75.375 -0.35472
30.375 75.625 -0.078321
30.375 75.875 -1.3304
30.375 76.125 -1.7754
30.375 76.375 -0.82022
30.375 76.625 -1.9944
30.375 76.875 -1.9358
30.375 77.125 0.09478
30.375 77.375 -0.3691
30.375 77.625 0.018026
30.375 77.875 -0.33921
30.375 78.125 -0.78836
30.375 78.375 -1.3962
30.375 78.625 1.5569
30.375 78.875 1.3501
30.375 79.125 1.0234
30.375 79.375 0.85032
30.375 79.625 1.2676
30.375 79.875 1.065
30.375 80.125 0.7173
30.375 80.375 0.42437
30.375 80.625 0.42235
30.625 74.375 -1.2441
30.625 74.625 -1.6544
30.625 74.875 -1.8398
30.625 75.125 -1.4238
30.625 75.375 -0.73175
30.625 75.625 -0.56014
30.625 75.875 -1.8199
30.625 76.125 -1.9692
30.625 76.375 -2.2123
30.625 76.625 -0.65195
30.625 76.875 0.096651
30.625 77.125 -0.0032597
30.625 77.375 -0.28386
30.625 77.625 -0.39928
30.625 77.875 -0.10811
30.625 78.125 -0.00051829
30.625 78.375 -1.5982
30.625 78.625 0.082718
30.625 78.875 1.6256
30.625 79.125 1.3096
30.625 79.375 0.27506
30.625 79.625 1.6731
30.625 79.875 0.91205
30.625 80.125 0.64062
30.875 74.625 -1.465
30.875 74.875 -1.4393
30.875 75.125 -0.30047
30.875 75.375 -2.0166
30.875 75.625 -1.07
30.875 75.875 -1.6981
30.875 76.125 -1.8729
30.875 76.375 -0.70917
30.875 76.625 0.21783
30.875 76.875 -0.57182
30.875 77.125 0.54985
30.875 77.375 -0.96726
30.875 77.625 -0.19614
30.875 77.875 0.8713
30.875 78.125 0.26329
30.875 78.375 -0.078717
30.875 78.625 0.10951
30.875 78.875 1.5413
30.875 79.125 1.4757
30.875 79.375 1.0287
30.875 79.625 1.3265
30.875 79.875 1.8401
31.125 74.875 -1.6224
31.125 75.125 -0.69314
31.125 75.375 -2.1362
31.125 75.625 -1.9514
31.125 75.875 -0.97369
31.125 76.125 0.77629
31.125 76.375 -0.56892
31.125 76.625 -0.67592
31.125 76.875 0.40241
31.125 77.125 0.51453
31.125 77.375 -0.97947
31.125 77.625 0.028848
31.125 77.875 0.22612
31.125 78.125 -0.44508
31.125 78.375 -0.52703
31.125 78.625 -0.53672
31.125 78.875 1.5682
31.125 79.125 1.5885
31.375 74.875 -1.5825
31.375 75.125 -1.3726
31.375 75.375 -2.0062
31.375 75.625 -1.2919
31.375 75.875 -0.082113
31.375 76.125 -1.6362
31.375 76.375 -0.72565
31.375 76.625 -1.247
31.375 76.875 -0.09643
31.375 77.125 1.0597
31.375 77.375 1.1256
31.375 77.625 1.3117
31.375 77.875 -0.64395
31.375 78.125 -0.87458
31.375 78.375 -0.87376
31.375 78.625 -0.76594
31.625 74.875 -0.26125
31.625 75.125 0.27915
31.625 75.375 0.027539
31.625 75.625 0.076062
31.625 75.875 0.2638
31.625 76.125 -0.93607
31.625 76.375 -0.82024
31.625 76.625 -0.50328
31.625 76.875 -0.66938
31.625 77.125 -0.21162
31.625 77.375 1.7166
31.625 77.625 1.7389
31.625 77.875 -0.24832
31.625 78.125 -0.8459
31.625 78.375 -1.017
31.625 78.625 -0.9671
31.875 74.875 0.82975
31.875 75.125 0.73862
31.875 75.375 -1.154
31.875 75.625 -0.03081
31.875 75.875 -0.25056
31.875 76.125 -0.1263
31.875 76.375 -0.1065
31.875 76.625 -0.065399
31.875 76.875 -0.78671
31.875 77.125 -0.69494
31.875 77.375 0.4647
31.875 77.625 1.3686
31.875 77.875 -0.49067
31.875 78.125 -0.7241
31.875 78.375 -0.97431
31.875 78.625 -1.0787
32.125 75.375 0.69546
32.125 75.625 0.71909
32.125 75.875 0.12162
32.125 76.125 0.61889
32.125 76.375 -0.32174
32.125 76.625 0.10065
32.125 76.875 -0.2577
32.125 77.125 -0.28946
32.125 77.375 -0.96757
32.125 77.625 -0.37617
32.125 77.875 -0.59543
32.125 78.125 -1.1014
32.125 78.375 -1.0841
32.375 75.375 0.84327
32.375 75.625 0.70472
32.375 75.875 0.34674
32.375 76.125 -1.0681
32.375 76.375 -0.45769
32.375 76.625 -0.36562
32.375 76.875 -0.55631
32.375 77.125 -0.54855
32.375 77.375 -1.1306
32.375 77.625 -1.1332
32.375 77.875 -1.0499
32.375 78.125 -1.2247
32.375 78.375 -1.2975
32.625 74.875 0.50702
32.625 75.125 -0.47916
32.625 75.375 -0.43707
32.625 75.625 0.074129
32.625 75.875 0.08619
32.625 76.125 -0.077472
32.625 76.375 -0.1895
32.625 76.625 -0.83239
32.625 76.875 -0.60797
32.625 77.125 -0.72374
32.625 77.375 -1.0947
32.625 77.625 -1.1806
32.625 77.875 -1.1381
32.625 78.125 -1.2582
32.625 78.375 -1.1784
32.625 78.625 -1.2713
32.625 78.875 -1.2275
32.625 79.125 -1.1554
32.625 79.375 -1.1465
32.875 74.375 0.91555
32.875 74.625 1.1534
32.875 74.875 0.59138
32.875 75.125 -0.58658
32.875 75.375 -1.2681
32.875 75.625 -1.1986
32.875 75.875 -0.27852
32.875 76.125 0.044852
32.875 76.375 -0.074747
32.875 76.625 -0.61495
32.875 76.875 -0.70475
32.875 77.125 -0.88044
32.875 77.375 -1.0344
32.875 77.625 -1.1386
32.875 77.875 -1.1794
32.875 78.125 -0.50421
32.875 78.375 -0.77064
32.875 78.625 -1.0527
32.875 78.875 -1.2027
32.875 79.125 -1.1848
32.875 79.375 -1.2522
33.125 73.875 0.41011
33.125 74.125 0.42995
33.125 74.375 0.93856
33.125 74.625 1.2431
33.125 74.875 0.055634
33.125 75.125 -0.90178
33.125 75.375 -1.6823
33.125 75.625 -1.8957
33.125 75.875 -0.70397
33.125 76.125 -0.4043
33.125 76.375 -0.71252
33.125 76.625 -0.79018
33.125 76.875 -0.74233
33.125 77.125 -1.3384
33.125 77.375 -0.61178
33.125 77.625 -0.13885
33.125 77.875 0.21059
33.125 78.125 0.46447
33.125 78.375 0.3385
33.125 78.625 -0.62222
33.125 78.875 -1.0182
33.125 79.125 -1.1236
33.375 73.875 0.57026
33.375 74.125 0.30509
33.375 74.375 -0.70177
33.375 74.625 -1.5231
33.375 74.875 -1.6892
33.375 75.125 -1.9538
33.375 75.375 -1.8824
33.375 75.625 -1.8808
33.375 75.875 -1.198
33.375 76.125 -0.51714
33.375 76.375 -0.27385
33.375 76.625 -0.64529
33.375 76.875 -0.44562
33.375 77.125 -0.0046233
33.375 77.375 0.14635
33.375 77.625 0.21309
33.375 77.875 0.037594
33.375 78.125 0.14602
33.375 78.375 0.17129
33.375 78.625 -0.22651
33.375 78.875 -0.76127
33.625 73.875 1.0961
33.625 74.125 0.37629
33.625 74.375 -1.9199
33.625 74.625 -2.0314
33.625 74.875 -1.2997
33.625 75.125 -1.7542
33.625 75.375 -1.6519
33.625 75.625 -1.4239
33.625 75.875 -0.69297
33.625 76.125 -0.76603
33.625 76.375 -0.16516
33.625 76.625 -0.58729
33.625 76.875 -0.10203
33.625 77.125 0.10839
33.625 77.375 0.2397
33.625 77.625 0.28183
33.625 77.875 0.056812
33.625 78.125 0.0051541
33.625 78.375 0.044359
33.625 78.625 0.084557
33.625 78.875 -0.47416
33.875 73.875 0.26722
33.875 74.125 -0.86994
33.875 74.375 -1.5534
33.875 74.625 -1.1439
33.875 74.875 -1.1544
33.875 75.125 -0.36013
33.875 75.375 -0.73836
33.875 75.625 -0.88715
33.875 75.875 -1.0751
33.875 76.125 -1.0057
33.875 76.375 -0.54806
33.875 76.625 -0.56028
33.875 76.875 -0.4679
33.875 77.125 -0.41538
33.875 77.375 -0.11126
33.875 77.625 0.055909
33.875 77.875 0.053082
33.875 78.125 0.02067
33.875 78.375 -0.0072025
33.875 78.625 0.042807
33.875 78.875 -0.28718
34.125 73.625 -1.183
34.125 73.875 -1.0207
34.125 74.125 -0.50757
34.125 74.375 -1.3681
34.125 74.625 -1.636
34.125 74.875 -1.8605
34.125 75.125 -0.58745
34.125 75.375 -0.75459
34.125 75.625 -1.2428
34.125 75.875 -1.1782
34.125 76.125 -1.4408
34.125 76.375 -0.43634
34.125 76.625 -0.45364
34.125 76.875 -0.45827
34.125 77.125 -0.4127
34.125 77.375 -0.2575
34.125 77.625 -0.12514
34.125 77.875 -0.038315
34.125 78.125 -0.0060409
34.125 78.375 -0.0025874
34.125 78.625 0.022002
34.125 78.875 -0.17342
34.125 79.125 -0.049759
34.125 79.375 -0.41371
34.375 73.625 -1.6479
34.375 73.875 -1.8713
34.375 74.125 -2.0818
34.375 74.375 -1.6904
34.375 74.625 -1.7494
34.375 74.875 -2.1997
34.375 75.125 -1.047
34.375 75.375 -1.5
34.375 75.625 -1.4199
34.375 75.875 -1.2573
34.375 76.125 -1.2774
34.375 76.375 -0.43758
34.375 76.625 -0.48813
34.375 76.875 -0.47844
34.375 77.125 -0.51111
34.375 77.375 -0.41985
34.375 77.625 -0.2546
34.375 77.875 -0.15692
34.375 78.125 -0.079355
34.375 78.375 -0.029158
34.375 78.625 0.00061868
34.375 78.875 -0.10375
34.375 79.125 -0.30257
34.375 79.375 -0.53398
34.625 73.875 -1.9314
34.625 74.125 -1.9992
34.625 74.375 -2.0682
34.625 74.625 -1.9804
34.625 74.875 -2.1438
34.625 75.125 -1.3988
34.625 75.375 -1.81
34.625 75.625 -1.4378
34.625 75.875 -1.3219
34.625 76.125 -1.0719
34.625 76.375 -0.44241
34.625 76.625 -0.52351
34.625 76.875 -0.48601
34.625 77.125 -0.50239
34.625 77.375 -0.46474
34.625 77.625 -0.38189
34.625 77.875 -0.28458
34.625 78.125 -0.17823
34.625 78.375 -0.089878
34.625 78.625 -0.018471
34.625 78.875 -0.066428
34.625 79.125 -0.20953
34.625 79.375 -0.39665
34.625 79.625 -0.60286
34.875 74.125 -2.0647
34.875 74.375 -2.1049
34.875 74.625 -1.9717
34.875 74.875 -2.0349
34.875 75.125 -2.1387
34.875 75.375 -1.9503
34.875 75.625 -1.4334
34.875 75.875 -1.3718
34.875 76.125 -0.91181
34.875 76.375 -0.45036
34.875 76.625 -0.51736
34.875 76.875 -0.48259
34.875 77.125 -0.48166
34.875 77.375 -0.47849
34.875 77.625 -0.43961
34.875 77.875 -0.37533
34.875 78.125 -0.29882
34.875 78.375 -0.22606
34.875 78.625 -0.1192
34.875 78.875 -0.08993
34.875 79.125 -0.16689
34.875 79.375 -0.30126
34.875 79.625 -0.47273
34.875 79.875 -0.66194
35.125 74.375 -2.1459
35.125 74.625 -2.0192
35.125 74.875 -2.1478
35.125 75.125 -2.2748
35.125 75.375 -2.0285
35.125 75.625 -1.4248
35.125 75.875 -1.0708
35.125 76.125 -1.0113
35.125 76.375 -0.46184
35.125 76.625 -0.51962
35.125 76.875 -0.48811
35.125 77.125 -0.48342
35.125 77.375 -0.48684
35.125 77.625 -0.47153
35.125 77.875 -0.43878
35.125 78.125 -0.39369
35.125 78.375 -0.3382
35.125 78.625 -0.22634
35.125 78.875 -0.15672
35.125 79.125 -0.16917
35.125 79.375 -0.25171
35.125 79.625 -0.37851
35.125 79.875 -0.53801
35.375 73.875 -2.2163
35.375 74.125 -2.2459
35.375 74.375 -2.0349
35.375 74.625 -2.0413
35.375 74.875 -2.0459
35.375 75.125 -2.0569
35.375 75.375 -1.9078
35.375 75.625 -1.3371
35.375 75.875 -1.0737
35.375 76.125 -1.0625
35.375 76.375 -0.94061
35.375 76.625 -0.83635
35.375 76.875 -0.51906
35.375 77.125 -0.48695
35.375 77.375 -0.49095
35.375 77.625 -0.48771
35.375 77.875 -0.47049
35.375 78.125 -0.4367
35.375 78.375 -0.3898
35.375 78.625 -0.30879
35.375 78.875 -0.23112
35.375 79.125 -0.20446
35.375 79.375 -0.24048
35.375 79.625 -0.3231
35.375 79.875 -0.44385
NaN NaN NaN
35.625 73.375 -2.1231
35.625 73.625 -2.1324
35.625 73.875 -2.2656
35.625 74.125 -2.2836
35.625 74.375 -2.1953
35.625 74.625 -2.0765
35.625 74.875 -2.0618
35.625 75.125 -2.3371
35.625 75.375 -2.0693
35.625 75.625 -1.3758
35.625 75.875 -1.4088
35.625 76.125 -1.0973
35.625 76.375 -0.97763
35.625 76.625 -0.98909
35.625 76.875 -0.89508
35.625 77.125 -0.77731
35.625 78.375 -0.4336
35.625 78.625 -0.3714
35.625 78.875 -0.30045
35.625 79.125 -0.25411
35.625 79.375 -0.25461
35.625 79.625 -0.30223
35.625 79.875 -0.38447
35.625 80.125 -0.5012
35.875 73.125 0.37703
35.875 73.375 -0.69212
35.875 73.625 -1.6088
35.875 73.875 -2.023
35.875 74.125 -2.1909
35.875 74.375 -2.2273
35.875 74.625 -2.1656
35.875 74.875 -2.1747
35.875 75.125 -2.3483
35.875 75.375 -2.2713
35.875 75.625 -2.034
35.875 75.875 -1.7931
35.875 76.125 -1.5872
35.875 76.375 -1.2667
35.875 76.625 -1.0386
35.875 79.375 -0.28784
36.125 72.625 0.096564
36.125 72.875 -1.7558
36.125 73.125 -1.6812
36.125 73.375 -0.1697
36.125 73.625 -0.96441
36.125 73.875 -1.6046
36.125 74.125 -1.99
36.125 74.375 -2.1473
36.125 74.625 -2.1679
36.125 74.875 -2.188
36.125 75.125 -2.3205
36.125 75.375 -2.3375
36.125 75.625 -2.2029
36.125 75.875 -2.0226
36.125 76.125 -1.8316
36.125 76.375 -1.5842
36.125 76.625 -1.3674
36.375 73.125 0.2771
36.375 73.375 0.047451
36.375 73.625 -0.46104
36.375 73.875 -1.0766
36.375 74.125 -1.6201
36.375 74.375 -1.9577
36.375 74.625 -2.0944
36.375 74.875 -2.1548
36.375 75.125 -2.2639
36.375 75.375 -2.3491
36.375 75.625 -2.3056
36.375 75.875 -2.183
36.375 76.125 -2.0197
36.625 73.375 0.10576
36.625 73.625 -0.17778
36.625 73.875 -0.62827
36.625 74.125 -1.1612
36.625 74.375 -1.6319
36.625 74.625 -1.9203
36.625 74.875 -2.0646
36.625 75.125 -2.1868
36.625 75.375 -2.3071
36.625 75.625 -2.3449
36.875 73.875 -0.33482
36.875 74.375 -1.2271
36.875 74.625 -1.6321
36.875 74.875 -1.8927
36.875 75.125 -2.07
36.875 75.375 -2.2224
