8.125 77.375 0.67896
8.375 77.125 -0.43539
8.375 77.375 0.55066
8.375 77.625 1.3471
8.375 77.875 0.64344
8.625 76.875 -0.5308
8.625 77.125 0.60188
8.625 77.375 0.33024
8.625 77.625 -0.33709
8.625 77.875 1.4014
8.875 76.875 -1.5339
8.875 77.125 0.89087
8.875 77.375 -1.5656
8.875 77.625 -1.4148
8.875 77.875 -1.8524
9.125 76.625 0.4369
9.125 76.875 -0.083995
9.125 77.125 0.21373
9.125 77.375 -0.28672
9.125 77.625 0.39094
9.125 77.875 -0.48735
9.125 78.125 0.31139
NaN NaN NaN
9.375 76.625 -0.44874
9.375 76.875 -0.6788
9.375 77.125 0.074579
9.375 77.375 0.83622
9.375 77.625 1.0785
9.375 77.875 0.34336
9.375 78.125 0.46942
9.375 78.375 0.64118
9.375 78.625 -0.50012
NaN NaN NaN
9.625 76.375 0.26642
9.625 76.625 0.14084
9.625 76.875 -0.2165
9.625 77.125 1.0312
9.625 77.375 0.4594
9.625 77.625 0.17272
9.625 77.875 0.8842
9.625 78.125 0.78565
9.625 78.375 0.3204
9.625 78.625 0.17918
9.875 76.625 -0.38762
9.875 76.875 -1.0536
9.875 77.125 0.3895
9.875 77.375 -0.22112
9.875 77.625 0.58604
9.875 77.875 0.33652
9.875 78.125 -0.67998
9.875 78.375 0.21278
9.875 78.625 0.18725
9.875 78.875 -1.0552
10.125 76.375 -0.5499
10.125 76.625 0.3984
10.125 76.875 1.4983
10.125 77.125 -0.014941
10.125 77.375 0.025652
10.125 77.625 0.40726
10.125 77.875 1.1281
10.125 78.125 0.00036378
10.125 78.375 0.68862
10.125 78.625 -0.082746
10.125 78.875 -0.61562
10.125 79.125 -0.89459
10.375 76.375 -1.0541
10.375 76.625 -0.4929
10.375 76.875 0.39154
10.375 77.125 0.62014
10.375 77.375 0.47796
10.375 77.625 0.87747
10.375 77.875 -0.3945
10.375 78.125 0.24156
10.375 78.375 -0.011863
10.375 78.625 0.066256
10.375 78.875 -0.035606
10.375 79.125 -0.54504
NaN NaN NaN
NaN NaN NaN
10.625 76.125 -0.32695
10.625 76.375 -0.44594
10.625 76.625 -0.92973
10.625 76.875 -0.59315
10.625 77.125 0.36899
10.625 77.375 -0.41643
10.625 77.625 -0.051671
10.625 77.875 -0.069627
10.625 78.125 -0.3696
10.625 78.375 -0.5747
10.625 78.625 -0.36997
10.625 78.875 -0.5624
10.625 79.125 -0.031342
10.625 79.375 -0.08316
10.625 79.625 0.36368
10.875 76.125 -0.041101
10.875 76.375 0.45184
10.875 76.625 0.021543
10.875 76.875 -1.0326
10.875 77.125 0.55074
10.875 77.375 -0.017284
10.875 77.625 -0.84392
10.875 77.875 -1.3494
10.875 78.125 -1.6958
10.875 78.375 0.10835
10.875 78.625 1.0032
10.875 78.875 0.13909
10.875 79.125 -1.4227
10.875 79.375 -0.9461
10.875 79.625 0.29314
11.125 76.125 -1.8273
11.125 76.375 0.19425
11.125 76.625 1.8095
11.125 76.875 -1.09
11.125 77.125 0.24054
11.125 77.375 0.28531
11.125 77.625 -0.018691
11.125 77.875 -0.011374
11.125 78.125 -0.86495
11.125 78.375 0.31194
11.125 78.625 0.3668
11.125 78.875 0.43485
11.125 79.125 0.33173
11.125 79.375 0.20288
11.125 79.625 -0.027474
11.375 75.875 -0.9509
11.375 76.125 -1.5307
11.375 76.375 -0.28355
11.375 76.625 -0.036779
11.375 76.875 1.0578
11.375 77.125 0.10152
11.375 77.375 -0.4906
11.375 77.625 -0.089603
11.375 77.875 0.3498
11.375 78.125 0.44714
11.375 78.375 -0.78023
11.375 78.625 -0.27736
11.375 78.875 0.2567
11.375 79.125 0.1721
11.375 79.375 -0.35458
11.375 79.625 -0.46321
11.625 75.875 -0.71932
11.625 76.125 0.48571
11.625 76.375 -0.77356
11.625 76.625 0.1457
11.625 76.875 -0.29824
11.625 77.125 0.07615
11.625 77.375 -0.28474
11.625 77.625 -0.27075
11.625 77.875 -0.69346
11.625 78.125 -0.1679
11.625 78.375 -0.59525
11.625 78.625 -0.35416
11.625 78.875 0.12461
11.625 79.125 0.19129
11.625 79.375 -0.46029
NaN NaN NaN
NaN NaN NaN
11.875 75.875 -0.71049
11.875 76.125 -0.58563
11.875 76.375 -0.71628
11.875 76.625 0.10864
11.875 76.875 -1.4898
11.875 77.125 0.68843
11.875 77.375 0.52342
11.875 77.625 0.1175
11.875 77.875 -0.063903
11.875 78.125 -0.31009
11.875 78.375 -0.24629
11.875 78.625 -0.17145
11.875 78.875 -0.43122
11.875 79.125 -0.17622
11.875 79.375 -0.55501
11.875 79.625 -0.44484
12.125 75.375 -1.5832
12.125 75.625 -0.23485
12.125 75.875 1.1342
12.125 76.125 -0.78287
12.125 76.375 -1.2199
12.125 76.625 -0.25569
12.125 76.875 -0.35067
12.125 77.125 0.44706
12.125 77.375 0.32155
12.125 77.625 0.0050016
12.125 77.875 -0.21382
12.125 78.125 -0.065226
12.125 78.375 0.6886
12.125 78.625 0.074736
12.125 78.875 -0.3275
12.125 79.125 0.24049
12.125 79.375 0.22085
12.125 79.625 -0.14025
12.375 75.125 -0.73543
12.375 75.375 -0.93855
12.375 75.625 -0.31848
12.375 75.875 0.33042
12.375 76.125 -0.21946
12.375 76.375 -0.56035
12.375 76.625 0.79251
12.375 76.875 -1.0931
12.375 77.125 -1.4331
12.375 77.375 -0.11701
12.375 77.625 -0.052534
12.375 77.875 -0.15706
12.375 78.125 -0.27902
12.375 78.375 -0.25788
12.375 78.625 0.058237
12.375 78.875 -0.53373
12.375 79.125 -0.094094
12.375 79.375 -0.25895
12.375 79.625 -0.36303
12.375 79.875 -0.59094
12.625 75.125 -1.3594
12.625 75.375 -1.1149
12.625 75.625 -1.3806
12.625 75.875 -1.3508
12.625 76.125 -1.0434
12.625 76.375 0.78796
12.625 76.625 0.85064
12.625 76.875 0.1875
12.625 77.125 -0.78158
12.625 77.375 -0.36901
12.625 77.625 0.19615
12.625 77.875 -0.93599
12.625 78.125 -0.48534
12.625 78.375 0.42778
12.625 78.625 0.34872
12.625 78.875 -0.12306
12.625 79.125 -0.094083
12.625 79.375 -0.81052
12.625 79.625 -0.84723
12.625 79.875 -1.8616
12.875 75.125 -0.99648
12.875 75.375 -0.034688
12.875 75.625 -2.1226
12.875 75.875 -0.48519
12.875 76.125 -0.22483
12.875 76.375 1.4104
12.875 76.625 0.77175
12.875 76.875 -0.54269
12.875 77.125 -0.16939
12.875 77.375 0.24299
12.875 77.625 -0.46757
12.875 77.875 -1.2427
12.875 78.125 -1.5367
12.875 78.375 -0.62239
12.875 78.625 -1.0143
12.875 78.875 -1.13
12.875 79.125 -0.53165
12.875 79.375 -0.21271
12.875 79.625 0.18581
12.875 79.875 -0.52751
NaN NaN NaN
13.125 75.125 -1.169
13.125 75.375 -1.1883
13.125 75.625 -0.36071
13.125 75.875 -0.60329
13.125 76.125 0.45833
13.125 76.375 1.0779
13.125 76.625 1.0125
13.125 76.875 0.11822
13.125 77.125 -0.19894
13.125 77.375 -0.5237
13.125 77.625 -0.23478
13.125 77.875 -1.3134
13.125 78.125 -1.6402
13.125 78.375 -1.445
13.125 78.625 -1.4538
13.125 78.875 -0.52144
13.125 79.125 -0.29427
13.125 79.375 -0.82281
13.125 79.625 0.24277
13.125 79.875 -0.97326
13.125 80.125 -1.3849
NaN NaN NaN
13.375 75.125 -0.7288
13.375 75.375 -1.1876
13.375 75.625 -1.4126
13.375 75.875 -0.65402
13.375 76.125 0.74864
13.375 76.375 0.44543
13.375 76.625 0.44261
13.375 76.875 0.11369
13.375 77.125 0.68287
13.375 77.375 -1.1602
13.375 77.625 -0.48164
13.375 77.875 -0.82378
13.375 78.125 -1.5976
13.375 78.375 -1.6035
13.375 78.625 -1.3518
13.375 78.875 -1.623
13.375 79.125 -1.7308
13.375 79.375 -1.3738
13.375 79.625 -0.41858
13.375 79.875 -0.97645
13.375 80.125 -1.207
13.625 74.875 -1.7055
13.625 75.125 -0.50695
13.625 75.375 -0.75262
13.625 75.625 -1.4779
13.625 75.875 0.0050247
13.625 76.125 -0.059032
13.625 76.375 -0.55177
13.625 76.625 -0.28042
13.625 76.875 -0.89891
13.625 77.125 0.65993
13.625 77.375 -1.4406
13.625 77.625 -0.89983
13.625 77.875 -0.67626
13.625 78.125 -2.1302
13.625 78.375 -1.2735
13.625 78.625 -1.1331
13.625 78.875 -1.5687
13.625 79.125 -1.5819
13.625 79.375 -1.5665
13.625 79.625 -1.2762
13.625 79.875 -0.64297
13.625 80.125 -1.1035
13.875 74.875 -0.67703
13.875 75.125 0.22145
13.875 75.375 -0.69015
13.875 75.625 -0.67933
13.875 75.875 0.12416
13.875 76.125 -0.80792
13.875 76.375 -0.66297
13.875 76.625 0.34551
13.875 76.875 -1.1556
13.875 77.125 -0.87315
13.875 77.375 -0.82727
13.875 77.625 -1.4339
13.875 77.875 -0.83186
13.875 78.125 -1.8773
13.875 78.375 -0.31616
13.875 78.625 -1.0054
13.875 78.875 -1.6271
13.875 79.125 -1.6643
13.875 79.375 -1.7054
13.875 79.625 -0.83813
13.875 79.875 -1.0671
14.125 74.625 -0.75434
14.125 74.875 -0.64649
14.125 75.125 -0.38367
14.125 75.375 -0.40604
14.125 75.625 -0.82092
14.125 75.875 -0.19067
14.125 76.125 0.33539
14.125 76.375 0.027945
14.125 76.625 -0.14218
14.125 76.875 1.6728
14.125 77.125 -0.21002
14.125 77.375 -0.67831
14.125 77.625 -1.1609
14.125 77.875 -0.6508
14.125 78.125 -1.0857
14.125 78.375 -0.86953
14.125 78.625 -1.298
14.125 78.875 -1.8416
14.125 79.125 -1.6326
14.125 79.375 -1.4872
14.125 79.625 -0.63651
14.125 79.875 -0.66037
14.375 74.625 -0.87497
14.375 74.875 0.04968
14.375 75.125 -1.162
14.375 75.375 -0.75381
14.375 75.625 0.19628
14.375 75.875 0.0055752
14.375 76.125 0.57893
14.375 76.375 1.1265
14.375 76.625 0.59901
14.375 76.875 -0.21389
14.375 77.125 0.45528
14.375 77.375 -0.091232
14.375 77.625 -0.5608
14.375 77.875 -0.36545
14.375 78.125 -0.81949
14.375 78.375 -1.4386
14.375 78.625 -1.2079
14.375 78.875 -1.7352
14.375 79.125 -1.8134
14.375 79.375 -1.5522
14.375 79.625 -0.37956
14.375 79.875 -0.19284
NaN NaN NaN
14.625 74.625 -1.964
14.625 74.875 -1.2645
14.625 75.125 -0.84197
14.625 75.375 -0.39076
14.625 75.625 -1.1095
14.625 75.875 -0.080047
14.625 76.125 0.024165
14.625 76.375 -0.1527
14.625 76.625 0.78076
14.625 76.875 1.2318
14.625 77.125 0.6016
14.625 77.375 -0.39757
14.625 77.625 -0.14115
14.625 77.875 -0.74152
14.625 78.125 -0.53247
14.625 78.375 -1.0205
14.625 78.625 -1.4468
14.625 78.875 -1.3076
14.625 79.125 -1.2601
14.625 79.375 -1.5845
14.625 79.625 -0.75347
14.625 79.875 -0.62586
14.875 74.375 -1.0122
14.875 74.625 -1.2296
14.875 74.875 -1.5882
14.875 75.125 -0.53866
14.875 75.375 -1.1095
14.875 75.625 -0.056323
14.875 75.875 -0.7035
14.875 76.125 -0.90367
14.875 76.375 -1.4796
14.875 76.625 -0.35994
14.875 76.875 1.0518
14.875 77.125 0.34435
14.875 77.375 -0.86968
14.875 77.625 -0.98194
14.875 77.875 -1.0415
14.875 78.125 -0.75006
14.875 78.375 -0.58116
14.875 78.625 -1.1396
14.875 78.875 -1.0015
14.875 79.125 -0.67302
14.875 79.375 -0.85474
14.875 79.625 -1.0001
14.875 79.875 -0.97404
15.125 74.125 -1.5086
15.125 74.375 0.65073
15.125 74.625 -0.75413
15.125 74.875 -0.87677
15.125 75.125 -0.72249
15.125 75.375 -0.18275
15.125 75.625 0.74964
15.125 75.875 -0.2173
15.125 76.125 -0.70308
15.125 76.375 -0.40983
15.125 76.625 -1.2964
15.125 76.875 -0.67883
15.125 77.125 -1.4127
15.125 77.375 -0.82511
15.125 77.625 -0.54486
15.125 77.875 -1.3579
15.125 78.125 -1.9387
15.125 78.375 -1.3732
15.125 78.625 0.21317
15.125 78.875 -0.47982
15.125 79.125 -0.7457
15.125 79.375 -1.0514
15.125 79.625 -1.1648
15.125 79.875 -1.2989
15.375 73.875 -1.6788
15.375 74.125 -1.5107
15.375 74.375 -0.45223
15.375 74.625 -1.2673
15.375 74.875 0.21233
15.375 75.125 -0.50509
15.375 75.375 1.0515
15.375 75.625 0.96272
15.375 75.875 -0.27139
15.375 76.125 -0.64652
15.375 76.375 -0.14913
15.375 76.625 -0.4945
15.375 76.875 -0.72697
15.375 77.125 -1.2915
15.375 77.375 -1.9834
15.375 77.625 -0.60018
15.375 77.875 -1.3437
15.375 78.125 -1.665
15.375 78.375 -1.1724
15.375 78.625 1.6506
15.375 78.875 -0.96612
15.375 79.125 -1.2954
15.375 79.375 -1.159
15.375 79.625 -1.5401
15.375 79.875 -1.2649
15.625 73.875 -1.1265
15.625 74.125 -0.99367
15.625 74.375 -1.1367
15.625 74.625 -0.32723
15.625 74.875 0.0059031
15.625 75.125 -0.13516
15.625 75.375 0.034824
15.625 75.625 0.524
15.625 75.875 -0.01725
15.625 76.125 -0.11868
15.625 76.375 -0.45963
15.625 76.625 -0.37373
15.625 76.875 -0.63597
15.625 77.125 -1.2613
15.625 77.375 -1.4954
15.625 77.625 -1.5355
15.625 77.875 -1.4357
15.625 78.125 -1.4469
15.625 78.375 -1.9241
15.625 78.625 -2.0043
15.625 78.875 -0.60282
15.625 79.125 -1.5171
15.625 79.375 -1.6125
15.625 79.625 -0.51384
15.625 79.875 -1.1106
15.625 80.125 -1.2618
15.875 73.875 0.44057
15.875 74.125 -0.36762
15.875 74.375 -0.49244
15.875 74.625 -0.25653
15.875 74.875 0.3149
15.875 75.125 -0.21134
15.875 75.375 -0.42449
15.875 75.625 -0.67066
15.875 75.875 -0.62276
15.875 76.125 -0.83738
15.875 76.375 -0.85003
15.875 76.625 -0.68669
15.875 76.875 0.12099
15.875 77.125 -0.96409
15.875 77.375 -0.70624
15.875 77.625 -2.0551
15.875 77.875 -0.96227
15.875 78.125 -1.5105
15.875 78.375 -1.811
15.875 78.625 -1.2861
15.875 78.875 -1.7566
15.875 79.125 -1.4518
15.875 79.375 0.21273
15.875 79.625 -0.88373
15.875 79.875 -1.2617
15.875 80.125 -1.1394
15.875 80.375 -0.53586
NaN NaN NaN
15.875 80.875 -0.79186
16.125 73.625 0.70821
16.125 73.875 0.34041
16.125 74.125 -0.13377
16.125 74.375 -0.35124
16.125 74.625 0.25269
16.125 74.875 0.79475
16.125 75.125 -1.4882
16.125 75.375 -0.81417
16.125 75.625 -0.94517
16.125 75.875 -1.3914
16.125 76.125 -0.80674
16.125 76.375 -0.59586
16.125 76.625 -0.26348
16.125 76.875 -0.63862
16.125 77.125 -0.80086
16.125 77.375 -0.20842
16.125 77.625 -1.3121
16.125 77.875 -0.46429
16.125 78.125 -0.30196
16.125 78.375 -0.52056
16.125 78.625 -0.98821
16.125 78.875 -1.4777
16.125 79.125 -1.0969
16.125 79.375 -1.2588
16.125 79.625 -1.5115
16.125 79.875 -1.0852
16.125 80.125 -0.64506
16.125 80.375 0.14388
16.125 80.625 -0.37437
16.125 80.875 -0.32977
16.375 73.625 -0.50363
16.375 73.875 0.9795
16.375 74.125 -0.21555
16.375 74.375 0.38231
16.375 74.625 -0.54344
16.375 74.875 0.98916
16.375 75.125 -0.19331
16.375 75.375 -0.70139
16.375 75.625 -1.3004
16.375 75.875 -0.97606
16.375 76.125 0.25114
16.375 76.375 0.57834
16.375 76.625 0.037193
16.375 76.875 -0.76128
16.375 77.125 -0.54406
16.375 77.375 -1.0233
16.375 77.625 -1.6947
16.375 77.875 -0.93701
16.375 78.125 -0.40204
16.375 78.375 -0.72894
16.375 78.625 -1.943
16.375 78.875 -1.1195
16.375 79.125 -0.65014
16.375 79.375 -0.90216
16.375 79.625 -1.5145
16.375 79.875 -0.97093
16.375 80.125 -0.33703
16.375 80.375 -0.49567
16.375 80.625 -0.082646
16.375 80.875 0.10749
16.375 81.125 -0.25701
NaN NaN NaN
NaN NaN NaN
16.625 73.625 -0.85649
16.625 73.875 -1.2847
16.625 74.125 1.4935
16.625 74.375 -1.9182
16.625 74.625 -0.21684
16.625 74.875 -0.56175
16.625 75.125 -0.062762
16.625 75.375 -1.6856
16.625 75.625 -1.3007
16.625 75.875 -1.1468
16.625 76.125 -0.51175
16.625 76.375 -0.74855
16.625 76.625 -0.35939
16.625 76.875 -0.43874
16.625 77.125 -0.513
16.625 77.375 -1.0685
16.625 77.625 -1.8713
16.625 77.875 -1.2191
16.625 78.125 -0.64036
16.625 78.375 -1.2004
16.625 78.625 -1.1741
16.625 78.875 -1.6568
16.625 79.125 -1.1448
16.625 79.375 -0.57514
16.625 79.625 -0.43896
16.625 79.875 -0.71709
16.625 80.125 -0.55918
16.625 80.375 -0.63578
16.625 80.625 -0.4933
16.625 80.875 -0.24286
16.625 81.125 -1.4919
16.625 81.375 -0.53414
16.625 81.625 0.4442
16.625 81.875 0.64555
16.625 82.125 0.58959
16.875 73.375 -1.2609
16.875 73.625 -1.2491
16.875 73.875 -1.162
16.875 74.125 -1.8599
16.875 74.375 0.61417
16.875 74.625 -1.3016
16.875 74.875 -1.2884
16.875 75.125 -1.0131
16.875 75.375 -0.68747
16.875 75.625 -0.25311
16.875 75.875 -1.0515
16.875 76.125 -1.3435
16.875 76.375 -1.5707
16.875 76.625 -1.8875
16.875 76.875 -1.0855
16.875 77.125 -0.91665
16.875 77.375 -1.0699
16.875 77.625 -1.6256
16.875 77.875 -0.96349
16.875 78.125 -1.4274
16.875 78.375 -1.7571
16.875 78.625 -1.3418
16.875 78.875 -1.9009
16.875 79.125 -1.5872
16.875 79.375 -0.90104
16.875 79.625 -0.7232
16.875 79.875 -0.52967
16.875 80.125 -0.52413
16.875 80.375 -0.70749
16.875 80.625 -0.55337
16.875 80.875 -0.52787
16.875 81.125 -0.41497
16.875 81.375 -0.072524
16.875 81.625 0.00049949
16.875 81.875 0.144
16.875 82.125 0.049976
17.125 73.375 -0.92323
17.125 73.625 -0.52233
17.125 73.875 -0.55217
17.125 74.125 -1.5348
17.125 74.375 -2.0441
17.125 74.625 -1.8506
17.125 74.875 -1.7664
17.125 75.125 -2.0729
17.125 75.375 -1.8525
17.125 75.625 -0.047324
17.125 75.875 -1.8904
17.125 76.125 -2.1184
17.125 76.375 -1.6639
17.125 76.625 -1.6962
17.125 76.875 -1.2015
17.125 77.125 -1.1671
17.125 77.375 -1.5799
17.125 77.625 -0.97918
17.125 77.875 -0.50666
17.125 78.125 -0.60159
17.125 78.375 -1.718
17.125 78.625 -1.2456
17.125 78.875 -0.72545
17.125 79.125 0.09815
17.125 79.375 -0.5652
17.125 79.625 -0.6779
17.125 79.875 -0.47146
17.125 80.125 -0.14098
17.125 80.375 -0.64776
17.125 80.625 -0.68159
17.125 80.875 -0.68534
17.125 81.125 -0.37165
17.125 81.375 -0.18356
17.125 81.625 -0.40783
17.125 81.875 -0.48031
17.125 82.125 -0.15523
17.125 82.375 -0.24676
17.375 73.375 -0.99696
17.375 73.625 -1.1294
17.375 73.875 0.81558
17.375 74.125 -2.0421
17.375 74.375 -1.8594
17.375 74.625 -1.9913
17.375 74.875 -1.8719
17.375 75.125 -2.2932
17.375 75.375 -2.3525
17.375 75.625 -1.7466
17.375 75.875 -1.9597
17.375 76.125 -1.5301
17.375 76.375 -1.4259
17.375 76.625 -1.5313
17.375 76.875 -0.98883
17.375 77.125 -1.0267
17.375 77.375 -1.2501
17.375 77.625 -0.44515
17.375 77.875 -0.46204
17.375 78.125 -0.58682
17.375 78.375 -1.0845
17.375 78.625 -1.7939
17.375 78.875 0.10262
17.375 79.125 0.4457
17.375 79.375 0.11659
17.375 79.625 -1.3037
17.375 79.875 -0.1569
17.375 80.125 0.12108
17.375 80.375 -0.16362
17.375 80.625 -0.6829
17.375 80.875 -0.83722
17.375 81.125 -0.76866
17.375 81.375 -0.098389
17.375 81.625 -0.5339
17.375 81.875 -0.49298
17.375 82.125 -0.14608
17.375 82.375 -0.45323
NaN NaN NaN
17.625 73.375 -0.13739
17.625 73.625 -2.1771
17.625 73.875 -0.34786
17.625 74.125 -2.007
17.625 74.375 -2.0081
17.625 74.625 -2.2395
17.625 74.875 -1.9468
17.625 75.125 -1.8052
17.625 75.375 -1.9113
17.625 75.625 -1.6569
17.625 75.875 -1.8923
17.625 76.125 -1.8286
17.625 76.375 -2.1308
17.625 76.625 -1.5338
17.625 76.875 -1.3695
17.625 77.125 -0.85214
17.625 77.375 -1.3112
17.625 77.625 -1.7016
17.625 77.875 -1.1002
17.625 78.125 -0.59118
17.625 78.375 -0.23772
17.625 78.625 -0.15603
17.625 78.875 -0.58518
17.625 79.125 -0.29955
17.625 79.375 -1.2372
17.625 79.625 -1.519
17.625 79.875 -0.26942
17.625 80.125 0.23426
17.625 80.375 -0.28283
17.625 80.625 -0.93695
17.625 80.875 -0.45009
17.625 81.125 -0.51409
17.625 81.375 0.39038
17.625 81.625 -0.3154
17.625 81.875 -0.35215
17.625 82.125 -0.30508
17.625 82.375 -0.43409
17.625 82.625 -0.44164
17.625 82.875 -0.14084
17.625 83.125 -0.033909
17.875 73.375 0.31356
17.875 73.625 -1.1287
17.875 73.875 -0.033545
17.875 74.125 -2.0132
17.875 74.375 -1.1533
17.875 74.625 -1.913
17.875 74.875 -1.379
17.875 75.125 -2.203
17.875 75.375 -2.1604
17.875 75.625 -1.7158
17.875 75.875 -1.8419
17.875 76.125 -1.964
17.875 76.375 -1.9968
17.875 76.625 -1.7257
17.875 76.875 -1.6112
17.875 77.125 -0.7017
17.875 77.375 -0.78077
17.875 77.625 -0.28191
17.875 77.875 -0.1313
17.875 78.125 0.60405
17.875 78.375 0.38959
17.875 78.625 0.58585
17.875 78.875 -0.28982
17.875 79.125 -0.84399
17.875 79.375 -1.3799
17.875 79.625 -1.2583
17.875 79.875 -0.70787
17.875 80.125 -0.90221
17.875 80.375 -1.3012
17.875 80.625 -1.0316
17.875 80.875 -0.21485
17.875 81.125 -0.22172
17.875 81.375 0.91946
17.875 81.625 0.1013
17.875 81.875 -0.52587
17.875 82.125 -0.9292
17.875 82.375 -1.1887
17.875 82.625 -0.14949
17.875 82.875 0.29316
17.875 83.125 -0.3564
17.875 83.375 -0.15788
NaN NaN NaN
18.125 73.375 -1.4957
18.125 73.625 0.63109
18.125 73.875 0.89868
18.125 74.125 -0.66846
18.125 74.375 -0.44097
18.125 74.625 -1.5366
18.125 74.875 -1.384
18.125 75.125 -1.6428
18.125 75.375 -1.9796
18.125 75.625 -1.8664
18.125 75.875 -2.0999
18.125 76.125 -1.6366
18.125 76.375 -1.5792
18.125 76.625 -1.8731
18.125 76.875 -1.4217
18.125 77.125 0.90124
18.125 77.375 0.071815
18.125 77.625 0.34965
18.125 77.875 0.043267
18.125 78.125 0.59302
18.125 78.375 0.059297
18.125 78.625 0.23723
18.125 78.875 -0.57081
18.125 79.125 -0.75933
18.125 79.375 -1.6102
18.125 79.625 -0.064056
18.125 79.875 -0.64177
18.125 80.125 -0.91568
18.125 80.375 -1.5554
18.125 80.625 -1.6295
18.125 80.875 -0.19527
18.125 81.125 -0.45817
18.125 81.375 0.72033
18.125 81.625 0.9738
18.125 81.875 0.80048
18.125 82.125 -0.73544
18.125 82.375 -0.98027
18.125 82.625 -0.54908
18.125 82.875 -0.39755
18.125 83.125 0.58506
18.125 83.375 0.57047
18.125 83.625 0.47997
18.375 73.125 -0.47243
18.375 73.375 0.031086
18.375 73.625 1.1501
18.375 73.875 1.1212
18.375 74.125 -0.76748
18.375 74.375 -0.9169
18.375 74.625 -2.2852
18.375 74.875 -2.3838
18.375 75.125 -1.8465
18.375 75.375 -0.77622
18.375 75.625 -1.2641
18.375 75.875 -1.8778
18.375 76.125 -1.4375
18.375 76.375 -1.571
18.375 76.625 -1.6066
18.375 76.875 -1.2247
18.375 77.125 -0.69295
18.375 77.375 -0.25413
18.375 77.625 -0.27622
18.375 77.875 -0.039357
18.375 78.125 0.3726
18.375 78.375 0.84298
18.375 78.625 0.069346
18.375 78.875 -0.57183
18.375 79.125 0.018765
18.375 79.375 -0.58812
18.375 79.625 -0.26278
18.375 79.875 -0.74636
18.375 80.125 -0.79266
18.375 80.375 -0.12626
18.375 80.625 -0.003567
18.375 80.875 -0.64979
18.375 81.125 -0.048104
18.375 81.375 0.65956
18.375 81.625 0.96486
18.375 81.875 0.85951
18.375 82.125 0.89479
18.375 82.375 0.81179
18.375 82.625 -0.2742
18.375 82.875 -1.3931
18.375 83.125 0.11718
18.375 83.375 0.11395
18.375 83.625 0.30734
18.375 83.875 0.94056
18.625 73.125 0.79367
18.625 73.375 1.5859
18.625 73.625 1.6186
18.625 73.875 1.7395
18.625 74.125 -0.83097
18.625 74.375 -0.53474
18.625 74.625 -1.744
18.625 74.875 -1.8224
18.625 75.125 -2.1262
18.625 75.375 -1.7989
18.625 75.625 -1.3744
18.625 75.875 -1.4008
18.625 76.125 -1.6479
18.625 76.375 -1.0373
18.625 76.625 -0.43682
18.625 76.875 -0.78724
18.625 77.125 -0.92632
18.625 77.375 -0.57771
18.625 77.625 -0.11791
18.625 77.875 -0.13248
18.625 78.125 -0.72246
18.625 78.375 -0.34999
18.625 78.625 -0.53851
18.625 78.875 -0.34911
18.625 79.125 -0.122
18.625 79.375 -0.68754
18.625 79.625 -0.88035
18.625 79.875 -0.44452
18.625 80.125 -0.10939
18.625 80.375 1.2243
18.625 80.625 0.91858
18.625 80.875 -0.35972
18.625 81.125 -0.48979
18.625 81.375 0.26703
18.625 81.625 0.51253
18.625 81.875 0.68873
18.625 82.125 0.96607
18.625 82.375 1.4097
18.625 82.625 1.6413
18.625 82.875 -0.13178
18.625 83.125 -1.1649
18.625 83.375 -0.76814
18.625 83.625 0.44082
18.625 83.875 0.33325
18.625 84.125 0.029553
18.875 73.125 0.56544
18.875 73.375 0.48026
18.875 73.625 1.6427
18.875 73.875 1.7203
18.875 74.125 -1.4576
18.875 74.375 -1.5142
18.875 74.625 -1.3603
18.875 74.875 -1.6902
18.875 75.125 -2.0055
18.875 75.375 -1.8934
18.875 75.625 -1.9096
18.875 75.875 -1.9245
18.875 76.125 -1.1648
18.875 76.375 -0.9586
18.875 76.625 -0.91085
18.875 76.875 -0.58615
18.875 77.125 -0.65606
18.875 77.375 -0.91057
18.875 77.625 -0.41096
18.875 77.875 -0.47697
18.875 78.125 -0.98057
18.875 78.375 -2.0445
18.875 78.625 -0.12679
18.875 78.875 0.60618
18.875 79.125 -0.15283
18.875 79.375 -0.3647
18.875 79.625 -0.89233
18.875 79.875 -0.53828
18.875 80.125 -0.38491
18.875 80.375 0.65846
18.875 80.625 1.0895
18.875 80.875 0.96838
18.875 81.125 0.70126
18.875 81.375 1.2706
18.875 81.625 0.31592
18.875 81.875 1.1681
18.875 82.125 1.0758
18.875 82.375 1.2316
18.875 82.625 0.47537
18.875 82.875 0.36226
18.875 83.125 -1.6926
18.875 83.375 0.05901
18.875 83.625 0.30797
18.875 83.875 0.4493
18.875 84.125 0.65353
18.875 84.375 0.69105
19.125 73.125 -0.24875
19.125 73.375 0.40067
19.125 73.625 0.87141
19.125 73.875 0.82772
19.125 74.125 -1.2628
19.125 74.375 -1.2133
19.125 74.625 -1.4132
19.125 74.875 -1.8554
19.125 75.125 -1.8218
19.125 75.375 -1.6222
19.125 75.625 -1.7448
19.125 75.875 -1.7036
19.125 76.125 -1.221
19.125 76.375 -0.99294
19.125 76.625 -0.72451
19.125 76.875 -0.94697
19.125 77.125 -0.62898
19.125 77.375 -0.3887
19.125 77.625 -1.0851
19.125 77.875 -1.2913
19.125 78.125 -1.6337
19.125 78.375 -1.3883
19.125 78.625 -0.72732
19.125 78.875 -0.074381
19.125 79.125 -0.44394
19.125 79.375 -0.24924
19.125 79.625 -0.010353
19.125 79.875 -0.28856
19.125 80.125 -0.37342
19.125 80.375 -0.074168
19.125 80.625 1.1219
19.125 80.875 1.5599
19.125 81.125 1.0668
19.125 81.375 0.67484
19.125 81.625 0.41811
19.125 81.875 -0.19424
19.125 82.125 0.9815
19.125 82.375 1.3175
19.125 82.625 -0.12655
19.125 82.875 0.8754
19.125 83.125 -0.068843
19.125 83.375 0.14847
19.125 83.625 -0.032208
19.125 83.875 -0.063287
19.125 84.125 0.7533
19.125 84.375 0.97219
19.125 84.625 1.4923
19.375 72.875 0.071006
19.375 73.125 -1.2623
19.375 73.375 0.39688
19.375 73.625 0.78823
19.375 73.875 0.24178
19.375 74.125 -0.13052
19.375 74.375 -0.86679
19.375 74.625 -1.1076
19.375 74.875 -1.9091
19.375 75.125 -1.3654
19.375 75.375 -1.1658
19.375 75.625 -1.6768
19.375 75.875 -1.9996
19.375 76.125 -1.6498
19.375 76.375 -1.4917
19.375 76.625 -1.5088
19.375 76.875 -1.4244
19.375 77.125 -1.2372
19.375 77.375 -1.8434
19.375 77.625 -1.6892
19.375 77.875 -1.3264
19.375 78.125 -1.2286
19.375 78.375 -1.3131
19.375 78.625 -1.0345
19.375 78.875 -0.60607
19.375 79.125 -0.36511
19.375 79.375 -0.054621
19.375 79.625 -0.17424
19.375 79.875 -0.39878
19.375 80.125 -0.19186
19.375 80.375 0.025111
19.375 80.625 0.80365
19.375 80.875 0.89931
19.375 81.125 0.67473
19.375 81.375 0.52947
19.375 81.625 0.41203
19.375 81.875 0.56967
19.375 82.125 0.63939
19.375 82.375 0.32875
19.375 82.625 -0.34155
19.375 82.875 0.92444
19.375 83.125 -0.25033
19.375 83.375 -0.5078
19.375 83.625 -0.413
19.375 83.875 -0.97864
19.375 84.125 0.69126
19.375 84.375 0.85058
19.375 84.625 1.0504
19.375 84.875 1.2296
19.625 72.875 0.15903
19.625 73.125 0.80794
19.625 73.375 0.70095
19.625 73.625 0.69244
19.625 73.875 0.39232
19.625 74.125 -0.25724
19.625 74.375 -1.0407
19.625 74.625 -1.3233
19.625 74.875 -1.3808
19.625 75.125 -1.3846
19.625 75.375 -1.4212
19.625 75.625 -1.8054
19.625 75.875 -1.7632
19.625 76.125 -1.625
19.625 76.375 -1.4094
19.625 76.625 -1.6579
19.625 76.875 -1.7863
19.625 77.125 -1.3827
19.625 77.375 -1.1681
19.625 77.625 -1.1214
19.625 77.875 -1.3599
19.625 78.125 -1.461
19.625 78.375 -1.4971
19.625 78.625 -0.77682
19.625 78.875 -0.84886
19.625 79.125 -1.1025
19.625 79.375 -1.63
19.625 79.625 -1.2359
19.625 79.875 -0.94283
19.625 80.125 -0.51252
19.625 80.375 -0.38429
19.625 80.625 0.41494
19.625 80.875 0.79234
19.625 81.125 0.67824
19.625 81.375 0.2825
19.625 81.625 0.50502
19.625 81.875 0.86635
19.625 82.125 0.36267
19.625 82.375 0.21897
19.625 82.625 0.11246
19.625 82.875 -0.080917
19.625 83.125 -0.18808
19.625 83.375 0.68217
19.625 83.625 0.99686
19.625 83.875 1.1209
19.625 84.125 1.0623
19.625 84.375 0.84075
19.625 84.625 1.5348
19.625 84.875 0.85085
19.625 85.125 0.56528
19.625 85.375 0.9596
19.875 72.875 1.2089
19.875 73.125 0.62913
19.875 73.375 0.81949
19.875 73.625 1.5598
19.875 73.875 0.83187
19.875 74.125 -0.45425
19.875 74.375 -0.79391
19.875 74.625 -0.81023
19.875 74.875 -0.2063
19.875 75.125 -1.2797
19.875 75.375 -1.5321
19.875 75.625 -1.6919
19.875 75.875 -0.94156
19.875 76.125 -1.2222
19.875 76.375 -0.97444
19.875 76.625 -1.6044
19.875 76.875 -1.2385
19.875 77.125 -1.1547
19.875 77.375 -1.0851
19.875 77.625 -0.94888
19.875 77.875 -1.5128
19.875 78.125 -1.6943
19.875 78.375 -1.8147
19.875 78.625 -1.1595
19.875 78.875 -0.91524
19.875 79.125 -1.0618
19.875 79.375 -2.0335
19.875 79.625 -1.4817
19.875 79.875 -1.1004
19.875 80.125 -0.72155
19.875 80.375 -0.71926
19.875 80.625 -0.28438
19.875 80.875 0.27177
19.875 81.125 0.57357
19.875 81.375 -0.85238
19.875 81.625 0.50487
19.875 81.875 1.5555
19.875 82.125 0.30062
19.875 82.375 0.019712
19.875 82.625 0.14739
19.875 82.875 0.12104
19.875 83.125 0.44308
19.875 83.375 0.952
19.875 83.625 1.0583
19.875 83.875 1.1213
19.875 84.125 1.5407
19.875 84.375 1.1602
19.875 84.625 1.4779
19.875 84.875 1.0256
19.875 85.125 0.72372
19.875 85.375 1.2183
NaN NaN NaN
NaN NaN NaN
NaN NaN NaN
20.125 72.875 1.4206
20.125 73.125 1.3074
20.125 73.375 -0.44713
20.125 73.625 2.1369
20.125 73.875 1.5911
20.125 74.125 1.9991
20.125 74.375 -0.0089792
20.125 74.625 -0.46594
20.125 74.875 -0.5413
20.125 75.125 -0.92387
20.125 75.375 -1.0201
20.125 75.625 -1.3946
20.125 75.875 -1.4872
20.125 76.125 -1.6933
20.125 76.375 -1.9861
20.125 76.625 -1.5551
20.125 76.875 -1.2369
20.125 77.125 -1.5051
20.125 77.375 -1.3193
20.125 77.625 -1.1526
20.125 77.875 -1.7686
20.125 78.125 -1.8684
20.125 78.375 -1.782
20.125 78.625 -1.3552
20.125 78.875 -1.1938
20.125 79.125 -1.4637
20.125 79.375 -1.5648
20.125 79.625 -0.88951
20.125 79.875 -0.52353
20.125 80.125 -0.5051
20.125 80.375 -1.024
20.125 80.625 -0.65656
20.125 80.875 -0.37823
20.125 81.125 -0.057178
20.125 81.375 0.24583
20.125 81.625 0.81401
20.125 81.875 1.6976
20.125 82.125 1.3309
20.125 82.375 0.19739
20.125 82.625 0.4597
20.125 82.875 1.0727
20.125 83.125 0.97735
20.125 83.375 1.3293
20.125 83.625 1.3863
20.125 83.875 1.5994
20.125 84.125 1.8996
20.125 84.375 1.0071
20.125 84.625 1.6896
20.125 84.875 1.4009
20.125 85.125 1.6604
20.125 85.375 1.0341
20.125 85.625 0.82405
20.125 85.875 0.27662
20.125 86.125 1.3422
NaN NaN NaN
20.375 73.125 1.4654
20.375 73.375 0.86317
20.375 73.625 1.1089
20.375 73.875 -0.33093
20.375 74.125 0.062996
20.375 74.375 -0.78284
20.375 74.625 -1.2852
20.375 74.875 -0.82174
20.375 75.125 0.078841
20.375 75.375 0.5428
20.375 75.625 -0.87179
20.375 75.875 -0.9239
20.375 76.125 -1.1959
20.375 76.375 -1.7205
20.375 76.625 -1.5088
20.375 76.875 -1.8774
20.375 77.125 -2.0105
20.375 77.375 -1.7558
20.375 77.625 -0.14372
20.375 77.875 -1.8337
20.375 78.125 -1.7114
20.375 78.375 -1.6035
20.375 78.625 -1.6023
20.375 78.875 -1.4994
20.375 79.125 -1.1665
20.375 79.375 -0.84943
20.375 79.625 -0.75205
20.375 79.875 -0.63462
20.375 80.125 -0.49656
20.375 80.375 -1.0306
20.375 80.625 -0.42206
20.375 80.875 0.076286
20.375 81.125 0.26526
20.375 81.375 0.30047
20.375 81.625 0.86112
20.375 81.875 1.5367
20.375 82.125 1.5737
20.375 82.375 1.5529
20.375 82.625 1.5916
20.375 82.875 1.3669
20.375 83.125 1.5235
20.375 83.375 1.8068
20.375 83.625 1.6962
20.375 83.875 1.3958
20.375 84.125 1.4622
20.375 84.375 -0.58607
20.375 84.625 1.0797
20.375 84.875 1.7558
20.375 85.125 1.3063
20.375 85.375 1.3432
20.375 85.625 1.742
20.375 85.875 1.3199
20.375 86.125 1.5294
20.375 86.375 1.3876
NaN NaN NaN
20.625 73.125 1.271
20.625 73.375 0.9145
20.625 73.625 1.3268
20.625 73.875 2.0832
20.625 74.125 -0.25674
20.625 74.375 -0.97797
20.625 74.625 -0.55037
20.625 74.875 0.30962
20.625 75.125 -0.36821
20.625 75.375 0.015307
20.625 75.625 -0.62403
20.625 75.875 -1.7889
20.625 76.125 -0.70957
20.625 76.375 -1.4943
20.625 76.625 -1.8441
20.625 76.875 -1.9476
20.625 77.125 -1.6693
20.625 77.375 -1.6864
20.625 77.625 -1.0334
20.625 77.875 -1.4315
20.625 78.125 -0.91352
20.625 78.375 -1.2595
20.625 78.625 -1.448
20.625 78.875 -1.6856
20.625 79.125 -1.404
20.625 79.375 -1.2076
20.625 79.625 -0.50248
20.625 79.875 -0.44977
20.625 80.125 -0.20108
20.625 80.375 -0.433
20.625 80.625 0.51811
20.625 80.875 0.99606
20.625 81.125 0.64999
20.625 81.375 0.88202
20.625 81.625 0.95694
20.625 81.875 1.7999
20.625 82.125 1.6656
20.625 82.375 1.4019
20.625 82.625 1.4072
20.625 82.875 1.3646
20.625 83.125 1.3045
20.625 83.375 1.9548
20.625 83.625 2.0475
20.625 83.875 1.2206
20.625 84.125 1.2529
20.625 84.375 1.0491
20.625 84.625 0.86932
20.625 84.875 1.1708
20.625 85.125 2.0687
20.625 85.375 2.0312
20.625 85.625 0.41798
20.625 85.875 1.2469
20.625 86.125 1.6579
20.625 86.375 2.0323
20.625 86.625 1.8026
NaN NaN NaN
20.875 70.625 0.28383
20.875 70.875 0.49034
20.875 71.125 0.23299
20.875 71.375 1.3501
20.875 72.875 1.159
20.875 73.125 1.1368
20.875 73.375 0.33748
20.875 73.625 1.4949
20.875 73.875 1.8253
20.875 74.125 -0.0020888
20.875 74.375 -0.43647
20.875 74.625 -0.53034
20.875 74.875 -0.22434
20.875 75.125 -1.3097
20.875 75.375 -1.3675
20.875 75.625 -1.3933
20.875 75.875 -1.2984
20.875 76.125 -0.85336
20.875 76.375 -1.458
20.875 76.625 -1.2026
20.875 76.875 -1.7655
20.875 77.125 -1.8962
20.875 77.375 -1.9515
20.875 77.625 -1.7573
20.875 77.875 -1.5137
20.875 78.125 -1.3779
20.875 78.375 -1.3999
20.875 78.625 -1.7857
20.875 78.875 -1.624
20.875 79.125 -1.8534
20.875 79.375 -1.5305
20.875 79.625 -0.7198
20.875 79.875 -0.10289
20.875 80.125 -0.018203
20.875 80.375 -0.7299
20.875 80.625 0.15936
20.875 80.875 0.78736
20.875 81.125 0.66799
20.875 81.375 0.058288
20.875 81.625 1.6111
20.875 81.875 1.1391
20.875 82.125 0.81292
20.875 82.375 1.8103
20.875 82.625 1.644
20.875 82.875 1.3935
20.875 83.125 1.5863
20.875 83.375 1.2767
20.875 83.625 1.9199
20.875 83.875 1.7861
20.875 84.125 1.2588
20.875 84.375 1.7421
20.875 84.625 1.4449
20.875 84.875 0.8315
20.875 85.125 2.2112
20.875 85.375 1.4142
20.875 85.625 1.4098
20.875 85.875 1.9774
20.875 86.125 2.0583
20.875 86.375 1.8154
20.875 86.625 1.6789
21.125 70.375 0.025437
21.125 70.625 -0.016348
21.125 70.875 -0.019682
21.125 71.125 1.2106
21.125 71.375 0.87145
NaN NaN NaN
NaN NaN NaN
21.125 72.875 -0.8548
21.125 73.125 -0.58608
21.125 73.375 0.83812
21.125 73.625 -0.97435
21.125 73.875 -0.89615
21.125 74.125 -1.1198
21.125 74.375 -0.81012
21.125 74.625 -0.48648
21.125 74.875 -0.10307
21.125 75.125 -0.93923
21.125 75.375 -1.0677
21.125 75.625 0.63065
21.125 75.875 0.35492
21.125 76.125 -0.185
21.125 76.375 -1.5358
21.125 76.625 -1.1342
21.125 76.875 -1.5502
21.125 77.125 -1.2147
21.125 77.375 -1.3834
21.125 77.625 -1.2462
21.125 77.875 -1.035
21.125 78.125 -1.6106
21.125 78.375 -1.6044
21.125 78.625 -1.5786
21.125 78.875 -1.1036
21.125 79.125 -1.2317
21.125 79.375 -1.7108
21.125 79.625 0.14968
21.125 79.875 1.0651
21.125 80.125 0.63534
21.125 80.375 -0.64039
21.125 80.625 -0.26211
21.125 80.875 0.6176
21.125 81.125 0.10889
21.125 81.375 1.3962
21.125 81.625 0.41127
21.125 81.875 0.65584
21.125 82.125 1.1867
21.125 82.375 0.9806
21.125 82.625 1.329
21.125 82.875 0.69749
21.125 83.125 0.95623
21.125 83.375 1.6311
21.125 83.625 1.6839
21.125 83.875 1.9841
21.125 84.125 2.0365
21.125 84.375 1.7537
21.125 84.625 2.1433
21.125 84.875 2.0826
21.125 85.125 1.8712
21.125 85.375 1.4254
21.125 85.625 1.6894
21.125 85.875 1.9801
21.125 86.125 1.5578
21.125 86.375 1.4248
21.125 86.625 1.6249
21.375 70.125 -0.75051
21.375 70.375 -0.82071
21.375 70.625 0.42624
21.375 70.875 0.47108
21.375 71.125 0.71396
21.375 71.375 0.29989
21.375 71.625 0.051053
21.375 71.875 -0.031543
21.375 72.875 0.47276
21.375 73.125 1.899
21.375 73.375 1.3831
21.375 73.625 -0.30655
21.375 73.875 -1.3124
21.375 74.125 -1.4073
21.375 74.375 -1.6093
21.375 74.625 -0.93987
21.375 74.875 -0.0082035
21.375 75.125 -0.61419
21.375 75.375 -0.84897
21.375 75.625 0.015547
21.375 75.875 -0.43208
21.375 76.125 0.53414
21.375 76.375 -1.1703
21.375 76.625 -0.97296
21.375 76.875 -1.1637
21.375 77.125 -1.1852
21.375 77.375 -1.1247
21.375 77.625 -1.1851
21.375 77.875 -1.0142
21.375 78.125 -0.94663
21.375 78.375 -1.3833
21.375 78.625 -1.4077
21.375 78.875 -0.97984
21.375 79.125 -1.2396
21.375 79.375 -1.0245
21.375 79.625 0.16091
21.375 79.875 -0.178
21.375 80.125 -0.6442
21.375 80.375 -0.89036
21.375 80.625 -0.95709
21.375 80.875 -1.3991
21.375 81.125 -0.55217
21.375 81.375 1.0002
21.375 81.625 1.1132
21.375 81.875 1.2688
21.375 82.125 0.97906
21.375 82.375 1.0661
21.375 82.625 0.65585
21.375 82.875 0.66921
21.375 83.125 1.0755
21.375 83.375 1.5154
21.375 83.625 1.2741
21.375 83.875 1.8238
21.375 84.125 1.8042
21.375 84.375 1.9075
21.375 84.625 1.9934
21.375 84.875 1.6006
21.375 85.125 1.342
21.375 85.375 1.4816
21.375 85.625 0.83206
21.375 85.875 1.2483
21.375 86.125 1.8614
21.375 86.375 1.8573
21.375 86.625 1.5083
21.375 86.875 1.4251
21.625 69.875 -0.32305
21.625 70.125 -1.1532
21.625 70.375 0.019092
21.625 70.625 0.57363
21.625 70.875 0.45632
21.625 71.125 -0.0071544
21.625 71.375 0.56229
21.625 71.625 0.69452
21.625 71.875 0.092727
21.625 72.125 0.060777
21.625 72.875 0.31925
21.625 73.125 0.78137
21.625 73.375 -0.012605
21.625 73.625 -1.0054
21.625 73.875 -1.5406
21.625 74.125 -1.1692
21.625 74.375 -1.1662
21.625 74.625 -1.415
21.625 74.875 -0.50828
21.625 75.125 -0.28095
21.625 75.375 -0.19214
21.625 75.625 -0.69886
21.625 75.875 -0.99575
21.625 76.125 -0.31316
21.625 76.375 -1.3136
21.625 76.625 -1.516
21.625 76.875 -1.3884
21.625 77.125 -0.93126
21.625 77.375 -0.58667
21.625 77.625 -1.4911
21.625 77.875 -0.28928
21.625 78.125 -0.2769
21.625 78.375 -0.98348
21.625 78.625 -1.4992
21.625 78.875 -1.5089
21.625 79.125 -1.9153
21.625 79.375 -1.5395
21.625 79.625 0.28098
21.625 79.875 0.25647
21.625 80.125 -0.059473
21.625 80.375 0.27904
21.625 80.625 -1.4289
21.625 80.875 -0.92706
21.625 81.125 -1.4499
21.625 81.375 -0.66993
21.625 81.625 0.57473
21.625 81.875 1.2705
21.625 82.125 1.7072
21.625 82.375 0.66956
21.625 82.625 0.3048
21.625 82.875 -0.59776
21.625 83.125 0.46279
21.625 83.375 0.59318
21.625 83.625 1.6715
21.625 83.875 1.3906
21.625 84.125 1.7443
21.625 84.375 1.9714
21.625 84.625 1.7819
21.625 84.875 1.6847
21.625 85.125 1.2419
21.625 85.375 1.5421
21.625 85.625 1.8798
21.625 85.875 1.9063
21.625 86.125 1.8596
21.625 86.375 1.8944
21.625 86.625 1.132
21.625 86.875 0.81636
21.625 87.125 0.8333
NaN NaN NaN
NaN NaN NaN
21.875 69.625 -1.3901
21.875 69.875 -0.51672
21.875 70.125 -1.0746
21.875 70.375 0.60128
21.875 70.625 0.92654
21.875 70.875 0.17861
21.875 71.125 -0.81811
21.875 71.375 0.22625
21.875 71.625 1.3342
21.875 71.875 0.11292
21.875 72.125 0.19065
NaN NaN NaN
21.875 72.875 -1.3452
21.875 73.125 -0.11154
21.875 73.375 -0.74358
21.875 73.625 -1.0117
21.875 73.875 -1.3601
21.875 74.125 -1.8913
21.875 74.375 -1.5977
21.875 74.625 -0.83544
21.875 74.875 -0.3912
21.875 75.125 -0.72559
21.875 75.375 0.066689
21.875 75.625 0.032342
21.875 75.875 -0.84283
21.875 76.125 -0.5945
21.875 76.375 -1.1834
21.875 76.625 -1.1956
21.875 76.875 -1.1208
21.875 77.125 -0.83
21.875 77.375 -0.28777
21.875 77.625 -1.2376
21.875 77.875 -1.1505
21.875 78.125 -0.6162
21.875 78.375 -0.25473
21.875 78.625 -0.64022
21.875 78.875 -0.46892
21.875 79.125 -0.96639
21.875 79.375 -0.83322
21.875 79.625 0.15643
21.875 79.875 0.083632
21.875 80.125 1.2194
21.875 80.375 1.3587
21.875 80.625 0.46134
21.875 80.875 -0.58407
21.875 81.125 -1.4245
21.875 81.375 -0.026315
21.875 81.625 0.80919
21.875 81.875 0.52229
21.875 82.125 1.9509
21.875 82.375 0.072017
21.875 82.625 -1.3379
21.875 82.875 -1.388
21.875 83.125 -0.61188
21.875 83.375 0.53169
21.875 83.625 0.15685
21.875 83.875 1.805
21.875 84.125 1.9072
21.875 84.375 2.1474
21.875 84.625 1.902
21.875 84.875 1.9747
21.875 85.125 2.2582
21.875 85.375 1.9372
21.875 85.625 1.9494
21.875 85.875 2.0641
21.875 86.125 1.8588
21.875 86.375 1.9862
21.875 86.625 1.129
21.875 86.875 1.051
21.875 87.125 1.0111
21.875 87.375 1.0802
21.875 87.625 1.6937
21.875 87.875 1.395
21.875 88.375 0.78574
NaN NaN NaN
NaN NaN NaN
22.125 69.125 -1.4065
22.125 69.375 -1.9052
22.125 69.625 -1.6689
22.125 69.875 -1.0908
22.125 70.125 -1.4215
22.125 70.375 -0.61586
22.125 70.625 -0.000871
22.125 70.875 0.81441
22.125 71.125 -0.94836
22.125 71.375 1.0801
22.125 71.625 1.7095
22.125 71.875 0.044019
22.125 72.125 -0.10666
NaN NaN NaN
22.125 72.875 -0.67824
22.125 73.125 -1.4803
22.125 73.375 -1.2202
22.125 73.625 -0.91025
22.125 73.875 -1.3027
22.125 74.125 -1.2868
22.125 74.375 -1.7782
22.125 74.625 -1.6917
22.125 74.875 -0.74416
22.125 75.125 -0.6323
22.125 75.375 -1.218
22.125 75.625 -0.66996
22.125 75.875 -0.44825
22.125 76.125 -0.67108
22.125 76.375 -1.2536
22.125 76.625 -1.0953
22.125 76.875 -1.0284
22.125 77.125 -0.67236
22.125 77.375 -0.77607
22.125 77.625 -1.3736
22.125 77.875 -1.0331
22.125 78.125 -0.95233
22.125 78.375 -1.0598
22.125 78.625 -0.25939
22.125 78.875 0.20398
22.125 79.125 -0.58481
22.125 79.375 -1.0093
22.125 79.625 -0.48806
22.125 79.875 0.4978
22.125 80.125 1.2092
22.125 80.375 0.96961
22.125 80.625 0.92684
22.125 80.875 -0.030033
22.125 81.125 -1.4279
22.125 81.375 1.9903
22.125 81.625 -0.20248
22.125 81.875 0.99197
22.125 82.125 1.297
22.125 82.375 1.5617
22.125 82.625 -1.4344
22.125 82.875 -1.3975
22.125 83.125 -0.45034
22.125 83.375 0.52742
22.125 83.625 1.4407
22.125 83.875 1.2895
22.125 84.125 1.9352
22.125 84.375 2.1683
22.125 84.625 2.3039
22.125 84.875 2.302
22.125 85.125 2.1449
22.125 85.375 1.8846
22.125 85.625 0.95625
22.125 85.875 1.3535
22.125 86.125 1.8592
22.125 86.375 1.7105
22.125 86.625 0.87944
22.125 86.875 1.0402
22.125 87.125 1.0679
22.125 87.375 0.30984
22.125 87.625 0.55554
22.125 87.875 0.85972
22.125 88.125 1.1451
22.125 88.375 0.95482
NaN NaN NaN
22.375 69.125 -0.69456
22.375 69.875 -0.35461
22.375 70.125 -0.54754
22.375 70.375 -0.64236
22.375 70.625 0.5758
22.375 70.875 1.0764
22.375 71.125 1.0793
22.375 71.375 0.89787
22.375 71.625 0.67132
22.375 71.875 1.2435
22.375 72.125 0.95897
NaN NaN NaN
22.375 72.875 -1.1585
22.375 73.125 -0.66118
22.375 73.375 -0.65231
22.375 73.625 -0.18643
22.375 73.875 -0.7387
22.375 74.125 -1.4078
22.375 74.375 -1.4265
22.375 74.625 -1.566
22.375 74.875 -1.3356
22.375 75.125 -1.166
22.375 75.375 -0.85179
22.375 75.625 -1.101
22.375 75.875 -0.19106
22.375 76.125 -0.25414
22.375 76.375 -0.48359
22.375 76.625 0.37321
22.375 76.875 -0.68613
22.375 77.125 -0.68482
22.375 77.375 -0.98062
22.375 77.625 -1.0044
22.375 77.875 -0.285
22.375 78.125 -0.4393
22.375 78.375 -0.74552
22.375 78.625 -0.63753
22.375 78.875 0.011305
22.375 79.125 0.013689
22.375 79.375 0.039289
22.375 79.625 0.061291
22.375 79.875 0.67121
22.375 80.125 0.64979
22.375 80.375 0.66348
22.375 80.625 0.86706
22.375 80.875 0.72278
22.375 81.125 0.99254
22.375 81.375 1.7948
22.375 81.625 0.52251
22.375 81.875 0.69037
22.375 82.125 -0.54041
22.375 82.375 0.70217
22.375 82.625 -1.1609
22.375 82.875 -1.3363
22.375 83.125 -1.1758
22.375 83.375 -1.4857
22.375 83.625 -1.7
22.375 83.875 0.78931
22.375 84.125 1.1169
22.375 84.375 1.8684
22.375 84.625 2.2714
22.375 84.875 2.0881
22.375 85.125 1.6642
22.375 85.375 1.5828
22.375 85.625 1.3442
22.375 85.875 0.86126
22.375 86.125 1.4556
22.375 86.375 1.1185
22.375 86.625 0.52228
22.375 86.875 0.96305
22.375 87.125 1.09
22.375 87.375 -0.036734
22.375 87.625 -0.16872
22.375 87.875 0.76924
22.375 88.125 -0.3269
22.375 88.375 0.17243
22.375 88.625 0.26751
22.375 88.875 0.22575
NaN NaN NaN
22.625 70.375 -0.16929
22.625 70.625 1.0896
22.625 70.875 1.0864
22.625 71.125 0.55473
22.625 71.375 0.63956
22.625 71.625 0.51503
22.625 71.875 0.25243
22.625 72.125 0.22357
22.625 72.375 1.0052
22.625 72.625 1.5866
22.625 72.875 -0.39794
22.625 73.125 -0.71626
22.625 73.375 -0.060063
22.625 73.625 -0.98509
22.625 73.875 -0.92
22.625 74.125 -0.93997
22.625 74.375 -0.83393
22.625 74.625 -1.1759
22.625 74.875 -1.2774
22.625 75.125 -1.1662
22.625 75.375 -0.79301
22.625 75.625 -1.0768
22.625 75.875 -0.48229
22.625 76.125 -0.34021
22.625 76.375 -0.46634
22.625 76.625 0.2907
22.625 76.875 0.12423
22.625 77.125 -0.48138
22.625 77.375 -1.2466
22.625 77.625 -1.0122
22.625 77.875 0.18906
22.625 78.125 0.044936
22.625 78.375 -0.22136
22.625 78.625 0.23127
22.625 78.875 0.22049
22.625 79.125 0.26089
22.625 79.375 0.22445
22.625 79.625 0.16292
22.625 79.875 0.51166
22.625 80.125 0.27966
22.625 80.375 -0.22635
22.625 80.625 -0.050866
22.625 80.875 0.20478
22.625 81.125 1.0795
22.625 81.375 1.5841
22.625 81.625 1.0255
22.625 81.875 0.6312
22.625 82.125 -0.42368
22.625 82.375 -1.5423
22.625 82.625 -1.3801
22.625 82.875 -1.7895
22.625 83.125 -2.1349
22.625 83.375 -0.24748
22.625 83.625 -0.022155
22.625 83.875 -1.6924
22.625 84.125 0.36478
22.625 84.375 0.68853
22.625 84.625 1.409
22.625 84.875 1.8003
22.625 85.125 1.2948
22.625 85.375 1.1724
22.625 85.625 1.7447
22.625 85.875 1.0675
22.625 86.125 1.1659
22.625 86.375 0.71749
22.625 86.625 0.1179
22.625 86.875 0.54999
22.625 87.125 0.93284
22.625 87.375 0.43553
22.625 87.625 0.60629
22.625 87.875 0.51578
22.625 88.125 0.89117
22.625 88.375 0.063826
22.625 88.625 0.083544
22.625 88.875 0.14665
22.625 92.625 -0.16685
22.625 92.875 1.6919
NaN NaN NaN
NaN NaN NaN
NaN NaN NaN
22.875 70.625 1.3961
22.875 70.875 1.0544
22.875 71.125 0.40512
22.875 71.375 0.40845
22.875 71.625 0.64555
22.875 71.875 0.61608
22.875 72.125 -0.38964
22.875 72.375 0.23808
22.875 72.625 0.66054
22.875 72.875 -0.086345
22.875 73.125 0.4365
22.875 73.375 -0.016866
22.875 73.625 -0.84005
22.875 73.875 -1.3955
22.875 74.125 -1.0148
22.875 74.375 -0.92006
22.875 74.625 -1.1338
22.875 74.875 -0.99047
22.875 75.125 -0.73709
22.875 75.375 -0.12872
22.875 75.625 -0.60447
22.875 75.875 -0.77753
22.875 76.125 -0.65705
22.875 76.375 -0.44833
22.875 76.625 -0.55691
22.875 76.875 -0.61546
22.875 77.125 -0.17459
22.875 77.375 -1.9744
22.875 77.625 -1.3928
22.875 77.875 -0.55175
22.875 78.125 0.24452
22.875 78.375 0.059238
22.875 78.625 0.20607
22.875 78.875 0.5946
22.875 79.125 0.30205
22.875 79.375 -0.49283
22.875 79.625 -0.78095
22.875 79.875 0.7909
22.875 80.125 0.3742
22.875 80.375 -0.10779
22.875 80.625 -0.02461
22.875 80.875 0.45585
22.875 81.125 1.0298
22.875 81.375 -0.12441
22.875 81.625 -0.1503
22.875 81.875 -0.17561
22.875 82.125 -0.69981
22.875 82.375 -0.62719
22.875 82.625 -1.1428
22.875 82.875 -0.6978
22.875 83.125 -1.9877
22.875 83.375 -0.1826
22.875 83.625 1.217
22.875 83.875 -0.49596
22.875 84.125 -1.0514
22.875 84.375 -0.54888
22.875 84.625 1.4647
22.875 84.875 1.4861
22.875 85.125 1.5867
22.875 85.375 1.7257
22.875 85.625 0.95795
22.875 85.875 0.71534
22.875 86.125 0.66188
22.875 86.375 0.6406
22.875 86.625 0.83995
22.875 86.875 0.76451
22.875 87.125 0.87511
22.875 87.375 0.89628
22.875 87.625 0.70901
22.875 87.875 -0.15368
22.875 88.125 0.50855
22.875 88.375 0.87965
22.875 88.625 0.81377
22.875 92.625 0.028371
22.875 92.875 1.3711
23.125 68.875 -0.40186
23.125 69.125 -0.13522
23.125 69.375 0.084748
23.125 69.625 0.1779
23.125 69.875 0.084881
23.125 70.125 0.09929
23.125 70.875 1.0153
23.125 71.125 0.63003
23.125 71.375 0.41277
23.125 71.625 0.76025
23.125 71.875 0.47369
23.125 72.125 1.4057
23.125 72.375 0.12446
23.125 72.625 0.084372
23.125 72.875 -0.23437
23.125 73.125 -0.60394
23.125 73.375 -0.038388
23.125 73.625 -0.2896
23.125 73.875 -1.4087
23.125 74.125 -1.1063
23.125 74.375 -0.97326
23.125 74.625 -1.2134
23.125 74.875 -0.73958
23.125 75.125 -0.53022
23.125 75.375 -1.1648
23.125 75.625 -0.73856
23.125 75.875 -0.62014
23.125 76.125 -0.61014
23.125 76.375 -0.25966
23.125 76.625 -0.55894
23.125 76.875 -0.10666
23.125 77.125 0.17275
23.125 77.375 -0.55951
23.125 77.625 -0.50787
23.125 77.875 -0.11842
23.125 78.125 -0.072342
23.125 78.375 -0.28915
23.125 78.625 -0.77011
23.125 78.875 -0.38365
23.125 79.125 0.071995
23.125 79.375 0.16611
23.125 79.625 -0.99747
23.125 79.875 -0.038469
23.125 80.125 0.20099
23.125 80.375 -0.19074
23.125 80.625 0.98957
23.125 80.875 1.4708
23.125 81.125 1.7957
23.125 81.375 1.8258
23.125 81.625 0.23572
23.125 81.875 0.24975
23.125 82.125 -0.97171
23.125 82.375 -0.54926
23.125 82.625 0.53676
23.125 82.875 -0.33358
23.125 83.125 -0.15074
23.125 83.375 1.9273
23.125 83.625 2.2483
23.125 83.875 1.8245
23.125 84.125 -0.51207
23.125 84.375 -0.75112
23.125 84.625 -0.68555
23.125 84.875 0.52278
23.125 85.125 0.93568
23.125 85.375 1.5527
23.125 85.625 0.91284
23.125 85.875 -0.43584
23.125 86.125 -0.31854
23.125 86.375 0.79261
23.125 86.625 0.70332
23.125 86.875 1.0892
23.125 87.125 0.8769
23.125 87.375 1.1036
23.125 87.625 0.015503
23.125 87.875 -1.0359
23.125 88.125 -0.43763
23.125 88.375 0.30419
23.125 88.625 0.57437
NaN NaN NaN
23.125 92.625 -0.052732
23.125 92.875 -0.14384
NaN NaN NaN
23.375 68.875 -0.2417
23.375 69.125 -0.19691
23.375 69.375 -0.078469
23.375 69.625 0.11916
23.375 69.875 0.10755
23.375 70.125 0.45535
23.375 70.375 0.98997
23.375 70.625 0.74382
23.375 70.875 0.75714
23.375 71.125 0.88395
23.375 71.375 0.44395
23.375 71.625 -0.04781
23.375 71.875 0.32563
23.375 72.125 -0.25417
23.375 72.375 -0.016518
23.375 72.625 -0.23377
23.375 72.875 -0.14431
23.375 73.125 -0.16455
23.375 73.375 -0.092517
23.375 73.625 -0.40845
23.375 73.875 -0.79132
23.375 74.125 -0.92829
23.375 74.375 -0.39021
23.375 74.625 -0.53508
23.375 74.875 -0.36538
23.375 75.125 -0.31364
23.375 75.375 -0.37112
23.375 75.625 -0.89335
23.375 75.875 -0.42921
23.375 76.125 0.54288
23.375 76.375 0.15828
23.375 76.625 -0.50612
23.375 76.875 -0.59776
23.375 77.125 -0.16216
23.375 77.375 -0.58917
23.375 77.625 -0.95822
23.375 77.875 0.20602
23.375 78.125 -0.15302
23.375 78.375 -0.48045
23.375 78.625 -0.55783
23.375 78.875 0.082862
23.375 79.125 -0.12356
23.375 79.375 -0.26714
23.375 79.625 0.82791
23.375 79.875 0.25072
23.375 80.125 -0.32446
23.375 80.375 0.58738
23.375 80.625 1.2113
23.375 80.875 1.663
23.375 81.125 1.9427
23.375 81.375 1.6119
23.375 81.625 1.056
23.375 81.875 0.20009
23.375 82.125 0.21669
23.375 82.375 1.9114
23.375 82.625 1.2405
23.375 82.875 0.66874
23.375 83.125 1.5977
23.375 83.375 1.9855
23.375 83.625 2.2711
23.375 83.875 1.9274
23.375 84.125 -1.1659
23.375 84.375 -0.5623
23.375 84.625 -0.9701
23.375 84.875 0.36179
23.375 85.125 0.93359
23.375 85.375 0.89667
23.375 85.625 1.3166
23.375 85.875 -0.10877
23.375 86.125 -0.044138
23.375 86.375 0.58657
23.375 86.625 0.85988
23.375 86.875 0.80561
23.375 87.125 0.67855
23.375 87.375 0.20782
23.375 87.625 -1.1415
23.375 87.875 -0.94591
23.375 88.125 -0.35276
23.375 88.375 -0.39303
23.375 88.625 -0.2012
23.375 91.375 -1.1497
23.375 91.625 -0.20386
23.375 92.625 -0.22146
23.375 92.875 -0.44247
23.375 93.125 -1.5166
23.625 68.625 -0.06423
23.625 68.875 -0.13247
23.625 69.125 -0.20846
23.625 69.375 -0.068505
23.625 69.625 -0.021154
23.625 69.875 0.21567
23.625 70.125 0.67901
23.625 70.375 0.64486
23.625 70.625 0.39994
23.625 70.875 0.72949
23.625 71.125 0.77866
23.625 71.375 1.2213
23.625 71.625 -0.27332
23.625 71.875 -0.41363
23.625 72.125 -0.89923
23.625 72.375 -0.87006
23.625 72.625 -0.75564
23.625 72.875 -0.86061
23.625 73.125 -0.77993
23.625 73.375 -0.62796
23.625 73.625 -0.6219
23.625 73.875 -0.28643
23.625 74.125 0.11525
23.625 74.375 -0.00014156
23.625 74.625 -0.12647
23.625 74.875 -0.23045
23.625 75.125 -0.69628
23.625 75.375 0.15681
23.625 75.625 -0.32824
23.625 75.875 0.84545
23.625 76.125 1.2148
23.625 76.375 0.87583
23.625 76.625 -0.22216
23.625 76.875 -1.1713
23.625 77.125 -0.18419
23.625 77.375 -0.42549
23.625 77.625 -0.72618
23.625 77.875 -0.27128
23.625 78.125 -0.22534
23.625 78.375 -0.4872
23.625 78.625 0.029636
23.625 78.875 0.21537
23.625 79.125 0.043368
23.625 79.375 0.20431
23.625 79.625 0.2798
23.625 79.875 1.0821
23.625 80.125 -0.50298
23.625 80.375 0.46376
23.625 80.625 1.1786
23.625 80.875 1.6432
23.625 81.125 1.8751
23.625 81.375 1.4306
23.625 81.625 1.7811
23.625 81.875 1.3164
23.625 82.125 0.51957
23.625 82.375 1.7205
23.625 82.625 1.91
23.625 82.875 1.5434
23.625 83.125 1.4981
23.625 83.375 1.461
23.625 83.625 1.2571
23.625 83.875 0.5047
23.625 84.125 0.32356
23.625 84.375 0.73106
23.625 84.625 0.95239
23.625 84.875 1.0901
23.625 85.125 0.73665
23.625 85.375 0.71737
23.625 85.625 1.1954
23.625 85.875 1.4281
23.625 86.125 -1.7839
23.625 86.375 0.49275
23.625 86.625 1.2808
23.625 86.875 0.23418
23.625 87.125 0.43015
23.625 87.375 -0.93805
23.625 87.625 -0.40028
23.625 87.875 -1.9169
23.625 88.125 -1.1253
23.625 88.375 -0.971
23.625 91.375 -0.8572
23.625 91.625 -0.52092
NaN NaN NaN
23.625 92.375 -0.79653
23.625 92.625 -0.33506
23.625 92.875 -0.78781
23.625 93.125 -1.7867
23.875 68.875 -0.12461
23.875 69.125 -0.20842
23.875 69.375 -0.13701
23.875 69.625 -0.028244
23.875 69.875 0.47597
23.875 70.125 0.43785
23.875 70.375 0.47179
23.875 70.625 0.41848
23.875 70.875 0.70475
23.875 71.125 0.41266
23.875 71.375 1.0766
23.875 71.625 1.0488
23.875 71.875 -0.29141
23.875 72.125 -0.4471
23.875 72.375 -0.56348
23.875 72.625 -0.92219
23.875 72.875 -0.86055
23.875 73.125 -0.75993
23.875 73.375 -0.44997
23.875 73.625 0.023608
23.875 73.875 0.16143
23.875 74.125 -0.076239
23.875 74.375 0.056269
23.875 74.625 0.028276
23.875 74.875 0.2465
23.875 75.125 -0.043108
23.875 75.375 0.58744
23.875 75.625 0.24303
23.875 75.875 0.98633
23.875 76.125 1.419
23.875 76.375 0.8287
23.875 76.625 0.10787
23.875 76.875 0.57099
23.875 77.125 1.1422
23.875 77.375 0.91087
23.875 77.625 0.31811
23.875 77.875 0.45133
23.875 78.125 0.28349
23.875 78.375 -0.11898
23.875 78.625 -0.10197
23.875 78.875 0.19414
23.875 79.125 0.2381
23.875 79.375 0.92773
23.875 79.625 0.40533
23.875 79.875 0.046741
23.875 80.125 0.26518
23.875 80.375 -0.0073619
23.875 80.625 0.83914
23.875 80.875 1.4096
23.875 81.125 1.0325
23.875 81.375 1.3604
23.875 81.625 2.01
23.875 81.875 1.8053
23.875 82.125 0.64646
23.875 82.375 1.4257
23.875 82.625 1.1811
23.875 82.875 0.94176
23.875 83.125 0.091608
23.875 83.375 0.099416
23.875 83.625 0.38495
23.875 83.875 0.62968
23.875 84.125 0.14878
23.875 84.375 -0.026517
23.875 84.625 -0.46139
23.875 84.875 -0.47327
23.875 85.125 -1.2842
23.875 85.375 -0.77644
23.875 85.625 0.027387
23.875 85.875 -0.209
23.875 86.125 -0.26276
23.875 86.375 0.52973
23.875 86.625 0.35757
23.875 86.875 0.30745
23.875 87.125 0.61614
23.875 87.375 -0.46007
23.875 87.625 -1.482
23.875 87.875 -1.7299
23.875 88.125 -1.8851
23.875 88.375 -1.8531
23.875 91.375 -0.49642
23.875 91.625 0.026135
23.875 91.875 0.71164
23.875 92.125 -0.11103
23.875 92.375 -0.29376
23.875 92.625 -0.25542
23.875 92.875 -1.5608
23.875 93.125 -2.1077
23.875 93.375 -2.0323
24.125 68.875 -0.12146
24.125 69.125 -0.17582
24.125 69.375 -0.14631
24.125 69.625 0.15969
24.125 69.875 0.60425
24.125 70.125 0.47138
24.125 70.375 0.4196
24.125 70.625 0.14693
24.125 70.875 0.17273
24.125 71.125 0.25117
24.125 71.375 -0.065318
24.125 71.625 -0.29154
24.125 71.875 -0.56239
24.125 72.125 -0.30143
24.125 72.375 -0.37412
24.125 72.625 -0.21152
24.125 72.875 -0.27202
24.125 73.125 -0.82346
24.125 73.375 -0.89455
24.125 73.625 0.32528
24.125 73.875 0.11299
24.125 74.125 -0.23869
24.125 74.375 -0.071718
24.125 74.625 0.50096
24.125 74.875 0.096621
24.125 75.125 -0.75189
24.125 75.375 0.59722
24.125 75.625 0.81901
24.125 75.875 0.83822
24.125 76.125 0.37294
24.125 76.375 0.66191
24.125 76.625 0.61812
24.125 76.875 0.92876
24.125 77.125 0.72527
24.125 77.375 0.9899
24.125 77.625 0.77803
24.125 77.875 1.4297
24.125 78.125 0.8663
24.125 78.375 0.65822
24.125 78.625 -0.11609
24.125 78.875 -0.21844
24.125 79.125 -0.05998
24.125 79.375 0.67687
24.125 79.625 0.099052
24.125 79.875 0.89887
24.125 80.125 0.73724
24.125 80.375 0.10008
24.125 80.625 1.1153
24.125 80.875 1.2634
24.125 81.125 0.31394
24.125 81.375 1.162
24.125 81.625 1.3863
24.125 81.875 1.2995
24.125 82.125 1.3945
24.125 82.375 1.1257
24.125 82.625 0.5221
24.125 82.875 -0.15007
24.125 83.125 -0.040227
24.125 83.375 -1.0275
24.125 83.625 -0.87318
24.125 83.875 0.040355
24.125 84.125 0.083577
24.125 84.375 -0.30177
24.125 84.625 -0.55654
24.125 84.875 -1.1378
24.125 85.125 -1.4009
24.125 85.375 -0.83037
24.125 85.625 -1.3514
24.125 85.875 -0.57496
24.125 86.125 -0.27749
24.125 86.375 -1.0063
24.125 86.625 -0.2617
24.125 86.875 -0.29478
24.125 87.125 -0.43929
24.125 87.375 -0.015956
24.125 87.625 -0.66275
24.125 87.875 -0.82188
24.125 88.125 -1.5171
24.125 88.375 -1.9392
24.125 91.875 1.3138
24.125 92.125 0.7552
24.125 92.375 0.31215
24.125 92.625 -0.0036376
24.125 92.875 -1.4555
24.125 93.125 -2.2697
24.125 93.375 -2.1063
24.125 93.625 -1.8934
24.125 93.875 -1.7922
NaN NaN NaN
24.375 71.375 -0.36631
24.375 71.625 -0.31666
24.375 71.875 -0.81174
24.375 72.125 -0.26438
24.375 72.375 -0.53605
24.375 72.625 -0.012709
24.375 72.875 -0.55792
24.375 73.125 -0.83965
24.375 73.375 -1.4364
24.375 73.625 -1.1958
24.375 73.875 -0.77424
24.375 74.125 -0.60001
24.375 74.375 -0.070206
24.375 74.625 -0.19401
24.375 74.875 -0.80619
24.375 75.125 -0.5704
24.375 75.375 0.35197
24.375 75.625 0.48797
24.375 75.875 0.90051
24.375 76.125 -0.74417
24.375 76.375 0.3468
24.375 76.625 0.83552
24.375 76.875 1.0209
24.375 77.125 0.63039
24.375 77.375 0.80521
24.375 77.625 0.91493
24.375 77.875 1.5515
24.375 78.125 1.4454
24.375 78.375 0.75951
24.375 78.625 -0.39314
24.375 78.875 0.35234
24.375 79.125 0.25298
24.375 79.375 0.30297
24.375 79.625 0.70158
24.375 79.875 0.78608
24.375 80.125 0.61646
24.375 80.375 1.4082
24.375 80.625 1.4553
24.375 80.875 0.74183
24.375 81.125 0.64961
24.375 81.375 1.0813
24.375 81.625 1.4772
24.375 81.875 1.8491
24.375 82.125 1.3089
24.375 82.375 1.0858
24.375 82.625 0.81918
24.375 82.875 0.52911
24.375 83.125 0.35231
24.375 83.375 -0.041118
24.375 83.625 -0.64559
24.375 83.875 0.026785
24.375 84.125 0.21415
24.375 84.375 0.47377
24.375 84.625 -0.94483
24.375 84.875 -0.66502
24.375 85.125 -0.38405
24.375 85.375 -0.44702
24.375 85.625 -0.7173
24.375 85.875 -1.1872
24.375 86.125 -1.2554
24.375 86.375 -1.0404
24.375 86.625 -0.45375
24.375 86.875 -0.34929
24.375 87.125 -1.1359
24.375 87.375 -2.0353
24.375 87.625 -1.4382
24.375 87.875 -1.383
24.375 88.125 -1.161
24.375 92.375 -0.60471
24.375 92.625 -0.93829
24.375 92.875 -1.9782
24.375 93.125 -2.3569
24.375 93.375 -2.07
24.375 93.625 -1.9335
24.375 93.875 -1.5678
24.375 94.125 -1.2314
24.625 71.125 -0.43695
24.625 71.375 -0.31966
24.625 71.625 -0.21286
24.625 71.875 -1.0245
24.625 72.125 -1.1421
24.625 72.375 -0.79277
24.625 72.625 -0.56995
24.625 72.875 -0.72604
24.625 73.125 -0.96469
24.625 73.375 -1.1933
24.625 73.625 -1.0156
24.625 73.875 -0.95293
24.625 74.125 -0.64793
24.625 74.375 -0.18029
24.625 74.625 -0.044482
24.625 74.875 -0.23386
24.625 75.125 -0.82942
24.625 75.375 -0.30374
24.625 75.625 0.052865
24.625 75.875 -0.083603
24.625 76.125 -0.10947
24.625 76.375 0.17443
24.625 76.625 0.2986
24.625 76.875 0.81732
24.625 77.125 0.66276
24.625 77.375 0.71407
24.625 77.625 -0.20834
24.625 77.875 0.5391
24.625 78.125 1.2561
24.625 78.375 0.63618
24.625 78.625 -0.019398
24.625 78.875 0.4285
24.625 79.125 0.39922
24.625 79.375 0.41585
24.625 79.625 0.90554
24.625 79.875 1.1613
24.625 80.125 1.1094
24.625 80.375 1.6366
24.625 80.625 1.8201
24.625 80.875 -0.33492
24.625 81.125 -0.22126
24.625 81.375 2.0563
24.625 81.625 2.1755
24.625 81.875 1.878
24.625 82.125 0.26077
24.625 82.375 0.5822
24.625 82.625 0.91241
24.625 82.875 0.81878
24.625 83.125 0.15938
24.625 83.375 -0.25324
24.625 83.625 0.19075
24.625 83.875 -0.29322
24.625 84.125 0.57758
24.625 84.375 0.57714
24.625 84.625 -1.1099
24.625 84.875 -0.40659
24.625 85.125 -0.29658
24.625 85.375 -0.39003
24.625 85.625 -1.8497
24.625 85.875 -0.68773
24.625 86.125 -0.79312
24.625 86.375 -0.070735
24.625 86.625 0.52394
24.625 86.875 -0.203
24.625 87.125 -1.9336
24.625 87.375 -2.1112
24.625 87.625 -1.6609
24.625 87.875 -1.2819
24.625 92.375 -0.66021
24.625 92.625 -0.96947
24.625 92.875 -1.5308
24.625 93.125 -1.3987
24.625 93.375 -1.0245
24.625 93.625 -1.7738
24.625 93.875 -0.9703
24.625 94.125 -0.77095
NaN NaN NaN
24.875 71.125 -0.061642
24.875 71.375 -0.46391
24.875 71.625 -0.66359
24.875 71.875 -1.1118
24.875 72.125 -0.8681
24.875 72.375 -1.1545
24.875 72.625 -1.1239
24.875 72.875 -1.4226
24.875 73.125 -1.896
24.875 73.375 -1.283
24.875 73.625 -1.3154
24.875 73.875 0.18133
24.875 74.125 -0.11265
24.875 74.375 0.19432
24.875 74.625 0.14204
24.875 74.875 -0.12275
24.875 75.125 -0.94883
24.875 75.375 -1.0452
24.875 75.625 -0.16761
24.875 75.875 0.17528
24.875 76.125 -0.17865
24.875 76.375 0.094329
24.875 76.625 0.36503
24.875 76.875 0.76061
24.875 77.125 1.1846
24.875 77.375 1.3105
24.875 77.625 0.47713
24.875 77.875 0.6803
24.875 78.125 1.2257
24.875 78.375 0.19515
24.875 78.625 -0.016016
24.875 78.875 1.3169
24.875 79.125 0.85786
24.875 79.375 0.82088
24.875 79.625 1.1304
24.875 79.875 1.6763
24.875 80.125 1.2576
24.875 80.375 1.4824
24.875 80.625 1.7896
24.875 80.875 0.44032
24.875 81.125 0.62222
24.875 81.375 0.35594
24.875 81.625 1.5348
24.875 81.875 1.0567
24.875 82.125 -0.18832
24.875 82.375 -0.20971
24.875 82.625 1.3958
24.875 82.875 -0.089479
24.875 83.125 -0.30387
24.875 83.375 -0.49967
24.875 83.625 0.30193
24.875 83.875 -0.37046
24.875 84.125 -0.40099
24.875 84.375 -1.0873
24.875 84.625 -1.2554
24.875 84.875 -0.77186
24.875 85.125 -0.22269
24.875 85.375 -1.1733
24.875 85.625 0.045577
24.875 85.875 0.049771
24.875 86.125 -0.54915
24.875 86.375 0.20048
24.875 86.625 -0.15292
24.875 86.875 -0.57868
24.875 87.125 -1.954
24.875 87.375 -1.3231
24.875 87.625 -0.58065
24.875 87.875 -0.56243
24.875 88.125 0.70577
24.875 92.625 -0.51073
24.875 92.875 -0.13373
24.875 93.125 1.1591
24.875 93.375 -1.6637
24.875 93.625 -0.9286
24.875 93.875 -0.21969
24.875 94.125 -0.52434
24.875 94.375 -0.38484
25.125 71.125 -0.071858
25.125 71.375 -0.40259
25.125 71.625 -0.75368
25.125 71.875 -1.4718
25.125 72.125 -1.1133
25.125 72.375 -0.97327
25.125 72.625 -1.2556
25.125 72.875 -1.5274
25.125 73.125 -1.4766
25.125 73.375 -1.3138
25.125 73.625 -0.61878
25.125 73.875 -0.65404
25.125 74.125 -0.39305
25.125 74.375 -0.44089
25.125 74.625 -0.31148
25.125 74.875 -0.15352
25.125 75.125 -0.6607
25.125 75.375 0.0089731
25.125 75.625 0.083172
25.125 75.875 -0.89151
25.125 76.125 -0.36223
25.125 76.375 -0.13722
25.125 76.625 0.48439
25.125 76.875 0.72216
25.125 77.125 0.97648
25.125 77.375 1.0586
25.125 77.625 1.1275
25.125 77.875 1.1084
25.125 78.125 1.4698
25.125 78.375 0.9148
25.125 78.625 0.39991
25.125 78.875 0.22714
25.125 79.125 0.78284
25.125 79.375 1.129
25.125 79.625 1.1131
25.125 79.875 1.3867
25.125 80.125 0.91413
25.125 80.375 1.3847
25.125 80.625 1.622
25.125 80.875 1.1957
25.125 81.125 -0.3503
25.125 81.375 0.94368
25.125 81.625 -0.22282
25.125 81.875 0.5686
25.125 82.125 0.20142
25.125 82.375 1.2025
25.125 82.625 1.1114
25.125 82.875 0.10448
25.125 83.125 -0.59494
25.125 83.375 -0.36344
25.125 83.625 0.16687
25.125 83.875 -0.21473
25.125 84.125 0.082301
25.125 84.375 -0.19743
25.125 84.625 -0.56949
25.125 84.875 -0.69528
25.125 85.125 -0.28046
25.125 85.375 -1.1031
25.125 85.625 0.79724
25.125 85.875 0.38724
25.125 86.125 -0.33703
25.125 86.375 -0.036019
25.125 86.625 0.51542
25.125 86.875 -0.66871
25.125 87.125 -0.5991
25.125 87.375 -0.95321
25.125 87.625 -0.60396
25.125 87.875 -0.026264
25.125 88.125 0.85466
25.125 88.375 0.86678
25.125 92.375 -0.84206
25.125 92.625 -0.55759
25.125 92.875 0.084409
25.125 93.125 1.0898
25.125 93.375 -1.0235
25.125 93.625 -0.78906
25.125 93.875 -0.42604
25.125 94.125 -0.47742
25.125 94.375 -0.32847
25.375 70.875 0.363
25.375 71.125 0.005973
25.375 71.375 -0.2085
25.375 71.625 -0.57145
25.375 71.875 -0.97396
25.375 72.125 -0.5708
25.375 72.375 -0.88561
25.375 72.625 -1.2278
25.375 72.875 -1.3469
25.375 73.125 -1.2514
25.375 73.375 -0.76599
25.375 73.625 0.095323
25.375 73.875 -0.50894
25.375 74.125 -0.39646
25.375 74.375 -0.51608
25.375 74.625 -0.4109
25.375 74.875 -0.025562
25.375 75.125 -0.26393
25.375 75.375 -0.0025798
25.375 75.625 0.46498
25.375 75.875 -0.12969
25.375 76.125 0.081122
25.375 76.375 0.13144
25.375 76.625 0.1745
25.375 76.875 0.66843
25.375 77.125 1.141
25.375 77.375 1.1232
25.375 77.625 1.3507
25.375 77.875 1.5469
25.375 78.125 1.1466
25.375 78.375 1.081
25.375 78.625 -0.55338
25.375 78.875 -1.0652
25.375 79.125 1.0034
25.375 79.375 1.9107
25.375 79.625 1.0969
25.375 79.875 1.2539
25.375 80.125 1.2766
25.375 80.375 1.5554
25.375 80.625 1.2536
25.375 80.875 -1.1443
25.375 81.125 -0.54562
25.375 81.375 1.335
25.375 81.625 1.7157
25.375 81.875 -0.46707
25.375 82.125 -0.93665
25.375 82.375 -1.2993
25.375 82.625 -1.208
25.375 82.875 -0.49177
25.375 83.125 -0.73698
25.375 83.375 0.85178
25.375 83.625 0.55848
25.375 83.875 1.0184
25.375 84.125 0.57827
25.375 84.375 -0.20901
25.375 84.625 -0.5589
25.375 84.875 0.21042
25.375 85.125 -0.39291
25.375 85.375 -1.2352
25.375 85.625 -0.17387
25.375 85.875 0.99393
25.375 86.125 1.5492
25.375 86.375 0.37517
25.375 86.625 0.35252
25.375 86.875 -0.028293
25.375 87.125 -0.72582
25.375 87.375 -0.40557
25.375 87.625 0.52922
25.375 87.875 0.41971
25.375 88.125 0.95429
25.375 88.375 0.26671
25.375 88.625 -0.56226
25.375 90.125 -0.32421
25.375 90.375 -0.66892
25.375 90.625 -0.159
25.375 90.875 -0.33784
25.375 91.125 0.157
25.375 91.375 -0.34507
25.375 91.625 -1.1122
25.375 91.875 -1.0279
25.375 92.125 -1.2294
25.375 92.375 -1.4496
25.375 92.625 -1.664
25.375 92.875 -0.464
25.375 93.125 -0.93081
25.375 93.375 -0.97138
25.375 93.625 -0.18491
25.375 93.875 -0.50883
25.375 94.125 -0.40249
25.375 94.375 0.16647
25.625 70.875 0.011618
25.625 71.125 -0.19725
25.625 71.375 -0.20383
25.625 71.625 -0.22599
25.625 71.875 -0.15902
25.625 72.125 -0.14084
25.625 72.375 -0.23565
25.625 72.625 -0.73146
25.625 72.875 -0.83719
25.625 73.125 -0.97093
25.625 73.375 -0.77217
25.625 73.625 -0.59126
25.625 73.875 -0.23857
25.625 74.125 0.1533
25.625 74.375 -0.4594
25.625 74.625 -0.089756
25.625 74.875 1.1634
25.625 75.125 -0.11638
25.625 75.375 0.13852
25.625 75.625 1.0217
25.625 75.875 0.64787
25.625 76.125 0.4172
25.625 76.375 0.10071
25.625 76.625 0.20298
25.625 76.875 1.8718
25.625 77.125 1.6077
25.625 77.375 1.3018
25.625 77.625 1.0325
25.625 77.875 0.95409
25.625 78.125 0.78562
25.625 78.375 0.16424
25.625 78.625 -0.046925
25.625 78.875 -0.48576
25.625 79.125 1.7458
25.625 79.375 2.0444
25.625 79.625 1.0908
25.625 79.875 0.86513
25.625 80.125 1.1263
25.625 80.375 1.3122
25.625 80.625 -0.40493
25.625 80.875 -1.3376
25.625 81.125 1.5626
25.625 81.375 1.5801
25.625 81.625 0.065432
25.625 81.875 0.0011824
25.625 82.125 -0.80159
25.625 82.375 0.20914
25.625 82.625 -0.97361
25.625 82.875 -0.49895
25.625 83.125 -0.4629
25.625 83.375 0.91671
25.625 83.625 0.57602
25.625 83.875 -0.39122
25.625 84.125 -1.075
25.625 84.375 -1.3209
25.625 84.625 0.038897
25.625 84.875 -0.23361
25.625 85.125 -0.81577
25.625 85.375 -1.0116
25.625 85.625 -0.1897
25.625 85.875 -0.23877
25.625 86.125 -0.38248
25.625 86.375 -0.43801
25.625 86.625 -0.25314
25.625 86.875 0.90101
25.625 87.125 0.030459
25.625 87.375 -0.59097
25.625 87.625 -0.16766
25.625 87.875 -0.025175
25.625 88.125 -0.26289
25.625 90.125 0.64723
25.625 90.375 -0.44421
25.625 90.625 -0.72057
25.625 90.875 0.27703
25.625 91.125 2.251
25.625 91.375 1.294
25.625 91.625 0.85087
25.625 91.875 -0.82789
25.625 92.125 -1.1777
25.625 92.375 -1.0788
25.625 92.625 -1.527
25.625 92.875 -1.1888
25.625 93.125 -1.1558
25.625 93.375 -1.1562
25.625 93.625 -0.71601
25.625 93.875 0.42462
25.625 94.125 0.83104
25.625 94.375 0.81995
NaN NaN NaN
NaN NaN NaN
25.875 70.375 0.62261
25.875 70.625 0.40626
25.875 70.875 0.062922
25.875 71.125 0.089267
25.875 71.375 -0.12532
25.875 71.625 -0.1726
25.875 71.875 0.18089
25.875 72.125 0.37934
25.875 72.375 -0.10915
25.875 72.625 -0.64453
25.875 72.875 -0.61276
25.875 73.125 -0.74896
25.875 73.375 -0.37455
25.875 73.625 -0.35842
25.875 73.875 -0.59117
25.875 74.125 -0.37708
25.875 74.375 -0.16191
25.875 74.625 0.48522
25.875 74.875 0.75199
25.875 75.125 -0.129
25.875 75.375 -0.56912
25.875 75.625 0.013994
25.875 75.875 0.44189
25.875 76.125 0.13386
25.875 76.375 0.99643
25.875 76.625 0.85594
25.875 76.875 0.79766
25.875 77.125 0.90482
25.875 77.375 0.91044
25.875 77.625 0.94642
25.875 77.875 0.011197
25.875 78.125 1.3925
25.875 78.375 0.99111
25.875 78.625 1.0701
25.875 78.875 0.36981
25.875 79.125 0.56481
25.875 79.375 0.41099
25.875 79.625 0.080772
25.875 79.875 0.75541
25.875 80.125 0.036207
25.875 80.375 0.41956
25.875 80.625 -0.2232
25.875 80.875 -1.0196
25.875 81.125 -1.2266
25.875 81.375 1.2306
25.875 81.625 0.13267
25.875 81.875 0.76082
25.875 82.125 -1.3531
25.875 82.375 -0.11267
25.875 82.625 -0.14214
25.875 82.875 0.74381
25.875 83.125 -1.0306
25.875 83.375 -1.6946
25.875 83.625 0.71627
25.875 83.875 -0.54955
25.875 84.125 0.59821
25.875 84.375 -1.8916
25.875 84.625 -0.02484
25.875 84.875 -0.8885
25.875 85.125 -0.29034
25.875 85.375 -0.57628
25.875 85.625 0.19053
25.875 85.875 -0.083135
25.875 86.125 -0.99399
25.875 86.375 -0.364
25.875 86.625 1.1064
25.875 86.875 0.96978
25.875 87.125 -1.0375
25.875 87.375 -0.57059
25.875 87.625 -0.7803
25.875 87.875 -1.2408
25.875 90.125 -1.0446
25.875 90.375 -0.73126
25.875 90.625 -0.015824
25.875 90.875 -0.86209
25.875 91.125 0.024022
25.875 91.375 0.18184
25.875 91.625 -1.2122
25.875 91.875 -1.7915
25.875 92.125 -1.0027
25.875 92.375 -0.69305
25.875 92.625 -0.70604
25.875 92.875 -1.2572
25.875 93.125 -1.7713
25.875 93.375 -1.9132
25.875 93.625 -1.0198
25.875 93.875 1.41
25.875 94.125 1.16
25.875 94.375 0.94958
25.875 94.625 0.74786
25.875 94.875 0.4962
26.125 70.375 0.4352
26.125 70.625 -0.0256
26.125 70.875 -0.14139
26.125 71.125 0.29985
26.125 71.375 -0.00016423
26.125 71.625 0.0563
26.125 71.875 0.11804
26.125 72.125 0.16845
26.125 72.375 -0.12401
26.125 72.625 -0.42414
26.125 72.875 -0.41912
26.125 73.125 -0.52242
26.125 73.375 -0.50924
26.125 73.625 0.23668
26.125 73.875 -0.15794
26.125 74.125 -0.58629
26.125 74.375 -0.30305
26.125 74.625 -0.53475
26.125 74.875 0.52326
26.125 75.125 0.80219
26.125 75.375 -0.26383
26.125 75.625 -0.12972
26.125 75.875 -0.1857
26.125 76.125 -0.31674
26.125 76.375 0.78356
26.125 76.625 0.97183
26.125 76.875 0.35246
26.125 77.125 0.84105
26.125 77.375 0.6545
26.125 77.625 0.90134
26.125 77.875 0.38553
26.125 78.125 0.73986
26.125 78.375 1.7396
26.125 78.625 1.948
26.125 78.875 1.158
26.125 79.125 0.98727
26.125 79.375 1.1683
26.125 79.625 -0.77934
26.125 79.875 -0.31055
26.125 80.125 0.53501
26.125 80.375 0.29647
26.125 80.625 -0.9412
26.125 80.875 1.0078
26.125 81.125 0.48464
26.125 81.375 -1.0647
26.125 81.625 1.3144
26.125 81.875 0.87599
26.125 82.125 -0.70253
26.125 82.375 -0.4117
26.125 82.625 0.093252
26.125 82.875 0.42003
26.125 83.125 -1.0067
26.125 83.375 -1.573
26.125 83.625 -1.0036
26.125 83.875 0.53532
26.125 84.125 0.85366
26.125 84.375 -0.85778
26.125 84.625 0.33816
26.125 84.875 -0.67473
26.125 85.125 1.0356
26.125 85.375 -2.0018
26.125 85.625 -0.41417
26.125 85.875 1.3558
26.125 86.125 -0.62443
26.125 86.375 -1.1893
26.125 86.625 0.24905
26.125 86.875 0.32573
26.125 87.125 -0.93567
26.125 87.375 -0.74146
26.125 87.625 -0.77448
26.125 87.875 -0.89659
26.125 88.125 -0.89481
26.125 89.375 -0.82753
26.125 89.875 -0.66101
26.125 90.125 -1.1947
26.125 90.375 -0.85473
26.125 90.625 -0.043567
26.125 90.875 -1.6431
26.125 91.125 -1.406
26.125 91.375 -0.7737
26.125 91.625 -1.8239
26.125 91.875 -1.3581
26.125 92.125 -0.55367
26.125 92.375 -0.21042
26.125 92.625 0.14084
26.125 92.875 -1.2611
26.125 93.125 -1.4886
26.125 93.375 -0.1881
26.125 93.625 -0.11017
26.125 93.875 1.801
26.125 94.125 1.1589
26.125 94.375 0.67991
26.125 94.625 0.31425
26.125 94.875 0.21623
26.375 70.375 -0.83454
26.375 70.625 -0.68704
26.375 70.875 -1.0755
26.375 71.125 -0.79183
26.375 71.375 -0.30649
26.375 71.625 0.029688
26.375 71.875 0.10471
26.375 72.125 0.15627
26.375 72.375 -0.24063
26.375 72.625 -0.69383
26.375 72.875 -0.52433
26.375 73.125 -0.82166
26.375 73.375 -0.97125
26.375 73.625 0.19257
26.375 73.875 0.28178
26.375 74.125 -0.30915
26.375 74.375 0.65545
26.375 74.625 -1.0532
26.375 74.875 0.060613
26.375 75.125 0.37266
26.375 75.375 0.57724
26.375 75.625 -0.051378
26.375 75.875 0.055161
26.375 76.125 0.22125
26.375 76.375 0.36974
26.375 76.625 0.77474
26.375 76.875 0.55852
26.375 77.125 0.62947
26.375 77.375 1.5926
26.375 77.625 1.0063
26.375 77.875 -0.30666
26.375 78.125 0.59012
26.375 78.375 0.96044
26.375 78.625 2.0357
26.375 78.875 1.5391
26.375 79.125 1.477
26.375 79.375 -0.94117
26.375 79.625 -1.318
26.375 79.875 1.2507
26.375 80.125 1.6472
26.375 80.375 0.27021
26.375 80.625 -0.17012
26.375 80.875 0.58212
26.375 81.125 -0.18155
26.375 81.375 -1.6468
26.375 81.625 -1.1322
26.375 81.875 -0.4252
26.375 82.125 -0.40597
26.375 82.375 0.22478
26.375 82.625 -0.31285
26.375 82.875 0.22724
26.375 83.125 -0.40463
26.375 83.375 -0.77603
26.375 83.625 0.36947
26.375 83.875 0.39145
26.375 84.125 1.039
26.375 84.375 -0.63224
26.375 84.625 -0.66559
26.375 84.875 -1.1677
26.375 85.125 -1.591
26.375 85.375 -1.6557
26.375 85.625 -0.86727
26.375 85.875 -0.17591
26.375 86.125 -0.93683
26.375 86.375 -1.8547
26.375 86.625 -1.4719
26.375 86.875 -0.1516
26.375 87.125 -0.58595
26.375 87.625 -1.3629
26.375 87.875 -1.2983
26.375 88.125 -0.97189
26.375 88.375 -0.71957
26.375 88.875 0.11094
26.375 89.375 -0.53511
26.375 89.625 -0.64739
26.375 89.875 -1.1873
26.375 90.125 -0.93399
26.375 90.375 -1.0448
26.375 90.625 -1.2251
26.375 90.875 -1.1894
26.375 91.125 -1.9297
26.375 91.375 -1.6914
26.375 91.625 -1.846
26.375 91.875 -1.6175
26.375 92.125 -1.0061
26.375 92.375 -0.22675
26.375 92.625 1.0087
26.375 92.875 -0.93098
26.375 93.125 -0.9894
26.375 93.375 -1.2744
26.375 93.625 -0.89625
26.375 93.875 1.5066
26.375 94.125 1.1372
26.375 94.375 0.11896
26.375 94.625 -0.0048861
26.375 94.875 0.0065704
26.625 69.875 -0.97089
26.625 70.125 -1.0782
26.625 70.375 -1.2732
26.625 70.625 -0.14954
26.625 70.875 -0.26171
26.625 71.125 -0.51158
26.625 71.375 -0.09041
26.625 71.625 0.14151
26.625 71.875 0.20955
26.625 72.125 0.3596
26.625 72.375 -0.41656
26.625 72.625 -0.77524
26.625 72.875 -0.67686
26.625 73.125 -0.41913
26.625 73.375 -0.53631
26.625 73.625 0.16012
26.625 73.875 0.34377
26.625 74.125 0.19039
26.625 74.375 0.16006
26.625 74.625 -0.06525
26.625 74.875 0.57694
26.625 75.125 -0.16899
26.625 75.375 0.53515
26.625 75.625 0.30342
26.625 75.875 -0.26246
26.625 76.125 1.0519
26.625 76.375 0.20761
26.625 76.625 0.27314
26.625 76.875 0.71913
26.625 77.125 1.2546
26.625 77.375 1.8402
26.625 77.625 1.3239
26.625 77.875 -0.79741
26.625 78.125 0.61114
26.625 78.375 1.6294
26.625 78.625 1.5524
26.625 78.875 1.01
26.625 79.125 -0.39642
26.625 79.375 0.77276
26.625 79.625 1.4531
26.625 79.875 0.65395
26.625 80.125 -0.91445
26.625 80.375 1.1882
26.625 80.625 0.10537
26.625 80.875 0.70858
26.625 81.125 1.5601
26.625 81.375 -0.20398
26.625 81.625 -0.17306
26.625 81.875 1.049
26.625 82.125 -0.36619
26.625 82.375 1.3115
26.625 82.625 -1.6272
26.625 82.875 -0.091246
26.625 83.125 0.033593
26.625 83.375 -0.86928
26.625 83.625 -0.64749
26.625 83.875 -0.67314
26.625 84.125 1.7146
26.625 84.375 -0.37612
26.625 84.625 -1.4254
26.625 84.875 -1.7044
26.625 85.125 -1.3441
26.625 85.375 -1.5537
26.625 85.625 -0.85583
26.625 86.125 -1.7408
26.625 88.375 -1.1942
26.625 88.625 0.084608
26.625 88.875 -0.34698
26.625 89.125 -0.48122
26.625 89.375 -0.69523
26.625 89.625 -0.89624
26.625 89.875 -1.5202
26.625 90.125 -1.219
26.625 90.375 -1.5817
26.625 90.625 -1.9217
26.625 90.875 -1.64
26.625 91.125 -1.5459
26.625 91.375 -1.1001
26.625 91.625 -1.0395
26.625 91.875 -1.3478
26.625 92.125 -1.2971
26.625 92.375 -1.0645
26.625 92.625 -1.169
26.625 92.875 -0.56927
26.625 93.125 -1.2897
26.625 93.375 -1.4239
26.625 93.625 0.060236
26.625 93.875 -0.29585
26.625 94.125 -0.8789
26.625 94.375 -0.71431
26.625 94.625 -0.13826
26.625 94.875 0.22109
26.625 95.125 0.51645
26.875 69.625 -0.85357
26.875 69.875 -0.79889
26.875 70.125 -0.93365
26.875 70.375 -0.89384
26.875 70.625 0.13112
26.875 70.875 -0.0083563
26.875 71.125 -0.20616
26.875 71.375 -0.2429
26.875 71.625 0.086768
26.875 71.875 0.19496
26.875 72.125 0.42744
26.875 72.375 0.0088599
26.875 72.625 -0.43366
26.875 72.875 0.031295
26.875 73.125 0.79365
26.875 73.375 0.56226
26.875 73.625 0.75002
26.875 73.875 1.1133
26.875 74.125 0.64346
26.875 74.375 0.44056
26.875 74.625 0.59524
26.875 74.875 1.276
26.875 75.125 0.76221
26.875 75.375 0.28616
26.875 75.625 -0.41991
26.875 75.875 0.15536
26.875 76.125 1.4475
26.875 76.375 0.64432
26.875 76.625 0.16139
26.875 76.875 1.1938
26.875 77.125 0.98144
26.875 77.375 0.43699
26.875 77.625 1.1241
26.875 77.875 0.67468
26.875 78.125 0.41623
26.875 78.375 0.97344
26.875 78.625 1.0922
26.875 78.875 1.0619
26.875 79.125 1.2995
26.875 79.375 1.586
26.875 79.625 1.6975
26.875 79.875 1.4032
26.875 80.125 -0.0010201
26.875 80.375 0.82089
26.875 80.625 1.5624
26.875 80.875 1.1506
26.875 81.125 1.5466
26.875 81.375 0.98542
26.875 81.625 -0.6816
26.875 81.875 0.95559
26.875 82.125 0.70353
26.875 82.375 -1.0753
26.875 82.625 -0.5794
26.875 82.875 -0.24035
26.875 83.125 -0.52769
26.875 83.375 -1.3736
26.875 83.625 -1.1228
26.875 83.875 -0.93095
26.875 84.125 0.47197
26.875 84.375 -2.0334
26.875 84.625 -1.5881
26.875 84.875 -2.1004
26.875 88.375 -0.34571
26.875 88.625 -0.93424
26.875 88.875 -0.80178
26.875 92.375 -0.99227
26.875 92.625 -0.6459
26.875 92.875 -0.62346
26.875 93.125 -0.23309
26.875 93.375 -1.1459
26.875 93.625 -1.3839
26.875 93.875 -1.091
26.875 94.125 -1.3249
26.875 94.375 0.11762
26.875 94.625 -0.16445
26.875 94.875 0.25087
26.875 95.125 0.45861
26.875 95.375 0.3726
26.875 95.625 -0.34709
27.125 69.875 -0.47154
27.125 70.125 -0.29666
27.125 70.375 -0.19513
27.125 70.625 -0.19138
27.125 70.875 0.015419
27.125 71.125 -0.18533
27.125 71.375 -0.46945
27.125 71.625 -0.50625
27.125 71.875 0.55514
27.125 72.125 0.47572
27.125 72.375 0.32748
27.125 72.625 0.1469
27.125 72.875 0.27346
27.125 73.125 0.64196
27.125 73.375 0.60356
27.125 73.625 0.75114
27.125 73.875 1.5033
27.125 74.125 1.2624
27.125 74.375 0.65739
27.125 74.625 0.55772
27.125 74.875 0.06951
27.125 75.125 0.20558
27.125 75.375 0.3806
27.125 75.625 1.0347
27.125 75.875 0.80268
27.125 76.125 0.61842
27.125 76.375 1.0074
27.125 76.625 1.0204
27.125 76.875 0.86187
27.125 77.125 1.7144
27.125 77.375 0.22656
27.125 77.625 1.261
27.125 77.875 0.23619
27.125 78.125 1.1714
27.125 78.375 0.54521
27.125 78.625 -0.65623
27.125 78.875 0.55426
27.125 79.125 1.2687
27.125 79.375 0.35661
27.125 79.625 0.9253
27.125 79.875 1.1266
27.125 80.125 1.1413
27.125 80.375 1.6739
27.125 80.625 -0.50065
27.125 80.875 -1.2216
27.125 81.125 1.939
27.125 81.375 1.7647
27.125 81.625 0.75839
27.125 81.875 0.8102
27.125 82.125 0.44971
27.125 82.375 -0.67391
27.125 82.625 0.68676
27.125 82.875 0.3433
27.125 83.125 -0.58889
27.125 83.375 0.43183
27.125 83.625 0.3519
27.125 83.875 -0.10906
27.125 84.125 -1.1393
27.125 84.375 -0.98754
27.125 84.625 -1.7085
27.125 88.125 0.31416
27.125 88.375 0.17675
27.125 88.625 -0.73034
27.125 92.125 -1.5172
27.125 92.375 0.03905
27.125 92.625 0.2825
27.125 92.875 -0.047664
27.125 93.125 -0.50706
27.125 93.375 -0.22667
27.125 93.625 -0.82949
27.125 93.875 0.57183
27.125 94.125 0.22314
27.125 94.375 0.19558
27.125 94.625 -0.73461
27.125 94.875 -0.75123
27.125 95.125 0.23679
27.125 95.375 0.54474
27.125 95.625 -0.82279
27.125 95.875 -1.0758
27.375 70.125 -0.25172
27.375 70.375 -0.20061
27.375 70.625 -0.2238
27.375 70.875 -0.11374
27.375 71.125 -0.48861
27.375 71.375 -0.79866
27.375 71.625 -0.87968
27.375 71.875 0.3932
27.375 72.125 0.62834
27.375 72.375 0.47835
27.375 72.625 0.14266
27.375 72.875 0.24144
27.375 73.125 0.42029
27.375 73.375 0.48923
27.375 73.625 0.74002
27.375 73.875 1.0417
27.375 74.125 0.80301
27.375 74.375 0.68477
27.375 74.625 0.48616
27.375 74.875 0.50345
27.375 75.125 0.28289
27.375 75.375 0.21283
27.375 75.625 1.3267
27.375 75.875 1.0947
27.375 76.125 0.32265
27.375 76.375 0.64433
27.375 76.625 0.73932
27.375 76.875 1.4852
27.375 77.125 1.4553
27.375 77.375 -1.5884
27.375 77.625 0.27572
27.375 77.875 1.2471
27.375 78.125 1.4718
27.375 78.375 0.61201
27.375 78.625 0.75996
27.375 78.875 1.3709
27.375 79.125 1.6207
27.375 79.375 -0.1029
27.375 79.625 -0.18407
27.375 79.875 1.2091
27.375 80.125 0.3625
27.375 80.375 0.064872
27.375 80.625 -2.0321
27.375 80.875 -2.1046
27.375 81.125 0.82087
27.375 81.375 0.83877
27.375 81.625 -0.90779
27.375 81.875 0.36954
27.375 82.125 0.359
27.375 82.375 0.072178
27.375 82.625 0.79378
27.375 82.875 0.18294
27.375 83.125 -0.30463
27.375 83.625 0.15935
27.375 84.125 -0.46307
27.375 84.375 -1.1717
27.375 88.125 1.9242
27.375 88.375 -1.7695
27.375 88.625 -2.0472
27.375 92.125 -1.2448
27.375 92.375 -0.062584
27.375 92.625 0.29857
27.375 92.875 -0.28473
27.375 93.125 -1.4915
27.375 93.375 -1.6131
27.375 93.625 0.12349
27.375 93.875 0.70956
27.375 94.125 0.82451
27.375 94.375 -0.92376
27.375 94.625 -1.0536
27.375 94.875 -1.1429
27.375 95.125 -0.039911
27.375 95.375 -0.17868
27.375 95.625 -1.4789
27.375 95.875 -1.7133
27.375 96.125 -2.1486
27.375 96.375 -2.1718
NaN NaN NaN
27.375 96.875 -0.51683
27.625 70.125 -0.23647
27.625 70.375 -0.22773
27.625 70.625 -0.18582
27.625 70.875 -0.38421
27.625 71.125 -0.6921
27.625 71.375 -0.59559
27.625 71.625 -0.4008
27.625 71.875 0.3487
27.625 72.125 0.61211
27.625 72.375 0.51369
27.625 72.625 0.32399
27.625 72.875 0.12461
27.625 73.125 0.14835
27.625 73.375 0.3977
27.625 73.625 0.80193
27.625 73.875 0.86397
27.625 74.125 0.74872
27.625 74.375 0.5513
27.625 74.625 0.41295
27.625 74.875 0.52684
27.625 75.125 0.1263
27.625 75.375 0.3988
27.625 75.625 0.76088
27.625 75.875 0.34116
27.625 76.125 0.28945
27.625 76.375 0.39506
27.625 76.625 1.42
27.625 76.875 1.815
27.625 77.125 -0.80879
27.625 77.375 -0.73431
27.625 77.625 -1.2737
27.625 77.875 -0.013853
27.625 78.125 1.6274
27.625 78.375 1.4397
27.625 78.625 0.051302
27.625 78.875 1.1605
27.625 79.125 1.0194
27.625 79.375 -0.57098
27.625 79.625 0.21031
27.625 79.875 2.1205
27.625 80.125 1.5365
27.625 80.375 -0.032423
27.625 80.625 -0.83782
27.625 80.875 -0.59159
27.625 81.125 0.81425
27.625 81.375 0.99479
27.625 81.625 -0.0051682
27.625 81.875 -0.10909
27.625 82.125 0.14806
27.625 82.375 0.069963
27.625 82.625 0.63767
27.625 88.375 -1.5887
27.625 88.625 -2.0293
27.625 91.625 -1.3385
27.625 91.875 -1.4347
27.625 92.125 -0.83609
27.625 92.375 -0.28471
27.625 92.625 -0.011963
27.625 92.875 -0.6465
27.625 93.125 -1.1483
27.625 93.375 -1.4032
27.625 93.625 -1.7135
27.625 93.875 -2.2901
27.625 94.125 -1.7675
27.625 94.375 -0.94256
27.625 94.625 -1.5595
27.625 94.875 -1.7568
27.625 95.125 -1.9166
27.625 95.375 -1.8381
27.625 95.625 -1.9687
27.625 95.875 -1.926
27.625 96.125 -2.1532
27.625 96.375 -2.2478
27.625 96.625 -0.51707
27.625 96.875 -0.5167
27.875 70.375 -0.18639
27.875 71.875 0.047648
27.875 72.125 0.15558
27.875 72.375 0.1321
27.875 72.625 0.36477
27.875 72.875 0.23024
27.875 73.125 0.28059
27.875 73.375 0.52282
27.875 73.625 0.85851
27.875 73.875 0.87976
27.875 74.125 0.55626
27.875 74.375 0.31916
27.875 74.625 0.01823
27.875 74.875 0.24859
27.875 75.125 0.44809
27.875 75.375 0.78843
27.875 75.625 0.82637
27.875 75.875 -0.20798
27.875 76.125 0.37805
27.875 76.375 0.62054
27.875 76.625 0.34289
27.875 76.875 0.73878
27.875 77.125 0.7017
27.875 77.375 -0.42035
27.875 77.625 -1.4106
27.875 77.875 0.57268
27.875 78.125 1.3379
27.875 78.375 1.9831
27.875 78.625 1.2722
27.875 78.875 0.74188
27.875 79.125 0.22716
27.875 79.375 0.6113
27.875 79.625 1.6512
27.875 79.875 2.2631
27.875 80.125 1.7873
27.875 80.375 0.54138
27.875 80.625 -0.43567
27.875 80.875 -0.8454
27.875 81.125 0.50065
27.875 81.375 1.2977
27.875 81.625 1.1094
27.875 88.375 1.7204
27.875 88.625 1.5085
27.875 92.875 -1.0759
27.875 93.125 -1.2569
27.875 93.375 -1.4214
27.875 93.625 -1.8526
27.875 93.875 -2.2396
27.875 94.125 -1.7416
27.875 94.375 -1.3415
27.875 94.625 -1.5609
27.875 94.875 -1.2382
27.875 95.125 -1.2263
27.875 95.375 -2.036
27.875 95.625 -2.0052
27.875 95.875 -2.1613
27.875 96.125 -2.1604
27.875 96.375 -2.3371
27.875 96.625 -0.5169
NaN NaN NaN
27.875 97.125 -0.5166
28.125 72.125 -0.1445
28.125 72.375 -0.31086
28.125 72.625 0.18557
28.125 72.875 0.50805
28.125 73.125 0.86929
28.125 73.375 0.81502
28.125 73.625 0.75362
28.125 73.875 0.68839
28.125 74.125 0.3958
28.125 74.375 0.24258
28.125 74.625 -0.16055
28.125 74.875 0.16638
28.125 75.125 0.52381
28.125 75.375 0.63368
28.125 75.625 0.76551
28.125 75.875 0.12156
28.125 76.125 1.0156
28.125 76.375 0.1151
28.125 76.625 1.1228
28.125 76.875 1.5767
28.125 77.125 0.43078
28.125 77.375 0.57427
28.125 77.625 0.14479
28.125 77.875 0.92893
28.125 78.125 1.7564
28.125 78.375 1.7011
28.125 78.625 0.68569
28.125 78.875 1.0932
28.125 79.125 0.79237
28.125 79.375 0.14381
28.125 79.625 0.33287
28.125 79.875 1.2829
28.125 80.125 1.1101
28.125 80.375 0.91843
28.125 80.625 0.83963
28.125 80.875 0.0091019
28.125 81.125 -0.034546
28.125 81.375 1.0014
28.125 92.875 -1.1206
28.125 93.125 -1.4381
28.125 93.375 -1.5327
28.125 93.625 -1.8256
28.125 93.875 -2.2396
28.125 94.125 -1.5807
28.125 94.375 -1.2823
28.125 94.625 -1.7302
28.125 94.875 -1.4666
28.125 95.125 -1.2515
28.125 95.375 -1.6679
28.125 95.625 -1.8836
28.125 95.875 -1.8443
28.125 96.125 -1.996
28.125 96.375 -0.51706
NaN NaN NaN
NaN NaN NaN
NaN NaN NaN
28.375 72.375 -0.59778
28.375 72.625 -0.40321
28.375 72.875 -0.0050418
28.375 73.125 0.57992
28.375 73.375 0.3419
28.375 73.625 0.228
28.375 73.875 0.42518
28.375 74.125 0.29011
28.375 74.375 0.19964
28.375 74.625 -0.091368
28.375 74.875 -0.18624
28.375 75.125 -0.20819
28.375 75.375 0.383
28.375 75.625 0.86389
28.375 75.875 0.87294
28.375 76.125 1.2969
28.375 76.375 0.26763
28.375 76.625 0.47928
28.375 76.875 0.64451
28.375 77.125 -0.19617
28.375 77.375 0.014055
28.375 77.625 -0.13495
28.375 77.875 0.35419
28.375 78.125 1.5421
28.375 78.375 1.2423
28.375 78.625 0.22368
28.375 78.875 -0.66042
28.375 79.125 0.96178
28.375 79.375 0.31022
28.375 79.625 -0.68521
28.375 79.875 0.0073167
28.375 80.125 0.37325
28.375 80.375 0.6936
28.375 80.625 0.67865
28.375 80.875 0.31057
28.375 81.125 0.56706
28.375 93.375 -1.3608
28.375 93.625 -1.1674
28.375 93.875 -1.2028
28.375 94.125 -0.85152
28.375 94.375 -0.77291
28.375 94.625 -0.90985
28.375 94.875 -1.2467
28.375 95.125 -1.3783
28.375 95.375 -1.4673
28.375 95.625 -1.7849
28.375 95.875 -1.6281
28.375 96.125 -1.7225
NaN NaN NaN
28.625 72.375 -0.48157
28.625 72.625 -0.21401
28.625 72.875 0.054619
28.625 73.125 0.39123
28.625 73.375 0.50281
28.625 73.625 0.45611
28.625 73.875 0.12128
28.625 74.125 -0.099134
28.625 74.375 -0.27072
28.625 74.625 -0.24859
28.625 74.875 -0.23663
28.625 75.125 -0.29771
28.625 75.375 -0.024237
28.625 75.625 0.29959
28.625 75.875 0.19392
28.625 76.125 0.62759
28.625 76.375 0.23857
28.625 76.625 0.62051
28.625 76.875 0.17594
28.625 77.125 -0.8646
28.625 77.375 -0.48194
28.625 77.625 -0.4901
28.625 77.875 -0.5682
28.625 78.125 0.56104
28.625 78.375 1.1162
28.625 78.625 -0.81784
28.625 78.875 -0.42866
28.625 79.125 1.3622
28.625 79.375 -0.27045
28.625 79.625 0.20347
28.625 79.875 -0.42467
28.625 80.125 0.32638
28.625 80.375 0.85378
28.625 80.625 0.61788
28.625 93.625 -0.058803
28.625 93.875 0.23292
28.625 94.125 -0.40772
28.625 94.375 -0.4287
28.625 94.625 -0.58165
28.625 94.875 -0.77851
28.625 95.125 -1.2735
28.625 95.375 -1.3531
28.625 95.625 -1.6433
28.625 95.875 -1.6704
28.625 96.125 -0.84809
NaN NaN NaN
28.875 72.875 0.086949
28.875 73.125 0.71305
28.875 73.375 0.76608
28.875 73.625 0.42252
28.875 73.875 -0.41449
28.875 74.125 -0.88912
28.875 74.375 -1.1119
28.875 74.625 -0.90228
28.875 74.875 -0.62346
28.875 75.125 -0.80385
28.875 75.375 -0.090856
28.875 75.625 -0.034574
28.875 75.875 0.058337
28.875 76.125 -0.15592
28.875 76.375 -0.35686
28.875 76.625 -0.91283
28.875 76.875 -0.54289
28.875 77.125 0.19999
28.875 77.375 0.98204
28.875 77.625 1.0819
28.875 77.875 0.81975
28.875 78.125 0.30693
28.875 78.375 0.37572
28.875 78.625 -0.58565
28.875 78.875 -0.47358
28.875 79.125 1.1143
28.875 79.375 1.6152
28.875 79.625 0.84933
28.875 79.875 0.58121
28.875 94.125 -0.083108
28.875 94.375 -0.13209
28.875 94.625 -0.39592
28.875 94.875 -0.39758
28.875 95.125 -0.47701
28.875 95.375 -1.4198
28.875 95.625 -0.86639
28.875 95.875 -0.89289
28.875 96.125 -0.047299
NaN NaN NaN
29.125 73.125 0.61162
29.125 73.375 0.78248
29.125 73.625 -0.42908
29.125 73.875 -0.30993
29.125 74.125 -0.78456
29.125 74.375 -0.97395
29.125 74.625 -0.94735
29.125 74.875 -1.0998
29.125 75.125 -0.74304
29.125 75.375 -0.22789
29.125 75.625 -0.13896
29.125 75.875 -1.0127
29.125 76.125 -1.1254
29.125 76.375 -1.1922
29.125 76.625 -0.62828
29.125 76.875 -1.1971
29.125 77.125 0.036292
29.125 77.375 0.5299
29.125 77.625 1.3472
29.125 77.875 1.329
29.125 78.125 0.75683
29.125 78.375 0.66088
29.125 78.625 1.0423
29.125 78.875 -0.17725
29.125 79.125 1.2667
29.125 79.375 1.5037
29.125 79.625 0.008879
29.125 79.875 0.26821
29.125 80.125 0.59492
29.125 94.375 -0.14832
29.125 94.625 -0.11118
29.125 94.875 0.032329
29.125 95.625 -0.88141
29.125 95.875 0.3081
29.125 96.125 NaN
29.375 73.375 -0.34513
29.375 73.625 -0.3815
29.375 73.875 -0.0082873
29.375 74.125 -0.22479
29.375 74.375 -0.73383
29.375 74.625 -0.68483
29.375 74.875 -0.471
29.375 75.125 -0.2566
29.375 75.375 -0.62883
29.375 75.625 -0.62606
29.375 75.875 -1.8547
29.375 76.125 -0.78
29.375 76.375 -1.4002
29.375 76.625 -0.3484
29.375 76.875 -1.7215
29.375 77.125 -1.3224
29.375 77.375 0.94913
29.375 77.625 1.1762
29.375 77.875 1.3001
29.375 78.125 0.27752
29.375 78.375 0.35689
29.375 78.625 -0.99622
29.375 78.875 -1.3262
29.375 79.125 0.12585
29.375 79.375 2.2632
29.375 79.625 -0.64052
29.375 79.875 0.43503
29.375 80.125 0.5532
NaN NaN NaN
29.625 73.375 -0.24033
29.625 73.625 0.073391
29.625 73.875 0.12701
29.625 74.125 0.081285
29.625 74.375 -1.1292
29.625 74.625 -1.4652
29.625 74.875 -0.98179
29.625 75.125 -0.75179
29.625 75.375 -0.95772
29.625 75.625 0.77152
29.625 75.875 -0.76349
29.625 76.125 -0.70043
29.625 76.375 -0.5781
29.625 76.625 -0.17924
29.625 76.875 -0.24006
29.625 77.125 -0.90189
29.625 77.375 -0.33822
29.625 77.625 0.3287
29.625 77.875 0.13352
29.625 78.125 -0.20519
29.625 78.375 -0.98233
29.625 78.625 -1.8848
29.625 78.875 -1.671
29.625 79.125 0.096395
29.625 79.375 1.0538
29.625 79.625 0.27845
29.625 79.875 0.4715
29.625 80.125 0.78326
29.875 73.625 0.23462
29.875 73.875 0.036339
29.875 74.125 -0.50568
29.875 74.375 -1.8947
29.875 74.625 -1.9952
29.875 74.875 -1.9478
29.875 75.125 -1.7165
29.875 75.375 -1.2404
29.875 75.625 -0.57172
29.875 75.875 -1.1912
29.875 76.125 -0.76625
29.875 76.375 -0.22011
29.875 76.625 0.075568
29.875 76.875 -1.8354
29.875 77.125 -0.78006
29.875 77.375 -0.39003
29.875 77.625 -0.12839
29.875 77.875 0.18163
29.875 78.125 -1.4119
29.875 78.375 -0.11396
29.875 78.625 -1.032
29.875 78.875 -0.34652
29.875 79.125 -0.62407
29.875 79.375 0.39241
29.875 79.625 1.4621
29.875 79.875 0.39622
29.875 80.125 0.76373
29.875 80.375 0.73334
30.125 74.125 -1.0015
30.125 74.375 -1.6732
30.125 74.625 -1.9677
30.125 74.875 -2.0098
30.125 75.125 -1.3217
30.125 75.375 -0.66574
30.125 75.625 -1.1246
30.125 75.875 -1.5247
30.125 76.125 0.282
30.125 76.375 -0.45775
30.125 76.625 -0.82105
30.125 76.875 -0.8079
30.125 77.125 -1.313
30.125 77.375 -1.7592
30.125 77.625 -0.073495
30.125 77.875 -0.41641
30.125 78.125 0.45414
30.125 78.375 1.541
30.125 78.625 0.882
30.125 78.875 2.0123
30.125 79.125 1.1512
30.125 79.375 1.2455
30.125 79.625 1.5888
30.125 79.875 0.49233
30.125 80.125 0.49687
30.125 80.375 0.69541
30.125 80.625 0.71487
30.375 74.125 -1.09
30.375 74.375 -1.4327
30.375 74.625 -1.5395
30.375 74.875 -1.4652
30.375 75.125 -1.1049
30.375 75.375 -0.44263
30.375 75.625 -0.19293
30.375 75.875 -1.3565
30.375 76.125 -1.7549
30.375 76.375 -0.72945
30.375 76.625 -1.8765
30.375 76.875 -1.7651
30.375 77.125 0.32385
30.375 77.375 -0.14075
30.375 77.625 0.17361
30.375 77.875 -0.11289
30.375 78.125 -0.54705
30.375 78.375 -0.96126
30.375 78.625 1.7281
30.375 78.875 1.6416
30.375 79.125 1.4155
30.375 79.375 1.8344
30.375 79.625 1.4554
30.375 79.875 1.2558
30.375 80.125 0.92122
30.375 80.375 0.62932
30.375 80.625 0.61792
30.625 74.375 -1.2752
30.625 74.625 -1.816
30.625 74.875 -1.7833
30.625 75.125 -1.5015
30.625 75.375 -0.77303
30.625 75.625 -0.75752
30.625 75.875 -1.7469
30.625 76.125 -2.1365
30.625 76.375 -1.9948
30.625 76.625 -0.39398
30.625 76.875 0.19183
30.625 77.125 0.14258
30.625 77.375 -0.15761
30.625 77.625 -0.23611
30.625 77.875 0.022333
30.625 78.125 0.16273
30.625 78.375 -1.1911
30.625 78.625 0.60615
30.625 78.875 1.9866
30.625 79.125 1.8617
30.625 79.375 0.97797
30.625 79.625 2.0814
30.625 79.875 1.33
30.625 80.125 0.89432
30.875 74.625 -1.4533
30.875 74.875 -1.416
30.875 75.125 -0.30261
30.875 75.375 -2.0239
30.875 75.625 -1.2302
30.875 75.875 -1.7773
30.875 76.125 -1.7546
30.875 76.375 -0.78205
30.875 76.625 0.36865
30.875 76.875 -0.65233
30.875 77.125 0.96246
30.875 77.375 -0.17889
30.875 77.625 0.24802
30.875 77.875 1.096
30.875 78.125 0.47241
30.875 78.375 0.36722
30.875 78.625 0.56902
30.875 78.875 2.1371
30.875 79.125 1.8229
30.875 79.375 1.3837
30.875 79.625 1.7092
30.875 79.875 1.8192
31.125 74.875 -1.6572
31.125 75.125 -0.62607
31.125 75.375 -2.0527
31.125 75.625 -2.0024
31.125 75.875 -0.92647
31.125 76.125 1.0088
31.125 76.375 -0.39511
31.125 76.625 -0.58528
31.125 76.875 0.82536
31.125 77.125 0.97826
31.125 77.375 -0.28421
31.125 77.625 0.43279
31.125 77.875 1.1411
31.125 78.125 0.43142
31.125 78.375 0.52106
31.125 78.625 0.46802
31.125 78.875 1.8428
31.125 79.125 1.8177
31.375 74.875 -1.6313
31.375 75.125 -1.3598
31.375 75.375 -1.9563
31.375 75.625 -1.283
31.375 75.875 -0.10192
31.375 76.125 -1.8837
31.375 76.375 -0.59809
31.375 76.625 -1.1237
31.375 76.875 0.27264
31.375 77.125 1.35
31.375 77.375 1.1414
31.375 77.625 1.8036
31.375 77.875 0.39249
31.375 78.125 -0.004911
31.375 78.375 0.067483
31.375 78.625 0.35744
31.625 74.875 -0.16232
31.625 75.125 0.38294
31.625 75.375 0.15976
31.625 75.625 0.27592
31.625 75.875 0.42718
31.625 76.125 -0.88283
31.625 76.375 -0.7471
31.625 76.625 -0.38252
31.625 76.875 -0.40474
31.625 77.125 0.30498
31.625 77.375 1.7058
31.625 77.625 1.7863
31.625 77.875 1.1413
31.625 78.125 0.14745
31.625 78.375 -0.21925
31.625 78.625 -0.084219
31.875 74.875 1.0411
31.875 75.125 1.0649
31.875 75.375 -1.1266
31.875 75.625 0.19823
31.875 75.875 -0.066271
31.875 76.125 -0.01138
31.875 76.375 -0.01928
31.875 76.625 0.15164
31.875 76.875 -0.28837
31.875 77.125 -0.22925
31.875 77.375 1.1598
31.875 77.625 1.842
31.875 77.875 1.0604
31.875 78.125 0.43202
31.875 78.375 -0.11548
31.875 78.625 -0.36003
32.125 75.375 0.90861
32.125 75.625 0.80477
32.125 75.875 0.14223
32.125 76.125 0.78986
32.125 76.375 -0.2108
32.125 76.625 0.85327
32.125 76.875 0.014515
32.125 77.125 0.20866
32.125 77.375 -0.54117
32.125 77.625 0.29233
32.125 77.875 1.5659
32.125 78.125 0.11355
32.125 78.375 -0.33151
32.375 75.375 1.0362
32.375 75.625 0.85265
32.375 75.875 0.46534
32.375 76.125 -1.0401
32.375 76.375 -0.31594
32.375 76.625 0.12328
32.375 76.875 -0.20162
32.375 77.125 -0.10848
32.375 77.375 -0.7101
32.375 77.625 -0.667
32.375 77.875 0.65258
32.375 78.125 0.098373
32.375 78.375 -1.0587
32.625 74.875 1.5718
32.625 75.125 0.20763
32.625 75.375 0.08453
32.625 75.625 0.42125
32.625 75.875 0.31725
32.625 76.125 0.07544
32.625 76.375 0.21597
32.625 76.625 -0.47047
32.625 76.875 -0.14865
32.625 77.125 -0.25048
32.625 77.375 -0.65069
32.625 77.625 -0.76611
32.625 77.875 -0.61871
32.625 78.125 -0.72502
32.625 78.375 -1.3518
32.625 78.625 -1.4633
32.625 78.875 -1.2249
32.625 79.125 -1.1056
32.625 79.375 -1.0407
32.875 74.375 1.2492
32.875 74.625 1.4437
32.875 74.875 1.1726
32.875 75.125 0.21833
32.875 75.375 -0.57408
32.875 75.625 -0.5788
32.875 75.875 0.031964
32.875 76.125 0.34034
32.875 76.375 0.3421
32.875 76.625 -0.17183
32.875 76.875 -0.30867
32.875 77.125 -0.50092
32.875 77.375 -0.6468
32.875 77.625 -0.72039
32.875 77.875 -0.80781
32.875 78.125 -0.12243
32.875 78.375 -0.13482
32.875 78.625 -0.98588
32.875 78.875 -1.2366
32.875 79.125 -1.1772
32.875 79.375 -1.41
33.125 73.875 0.93624
33.125 74.125 0.82139
33.125 74.375 1.2079
33.125 74.625 1.4058
33.125 74.875 1.0806
33.125 75.125 0.063349
33.125 75.375 -0.82728
33.125 75.625 -1.2457
33.125 75.875 -0.27711
33.125 76.125 -0.04665
33.125 76.375 -0.259
33.125 76.625 -0.38216
33.125 76.875 -0.39705
33.125 77.125 -1.4127
33.125 77.375 -0.51746
33.125 77.625 -0.17809
33.125 77.875 -0.026798
33.125 78.125 0.24326
33.125 78.375 0.21199
33.125 78.625 -0.38005
33.125 78.875 -0.94587
33.125 79.125 -1.1952
33.375 73.875 1.3454
33.375 74.125 1.061
33.375 74.375 0.3041
33.375 74.625 -0.7475
33.375 74.875 -0.66283
33.375 75.125 -0.91392
33.375 75.375 -0.82254
33.375 75.625 -0.89671
33.375 75.875 -0.53627
33.375 76.125 -0.077473
33.375 76.375 0.15402
33.375 76.625 -0.4561
33.375 76.875 -0.40028
33.375 77.125 0.031171
33.375 77.375 0.10467
33.375 77.625 0.09463
33.375 77.875 -0.11463
33.375 78.125 0.043944
33.375 78.375 0.13757
33.375 78.625 -0.044444
33.375 78.875 -0.44749
33.625 73.875 1.9286
33.625 74.125 1.6343
33.625 74.375 -1.7261
33.625 74.625 -1.4062
33.625 74.875 -0.61026
33.625 75.125 -0.46604
33.625 75.375 -0.46874
33.625 75.625 -0.62218
33.625 75.875 -0.30237
33.625 76.125 -0.50198
33.625 76.375 0.0026238
33.625 76.625 -0.48622
33.625 76.875 0.054487
33.625 77.125 0.31187
33.625 77.375 0.45266
33.625 77.625 0.50523
33.625 77.875 0.094056
33.625 78.125 0.0072892
33.625 78.375 0.057176
33.625 78.625 0.10682
33.625 78.875 -0.18312
33.875 73.875 1.6618
33.875 74.125 0.13578
33.875 74.375 -1.4481
33.875 74.625 0.29389
33.875 74.875 0.21846
33.875 75.125 0.59967
33.875 75.375 0.040238
33.875 75.625 -0.56205
33.875 75.875 -0.99085
33.875 76.125 -1.003
33.875 76.375 -0.56434
33.875 76.625 -0.49982
33.875 76.875 -0.34705
33.875 77.125 -0.26242
33.875 77.375 0.047733
33.875 77.625 0.22918
33.875 77.875 0.14647
33.875 78.125 0.073002
33.875 78.375 0.039026
33.875 78.625 0.075072
33.875 78.875 -0.071013
34.125 73.625 0.69203
34.125 73.875 1.2279
34.125 74.125 0.48378
34.125 74.375 -0.27468
34.125 74.625 0.068161
34.125 74.875 -1.1662
34.125 75.125 0.0075145
34.125 75.375 -0.26556
34.125 75.625 -1.2766
34.125 75.875 -1.238
34.125 76.125 -1.5395
34.125 76.375 -0.52165
34.125 76.625 -0.34648
34.125 76.875 -0.34263
34.125 77.125 -0.26154
34.125 77.375 -0.10376
34.125 77.625 0.014403
34.125 77.875 0.071357
34.125 78.125 0.070462
34.125 78.375 0.060233
34.125 78.625 0.069014
34.125 78.875 -0.0081296
34.125 79.125 0.094687
34.125 79.375 -0.097336
34.375 73.625 -0.46009
34.375 73.875 -1.195
34.375 74.125 -1.4966
34.375 74.375 -0.56356
34.375 74.625 -0.22771
34.375 74.875 -1.2799
34.375 75.125 -0.41989
34.375 75.375 -1.3308
34.375 75.625 -1.4775
34.375 75.875 -1.3562
34.375 76.125 -1.333
34.375 76.375 -0.52069
34.375 76.625 -0.39772
34.375 76.875 -0.38387
34.375 77.125 -0.43629
34.375 77.375 -0.34648
34.375 77.625 -0.14855
34.375 77.875 -0.058572
34.375 78.125 0.0034274
34.375 78.375 0.047075
34.375 78.625 0.064984
34.375 78.875 0.033022
34.375 79.125 -0.073549
34.375 79.375 -0.2164
34.625 73.875 -1.3673
34.625 74.125 -1.4078
34.625 74.375 -1.0939
34.625 74.625 -0.53711
34.625 74.875 -1.1753
34.625 75.125 -0.46118
34.625 75.375 -1.8198
34.625 75.625 -1.51
34.625 75.875 -1.4077
34.625 76.125 -1.1167
34.625 76.375 -0.54838
34.625 76.625 -0.51643
34.625 76.875 -0.40587
34.625 77.125 -0.42992
34.625 77.375 -0.39716
34.625 77.625 -0.31538
34.625 77.875 -0.22178
34.625 78.125 -0.1106
34.625 78.375 -0.017946
34.625 78.625 0.051364
34.625 78.875 0.048226
34.625 79.125 -0.022733
34.625 79.375 -0.12655
34.625 79.625 -0.26427
34.875 74.125 -1.3827
34.875 74.375 -1.2009
34.875 74.625 -0.6006
34.875 74.875 -0.91593
34.875 75.125 -1.7259
34.875 75.375 -1.9925
34.875 75.625 -1.5165
34.875 75.875 -1.4126
34.875 76.125 -0.94284
34.875 76.375 -0.55182
34.875 76.625 -0.5175
34.875 76.875 -0.41079
34.875 77.125 -0.40171
34.875 77.375 -0.40489
34.875 77.625 -0.37579
34.875 77.875 -0.32414
34.875 78.125 -0.26218
34.875 78.375 -0.20458
34.875 78.625 -0.074872
34.875 78.875 -0.0080762
34.875 79.125 -0.018405
34.875 79.375 -0.080051
34.875 79.625 -0.17656
34.875 79.875 -0.3162
35.125 74.375 -1.1328
35.125 74.625 -0.45578
35.125 74.875 -0.76481
35.125 75.125 -2.2034
35.125 75.375 -2.0869
35.125 75.625 -1.54
35.125 75.875 -1.191
35.125 76.125 -1.1097
35.125 76.375 -0.56153
35.125 76.625 -0.52742
35.125 76.875 -0.42757
35.125 77.125 -0.40797
35.125 77.375 -0.41488
35.125 77.625 -0.40789
35.125 77.875 -0.39075
35.125 78.125 -0.36829
35.125 78.375 -0.33572
35.125 78.625 -0.20604
35.125 78.875 -0.10487
35.125 79.125 -0.056208
35.125 79.375 -0.076478
35.125 79.625 -0.13161
35.125 79.875 -0.22561
35.375 73.875 -1.6755
35.375 74.125 -1.6766
35.375 74.375 -0.56652
35.375 74.625 -0.31963
35.375 74.875 -0.0079206
35.375 75.125 -1.9409
35.375 75.375 -1.98
35.375 75.625 -1.4125
35.375 75.875 -1.1944
35.375 76.125 -1.183
35.375 76.375 -1.1067
35.375 76.625 -0.89516
35.375 76.875 -0.49921
35.375 77.125 -0.41547
35.375 77.375 -0.42074
35.375 77.625 -0.42299
35.375 77.875 -0.41657
35.375 78.125 -0.3983
35.375 78.375 -0.36989
35.375 78.625 -0.29124
35.375 78.875 -0.19914
35.375 79.125 -0.12656
35.375 79.375 -0.1042
35.375 79.625 -0.12388
35.375 79.875 -0.1774
NaN NaN NaN
35.625 73.375 -0.71032
35.625 73.625 -0.78151
35.625 73.875 -1.3568
35.625 74.125 -1.445
35.625 74.375 -0.92391
35.625 74.625 -0.54941
35.625 74.875 0.011572
35.625 75.125 -2.2446
35.625 75.375 -2.0915
35.625 75.625 -1.4189
35.625 75.875 -1.4715
35.625 76.125 -1.2362
35.625 76.375 -1.0882
35.625 76.625 -1.0607
35.625 76.875 -0.94758
35.625 77.125 -0.77236
35.625 78.375 -0.39998
35.625 78.625 -0.34818
35.625 78.875 -0.27458
35.625 79.125 -0.20161
35.625 79.375 -0.15014
35.625 79.625 -0.14636
35.625 79.875 -0.16596
35.625 80.125 -0.22143
35.875 73.125 0.37537
35.875 73.375 0.067904
35.875 73.625 -0.33356
35.875 73.875 -0.67559
35.875 74.125 -1.0418
35.875 74.375 -0.95392
35.875 74.625 -0.74615
35.875 74.875 -0.45205
35.875 75.125 -1.9356
35.875 75.375 -2.2266
35.875 75.625 -2.0454
35.875 75.875 -1.8213
35.875 76.125 -1.6446
35.875 76.375 -1.3229
35.875 76.625 -1.1025
35.875 79.375 -0.21092
36.125 72.625 -0.039078
36.125 72.875 -1.7613
36.125 73.125 -1.6684
36.125 73.375 0.15608
36.125 73.625 -0.066295
36.125 73.875 -0.37622
36.125 74.125 -0.75785
36.125 74.375 -0.88306
36.125 74.625 -0.82184
36.125 74.875 -0.66656
36.125 75.125 -1.4456
36.125 75.375 -2.1762
36.125 75.625 -2.1381
36.125 75.875 -1.9862
36.125 76.125 -1.8298
36.125 76.375 -1.6027
36.125 76.625 -1.3948
36.375 73.125 0.13931
36.375 73.375 0.13487
36.375 73.625 0.036386
36.375 73.875 -0.14756
36.375 74.125 -0.44373
36.375 74.375 -0.70179
36.375 74.625 -0.79013
36.375 74.875 -0.74325
36.375 75.125 -1.1202
36.375 75.375 -1.9226
36.375 75.625 -2.1902
36.375 75.875 -2.1117
36.375 76.125 -1.9682
36.625 73.375 0.083301
36.625 73.625 0.051747
36.625 73.875 -0.04269
36.625 74.125 -0.22132
36.625 74.375 -0.45754
36.625 74.625 -0.65364
36.625 74.875 -0.72103
36.625 75.125 -0.93599
36.625 75.375 -1.5401
36.625 75.625 -2.0924
36.875 73.875 -0.010047
36.875 74.375 -0.26684
36.875 74.625 -0.45973
36.875 74.875 -0.60888
36.875 75.125 -0.79037
36.875 75.375 -1.2014
