8.125 77.375 0.50387
8.375 77.125 -0.45926
8.375 77.375 0.54153
8.375 77.625 0.93488
8.375 77.875 1.015
8.625 76.875 -0.29445
8.625 77.125 0.31368
8.625 77.375 0.75429
8.625 77.625 0.049892
8.625 77.875 1.6216
8.875 76.875 -1.5539
8.875 77.125 1.126
8.875 77.375 -0.10766
8.875 77.625 0.087304
8.875 77.875 -1.332
9.125 76.625 0.49907
9.125 76.875 0.49027
9.125 77.125 0.87423
9.125 77.375 0.24945
9.125 77.625 -0.34446
9.125 77.875 -0.97417
9.125 78.125 0.35561
NaN NaN NaN
9.375 76.625 -0.12928
9.375 76.875 0.033798
9.375 77.125 0.55372
9.375 77.375 0.66461
9.375 77.625 -0.038187
9.375 77.875 0.13591
9.375 78.125 0.10527
9.375 78.375 0.095759
9.375 78.625 -0.34283
NaN NaN NaN
9.625 76.375 0.0030688
9.625 76.625 0.012998
9.625 76.875 0.069966
9.625 77.125 0.42941
9.625 77.375 0.35391
9.625 77.625 -0.55438
9.625 77.875 0.64348
9.625 78.125 0.036291
9.625 78.375 0.09117
9.625 78.625 0.36713
9.875 76.625 -0.46739
9.875 76.875 -1.2016
9.875 77.125 0.51466
9.875 77.375 -0.5465
9.875 77.625 -0.22366
9.875 77.875 0.33936
9.875 78.125 -0.6154
9.875 78.375 0.31264
9.875 78.625 0.2538
9.875 78.875 0.01209
10.125 76.375 -0.6772
10.125 76.625 0.4591
10.125 76.875 1.6246
10.125 77.125 -0.35595
10.125 77.375 -0.36797
10.125 77.625 0.35519
10.125 77.875 0.45943
10.125 78.125 0.1644
10.125 78.375 0.72196
10.125 78.625 -0.084251
10.125 78.875 -0.19987
10.125 79.125 -0.20992
10.375 76.375 -1.2745
10.375 76.625 -0.32572
10.375 76.875 0.65457
10.375 77.125 0.28525
10.375 77.375 0.19613
10.375 77.625 0.61345
10.375 77.875 -0.35591
10.375 78.125 0.22105
10.375 78.375 0.20239
10.375 78.625 0.010269
10.375 78.875 -0.21405
10.375 79.125 -0.1731
NaN NaN NaN
NaN NaN NaN
10.625 76.125 -0.6271
10.625 76.375 -0.36669
10.625 76.625 -0.51343
10.625 76.875 0.11375
10.625 77.125 -0.38505
10.625 77.375 -0.43448
10.625 77.625 0.4325
10.625 77.875 -0.17426
10.625 78.125 -0.64844
10.625 78.375 -0.88105
10.625 78.625 -0.25402
10.625 78.875 -0.081275
10.625 79.125 1.0343
10.625 79.375 0.79471
10.625 79.625 1.2144
10.875 76.125 -0.15477
10.875 76.375 0.67157
10.875 76.625 -0.4828
10.875 76.875 -0.74338
10.875 77.125 0.31945
10.875 77.375 0.1981
10.875 77.625 -0.51814
10.875 77.875 -0.77549
10.875 78.125 -1.8166
10.875 78.375 -0.074914
10.875 78.625 0.82136
10.875 78.875 0.42591
10.875 79.125 -0.6965
10.875 79.375 -0.42241
10.875 79.625 0.83413
11.125 76.125 -0.72858
11.125 76.375 0.29157
11.125 76.625 1.3471
11.125 76.875 -1.0821
11.125 77.125 0.25946
11.125 77.375 0.080105
11.125 77.625 0.10383
11.125 77.875 0.1856
11.125 78.125 -1.0189
11.125 78.375 0.49135
11.125 78.625 0.10796
11.125 78.875 0.35007
11.125 79.125 0.45199
11.125 79.375 0.4361
11.125 79.625 0.19325
11.375 75.875 -0.84759
11.375 76.125 -1.2326
11.375 76.375 -0.053278
11.375 76.625 -0.83088
11.375 76.875 0.80771
11.375 77.125 -0.049955
11.375 77.375 -0.57184
11.375 77.625 0.0058285
11.375 77.875 0.34005
11.375 78.125 0.35598
11.375 78.375 -0.27098
11.375 78.625 -0.39031
11.375 78.875 0.11801
11.375 79.125 0.14926
11.375 79.375 0.20477
11.375 79.625 0.067271
11.625 75.875 -0.70941
11.625 76.125 0.38738
11.625 76.375 -1.0544
11.625 76.625 0.61946
11.625 76.875 -0.22889
11.625 77.125 0.0337
11.625 77.375 0.12641
11.625 77.625 -0.13768
11.625 77.875 -0.8178
11.625 78.125 -0.19756
11.625 78.375 -0.89256
11.625 78.625 0.073352
11.625 78.875 0.16116
11.625 79.125 0.50501
11.625 79.375 0.13856
NaN NaN NaN
NaN NaN NaN
11.875 75.875 -0.67459
11.875 76.125 -0.51552
11.875 76.375 -0.098289
11.875 76.625 0.33156
11.875 76.875 -1.417
11.875 77.125 0.86206
11.875 77.375 0.54425
11.875 77.625 0.031107
11.875 77.875 -0.50004
11.875 78.125 -0.056033
11.875 78.375 -0.06105
11.875 78.625 0.092897
11.875 78.875 -0.33213
11.875 79.125 0.64076
11.875 79.375 -0.024591
11.875 79.625 -0.021481
12.125 75.375 -1.5532
12.125 75.625 -0.1521
12.125 75.875 1.1241
12.125 76.125 -0.38913
12.125 76.375 -0.46596
12.125 76.625 -0.2374
12.125 76.875 -0.54379
12.125 77.125 0.4254
12.125 77.375 0.1398
12.125 77.625 -0.10797
12.125 77.875 -1.2004
12.125 78.125 -0.37337
12.125 78.375 0.43927
12.125 78.625 -0.29999
12.125 78.875 -0.71582
12.125 79.125 0.25968
12.125 79.375 0.29818
12.125 79.625 0.13146
12.375 75.125 -0.66147
12.375 75.375 -0.79416
12.375 75.625 -0.16613
12.375 75.875 0.78235
12.375 76.125 0.34425
12.375 76.375 0.019496
12.375 76.625 0.73808
12.375 76.875 -0.97923
12.375 77.125 -1.3394
12.375 77.375 -0.14729
12.375 77.625 -0.028629
12.375 77.875 -0.71847
12.375 78.125 -0.23578
12.375 78.375 -0.028102
12.375 78.625 0.02107
12.375 78.875 -0.53155
12.375 79.125 0.11812
12.375 79.375 0.080151
12.375 79.625 -0.04801
12.375 79.875 0.12254
12.625 75.125 -1.2923
12.625 75.375 -0.93685
12.625 75.625 -1.0798
12.625 75.875 -0.070045
12.625 76.125 0.043417
12.625 76.375 0.98651
12.625 76.625 0.93828
12.625 76.875 0.23313
12.625 77.125 -0.6642
12.625 77.375 -0.66143
12.625 77.625 -0.019371
12.625 77.875 -0.44214
12.625 78.125 0.12005
12.625 78.375 0.4513
12.625 78.625 0.38417
12.625 78.875 0.6256
12.625 79.125 0.401
12.625 79.375 -0.48053
12.625 79.625 -0.63168
12.625 79.875 -1.4076
12.875 75.125 -0.65022
12.875 75.375 0.19912
12.875 75.625 -1.7506
12.875 75.875 0.04431
12.875 76.125 0.40987
12.875 76.375 1.6763
12.875 76.625 1.0742
12.875 76.875 -0.20878
12.875 77.125 -0.023193
12.875 77.375 -0.05891
12.875 77.625 -0.64457
12.875 77.875 -0.69405
12.875 78.125 -0.96733
12.875 78.375 -0.27904
12.875 78.625 0.040352
12.875 78.875 -0.3137
12.875 79.125 -0.17284
12.875 79.375 0.2691
12.875 79.625 0.28655
12.875 79.875 -0.69665
NaN NaN NaN
13.125 75.125 -0.89739
13.125 75.375 -0.92238
13.125 75.625 0.32166
13.125 75.875 0.26236
13.125 76.125 0.71172
13.125 76.375 1.0322
13.125 76.625 0.99476
13.125 76.875 0.46594
13.125 77.125 0.038832
13.125 77.375 -0.20926
13.125 77.625 0.064166
13.125 77.875 -1.1909
13.125 78.125 -0.6527
13.125 78.375 -0.57001
13.125 78.625 -0.57215
13.125 78.875 -0.37681
13.125 79.125 0.061922
13.125 79.375 -0.12824
13.125 79.625 0.62651
13.125 79.875 0.42505
13.125 80.125 0.33772
NaN NaN NaN
13.375 75.125 -0.4697
13.375 75.375 -0.89524
13.375 75.625 -0.72292
13.375 75.875 0.012987
13.375 76.125 1.1223
13.375 76.375 0.58464
13.375 76.625 0.57771
13.375 76.875 0.53415
13.375 77.125 0.80549
13.375 77.375 -0.84654
13.375 77.625 -0.13721
13.375 77.875 -0.059045
13.375 78.125 -1.346
13.375 78.375 -0.92527
13.375 78.625 -0.8807
13.375 78.875 -1.24
13.375 79.125 -1.1904
13.375 79.375 -1.414
13.375 79.625 0.49026
13.375 79.875 0.20772
13.375 80.125 0.33026
13.625 74.875 -1.6501
13.625 75.125 -0.25511
13.625 75.375 -0.064029
13.625 75.625 -0.446
13.625 75.875 0.46406
13.625 76.125 0.55395
13.625 76.375 -0.32547
13.625 76.625 0.26816
13.625 76.875 -0.28351
13.625 77.125 0.27728
13.625 77.375 -1.4038
13.625 77.625 -0.45299
13.625 77.875 -0.29859
13.625 78.125 -1.4248
13.625 78.375 -0.9186
13.625 78.625 -0.88611
13.625 78.875 0.25575
13.625 79.125 0.54924
13.625 79.375 0.30061
13.625 79.625 -0.83507
13.625 79.875 -0.36909
13.625 80.125 0.32441
13.875 74.875 -0.52278
13.875 75.125 0.46358
13.875 75.375 0.11137
13.875 75.625 0.53242
13.875 75.875 0.35077
13.875 76.125 -0.62166
13.875 76.375 -0.19787
13.875 76.625 0.47634
13.875 76.875 -0.7653
13.875 77.125 -0.40801
13.875 77.375 0.0043192
13.875 77.625 -0.78644
13.875 77.875 -0.64206
13.875 78.125 -1.906
13.875 78.375 0.52529
13.875 78.625 -0.47744
13.875 78.875 0.46263
13.875 79.125 0.41359
13.875 79.375 -0.48905
13.875 79.625 -1.4919
13.875 79.875 -0.38143
14.125 74.625 -0.47104
14.125 74.875 -0.28958
14.125 75.125 -0.079272
14.125 75.375 -0.012343
14.125 75.625 -0.35136
14.125 75.875 0.17108
14.125 76.125 0.75638
14.125 76.375 0.65417
14.125 76.625 -0.20531
14.125 76.875 1.4391
14.125 77.125 0.23129
14.125 77.375 -0.20988
14.125 77.625 -0.26929
14.125 77.875 -0.13546
14.125 78.125 -0.45284
14.125 78.375 0.26549
14.125 78.625 -0.71284
14.125 78.875 -0.51019
14.125 79.125 0.21556
14.125 79.375 -0.013368
14.125 79.625 0.3513
14.125 79.875 0.35016
14.375 74.625 -0.80325
14.375 74.875 0.27385
14.375 75.125 -0.83908
14.375 75.375 -0.78145
14.375 75.625 0.56571
14.375 75.875 0.32711
14.375 76.125 0.49652
14.375 76.375 1.2885
14.375 76.625 0.8151
14.375 76.875 0.38835
14.375 77.125 0.91453
14.375 77.375 0.57008
14.375 77.625 -0.0056317
14.375 77.875 -0.087699
14.375 78.125 -0.18256
14.375 78.375 0.47437
14.375 78.625 0.21348
14.375 78.875 0.33231
14.375 79.125 0.98529
14.375 79.375 1.4349
14.375 79.625 1.083
14.375 79.875 0.9028
NaN NaN NaN
14.625 74.625 -1.8652
14.625 74.875 -0.87383
14.625 75.125 -0.81357
14.625 75.375 -0.31007
14.625 75.625 -1.1292
14.625 75.875 0.02715
14.625 76.125 0.42199
14.625 76.375 0.11341
14.625 76.625 0.39846
14.625 76.875 1.3889
14.625 77.125 1.1733
14.625 77.375 0.2048
14.625 77.625 0.22414
14.625 77.875 0.97383
14.625 78.125 0.76504
14.625 78.375 0.9349
14.625 78.625 -0.05503
14.625 78.875 0.45491
14.625 79.125 1.1242
14.625 79.375 1.5624
14.625 79.625 0.23798
14.625 79.875 0.62031
14.875 74.375 -0.87636
14.875 74.625 -1.0948
14.875 74.875 -1.2861
14.875 75.125 -0.35103
14.875 75.375 -0.92805
14.875 75.625 0.068445
14.875 75.875 -0.99357
14.875 76.125 -0.74184
14.875 76.375 -0.98773
14.875 76.625 -0.19391
14.875 76.875 1.3903
14.875 77.125 0.57964
14.875 77.375 -0.40385
14.875 77.625 -0.041016
14.875 77.875 -0.081086
14.875 78.125 0.37603
14.875 78.375 0.64601
14.875 78.625 0.10998
14.875 78.875 0.59306
14.875 79.125 0.93201
14.875 79.375 0.66973
14.875 79.625 0.2213
14.875 79.875 0.20072
15.125 74.125 -1.4712
15.125 74.375 0.73264
15.125 74.625 0.011735
15.125 74.875 -0.027663
15.125 75.125 -0.24572
15.125 75.375 0.013589
15.125 75.625 0.61664
15.125 75.875 -0.24437
15.125 76.125 -0.7562
15.125 76.375 -0.80471
15.125 76.625 -1.3296
15.125 76.875 -0.38635
15.125 77.125 -0.58843
15.125 77.375 -1.0101
15.125 77.625 -0.30953
15.125 77.875 -0.86501
15.125 78.125 -0.65627
15.125 78.375 -0.24086
15.125 78.625 0.92758
15.125 78.875 0.78295
15.125 79.125 0.15918
15.125 79.375 1.2744
15.125 79.625 1.1528
15.125 79.875 0.89032
15.375 73.875 -1.5722
15.375 74.125 -1.482
15.375 74.375 -0.34576
15.375 74.625 -0.31004
15.375 74.875 0.50406
15.375 75.125 0.11354
15.375 75.375 1.1194
15.375 75.625 1.0626
15.375 75.875 -0.0054506
15.375 76.125 -0.64958
15.375 76.375 -0.34351
15.375 76.625 -0.75738
15.375 76.875 -0.72108
15.375 77.125 -1.2632
15.375 77.375 -1.6745
15.375 77.625 -0.22439
15.375 77.875 -0.92639
15.375 78.125 -1.1904
15.375 78.375 -0.29745
15.375 78.625 1.667
15.375 78.875 0.89351
15.375 79.125 -0.59795
15.375 79.375 -1.3831
15.375 79.625 -0.27965
15.375 79.875 -0.12889
15.625 73.875 -1.0407
15.625 74.125 -1.0131
15.625 74.375 -1.191
15.625 74.625 -0.095138
15.625 74.875 0.2258
15.625 75.125 -0.28047
15.625 75.375 -0.11947
15.625 75.625 0.33794
15.625 75.875 0.2542
15.625 76.125 0.22347
15.625 76.375 -0.62535
15.625 76.625 -0.79443
15.625 76.875 -0.85088
15.625 77.125 -1.1904
15.625 77.375 -1.2496
15.625 77.625 -1.0037
15.625 77.875 -1.0153
15.625 78.125 -0.8834
15.625 78.375 -1.1898
15.625 78.625 -1.0574
15.625 78.875 1.4137
15.625 79.125 -1.2402
15.625 79.375 -1.3209
15.625 79.625 -0.31692
15.625 79.875 -0.64544
15.625 80.125 -0.58644
15.875 73.875 0.39238
15.875 74.125 -0.4014
15.875 74.375 -0.37026
15.875 74.625 -0.2459
15.875 74.875 0.10738
15.875 75.125 -0.39824
15.875 75.375 -0.46886
15.875 75.625 -0.67169
15.875 75.875 -0.64595
15.875 76.125 -1.1856
15.875 76.375 -1.0313
15.875 76.625 -0.74353
15.875 76.875 -0.062878
15.875 77.125 -1.0088
15.875 77.375 -0.68317
15.875 77.625 -1.6887
15.875 77.875 -0.059964
15.875 78.125 -0.28175
15.875 78.375 -0.21893
15.875 78.625 0.75582
15.875 78.875 -0.60339
15.875 79.125 -0.75442
15.875 79.375 0.013407
15.875 79.625 -1.0158
15.875 79.875 -0.94148
15.875 80.125 -0.53745
15.875 80.375 -0.30209
NaN NaN NaN
15.875 80.875 -0.51306
16.125 73.625 0.69436
16.125 73.875 0.22463
16.125 74.125 0.011725
16.125 74.375 -0.2386
16.125 74.625 -0.041551
16.125 74.875 0.035907
16.125 75.125 -1.7167
16.125 75.375 -0.9756
16.125 75.625 -1.1039
16.125 75.875 -1.2855
16.125 76.125 -1.6019
16.125 76.375 -1.5415
16.125 76.625 -0.23475
16.125 76.875 -0.69665
16.125 77.125 -0.66915
16.125 77.375 0.013962
16.125 77.625 -1.0453
16.125 77.875 0.16504
16.125 78.125 0.29131
16.125 78.375 0.4682
16.125 78.625 0.523
16.125 78.875 -0.30301
16.125 79.125 -0.25125
16.125 79.375 -0.94239
16.125 79.625 -1.3758
16.125 79.875 -0.8407
16.125 80.125 -0.05722
16.125 80.375 0.54514
16.125 80.625 -0.06327
16.125 80.875 0.049637
16.375 73.625 -0.4461
16.375 73.875 0.76203
16.375 74.125 -0.23712
16.375 74.375 0.24736
16.375 74.625 -1.0285
16.375 74.875 0.2593
16.375 75.125 -1.3347
16.375 75.375 -1.0202
16.375 75.625 -1.479
16.375 75.875 -1.12
16.375 76.125 -0.45293
16.375 76.375 0.1976
16.375 76.625 0.064487
16.375 76.875 -0.31767
16.375 77.125 -0.66705
16.375 77.375 -0.63845
16.375 77.625 -0.69506
16.375 77.875 -0.069997
16.375 78.125 0.33497
16.375 78.375 0.52745
16.375 78.625 0.62506
16.375 78.875 0.19879
16.375 79.125 0.12571
16.375 79.375 -0.33215
16.375 79.625 -1.231
16.375 79.875 -0.60583
16.375 80.125 -0.032021
16.375 80.375 -0.21226
16.375 80.625 0.1306
16.375 80.875 0.85178
16.375 81.125 0.46522
NaN NaN NaN
NaN NaN NaN
16.625 73.625 -0.87356
16.625 73.875 -1.3631
16.625 74.125 0.85588
16.625 74.375 -1.9708
16.625 74.625 -0.55359
16.625 74.875 -1.1185
16.625 75.125 -0.64745
16.625 75.375 -1.8902
16.625 75.625 -1.6342
16.625 75.875 -1.5448
16.625 76.125 -1.0457
16.625 76.375 -1.1187
16.625 76.625 -0.9105
16.625 76.875 -0.42343
16.625 77.125 -0.22897
16.625 77.375 -0.31934
16.625 77.625 -1.3039
16.625 77.875 -0.10032
16.625 78.125 0.70901
16.625 78.375 0.52052
16.625 78.625 1.4923
16.625 78.875 -0.1731
16.625 79.125 -0.59624
16.625 79.375 -0.4208
16.625 79.625 -0.19261
16.625 79.875 -0.33979
16.625 80.125 -0.18657
16.625 80.375 -0.56015
16.625 80.625 -0.42103
16.625 80.875 0.19763
16.625 81.125 -1.0848
16.625 81.375 -0.39979
16.625 81.625 0.65656
16.625 81.875 0.70784
16.625 82.125 0.53121
16.875 73.375 -1.0151
16.875 73.625 -1.2847
16.875 73.875 -1.4926
16.875 74.125 -2.0022
16.875 74.375 0.0072031
16.875 74.625 -1.6278
16.875 74.875 -1.6738
16.875 75.125 -1.4537
16.875 75.375 -0.64753
16.875 75.625 -0.26617
16.875 75.875 -1.6893
16.875 76.125 -1.7216
16.875 76.375 -1.8095
16.875 76.625 -1.7385
16.875 76.875 -0.84627
16.875 77.125 -0.58206
16.875 77.375 -0.51796
16.875 77.625 -1.4003
16.875 77.875 -0.73494
16.875 78.125 -0.90573
16.875 78.375 -0.96692
16.875 78.625 -0.10809
16.875 78.875 -1.6342
16.875 79.125 -1.2147
16.875 79.375 -0.88066
16.875 79.625 -0.50911
16.875 79.875 -0.32919
16.875 80.125 -0.16674
16.875 80.375 -0.58189
16.875 80.625 -0.55716
16.875 80.875 0.15156
16.875 81.125 -0.37145
16.875 81.375 -0.46609
16.875 81.625 -0.15179
16.875 81.875 0.025041
16.875 82.125 0.071612
17.125 73.375 -0.82833
17.125 73.625 -0.55218
17.125 73.875 -0.54244
17.125 74.125 -1.7389
17.125 74.375 -2.0121
17.125 74.625 -2.1289
17.125 74.875 -1.994
17.125 75.125 -2.0632
17.125 75.375 -1.8657
17.125 75.625 -0.42001
17.125 75.875 -1.7373
17.125 76.125 -2.1045
17.125 76.375 -1.6166
17.125 76.625 -1.4994
17.125 76.875 -0.90667
17.125 77.125 -0.89698
17.125 77.375 -1.3196
17.125 77.625 -0.79451
17.125 77.875 -0.47719
17.125 78.125 -0.40382
17.125 78.375 -0.7956
17.125 78.625 -0.37882
17.125 78.875 0.3563
17.125 79.125 0.34876
17.125 79.375 -0.34299
17.125 79.625 -0.44786
17.125 79.875 -0.4102
17.125 80.125 0.08828
17.125 80.375 -0.54329
17.125 80.625 -0.51945
17.125 80.875 -0.0092842
17.125 81.125 -0.1141
17.125 81.375 -0.036446
17.125 81.625 -0.47993
17.125 81.875 -0.64094
17.125 82.125 0.036534
17.125 82.375 -0.012534
17.375 73.375 -0.92547
17.375 73.625 -1.2133
17.375 73.875 0.37332
17.375 74.125 -2.0332
17.375 74.375 -1.919
17.375 74.625 -2.0952
17.375 74.875 -1.8807
17.375 75.125 -2.2079
17.375 75.375 -2.323
17.375 75.625 -2.0894
17.375 75.875 -2.0533
17.375 76.125 -1.571
17.375 76.375 -1.3364
17.375 76.625 -1.3107
17.375 76.875 -0.16772
17.375 77.125 -0.69253
17.375 77.375 -1.1631
17.375 77.625 -0.27273
17.375 77.875 -0.38542
17.375 78.125 -0.40745
17.375 78.375 -0.8889
17.375 78.625 -1.4518
17.375 78.875 1.123
17.375 79.125 0.95573
17.375 79.375 0.4423
17.375 79.625 -0.29735
17.375 79.875 0.38892
17.375 80.125 0.3861
17.375 80.375 0.28976
17.375 80.625 -0.1649
17.375 80.875 -0.56212
17.375 81.125 -0.75573
17.375 81.375 -0.33557
17.375 81.625 -0.58044
17.375 81.875 -0.56959
17.375 82.125 -0.07136
17.375 82.375 -0.11144
NaN NaN NaN
17.625 73.375 -0.089533
17.625 73.625 -2.2296
17.625 73.875 -0.5944
17.625 74.125 -1.9721
17.625 74.375 -2.0303
17.625 74.625 -2.2198
17.625 74.875 -1.7821
17.625 75.125 -1.7437
17.625 75.375 -1.9591
17.625 75.625 -1.9758
17.625 75.875 -2.0908
17.625 76.125 -1.8927
17.625 76.375 -2.0783
17.625 76.625 -1.1155
17.625 76.875 -0.65986
17.625 77.125 -0.63852
17.625 77.375 -1.3198
17.625 77.625 -1.4605
17.625 77.875 -1.1439
17.625 78.125 -0.39636
17.625 78.375 -0.29246
17.625 78.625 0.086059
17.625 78.875 -0.011287
17.625 79.125 0.36806
17.625 79.375 -0.55251
17.625 79.625 0.29796
17.625 79.875 0.3708
17.625 80.125 0.58213
17.625 80.375 0.20159
17.625 80.625 -0.59513
17.625 80.875 -0.18544
17.625 81.125 -0.29651
17.625 81.375 0.07034
17.625 81.625 -0.61858
17.625 81.875 -0.5836
17.625 82.125 -0.41359
17.625 82.375 -0.31654
17.625 82.625 0.13168
17.625 82.875 0.0020454
17.625 83.125 0.19159
17.875 73.375 0.38102
17.875 73.625 -1.1422
17.875 73.875 -0.015853
17.875 74.125 -1.9631
17.875 74.375 -1.3767
17.875 74.625 -1.7495
17.875 74.875 -0.85753
17.875 75.125 -2.2134
17.875 75.375 -2.182
17.875 75.625 -1.9458
17.875 75.875 -2.0291
17.875 76.125 -2.0847
17.875 76.375 -2.1494
17.875 76.625 -1.6231
17.875 76.875 -1.3681
17.875 77.125 -0.32139
17.875 77.375 -0.71265
17.875 77.625 -0.096978
17.875 77.875 -0.21449
17.875 78.125 0.50744
17.875 78.375 0.27344
17.875 78.625 0.73349
17.875 78.875 0.39315
17.875 79.125 0.18489
17.875 79.375 -0.74307
17.875 79.625 -0.60068
17.875 79.875 -0.33385
17.875 80.125 -0.61017
17.875 80.375 -1.0783
17.875 80.625 -0.68411
17.875 80.875 0.072254
17.875 81.125 0.046802
17.875 81.375 0.96112
17.875 81.625 -0.027133
17.875 81.875 -0.62539
17.875 82.125 -0.90256
17.875 82.375 -0.86324
17.875 82.625 0.059474
17.875 82.875 0.30273
17.875 83.125 -0.30588
17.875 83.375 -0.32149
NaN NaN NaN
18.125 73.375 -1.4256
18.125 73.625 0.85678
18.125 73.875 0.81355
18.125 74.125 -0.85974
18.125 74.375 -0.75246
18.125 74.625 -1.0927
18.125 74.875 -1.0692
18.125 75.125 -1.9466
18.125 75.375 -2.0552
18.125 75.625 -2.0201
18.125 75.875 -2.1837
18.125 76.125 -1.8037
18.125 76.375 -1.7559
18.125 76.625 -2.0467
18.125 76.875 -1.2156
18.125 77.125 1.1892
18.125 77.375 0.26148
18.125 77.625 0.36612
18.125 77.875 -0.038917
18.125 78.125 0.80085
18.125 78.375 0.45478
18.125 78.625 0.57031
18.125 78.875 1.0748
18.125 79.125 -0.01487
18.125 79.375 -1.4963
18.125 79.625 -0.15293
18.125 79.875 -0.47998
18.125 80.125 -0.81574
18.125 80.375 -1.3726
18.125 80.625 -1.4379
18.125 80.875 -0.19245
18.125 81.125 -0.30838
18.125 81.375 0.87067
18.125 81.625 1.0376
18.125 81.875 0.56982
18.125 82.125 -0.5084
18.125 82.375 -0.57497
18.125 82.625 0.16218
18.125 82.875 0.50843
18.125 83.125 0.84932
18.125 83.375 0.067106
18.125 83.625 0.61924
18.375 73.125 -0.36967
18.375 73.375 -0.089906
18.375 73.625 1.4201
18.375 73.875 1.1048
18.375 74.125 -0.84002
18.375 74.375 -1.0521
18.375 74.625 -2.251
18.375 74.875 -2.311
18.375 75.125 -1.8849
18.375 75.375 -1.0039
18.375 75.625 -1.6419
18.375 75.875 -2.1117
18.375 76.125 -1.6799
18.375 76.375 -1.7292
18.375 76.625 -1.7732
18.375 76.875 -1.3893
18.375 77.125 -0.70296
18.375 77.375 -0.27956
18.375 77.625 -0.41321
18.375 77.875 0.0073381
18.375 78.125 0.61496
18.375 78.375 1.4718
18.375 78.625 0.31227
18.375 78.875 -0.41625
18.375 79.125 0.46098
18.375 79.375 -0.33006
18.375 79.625 -0.29345
18.375 79.875 -0.71149
18.375 80.125 -0.80308
18.375 80.375 -0.11816
18.375 80.625 0.073886
18.375 80.875 -0.73016
18.375 81.125 -0.11317
18.375 81.375 0.7493
18.375 81.625 1.11
18.375 81.875 0.81141
18.375 82.125 0.82485
18.375 82.375 0.90935
18.375 82.625 0.083599
18.375 82.875 -1.1318
18.375 83.125 0.65145
18.375 83.375 0.27338
18.375 83.625 0.33083
18.375 83.875 0.47394
18.625 73.125 0.86082
18.625 73.375 1.5137
18.625 73.625 1.5845
18.625 73.875 1.6868
18.625 74.125 -0.56011
18.625 74.375 -0.89674
18.625 74.625 -1.8154
18.625 74.875 -1.8737
18.625 75.125 -2.035
18.625 75.375 -1.9057
18.625 75.625 -1.6316
18.625 75.875 -1.7531
18.625 76.125 -2.2025
18.625 76.375 -1.3116
18.625 76.625 -0.29169
18.625 76.875 -0.8094
18.625 77.125 -0.9464
18.625 77.375 -0.70305
18.625 77.625 -0.030397
18.625 77.875 -0.034612
18.625 78.125 -0.45753
18.625 78.375 -0.090777
18.625 78.625 -0.64952
18.625 78.875 -0.14152
18.625 79.125 -0.33643
18.625 79.375 -0.54534
18.625 79.625 -0.98506
18.625 79.875 -0.43251
18.625 80.125 -0.01733
18.625 80.375 1.2943
18.625 80.625 1.0092
18.625 80.875 -0.39903
18.625 81.125 -0.63965
18.625 81.375 0.15313
18.625 81.625 0.53132
18.625 81.875 0.67436
18.625 82.125 0.95858
18.625 82.375 1.3701
18.625 82.625 1.5683
18.625 82.875 0.014516
18.625 83.125 -0.74519
18.625 83.375 -0.54234
18.625 83.625 0.26175
18.625 83.875 0.024087
18.625 84.125 -0.045335
18.875 73.125 0.67483
18.875 73.375 0.53724
18.875 73.625 1.7496
18.875 73.875 1.7569
18.875 74.125 -1.8054
18.875 74.375 -1.9011
18.875 74.625 -1.7766
18.875 74.875 -1.8231
18.875 75.125 -2.1669
18.875 75.375 -1.9597
18.875 75.625 -1.9804
18.875 75.875 -2.1286
18.875 76.125 -1.1761
18.875 76.375 -0.76643
18.875 76.625 -0.90441
18.875 76.875 -0.49631
18.875 77.125 -0.74908
18.875 77.375 -1.0302
18.875 77.625 0.3743
18.875 77.875 0.24995
18.875 78.125 -0.74479
18.875 78.375 -2.0715
18.875 78.625 -0.081313
18.875 78.875 0.76279
18.875 79.125 -0.13671
18.875 79.375 -0.27398
18.875 79.625 -0.99981
18.875 79.875 -0.60807
18.875 80.125 -0.54687
18.875 80.375 0.7905
18.875 80.625 1.2774
18.875 80.875 1.1596
18.875 81.125 0.72161
18.875 81.375 1.1324
18.875 81.625 0.045251
18.875 81.875 1.0888
18.875 82.125 1.0959
18.875 82.375 1.199
18.875 82.625 0.47219
18.875 82.875 0.49518
18.875 83.125 -1.3429
18.875 83.375 0.062137
18.875 83.625 0.369
18.875 83.875 0.32051
18.875 84.125 0.20205
18.875 84.375 0.18288
19.125 73.125 -0.21456
19.125 73.375 0.42361
19.125 73.625 0.92658
19.125 73.875 0.94066
19.125 74.125 -1.5874
19.125 74.375 -1.8223
19.125 74.625 -1.9862
19.125 74.875 -2.0096
19.125 75.125 -2.1236
19.125 75.375 -1.7575
19.125 75.625 -1.8413
19.125 75.875 -1.9652
19.125 76.125 -1.0767
19.125 76.375 -0.8319
19.125 76.625 -0.74248
19.125 76.875 -1.2116
19.125 77.125 -0.61011
19.125 77.375 -0.47641
19.125 77.625 -0.89926
19.125 77.875 -1.0668
19.125 78.125 -1.6926
19.125 78.375 -1.4402
19.125 78.625 -0.74992
19.125 78.875 0.11024
19.125 79.125 -0.23408
19.125 79.375 -0.040666
19.125 79.625 0.11108
19.125 79.875 -0.38941
19.125 80.125 -0.63747
19.125 80.375 -0.21181
19.125 80.625 1.4516
19.125 80.875 1.7824
19.125 81.125 1.1086
19.125 81.375 0.42595
19.125 81.625 0.16486
19.125 81.875 -0.43651
19.125 82.125 0.95285
19.125 82.375 1.2343
19.125 82.625 -0.13562
19.125 82.875 0.34175
19.125 83.125 -0.4657
19.125 83.375 -0.031973
19.125 83.625 -0.43613
19.125 83.875 -0.25035
19.125 84.125 0.27757
19.125 84.375 0.40648
19.125 84.625 0.81471
19.375 72.875 0.24008
19.375 73.125 -1.089
19.375 73.375 0.50535
19.375 73.625 0.83501
19.375 73.875 0.40845
19.375 74.125 0.16128
19.375 74.375 -1.1859
19.375 74.625 -1.6119
19.375 74.875 -2.2144
19.375 75.125 -1.7353
19.375 75.375 -1.3996
19.375 75.625 -1.8787
19.375 75.875 -2.0673
19.375 76.125 -1.7472
19.375 76.375 -1.6147
19.375 76.625 -1.7396
19.375 76.875 -1.63
19.375 77.125 -1.3983
19.375 77.375 -1.9293
19.375 77.625 -1.7499
19.375 77.875 -1.4613
19.375 78.125 -1.1477
19.375 78.375 -1.3543
19.375 78.625 -1.0827
19.375 78.875 -0.47749
19.375 79.125 -0.11183
19.375 79.375 0.28066
19.375 79.625 -0.10274
19.375 79.875 -0.52323
19.375 80.125 -0.37111
19.375 80.375 -0.05199
19.375 80.625 0.98654
19.375 80.875 1.1023
19.375 81.125 0.60223
19.375 81.375 0.28652
19.375 81.625 0.12013
19.375 81.875 0.36934
19.375 82.125 0.60095
19.375 82.375 0.21033
19.375 82.625 -0.32724
19.375 82.875 0.79616
19.375 83.125 0.035142
19.375 83.375 -0.523
19.375 83.625 -0.74395
19.375 83.875 -1.1985
19.375 84.125 0.0057842
19.375 84.375 0.34175
19.375 84.625 0.54415
19.375 84.875 0.69991
19.625 72.875 0.32499
19.625 73.125 0.99767
19.625 73.375 0.86777
19.625 73.625 0.83755
19.625 73.875 0.70565
19.625 74.125 0.006664
19.625 74.375 -1.2836
19.625 74.625 -1.6753
19.625 74.875 -1.6617
19.625 75.125 -1.7286
19.625 75.375 -1.7167
19.625 75.625 -1.9752
19.625 75.875 -1.8313
19.625 76.125 -1.538
19.625 76.375 -1.5502
19.625 76.625 -1.8481
19.625 76.875 -1.9461
19.625 77.125 -1.5697
19.625 77.375 -1.302
19.625 77.625 -1.2365
19.625 77.875 -1.5333
19.625 78.125 -1.5109
19.625 78.375 -1.5698
19.625 78.625 -0.59732
19.625 78.875 -0.64726
19.625 79.125 -0.95795
19.625 79.375 -1.5784
19.625 79.625 -1.1611
19.625 79.875 -0.98108
19.625 80.125 -0.6265
19.625 80.375 -0.43508
19.625 80.625 0.52728
19.625 80.875 0.93614
19.625 81.125 0.64037
19.625 81.375 0.084142
19.625 81.625 0.17915
19.625 81.875 0.66875
19.625 82.125 0.34779
19.625 82.375 0.24656
19.625 82.625 0.12622
19.625 82.875 -0.00019424
19.625 83.125 -0.01152
19.625 83.375 0.3583
19.625 83.625 0.5991
19.625 83.875 0.49451
19.625 84.125 0.14962
19.625 84.375 0.0020443
19.625 84.625 0.9384
19.625 84.875 0.5826
19.625 85.125 0.15286
19.625 85.375 0.67342
19.875 72.875 1.2799
19.875 73.125 0.80467
19.875 73.375 0.95911
19.875 73.625 1.5954
19.875 73.875 1.0958
19.875 74.125 0.11905
19.875 74.375 -0.52504
19.875 74.625 -0.84678
19.875 74.875 -0.025618
19.875 75.125 -1.8781
19.875 75.375 -2.1384
19.875 75.625 -1.659
19.875 75.875 -0.57721
19.875 76.125 -1.5449
19.875 76.375 -1.1805
19.875 76.625 -1.7398
19.875 76.875 -1.3218
19.875 77.125 -1.2214
19.875 77.375 -1.0953
19.875 77.625 -1.086
19.875 77.875 -1.8544
19.875 78.125 -1.7962
19.875 78.375 -1.8818
19.875 78.625 -1.1046
19.875 78.875 -0.80599
19.875 79.125 -0.91041
19.875 79.375 -2.0788
19.875 79.625 -1.4779
19.875 79.875 -1.0521
19.875 80.125 -0.75531
19.875 80.375 -0.70436
19.875 80.625 -0.088975
19.875 80.875 0.48272
19.875 81.125 0.44749
19.875 81.375 -1.0853
19.875 81.625 0.42577
19.875 81.875 1.4938
19.875 82.125 0.37215
19.875 82.375 0.10544
19.875 82.625 0.17163
19.875 82.875 0.11898
19.875 83.125 0.38434
19.875 83.375 0.66373
19.875 83.625 0.83645
19.875 83.875 0.51161
19.875 84.125 0.32767
19.875 84.375 0.20574
19.875 84.625 0.85291
19.875 84.875 0.59591
19.875 85.125 0.35382
19.875 85.375 0.7753
NaN NaN NaN
NaN NaN NaN
NaN NaN NaN
20.125 72.875 1.4761
20.125 73.125 1.4624
20.125 73.375 -0.40355
20.125 73.625 2.0911
20.125 73.875 1.7147
20.125 74.125 2.2059
20.125 74.375 -0.016737
20.125 74.625 -1.091
20.125 74.875 -0.6423
20.125 75.125 -1.3031
20.125 75.375 -1.5654
20.125 75.625 -1.9218
20.125 75.875 -1.6555
20.125 76.125 -1.8243
20.125 76.375 -2.123
20.125 76.625 -1.64
20.125 76.875 -1.3281
20.125 77.125 -1.5818
20.125 77.375 -1.3571
20.125 77.625 -1.3932
20.125 77.875 -2.0859
20.125 78.125 -2.0748
20.125 78.375 -1.8422
20.125 78.625 -1.3155
20.125 78.875 -1.1327
20.125 79.125 -1.4493
20.125 79.375 -1.5309
20.125 79.625 -0.99106
20.125 79.875 -0.48827
20.125 80.125 -0.46069
20.125 80.375 -0.84266
20.125 80.625 -0.43182
20.125 80.875 -0.20165
20.125 81.125 -0.1685
20.125 81.375 0.16933
20.125 81.625 0.81697
20.125 81.875 1.6927
20.125 82.125 1.2996
20.125 82.375 0.15326
20.125 82.625 0.33852
20.125 82.875 0.83404
20.125 83.125 0.84255
20.125 83.375 1.1137
20.125 83.625 1.0695
20.125 83.875 1.2534
20.125 84.125 1.4186
20.125 84.375 0.46372
20.125 84.625 0.98706
20.125 84.875 0.76044
20.125 85.125 1.6989
20.125 85.375 0.8123
20.125 85.625 0.61047
20.125 85.875 -0.14487
20.125 86.125 0.66936
NaN NaN NaN
20.375 73.125 1.5924
20.375 73.375 0.97765
20.375 73.625 1.1662
20.375 73.875 0.19428
20.375 74.125 0.34936
20.375 74.375 -0.912
20.375 74.625 -2.0407
20.375 74.875 -1.682
20.375 75.125 0.30585
20.375 75.375 1.4282
20.375 75.625 -0.83476
20.375 75.875 -0.84103
20.375 76.125 -1.2343
20.375 76.375 -1.5997
20.375 76.625 -1.5802
20.375 76.875 -1.9717
20.375 77.125 -1.8343
20.375 77.375 -1.573
20.375 77.625 -0.099959
20.375 77.875 -2.0697
20.375 78.125 -1.8435
20.375 78.375 -1.5854
20.375 78.625 -1.5368
20.375 78.875 -1.4192
20.375 79.125 -1.0848
20.375 79.375 -0.84403
20.375 79.625 -0.7712
20.375 79.875 -0.6474
20.375 80.125 -0.31846
20.375 80.375 -0.84266
20.375 80.625 -0.30058
20.375 80.875 0.20031
20.375 81.125 0.29259
20.375 81.375 0.31834
20.375 81.625 0.87651
20.375 81.875 1.5402
20.375 82.125 1.5137
20.375 82.375 1.4548
20.375 82.625 1.4509
20.375 82.875 1.3311
20.375 83.125 1.545
20.375 83.375 1.6546
20.375 83.625 1.2867
20.375 83.875 0.97502
20.375 84.125 1.0307
20.375 84.375 -0.40133
20.375 84.625 0.54116
20.375 84.875 0.77031
20.375 85.125 1.1261
20.375 85.375 0.39966
20.375 85.625 1.3917
20.375 85.875 1.0187
20.375 86.125 0.91272
20.375 86.375 0.90161
NaN NaN NaN
20.625 73.125 1.3595
20.625 73.375 1.0365
20.625 73.625 1.514
20.625 73.875 2.1562
20.625 74.125 0.78642
20.625 74.375 -0.58843
20.625 74.625 0.30098
20.625 74.875 0.5046
20.625 75.125 -0.45345
20.625 75.375 0.47088
20.625 75.625 -0.65318
20.625 75.875 -1.7321
20.625 76.125 -0.78659
20.625 76.375 -1.4075
20.625 76.625 -1.8546
20.625 76.875 -1.9386
20.625 77.125 -1.7239
20.625 77.375 -1.5445
20.625 77.625 -0.89759
20.625 77.875 -1.3096
20.625 78.125 -0.85028
20.625 78.375 -1.1343
20.625 78.625 -1.3184
20.625 78.875 -1.4828
20.625 79.125 -1.2486
20.625 79.375 -1.1982
20.625 79.625 -0.4436
20.625 79.875 -0.38703
20.625 80.125 0.011115
20.625 80.375 -0.26204
20.625 80.625 0.48568
20.625 80.875 1.042
20.625 81.125 0.61929
20.625 81.375 0.83899
20.625 81.625 0.96183
20.625 81.875 1.789
20.625 82.125 1.6373
20.625 82.375 1.2986
20.625 82.625 1.1995
20.625 82.875 1.2796
20.625 83.125 1.2464
20.625 83.375 1.852
20.625 83.625 1.7324
20.625 83.875 0.70598
20.625 84.125 0.78082
20.625 84.375 0.67973
20.625 84.625 0.4921
20.625 84.875 0.41046
20.625 85.125 1.4408
20.625 85.375 1.6837
20.625 85.625 -0.23562
20.625 85.875 0.83535
20.625 86.125 1.0792
20.625 86.375 1.4424
20.625 86.625 1.2373
NaN NaN NaN
20.875 70.625 1.0461
20.875 70.875 1.246
20.875 71.125 1.1158
20.875 71.375 1.8153
20.875 72.875 1.3443
20.875 73.125 1.2933
20.875 73.375 0.72938
20.875 73.625 1.6806
20.875 73.875 1.9837
20.875 74.125 1.8387
20.875 74.375 1.0381
20.875 74.625 0.38124
20.875 74.875 -0.14453
20.875 75.125 -1.3936
20.875 75.375 -1.175
20.875 75.625 -1.6088
20.875 75.875 -1.4528
20.875 76.125 -1.1124
20.875 76.375 -1.5585
20.875 76.625 -1.2628
20.875 76.875 -1.6219
20.875 77.125 -2.0951
20.875 77.375 -1.7973
20.875 77.625 -1.5737
20.875 77.875 -1.4051
20.875 78.125 -1.3005
20.875 78.375 -1.2744
20.875 78.625 -1.8236
20.875 78.875 -1.5478
20.875 79.125 -1.6653
20.875 79.375 -1.4898
20.875 79.625 -0.70347
20.875 79.875 -0.1172
20.875 80.125 0.027553
20.875 80.375 -0.65733
20.875 80.625 0.13022
20.875 80.875 0.69187
20.875 81.125 0.58342
20.875 81.375 -0.044134
20.875 81.625 1.6872
20.875 81.875 1.1162
20.875 82.125 0.7274
20.875 82.375 1.6957
20.875 82.625 1.4857
20.875 82.875 1.314
20.875 83.125 1.5376
20.875 83.375 1.2028
20.875 83.625 1.7743
20.875 83.875 1.2175
20.875 84.125 0.64419
20.875 84.375 1.2136
20.875 84.625 1.1667
20.875 84.875 0.52591
20.875 85.125 1.8814
20.875 85.375 1.2017
20.875 85.625 1.0487
20.875 85.875 1.2504
20.875 86.125 1.4037
20.875 86.375 1.1178
20.875 86.625 1.0854
21.125 70.375 0.44178
21.125 70.625 0.5308
21.125 70.875 0.73394
21.125 71.125 1.5816
21.125 71.375 1.4703
NaN NaN NaN
NaN NaN NaN
21.125 72.875 -0.29831
21.125 73.125 -0.38209
21.125 73.375 1.2574
21.125 73.625 -0.61264
21.125 73.875 -0.51522
21.125 74.125 -0.54984
21.125 74.375 -0.24473
21.125 74.625 -0.12397
21.125 74.875 0.050648
21.125 75.125 -0.66305
21.125 75.375 -0.48446
21.125 75.625 0.54937
21.125 75.875 0.6796
21.125 76.125 0.25527
21.125 76.375 -1.534
21.125 76.625 -1.1113
21.125 76.875 -1.5698
21.125 77.125 -1.2043
21.125 77.375 -1.2722
21.125 77.625 -1.1582
21.125 77.875 -0.97081
21.125 78.125 -1.4061
21.125 78.375 -1.4142
21.125 78.625 -1.3903
21.125 78.875 -1.2958
21.125 79.125 -1.1821
21.125 79.375 -1.6602
21.125 79.625 0.14423
21.125 79.875 0.86091
21.125 80.125 0.63843
21.125 80.375 -0.68373
21.125 80.625 -0.2042
21.125 80.875 0.55918
21.125 81.125 0.1868
21.125 81.375 1.2655
21.125 81.625 0.25467
21.125 81.875 0.63025
21.125 82.125 1.1444
21.125 82.375 0.856
21.125 82.625 1.1187
21.125 82.875 0.6421
21.125 83.125 0.8712
21.125 83.375 1.5166
21.125 83.625 1.5932
21.125 83.875 1.7263
21.125 84.125 1.718
21.125 84.375 1.3135
21.125 84.625 1.8826
21.125 84.875 1.9236
21.125 85.125 1.6461
21.125 85.375 1.1202
21.125 85.625 1.3491
21.125 85.875 1.7246
21.125 86.125 0.97425
21.125 86.375 0.90524
21.125 86.625 1.1083
21.375 70.125 -0.53436
21.375 70.375 -0.57735
21.375 70.625 0.89078
21.375 70.875 0.88692
21.375 71.125 1.2137
21.375 71.375 0.83465
21.375 71.625 0.73936
21.375 71.875 1.2194
21.375 72.875 0.79857
21.375 73.125 2.005
21.375 73.375 1.5764
21.375 73.625 0.052256
21.375 73.875 -1.1333
21.375 74.125 -0.96572
21.375 74.375 -1.1414
21.375 74.625 -0.47328
21.375 74.875 0.26135
21.375 75.125 -0.32729
21.375 75.375 -0.6076
21.375 75.625 0.096054
21.375 75.875 -0.10911
21.375 76.125 0.784
21.375 76.375 -1.0663
21.375 76.625 -0.97666
21.375 76.875 -1.173
21.375 77.125 -1.1645
21.375 77.375 -1.0517
21.375 77.625 -1.197
21.375 77.875 -0.88173
21.375 78.125 -0.76401
21.375 78.375 -1.34
21.375 78.625 -1.2526
21.375 78.875 -0.86106
21.375 79.125 -1.0402
21.375 79.375 -0.88992
21.375 79.625 -0.11352
21.375 79.875 -0.33104
21.375 80.125 -0.70994
21.375 80.375 -0.96371
21.375 80.625 -0.84694
21.375 80.875 -1.4029
21.375 81.125 -0.59329
21.375 81.375 0.94579
21.375 81.625 1.0224
21.375 81.875 1.1654
21.375 82.125 0.90507
21.375 82.375 0.85238
21.375 82.625 0.36576
21.375 82.875 0.42303
21.375 83.125 0.90164
21.375 83.375 1.4082
21.375 83.625 1.2241
21.375 83.875 1.6083
21.375 84.125 1.5468
21.375 84.375 1.7005
21.375 84.625 1.8898
21.375 84.875 1.292
21.375 85.125 1.1757
21.375 85.375 1.2375
21.375 85.625 0.56095
21.375 85.875 0.82542
21.375 86.125 1.3664
21.375 86.375 1.2462
21.375 86.625 1.0125
21.375 86.875 0.89354
21.625 69.875 -0.19575
21.625 70.125 -0.94786
21.625 70.375 0.34088
21.625 70.625 0.87092
21.625 70.875 0.75109
21.625 71.125 0.24337
21.625 71.375 0.79732
21.625 71.625 1.3699
21.625 71.875 0.91664
21.625 72.125 0.73216
21.625 72.875 0.67668
21.625 73.125 0.9565
21.625 73.375 0.39968
21.625 73.625 -0.62777
21.625 73.875 -1.295
21.625 74.125 -0.8006
21.625 74.375 -0.73046
21.625 74.625 -0.69341
21.625 74.875 0.090469
21.625 75.125 0.0503
21.625 75.375 -0.021323
21.625 75.625 -0.65688
21.625 75.875 -1.021
21.625 76.125 -0.38537
21.625 76.375 -1.3139
21.625 76.625 -1.5004
21.625 76.875 -1.3844
21.625 77.125 -0.8561
21.625 77.375 -0.4455
21.625 77.625 -1.472
21.625 77.875 -0.48623
21.625 78.125 -0.41185
21.625 78.375 -0.95129
21.625 78.625 -1.3617
21.625 78.875 -1.3174
21.625 79.125 -1.7944
21.625 79.375 -1.7404
21.625 79.625 0.12049
21.625 79.875 0.074935
21.625 80.125 -0.061437
21.625 80.375 0.49931
21.625 80.625 -1.5538
21.625 80.875 -0.97493
21.625 81.125 -1.4838
21.625 81.375 -0.72121
21.625 81.625 0.41986
21.625 81.875 1.1391
21.625 82.125 1.382
21.625 82.375 0.26857
21.625 82.625 0.14086
21.625 82.875 -0.46957
21.625 83.125 0.3439
21.625 83.375 0.25829
21.625 83.625 1.3725
21.625 83.875 1.2591
21.625 84.125 1.5884
21.625 84.375 1.9045
21.625 84.625 1.6846
21.625 84.875 1.5465
21.625 85.125 1.0085
21.625 85.375 1.3392
21.625 85.625 1.6837
21.625 85.875 1.6724
21.625 86.125 1.4889
21.625 86.375 1.4176
21.625 86.625 0.79554
21.625 86.875 0.64034
21.625 87.125 0.70775
NaN NaN NaN
NaN NaN NaN
21.875 69.625 -1.0704
21.875 69.875 -0.21508
21.875 70.125 -0.5496
21.875 70.375 0.93154
21.875 70.625 1.0446
21.875 70.875 0.40906
21.875 71.125 -0.51496
21.875 71.375 0.74543
21.875 71.625 1.7428
21.875 71.875 1.1418
21.875 72.125 0.99945
NaN NaN NaN
21.875 72.875 -0.97886
21.875 73.125 0.22972
21.875 73.375 -0.24954
21.875 73.625 -0.69797
21.875 73.875 -1.1503
21.875 74.125 -1.5984
21.875 74.375 -0.94146
21.875 74.625 -0.58471
21.875 74.875 -0.12296
21.875 75.125 -0.46189
21.875 75.375 -0.092932
21.875 75.625 -0.0014873
21.875 75.875 -0.96045
21.875 76.125 -0.68658
21.875 76.375 -1.3383
21.875 76.625 -1.2677
21.875 76.875 -1.1731
21.875 77.125 -0.79487
21.875 77.375 -0.17512
21.875 77.625 -1.0851
21.875 77.875 -1.1058
21.875 78.125 -0.67147
21.875 78.375 -0.31326
21.875 78.625 -0.71291
21.875 78.875 -0.50874
21.875 79.125 -1.131
21.875 79.375 -0.91786
21.875 79.625 0.0084879
21.875 79.875 -0.087207
21.875 80.125 1.2498
21.875 80.375 1.1181
21.875 80.625 0.5343
21.875 80.875 -0.55836
21.875 81.125 -1.3131
21.875 81.375 -0.21771
21.875 81.625 0.60534
21.875 81.875 0.081473
21.875 82.125 1.9998
21.875 82.375 -0.12682
21.875 82.625 -1.5134
21.875 82.875 -1.3941
21.875 83.125 -0.53533
21.875 83.375 0.51005
21.875 83.625 0.13641
21.875 83.875 1.753
21.875 84.125 1.8325
21.875 84.375 2.1251
21.875 84.625 1.844
21.875 84.875 1.8429
21.875 85.125 2.0216
21.875 85.375 1.7879
21.875 85.625 1.7331
21.875 85.875 1.8018
21.875 86.125 1.5571
21.875 86.375 1.5907
21.875 86.625 0.84217
21.875 86.875 0.83001
21.875 87.125 0.91775
21.875 87.375 1.0043
21.875 87.625 1.551
21.875 87.875 1.2193
21.875 88.375 0.53179
NaN NaN NaN
NaN NaN NaN
22.125 69.125 -1.0972
22.125 69.375 -1.4456
22.125 69.625 -1.0807
22.125 69.875 -0.4136
22.125 70.125 -0.66093
22.125 70.375 0.23331
22.125 70.625 0.64219
22.125 70.875 1.0838
22.125 71.125 -0.74689
22.125 71.375 1.5068
22.125 71.625 1.8142
22.125 71.875 0.68956
22.125 72.125 0.25906
NaN NaN NaN
22.125 72.875 -0.46077
22.125 73.125 -1.2044
22.125 73.375 -0.79322
22.125 73.625 -0.71319
22.125 73.875 -1.1181
22.125 74.125 -0.84569
22.125 74.375 -1.323
22.125 74.625 -1.4938
22.125 74.875 -0.67726
22.125 75.125 -0.65958
22.125 75.375 -1.407
22.125 75.625 -0.77118
22.125 75.875 -0.50686
22.125 76.125 -0.77679
22.125 76.375 -1.489
22.125 76.625 -1.1476
22.125 76.875 -1.0441
22.125 77.125 -0.77612
22.125 77.375 -0.73502
22.125 77.625 -1.2168
22.125 77.875 -0.97528
22.125 78.125 -0.92617
22.125 78.375 -0.99404
22.125 78.625 -0.55237
22.125 78.875 -0.17136
22.125 79.125 -0.85535
22.125 79.375 -1.4703
22.125 79.625 -0.78462
22.125 79.875 0.16403
22.125 80.125 1.0402
22.125 80.375 0.87504
22.125 80.625 0.92666
22.125 80.875 -0.021394
22.125 81.125 -1.2713
22.125 81.375 1.7512
22.125 81.625 -0.28882
22.125 81.875 0.67278
22.125 82.125 1.0732
22.125 82.375 1.6838
22.125 82.625 -1.7303
22.125 82.875 -1.4322
22.125 83.125 -0.55196
22.125 83.375 0.33673
22.125 83.625 1.2444
22.125 83.875 1.2563
22.125 84.125 1.8601
22.125 84.375 2.3306
22.125 84.625 2.227
22.125 84.875 2.2127
22.125 85.125 1.9377
22.125 85.375 1.6036
22.125 85.625 0.7272
22.125 85.875 0.95843
22.125 86.125 1.564
22.125 86.375 1.4491
22.125 86.625 0.72958
22.125 86.875 0.92091
22.125 87.125 0.91893
22.125 87.375 0.13572
22.125 87.625 0.4081
22.125 87.875 0.73906
22.125 88.125 0.93079
22.125 88.375 0.73046
NaN NaN NaN
22.375 69.125 -0.58585
22.375 69.875 -0.042372
22.375 70.125 -0.10776
22.375 70.375 -0.19765
22.375 70.625 1.0039
22.375 70.875 1.4374
22.375 71.125 1.5776
22.375 71.375 1.2363
22.375 71.625 1.0835
22.375 71.875 1.5158
22.375 72.125 1.0741
NaN NaN NaN
22.375 72.875 -0.99279
22.375 73.125 -0.36191
22.375 73.375 -0.41254
22.375 73.625 0.086744
22.375 73.875 -0.64658
22.375 74.125 -1.244
22.375 74.375 -1.1553
22.375 74.625 -1.3266
22.375 74.875 -1.3675
22.375 75.125 -1.084
22.375 75.375 -0.92369
22.375 75.625 -1.2522
22.375 75.875 -0.3616
22.375 76.125 -0.31399
22.375 76.375 -0.65426
22.375 76.625 0.45225
22.375 76.875 -0.71326
22.375 77.125 -0.71701
22.375 77.375 -0.99472
22.375 77.625 -0.93576
22.375 77.875 -0.26383
22.375 78.125 -0.45038
22.375 78.375 -0.62608
22.375 78.625 -0.72328
22.375 78.875 -0.238
22.375 79.125 -0.31382
22.375 79.375 -0.19147
22.375 79.625 -0.22505
22.375 79.875 0.38226
22.375 80.125 0.52919
22.375 80.375 0.53835
22.375 80.625 0.79178
22.375 80.875 0.64266
22.375 81.125 0.77625
22.375 81.375 1.6007
22.375 81.625 0.13608
22.375 81.875 0.17153
22.375 82.125 -0.79516
22.375 82.375 0.38047
22.375 82.625 -1.2501
22.375 82.875 -1.4089
22.375 83.125 -1.4233
22.375 83.375 -1.6881
22.375 83.625 -1.8151
22.375 83.875 0.50745
22.375 84.125 0.84185
22.375 84.375 1.6488
22.375 84.625 2.1289
22.375 84.875 1.585
22.375 85.125 1.0223
22.375 85.375 1.052
22.375 85.625 0.7298
22.375 85.875 0.43824
22.375 86.125 1.0698
22.375 86.375 0.72305
22.375 86.625 0.35328
22.375 86.875 0.79779
22.375 87.125 0.95812
22.375 87.375 -0.090702
22.375 87.625 -0.23683
22.375 87.875 0.67204
22.375 88.125 -0.47214
22.375 88.375 0.023852
22.375 88.625 0.11222
22.375 88.875 0.060016
NaN NaN NaN
22.625 70.375 0.18574
22.625 70.625 1.3484
22.625 70.875 1.436
22.625 71.125 1.0906
22.625 71.375 1.027
22.625 71.625 0.74343
22.625 71.875 0.54815
22.625 72.125 0.47006
22.625 72.375 1.0884
22.625 72.625 1.7116
22.625 72.875 -0.20039
22.625 73.125 -0.40565
22.625 73.375 0.23229
22.625 73.625 -0.7631
22.625 73.875 -0.87431
22.625 74.125 -0.65221
22.625 74.375 -0.38483
22.625 74.625 -0.96082
22.625 74.875 -1.2451
22.625 75.125 -1.0326
22.625 75.375 -1.055
22.625 75.625 -1.3196
22.625 75.875 -0.65467
22.625 76.125 -0.36308
22.625 76.375 -0.57969
22.625 76.625 0.34174
22.625 76.875 0.11926
22.625 77.125 -0.55066
22.625 77.375 -1.1473
22.625 77.625 -1.0019
22.625 77.875 0.12025
22.625 78.125 -0.061832
22.625 78.375 -0.36442
22.625 78.625 0.023754
22.625 78.875 0.0063626
22.625 79.125 0.040213
22.625 79.375 0.016935
22.625 79.625 -0.10278
22.625 79.875 0.34284
22.625 80.125 0.12094
22.625 80.375 -0.38287
22.625 80.625 -0.14938
22.625 80.875 0.10652
22.625 81.125 0.9141
22.625 81.375 1.2847
22.625 81.625 0.50385
22.625 81.875 0.30196
22.625 82.125 -0.76444
22.625 82.375 -1.5705
22.625 82.625 -1.403
22.625 82.875 -1.8512
22.625 83.125 -2.2147
22.625 83.375 -0.56664
22.625 83.625 -0.30382
22.625 83.875 -1.693
22.625 84.125 0.033441
22.625 84.375 0.31891
22.625 84.625 1.0592
22.625 84.875 1.1394
22.625 85.125 0.78549
22.625 85.375 0.73854
22.625 85.625 1.581
22.625 85.875 0.85035
22.625 86.125 0.73585
22.625 86.375 0.49302
22.625 86.625 -0.034946
22.625 86.875 0.38953
22.625 87.125 0.90437
22.625 87.375 0.4975
22.625 87.625 0.50676
22.625 87.875 0.38169
22.625 88.125 0.69452
22.625 88.375 -0.076637
22.625 88.625 -0.071705
22.625 88.875 -0.041294
22.625 92.625 0.14709
22.625 92.875 1.3206
NaN NaN NaN
NaN NaN NaN
NaN NaN NaN
22.875 70.625 1.5708
22.875 70.875 1.3422
22.875 71.125 0.72033
22.875 71.375 0.54132
22.875 71.625 0.75653
22.875 71.875 0.69632
22.875 72.125 -0.11522
22.875 72.375 0.36581
22.875 72.625 0.92465
22.875 72.875 0.18474
22.875 73.125 0.77044
22.875 73.375 0.17986
22.875 73.625 -0.75225
22.875 73.875 -1.4277
22.875 74.125 -0.61851
22.875 74.375 -0.42657
22.875 74.625 -0.90257
22.875 74.875 -0.81782
22.875 75.125 -0.59227
22.875 75.375 -0.3047
22.875 75.625 -0.7405
22.875 75.875 -0.82677
22.875 76.125 -0.77574
22.875 76.375 -0.50171
22.875 76.625 -0.54827
22.875 76.875 -0.80489
22.875 77.125 -0.27688
22.875 77.375 -2.0821
22.875 77.625 -1.3325
22.875 77.875 -0.52066
22.875 78.125 -0.057095
22.875 78.375 -0.18648
22.875 78.625 -0.047367
22.875 78.875 0.31335
22.875 79.125 0.01687
22.875 79.375 -0.71471
22.875 79.625 -0.95935
22.875 79.875 0.55217
22.875 80.125 0.18505
22.875 80.375 -0.34479
22.875 80.625 -0.15476
22.875 80.875 0.34363
22.875 81.125 0.76348
22.875 81.375 -0.38596
22.875 81.625 -0.25946
22.875 81.875 -0.19152
22.875 82.125 -0.69457
22.875 82.375 -0.86503
22.875 82.625 -1.3114
22.875 82.875 -0.84561
22.875 83.125 -2.0263
22.875 83.375 -0.31017
22.875 83.625 1.2014
22.875 83.875 -0.59887
22.875 84.125 -1.0769
22.875 84.375 -0.77892
22.875 84.625 1.083
22.875 84.875 1.0653
22.875 85.125 1.2025
22.875 85.375 1.4188
22.875 85.625 0.76319
22.875 85.875 0.55556
22.875 86.125 0.51253
22.875 86.375 0.6121
22.875 86.625 0.78028
22.875 86.875 0.6998
22.875 87.125 0.8908
22.875 87.375 0.8836
22.875 87.625 0.60279
22.875 87.875 -0.49845
22.875 88.125 0.25328
22.875 88.375 0.44827
22.875 88.625 0.31204
22.875 92.625 0.20278
22.875 92.875 0.89927
23.125 68.875 -0.1799
23.125 69.125 -0.051039
23.125 69.375 0.20172
23.125 69.625 0.34616
23.125 69.875 0.41614
23.125 70.125 0.39174
23.125 70.875 1.2981
23.125 71.125 0.9416
23.125 71.375 0.54403
23.125 71.625 0.92589
23.125 71.875 0.5508
23.125 72.125 1.4462
23.125 72.375 0.32717
23.125 72.625 0.39237
23.125 72.875 -0.0052063
23.125 73.125 -0.4302
23.125 73.375 0.20481
23.125 73.625 -0.033404
23.125 73.875 -1.3134
23.125 74.125 -0.9071
23.125 74.375 -0.78465
23.125 74.625 -1.1242
23.125 74.875 -0.60323
23.125 75.125 -0.30068
23.125 75.375 -1.1364
23.125 75.625 -0.86087
23.125 75.875 -0.63232
23.125 76.125 -0.58114
23.125 76.375 -0.21149
23.125 76.625 -0.65619
23.125 76.875 -0.13777
23.125 77.125 0.1909
23.125 77.375 -0.67197
23.125 77.625 -0.54173
23.125 77.875 -0.11594
23.125 78.125 -0.095762
23.125 78.375 -0.53433
23.125 78.625 -0.86218
23.125 78.875 -0.57406
23.125 79.125 -0.12564
23.125 79.375 0.0039764
23.125 79.625 -1.1075
23.125 79.875 -0.22847
23.125 80.125 -0.015604
23.125 80.375 -0.52334
23.125 80.625 0.65931
23.125 80.875 1.1146
23.125 81.125 1.5154
23.125 81.375 1.4595
23.125 81.625 0.17168
23.125 81.875 0.16957
23.125 82.125 -0.82435
23.125 82.375 -0.54223
23.125 82.625 0.65714
23.125 82.875 -0.55451
23.125 83.125 -0.41715
23.125 83.375 1.9138
23.125 83.625 2.2214
23.125 83.875 1.6369
23.125 84.125 -0.83627
23.125 84.375 -1.0857
23.125 84.625 -0.87032
23.125 84.875 0.13104
23.125 85.125 0.69205
23.125 85.375 1.4642
23.125 85.625 0.73524
23.125 85.875 -0.62672
23.125 86.125 -0.46047
23.125 86.375 0.78715
23.125 86.625 0.63957
23.125 86.875 0.92172
23.125 87.125 0.71952
23.125 87.375 1.1401
23.125 87.625 -0.19453
23.125 87.875 -1.2864
23.125 88.125 -1.0662
23.125 88.375 -0.26871
23.125 88.625 0.13906
NaN NaN NaN
23.125 92.625 -0.08922
23.125 92.875 -0.19164
NaN NaN NaN
23.375 68.875 -0.075923
23.375 69.125 -0.079103
23.375 69.375 0.077424
23.375 69.625 0.36161
23.375 69.875 0.44952
23.375 70.125 0.62525
23.375 70.375 1.0433
23.375 70.625 0.81221
23.375 70.875 0.83873
23.375 71.125 1.0072
23.375 71.375 0.58076
23.375 71.625 0.051837
23.375 71.875 0.46248
23.375 72.125 -0.12435
23.375 72.375 0.09883
23.375 72.625 -0.053288
23.375 72.875 0.065437
23.375 73.125 0.043541
23.375 73.375 0.19992
23.375 73.625 -0.23554
23.375 73.875 -0.67001
23.375 74.125 -0.75052
23.375 74.375 -0.28353
23.375 74.625 -0.32756
23.375 74.875 -0.14245
23.375 75.125 -0.050424
23.375 75.375 -0.11291
23.375 75.625 -0.95254
23.375 75.875 -0.4522
23.375 76.125 0.65315
23.375 76.375 0.27652
23.375 76.625 -0.52123
23.375 76.875 -0.68124
23.375 77.125 -0.16699
23.375 77.375 -0.67438
23.375 77.625 -1.0756
23.375 77.875 0.22021
23.375 78.125 -0.08875
23.375 78.375 -0.52514
23.375 78.625 -0.68595
23.375 78.875 -0.1321
23.375 79.125 -0.30555
23.375 79.375 -0.3927
23.375 79.625 0.83764
23.375 79.875 0.16254
23.375 80.125 -0.62424
23.375 80.375 0.25114
23.375 80.625 0.91756
23.375 80.875 1.3433
23.375 81.125 1.7239
23.375 81.375 1.4896
23.375 81.625 0.94461
23.375 81.875 0.24802
23.375 82.125 0.35607
23.375 82.375 1.7608
23.375 82.625 1.1607
23.375 82.875 0.50405
23.375 83.125 1.5301
23.375 83.375 1.9548
23.375 83.625 2.2906
23.375 83.875 1.6305
23.375 84.125 -1.436
23.375 84.375 -0.82873
23.375 84.625 -1.1282
23.375 84.875 0.18176
23.375 85.125 0.76849
23.375 85.375 0.75202
23.375 85.625 1.3976
23.375 85.875 -0.22948
23.375 86.125 -0.12828
23.375 86.375 0.49218
23.375 86.625 0.64215
23.375 86.875 0.58672
23.375 87.125 0.45948
23.375 87.375 -0.041842
23.375 87.625 -1.1245
23.375 87.875 -1.2707
23.375 88.125 -0.72223
23.375 88.375 -0.86323
23.375 88.625 -0.695
23.375 91.375 -0.84328
23.375 91.625 -0.29862
23.375 92.625 -0.16512
23.375 92.875 -0.4238
23.375 93.125 -1.4934
23.625 68.625 0.02426
23.625 68.875 -0.020728
23.625 69.125 -0.087692
23.625 69.375 0.086518
23.625 69.625 0.23209
23.625 69.875 0.43065
23.625 70.125 0.79816
23.625 70.375 0.72077
23.625 70.625 0.45892
23.625 70.875 0.77883
23.625 71.125 0.8416
23.625 71.375 1.3446
23.625 71.625 -0.20047
23.625 71.875 -0.35226
23.625 72.125 -0.83762
23.625 72.375 -1.2748
23.625 72.625 -0.63748
23.625 72.875 -0.74362
23.625 73.125 -0.57877
23.625 73.375 -0.46346
23.625 73.625 -0.4201
23.625 73.875 -0.099387
23.625 74.125 0.35438
23.625 74.375 0.058482
23.625 74.625 0.075894
23.625 74.875 -0.014042
23.625 75.125 -0.54808
23.625 75.375 0.49561
23.625 75.625 -0.011385
23.625 75.875 0.98027
23.625 76.125 1.231
23.625 76.375 0.88423
23.625 76.625 -0.20308
23.625 76.875 -1.1603
23.625 77.125 -0.26622
23.625 77.375 -0.35625
23.625 77.625 -0.61295
23.625 77.875 -0.24718
23.625 78.125 -0.36512
23.625 78.375 -0.52682
23.625 78.625 -0.10616
23.625 78.875 0.032491
23.625 79.125 -0.12595
23.625 79.375 0.1238
23.625 79.625 0.25221
23.625 79.875 1.0462
23.625 80.125 -0.53657
23.625 80.375 0.11995
23.625 80.625 0.89112
23.625 80.875 1.3571
23.625 81.125 1.5139
23.625 81.375 1.2905
23.625 81.625 1.5051
23.625 81.875 0.97564
23.625 82.125 0.2734
23.625 82.375 1.3292
23.625 82.625 1.7724
23.625 82.875 1.4431
23.625 83.125 1.537
23.625 83.375 1.4852
23.625 83.625 1.156
23.625 83.875 0.18451
23.625 84.125 -0.044699
23.625 84.375 0.48972
23.625 84.625 0.71317
23.625 84.875 0.77475
23.625 85.125 0.20824
23.625 85.375 0.37481
23.625 85.625 0.93055
23.625 85.875 1.377
23.625 86.125 -1.8334
23.625 86.375 0.34448
23.625 86.625 1.0708
23.625 86.875 0.0061297
23.625 87.125 0.15775
23.625 87.375 -0.93102
23.625 87.625 -0.59775
23.625 87.875 -1.6223
23.625 88.125 -1.4746
23.625 88.375 -1.3827
23.625 91.375 -0.72482
23.625 91.625 -0.52978
NaN NaN NaN
23.625 92.375 -0.71491
23.625 92.625 -0.27782
23.625 92.875 -0.80127
23.625 93.125 -1.7456
23.875 68.875 -0.023204
23.875 69.125 -0.098225
23.875 69.375 -0.0050511
23.875 69.625 0.147
23.875 69.875 0.63661
23.875 70.125 0.55876
23.875 70.375 0.55398
23.875 70.625 0.46648
23.875 70.875 0.76748
23.875 71.125 0.5203
23.875 71.375 1.1672
23.875 71.625 1.1292
23.875 71.875 -0.18505
23.875 72.125 -0.4706
23.875 72.375 -0.96073
23.875 72.625 -0.86847
23.875 72.875 -0.71265
23.875 73.125 -0.48146
23.875 73.375 -0.13319
23.875 73.625 0.1868
23.875 73.875 0.41291
23.875 74.125 0.22034
23.875 74.375 0.20016
23.875 74.625 0.18972
23.875 74.875 0.48165
23.875 75.125 0.2038
23.875 75.375 0.82687
23.875 75.625 0.64216
23.875 75.875 1.1461
23.875 76.125 1.4089
23.875 76.375 0.82995
23.875 76.625 0.19569
23.875 76.875 0.62543
23.875 77.125 1.0213
23.875 77.375 0.81099
23.875 77.625 0.32518
23.875 77.875 0.58151
23.875 78.125 0.2742
23.875 78.375 -0.18052
23.875 78.625 -0.15925
23.875 78.875 0.046147
23.875 79.125 0.11224
23.875 79.375 0.86606
23.875 79.625 0.39472
23.875 79.875 -0.017589
23.875 80.125 0.17603
23.875 80.375 -0.23403
23.875 80.625 0.54044
23.875 80.875 1.1046
23.875 81.125 0.64994
23.875 81.375 1.0694
23.875 81.625 1.65
23.875 81.875 1.4529
23.875 82.125 0.3119
23.875 82.375 1.241
23.875 82.625 0.977
23.875 82.875 0.79479
23.875 83.125 -0.0068082
23.875 83.375 0.015293
23.875 83.625 0.20682
23.875 83.875 0.45291
23.875 84.125 0.022596
23.875 84.375 -0.23486
23.875 84.625 -0.60769
23.875 84.875 -0.68405
23.875 85.125 -1.2875
23.875 85.375 -0.84571
23.875 85.625 -0.025864
23.875 85.875 -0.44228
23.875 86.125 -0.43347
23.875 86.375 0.29935
23.875 86.625 0.12114
23.875 86.875 0.36104
23.875 87.125 0.46817
23.875 87.375 -0.48329
23.875 87.625 -1.4374
23.875 87.875 -1.7122
23.875 88.125 -1.9856
23.875 88.375 -1.9946
23.875 91.375 -0.42454
23.875 91.625 -0.12271
23.875 91.875 0.66225
23.875 92.125 -0.0058959
23.875 92.375 -0.21038
23.875 92.625 -0.24444
23.875 92.875 -1.6197
23.875 93.125 -2.0538
23.875 93.375 -1.965
24.125 68.875 -0.026791
24.125 69.125 -0.079882
24.125 69.375 -0.036758
24.125 69.625 0.30561
24.125 69.875 0.73058
24.125 70.125 0.55392
24.125 70.375 0.47542
24.125 70.625 0.19233
24.125 70.875 0.22976
24.125 71.125 0.33179
24.125 71.375 -0.011312
24.125 71.625 -0.31978
24.125 71.875 -0.48436
24.125 72.125 -0.21128
24.125 72.375 -0.4156
24.125 72.625 -0.23662
24.125 72.875 -0.21189
24.125 73.125 -0.54027
24.125 73.375 -0.52058
24.125 73.625 0.71785
24.125 73.875 0.53172
24.125 74.125 0.18124
24.125 74.375 0.21635
24.125 74.625 0.77749
24.125 74.875 0.42188
24.125 75.125 -0.51269
24.125 75.375 0.69912
24.125 75.625 0.94768
24.125 75.875 1.0987
24.125 76.125 0.53127
24.125 76.375 0.76036
24.125 76.625 0.79306
24.125 76.875 1.0668
24.125 77.125 0.72079
24.125 77.375 0.94318
24.125 77.625 0.95855
24.125 77.875 1.594
24.125 78.125 0.86323
24.125 78.375 0.64485
24.125 78.625 -0.18628
24.125 78.875 -0.36197
24.125 79.125 -0.18427
24.125 79.375 0.57458
24.125 79.625 -0.05379
24.125 79.875 0.76637
24.125 80.125 0.57639
24.125 80.375 -0.127
24.125 80.625 0.83985
24.125 80.875 1.1316
24.125 81.125 0.087739
24.125 81.375 0.76237
24.125 81.625 1.0722
24.125 81.875 1.1467
24.125 82.125 1.1988
24.125 82.375 0.95137
24.125 82.625 0.56701
24.125 82.875 -0.1384
24.125 83.125 -0.19299
24.125 83.375 -1.0478
24.125 83.625 -0.93525
24.125 83.875 -0.080899
24.125 84.125 0.018937
24.125 84.375 -0.36311
24.125 84.625 -0.62556
24.125 84.875 -1.0164
24.125 85.125 -1.2755
24.125 85.375 -0.85255
24.125 85.625 -1.2354
24.125 85.875 -0.66906
24.125 86.125 -0.33857
24.125 86.375 -1.05
24.125 86.625 -0.51156
24.125 86.875 -0.46449
24.125 87.125 -0.44137
24.125 87.375 -0.17082
24.125 87.625 -0.87928
24.125 87.875 -0.92633
24.125 88.125 -1.5627
24.125 88.375 -1.896
24.125 91.875 1.2568
24.125 92.125 0.78183
24.125 92.375 0.35495
24.125 92.625 -0.030716
24.125 92.875 -1.5557
24.125 93.125 -2.2121
24.125 93.375 -1.9156
24.125 93.625 -1.7287
24.125 93.875 -1.6653
NaN NaN NaN
24.375 71.375 -0.35034
24.375 71.625 -0.38649
24.375 71.875 -0.99482
24.375 72.125 -0.25435
24.375 72.375 -0.53698
24.375 72.625 0.031692
24.375 72.875 -0.51583
24.375 73.125 -0.63391
24.375 73.375 -1.0442
24.375 73.625 -0.71223
24.375 73.875 -0.14308
24.375 74.125 0.03132
24.375 74.375 0.33483
24.375 74.625 0.30799
24.375 74.875 -0.39057
24.375 75.125 -0.23939
24.375 75.375 0.48561
24.375 75.625 0.73484
24.375 75.875 0.12946
24.375 76.125 -0.57124
24.375 76.375 0.5529
24.375 76.625 1.0794
24.375 76.875 1.1734
24.375 77.125 0.67983
24.375 77.375 0.98371
24.375 77.625 1.2801
24.375 77.875 1.7289
24.375 78.125 1.5547
24.375 78.375 0.80271
24.375 78.625 -0.47799
24.375 78.875 0.2602
24.375 79.125 0.17563
24.375 79.375 0.20425
24.375 79.625 0.59024
24.375 79.875 0.68979
24.375 80.125 0.47073
24.375 80.375 1.2639
24.375 80.625 1.338
24.375 80.875 0.59544
24.375 81.125 0.45747
24.375 81.375 0.66534
24.375 81.625 1.1724
24.375 81.875 1.7491
24.375 82.125 1.131
24.375 82.375 0.99429
24.375 82.625 0.91624
24.375 82.875 0.59043
24.375 83.125 0.081376
24.375 83.375 -0.24738
24.375 83.625 -0.80689
24.375 83.875 -0.17793
24.375 84.125 0.078176
24.375 84.375 0.41133
24.375 84.625 -0.98624
24.375 84.875 -0.61326
24.375 85.125 -0.36399
24.375 85.375 -0.39664
24.375 85.625 -0.53781
24.375 85.875 -1.0826
24.375 86.125 -1.153
24.375 86.375 -0.90444
24.375 86.625 -0.48325
24.375 86.875 -0.49841
24.375 87.125 -1.1457
24.375 87.375 -1.7821
24.375 87.625 -1.4678
24.375 87.875 -1.4162
24.375 88.125 -1.0033
24.375 92.375 -0.37136
24.375 92.625 -0.82522
24.375 92.875 -2.0668
24.375 93.125 -2.2798
24.375 93.375 -1.9165
24.375 93.625 -1.7791
24.375 93.875 -1.4051
24.375 94.125 -1.1127
24.625 71.125 -0.47155
24.625 71.375 -0.32324
24.625 71.625 -0.2376
24.625 71.875 -1.0539
24.625 72.125 -1.1384
24.625 72.375 -0.77477
24.625 72.625 -0.57397
24.625 72.875 -0.76852
24.625 73.125 -0.81349
24.625 73.375 -0.85558
24.625 73.625 -0.52592
24.625 73.875 -0.30355
24.625 74.125 0.078751
24.625 74.375 0.31204
24.625 74.625 0.39132
24.625 74.875 0.21627
24.625 75.125 -0.24041
24.625 75.375 0.15607
24.625 75.625 0.48875
24.625 75.875 -0.08426
24.625 76.125 0.18025
24.625 76.375 0.44194
24.625 76.625 0.63962
24.625 76.875 1.0406
24.625 77.125 0.71903
24.625 77.375 0.94439
24.625 77.625 0.26916
24.625 77.875 0.85437
24.625 78.125 1.361
24.625 78.375 0.77829
24.625 78.625 -0.14514
24.625 78.875 0.35792
24.625 79.125 0.33113
24.625 79.375 0.36526
24.625 79.625 0.82953
24.625 79.875 1.0909
24.625 80.125 1.0284
24.625 80.375 1.5178
24.625 80.625 1.709
24.625 80.875 -0.59661
24.625 81.125 -0.56363
24.625 81.375 1.9388
24.625 81.625 2.074
24.625 81.875 1.8232
24.625 82.125 0.13449
24.625 82.375 0.49773
24.625 82.625 1.0696
24.625 82.875 0.96069
24.625 83.125 -0.0053357
24.625 83.375 -0.35648
24.625 83.625 -0.11049
24.625 83.875 -0.5137
24.625 84.125 0.44883
24.625 84.375 0.35847
24.625 84.625 -1.1546
24.625 84.875 -0.42343
24.625 85.125 -0.35175
24.625 85.375 -0.39369
24.625 85.625 -1.6282
24.625 85.875 -0.6285
24.625 86.125 -0.6004
24.625 86.375 0.13135
24.625 86.625 0.50636
24.625 86.875 -0.19026
24.625 87.125 -1.5826
24.625 87.375 -1.7006
24.625 87.625 -1.1467
24.625 87.875 -0.63794
24.625 92.375 -0.25272
24.625 92.625 -0.68325
24.625 92.875 -1.4985
24.625 93.125 -1.1639
24.625 93.375 -0.68388
24.625 93.625 -1.6137
24.625 93.875 -0.85498
24.625 94.125 -0.69657
NaN NaN NaN
24.875 71.125 -0.088341
24.875 71.375 -0.46803
24.875 71.625 -0.63939
24.875 71.875 -1.1049
24.875 72.125 -0.89906
24.875 72.375 -1.1533
24.875 72.625 -1.1398
24.875 72.875 -1.3861
24.875 73.125 -1.888
24.875 73.375 -1.152
24.875 73.625 -0.89013
24.875 73.875 0.69743
24.875 74.125 0.55229
24.875 74.375 0.81761
24.875 74.625 0.4961
24.875 74.875 0.25806
24.875 75.125 -0.35882
24.875 75.375 -0.28149
24.875 75.625 0.18729
24.875 75.875 0.62763
24.875 76.125 0.39867
24.875 76.375 0.43719
24.875 76.625 0.63256
24.875 76.875 0.94772
24.875 77.125 1.3048
24.875 77.375 1.4233
24.875 77.625 0.7451
24.875 77.875 0.9148
24.875 78.125 1.4189
24.875 78.375 0.41475
24.875 78.625 0.055573
24.875 78.875 1.4153
24.875 79.125 0.88021
24.875 79.375 0.81731
24.875 79.625 1.0828
24.875 79.875 1.632
24.875 80.125 1.1723
24.875 80.375 1.4184
24.875 80.625 1.7216
24.875 80.875 0.16802
24.875 81.125 0.27075
24.875 81.375 0.035159
24.875 81.625 1.4688
24.875 81.875 1.0249
24.875 82.125 -0.2083
24.875 82.375 -0.26066
24.875 82.625 1.4252
24.875 82.875 -0.20541
24.875 83.125 -0.38846
24.875 83.375 -0.58782
24.875 83.625 0.11547
24.875 83.875 -0.62923
24.875 84.125 -0.61119
24.875 84.375 -1.29
24.875 84.625 -1.3387
24.875 84.875 -0.70146
24.875 85.125 -0.3552
24.875 85.375 -1.1187
24.875 85.625 0.036963
24.875 85.875 0.15658
24.875 86.125 -0.35553
24.875 86.375 0.29831
24.875 86.625 0.058681
24.875 86.875 -0.50872
24.875 87.125 -1.8309
24.875 87.375 -0.89053
24.875 87.625 -0.022718
24.875 87.875 0.031821
24.875 88.125 0.97056
24.875 92.625 -0.2783
24.875 92.875 0.04759
24.875 93.125 1.1357
24.875 93.375 -1.3278
24.875 93.625 -0.73067
24.875 93.875 -0.22296
24.875 94.125 -0.41742
24.875 94.375 -0.3294
25.125 71.125 -0.07313
25.125 71.375 -0.35125
25.125 71.625 -0.67568
25.125 71.875 -1.3875
25.125 72.125 -1.0918
25.125 72.375 -0.8956
25.125 72.625 -1.2559
25.125 72.875 -1.4719
25.125 73.125 -1.4106
25.125 73.375 -1.1635
25.125 73.625 -0.094027
25.125 73.875 -0.19589
25.125 74.125 0.15372
25.125 74.375 0.13805
25.125 74.625 0.24834
25.125 74.875 0.12847
25.125 75.125 -0.6048
25.125 75.375 0.4026
25.125 75.625 0.48845
25.125 75.875 -0.49229
25.125 76.125 0.17113
25.125 76.375 0.34748
25.125 76.625 0.77416
25.125 76.875 0.8857
25.125 77.125 1.1642
25.125 77.375 1.2664
25.125 77.625 1.3553
25.125 77.875 1.3426
25.125 78.125 1.654
25.125 78.375 1.0475
25.125 78.625 0.46742
25.125 78.875 0.24841
25.125 79.125 0.81533
25.125 79.375 1.1558
25.125 79.625 1.0949
25.125 79.875 1.4448
25.125 80.125 0.9497
25.125 80.375 1.3821
25.125 80.625 1.6156
25.125 80.875 0.99037
25.125 81.125 -0.67422
25.125 81.375 0.71693
25.125 81.625 -0.56097
25.125 81.875 0.35405
25.125 82.125 -0.055624
25.125 82.375 1.1446
25.125 82.625 0.9785
25.125 82.875 0.0020668
25.125 83.125 -0.76292
25.125 83.375 -0.44695
25.125 83.625 0.072408
25.125 83.875 -0.43838
25.125 84.125 -0.054314
25.125 84.375 -0.43324
25.125 84.625 -0.70045
25.125 84.875 -0.76965
25.125 85.125 -0.34543
25.125 85.375 -1.1554
25.125 85.625 0.65463
25.125 85.875 0.42708
25.125 86.125 -0.30474
25.125 86.375 -0.061644
25.125 86.625 0.57549
25.125 86.875 -0.5977
25.125 87.125 -0.39315
25.125 87.375 -0.67635
25.125 87.625 -0.12311
25.125 87.875 0.4413
25.125 88.125 1.1286
25.125 88.375 1.1273
25.125 92.375 -0.68818
25.125 92.625 -0.39281
25.125 92.875 0.22834
25.125 93.125 1.0795
25.125 93.375 -0.69527
25.125 93.625 -0.54474
25.125 93.875 -0.36982
25.125 94.125 -0.39782
25.125 94.375 -0.25982
25.375 70.875 0.29618
25.375 71.125 0.044355
25.375 71.375 -0.093134
25.375 71.625 -0.62676
25.375 71.875 -0.93701
25.375 72.125 -0.53182
25.375 72.375 -0.82511
25.375 72.625 -1.2022
25.375 72.875 -1.2919
25.375 73.125 -1.162
25.375 73.375 -0.52504
25.375 73.625 0.53277
25.375 73.875 -0.22477
25.375 74.125 -0.039439
25.375 74.375 -0.10848
25.375 74.625 0.32399
25.375 74.875 0.65486
25.375 75.125 0.55533
25.375 75.375 0.78223
25.375 75.625 0.95485
25.375 75.875 0.29421
25.375 76.125 0.57116
25.375 76.375 0.59362
25.375 76.625 0.84984
25.375 76.875 1.1881
25.375 77.125 1.2974
25.375 77.375 1.3114
25.375 77.625 1.6011
25.375 77.875 1.7329
25.375 78.125 1.3584
25.375 78.375 1.3164
25.375 78.625 -0.512
25.375 78.875 -1.0896
25.375 79.125 1.1309
25.375 79.375 1.9609
25.375 79.625 1.125
25.375 79.875 1.397
25.375 80.125 1.4508
25.375 80.375 1.7481
25.375 80.625 1.3359
25.375 80.875 -1.3423
25.375 81.125 -0.7121
25.375 81.375 1.2786
25.375 81.625 1.6124
25.375 81.875 -0.77343
25.375 82.125 -1.3183
25.375 82.375 -1.5164
25.375 82.625 -1.385
25.375 82.875 -0.63555
25.375 83.125 -0.90423
25.375 83.375 0.76901
25.375 83.625 0.62525
25.375 83.875 1.3274
25.375 84.125 0.61592
25.375 84.375 -0.29911
25.375 84.625 -0.68803
25.375 84.875 0.085871
25.375 85.125 -0.444
25.375 85.375 -1.169
25.375 85.625 -0.11484
25.375 85.875 0.94908
25.375 86.125 1.4883
25.375 86.375 0.64927
25.375 86.625 0.48091
25.375 86.875 -0.026398
25.375 87.125 -0.61423
25.375 87.375 -0.29846
25.375 87.625 0.61377
25.375 87.875 0.67582
25.375 88.125 1.1801
25.375 88.375 0.61029
25.375 88.625 -0.29189
25.375 90.125 -0.1657
25.375 90.375 -0.5488
25.375 90.625 -0.1573
25.375 90.875 -0.32919
25.375 91.125 0.16102
25.375 91.375 -0.24735
25.375 91.625 -0.99076
25.375 91.875 -0.98431
25.375 92.125 -1.1917
25.375 92.375 -1.343
25.375 92.625 -1.445
25.375 92.875 -0.11045
25.375 93.125 -0.56264
25.375 93.375 -0.74467
25.375 93.625 -0.069787
25.375 93.875 -0.3696
25.375 94.125 -0.2936
25.375 94.375 0.17127
25.625 70.875 -0.011352
25.625 71.125 -0.054101
25.625 71.375 -0.074917
25.625 71.625 -0.26114
25.625 71.875 -0.10848
25.625 72.125 -0.089499
25.625 72.375 -0.17631
25.625 72.625 -0.7678
25.625 72.875 -0.85665
25.625 73.125 -0.93127
25.625 73.375 -0.53687
25.625 73.625 -0.39035
25.625 73.875 0.086303
25.625 74.125 0.44946
25.625 74.375 -0.39531
25.625 74.625 0.33911
25.625 74.875 1.5183
25.625 75.125 0.58457
25.625 75.375 1.1399
25.625 75.625 1.5365
25.625 75.875 1.1956
25.625 76.125 0.93587
25.625 76.375 0.51365
25.625 76.625 1.2601
25.625 76.875 2.2012
25.625 77.125 1.8203
25.625 77.375 1.5049
25.625 77.625 1.3367
25.625 77.875 1.2956
25.625 78.125 1.052
25.625 78.375 0.29511
25.625 78.625 -0.011261
25.625 78.875 -0.51188
25.625 79.125 1.9309
25.625 79.375 2.1578
25.625 79.625 1.1875
25.625 79.875 0.92922
25.625 80.125 1.25
25.625 80.375 1.4583
25.625 80.625 -0.67555
25.625 80.875 -1.5335
25.625 81.125 1.5121
25.625 81.375 1.4142
25.625 81.625 -0.1036
25.625 81.875 -0.19768
25.625 82.125 -1.161
25.625 82.375 0.11369
25.625 82.625 -1.2368
25.625 82.875 -0.75522
25.625 83.125 -0.61799
25.625 83.375 0.83923
25.625 83.625 0.70707
25.625 83.875 -0.39869
25.625 84.125 -1.0436
25.625 84.375 -1.1046
25.625 84.625 -0.071036
25.625 84.875 -0.28402
25.625 85.125 -0.91682
25.625 85.375 -1.0665
25.625 85.625 -0.19446
25.625 85.875 -0.1171
25.625 86.125 -0.47246
25.625 86.375 -0.42549
25.625 86.625 -0.58009
25.625 86.875 0.70465
25.625 87.125 -0.094737
25.625 87.375 -0.53181
25.625 87.625 -0.030877
25.625 87.875 0.17378
25.625 88.125 0.075875
25.625 90.125 0.95135
25.625 90.375 -0.052284
25.625 90.625 -0.4834
25.625 90.875 0.29841
25.625 91.125 2.2818
25.625 91.375 1.4755
25.625 91.625 0.83824
25.625 91.875 -0.73342
25.625 92.125 -1.1703
25.625 92.375 -1.0617
25.625 92.625 -1.4208
25.625 92.875 -0.75662
25.625 93.125 -0.92091
25.625 93.375 -1.0033
25.625 93.625 -0.60082
25.625 93.875 0.37439
25.625 94.125 0.75531
25.625 94.375 0.76425
NaN NaN NaN
NaN NaN NaN
25.875 70.375 0.61952
25.875 70.625 0.38139
25.875 70.875 0.015996
25.875 71.125 0.084936
25.875 71.375 -0.083351
25.875 71.625 -0.21333
25.875 71.875 0.26721
25.875 72.125 0.47393
25.875 72.375 -0.046669
25.875 72.625 -0.68883
25.875 72.875 -0.67027
25.875 73.125 -0.72291
25.875 73.375 -0.24548
25.875 73.625 -0.40922
25.875 73.875 -0.70143
25.875 74.125 -0.48677
25.875 74.375 -0.19098
25.875 74.625 0.75783
25.875 74.875 1.168
25.875 75.125 0.24593
25.875 75.375 -0.085055
25.875 75.625 0.49486
25.875 75.875 0.9031
25.875 76.125 0.7435
25.875 76.375 1.348
25.875 76.625 1.1162
25.875 76.875 1.123
25.875 77.125 1.1954
25.875 77.375 1.2208
25.875 77.625 1.3269
25.875 77.875 0.49535
25.875 78.125 1.6497
25.875 78.375 1.2539
25.875 78.625 1.3256
25.875 78.875 0.3726
25.875 79.125 0.86999
25.875 79.375 0.52834
25.875 79.625 0.0040945
25.875 79.875 0.77053
25.875 80.125 -0.038503
25.875 80.375 0.30493
25.875 80.625 -0.29442
25.875 80.875 -1.1053
25.875 81.125 -1.2868
25.875 81.375 1.1107
25.875 81.625 0.051288
25.875 81.875 0.69309
25.875 82.125 -1.65
25.875 82.375 -0.29131
25.875 82.625 -0.26229
25.875 82.875 0.78854
25.875 83.125 -1.209
25.875 83.375 -1.5677
25.875 83.625 0.61887
25.875 83.875 -0.67261
25.875 84.125 0.64205
25.875 84.375 -1.6413
25.875 84.625 -0.11245
25.875 84.875 -1.0156
25.875 85.125 -0.27359
25.875 85.375 -0.51079
25.875 85.625 0.12659
25.875 85.875 -0.015327
25.875 86.125 -0.65321
25.875 86.375 -0.29954
25.875 86.625 0.85433
25.875 86.875 0.89254
25.875 87.125 -0.70484
25.875 87.375 -0.47674
25.875 87.625 -0.70379
25.875 87.875 -1.1772
25.875 90.125 -0.79067
25.875 90.375 -0.34545
25.875 90.625 0.20796
25.875 90.875 -0.59523
25.875 91.125 0.17407
25.875 91.375 0.48928
25.875 91.625 -0.91299
25.875 91.875 -1.6053
25.875 92.125 -1.043
25.875 92.375 -0.72497
25.875 92.625 -0.51137
25.875 92.875 -0.85835
25.875 93.125 -1.6392
25.875 93.375 -1.8288
25.875 93.625 -0.87601
25.875 93.875 1.2165
25.875 94.125 1.0432
25.875 94.375 0.87161
25.875 94.625 0.69845
25.875 94.875 0.44723
26.125 70.375 0.46439
26.125 70.625 -0.11501
26.125 70.875 -0.25322
26.125 71.125 0.2133
26.125 71.375 -0.020689
26.125 71.625 0.071407
26.125 71.875 0.12735
26.125 72.125 0.14268
26.125 72.375 -0.13246
26.125 72.625 -0.43648
26.125 72.875 -0.39813
26.125 73.125 -0.54701
26.125 73.375 -0.60075
26.125 73.625 0.13878
26.125 73.875 -0.27577
26.125 74.125 -0.5247
26.125 74.375 -0.10407
26.125 74.625 -0.22977
26.125 74.875 0.89953
26.125 75.125 0.85001
26.125 75.375 -0.088868
26.125 75.625 -0.080304
26.125 75.875 0.048594
26.125 76.125 -0.086258
26.125 76.375 0.94636
26.125 76.625 1.1204
26.125 76.875 0.41792
26.125 77.125 0.87472
26.125 77.375 0.87172
26.125 77.625 1.0795
26.125 77.875 0.76786
26.125 78.125 0.99392
26.125 78.375 1.9167
26.125 78.625 2.0587
26.125 78.875 1.518
26.125 79.125 1.2979
26.125 79.375 1.3935
26.125 79.625 -1.0409
26.125 79.875 -0.5204
26.125 80.125 0.41834
26.125 80.375 0.15572
26.125 80.625 -1.02
26.125 80.875 0.9664
26.125 81.125 0.40492
26.125 81.375 -1.3919
26.125 81.625 1.4112
26.125 81.875 0.77352
26.125 82.125 -0.98839
26.125 82.375 -0.49725
26.125 82.625 0.016742
26.125 82.875 0.3705
26.125 83.125 -1.1564
26.125 83.375 -1.6206
26.125 83.625 -1.0168
26.125 83.875 0.48991
26.125 84.125 0.97647
26.125 84.375 -0.93592
26.125 84.625 0.16892
26.125 84.875 -0.72638
26.125 85.125 0.71133
26.125 85.375 -1.9297
26.125 85.625 -0.30037
26.125 85.875 1.4039
26.125 86.125 -0.23112
26.125 86.375 -0.89638
26.125 86.625 0.6369
26.125 86.875 0.63805
26.125 87.125 -0.75759
26.125 87.375 -0.55024
26.125 87.625 -0.50878
26.125 87.875 -0.86213
26.125 88.125 -0.60459
26.125 89.375 -0.58353
26.125 89.875 -0.14432
26.125 90.125 -0.89598
26.125 90.375 -0.40636
26.125 90.625 0.22364
26.125 90.875 -1.3031
26.125 91.125 -1.0091
26.125 91.375 -0.32569
26.125 91.625 -1.5457
26.125 91.875 -1.394
26.125 92.125 -0.59732
26.125 92.375 -0.18792
26.125 92.625 0.26045
26.125 92.875 -0.9604
26.125 93.125 -1.4573
26.125 93.375 -0.18933
26.125 93.625 -0.092932
26.125 93.875 1.7133
26.125 94.125 1.1229
26.125 94.375 0.66794
26.125 94.625 0.34879
26.125 94.875 0.24543
26.375 70.375 -0.68481
26.375 70.625 -0.55697
26.375 70.875 -1.1251
26.375 71.125 -0.90116
26.375 71.375 -0.5341
26.375 71.625 -0.028699
26.375 71.875 0.081499
26.375 72.125 0.14131
26.375 72.375 -0.32051
26.375 72.625 -0.79115
26.375 72.875 -0.56402
26.375 73.125 -0.92019
26.375 73.375 -1.1313
26.375 73.625 0.14761
26.375 73.875 0.31865
26.375 74.125 -0.12986
26.375 74.375 0.94806
26.375 74.625 -0.97133
26.375 74.875 0.41986
26.375 75.125 0.70106
26.375 75.375 0.95274
26.375 75.625 0.037821
26.375 75.875 0.20797
26.375 76.125 0.3123
26.375 76.375 0.43134
26.375 76.625 0.91409
26.375 76.875 0.66385
26.375 77.125 0.71006
26.375 77.375 1.7673
26.375 77.625 1.1015
26.375 77.875 -0.094849
26.375 78.125 0.78628
26.375 78.375 1.2601
26.375 78.625 2.264
26.375 78.875 1.7201
26.375 79.125 1.616
26.375 79.375 -1.0997
26.375 79.625 -1.4935
26.375 79.875 1.156
26.375 80.125 1.519
26.375 80.375 0.07571
26.375 80.625 -0.2779
26.375 80.875 0.53647
26.375 81.125 -0.28567
26.375 81.375 -1.8457
26.375 81.625 -1.2706
26.375 81.875 -0.48858
26.375 82.125 -0.62406
26.375 82.375 -0.00077351
26.375 82.625 -0.48391
26.375 82.875 0.054649
26.375 83.125 -0.68263
26.375 83.375 -0.99024
26.375 83.625 0.26355
26.375 83.875 0.33288
26.375 84.125 1.0511
26.375 84.375 -0.71548
26.375 84.625 -0.78532
26.375 84.875 -1.0359
26.375 85.125 -1.5727
26.375 85.375 -1.6908
26.375 85.625 -0.65442
26.375 85.875 -0.049608
26.375 86.125 -0.49761
26.375 86.375 -1.8836
26.375 86.625 -1.3673
26.375 86.875 0.12227
26.375 87.125 -0.40962
26.375 87.625 -1.4142
26.375 87.875 -1.1926
26.375 88.125 -0.34065
26.375 88.375 0.14453
26.375 88.875 0.53044
26.375 89.375 -0.32913
26.375 89.625 -0.46552
26.375 89.875 -1.0129
26.375 90.125 -0.56318
26.375 90.375 -0.66244
26.375 90.625 -0.6998
26.375 90.875 -0.90596
26.375 91.125 -1.737
26.375 91.375 -1.1143
26.375 91.625 -1.621
26.375 91.875 -1.4251
26.375 92.125 -0.52631
26.375 92.375 -0.038856
26.375 92.625 0.99616
26.375 92.875 -0.48575
26.375 93.125 -0.72665
26.375 93.375 -1.1772
26.375 93.625 -0.71522
26.375 93.875 1.2757
26.375 94.125 1.1046
26.375 94.375 0.24451
26.375 94.625 0.098729
26.375 94.875 0.079793
26.625 69.875 -0.83306
26.625 70.125 -0.93171
26.625 70.375 -1.1327
26.625 70.625 -0.014315
26.625 70.875 -0.13201
26.625 71.125 -0.42673
26.625 71.375 -0.15378
26.625 71.625 0.12448
26.625 71.875 0.19692
26.625 72.125 0.33792
26.625 72.375 -0.52593
26.625 72.625 -0.97143
26.625 72.875 -0.83126
26.625 73.125 -0.48982
26.625 73.375 -0.61071
26.625 73.625 0.16817
26.625 73.875 0.43067
26.625 74.125 0.42916
26.625 74.375 0.41056
26.625 74.625 0.13374
26.625 74.875 0.99185
26.625 75.125 0.17997
26.625 75.375 0.73768
26.625 75.625 0.44338
26.625 75.875 -0.17472
26.625 76.125 1.1702
26.625 76.375 0.20367
26.625 76.625 0.54785
26.625 76.875 0.99044
26.625 77.125 1.4523
26.625 77.375 1.9529
26.625 77.625 1.3972
26.625 77.875 -0.64244
26.625 78.125 0.64605
26.625 78.375 1.7306
26.625 78.625 1.7179
26.625 78.875 1.148
26.625 79.125 -0.50848
26.625 79.375 0.7743
26.625 79.625 1.4831
26.625 79.875 0.55419
26.625 80.125 -1.0992
26.625 80.375 1.1163
26.625 80.625 -0.00018025
26.625 80.875 0.6684
26.625 81.125 1.5037
26.625 81.375 -0.20143
26.625 81.625 -0.25063
26.625 81.875 1.1167
26.625 82.125 -0.45897
26.625 82.375 1.1065
26.625 82.625 -1.7225
26.625 82.875 -0.22032
26.625 83.125 -0.080464
26.625 83.375 -0.89323
26.625 83.625 -0.77206
26.625 83.875 -1.0079
26.625 84.125 1.9421
26.625 84.375 -0.55301
26.625 84.625 -1.3753
26.625 84.875 -1.5297
26.625 85.125 -1.42
26.625 85.375 -1.7071
26.625 85.625 -0.83162
26.625 86.125 -1.5094
26.625 88.375 -0.73942
26.625 88.625 0.21722
26.625 88.875 -0.11705
26.625 89.125 -0.36363
26.625 89.375 -0.60304
26.625 89.625 -0.77181
26.625 89.875 -1.2856
26.625 90.125 -0.83039
26.625 90.375 -1.3327
26.625 90.625 -1.8302
26.625 90.875 -1.5614
26.625 91.125 -1.2798
26.625 91.375 -0.68943
26.625 91.625 -0.96137
26.625 91.875 -1.2525
26.625 92.125 -1.0353
26.625 92.375 -0.83907
26.625 92.625 -1.029
26.625 92.875 -0.20438
26.625 93.125 -0.89987
26.625 93.375 -0.88781
26.625 93.625 -0.10975
26.625 93.875 -0.34393
26.625 94.125 -0.502
26.625 94.375 -0.42225
26.625 94.625 -0.0081904
26.625 94.875 0.24574
26.625 95.125 0.57044
26.875 69.625 -0.73856
26.875 69.875 -0.67938
26.875 70.125 -0.80612
26.875 70.375 -0.74348
26.875 70.625 0.24968
26.875 70.875 0.11295
26.875 71.125 -0.083514
26.875 71.375 -0.30968
26.875 71.625 0.060622
26.875 71.875 0.1736
26.875 72.125 0.37076
26.875 72.375 -0.042236
26.875 72.625 -0.53978
26.875 72.875 -0.022271
26.875 73.125 0.80143
26.875 73.375 0.58698
26.875 73.625 0.84973
26.875 73.875 1.3017
26.875 74.125 0.91762
26.875 74.375 0.6915
26.875 74.625 0.95889
26.875 74.875 1.4877
26.875 75.125 1.0227
26.875 75.375 0.4801
26.875 75.625 -0.30003
26.875 75.875 0.25645
26.875 76.125 1.5506
26.875 76.375 0.80995
26.875 76.625 0.24447
26.875 76.875 1.4113
26.875 77.125 1.0944
26.875 77.375 0.52573
26.875 77.625 1.3471
26.875 77.875 0.7302
26.875 78.125 0.34619
26.875 78.375 1.0607
26.875 78.625 1.106
26.875 78.875 1.0858
26.875 79.125 1.327
26.875 79.375 1.6394
26.875 79.625 1.771
26.875 79.875 1.4478
26.875 80.125 -0.1548
26.875 80.375 0.76101
26.875 80.625 1.3884
26.875 80.875 1.0275
26.875 81.125 1.3948
26.875 81.375 0.86126
26.875 81.625 -0.76266
26.875 81.875 0.9413
26.875 82.125 0.64443
26.875 82.375 -1.1658
26.875 82.625 -0.76707
26.875 82.875 -0.46605
26.875 83.125 -0.76316
26.875 83.375 -1.4809
26.875 83.625 -1.2447
26.875 83.875 -1.1224
26.875 84.125 0.20118
26.875 84.375 -1.7048
26.875 84.625 -1.3171
26.875 84.875 -1.8668
26.875 88.375 -0.028646
26.875 88.625 -0.70876
26.875 88.875 -0.5844
26.875 92.375 -0.95025
26.875 92.625 -0.5502
26.875 92.875 -0.26469
26.875 93.125 -0.021725
26.875 93.375 -0.68708
26.875 93.625 -1.2364
26.875 93.875 -0.93216
26.875 94.125 -1.1252
26.875 94.375 0.20313
26.875 94.625 -0.030309
26.875 94.875 0.3011
26.875 95.125 0.52293
26.875 95.375 0.5311
26.875 95.625 0.046089
27.125 69.875 -0.37778
27.125 70.125 -0.2186
27.125 70.375 -0.12925
27.125 70.625 -0.084591
27.125 70.875 0.12847
27.125 71.125 -0.13678
27.125 71.375 -0.5658
27.125 71.625 -0.60386
27.125 71.875 0.49566
27.125 72.125 0.40858
27.125 72.375 0.28016
27.125 72.625 0.11213
27.125 72.875 0.36427
27.125 73.125 0.72339
27.125 73.375 0.69836
27.125 73.625 0.84173
27.125 73.875 1.5716
27.125 74.125 1.3861
27.125 74.375 0.81018
27.125 74.625 0.78073
27.125 74.875 0.21316
27.125 75.125 0.38237
27.125 75.375 0.63342
27.125 75.625 1.2294
27.125 75.875 0.96526
27.125 76.125 0.73031
27.125 76.375 1.0028
27.125 76.625 1.1293
27.125 76.875 0.79845
27.125 77.125 1.7886
27.125 77.375 0.28645
27.125 77.625 1.3596
27.125 77.875 0.22139
27.125 78.125 1.2339
27.125 78.375 0.47993
27.125 78.625 -0.99184
27.125 78.875 0.50995
27.125 79.125 1.3202
27.125 79.375 0.24399
27.125 79.625 0.97557
27.125 79.875 1.1389
27.125 80.125 1.0199
27.125 80.375 1.6404
27.125 80.625 -0.85817
27.125 80.875 -1.0908
27.125 81.125 1.9269
27.125 81.375 1.6505
27.125 81.625 0.56588
27.125 81.875 0.64919
27.125 82.125 0.32406
27.125 82.375 -0.71253
27.125 82.625 0.59545
27.125 82.875 0.19748
27.125 83.125 -0.79034
27.125 83.375 0.29118
27.125 83.625 0.27809
27.125 83.875 -0.18488
27.125 84.125 -1.3366
27.125 84.375 -1.1121
27.125 84.625 -1.615
27.125 88.125 0.69378
27.125 88.375 0.31101
27.125 88.625 -0.39341
27.125 92.125 -1.4641
27.125 92.375 -0.080857
27.125 92.625 0.15215
27.125 92.875 0.062533
27.125 93.125 -0.28375
27.125 93.375 -0.094875
27.125 93.625 -0.69531
27.125 93.875 0.56985
27.125 94.125 0.35607
27.125 94.375 0.22792
27.125 94.625 -0.55561
27.125 94.875 -0.50257
27.125 95.125 0.31684
27.125 95.375 0.78932
27.125 95.625 -0.34828
27.125 95.875 -0.53111
27.375 70.125 -0.17926
27.375 70.375 -0.1344
27.375 70.625 -0.13371
27.375 70.875 -0.011079
27.375 71.125 -0.49737
27.375 71.375 -0.89097
27.375 71.625 -0.95323
27.375 71.875 0.29808
27.375 72.125 0.53008
27.375 72.375 0.42804
27.375 72.625 0.1637
27.375 72.875 0.4004
27.375 73.125 0.62589
27.375 73.375 0.68853
27.375 73.625 0.90478
27.375 73.875 1.1658
27.375 74.125 0.94254
27.375 74.375 0.81816
27.375 74.625 0.71849
27.375 74.875 0.78605
27.375 75.125 0.56096
27.375 75.375 0.49726
27.375 75.625 1.5485
27.375 75.875 1.2935
27.375 76.125 0.44157
27.375 76.375 0.77126
27.375 76.625 0.73988
27.375 76.875 1.5248
27.375 77.125 1.7631
27.375 77.375 -1.5369
27.375 77.625 0.11825
27.375 77.875 1.223
27.375 78.125 1.4785
27.375 78.375 0.48185
27.375 78.625 0.65724
27.375 78.875 1.3515
27.375 79.125 1.666
27.375 79.375 -0.32798
27.375 79.625 -0.44906
27.375 79.875 1.1972
27.375 80.125 0.10818
27.375 80.375 -0.47478
27.375 80.625 -2.0212
27.375 80.875 -2.069
27.375 81.125 0.64119
27.375 81.375 0.65853
27.375 81.625 -1.0907
27.375 81.875 0.14075
27.375 82.125 0.40648
27.375 82.375 0.069045
27.375 82.625 0.72205
27.375 82.875 0.03717
27.375 83.125 -0.47098
27.375 83.625 0.036407
27.375 84.125 -0.6451
27.375 84.375 -1.2835
27.375 88.125 2.1217
27.375 88.375 -1.4377
27.375 88.625 -1.9828
27.375 92.125 -1.2286
27.375 92.375 -0.31883
27.375 92.625 0.0073441
27.375 92.875 -0.70906
27.375 93.125 -1.6161
27.375 93.375 -1.5242
27.375 93.625 0.077842
27.375 93.875 0.87702
27.375 94.125 1.199
27.375 94.375 -0.87865
27.375 94.625 -1.0084
27.375 94.875 -1.011
27.375 95.125 0.26923
27.375 95.375 0.30785
27.375 95.625 -1.0035
27.375 95.875 -1.2987
27.375 96.125 -1.9363
27.375 96.375 -2.2581
NaN NaN NaN
27.375 96.875 -0.51269
27.625 70.125 -0.16599
27.625 70.375 -0.15427
27.625 70.625 -0.10676
27.625 70.875 -0.33651
27.625 71.125 -0.71389
27.625 71.375 -0.66193
27.625 71.625 -0.47953
27.625 71.875 0.25293
27.625 72.125 0.51179
27.625 72.375 0.42951
27.625 72.625 0.41459
27.625 72.875 0.22953
27.625 73.125 0.31582
27.625 73.375 0.5805
27.625 73.625 0.94321
27.625 73.875 0.99626
27.625 74.125 0.89129
27.625 74.375 0.68147
27.625 74.625 0.69529
27.625 74.875 0.78219
27.625 75.125 0.28798
27.625 75.375 0.54079
27.625 75.625 0.88148
27.625 75.875 0.46153
27.625 76.125 0.31607
27.625 76.375 0.47604
27.625 76.625 1.3906
27.625 76.875 1.8947
27.625 77.125 -0.76168
27.625 77.375 -0.82083
27.625 77.625 -1.4355
27.625 77.875 -0.13599
27.625 78.125 1.6573
27.625 78.375 1.3428
27.625 78.625 -0.25553
27.625 78.875 1.0847
27.625 79.125 0.86736
27.625 79.375 -0.91944
27.625 79.625 -0.17679
27.625 79.875 2.0062
27.625 80.125 1.3692
27.625 80.375 -0.33885
27.625 80.625 -1.0246
27.625 80.875 -0.78935
27.625 81.125 0.62588
27.625 81.375 0.76923
27.625 81.625 -0.31896
27.625 81.875 -0.23336
27.625 82.125 0.12772
27.625 82.375 0.058818
27.625 82.625 0.55641
27.625 88.375 -0.77341
27.625 88.625 -1.6279
27.625 91.625 -1.1981
27.625 91.875 -1.3469
27.625 92.125 -0.98385
27.625 92.375 -0.64559
27.625 92.625 -0.37698
27.625 92.875 -1.217
27.625 93.125 -1.6346
27.625 93.375 -1.6142
27.625 93.625 -1.6994
27.625 93.875 -2.227
27.625 94.125 -1.6981
27.625 94.375 -0.85529
27.625 94.625 -1.5207
27.625 94.875 -1.6099
27.625 95.125 -1.814
27.625 95.375 -1.6709
27.625 95.625 -1.7709
27.625 95.875 -1.7565
27.625 96.125 -2.1677
27.625 96.375 -2.3116
27.625 96.625 -0.51247
27.625 96.875 -0.51341
27.875 70.375 -0.12317
27.875 71.875 -0.013486
27.875 72.125 0.095249
27.875 72.375 0.10771
27.875 72.625 0.44242
27.875 72.875 0.30622
27.875 73.125 0.34322
27.875 73.375 0.62068
27.875 73.625 0.97478
27.875 73.875 0.99706
27.875 74.125 0.68577
27.875 74.375 0.42977
27.875 74.625 0.23261
27.875 74.875 0.40538
27.875 75.125 0.50386
27.875 75.375 0.87064
27.875 75.625 0.96787
27.875 75.875 -0.16537
27.875 76.125 0.47984
27.875 76.375 0.7798
27.875 76.625 0.32081
27.875 76.875 1.0041
27.875 77.125 0.83682
27.875 77.375 -0.51758
27.875 77.625 -1.5611
27.875 77.875 0.55438
27.875 78.125 1.335
27.875 78.375 1.9825
27.875 78.625 1.1844
27.875 78.875 0.54806
27.875 79.125 0.049459
27.875 79.375 0.44194
27.875 79.625 1.3897
27.875 79.875 2.1974
27.875 80.125 1.6641
27.875 80.375 0.3305
27.875 80.625 -0.71816
27.875 80.875 -1.1509
27.875 81.125 0.30787
27.875 81.375 1.1475
27.875 81.625 0.90094
27.875 88.375 2.0355
27.875 88.625 1.8475
27.875 92.875 -1.8715
27.875 93.125 -1.7216
27.875 93.375 -1.707
27.875 93.625 -1.9664
27.875 93.875 -2.1836
27.875 94.125 -1.7365
27.875 94.375 -1.3827
27.875 94.625 -1.5179
27.875 94.875 -1.0153
27.875 95.125 -0.97186
27.875 95.375 -1.9234
27.875 95.625 -1.8077
27.875 95.875 -2.1653
27.875 96.125 -2.2273
27.875 96.375 -2.3793
27.875 96.625 -0.51381
NaN NaN NaN
27.875 97.125 -0.51411
28.125 72.125 -0.096051
28.125 72.375 -0.18473
28.125 72.625 0.32804
28.125 72.875 0.59727
28.125 73.125 0.97536
28.125 73.375 0.92936
28.125 73.625 0.86914
28.125 73.875 0.80435
28.125 74.125 0.51058
28.125 74.375 0.35274
28.125 74.625 -0.078238
28.125 74.875 0.25688
28.125 75.125 0.54785
28.125 75.375 0.68645
28.125 75.625 0.8428
28.125 75.875 0.13048
28.125 76.125 1.2174
28.125 76.375 0.28855
28.125 76.625 1.2085
28.125 76.875 1.8641
28.125 77.125 0.49716
28.125 77.375 0.58583
28.125 77.625 0.028335
28.125 77.875 0.94707
28.125 78.125 1.8451
28.125 78.375 1.7297
28.125 78.625 0.56147
28.125 78.875 0.94711
28.125 79.125 0.6708
28.125 79.375 -0.027455
28.125 79.625 0.1087
28.125 79.875 1.0889
28.125 80.125 0.90465
28.125 80.375 0.78081
28.125 80.625 0.69194
28.125 80.875 -0.29384
28.125 81.125 -0.2945
28.125 81.375 0.8265
28.125 92.875 -1.8369
28.125 93.125 -1.8244
28.125 93.375 -1.848
28.125 93.625 -2.1045
28.125 93.875 -2.3016
28.125 94.125 -1.6598
28.125 94.375 -1.4114
28.125 94.625 -1.7894
28.125 94.875 -1.3194
28.125 95.125 -1.0637
28.125 95.375 -1.4918
28.125 95.625 -1.8418
28.125 95.875 -1.9084
28.125 96.125 -2.0367
28.125 96.375 -0.51273
NaN NaN NaN
NaN NaN NaN
NaN NaN NaN
28.375 72.375 -0.50073
28.375 72.625 -0.23504
28.375 72.875 0.1926
28.375 73.125 0.72335
28.375 73.375 0.45189
28.375 73.625 0.33294
28.375 73.875 0.53847
28.375 74.125 0.40796
28.375 74.375 0.31929
28.375 74.625 0.056322
28.375 74.875 -0.016756
28.375 75.125 -0.066748
28.375 75.375 0.45826
28.375 75.625 0.84674
28.375 75.875 0.92032
28.375 76.125 1.4141
28.375 76.375 0.48046
28.375 76.625 0.46865
28.375 76.875 0.70243
28.375 77.125 -0.44596
28.375 77.375 -0.020792
28.375 77.625 -0.19877
28.375 77.875 0.18963
28.375 78.125 1.6997
28.375 78.375 1.3534
28.375 78.625 -0.014944
28.375 78.875 -0.82715
28.375 79.125 0.82659
28.375 79.375 0.12794
28.375 79.625 -0.83315
28.375 79.875 -0.11671
28.375 80.125 0.21248
28.375 80.375 0.53116
28.375 80.625 0.50553
28.375 80.875 0.046756
28.375 81.125 0.3616
28.375 93.375 -1.7424
28.375 93.625 -1.7137
28.375 93.875 -1.2996
28.375 94.125 -0.8441
28.375 94.375 -0.84206
28.375 94.625 -1.0681
28.375 94.875 -1.3199
28.375 95.125 -1.4063
28.375 95.375 -1.4713
28.375 95.625 -1.7688
28.375 95.875 -1.6638
28.375 96.125 -1.7751
NaN NaN NaN
28.625 72.375 -0.41913
28.625 72.625 -0.035511
28.625 72.875 0.36123
28.625 73.125 0.62271
28.625 73.375 0.62486
28.625 73.625 0.57564
28.625 73.875 0.30851
28.625 74.125 0.1477
28.625 74.375 0.001295
28.625 74.625 -0.032576
28.625 74.875 -0.064628
28.625 75.125 -0.16922
28.625 75.375 0.062326
28.625 75.625 0.28238
28.625 75.875 0.19104
28.625 76.125 0.73444
28.625 76.375 0.38687
28.625 76.625 0.84454
28.625 76.875 0.16408
28.625 77.125 -1.0873
28.625 77.375 -0.54482
28.625 77.625 -0.59653
28.625 77.875 -0.7807
28.625 78.125 0.55837
28.625 78.375 1.1727
28.625 78.625 -1.2035
28.625 78.875 -0.76779
28.625 79.125 1.2168
28.625 79.375 -0.53367
28.625 79.625 -0.016494
28.625 79.875 -0.53268
28.625 80.125 0.16558
28.625 80.375 0.69595
28.625 80.625 0.44366
28.625 93.625 -0.12411
28.625 93.875 0.31958
28.625 94.125 -0.26571
28.625 94.375 -0.32747
28.625 94.625 -0.56396
28.625 94.875 -0.88764
28.625 95.125 -1.3964
28.625 95.375 -1.4068
28.625 95.625 -1.6344
28.625 95.875 -1.6911
28.625 96.125 -0.87683
NaN NaN NaN
28.875 72.875 0.51543
28.875 73.125 0.99442
28.875 73.375 0.95563
28.875 73.625 0.61675
28.875 73.875 0.18212
28.875 74.125 -0.24568
28.875 74.375 -0.56857
28.875 74.625 -0.48454
28.875 74.875 -0.42542
28.875 75.125 -0.70557
28.875 75.375 -0.0029169
28.875 75.625 -0.0055243
28.875 75.875 0.079723
28.875 76.125 -0.17151
28.875 76.375 -0.47375
28.875 76.625 -1.2222
28.875 76.875 -0.77982
28.875 77.125 0.29468
28.875 77.375 0.99792
28.875 77.625 1.0639
28.875 77.875 0.73934
28.875 78.125 0.17037
28.875 78.375 0.18294
28.875 78.625 -0.83588
28.875 78.875 -0.7468
28.875 79.125 0.91476
28.875 79.375 1.2618
28.875 79.625 0.66136
28.875 79.875 0.41144
28.875 94.125 -0.010089
28.875 94.375 -0.091921
28.875 94.625 -0.32143
28.875 94.875 -0.35649
28.875 95.125 -0.48974
28.875 95.375 -1.4761
28.875 95.625 -0.86529
28.875 95.875 -0.89299
28.875 96.125 -0.30682
NaN NaN NaN
29.125 73.125 0.90592
29.125 73.375 0.89885
29.125 73.625 -0.042083
29.125 73.875 0.17146
29.125 74.125 0.043308
29.125 74.375 -0.46962
29.125 74.625 -0.49032
29.125 74.875 -0.99024
29.125 75.125 -0.6894
29.125 75.375 -0.074051
29.125 75.625 -0.058188
29.125 75.875 -0.99328
29.125 76.125 -1.1101
29.125 76.375 -1.5294
29.125 76.625 -0.85604
29.125 76.875 -1.4704
29.125 77.125 -0.23463
29.125 77.375 0.48228
29.125 77.625 1.3425
29.125 77.875 1.2631
29.125 78.125 0.58941
29.125 78.375 0.43026
29.125 78.625 0.88582
29.125 78.875 -0.3814
29.125 79.125 1.0715
29.125 79.375 1.3043
29.125 79.625 -0.37871
29.125 79.875 0.054015
29.125 80.125 0.41933
29.125 94.375 -0.16104
29.125 94.625 -0.12134
29.125 94.875 0.05767
29.125 95.625 -0.86781
29.125 95.875 0.091594
29.125 96.125 NaN
29.375 73.375 -0.23874
29.375 73.625 -0.14756
29.375 73.875 0.16689
29.375 74.125 0.11039
29.375 74.375 -0.61779
29.375 74.625 -0.71731
29.375 74.875 -0.46748
29.375 75.125 -0.11428
29.375 75.375 -0.53187
29.375 75.625 -0.70123
29.375 75.875 -1.7209
29.375 76.125 -1.0155
29.375 76.375 -1.5605
29.375 76.625 -0.57686
29.375 76.875 -1.9053
29.375 77.125 -1.8703
29.375 77.375 0.86813
29.375 77.625 1.0858
29.375 77.875 1.1662
29.375 78.125 0.03537
29.375 78.375 0.11215
29.375 78.625 -1.1519
29.375 78.875 -1.292
29.375 79.125 -0.062657
29.375 79.375 2.083
29.375 79.625 -0.98974
29.375 79.875 0.20861
29.375 80.125 0.40454
NaN NaN NaN
29.625 73.375 -0.14886
29.625 73.625 0.066736
29.625 73.875 0.1346
29.625 74.125 0.20743
29.625 74.375 -0.91345
29.625 74.625 -1.405
29.625 74.875 -1.0444
29.625 75.125 -0.83091
29.625 75.375 -0.88314
29.625 75.625 0.77774
29.625 75.875 -0.88722
29.625 76.125 -0.91909
29.625 76.375 -0.72175
29.625 76.625 -0.49845
29.625 76.875 -0.69416
29.625 77.125 -1.6816
29.625 77.375 -0.846
29.625 77.625 0.024546
29.625 77.875 -0.19901
29.625 78.125 -0.39738
29.625 78.375 -1.0107
29.625 78.625 -1.8942
29.625 78.875 -1.6167
29.625 79.125 -0.33296
29.625 79.375 0.83526
29.625 79.625 0.15233
29.625 79.875 0.29053
29.625 80.125 0.67859
29.875 73.625 0.17438
29.875 73.875 0.018838
29.875 74.125 -0.39332
29.875 74.375 -1.7131
29.875 74.625 -1.9206
29.875 74.875 -1.9291
29.875 75.125 -1.6368
29.875 75.375 -1.1976
29.875 75.625 -0.62482
29.875 75.875 -0.98734
29.875 76.125 -0.61598
29.875 76.375 -0.32736
29.875 76.625 -0.038207
29.875 76.875 -2.1155
29.875 77.125 -1.1671
29.875 77.375 -0.81972
29.875 77.625 -0.54115
29.875 77.875 -0.036474
29.875 78.125 -1.6306
29.875 78.375 -0.22988
29.875 78.625 -1.165
29.875 78.875 -0.71175
29.875 79.125 -1.0574
29.875 79.375 -0.18074
29.875 79.625 1.2969
29.875 79.875 0.12686
29.875 80.125 0.58809
29.875 80.375 0.55547
30.125 74.125 -0.89744
30.125 74.375 -1.4882
30.125 74.625 -1.8483
30.125 74.875 -1.9161
30.125 75.125 -1.2416
30.125 75.375 -0.49337
30.125 75.625 -1.0099
30.125 75.875 -1.4552
30.125 76.125 0.59442
30.125 76.375 -0.67016
30.125 76.625 -0.95157
30.125 76.875 -1.0068
30.125 77.125 -1.5994
30.125 77.375 -1.9563
30.125 77.625 -0.31893
30.125 77.875 -0.6556
30.125 78.125 0.31486
30.125 78.375 1.4277
30.125 78.625 0.73205
30.125 78.875 1.9141
30.125 79.125 0.70137
30.125 79.375 0.59687
30.125 79.625 1.3819
30.125 79.875 0.18651
30.125 80.125 0.23281
30.125 80.375 0.48212
30.125 80.625 0.50551
30.375 74.125 -1.0284
30.375 74.375 -1.3245
30.375 74.625 -1.3533
30.375 74.875 -1.3035
30.375 75.125 -0.77991
30.375 75.375 -0.14294
30.375 75.625 -0.03875
30.375 75.875 -1.3283
30.375 76.125 -1.7231
30.375 76.375 -0.77292
30.375 76.625 -1.9529
30.375 76.875 -1.888
30.375 77.125 0.065376
30.375 77.375 -0.30754
30.375 77.625 0.069185
30.375 77.875 -0.35977
30.375 78.125 -0.87334
30.375 78.375 -1.4567
30.375 78.625 1.5157
30.375 78.875 1.3095
30.375 79.125 1.0363
30.375 79.375 0.91094
30.375 79.625 1.3013
30.375 79.875 1.0538
30.375 80.125 0.70044
30.375 80.375 0.40065
30.375 80.625 0.39842
30.625 74.375 -1.222
30.625 74.625 -1.6045
30.625 74.875 -1.6397
30.625 75.125 -1.0791
30.625 75.375 -0.31292
30.625 75.625 -0.40715
30.625 75.875 -1.9928
30.625 76.125 -1.977
30.625 76.375 -2.237
30.625 76.625 -0.51714
30.625 76.875 0.21672
30.625 77.125 -0.015397
30.625 77.375 -0.21155
30.625 77.625 -0.3605
30.625 77.875 -0.10793
30.625 78.125 -0.12568
30.625 78.375 -1.7046
30.625 78.625 -0.073096
30.625 78.875 1.574
30.625 79.125 1.2774
30.625 79.375 0.13945
30.625 79.625 1.7298
30.625 79.875 0.89392
30.625 80.125 0.61675
30.875 74.625 -1.474
30.875 74.875 -1.2455
30.875 75.125 -0.12786
30.875 75.375 -1.9619
30.875 75.625 -0.94423
30.875 75.875 -1.6094
30.875 76.125 -1.7548
30.875 76.375 -0.69059
30.875 76.625 0.31788
30.875 76.875 -0.29083
30.875 77.125 0.49567
30.875 77.375 -1.0673
30.875 77.625 -0.23204
30.875 77.875 0.83805
30.875 78.125 0.17679
30.875 78.375 -0.20126
30.875 78.625 -0.038889
30.875 78.875 1.4311
30.875 79.125 1.4
30.875 79.375 0.90055
30.875 79.625 1.151
30.875 79.875 1.7608
31.125 74.875 -1.6149
31.125 75.125 -0.48265
31.125 75.375 -2.0866
31.125 75.625 -1.8809
31.125 75.875 -0.89478
31.125 76.125 1.0102
31.125 76.375 -0.49122
31.125 76.625 -0.61728
31.125 76.875 0.50223
31.125 77.125 0.48277
31.125 77.375 -1.0289
31.125 77.625 0.01784
31.125 77.875 0.20588
31.125 78.125 -0.5203
31.125 78.375 -0.65263
31.125 78.625 -0.72638
31.125 78.875 1.497
31.125 79.125 1.5024
31.375 74.875 -1.566
31.375 75.125 -1.2447
31.375 75.375 -1.9519
31.375 75.625 -1.1751
31.375 75.875 0.11948
31.375 76.125 -1.4277
31.375 76.375 -0.59376
31.375 76.625 -1.1076
31.375 76.875 -0.022986
31.375 77.125 1.1188
31.375 77.375 1.0794
31.375 77.625 1.3095
31.375 77.875 -0.69261
31.375 78.125 -0.93998
31.375 78.375 -0.94488
31.375 78.625 -0.83661
31.625 74.875 -0.21408
31.625 75.125 0.29022
31.625 75.375 0.016697
31.625 75.625 0.068572
31.625 75.875 0.25961
31.625 76.125 -0.92762
31.625 76.375 -0.76427
31.625 76.625 -0.44837
31.625 76.875 -0.67535
31.625 77.125 -0.17723
31.625 77.375 1.7428
31.625 77.625 1.7646
31.625 77.875 -0.28349
31.625 78.125 -0.88743
31.625 78.375 -1.0649
31.625 78.625 -1.0276
31.875 74.875 0.84616
31.875 75.125 0.70112
31.875 75.375 -1.1378
31.875 75.625 -0.061879
31.875 75.875 -0.28141
31.875 76.125 -0.16923
31.875 76.375 -0.12278
31.875 76.625 -0.040652
31.875 76.875 -0.72916
31.875 77.125 -0.66905
31.875 77.375 0.45402
31.875 77.625 1.378
31.875 77.875 -0.52528
31.875 78.125 -0.76838
31.875 78.375 -1.0176
31.875 78.625 -1.1222
32.125 75.375 0.60602
32.125 75.625 0.70715
32.125 75.875 0.061224
32.125 76.125 0.54107
32.125 76.375 -0.366
32.125 76.625 0.066231
32.125 76.875 -0.29683
32.125 77.125 -0.28646
32.125 77.375 -0.98557
32.125 77.625 -0.39515
32.125 77.875 -0.65207
32.125 78.125 -1.1279
32.125 78.375 -1.1192
32.375 75.375 0.79438
32.375 75.625 0.66459
32.375 75.875 0.28716
32.375 76.125 -1.071
32.375 76.375 -0.48639
32.375 76.625 -0.42151
32.375 76.875 -0.56412
32.375 77.125 -0.54163
32.375 77.375 -1.1567
32.375 77.625 -1.1638
32.375 77.875 -1.025
32.375 78.125 -1.2353
32.375 78.375 -1.3028
32.625 74.875 0.47809
32.625 75.125 -0.48125
32.625 75.375 -0.46639
32.625 75.625 0.049383
32.625 75.875 0.065725
32.625 76.125 -0.11769
32.625 76.375 -0.2803
32.625 76.625 -0.8927
32.625 76.875 -0.6333
32.625 77.125 -0.72823
32.625 77.375 -1.1048
32.625 77.625 -1.1988
32.625 77.875 -1.1453
32.625 78.125 -1.215
32.625 78.375 -1.1631
32.625 78.625 -1.2519
32.625 78.875 -1.2098
32.625 79.125 -1.1482
32.625 79.375 -1.1567
32.875 74.375 0.91927
32.875 74.625 1.1233
32.875 74.875 0.60504
32.875 75.125 -0.53739
32.875 75.375 -1.2565
32.875 75.625 -1.2566
32.875 75.875 -0.35074
32.875 76.125 -0.015765
32.875 76.375 -0.16192
32.875 76.625 -0.69063
32.875 76.875 -0.74021
32.875 77.125 -0.91437
32.875 77.375 -1.0605
32.875 77.625 -1.1577
32.875 77.875 -1.2006
32.875 78.125 -0.49531
32.875 78.375 -0.72026
32.875 78.625 -1.0139
32.875 78.875 -1.1681
32.875 79.125 -1.1648
32.875 79.375 -1.2531
33.125 73.875 0.33287
33.125 74.125 0.35759
33.125 74.375 0.90775
33.125 74.625 1.2396
33.125 74.875 -0.019195
33.125 75.125 -0.89999
33.125 75.375 -1.8141
33.125 75.625 -1.9788
33.125 75.875 -0.78566
33.125 76.125 -0.49709
33.125 76.375 -0.80335
33.125 76.625 -0.86191
33.125 76.875 -0.80679
33.125 77.125 -1.3552
33.125 77.375 -0.61285
33.125 77.625 -0.17513
33.125 77.875 0.15345
33.125 78.125 0.39111
33.125 78.375 0.2922
33.125 78.625 -0.60274
33.125 78.875 -0.98372
33.125 79.125 -1.0969
33.375 73.875 0.45001
33.375 74.125 0.18839
33.375 74.375 -0.80132
33.375 74.625 -1.5428
33.375 74.875 -1.7087
33.375 75.125 -2.0169
33.375 75.375 -1.9421
33.375 75.625 -1.9669
33.375 75.875 -1.2756
33.375 76.125 -0.60586
33.375 76.375 -0.41341
33.375 76.625 -0.6616
33.375 76.875 -0.4317
33.375 77.125 -0.015986
33.375 77.375 0.12291
33.375 77.625 0.17682
33.375 77.875 0.010322
33.375 78.125 0.10442
33.375 78.375 0.13322
33.375 78.625 -0.23614
33.375 78.875 -0.73112
33.625 73.875 0.95882
33.625 74.125 0.31295
33.625 74.375 -1.9577
33.625 74.625 -2.0339
33.625 74.875 -1.2799
33.625 75.125 -1.8466
33.625 75.375 -1.7241
33.625 75.625 -1.4814
33.625 75.875 -0.78686
33.625 76.125 -0.86311
33.625 76.375 -0.25379
33.625 76.625 -0.64632
33.625 76.875 -0.19609
33.625 77.125 0.0038712
33.625 77.375 0.13803
33.625 77.625 0.19416
33.625 77.875 -0.019656
33.625 78.125 -0.05571
33.625 78.375 -0.009478
33.625 78.625 0.045464
33.625 78.875 -0.4686
33.875 73.875 0.21657
33.875 74.125 -0.83791
33.875 74.375 -1.5691
33.875 74.625 -1.3265
33.875 74.875 -1.1139
33.875 75.125 -0.4443
33.875 75.375 -0.73589
33.875 75.625 -0.90005
33.875 75.875 -1.1035
33.875 76.125 -1.0386
33.875 76.375 -0.5986
33.875 76.625 -0.60969
33.875 76.875 -0.51894
33.875 77.125 -0.47089
33.875 77.375 -0.19425
33.875 77.625 -0.034412
33.875 77.875 -0.031364
33.875 78.125 -0.059408
33.875 78.375 -0.082802
33.875 78.625 -0.012495
33.875 78.875 -0.3098
34.125 73.625 -1.0895
34.125 73.875 -0.91886
34.125 74.125 -0.53917
34.125 74.375 -1.4632
34.125 74.625 -1.8193
34.125 74.875 -1.8682
34.125 75.125 -0.60288
34.125 75.375 -0.77635
34.125 75.625 -1.2379
34.125 75.875 -1.1906
34.125 76.125 -1.4215
34.125 76.375 -0.48155
34.125 76.625 -0.49984
34.125 76.875 -0.50389
34.125 77.125 -0.46594
34.125 77.375 -0.32661
34.125 77.625 -0.20415
34.125 77.875 -0.12049
34.125 78.125 -0.087103
34.125 78.375 -0.081089
34.125 78.625 -0.043939
34.125 78.875 -0.2164
34.125 79.125 -0.085273
34.125 79.375 -0.4141
34.375 73.625 -1.5673
34.375 73.875 -1.8014
34.375 74.125 -2.079
34.375 74.375 -1.6423
34.375 74.625 -1.776
34.375 74.875 -2.1279
34.375 75.125 -1.0015
34.375 75.375 -1.4584
34.375 75.625 -1.4174
34.375 75.875 -1.2645
34.375 76.125 -1.3137
34.375 76.375 -0.47415
34.375 76.625 -0.53147
34.375 76.875 -0.51941
34.375 77.125 -0.5493
34.375 77.375 -0.46802
34.375 77.625 -0.31945
34.375 77.875 -0.23039
34.375 78.125 -0.15678
34.375 78.375 -0.10771
34.375 78.625 -0.071787
34.375 78.875 -0.15968
34.375 79.125 -0.3357
34.375 79.375 -0.53972
34.625 73.875 -1.8759
34.625 74.125 -1.9695
34.625 74.375 -2.0644
34.625 74.625 -2.0698
34.625 74.875 -2.07
34.625 75.125 -1.341
34.625 75.375 -1.7592
34.625 75.625 -1.4352
34.625 75.875 -1.3242
34.625 76.125 -1.1753
34.625 76.375 -0.47742
34.625 76.625 -0.5574
34.625 76.875 -0.52384
34.625 77.125 -0.53863
34.625 77.375 -0.50556
34.625 77.625 -0.43217
34.625 77.875 -0.3445
34.625 78.125 -0.24697
34.625 78.375 -0.16404
34.625 78.625 -0.091671
34.625 78.875 -0.12987
34.625 79.125 -0.25709
34.625 79.375 -0.42132
34.625 79.625 -0.60413
34.875 74.125 -2.0544
34.875 74.375 -2.0952
34.875 74.625 -2.0458
34.875 74.875 -2.0575
34.875 75.125 -2.0289
34.875 75.375 -1.8996
34.875 75.625 -1.4343
34.875 75.875 -1.3901
34.875 76.125 -1.0811
34.875 76.375 -0.48473
34.875 76.625 -0.55009
34.875 76.875 -0.51942
34.875 77.125 -0.51898
34.875 77.375 -0.51668
34.875 77.625 -0.48241
34.875 77.875 -0.42479
34.875 78.125 -0.35533
34.875 78.375 -0.28798
34.875 78.625 -0.18741
34.875 78.875 -0.15499
34.875 79.125 -0.22163
34.875 79.375 -0.34018
34.875 79.625 -0.49058
34.875 79.875 -0.65915
35.125 74.375 -2.1717
35.125 74.625 -2.0882
35.125 74.875 -2.1151
35.125 75.125 -2.1832
35.125 75.375 -1.9851
35.125 75.625 -1.4351
35.125 75.875 -1.1969
35.125 76.125 -1.1236
35.125 76.375 -0.49433
35.125 76.625 -0.55096
35.125 76.875 -0.52346
35.125 77.125 -0.51959
35.125 77.375 -0.52314
35.125 77.625 -0.50984
35.125 77.875 -0.48072
35.125 78.125 -0.4404
35.125 78.375 -0.39015
35.125 78.625 -0.28691
35.125 78.875 -0.21919
35.125 79.125 -0.22679
35.125 79.375 -0.29918
35.125 79.625 -0.40997
35.125 79.875 -0.55015
35.375 73.875 -2.1732
35.375 74.125 -2.223
35.375 74.375 -2.1036
35.375 74.625 -2.0952
35.375 74.875 -1.9625
35.375 75.125 -1.9536
35.375 75.375 -1.873
35.375 75.625 -1.3577
35.375 75.875 -1.1846
35.375 76.125 -1.1765
35.375 76.375 -0.98988
35.375 76.625 -0.85621
35.375 76.875 -0.55104
35.375 77.125 -0.5224
35.375 77.375 -0.52633
35.375 77.625 -0.52377
35.375 77.875 -0.50864
35.375 78.125 -0.47854
35.375 78.375 -0.43641
35.375 78.625 -0.36229
35.375 78.875 -0.2892
35.375 79.125 -0.26123
35.375 79.375 -0.2912
35.375 79.625 -0.36356
35.375 79.875 -0.46887
NaN NaN NaN
35.625 73.375 -2.1543
35.625 73.625 -2.1631
35.625 73.875 -2.3292
35.625 74.125 -2.3392
35.625 74.375 -2.3222
35.625 74.625 -2.2173
35.625 74.875 -2.1476
35.625 75.125 -2.3326
35.625 75.375 -2.0704
35.625 75.625 -1.3963
35.625 75.875 -1.427
35.625 76.125 -1.2093
35.625 76.375 -1.0459
35.625 76.625 -1.0317
35.625 76.875 -0.91923
35.625 77.125 -0.79906
35.625 78.375 -0.47603
35.625 78.625 -0.41882
35.625 78.875 -0.35302
35.625 79.125 -0.3078
35.625 79.375 -0.30603
35.625 79.625 -0.34686
35.625 79.875 -0.4186
35.625 80.125 -0.52067
35.875 73.125 0.52188
35.875 73.375 -0.58708
35.875 73.625 -1.5576
35.875 73.875 -2.0562
35.875 74.125 -2.269
35.875 74.375 -2.3494
35.875 74.625 -2.3109
35.875 74.875 -2.3002
35.875 75.125 -2.3781
35.875 75.375 -2.2829
35.875 75.625 -2.061
35.875 75.875 -1.8118
35.875 76.125 -1.6106
35.875 76.375 -1.3099
35.875 76.625 -1.0998
35.875 79.375 -0.33781
36.125 72.625 0.16165
36.125 72.875 -1.8706
36.125 73.125 -1.7555
36.125 73.375 -0.064586
36.125 73.625 -0.88414
36.125 73.875 -1.5743
36.125 74.125 -2.0358
36.125 74.375 -2.2542
36.125 74.625 -2.2995
36.125 74.875 -2.3195
36.125 75.125 -2.3882
36.125 75.375 -2.3653
36.125 75.625 -2.2295
36.125 75.875 -2.0414
36.125 76.125 -1.8474
36.125 76.375 -1.6085
36.125 76.625 -1.3994
36.375 73.125 0.38855
36.375 73.375 0.15251
36.375 73.625 -0.37515
36.375 73.875 -1.0167
36.375 74.125 -1.6147
36.375 74.375 -2.033
36.375 74.625 -2.2079
36.375 74.875 -2.2814
36.375 75.125 -2.3593
36.375 75.375 -2.3996
36.375 75.625 -2.3381
36.375 75.875 -2.2027
36.375 76.125 -2.0327
36.625 73.375 0.20226
36.625 73.625 -0.090726
36.625 73.875 -0.55857
36.625 74.125 -1.1221
36.625 74.375 -1.6636
36.625 74.625 -2.0068
36.625 74.875 -2.1784
36.625 75.125 -2.2945
36.625 75.375 -2.3814
36.625 75.625 -2.3908
36.875 73.875 -0.26184
36.875 74.375 -1.2203
36.875 74.625 -1.6832
36.875 74.875 -1.9851
36.875 75.125 -2.1765
36.875 75.375 -2.3137
