8.125 77.375 -0.30371
8.375 77.125 -0.70828
8.375 77.375 -0.066599
8.375 77.625 0.37534
8.375 77.875 -0.067589
8.625 76.875 -0.40536
8.625 77.125 -0.20142
8.625 77.375 0.041336
8.625 77.625 -0.017492
8.625 77.875 -0.024853
8.875 76.875 -0.47257
8.875 77.125 -0.14783
8.875 77.375 0.012849
8.875 77.625 -0.215
8.875 77.875 -0.41885
9.125 76.625 -0.80932
9.125 76.875 -0.30002
9.125 77.125 -0.14651
9.125 77.375 -0.023806
9.125 77.625 -0.32102
9.125 77.875 -0.3273
9.125 78.125 -0.23901
9.125 78.375 -0.40157
9.375 76.625 -0.89303
9.375 76.875 -0.18314
9.375 77.125 -0.087256
9.375 77.375 -0.09383
9.375 77.625 -0.16552
9.375 77.875 -0.29081
9.375 78.125 -0.3729
9.375 78.375 -0.42712
9.375 78.625 -0.42786
9.375 78.875 -0.52737
9.625 76.375 -0.99624
9.625 76.625 -0.77222
9.625 76.875 0.042613
9.625 77.125 -0.015468
9.625 77.375 -0.17193
9.625 77.625 -0.34212
9.625 77.875 -0.29572
9.625 78.125 -0.31731
9.625 78.375 -0.43642
9.625 78.625 -0.43242
9.875 76.625 -0.50669
9.875 76.875 -0.063727
9.875 77.125 0.48914
9.875 77.375 0.33082
9.875 77.625 -0.012691
9.875 77.875 -0.40108
9.875 78.125 -0.74027
9.875 78.375 -0.59676
9.875 78.625 -0.5969
9.875 78.875 -0.81915
10.125 76.375 -1.0216
10.125 76.625 -0.64368
10.125 76.875 1.1878
10.125 77.125 0.17502
10.125 77.375 -0.10034
10.125 77.625 0.82839
10.125 77.875 -0.035413
10.125 78.125 -0.61964
10.125 78.375 -0.32294
10.125 78.625 -0.73384
10.125 78.875 -0.6822
10.125 79.125 -0.69583
10.375 76.375 -0.92847
10.375 76.625 -0.62706
10.375 76.875 0.25553
10.375 77.125 0.7227
10.375 77.375 0.33007
10.375 77.625 1.2629
10.375 77.875 0.07012
10.375 78.125 -0.335
10.375 78.375 -0.44327
10.375 78.625 -0.63092
10.375 78.875 -0.69987
10.375 79.125 -0.79089
10.375 79.375 -0.75616
10.375 79.625 -0.8072
10.625 76.125 -0.68279
10.625 76.375 -0.2188
10.625 76.625 -0.51815
10.625 76.875 0.39588
10.625 77.125 -0.26108
10.625 77.375 0.25046
10.625 77.625 0.27342
10.625 77.875 0.085486
10.625 78.125 -0.38367
10.625 78.375 -0.58865
10.625 78.625 -0.71332
10.625 78.875 -0.79136
10.625 79.125 -0.47983
10.625 79.375 -0.75364
10.625 79.625 -0.63285
10.875 76.125 -0.54463
10.875 76.375 0.9354
10.875 76.625 1.4037
10.875 76.875 0.16058
10.875 77.125 0.042319
10.875 77.375 -0.13665
10.875 77.625 -0.16137
10.875 77.875 -0.16964
10.875 78.125 -0.41513
10.875 78.375 -0.54323
10.875 78.625 -0.34722
10.875 78.875 -0.57144
10.875 79.125 -0.59065
10.875 79.375 -0.78069
10.875 79.625 -0.41353
11.125 76.125 -0.50219
11.125 76.375 1.2094
11.125 76.625 5.843
11.125 76.875 -0.66098
11.125 77.125 0.044611
11.125 77.375 -0.5358
11.125 77.625 -0.59416
11.125 77.875 -0.5729
11.125 78.125 -0.69962
11.125 78.375 -0.54175
11.125 78.625 -0.33973
11.125 78.875 -0.50355
11.125 79.125 -0.53844
11.125 79.375 -0.60331
11.125 79.625 -0.58544
11.375 75.875 -0.57585
11.375 76.125 -0.068148
11.375 76.375 2.6478
11.375 76.625 2.2108
11.375 76.875 1.8373
11.375 77.125 0.61254
11.375 77.375 -0.25417
11.375 77.625 -0.55371
11.375 77.875 -0.46179
11.375 78.125 -0.27035
11.375 78.375 -0.60557
11.375 78.625 -0.52573
11.375 78.875 -0.50204
11.375 79.125 -0.3897
11.375 79.375 -0.44748
11.375 79.625 -0.53557
11.625 75.875 0.0017804
11.625 76.125 0.60212
11.625 76.375 0.47664
11.625 76.625 4.6556
11.625 76.875 1.046
11.625 77.125 0.2248
11.625 77.375 -0.15774
11.625 77.625 -0.66481
11.625 77.875 -0.91152
11.625 78.125 -0.25348
11.625 78.375 -0.48452
11.625 78.625 -0.37249
11.625 78.875 -0.38334
11.625 79.125 -0.41526
11.625 79.375 -0.63919
11.625 79.625 -0.62495
11.875 75.625 0.095535
11.875 75.875 0.34861
11.875 76.125 -0.35423
11.875 76.375 -0.26056
11.875 76.625 0.22944
11.875 76.875 -0.68619
11.875 77.125 0.21244
11.875 77.375 -0.31736
11.875 77.625 -0.52089
11.875 77.875 -0.7962
11.875 78.125 -0.56321
11.875 78.375 -0.57454
11.875 78.625 -0.47747
11.875 78.875 -0.55755
11.875 79.125 -0.3929
11.875 79.375 -0.46559
11.875 79.625 -0.69075
12.125 75.375 -0.9498
12.125 75.625 -0.78293
12.125 75.875 0.84565
12.125 76.125 -0.93264
12.125 76.375 -0.71902
12.125 76.625 -0.4941
12.125 76.875 -0.66905
12.125 77.125 -0.12616
12.125 77.375 -0.54506
12.125 77.625 -0.61507
12.125 77.875 -0.51793
12.125 78.125 -0.74104
12.125 78.375 -0.30096
12.125 78.625 -0.53524
12.125 78.875 -1.1629
12.125 79.125 -0.27998
12.125 79.375 -0.27926
12.125 79.625 -0.47478
12.375 75.125 -0.98048
12.375 75.375 -0.67158
12.375 75.625 -0.044793
12.375 75.875 0.54825
12.375 76.125 -0.59368
12.375 76.375 -0.52127
12.375 76.625 0.40495
12.375 76.875 -0.56247
12.375 77.125 -0.73304
12.375 77.375 -0.54289
12.375 77.625 -0.41107
12.375 77.875 -0.79326
12.375 78.125 -0.41513
12.375 78.375 -0.34414
12.375 78.625 -0.50275
12.375 78.875 -0.59734
12.375 79.125 -0.42796
12.375 79.375 -0.56734
12.375 79.625 -0.50406
12.375 79.875 -0.65877
12.625 75.125 -0.79936
12.625 75.375 -0.63385
12.625 75.625 -0.53098
12.625 75.875 -0.73631
12.625 76.125 -0.59681
12.625 76.375 -0.14332
12.625 76.625 -0.12715
12.625 76.875 -0.64096
12.625 77.125 -0.81011
12.625 77.375 -0.70833
12.625 77.625 -0.61291
12.625 77.875 -0.6499
12.625 78.125 -0.41088
12.625 78.375 -0.39023
12.625 78.625 -0.49998
12.625 78.875 -0.62871
12.625 79.125 -0.69891
12.625 79.375 -0.54217
12.625 79.625 -0.63177
12.625 79.875 -0.80176
12.875 75.125 -0.90878
12.875 75.375 -0.68553
12.875 75.625 -1.168
12.875 75.875 -0.53157
12.875 76.125 -0.8443
12.875 76.375 0.86225
12.875 76.625 -0.27355
12.875 76.875 -0.51069
12.875 77.125 -0.71222
12.875 77.375 -0.34769
12.875 77.625 -0.46735
12.875 77.875 -0.56919
12.875 78.125 -0.336
12.875 78.375 -0.50094
12.875 78.625 -0.39048
12.875 78.875 -0.56923
12.875 79.125 -0.78333
12.875 79.375 -0.6129
12.875 79.625 -0.42623
12.875 79.875 -0.46878
13.125 74.875 -0.44687
13.125 75.125 -0.85924
13.125 75.375 -0.70219
13.125 75.625 -0.48213
13.125 75.875 -0.87282
13.125 76.125 -0.38184
13.125 76.375 0.15812
13.125 76.625 -0.15862
13.125 76.875 -0.72377
13.125 77.125 -0.50451
13.125 77.375 -0.69476
13.125 77.625 -0.48838
13.125 77.875 -0.56009
13.125 78.125 -0.35911
13.125 78.375 -0.43944
13.125 78.625 -0.40958
13.125 78.875 -0.34764
13.125 79.125 -0.36575
13.125 79.375 -0.74592
13.125 79.625 -0.61677
13.125 79.875 -0.58153
13.125 80.125 -0.67518
13.375 74.875 -0.8354
13.375 75.125 -0.66997
13.375 75.375 -0.57673
13.375 75.625 -0.40692
13.375 75.875 -0.33355
13.375 76.125 -0.10709
13.375 76.375 -0.26927
13.375 76.625 -0.4336
13.375 76.875 -0.6156
13.375 77.125 0.017813
13.375 77.375 -0.61844
13.375 77.625 -0.50609
13.375 77.875 -0.36416
13.375 78.125 -0.45009
13.375 78.375 -0.39196
13.375 78.625 -0.36876
13.375 78.875 -0.47632
13.375 79.125 -0.70436
13.375 79.375 -0.83474
13.375 79.625 -0.57793
13.375 79.875 -0.5585
13.375 80.125 -0.57969
13.625 74.875 -0.72432
13.625 75.125 -0.47764
13.625 75.375 -0.7246
13.625 75.625 -0.56219
13.625 75.875 -0.42409
13.625 76.125 -0.51004
13.625 76.375 -0.60594
13.625 76.625 -0.51343
13.625 76.875 -0.71044
13.625 77.125 -0.62348
13.625 77.375 -0.64207
13.625 77.625 -0.38816
13.625 77.875 -0.53319
13.625 78.125 -0.66213
13.625 78.375 -0.55522
13.625 78.625 -0.61187
13.625 78.875 -0.70668
13.625 79.125 -0.78025
13.625 79.375 -0.45082
13.625 79.625 -0.522
13.625 79.875 -0.57136
13.625 80.125 -0.79433
13.875 74.875 -0.3655
13.875 75.125 -0.38948
13.875 75.375 -0.52849
13.875 75.625 -0.67922
13.875 75.875 -0.34876
13.875 76.125 -0.79393
13.875 76.375 -0.5438
13.875 76.625 -0.36326
13.875 76.875 -0.77022
13.875 77.125 -0.63788
13.875 77.375 -0.57298
13.875 77.625 -0.43142
13.875 77.875 -0.64784
13.875 78.125 -0.52479
13.875 78.375 -0.3568
13.875 78.625 -0.51193
13.875 78.875 -0.64259
13.875 79.125 -0.46824
13.875 79.375 -0.42721
13.875 79.625 -0.72461
13.875 79.875 -0.53107
14.125 74.625 -0.72224
14.125 74.875 -0.58684
14.125 75.125 -0.47994
14.125 75.375 -0.56623
14.125 75.625 -0.8649
14.125 75.875 -0.61408
14.125 76.125 -0.3703
14.125 76.375 -0.52783
14.125 76.625 -0.44889
14.125 76.875 -0.48205
14.125 77.125 -0.4219
14.125 77.375 -0.38352
14.125 77.625 -0.42973
14.125 77.875 -0.59183
14.125 78.125 -0.39418
14.125 78.375 -0.48139
14.125 78.625 -0.64889
14.125 78.875 -0.56905
14.125 79.125 -0.42761
14.125 79.375 -0.40296
14.125 79.625 -0.43736
14.125 79.875 -0.79785
14.375 74.625 -0.62441
14.375 74.875 -0.46114
14.375 75.125 -0.71705
14.375 75.375 -0.65268
14.375 75.625 -0.51352
14.375 75.875 -0.51627
14.375 76.125 -0.29741
14.375 76.375 -0.08871
14.375 76.625 -0.43932
14.375 76.875 -0.53871
14.375 77.125 -0.39338
14.375 77.375 -0.53571
14.375 77.625 -0.54202
14.375 77.875 -0.49458
14.375 78.125 -0.41182
14.375 78.375 -0.53823
14.375 78.625 -0.58725
14.375 78.875 -0.68103
14.375 79.125 -0.49541
14.375 79.375 -0.51389
14.375 79.625 -0.68525
14.375 79.875 -0.55412
14.625 74.375 -0.83725
14.625 74.625 -1.2698
14.625 74.875 -0.82536
14.625 75.125 -0.54241
14.625 75.375 -0.50931
14.625 75.625 -0.65919
14.625 75.875 -0.45231
14.625 76.125 -0.36584
14.625 76.375 -0.40418
14.625 76.625 -0.3141
14.625 76.875 -0.27388
14.625 77.125 -0.45958
14.625 77.375 -0.64813
14.625 77.625 -0.57765
14.625 77.875 -0.40722
14.625 78.125 -0.50211
14.625 78.375 -0.56399
14.625 78.625 -0.54233
14.625 78.875 -0.62158
14.625 79.125 -0.51339
14.625 79.375 -0.54904
14.625 79.625 -0.48511
14.625 79.875 -0.37861
14.875 74.375 -1.2753
14.875 74.625 -1.3477
14.875 74.875 -1.1425
14.875 75.125 -0.62976
14.875 75.375 -0.28985
14.875 75.625 -0.65183
14.875 75.875 -0.53307
14.875 76.125 -0.54278
14.875 76.375 -0.59942
14.875 76.625 -0.4819
14.875 76.875 -0.21048
14.875 77.125 -0.42114
14.875 77.375 -0.41139
14.875 77.625 -0.47128
14.875 77.875 -0.47078
14.875 78.125 -0.51836
14.875 78.375 -0.61108
14.875 78.625 -0.56481
14.875 78.875 -0.47632
14.875 79.125 -0.47225
14.875 79.375 -0.56084
14.875 79.625 -0.45427
14.875 79.875 -0.45228
15.125 74.125 -0.92753
15.125 74.375 -0.95452
15.125 74.625 -0.97833
15.125 74.875 -0.61459
15.125 75.125 -0.75442
15.125 75.375 -0.50899
15.125 75.625 -0.26197
15.125 75.875 -0.43224
15.125 76.125 -0.63743
15.125 76.375 -0.32376
15.125 76.625 -0.33844
15.125 76.875 -0.40723
15.125 77.125 -0.38336
15.125 77.375 -0.41857
15.125 77.625 -0.42802
15.125 77.875 -0.48271
15.125 78.125 -0.58647
15.125 78.375 -0.60013
15.125 78.625 -0.53337
15.125 78.875 -0.43306
15.125 79.125 -0.45307
15.125 79.375 -0.64951
15.125 79.625 -0.59638
15.125 79.875 -0.62818
15.375 73.875 -0.88129
15.375 74.125 -0.9606
15.375 74.375 -0.89961
15.375 74.625 -0.91978
15.375 74.875 -0.55946
15.375 75.125 -0.64675
15.375 75.375 -0.38776
15.375 75.625 -0.38504
15.375 75.875 -0.45639
15.375 76.125 -0.52267
15.375 76.375 -0.3868
15.375 76.625 -0.44987
15.375 76.875 -0.488
15.375 77.125 -0.56989
15.375 77.375 -0.42831
15.375 77.625 -0.57187
15.375 77.875 -0.65672
15.375 78.125 -0.76011
15.375 78.375 -0.65267
15.375 78.625 -0.50307
15.375 78.875 -0.56914
15.375 79.125 -0.52361
15.375 79.375 -0.59389
15.375 79.625 -0.6266
15.375 79.875 -0.61968
15.625 73.875 -0.72294
15.625 74.125 -1.0083
15.625 74.375 -1.2452
15.625 74.625 -0.64991
15.625 74.875 -0.51298
15.625 75.125 -0.52125
15.625 75.375 -0.49676
15.625 75.625 -0.58139
15.625 75.875 -0.30413
15.625 76.125 -0.68663
15.625 76.375 -0.62306
15.625 76.625 -0.39401
15.625 76.875 -0.47311
15.625 77.125 -0.52119
15.625 77.375 -0.47154
15.625 77.625 -0.48069
15.625 77.875 -0.51371
15.625 78.125 -0.71492
15.625 78.375 -0.42823
15.625 78.625 -0.69319
15.625 78.875 -0.51498
15.625 79.125 -0.65857
15.625 79.375 -0.58321
15.625 79.625 -0.45793
15.625 79.875 -0.62496
15.625 80.125 -0.71866
15.875 73.875 -0.26477
15.875 74.125 -0.69822
15.875 74.375 -0.59593
15.875 74.625 -0.47271
15.875 74.875 -0.54335
15.875 75.125 -0.57431
15.875 75.375 -0.46506
15.875 75.625 -0.45122
15.875 75.875 -0.29949
15.875 76.125 -0.50855
15.875 76.375 -0.56735
15.875 76.625 -0.42577
15.875 76.875 -0.34707
15.875 77.125 -0.52955
15.875 77.375 -0.57295
15.875 77.625 -0.57916
15.875 77.875 -0.64168
15.875 78.125 -0.68325
15.875 78.375 -0.50492
15.875 78.625 -0.81431
15.875 78.875 -0.56371
15.875 79.125 -0.56333
15.875 79.375 -0.58932
15.875 79.625 -0.65458
15.875 79.875 -0.6908
15.875 80.125 -0.76863
15.875 80.375 -0.81804
15.875 80.625 -0.94122
15.875 80.875 -0.76822
16.125 73.625 -0.70177
16.125 73.875 -0.3972
16.125 74.125 -0.54493
16.125 74.375 -0.83809
16.125 74.625 -0.329
16.125 74.875 -0.47785
16.125 75.125 -0.67643
16.125 75.375 -0.59676
16.125 75.625 -0.36044
16.125 75.875 -0.57211
16.125 76.125 -0.47564
16.125 76.375 -0.52426
16.125 76.625 -0.488
16.125 76.875 -0.46374
16.125 77.125 -0.48695
16.125 77.375 -0.53548
16.125 77.625 -0.70406
16.125 77.875 -0.67656
16.125 78.125 -0.69034
16.125 78.375 -0.71538
16.125 78.625 -0.84981
16.125 78.875 -0.9963
16.125 79.125 -0.90194
16.125 79.375 -0.66769
16.125 79.625 -0.81477
16.125 79.875 -1.0255
16.125 80.125 -0.67852
16.125 80.375 -0.33915
16.125 80.625 -0.66881
16.125 80.875 -0.6556
16.375 73.625 -0.70648
16.375 73.875 -0.4756
16.375 74.125 -0.78389
16.375 74.375 -0.70648
16.375 74.625 -0.61885
16.375 74.875 -0.45147
16.375 75.125 -0.74962
16.375 75.375 -0.33425
16.375 75.625 -0.46684
16.375 75.875 -0.56727
16.375 76.125 -0.45343
16.375 76.375 -0.50729
16.375 76.625 -0.56085
16.375 76.875 -0.70435
16.375 77.125 -0.74697
16.375 77.375 -0.70442
16.375 77.625 -0.9415
16.375 77.875 -0.76587
16.375 78.125 -0.63651
16.375 78.375 -0.75473
16.375 78.625 -0.80596
16.375 78.875 -0.80152
16.375 79.125 -0.61853
16.375 79.375 -0.84667
16.375 79.625 -1.0907
16.375 79.875 -0.99333
16.375 80.125 -0.58284
16.375 80.375 -0.63603
16.375 80.625 -0.47368
16.375 80.875 -0.5257
16.375 81.125 -0.56752
16.375 81.375 -0.55407
16.375 81.625 -0.40994
16.625 73.625 -0.87777
16.625 73.875 -1.2134
16.625 74.125 -0.13919
16.625 74.375 -0.74789
16.625 74.625 -0.76875
16.625 74.875 -0.53042
16.625 75.125 -0.53383
16.625 75.375 -0.4887
16.625 75.625 -0.42142
16.625 75.875 -0.49185
16.625 76.125 -0.51982
16.625 76.375 -0.60972
16.625 76.625 -0.71664
16.625 76.875 -0.60451
16.625 77.125 -0.76712
16.625 77.375 -0.9133
16.625 77.625 -0.83547
16.625 77.875 -0.7997
16.625 78.125 -0.62778
16.625 78.375 -0.73251
16.625 78.625 -0.69597
16.625 78.875 -0.87001
16.625 79.125 -1.0094
16.625 79.375 -0.88076
16.625 79.625 -0.69156
16.625 79.875 -0.64411
16.625 80.125 -0.60781
16.625 80.375 -0.26247
16.625 80.625 -0.67504
16.625 80.875 -0.4303
16.625 81.125 -1.0589
16.625 81.375 0.15316
16.625 81.625 0.30963
16.625 81.875 0.41974
16.625 82.125 -0.66982
16.875 73.375 -0.89897
16.875 73.625 -1.0464
16.875 73.875 -1.3064
16.875 74.125 -1.0536
16.875 74.375 -0.53437
16.875 74.625 -0.79988
16.875 74.875 -0.59514
16.875 75.125 -0.62369
16.875 75.375 -0.69207
16.875 75.625 -0.43668
16.875 75.875 -0.43415
16.875 76.125 -0.63977
16.875 76.375 -0.65794
16.875 76.625 -0.93603
16.875 76.875 -0.92598
16.875 77.125 -0.85051
16.875 77.375 -0.7298
16.875 77.625 -0.56167
16.875 77.875 -0.86405
16.875 78.125 -0.95631
16.875 78.375 -1.0459
16.875 78.625 -0.77237
16.875 78.875 -0.67027
16.875 79.125 -1.144
16.875 79.375 -0.97279
16.875 79.625 -0.76052
16.875 79.875 -0.44488
16.875 80.125 -0.49286
16.875 80.375 -0.58108
16.875 80.625 -0.79609
16.875 80.875 -0.59216
16.875 81.125 -0.72527
16.875 81.375 -0.52258
16.875 81.625 -0.19579
16.875 81.875 -0.26038
16.875 82.125 -0.3022
17.125 73.375 -0.93419
17.125 73.625 -0.91223
17.125 73.875 -0.72351
17.125 74.125 -0.75862
17.125 74.375 -0.58474
17.125 74.625 -0.62326
17.125 74.875 -0.72094
17.125 75.125 -0.69084
17.125 75.375 -0.46991
17.125 75.625 -0.62947
17.125 75.875 -0.40054
17.125 76.125 -0.52753
17.125 76.375 -0.9051
17.125 76.625 -0.92871
17.125 76.875 -0.92013
17.125 77.125 -0.82137
17.125 77.375 -0.82379
17.125 77.625 -0.83972
17.125 77.875 -0.71873
17.125 78.125 -0.59695
17.125 78.375 -0.95562
17.125 78.625 -0.79275
17.125 78.875 -0.73625
17.125 79.125 -0.6238
17.125 79.375 -0.76293
17.125 79.625 -0.81131
17.125 79.875 -0.67275
17.125 80.125 -0.23319
17.125 80.375 -0.34672
17.125 80.625 -0.45972
17.125 80.875 -0.52223
17.125 81.125 -0.46355
17.125 81.375 -0.14049
17.125 81.625 -0.22079
17.125 81.875 -0.55312
17.125 82.125 -0.25653
17.125 82.375 -0.51211
17.375 73.375 -1.1961
17.375 73.625 -1.0506
17.375 73.875 -0.93921
17.375 74.125 -0.79846
17.375 74.375 -0.78607
17.375 74.625 -0.65988
17.375 74.875 -0.67146
17.375 75.125 -0.6342
17.375 75.375 -0.5909
17.375 75.625 -0.68842
17.375 75.875 -0.69581
17.375 76.125 -0.83335
17.375 76.375 -0.84012
17.375 76.625 -0.87661
17.375 76.875 -0.7673
17.375 77.125 -0.6519
17.375 77.375 -0.75678
17.375 77.625 -0.82368
17.375 77.875 -0.63617
17.375 78.125 -0.89502
17.375 78.375 -0.70362
17.375 78.625 -0.93886
17.375 78.875 -0.56472
17.375 79.125 -0.43484
17.375 79.375 -0.40538
17.375 79.625 -0.94093
17.375 79.875 -0.51279
17.375 80.125 -0.20465
17.375 80.375 -0.23528
17.375 80.625 -0.084852
17.375 80.875 -0.13936
17.375 81.125 0.07713
17.375 81.375 -0.074651
17.375 81.625 -0.34342
17.375 81.875 -0.28906
17.375 82.125 -0.25694
17.375 82.375 -0.62
17.375 82.625 -0.82035
17.625 73.375 -0.94046
17.625 73.625 -0.92154
17.625 73.875 -0.78634
17.625 74.125 -0.86693
17.625 74.375 -0.84511
17.625 74.625 -0.44411
17.625 74.875 -0.64559
17.625 75.125 -0.65704
17.625 75.375 -0.66151
17.625 75.625 -0.74806
17.625 75.875 -0.80381
17.625 76.125 -0.90191
17.625 76.375 -0.80415
17.625 76.625 -0.69877
17.625 76.875 -0.67447
17.625 77.125 -0.62508
17.625 77.375 -0.70957
17.625 77.625 -1.0149
17.625 77.875 -0.87469
17.625 78.125 -0.59536
17.625 78.375 -0.32116
17.625 78.625 -0.52938
17.625 78.875 -0.62278
17.625 79.125 -0.44521
17.625 79.375 -0.67353
17.625 79.625 -0.83349
17.625 79.875 -0.57308
17.625 80.125 -0.25497
17.625 80.375 -0.11409
17.625 80.625 -0.24808
17.625 80.875 0.45134
17.625 81.125 -0.16605
17.625 81.375 -0.2864
17.625 81.625 -0.27706
17.625 81.875 -0.79152
17.625 82.125 -0.4662
17.625 82.375 -0.6243
17.625 82.625 -0.57614
17.625 82.875 -0.40603
17.625 83.125 -0.40755
17.875 73.375 -0.77082
17.875 73.625 -0.52622
17.875 73.875 -0.55777
17.875 74.125 -0.79688
17.875 74.375 -0.70444
17.875 74.625 -0.42291
17.875 74.875 -0.54201
17.875 75.125 -0.77148
17.875 75.375 -0.82298
17.875 75.625 -0.7676
17.875 75.875 -0.77578
17.875 76.125 -0.92427
17.875 76.375 -0.88359
17.875 76.625 -0.82869
17.875 76.875 -0.66192
17.875 77.125 -0.57904
17.875 77.375 -0.52019
17.875 77.625 -0.40583
17.875 77.875 -0.44655
17.875 78.125 0.25689
17.875 78.375 0.13834
17.875 78.625 0.72744
17.875 78.875 -0.26161
17.875 79.125 -0.42777
17.875 79.375 -0.51966
17.875 79.625 -0.65686
17.875 79.875 -0.77658
17.875 80.125 -0.54141
17.875 80.375 -0.46873
17.875 80.625 -0.29435
17.875 80.875 0.29231
17.875 81.125 0.47491
17.875 81.375 0.064621
17.875 81.625 -0.28129
17.875 81.875 -0.73297
17.875 82.125 -0.22212
17.875 82.375 -0.48329
17.875 82.625 -0.6526
17.875 82.875 -0.6276
17.875 83.125 -0.48503
17.875 83.375 -0.49986
18.125 73.125 -0.54971
18.125 73.375 -0.94654
18.125 73.625 -0.73565
18.125 73.875 -0.44105
18.125 74.125 -0.61591
18.125 74.375 -0.5985
18.125 74.625 -0.63404
18.125 74.875 -0.70327
18.125 75.125 -0.83606
18.125 75.375 -0.71935
18.125 75.625 -0.64807
18.125 75.875 -0.64449
18.125 76.125 -0.63997
18.125 76.375 -0.68886
18.125 76.625 -0.7026
18.125 76.875 -0.66747
18.125 77.125 -0.38246
18.125 77.375 -0.30439
18.125 77.625 -0.29321
18.125 77.875 -0.44576
18.125 78.125 -0.20389
18.125 78.375 -0.39898
18.125 78.625 0.061962
18.125 78.875 -0.46053
18.125 79.125 -0.28148
18.125 79.375 -0.41309
18.125 79.625 -0.063399
18.125 79.875 -0.66141
18.125 80.125 -0.41896
18.125 80.375 -0.66698
18.125 80.625 -0.52448
18.125 80.875 0.57984
18.125 81.125 0.30232
18.125 81.375 0.61982
18.125 81.625 0.23381
18.125 81.875 0.21348
18.125 82.125 -0.55546
18.125 82.375 -0.22369
18.125 82.625 -0.26216
18.125 82.875 -0.64846
18.125 83.125 -0.55158
18.125 83.375 -0.50422
18.125 83.625 -0.4549
18.375 73.125 -1.0751
18.375 73.375 -0.92983
18.375 73.625 -0.56645
18.375 73.875 -0.50064
18.375 74.125 -0.84591
18.375 74.375 -0.70271
18.375 74.625 -0.95584
18.375 74.875 -0.86941
18.375 75.125 -0.81223
18.375 75.375 -0.71324
18.375 75.625 -0.701
18.375 75.875 -0.67993
18.375 76.125 -0.58775
18.375 76.375 -0.64877
18.375 76.625 -0.63671
18.375 76.875 -0.56826
18.375 77.125 -0.49593
18.375 77.375 -0.44437
18.375 77.625 -0.41827
18.375 77.875 -0.38795
18.375 78.125 -0.33968
18.375 78.375 0.40616
18.375 78.625 0.047151
18.375 78.875 -0.40298
18.375 79.125 0.24069
18.375 79.375 -0.21693
18.375 79.625 -0.2955
18.375 79.875 -0.2041
18.375 80.125 -0.079064
18.375 80.375 0.19492
18.375 80.625 0.21402
18.375 80.875 -0.02868
18.375 81.125 0.29184
18.375 81.375 0.069653
18.375 81.625 0.30001
18.375 81.875 0.39722
18.375 82.125 0.21086
18.375 82.375 -0.050971
18.375 82.625 -0.55367
18.375 82.875 -0.69924
18.375 83.125 -0.54777
18.375 83.375 -0.5207
18.375 83.625 -0.63382
18.375 83.875 -0.46259
18.625 73.125 -0.76342
18.625 73.375 -0.64613
18.625 73.625 -0.58887
18.625 73.875 -0.8066
18.625 74.125 -0.71945
18.625 74.375 -0.80436
18.625 74.625 -0.81019
18.625 74.875 -0.68973
18.625 75.125 -0.70101
18.625 75.375 -0.70451
18.625 75.625 -0.64442
18.625 75.875 -0.67792
18.625 76.125 -0.59794
18.625 76.375 -0.59864
18.625 76.625 -0.48797
18.625 76.875 -0.4493
18.625 77.125 -0.48918
18.625 77.375 -0.45114
18.625 77.625 -0.37367
18.625 77.875 -0.41152
18.625 78.125 -0.61802
18.625 78.375 0.18993
18.625 78.625 -0.45466
18.625 78.875 -0.090902
18.625 79.125 -0.35744
18.625 79.375 -0.30383
18.625 79.625 -0.59801
18.625 79.875 0.14495
18.625 80.125 0.39103
18.625 80.375 0.33717
18.625 80.625 -0.083163
18.625 80.875 -0.045253
18.625 81.125 -0.095096
18.625 81.375 0.38095
18.625 81.625 0.32175
18.625 81.875 0.28814
18.625 82.125 0.049488
18.625 82.375 0.23612
18.625 82.625 -0.6308
18.625 82.875 -0.87013
18.625 83.125 -0.5805
18.625 83.375 -0.8578
18.625 83.625 -0.66619
18.625 83.875 -0.61243
18.625 84.125 -0.68472
18.875 73.125 -0.76329
18.875 73.375 -0.90548
18.875 73.625 -0.72391
18.875 73.875 -0.78353
18.875 74.125 -0.95273
18.875 74.375 -0.95913
18.875 74.625 -0.39697
18.875 74.875 -0.62544
18.875 75.125 -0.63845
18.875 75.375 -0.70847
18.875 75.625 -0.79781
18.875 75.875 -1.0185
18.875 76.125 -0.78652
18.875 76.375 -0.65624
18.875 76.625 -0.56944
18.875 76.875 -0.53764
18.875 77.125 -0.72203
18.875 77.375 -0.64057
18.875 77.625 -0.55765
18.875 77.875 -0.59367
18.875 78.125 -0.65416
18.875 78.375 -0.98405
18.875 78.625 0.1049
18.875 78.875 0.64111
18.875 79.125 -0.30035
18.875 79.375 -0.19631
18.875 79.625 -0.42604
18.875 79.875 0.17973
18.875 80.125 0.3872
18.875 80.375 -0.0064183
18.875 80.625 -0.055127
18.875 80.875 -0.12647
18.875 81.125 -0.057859
18.875 81.375 -0.42824
18.875 81.625 -0.35478
18.875 81.875 0.71957
18.875 82.125 0.48473
18.875 82.375 0.39952
18.875 82.625 -0.6988
18.875 82.875 -0.66864
18.875 83.125 -1.0217
18.875 83.375 -0.60444
18.875 83.625 -0.7301
18.875 83.875 -0.60276
18.875 84.125 -0.45181
18.875 84.375 -0.42471
19.125 73.125 -0.9002
19.125 73.375 -0.95188
19.125 73.625 -0.66589
19.125 73.875 -0.76627
19.125 74.125 -1.002
19.125 74.375 -0.78368
19.125 74.625 -0.3585
19.125 74.875 -0.64373
19.125 75.125 -0.57742
19.125 75.375 -0.65806
19.125 75.625 -0.79278
19.125 75.875 -0.97602
19.125 76.125 -0.81339
19.125 76.375 -0.64966
19.125 76.625 -0.63051
19.125 76.875 -0.65981
19.125 77.125 -0.6266
19.125 77.375 -0.44818
19.125 77.625 -0.67991
19.125 77.875 -0.7834
19.125 78.125 -0.90385
19.125 78.375 -0.74598
19.125 78.625 -0.38036
19.125 78.875 0.095243
19.125 79.125 -0.18704
19.125 79.375 -0.49716
19.125 79.625 -0.15992
19.125 79.875 -0.11946
19.125 80.125 0.13173
19.125 80.375 -0.062832
19.125 80.625 -0.22611
19.125 80.875 0.0038181
19.125 81.125 -0.073991
19.125 81.375 -0.43458
19.125 81.625 -0.44423
19.125 81.875 -0.41501
19.125 82.125 -0.26673
19.125 82.375 -0.34893
19.125 82.625 -0.49992
19.125 82.875 -0.69641
19.125 83.125 -0.72956
19.125 83.375 -0.88509
19.125 83.625 -0.77421
19.125 83.875 -0.65278
19.125 84.125 -0.58819
19.125 84.375 -0.3192
19.125 84.625 -0.22496
19.375 72.875 -1.11
19.375 73.125 -1.1768
19.375 73.375 -1.1124
19.375 73.625 -0.21877
19.375 73.875 -0.75222
19.375 74.125 -0.77504
19.375 74.375 -0.72234
19.375 74.625 -0.34994
19.375 74.875 -0.26369
19.375 75.125 -0.49801
19.375 75.375 -0.58287
19.375 75.625 -0.69714
19.375 75.875 -0.78554
19.375 76.125 -0.83294
19.375 76.375 -0.67269
19.375 76.625 -0.63522
19.375 76.875 -0.91246
19.375 77.125 -1.0372
19.375 77.375 -0.84653
19.375 77.625 -0.8134
19.375 77.875 -0.64373
19.375 78.125 -0.61101
19.375 78.375 -0.64458
19.375 78.625 -0.45377
19.375 78.875 -0.33633
19.375 79.125 -0.3776
19.375 79.375 -0.067494
19.375 79.625 -0.13685
19.375 79.875 -0.17105
19.375 80.125 -0.1834
19.375 80.375 -0.18135
19.375 80.625 0.062104
19.375 80.875 0.13477
19.375 81.125 0.24304
19.375 81.375 0.17285
19.375 81.625 -0.41583
19.375 81.875 -0.36683
19.375 82.125 -0.31016
19.375 82.375 -0.2535
19.375 82.625 -0.54687
19.375 82.875 -0.57012
19.375 83.125 -0.58364
19.375 83.375 -0.74951
19.375 83.625 -0.74551
19.375 83.875 -0.67057
19.375 84.125 -0.43044
19.375 84.375 -0.65104
19.375 84.625 -0.53879
19.375 84.875 -0.51613
19.625 72.875 -0.9324
19.625 73.125 -1.1176
19.625 73.375 -0.98347
19.625 73.625 -0.74104
19.625 73.875 -0.82192
19.625 74.125 -0.71693
19.625 74.375 -0.72569
19.625 74.625 -0.61007
19.625 74.875 -0.6293
19.625 75.125 -0.72506
19.625 75.375 -0.75275
19.625 75.625 -0.81155
19.625 75.875 -0.83209
19.625 76.125 -0.72292
19.625 76.375 -0.7898
19.625 76.625 -0.76523
19.625 76.875 -0.94055
19.625 77.125 -0.98178
19.625 77.375 -0.82122
19.625 77.625 -0.6838
19.625 77.875 -0.67218
19.625 78.125 -0.83648
19.625 78.375 -0.82938
19.625 78.625 -0.3995
19.625 78.875 -0.55731
19.625 79.125 -0.69394
19.625 79.375 -0.79313
19.625 79.625 -0.60546
19.625 79.875 -0.46645
19.625 80.125 -0.10976
19.625 80.375 -0.13826
19.625 80.625 0.23596
19.625 80.875 0.067652
19.625 81.125 0.23312
19.625 81.375 -0.41829
19.625 81.625 -0.44534
19.625 81.875 -0.31017
19.625 82.125 -0.25271
19.625 82.375 -0.31498
19.625 82.625 -0.5351
19.625 82.875 -0.40366
19.625 83.125 -0.10937
19.625 83.375 -0.60174
19.625 83.625 -0.66735
19.625 83.875 -0.64256
19.625 84.125 -0.54328
19.625 84.375 -0.55516
19.625 84.625 -0.50026
19.625 84.875 -0.77488
19.625 85.125 -0.9306
19.625 85.375 -0.7317
19.875 72.875 -0.661
19.875 73.125 -1.0658
19.875 73.375 -0.8685
19.875 73.625 -0.80038
19.875 73.875 -0.66635
19.875 74.125 -0.83491
19.875 74.375 -0.6482
19.875 74.625 -0.60887
19.875 74.875 -0.51649
19.875 75.125 -0.86437
19.875 75.375 -0.95287
19.875 75.625 -0.9052
19.875 75.875 -0.70926
19.875 76.125 -0.49068
19.875 76.375 -0.48232
19.875 76.625 -0.76722
19.875 76.875 -0.62514
19.875 77.125 -0.80638
19.875 77.375 -0.66557
19.875 77.625 -0.71612
19.875 77.875 -0.66118
19.875 78.125 -0.72326
19.875 78.375 -0.79251
19.875 78.625 -0.61749
19.875 78.875 -0.68484
19.875 79.125 -0.58272
19.875 79.375 -0.91211
19.875 79.625 -0.66019
19.875 79.875 -0.10689
19.875 80.125 0.43715
19.875 80.375 0.36659
19.875 80.625 0.53215
19.875 80.875 0.5947
19.875 81.125 0.35813
19.875 81.375 -0.36363
19.875 81.625 -0.316
19.875 81.875 -0.2406
19.875 82.125 -0.41751
19.875 82.375 0.061404
19.875 82.625 -0.3273
19.875 82.875 -0.31764
19.875 83.125 -0.54712
19.875 83.375 -0.90361
19.875 83.625 -0.52484
19.875 83.875 -0.57528
19.875 84.125 -0.55919
19.875 84.375 -0.66584
19.875 84.625 -0.37275
19.875 84.875 -0.25234
19.875 85.125 -1.0979
19.875 85.375 -1.0159
19.875 85.625 -0.81767
19.875 85.875 -0.65531
19.875 86.125 -0.66355
20.125 72.875 -0.52504
20.125 73.125 -0.90422
20.125 73.375 -0.99735
20.125 73.625 0.082793
20.125 73.875 -0.63423
20.125 74.125 -0.095134
20.125 74.375 -0.58132
20.125 74.625 -0.57788
20.125 74.875 -0.57557
20.125 75.125 -0.86347
20.125 75.375 -0.79377
20.125 75.625 -0.70884
20.125 75.875 -0.67871
20.125 76.125 -0.56228
20.125 76.375 -0.50661
20.125 76.625 -0.80571
20.125 76.875 -0.7828
20.125 77.125 -0.69693
20.125 77.375 -0.61913
20.125 77.625 -0.77032
20.125 77.875 -0.8178
20.125 78.125 -0.87004
20.125 78.375 -0.86271
20.125 78.625 -0.73642
20.125 78.875 -0.77345
20.125 79.125 -0.94851
20.125 79.375 -1.01
20.125 79.625 -0.19694
20.125 79.875 0.12618
20.125 80.125 0.17278
20.125 80.375 0.46191
20.125 80.625 0.35457
20.125 80.875 0.077396
20.125 81.125 0.031235
20.125 81.375 -0.52647
20.125 81.625 -0.51201
20.125 81.875 -0.39939
20.125 82.125 -0.43983
20.125 82.375 -0.57126
20.125 82.625 -0.13582
20.125 82.875 -0.4046
20.125 83.125 -0.21895
20.125 83.375 -0.82716
20.125 83.625 -0.81873
20.125 83.875 -0.089111
20.125 84.125 -0.24136
20.125 84.375 -0.64917
20.125 84.625 -0.50537
20.125 84.875 -0.17308
20.125 85.125 -0.53726
20.125 85.375 -0.69262
20.125 85.625 -0.79383
20.125 85.875 -0.61301
20.125 86.125 -0.52845
20.125 86.375 -0.7188
20.375 73.125 -0.68612
20.375 73.375 -0.74099
20.375 73.625 -0.81569
20.375 73.875 -0.95231
20.375 74.125 -0.62637
20.375 74.375 -0.63644
20.375 74.625 -0.61636
20.375 74.875 -0.59618
20.375 75.125 -0.47102
20.375 75.375 -0.49922
20.375 75.625 -0.65416
20.375 75.875 -0.68066
20.375 76.125 -0.67268
20.375 76.375 -0.46979
20.375 76.625 -0.54424
20.375 76.875 -0.48141
20.375 77.125 -0.76128
20.375 77.375 -0.86513
20.375 77.625 -0.45754
20.375 77.875 -0.8229
20.375 78.125 -0.86072
20.375 78.375 -0.85748
20.375 78.625 -0.96802
20.375 78.875 -0.91485
20.375 79.125 -0.57712
20.375 79.375 -0.46555
20.375 79.625 0.071016
20.375 79.875 0.0738
20.375 80.125 0.17931
20.375 80.375 0.46036
20.375 80.625 0.44464
20.375 80.875 0.02149
20.375 81.125 -0.4678
20.375 81.375 -0.42419
20.375 81.625 -0.30759
20.375 81.875 -0.31031
20.375 82.125 -0.35909
20.375 82.375 -0.46136
20.375 82.625 -0.32953
20.375 82.875 -0.37123
20.375 83.125 -0.022405
20.375 83.375 -0.46908
20.375 83.625 -0.5635
20.375 83.875 -0.84569
20.375 84.125 -0.017531
20.375 84.375 -1.2478
20.375 84.625 -0.19559
20.375 84.875 -0.43349
20.375 85.125 -0.46855
20.375 85.375 -0.78337
20.375 85.625 -0.61851
20.375 85.875 -0.5969
20.375 86.125 -0.48719
20.375 86.375 -0.36468
20.375 86.625 -0.30743
20.625 73.125 -0.78479
20.625 73.375 -0.51196
20.625 73.625 -0.31315
20.625 73.875 -0.10208
20.625 74.125 -0.572
20.625 74.375 -0.62925
20.625 74.625 -0.63363
20.625 74.875 -0.3999
20.625 75.125 -0.53083
20.625 75.375 -0.66838
20.625 75.625 -0.7702
20.625 75.875 -0.82264
20.625 76.125 -0.34941
20.625 76.375 -0.38988
20.625 76.625 -0.37814
20.625 76.875 -0.40501
20.625 77.125 -0.47932
20.625 77.375 -0.36801
20.625 77.625 -0.40814
20.625 77.875 -0.656
20.625 78.125 -0.66655
20.625 78.375 -0.73429
20.625 78.625 -0.91343
20.625 78.875 -0.91545
20.625 79.125 -0.80995
20.625 79.375 -0.6746
20.625 79.625 -0.21462
20.625 79.875 0.061482
20.625 80.125 0.21077
20.625 80.375 0.30247
20.625 80.625 -0.13064
20.625 80.875 0.14806
20.625 81.125 -0.15536
20.625 81.375 -0.46191
20.625 81.625 -0.3698
20.625 81.875 -0.25465
20.625 82.125 -0.28923
20.625 82.375 -0.35494
20.625 82.625 -0.076608
20.625 82.875 -0.10724
20.625 83.125 -0.016491
20.625 83.375 -0.45479
20.625 83.625 -0.44377
20.625 83.875 -0.66611
20.625 84.125 -0.41645
20.625 84.375 -0.1914
20.625 84.625 -0.51176
20.625 84.875 -0.43162
20.625 85.125 -0.37894
20.625 85.375 -0.49139
20.625 85.625 -0.59158
20.625 85.875 -0.55442
20.625 86.125 -0.51654
20.625 86.375 -0.51355
20.625 86.625 -0.42356
20.625 86.875 -0.36433
20.875 70.625 -0.14749
20.875 70.875 -0.08214
20.875 71.125 -0.35407
20.875 71.375 0.31013
20.875 72.875 -0.36353
20.875 73.125 -0.51934
20.875 73.375 -0.46079
20.875 73.625 -0.35464
20.875 73.875 -0.37743
20.875 74.125 -0.56804
20.875 74.375 -0.58813
20.875 74.625 -0.62385
20.875 74.875 -0.59546
20.875 75.125 -0.52658
20.875 75.375 -0.6899
20.875 75.625 -0.66937
20.875 75.875 -0.52197
20.875 76.125 -0.51837
20.875 76.375 -0.56789
20.875 76.625 -0.43158
20.875 76.875 -0.46804
20.875 77.125 -0.40116
20.875 77.375 -0.3396
20.875 77.625 -0.36725
20.875 77.875 -0.66932
20.875 78.125 -0.76312
20.875 78.375 -0.82737
20.875 78.625 -0.88498
20.875 78.875 -0.65181
20.875 79.125 -1.0317
20.875 79.375 -0.68793
20.875 79.625 -0.35639
20.875 79.875 0.036938
20.875 80.125 0.29239
20.875 80.375 0.0063278
20.875 80.625 0.21385
20.875 80.875 -0.16356
20.875 81.125 -0.18727
20.875 81.375 -0.32331
20.875 81.625 -0.36334
20.875 81.875 -0.42748
20.875 82.125 -0.49485
20.875 82.375 6.3141e-05
20.875 82.625 -0.35653
20.875 82.875 0.13301
20.875 83.125 0.21024
20.875 83.375 -0.50811
20.875 83.625 -0.51357
20.875 83.875 -0.36725
20.875 84.125 -0.49465
20.875 84.375 -0.26949
20.875 84.625 -0.48133
20.875 84.875 -0.31694
20.875 85.125 -0.65887
20.875 85.375 -0.63685
20.875 85.625 -0.61579
20.875 85.875 -0.52786
20.875 86.125 -0.50491
20.875 86.375 -0.54721
20.875 86.625 -0.43793
21.125 70.375 -0.55185
21.125 70.625 -0.47644
21.125 70.875 -0.58752
21.125 71.125 -0.34644
21.125 71.375 -0.18769
21.125 71.625 0.3138
21.125 71.875 -0.29115
21.125 72.875 -0.52542
21.125 73.125 -0.80147
21.125 73.375 -0.43402
21.125 73.625 -0.68186
21.125 73.875 -0.74766
21.125 74.125 -0.82006
21.125 74.375 -0.68044
21.125 74.625 -0.68183
21.125 74.875 -0.63801
21.125 75.125 -0.71544
21.125 75.375 -0.61754
21.125 75.625 -0.53659
21.125 75.875 -0.44823
21.125 76.125 -0.5023
21.125 76.375 -0.8927
21.125 76.625 -0.60594
21.125 76.875 -0.53679
21.125 77.125 -0.45767
21.125 77.375 -0.51493
21.125 77.625 -0.53667
21.125 77.875 -0.67728
21.125 78.125 -0.89432
21.125 78.375 -0.90527
21.125 78.625 -1.0972
21.125 78.875 -0.55368
21.125 79.125 -0.61077
21.125 79.375 -0.59998
21.125 79.625 -0.14581
21.125 79.875 0.69707
21.125 80.125 -0.063629
21.125 80.375 0.16139
21.125 80.625 -0.27951
21.125 80.875 0.74769
21.125 81.125 0.39221
21.125 81.375 -0.49985
21.125 81.625 0.14236
21.125 81.875 0.034391
21.125 82.125 0.15308
21.125 82.375 -0.056623
21.125 82.625 0.18214
21.125 82.875 -0.022537
21.125 83.125 -0.30491
21.125 83.375 -0.13602
21.125 83.625 -0.22752
21.125 83.875 -0.27868
21.125 84.125 -0.51612
21.125 84.375 0.050746
21.125 84.625 -0.51018
21.125 84.875 -0.41435
21.125 85.125 -0.71138
21.125 85.375 -0.63753
21.125 85.625 -0.70463
21.125 85.875 -0.50287
21.125 86.125 -0.60617
21.125 86.375 -0.60729
21.125 86.625 -0.61253
21.375 70.125 -0.69675
21.375 70.375 -0.80482
21.375 70.625 -0.47987
21.375 70.875 -0.47931
21.375 71.125 -0.43772
21.375 71.375 -0.36273
21.375 71.625 -0.39831
21.375 71.875 -0.38035
21.375 72.875 -0.54122
21.375 73.125 -0.33321
21.375 73.375 -0.17634
21.375 73.625 -0.31976
21.375 73.875 -0.71777
21.375 74.125 -0.81723
21.375 74.375 -0.70806
21.375 74.625 -0.66983
21.375 74.875 -0.37632
21.375 75.125 -0.38753
21.375 75.375 -0.39763
21.375 75.625 -0.36764
21.375 75.875 -0.47896
21.375 76.125 -0.394
21.375 76.375 -1.0161
21.375 76.625 -1.0775
21.375 76.875 -0.75503
21.375 77.125 -0.60202
21.375 77.375 -0.72102
21.375 77.625 -0.81741
21.375 77.875 -0.79711
21.375 78.125 -0.7868
21.375 78.375 -0.83957
21.375 78.625 -1.1123
21.375 78.875 -0.652
21.375 79.125 -0.80276
21.375 79.375 -0.48446
21.375 79.625 -0.1402
21.375 79.875 0.048847
21.375 80.125 -0.30017
21.375 80.375 -0.031855
21.375 80.625 0.10112
21.375 80.875 -0.10341
21.375 81.125 0.043266
21.375 81.375 -0.32517
21.375 81.625 0.60637
21.375 81.875 0.38832
21.375 82.125 -0.18683
21.375 82.375 -0.25117
21.375 82.625 -0.28235
21.375 82.875 -0.095984
21.375 83.125 0.17942
21.375 83.375 -0.40388
21.375 83.625 -0.39957
21.375 83.875 -0.24043
21.375 84.125 -0.16894
21.375 84.375 0.088523
21.375 84.625 -0.33405
21.375 84.875 -0.57655
21.375 85.125 -0.44658
21.375 85.375 -0.99508
21.375 85.625 -0.15847
21.375 85.875 -0.51697
21.375 86.125 -0.75625
21.375 86.375 -0.56562
21.375 86.625 -0.56167
21.375 86.875 -0.41373
21.625 69.875 -0.57859
21.625 70.125 -0.79299
21.625 70.375 -0.56616
21.625 70.625 -0.39292
21.625 70.875 -0.54576
21.625 71.125 -0.48944
21.625 71.375 -0.26411
21.625 71.625 0.056668
21.625 71.875 -0.40121
21.625 72.125 -0.35365
21.625 72.875 -0.070302
21.625 73.125 -0.15189
21.625 73.375 -0.2144
21.625 73.625 -0.4924
21.625 73.875 -0.80919
21.625 74.125 -0.76127
21.625 74.375 -0.4408
21.625 74.625 -0.53827
21.625 74.875 -0.25256
21.625 75.125 -0.147
21.625 75.375 -0.25653
21.625 75.625 -0.36332
21.625 75.875 -0.50877
21.625 76.125 -0.39797
21.625 76.375 -0.83589
21.625 76.625 -1.1427
21.625 76.875 -0.8152
21.625 77.125 -0.50785
21.625 77.375 -0.53985
21.625 77.625 -0.99389
21.625 77.875 -0.50388
21.625 78.125 -0.49754
21.625 78.375 -0.82009
21.625 78.625 -1.0181
21.625 78.875 -0.98042
21.625 79.125 -1.3472
21.625 79.375 -0.84618
21.625 79.625 -0.28096
21.625 79.875 -0.061988
21.625 80.125 0.066519
21.625 80.375 0.54458
21.625 80.625 0.22457
21.625 80.875 -0.26886
21.625 81.125 -0.39756
21.625 81.375 -0.051063
21.625 81.625 0.227
21.625 81.875 0.34815
21.625 82.125 -0.20248
21.625 82.375 -0.48942
21.625 82.625 -0.71228
21.625 82.875 -0.1278
21.625 83.125 0.019166
21.625 83.375 -0.46419
21.625 83.625 -0.28234
21.625 83.875 -0.41041
21.625 84.125 -0.18387
21.625 84.375 -0.64185
21.625 84.625 -0.071999
21.625 84.875 -0.44025
21.625 85.125 -0.35491
21.625 85.375 -1.0278
21.625 85.625 -0.28145
21.625 85.875 -0.37383
21.625 86.125 -0.71734
21.625 86.375 -0.57379
21.625 86.625 -0.22033
21.625 86.875 -0.38363
21.625 87.125 -0.4428
21.625 87.375 -0.53879
21.875 69.375 -0.44506
21.875 69.625 -0.32373
21.875 69.875 -0.41957
21.875 70.125 -0.56145
21.875 70.375 -0.41821
21.875 70.625 -0.22878
21.875 70.875 -0.59506
21.875 71.125 -0.59579
21.875 71.375 -0.4687
21.875 71.625 -0.075789
21.875 71.875 -0.53451
21.875 72.125 -0.65079
21.875 72.625 -1.0297
21.875 72.875 -0.67287
21.875 73.125 -0.42981
21.875 73.375 -0.5553
21.875 73.625 -0.5599
21.875 73.875 -0.84464
21.875 74.125 -1.0849
21.875 74.375 -0.97907
21.875 74.625 -0.64394
21.875 74.875 -0.56023
21.875 75.125 -0.56806
21.875 75.375 -0.42208
21.875 75.625 -0.33045
21.875 75.875 -0.644
21.875 76.125 -0.55424
21.875 76.375 -0.63118
21.875 76.625 -0.667
21.875 76.875 -0.59067
21.875 77.125 -0.4204
21.875 77.375 -0.24767
21.875 77.625 -0.63126
21.875 77.875 -0.74182
21.875 78.125 -0.17528
21.875 78.375 0.013453
21.875 78.625 -0.60008
21.875 78.875 -0.5589
21.875 79.125 -0.76587
21.875 79.375 -0.68314
21.875 79.625 -0.23066
21.875 79.875 0.051345
21.875 80.125 0.36712
21.875 80.375 0.89055
21.875 80.625 0.40588
21.875 80.875 0.16513
21.875 81.125 -0.78465
21.875 81.375 -0.68677
21.875 81.625 -0.5379
21.875 81.875 -0.68628
21.875 82.125 -0.52379
21.875 82.375 -0.6354
21.875 82.625 -0.47971
21.875 82.875 -1.2701
21.875 83.125 -0.94883
21.875 83.375 -0.6321
21.875 83.625 -0.22541
21.875 83.875 -0.30226
21.875 84.125 -0.41135
21.875 84.375 -0.56656
21.875 84.625 -0.048655
21.875 84.875 -0.12199
21.875 85.125 -0.16321
21.875 85.375 -0.20654
21.875 85.625 -0.74809
21.875 85.875 -0.34646
21.875 86.125 -0.7596
21.875 86.375 -0.73472
21.875 86.625 -0.2114
21.875 86.875 -0.23369
21.875 87.125 -0.52898
21.875 87.375 -0.55764
21.875 87.625 -0.56694
21.875 87.875 -0.53078
21.875 88.375 -0.64571
21.875 88.625 -0.64997
21.875 88.875 -0.63189
22.125 69.125 -0.39477
22.125 69.375 -0.44094
22.125 69.625 -0.46846
22.125 69.875 -0.51264
22.125 70.125 -0.44084
22.125 70.375 -0.48586
22.125 70.625 -0.56231
22.125 70.875 -0.49933
22.125 71.125 -0.62372
22.125 71.375 -0.51428
22.125 71.625 -0.13018
22.125 71.875 -0.529
22.125 72.125 -0.50963
22.125 72.625 -0.19289
22.125 72.875 -0.51592
22.125 73.125 -0.80699
22.125 73.375 -0.67407
22.125 73.625 -0.66364
22.125 73.875 -0.6956
22.125 74.125 -0.86507
22.125 74.375 -0.84767
22.125 74.625 -0.81631
22.125 74.875 -0.54301
22.125 75.125 -0.56981
22.125 75.375 -0.73862
22.125 75.625 -0.70588
22.125 75.875 -0.6865
22.125 76.125 -0.78503
22.125 76.375 -0.76189
22.125 76.625 -0.63164
22.125 76.875 -0.58244
22.125 77.125 -0.57196
22.125 77.375 -0.44804
22.125 77.625 -0.54922
22.125 77.875 -0.3925
22.125 78.125 -0.051397
22.125 78.375 -0.60317
22.125 78.625 -0.15816
22.125 78.875 -0.15121
22.125 79.125 -0.22593
22.125 79.375 -0.54269
22.125 79.625 -0.2471
22.125 79.875 0.27012
22.125 80.125 0.46312
22.125 80.375 0.6612
22.125 80.625 0.78777
22.125 80.875 0.15369
22.125 81.125 -0.99557
22.125 81.375 -0.43862
22.125 81.625 -0.75551
22.125 81.875 -0.45471
22.125 82.125 -0.72333
22.125 82.375 -0.48926
22.125 82.625 -1.0036
22.125 82.875 -0.76677
22.125 83.125 -0.9361
22.125 83.375 -0.7017
22.125 83.625 -0.067236
22.125 83.875 -0.4622
22.125 84.125 -0.46706
22.125 84.375 -0.22321
22.125 84.625 -0.33283
22.125 84.875 -0.44251
22.125 85.125 -0.20999
22.125 85.375 -0.37996
22.125 85.625 -0.27918
22.125 85.875 -0.19232
22.125 86.125 -0.45173
22.125 86.375 -0.029439
22.125 86.625 -0.2621
22.125 86.875 -0.35658
22.125 87.125 -0.40492
22.125 87.375 -0.411
22.125 87.625 -0.41954
22.125 87.875 -0.54574
22.125 88.125 -0.57453
22.125 88.375 -0.61201
22.125 92.875 1.4458
22.375 69.125 -0.37531
22.375 69.875 -0.51825
22.375 70.125 -0.50734
22.375 70.375 -0.64441
22.375 70.625 -0.43143
22.375 70.875 -0.43102
22.375 71.125 -0.36612
22.375 71.375 -0.32192
22.375 71.625 -0.58519
22.375 71.875 -0.38338
22.375 72.125 0.62523
22.375 72.625 0.48247
22.375 72.875 -0.66637
22.375 73.125 -0.54037
22.375 73.375 -0.5043
22.375 73.625 -0.15834
22.375 73.875 -0.47584
22.375 74.125 -0.85885
22.375 74.375 -0.87452
22.375 74.625 -0.90756
22.375 74.875 -0.87622
22.375 75.125 -0.9304
22.375 75.375 -0.6718
22.375 75.625 -0.78221
22.375 75.875 -0.61121
22.375 76.125 -0.75173
22.375 76.375 -0.87365
22.375 76.625 -0.41221
22.375 76.875 -0.5745
22.375 77.125 -0.57933
22.375 77.375 -0.64319
22.375 77.625 -0.54358
22.375 77.875 0.16441
22.375 78.125 0.38888
22.375 78.375 0.23528
22.375 78.625 -0.30943
22.375 78.875 -0.14855
22.375 79.125 -0.12046
22.375 79.375 0.092217
22.375 79.625 -0.16976
22.375 79.875 0.70335
22.375 80.125 0.70906
22.375 80.375 1.0481
22.375 80.625 0.81371
22.375 80.875 0.55849
22.375 81.125 0.15502
22.375 81.375 -0.48858
22.375 81.625 -0.61218
22.375 81.875 -0.52342
22.375 82.125 -0.64644
22.375 82.375 -0.86212
22.375 82.625 -1.1564
22.375 82.875 -1.0142
22.375 83.125 -0.9318
22.375 83.375 -1.1535
22.375 83.625 -1.3862
22.375 83.875 -0.8165
22.375 84.125 -0.78817
22.375 84.375 -0.30507
22.375 84.625 -0.66134
22.375 84.875 -0.26907
22.375 85.125 -0.13762
22.375 85.375 -0.081535
22.375 85.625 -0.21237
22.375 85.875 -0.094499
22.375 86.125 -0.29593
22.375 86.375 -0.45943
22.375 86.625 -0.3553
22.375 86.875 -0.37153
22.375 87.125 -0.36854
22.375 87.375 -0.55464
22.375 87.625 -0.50848
22.375 87.875 -0.58888
22.375 88.125 -0.58721
22.375 88.375 -0.57674
22.375 88.625 -0.56258
22.375 88.875 -0.56107
22.375 92.875 2.0285
22.625 70.375 -0.49791
22.625 70.625 -0.15491
22.625 70.875 -0.38517
22.625 71.125 -0.41098
22.625 71.375 -0.39809
22.625 71.625 -0.38303
22.625 71.875 -0.63761
22.625 72.125 0.029384
22.625 72.375 0.98
22.625 72.625 1.7122
22.625 72.875 -0.57903
22.625 73.125 -0.71886
22.625 73.375 -0.11701
22.625 73.625 -0.796
22.625 73.875 -0.91564
22.625 74.125 -0.7997
22.625 74.375 -0.85096
22.625 74.625 -0.77496
22.625 74.875 -0.86721
22.625 75.125 -0.67885
22.625 75.375 -0.69172
22.625 75.625 -0.76065
22.625 75.875 -0.70405
22.625 76.125 -0.70793
22.625 76.375 -0.83602
22.625 76.625 -0.49111
22.625 76.875 -0.36539
22.625 77.125 -0.46871
22.625 77.375 -0.64386
22.625 77.625 -0.62965
22.625 77.875 0.14986
22.625 78.125 0.52202
22.625 78.375 0.40184
22.625 78.625 0.49763
22.625 78.875 -0.033628
22.625 79.125 0.036572
22.625 79.375 0.18728
22.625 79.625 -0.0056992
22.625 79.875 0.17931
22.625 80.125 0.36722
22.625 80.375 0.16116
22.625 80.625 0.13816
22.625 80.875 -0.24993
22.625 81.125 -0.51719
22.625 81.375 -0.32051
22.625 81.625 -0.42401
22.625 81.875 -0.64319
22.625 82.125 -0.80503
22.625 82.375 -1.003
22.625 82.625 -1.4178
22.625 82.875 -1.2926
22.625 83.125 -1.0578
22.625 83.375 -0.75717
22.625 83.625 -0.84865
22.625 83.875 -1.1352
22.625 84.125 -0.21648
22.625 84.375 -0.8684
22.625 84.625 -0.79091
22.625 84.875 -0.43226
22.625 85.125 -0.15118
22.625 85.375 0.0085269
22.625 85.625 0.37146
22.625 85.875 0.05046
22.625 86.125 -0.35166
22.625 86.375 -0.41304
22.625 86.625 -0.44177
22.625 86.875 -0.34965
22.625 87.125 -0.36045
22.625 87.375 -0.5056
22.625 87.625 -0.4635
22.625 87.875 -0.52384
22.625 88.125 -0.25175
22.625 88.375 -0.46961
22.625 88.625 -0.44992
22.625 88.875 -0.50896
22.625 92.625 -0.44202
22.625 92.875 1.3948
22.875 69.375 -0.48869
22.875 69.625 -0.44156
22.875 69.875 -0.53893
22.875 70.625 0.072615
22.875 70.875 -0.17083
22.875 71.125 -0.37901
22.875 71.375 -0.32196
22.875 71.625 -0.52314
22.875 71.875 -0.40897
22.875 72.125 -0.73372
22.875 72.375 0.35978
22.875 72.625 0.79906
22.875 72.875 -0.38228
22.875 73.125 0.56247
22.875 73.375 -0.15622
22.875 73.625 -0.84809
22.875 73.875 -0.86353
22.875 74.125 -0.79151
22.875 74.375 -0.8073
22.875 74.625 -0.7119
22.875 74.875 -0.49062
22.875 75.125 -0.48105
22.875 75.375 -0.52315
22.875 75.625 -0.60744
22.875 75.875 -0.63705
22.875 76.125 -0.64557
22.875 76.375 -0.61324
22.875 76.625 -0.66046
22.875 76.875 -0.76792
22.875 77.125 -0.39675
22.875 77.375 -1.0918
22.875 77.625 -0.51262
22.875 77.875 -0.25621
22.875 78.125 -0.13075
22.875 78.375 0.27571
22.875 78.625 0.36469
22.875 78.875 0.032561
22.875 79.125 0.14078
22.875 79.375 0.10327
22.875 79.625 0.16986
22.875 79.875 -0.085207
22.875 80.125 0.42572
22.875 80.375 0.099464
22.875 80.625 0.28393
22.875 80.875 0.69297
22.875 81.125 0.44704
22.875 81.375 -0.21428
22.875 81.625 -0.34155
22.875 81.875 -0.70107
22.875 82.125 -1.0408
22.875 82.375 -0.84006
22.875 82.625 -1.2421
22.875 82.875 -1.08
22.875 83.125 -1.2653
22.875 83.375 -0.92664
22.875 83.625 -1.0489
22.875 83.875 -1.0231
22.875 84.125 -0.94885
22.875 84.375 -0.43534
22.875 84.625 -0.19351
22.875 84.875 -0.06983
22.875 85.125 -0.076349
22.875 85.375 -0.28383
22.875 85.625 0.29765
22.875 85.875 -0.012699
22.875 86.125 -0.097866
22.875 86.375 -0.48122
22.875 86.625 -0.50701
22.875 86.875 -0.53421
22.875 87.125 -0.37514
22.875 87.375 -0.45597
22.875 87.625 -0.46511
22.875 87.875 -0.37144
22.875 88.125 -0.26929
22.875 88.375 -0.34686
22.875 88.625 -0.37841
22.875 92.625 -0.44907
22.875 92.875 0.55018
23.125 68.875 -0.51603
23.125 69.125 -0.50531
23.125 69.375 -0.42882
23.125 69.625 -0.32104
23.125 69.875 -0.36098
23.125 70.125 -0.41822
23.125 70.875 -0.30826
23.125 71.125 -0.30549
23.125 71.375 -0.5464
23.125 71.625 -0.54416
23.125 71.875 -0.56495
23.125 72.125 1.0055
23.125 72.375 -0.5442
23.125 72.625 -0.024532
23.125 72.875 -0.50658
23.125 73.125 -0.71521
23.125 73.375 -0.11128
23.125 73.625 -0.24963
23.125 73.875 -0.76831
23.125 74.125 -0.76981
23.125 74.375 -0.80924
23.125 74.625 -0.79677
23.125 74.875 -0.55625
23.125 75.125 -0.55505
23.125 75.375 -0.72214
23.125 75.625 -0.71769
23.125 75.875 -0.71537
23.125 76.125 -0.55452
23.125 76.375 -0.34698
23.125 76.625 -0.33407
23.125 76.875 -0.44514
23.125 77.125 -0.33423
23.125 77.375 -0.31445
23.125 77.625 -0.22972
23.125 77.875 -0.27185
23.125 78.125 -0.36182
23.125 78.375 -0.14338
23.125 78.625 -0.19531
23.125 78.875 0.069649
23.125 79.125 0.22121
23.125 79.375 0.092161
23.125 79.625 -0.0071504
23.125 79.875 0.2308
23.125 80.125 0.26047
23.125 80.375 0.030194
23.125 80.625 0.057181
23.125 80.875 0.9151
23.125 81.125 0.69108
23.125 81.375 0.25244
23.125 81.625 -0.44959
23.125 81.875 -0.91364
23.125 82.125 -0.39575
23.125 82.375 -0.93513
23.125 82.625 -0.79166
23.125 82.875 -0.91803
23.125 83.125 -0.79239
23.125 83.375 -0.53742
23.125 83.625 -0.32906
23.125 83.875 -0.38871
23.125 84.125 -0.51996
23.125 84.375 -0.43076
23.125 84.625 -0.46193
23.125 84.875 -0.1744
23.125 85.125 0.044133
23.125 85.375 0.39096
23.125 85.625 -0.03587
23.125 85.875 -0.32327
23.125 86.125 -0.20394
23.125 86.375 -0.50279
23.125 86.625 -0.51005
23.125 86.875 -0.47506
23.125 87.125 -0.14446
23.125 87.375 -0.4861
23.125 87.625 -0.59875
23.125 87.875 -0.85029
23.125 88.125 -0.60976
23.125 88.375 -0.4028
23.125 88.625 -0.35416
23.125 91.625 -0.54161
23.125 92.625 -0.74315
23.125 92.875 -0.2956
23.125 93.125 0.097184
23.375 68.875 -0.42836
23.375 69.125 -0.50106
23.375 69.375 -0.40137
23.375 69.625 -0.30537
23.375 69.875 -0.30294
23.375 70.125 -0.32577
23.375 70.375 -0.21071
23.375 70.625 -0.14139
23.375 70.875 0.1061
23.375 71.125 -0.094997
23.375 71.375 -0.60186
23.375 71.625 -0.71532
23.375 71.875 0.068909
23.375 72.125 -0.36176
23.375 72.375 -0.43154
23.375 72.625 -0.57747
23.375 72.875 -0.50227
23.375 73.125 -0.58749
23.375 73.375 -0.65545
23.375 73.625 -0.63597
23.375 73.875 -0.64701
23.375 74.125 -0.76506
23.375 74.375 -0.62202
23.375 74.625 -0.60352
23.375 74.875 -0.46305
23.375 75.125 -0.57887
23.375 75.375 -0.47298
23.375 75.625 -0.77083
23.375 75.875 -0.48412
23.375 76.125 0.0071381
23.375 76.375 -0.10956
23.375 76.625 -0.42706
23.375 76.875 -0.54299
23.375 77.125 -0.28339
23.375 77.375 -0.18779
23.375 77.625 -0.38281
23.375 77.875 -0.20651
23.375 78.125 -0.22168
23.375 78.375 -0.25213
23.375 78.625 -0.11431
23.375 78.875 0.32281
23.375 79.125 0.3661
23.375 79.375 0.25212
23.375 79.625 0.22772
23.375 79.875 0.090101
23.375 80.125 0.15053
23.375 80.375 0.91681
23.375 80.625 0.93472
23.375 80.875 0.81602
23.375 81.125 0.60012
23.375 81.375 -0.39947
23.375 81.625 -0.53196
23.375 81.875 -0.63294
23.375 82.125 -0.43101
23.375 82.375 -0.23448
23.375 82.625 0.056328
23.375 82.875 -0.53331
23.375 83.125 -0.665
23.375 83.375 -0.44219
23.375 83.625 -0.288
23.375 83.875 -0.41443
23.375 84.125 -0.38199
23.375 84.375 -0.39474
23.375 84.625 -0.63953
23.375 84.875 -0.2785
23.375 85.125 0.14652
23.375 85.375 0.073974
23.375 85.625 0.17598
23.375 85.875 -0.1269
23.375 86.125 -0.47157
23.375 86.375 -0.45564
23.375 86.625 -0.51979
23.375 86.875 -0.43578
23.375 87.125 -0.38517
23.375 87.375 -0.37973
23.375 87.625 -0.76637
23.375 87.875 -0.76294
23.375 88.125 -0.74408
23.375 88.375 -0.60597
23.375 88.625 -0.45
23.375 91.375 -0.77226
23.375 91.625 -1.2079
23.375 92.625 -0.77832
23.375 92.875 -0.70389
23.375 93.125 -0.63098
23.625 68.625 -0.38828
23.625 68.875 -0.46642
23.625 69.125 -0.54094
23.625 69.375 -0.49743
23.625 69.625 -0.46252
23.625 69.875 -0.43371
23.625 70.125 -0.39461
23.625 70.375 -0.25179
23.625 70.625 0.055042
23.625 70.875 0.28975
23.625 71.125 0.039654
23.625 71.375 0.067672
23.625 71.625 -0.66808
23.625 71.875 -0.56208
23.625 72.125 -0.43024
23.625 72.375 -0.42461
23.625 72.625 -0.45785
23.625 72.875 -0.42973
23.625 73.125 -0.43361
23.625 73.375 -0.46925
23.625 73.625 -0.41402
23.625 73.875 -0.36342
23.625 74.125 0.23598
23.625 74.375 -0.076653
23.625 74.625 -0.39557
23.625 74.875 -0.40614
23.625 75.125 -0.72024
23.625 75.375 -0.084784
23.625 75.625 -0.1195
23.625 75.875 0.23578
23.625 76.125 0.29351
23.625 76.375 0.14923
23.625 76.625 -0.30674
23.625 76.875 -0.69079
23.625 77.125 -0.31968
23.625 77.375 -0.36052
23.625 77.625 -0.35417
23.625 77.875 -0.27481
23.625 78.125 -0.20661
23.625 78.375 -0.022691
23.625 78.625 0.44207
23.625 78.875 0.47598
23.625 79.125 0.37929
23.625 79.375 0.28083
23.625 79.625 0.41157
23.625 79.875 1.0196
23.625 80.125 0.55997
23.625 80.375 0.88287
23.625 80.625 2.0572
23.625 80.875 1.2563
23.625 81.125 0.29785
23.625 81.375 0.37521
23.625 81.625 0.21445
23.625 81.875 0.59919
23.625 82.125 -0.25411
23.625 82.375 0.46221
23.625 82.625 0.16016
23.625 82.875 -0.2474
23.625 83.125 -0.58206
23.625 83.375 -0.56061
23.625 83.625 -0.60352
23.625 83.875 -0.49263
23.625 84.125 -0.52925
23.625 84.375 -0.45159
23.625 84.625 -0.21064
23.625 84.875 -0.1692
23.625 85.125 -0.27743
23.625 85.375 -0.14177
23.625 85.625 -0.1882
23.625 85.875 -0.51877
23.625 86.125 -0.78444
23.625 86.375 -0.45013
23.625 86.625 -0.53962
23.625 86.875 -0.56893
23.625 87.125 -0.79358
23.625 87.375 -0.79803
23.625 87.625 -0.44305
23.625 87.875 -0.8433
23.625 88.125 -0.75229
23.625 88.375 -0.71683
23.625 91.375 -1.1186
23.625 91.625 -1.0106
23.625 91.875 -0.73702
23.625 92.375 -0.94113
23.625 92.625 -0.83028
23.625 92.875 -0.88981
23.625 93.125 -0.77693
23.875 68.875 -0.51971
23.875 69.125 -0.56482
23.875 69.375 -0.55174
23.875 69.625 -0.48252
23.875 69.875 -0.36536
23.875 70.125 -0.33354
23.875 70.375 -0.30594
23.875 70.625 -0.24325
23.875 70.875 -0.18638
23.875 71.125 -0.25821
23.875 71.375 0.2357
23.875 71.625 0.62519
23.875 71.875 -0.33152
23.875 72.125 -0.5318
23.875 72.375 -0.44085
23.875 72.625 -0.38877
23.875 72.875 -0.61623
23.875 73.125 -0.56128
23.875 73.375 -0.13278
23.875 73.625 -0.19679
23.875 73.875 -0.093963
23.875 74.125 -0.16713
23.875 74.375 -0.084261
23.875 74.625 -0.15483
23.875 74.875 -0.18782
23.875 75.125 -0.28964
23.875 75.375 0.26
23.875 75.625 -0.080897
23.875 75.875 0.34121
23.875 76.125 0.41809
23.875 76.375 0.42798
23.875 76.625 -0.14149
23.875 76.875 0.16906
23.875 77.125 0.36347
23.875 77.375 -0.18302
23.875 77.625 -0.17219
23.875 77.875 0.029151
23.875 78.125 0.082545
23.875 78.375 0.059167
23.875 78.625 0.22333
23.875 78.875 0.6415
23.875 79.125 0.85123
23.875 79.375 0.52221
23.875 79.625 0.71019
23.875 79.875 1.9093
23.875 80.125 1.5008
23.875 80.375 0.90804
23.875 80.625 0.98235
23.875 80.875 0.22586
23.875 81.125 -0.085395
23.875 81.375 0.086648
23.875 81.625 0.15579
23.875 81.875 -0.31499
23.875 82.125 -0.40054
23.875 82.375 -0.010794
23.875 82.625 -0.51082
23.875 82.875 -0.52498
23.875 83.125 -0.57551
23.875 83.375 -0.92911
23.875 83.625 -0.75483
23.875 83.875 -0.21613
23.875 84.125 -0.45776
23.875 84.375 -0.34853
23.875 84.625 -0.4664
23.875 84.875 -0.55145
23.875 85.125 -0.41674
23.875 85.375 -0.36432
23.875 85.625 -0.43498
23.875 85.875 -0.55919
23.875 86.125 -0.54149
23.875 86.375 -0.29943
23.875 86.625 -0.68414
23.875 86.875 -0.6475
23.875 87.125 -0.72111
23.875 87.375 -0.62594
23.875 87.625 -0.63549
23.875 87.875 -0.72905
23.875 88.125 -0.83638
23.875 88.375 -0.82651
23.875 91.375 -0.5679
23.875 91.625 -0.53209
23.875 91.875 -0.6449
23.875 92.125 -1.1618
23.875 92.375 -1.0083
23.875 92.625 -0.93366
23.875 92.875 -1.0233
23.875 93.125 -1.0441
23.875 93.375 -0.90843
24.125 68.875 -0.55774
24.125 69.125 -0.5294
24.125 69.375 -0.47076
24.125 69.625 -0.39177
24.125 69.875 -0.38897
24.125 70.125 -0.33268
24.125 70.375 -0.25107
24.125 70.625 -0.33363
24.125 70.875 -0.37361
24.125 71.125 -0.41858
24.125 71.375 -0.40424
24.125 71.625 -0.32258
24.125 71.875 -0.52308
24.125 72.125 -0.42715
24.125 72.375 -0.58316
24.125 72.625 -0.2865
24.125 72.875 -0.53734
24.125 73.125 -0.592
24.125 73.375 -0.46455
24.125 73.625 -0.12694
24.125 73.875 -0.15061
24.125 74.125 -0.27083
24.125 74.375 -0.15241
24.125 74.625 0.025933
24.125 74.875 -0.082022
24.125 75.125 -0.69466
24.125 75.375 0.027361
24.125 75.625 0.01456
24.125 75.875 0.089504
24.125 76.125 0.069844
24.125 76.375 0.37811
24.125 76.625 0.31811
24.125 76.875 0.21281
24.125 77.125 0.1197
24.125 77.375 -0.057878
24.125 77.625 -0.2191
24.125 77.875 0.089947
24.125 78.125 0.12507
24.125 78.375 0.30693
24.125 78.625 0.31613
24.125 78.875 0.86425
24.125 79.125 1.0087
24.125 79.375 1.3533
24.125 79.625 1.0081
24.125 79.875 1.5783
24.125 80.125 1.8717
24.125 80.375 0.43414
24.125 80.625 1.1508
24.125 80.875 0.48615
24.125 81.125 -0.39915
24.125 81.375 -0.074042
24.125 81.625 -0.041323
24.125 81.875 -0.47061
24.125 82.125 -0.34679
24.125 82.375 -0.30645
24.125 82.625 -0.48815
24.125 82.875 -0.51786
24.125 83.125 -0.49835
24.125 83.375 -0.76364
24.125 83.625 -1.1083
24.125 83.875 -0.43749
24.125 84.125 -0.39163
24.125 84.375 -0.53527
24.125 84.625 -0.81684
24.125 84.875 -0.84253
24.125 85.125 -0.42162
24.125 85.375 -0.38979
24.125 85.625 -0.79229
24.125 85.875 -0.58183
24.125 86.125 -0.3334
24.125 86.375 -0.41723
24.125 86.625 -0.42667
24.125 86.875 -0.53581
24.125 87.125 -0.67046
24.125 87.375 -0.49624
24.125 87.625 -0.60767
24.125 87.875 -0.69058
24.125 88.125 -0.76504
24.125 88.375 -0.80417
24.125 91.875 -0.97128
24.125 92.125 -0.95859
24.125 92.375 -0.94914
24.125 92.625 -0.90195
24.125 92.875 -0.98748
24.125 93.125 -1.1078
24.125 93.375 -0.65821
24.125 93.625 -0.53841
24.125 93.875 -0.588
24.125 94.125 -0.56813
24.375 71.375 -0.45188
24.375 71.625 -0.3639
24.375 71.875 -0.46031
24.375 72.125 -0.50358
24.375 72.375 -0.74225
24.375 72.625 -0.39796
24.375 72.875 -0.76727
24.375 73.125 -0.60003
24.375 73.375 -0.62389
24.375 73.625 -0.64329
24.375 73.875 -0.73122
24.375 74.125 -0.76091
24.375 74.375 -0.11513
24.375 74.625 -0.3308
24.375 74.875 -0.48815
24.375 75.125 -0.49653
24.375 75.375 -0.07997
24.375 75.625 0.03319
24.375 75.875 0.020027
24.375 76.125 -0.69994
24.375 76.375 0.040427
24.375 76.625 0.52413
24.375 76.875 0.44131
24.375 77.125 0.14975
24.375 77.375 -0.031539
24.375 77.625 -0.038233
24.375 77.875 0.15965
24.375 78.125 0.69895
24.375 78.375 1.0546
24.375 78.625 0.021659
24.375 78.875 0.55177
24.375 79.125 0.54582
24.375 79.375 0.80699
24.375 79.625 0.65902
24.375 79.875 0.95585
24.375 80.125 1.2622
24.375 80.375 1.2607
24.375 80.625 1.1175
24.375 80.875 0.38699
24.375 81.125 -0.018168
24.375 81.375 -0.075523
24.375 81.625 -0.30034
24.375 81.875 -0.35948
24.375 82.125 -0.35848
24.375 82.375 -0.34206
24.375 82.625 -0.36895
24.375 82.875 -0.30716
24.375 83.125 -0.15199
24.375 83.375 -0.29197
24.375 83.625 -0.54097
24.375 83.875 -0.31741
24.375 84.125 -0.21476
24.375 84.375 -0.88268
24.375 84.625 -0.29998
24.375 84.875 -0.58425
24.375 85.125 -0.41979
24.375 85.375 -0.56069
24.375 85.625 -0.87257
24.375 85.875 -0.72677
24.375 86.125 -0.7161
24.375 86.375 -0.83456
24.375 86.625 -0.4544
24.375 86.875 -0.56291
24.375 87.125 -0.59283
24.375 87.375 -0.85356
24.375 87.625 -0.83665
24.375 87.875 -0.87944
24.375 88.125 -0.80542
24.375 92.375 -0.79205
24.375 92.625 -1.0434
24.375 92.875 -0.88278
24.375 93.125 -1.1296
24.375 93.375 -0.80893
24.375 93.625 -0.7405
24.375 93.875 -0.65416
24.375 94.125 -0.54707
24.625 71.125 -0.67469
24.625 71.375 -0.67451
24.625 71.625 -0.63642
24.625 71.875 -0.7601
24.625 72.125 -0.60935
24.625 72.375 -0.65765
24.625 72.625 -0.59861
24.625 72.875 -0.61042
24.625 73.125 -0.631
24.625 73.375 -0.49187
24.625 73.625 -0.59293
24.625 73.875 -0.70242
24.625 74.125 -0.71985
24.625 74.375 -0.40136
24.625 74.625 -0.18566
24.625 74.875 -0.51099
24.625 75.125 -0.76835
24.625 75.375 -0.44906
24.625 75.625 -0.25967
24.625 75.875 -0.067471
24.625 76.125 -0.35318
24.625 76.375 0.1347
24.625 76.625 0.15837
24.625 76.875 0.34636
24.625 77.125 0.23857
24.625 77.375 0.0060547
24.625 77.625 -0.11955
24.625 77.875 0.23749
24.625 78.125 0.84871
24.625 78.375 0.62328
24.625 78.625 0.25629
24.625 78.875 0.39019
24.625 79.125 0.44515
24.625 79.375 0.53912
24.625 79.625 0.95508
24.625 79.875 0.85079
24.625 80.125 0.87908
24.625 80.375 0.06197
24.625 80.625 0.32371
24.625 80.875 -0.25485
24.625 81.125 -0.27334
24.625 81.375 0.60266
24.625 81.625 0.53165
24.625 81.875 0.48085
24.625 82.125 -0.30791
24.625 82.375 -0.14177
24.625 82.625 0.083983
24.625 82.875 0.12677
24.625 83.125 -0.52578
24.625 83.375 -0.70217
24.625 83.625 -0.3617
24.625 83.875 -0.51052
24.625 84.125 -0.55315
24.625 84.375 -0.52562
24.625 84.625 -0.73951
24.625 84.875 -0.46156
24.625 85.125 -0.61991
24.625 85.375 -0.57542
24.625 85.625 -0.97668
24.625 85.875 -0.83646
24.625 86.125 -0.95255
24.625 86.375 -0.5939
24.625 86.625 -0.26884
24.625 86.875 -0.63217
24.625 87.125 -0.97049
24.625 87.375 -0.91748
24.625 87.625 -0.76488
24.625 87.875 -0.74502
24.625 92.375 -1.119
24.625 92.625 -0.69114
24.625 92.875 -0.70916
24.625 93.125 -0.79919
24.625 93.375 -0.70673
24.625 93.625 -0.80649
24.625 93.875 -0.53659
24.625 94.125 -0.60233
24.625 94.375 -0.55515
24.875 71.125 -0.76659
24.875 71.375 -0.61883
24.875 71.625 -0.74544
24.875 71.875 -0.66372
24.875 72.125 -0.79614
24.875 72.375 -0.80933
24.875 72.625 -0.73028
24.875 72.875 -0.67832
24.875 73.125 -0.70638
24.875 73.375 -0.75486
24.875 73.625 -0.69136
24.875 73.875 -0.58685
24.875 74.125 -0.55633
24.875 74.375 -0.47105
24.875 74.625 -0.22309
24.875 74.875 -0.52505
24.875 75.125 -0.82154
24.875 75.375 -0.90039
24.875 75.625 -0.68328
24.875 75.875 -0.28198
24.875 76.125 -0.47029
24.875 76.375 -0.10054
24.875 76.625 0.28545
24.875 76.875 0.24869
24.875 77.125 0.26643
24.875 77.375 1.0839
24.875 77.625 -0.0033843
24.875 77.875 -0.065788
24.875 78.125 0.30598
24.875 78.375 0.21049
24.875 78.625 -0.020916
24.875 78.875 0.85586
24.875 79.125 0.66872
24.875 79.375 0.39386
24.875 79.625 0.8961
24.875 79.875 0.75164
24.875 80.125 1.3141
24.875 80.375 0.68195
24.875 80.625 0.20572
24.875 80.875 0.18671
24.875 81.125 -0.023562
24.875 81.375 -0.017235
24.875 81.625 -0.040781
24.875 81.875 -0.49399
24.875 82.125 -0.382
24.875 82.375 -0.54959
24.875 82.625 -0.37072
24.875 82.875 -0.61768
24.875 83.125 -0.68393
24.875 83.375 -0.5167
24.875 83.625 -0.49164
24.875 83.875 -0.71478
24.875 84.125 -0.33474
24.875 84.375 -0.80987
24.875 84.625 -1.0637
24.875 84.875 -0.85843
24.875 85.125 -0.57775
24.875 85.375 -0.69986
24.875 85.625 -0.39227
24.875 85.875 -0.63031
24.875 86.125 -0.7487
24.875 86.375 -0.40397
24.875 86.625 -0.45862
24.875 86.875 -0.89329
24.875 87.125 -0.81259
24.875 87.375 -0.74272
24.875 87.625 -0.62855
24.875 87.875 -0.66062
24.875 88.125 -0.70517
24.875 92.625 -0.96269
24.875 92.875 -1.0149
24.875 93.125 -0.18278
24.875 93.375 -0.71715
24.875 93.625 -0.63311
24.875 93.875 0.044381
24.875 94.125 -0.69111
24.875 94.375 -0.4438
25.125 71.125 -0.58573
25.125 71.375 -0.5929
25.125 71.625 -0.60655
25.125 71.875 -0.76863
25.125 72.125 -0.48934
25.125 72.375 -0.13469
25.125 72.625 -0.15571
25.125 72.875 -0.33283
25.125 73.125 -0.57756
25.125 73.375 -0.51927
25.125 73.625 -0.66594
25.125 73.875 -0.83924
25.125 74.125 -0.65622
25.125 74.375 -0.71978
25.125 74.625 -0.42634
25.125 74.875 -0.28423
25.125 75.125 -0.61001
25.125 75.375 -0.023645
25.125 75.625 -0.20253
25.125 75.875 -0.72023
25.125 76.125 -0.63073
25.125 76.375 -0.38553
25.125 76.625 0.19427
25.125 76.875 0.34953
25.125 77.125 0.21047
25.125 77.375 0.045977
25.125 77.625 0.24716
25.125 77.875 0.10762
25.125 78.125 0.47028
25.125 78.375 0.30633
25.125 78.625 0.1299
25.125 78.875 0.41897
25.125 79.125 1.4335
25.125 79.375 1.2399
25.125 79.625 1.1809
25.125 79.875 2.2208
25.125 80.125 2.0729
25.125 80.375 0.57225
25.125 80.625 0.072753
25.125 80.875 0.64988
25.125 81.125 -0.50125
25.125 81.375 0.011242
25.125 81.625 -0.67029
25.125 81.875 -0.40947
25.125 82.125 -0.32141
25.125 82.375 -0.073303
25.125 82.625 0.20894
25.125 82.875 -0.37683
25.125 83.125 -0.70014
25.125 83.375 -0.71806
25.125 83.625 -0.042622
25.125 83.875 -0.27092
25.125 84.125 -0.19878
25.125 84.375 -0.89951
25.125 84.625 -1.1106
25.125 84.875 -0.90898
25.125 85.125 -0.42477
25.125 85.375 -0.60819
25.125 85.625 0.1064
25.125 85.875 -0.074757
25.125 86.125 -0.62271
25.125 86.375 -0.18242
25.125 86.625 -0.26142
25.125 86.875 -0.68634
25.125 87.125 -0.65503
25.125 87.375 -0.74216
25.125 87.625 -0.70239
25.125 87.875 -0.58505
25.125 88.125 -0.69538
25.125 88.375 -0.79981
25.125 92.375 -0.63981
25.125 92.625 -0.50346
25.125 92.875 -0.35488
25.125 93.125 -0.57909
25.125 93.375 -0.81217
25.125 93.625 -0.80218
25.125 93.875 -0.93644
25.125 94.125 -0.81607
25.125 94.375 -0.56379
25.375 70.875 -0.50145
25.375 71.125 -0.62241
25.375 71.375 -0.7024
25.375 71.625 -0.63627
25.375 71.875 -0.72314
25.375 72.125 -0.25253
25.375 72.375 -0.096631
25.375 72.625 -0.19186
25.375 72.875 -0.24083
25.375 73.125 -0.22162
25.375 73.375 -0.30506
25.375 73.625 -0.11509
25.375 73.875 -0.82564
25.375 74.125 -0.79882
25.375 74.375 -0.83844
25.375 74.625 -0.59085
25.375 74.875 -0.58329
25.375 75.125 -0.47859
25.375 75.375 -0.10698
25.375 75.625 0.99783
25.375 75.875 -0.30415
25.375 76.125 -0.19966
25.375 76.375 0.19017
25.375 76.625 -0.23257
25.375 76.875 -0.23036
25.375 77.125 1.7199
25.375 77.375 1.0978
25.375 77.625 0.39769
25.375 77.875 0.72421
25.375 78.125 0.32898
25.375 78.375 0.50881
25.375 78.625 -0.47196
25.375 78.875 -0.52554
25.375 79.125 1.011
25.375 79.375 2.3355
25.375 79.625 1.8405
25.375 79.875 1.4542
25.375 80.125 1.1423
25.375 80.375 1.3189
25.375 80.625 0.9253
25.375 80.875 -0.69224
25.375 81.125 -0.46019
25.375 81.375 -0.27689
25.375 81.625 -0.053544
25.375 81.875 -0.70105
25.375 82.125 -0.98843
25.375 82.375 -0.81953
25.375 82.625 -0.71175
25.375 82.875 -0.73851
25.375 83.125 -0.60646
25.375 83.375 0.07909
25.375 83.625 -0.018887
25.375 83.875 -0.015087
25.375 84.125 -0.1336
25.375 84.375 -0.63932
25.375 84.625 -0.4884
25.375 84.875 -0.25943
25.375 85.125 -0.65049
25.375 85.375 -1.0199
25.375 85.625 -0.31115
25.375 85.875 0.093513
25.375 86.125 0.070394
25.375 86.375 0.0025936
25.375 86.625 -0.46088
25.375 86.875 -0.44865
25.375 87.125 -0.66144
25.375 87.375 -0.59452
25.375 87.625 -0.59529
25.375 87.875 -0.62613
25.375 88.125 -0.80328
25.375 88.375 -0.91611
25.375 88.625 -0.69719
25.375 90.125 -0.79693
25.375 90.375 -0.87886
25.375 90.625 -0.6633
25.375 90.875 -0.65083
25.375 91.125 -0.54738
25.375 91.375 -0.36194
25.375 91.625 -0.44471
25.375 91.875 -0.41427
25.375 92.125 -0.33712
25.375 92.375 -0.65358
25.375 92.625 -0.68243
25.375 92.875 -0.73087
25.375 93.125 -0.74083
25.375 93.375 -0.83727
25.375 93.625 -0.80866
25.375 93.875 -0.72983
25.375 94.125 -0.70236
25.375 94.375 -0.24253
25.625 70.875 -0.55297
25.625 71.125 -0.58486
25.625 71.375 -0.6631
25.625 71.625 -0.70746
25.625 71.875 -0.43511
25.625 72.125 -0.28509
25.625 72.375 -0.27155
25.625 72.625 -0.32285
25.625 72.875 -0.23714
25.625 73.125 -0.13959
25.625 73.375 -0.2823
25.625 73.625 -0.36146
25.625 73.875 -0.49808
25.625 74.125 -0.32323
25.625 74.375 -0.50585
25.625 74.625 -0.50559
25.625 74.875 0.19527
25.625 75.125 -0.40294
25.625 75.375 -0.25928
25.625 75.625 1.1346
25.625 75.875 0.14026
25.625 76.125 0.20216
25.625 76.375 0.15751
25.625 76.625 -0.28937
25.625 76.875 -0.15453
25.625 77.125 1.5024
25.625 77.375 1.7303
25.625 77.625 0.37568
25.625 77.875 -0.043148
25.625 78.125 0.29441
25.625 78.375 0.30567
25.625 78.625 0.035099
25.625 78.875 -0.4403
25.625 79.125 1.5651
25.625 79.375 2.1964
25.625 79.625 2.0542
25.625 79.875 1.7558
25.625 80.125 1.2232
25.625 80.375 0.91999
25.625 80.625 -0.85748
25.625 80.875 -0.8329
25.625 81.125 -0.21871
25.625 81.375 0.0089753
25.625 81.625 -0.39033
25.625 81.875 -0.47042
25.625 82.125 -0.99209
25.625 82.375 -0.23937
25.625 82.625 -0.93061
25.625 82.875 -0.86854
25.625 83.125 -0.54386
25.625 83.375 0.070383
25.625 83.625 0.029415
25.625 83.875 -0.35239
25.625 84.125 -0.74312
25.625 84.375 -0.65971
25.625 84.625 -0.33123
25.625 84.875 -0.52126
25.625 85.125 -0.73409
25.625 85.375 -0.63487
25.625 85.625 -0.52664
25.625 85.875 -0.62393
25.625 86.125 -0.50596
25.625 86.375 -0.55075
25.625 86.625 -0.37898
25.625 86.875 -0.38077
25.625 87.125 -0.48634
25.625 87.375 -0.63349
25.625 87.625 -0.67372
25.625 87.875 -0.69293
25.625 88.125 -0.89325
25.625 90.125 -0.86788
25.625 90.375 -0.87727
25.625 90.625 -0.78106
25.625 90.875 -0.52765
25.625 91.125 -0.50758
25.625 91.375 -0.48582
25.625 91.625 -0.43799
25.625 91.875 -0.3274
25.625 92.125 -0.49433
25.625 92.375 -0.44811
25.625 92.625 -0.81395
25.625 92.875 -0.74158
25.625 93.125 -0.69927
25.625 93.375 -0.66975
25.625 93.625 -1.0116
25.625 93.875 -0.19831
25.625 94.125 0.16968
25.625 94.375 0.3041
25.625 94.625 1.1343
25.625 94.875 1.6725
25.875 70.375 -0.43578
25.875 70.625 -0.45937
25.875 70.875 -0.61223
25.875 71.125 -0.62336
25.875 71.375 -0.79531
25.875 71.625 -0.63019
25.875 71.875 -0.51113
25.875 72.125 -0.35203
25.875 72.375 -0.29189
25.875 72.625 -0.43243
25.875 72.875 -0.37039
25.875 73.125 -0.069895
25.875 73.375 -0.11313
25.875 73.625 -0.18455
25.875 73.875 -0.1299
25.875 74.125 -0.42458
25.875 74.375 -0.35231
25.875 74.625 -0.11898
25.875 74.875 -0.30619
25.875 75.125 -0.62197
25.875 75.375 -0.77872
25.875 75.625 -0.40641
25.875 75.875 -0.15049
25.875 76.125 -0.34436
25.875 76.375 0.52465
25.875 76.625 -0.156
25.875 76.875 -0.091762
25.875 77.125 1.2151
25.875 77.375 1.2343
25.875 77.625 0.7325
25.875 77.875 -0.18532
25.875 78.125 0.93593
25.875 78.375 1.4361
25.875 78.625 1.1919
25.875 78.875 0.1417
25.875 79.125 1.5163
25.875 79.375 0.65464
25.875 79.625 0.24082
25.875 79.875 1.8698
25.875 80.125 1.1052
25.875 80.375 0.30937
25.875 80.625 -0.71305
25.875 80.875 -0.76734
25.875 81.125 -0.70333
25.875 81.375 2.1472
25.875 81.625 -0.39792
25.875 81.875 0.07657
25.875 82.125 -0.99719
25.875 82.375 -0.79155
25.875 82.625 -0.6764
25.875 82.875 0.11724
25.875 83.125 -0.87403
25.875 83.375 -0.83195
25.875 83.625 -0.09745
25.875 83.875 -0.62435
25.875 84.125 -0.1964
25.875 84.375 -0.57626
25.875 84.625 -0.42238
25.875 84.875 -0.72874
25.875 85.125 -0.58549
25.875 85.375 -0.7364
25.875 85.625 -0.49557
25.875 85.875 -0.5209
25.875 86.125 -0.53227
25.875 86.375 -0.48571
25.875 86.625 -0.34403
25.875 86.875 -0.44728
25.875 87.125 -0.54391
25.875 87.375 -0.6111
25.875 87.625 -0.76436
25.875 87.875 -0.6983
25.875 90.125 -0.68094
25.875 90.375 -0.77212
25.875 90.625 -0.79345
25.875 90.875 -0.68606
25.875 91.125 -0.75741
25.875 91.375 -0.64003
25.875 91.625 -0.48267
25.875 91.875 -0.49281
25.875 92.125 -0.35693
25.875 92.375 -0.57116
25.875 92.625 -0.70062
25.875 92.875 -0.8938
25.875 93.125 -0.88227
25.875 93.375 -0.80172
25.875 93.625 -0.78972
25.875 93.875 0.3693
25.875 94.125 0.60291
25.875 94.375 0.38186
25.875 94.625 0.60476
25.875 94.875 1.1531
26.125 70.375 -0.46121
26.125 70.625 -0.67658
26.125 70.875 -0.4215
26.125 71.125 -0.27407
26.125 71.375 -0.51142
26.125 71.625 -0.45563
26.125 71.875 -0.32506
26.125 72.125 -0.20354
26.125 72.375 -0.56855
26.125 72.625 -0.35531
26.125 72.875 -0.37708
26.125 73.125 -0.27038
26.125 73.375 -0.1972
26.125 73.625 -0.17377
26.125 73.875 -0.14617
26.125 74.125 -0.17313
26.125 74.375 -0.085607
26.125 74.625 -0.34506
26.125 74.875 -0.26787
26.125 75.125 -0.089036
26.125 75.375 -0.6164
26.125 75.625 -0.6389
26.125 75.875 -0.69679
26.125 76.125 -0.79486
26.125 76.375 0.0049749
26.125 76.625 0.54483
26.125 76.875 -0.18037
26.125 77.125 1.0494
26.125 77.375 0.44517
26.125 77.625 0.56757
26.125 77.875 0.026901
26.125 78.125 1.0265
26.125 78.375 3.1831
26.125 78.625 1.9878
26.125 78.875 2.5918
26.125 79.125 2.8129
26.125 79.375 1.2946
26.125 79.625 -0.63611
26.125 79.875 -0.48934
26.125 80.125 1.4153
26.125 80.375 0.31313
26.125 80.625 -0.77525
26.125 80.875 1.4325
26.125 81.125 0.37221
26.125 81.375 -0.95814
26.125 81.625 0.20866
26.125 81.875 0.24056
26.125 82.125 -0.83943
26.125 82.375 -0.95233
26.125 82.625 -0.43573
26.125 82.875 -0.028663
26.125 83.125 -1.0039
26.125 83.375 -0.77345
26.125 83.625 -0.77829
26.125 83.875 -0.32972
26.125 84.125 -0.11282
26.125 84.375 -0.74222
26.125 84.625 -0.66036
26.125 84.875 -0.74451
26.125 85.125 -0.059838
26.125 85.375 -0.65856
26.125 85.625 -0.4615
26.125 85.875 0.58765
26.125 86.125 -0.54568
26.125 86.375 -0.60759
26.125 86.625 -0.4782
26.125 86.875 -0.53745
26.125 87.125 -0.58116
26.125 87.375 -0.60457
26.125 87.625 -0.61146
26.125 87.875 -0.57431
26.125 88.125 -0.71136
26.125 89.375 -0.88231
26.125 89.875 -0.76143
26.125 90.125 -0.81698
26.125 90.375 -0.7058
26.125 90.625 -0.79577
26.125 90.875 -1.0125
26.125 91.125 -0.70615
26.125 91.375 -0.63374
26.125 91.625 -0.49551
26.125 91.875 -0.5933
26.125 92.125 -0.54063
26.125 92.375 -0.75972
26.125 92.625 -0.9818
26.125 92.875 -0.90273
26.125 93.125 -0.82765
26.125 93.375 -0.45524
26.125 93.625 -0.64738
26.125 93.875 0.61835
26.125 94.125 0.53954
26.125 94.375 0.34897
26.125 94.625 0.56766
26.125 94.875 0.91857
26.375 70.375 -0.49943
26.375 70.625 -0.73853
26.375 70.875 -0.66936
26.375 71.125 -0.27519
26.375 71.375 -0.3172
26.375 71.625 -0.063174
26.375 71.875 -0.0036751
26.375 72.125 -0.25361
26.375 72.375 -0.4987
26.375 72.625 -0.57624
26.375 72.875 -0.30399
26.375 73.125 -0.26996
26.375 73.375 -0.2501
26.375 73.625 -0.17932
26.375 73.875 -0.16957
26.375 74.125 -0.14532
26.375 74.375 -0.06263
26.375 74.625 -0.52512
26.375 74.875 -0.44006
26.375 75.125 -0.44253
26.375 75.375 -0.38217
26.375 75.625 -0.54711
26.375 75.875 -0.54739
26.375 76.125 -0.25325
26.375 76.375 -0.28903
26.375 76.625 0.12442
26.375 76.875 -0.030122
26.375 77.125 0.092843
26.375 77.375 1.3623
26.375 77.625 0.63052
26.375 77.875 -0.48322
26.375 78.125 0.35612
26.375 78.375 -0.0098631
26.375 78.625 1.7753
26.375 78.875 2.4855
26.375 79.125 2.605
26.375 79.375 -0.76144
26.375 79.625 -0.74142
26.375 79.875 2.0969
26.375 80.125 2.2937
26.375 80.375 -0.092932
26.375 80.625 -0.53827
26.375 80.875 0.053531
26.375 81.125 -0.52898
26.375 81.375 -0.94344
26.375 81.625 -0.79732
26.375 81.875 -1.0321
26.375 82.125 -0.95355
26.375 82.375 -0.22852
26.375 82.625 -0.8954
26.375 82.875 -0.030579
26.375 83.125 -0.38042
26.375 83.375 -0.35811
26.375 83.625 -0.516
26.375 83.875 -0.41024
26.375 84.125 -0.31307
26.375 84.375 -0.43503
26.375 84.625 -0.61553
26.375 84.875 -0.51416
26.375 85.125 -0.50003
26.375 85.375 -0.69277
26.375 85.625 -0.48532
26.375 85.875 -0.31725
26.375 86.125 -0.3691
26.375 86.375 -0.79456
26.375 86.625 -0.59626
26.375 86.875 -0.58264
26.375 87.125 -0.65732
26.375 87.625 -0.65677
26.375 87.875 -0.70251
26.375 88.125 -0.71228
26.375 88.375 -0.71388
26.375 88.875 -0.77544
26.375 89.375 -0.73535
26.375 89.625 -0.82116
26.375 89.875 -0.71024
26.375 90.125 -0.60307
26.375 90.375 -0.61547
26.375 90.625 -0.76018
26.375 90.875 -0.69319
26.375 91.125 -0.81478
26.375 91.375 -0.75285
26.375 91.625 -0.80039
26.375 91.875 -0.9218
26.375 92.125 -0.35152
26.375 92.375 -0.28133
26.375 92.625 -0.26798
26.375 92.875 -0.72679
26.375 93.125 -0.78512
26.375 93.375 -0.51391
26.375 93.625 -0.79204
26.375 93.875 0.26965
26.375 94.125 0.34713
26.375 94.375 -0.13413
26.375 94.625 -0.046113
26.375 94.875 0.069793
26.625 69.875 -0.77561
26.625 70.125 -0.55464
26.625 70.375 -0.46497
26.625 70.625 -0.74075
26.625 70.875 -0.74829
26.625 71.125 -0.77994
26.625 71.375 -0.056846
26.625 71.625 0.13566
26.625 71.875 0.16235
26.625 72.125 -0.31551
26.625 72.375 -0.56741
26.625 72.625 -0.60757
26.625 72.875 -0.50819
26.625 73.125 -0.15815
26.625 73.375 -0.19977
26.625 73.625 -0.13408
26.625 73.875 -0.14895
26.625 74.125 -0.11398
26.625 74.375 -0.11661
26.625 74.625 -0.28761
26.625 74.875 -0.34521
26.625 75.125 -0.43598
26.625 75.375 -0.30839
26.625 75.625 -0.33858
26.625 75.875 -0.55484
26.625 76.125 0.18923
26.625 76.375 -0.052903
26.625 76.625 -0.53381
26.625 76.875 -0.13098
26.625 77.125 1.017
26.625 77.375 1.0001
26.625 77.625 0.85485
26.625 77.875 -0.68391
26.625 78.125 -0.015802
26.625 78.375 1.784
26.625 78.625 2.5572
26.625 78.875 0.53056
26.625 79.125 -0.63569
26.625 79.375 0.084178
26.625 79.625 2.1271
26.625 79.875 0.73306
26.625 80.125 -0.73094
26.625 80.375 2.2289
26.625 80.625 0.12123
26.625 80.875 0.22753
26.625 81.125 0.28927
26.625 81.375 -0.59741
26.625 81.625 -0.86098
26.625 81.875 0.30107
26.625 82.125 -0.32884
26.625 82.375 0.98316
26.625 82.625 -1.1245
26.625 82.875 0.072559
26.625 83.125 0.032666
26.625 83.375 -0.57943
26.625 83.625 -0.53289
26.625 83.875 -0.60778
26.625 84.125 -0.028171
26.625 84.375 -0.45984
26.625 84.625 -0.61992
26.625 84.875 -0.57456
26.625 85.125 -0.42725
26.625 85.375 -0.58232
26.625 85.625 -0.51095
26.625 86.125 -0.61219
26.625 88.375 -0.90875
26.625 88.625 -0.68376
26.625 88.875 -0.74854
26.625 89.125 -0.9661
26.625 89.375 -0.69069
26.625 89.625 -0.85951
26.625 89.875 -0.69923
26.625 90.125 -0.65149
26.625 90.375 -0.7858
26.625 90.625 -0.7144
26.625 90.875 -0.6686
26.625 91.125 -0.72545
26.625 91.375 -0.50099
26.625 91.625 -0.50897
26.625 91.875 -0.79565
26.625 92.125 -0.7599
26.625 92.375 -0.65361
26.625 92.625 -0.6158
26.625 92.875 -0.53642
26.625 93.125 -0.3412
26.625 93.375 -0.67333
26.625 93.625 -0.32957
26.625 93.875 -0.82311
26.625 94.125 -0.71765
26.625 94.375 -0.64321
26.625 94.625 -0.25494
26.625 94.875 -0.1182
26.625 95.125 -0.41792
26.875 69.625 -0.87144
26.875 69.875 -0.63156
26.875 70.125 -0.66462
26.875 70.375 -0.3065
26.875 70.625 -0.84788
26.875 70.875 -0.82605
26.875 71.125 -0.74119
26.875 71.375 -0.44051
26.875 71.625 -0.31415
26.875 71.875 -0.37574
26.875 72.125 -0.10556
26.875 72.375 -0.21913
26.875 72.625 -0.13937
26.875 72.875 0.07994
26.875 73.125 -0.11034
26.875 73.375 -0.26445
26.875 73.625 -0.22756
26.875 73.875 -0.094939
26.875 74.125 -0.051594
26.875 74.375 -0.050372
26.875 74.625 -0.065471
26.875 74.875 0.33203
26.875 75.125 -0.4093
26.875 75.375 -0.29414
26.875 75.625 -0.46092
26.875 75.875 -0.50603
26.875 76.125 0.62119
26.875 76.375 0.062084
26.875 76.625 -0.39461
26.875 76.875 0.16783
26.875 77.125 0.74097
26.875 77.375 -0.20228
26.875 77.625 0.21257
26.875 77.875 -0.096405
26.875 78.125 -0.36833
26.875 78.375 0.41229
26.875 78.625 1.2838
26.875 78.875 0.65824
26.875 79.125 3.5806
26.875 79.375 2.7187
26.875 79.625 2.5318
26.875 79.875 2.6026
26.875 80.125 -0.34192
26.875 80.375 1.2931
26.875 80.625 1.8213
26.875 80.875 0.5572
26.875 81.125 0.59198
26.875 81.375 0.18205
26.875 81.625 -0.87814
26.875 81.875 0.46919
26.875 82.125 0.34737
26.875 82.375 -1.35
26.875 82.625 -1.3853
26.875 82.875 -0.19597
26.875 83.125 -0.24072
26.875 83.375 -0.86685
26.875 83.625 -0.61505
26.875 83.875 -0.70499
26.875 84.125 -0.094574
26.875 84.375 -0.17463
26.875 84.625 -0.22488
26.875 84.875 -0.4785
26.875 88.375 -0.68708
26.875 88.625 -0.82516
26.875 88.875 -0.8262
26.875 92.375 -0.78045
26.875 92.625 -0.61822
26.875 92.875 -0.65604
26.875 93.125 -0.59178
26.875 93.375 -0.69587
26.875 93.625 -0.84271
26.875 93.875 -1.0135
26.875 94.125 -0.89504
26.875 94.375 -0.87884
26.875 94.625 -0.97248
26.875 94.875 -0.48971
26.875 95.125 -0.40209
26.875 95.375 -0.40867
26.875 95.625 -0.093249
27.125 69.875 -0.64616
27.125 70.125 -0.61683
27.125 70.375 -0.48099
27.125 70.625 -0.37946
27.125 70.875 -0.82957
27.125 71.125 -0.63272
27.125 71.375 -0.61421
27.125 71.625 -0.68345
27.125 71.875 -0.35324
27.125 72.125 -0.187
27.125 72.375 -0.38483
27.125 72.625 -0.1196
27.125 72.875 -0.16519
27.125 73.125 -0.15505
27.125 73.375 -0.2224
27.125 73.625 -0.23857
27.125 73.875 -0.15799
27.125 74.125 -0.13735
27.125 74.375 -0.11363
27.125 74.625 0.14578
27.125 74.875 -0.27008
27.125 75.125 -0.33762
27.125 75.375 -0.21449
27.125 75.625 0.076209
27.125 75.875 -0.14544
27.125 76.125 -0.21931
27.125 76.375 0.074857
27.125 76.625 0.1387
27.125 76.875 0.49105
27.125 77.125 0.49092
27.125 77.375 -0.36343
27.125 77.625 0.25183
27.125 77.875 -0.53397
27.125 78.125 1.5608
27.125 78.375 0.19954
27.125 78.625 -0.97697
27.125 78.875 0.10678
27.125 79.125 2.1287
27.125 79.375 -0.29033
27.125 79.625 0.72625
27.125 79.875 2.1976
27.125 80.125 1.5222
27.125 80.375 1.9911
27.125 80.625 -0.054976
27.125 80.875 -0.72872
27.125 81.125 1.1679
27.125 81.375 0.76499
27.125 81.625 0.12741
27.125 81.875 0.50991
27.125 82.125 0.21123
27.125 82.375 -1.0332
27.125 82.625 1.1748
27.125 82.875 -0.014897
27.125 83.125 -0.4474
27.125 83.375 -0.4061
27.125 83.625 -0.33846
27.125 83.875 -0.27325
27.125 84.125 -0.61755
27.125 84.375 -0.4017
27.125 84.625 -0.32206
27.125 88.125 -0.46481
27.125 88.375 -0.63538
27.125 88.625 -0.76897
27.125 92.125 -0.36277
27.125 92.375 -0.22056
27.125 92.625 -0.42864
27.125 92.875 -0.53983
27.125 93.125 -1.0578
27.125 93.375 -0.89333
27.125 93.625 -0.95807
27.125 93.875 -0.59237
27.125 94.125 -0.59149
27.125 94.375 -0.61209
27.125 94.625 -1.0971
27.125 94.875 -0.91535
27.125 95.125 -1.0597
27.125 95.375 -0.64931
27.125 95.625 -0.43792
27.125 95.875 -0.4295
27.375 70.125 -0.46602
27.375 70.375 -0.4581
27.375 70.625 -0.75855
27.375 70.875 -0.39084
27.375 71.125 -0.51568
27.375 71.375 -0.37767
27.375 71.625 -0.5718
27.375 71.875 -0.34934
27.375 72.125 -0.71001
27.375 72.375 -0.54396
27.375 72.625 -0.76569
27.375 72.875 -0.54527
27.375 73.125 0.04804
27.375 73.375 0.17936
27.375 73.625 -0.19477
27.375 73.875 -0.2581
27.375 74.125 -0.34096
27.375 74.375 -0.28238
27.375 74.625 -0.098699
27.375 74.875 -0.14866
27.375 75.125 -0.29196
27.375 75.375 -0.42327
27.375 75.625 0.086549
27.375 75.875 -0.042847
27.375 76.125 -0.54446
27.375 76.375 -0.35215
27.375 76.625 -0.24665
27.375 76.875 0.49565
27.375 77.125 -0.026025
27.375 77.375 -0.76731
27.375 77.625 -0.5383
27.375 77.875 0.06909
27.375 78.125 0.95686
27.375 78.375 -0.38225
27.375 78.625 0.25193
27.375 78.875 3.6162
27.375 79.125 3.479
27.375 79.375 -0.56689
27.375 79.625 -0.68402
27.375 79.875 2.6119
27.375 80.125 -0.18967
27.375 80.375 -0.29484
27.375 80.625 -0.45767
27.375 80.875 -0.55321
27.375 81.125 0.72026
27.375 81.375 0.62826
27.375 81.625 -0.48807
27.375 81.875 0.42837
27.375 82.125 0.90112
27.375 82.375 0.029738
27.375 82.625 0.73619
27.375 82.875 -0.28724
27.375 83.125 -0.45232
27.375 83.625 -0.31519
27.375 84.125 -0.37093
27.375 84.375 -0.47599
27.375 88.125 0.014527
27.375 88.375 -0.47252
27.375 88.625 -0.68857
27.375 92.125 0.18578
27.375 92.375 0.72108
27.375 92.625 0.64999
27.375 92.875 -0.3564
27.375 93.125 -0.78886
27.375 93.375 -0.33955
27.375 93.625 -0.16217
27.375 93.875 -0.49095
27.375 94.125 -0.36018
27.375 94.375 -0.95497
27.375 94.625 -1.0211
27.375 94.875 -0.43114
27.375 95.125 -0.92156
27.375 95.375 -0.9281
27.375 95.625 -0.64007
27.375 95.875 -0.65216
27.375 96.125 -0.71733
27.375 96.375 -0.42339
27.375 96.625 -0.30824
27.375 96.875 0.12772
27.625 70.125 -0.40914
27.625 70.375 -0.51764
27.625 70.625 -0.39096
27.625 70.875 -1.2825
27.625 71.125 -0.39634
27.625 71.375 -0.86646
27.625 71.625 -1.0361
27.625 71.875 -0.57649
27.625 72.125 -0.24532
27.625 72.375 -0.16661
27.625 72.625 -0.56619
27.625 72.875 -0.49473
27.625 73.125 -0.44752
27.625 73.375 0.2489
27.625 73.625 0.35934
27.625 73.875 -0.20184
27.625 74.125 0.049716
27.625 74.375 0.11827
27.625 74.625 0.09619
27.625 74.875 0.39123
27.625 75.125 -0.18531
27.625 75.375 -0.29267
27.625 75.625 -0.23297
27.625 75.875 -0.60959
27.625 76.125 -0.62436
27.625 76.375 -0.54126
27.625 76.625 0.70368
27.625 76.875 0.9755
27.625 77.125 -0.79001
27.625 77.375 -0.83514
27.625 77.625 -0.91746
27.625 77.875 -0.9601
27.625 78.125 2.646
27.625 78.375 0.98966
27.625 78.625 -0.63836
27.625 78.875 3.1775
27.625 79.125 1.7072
27.625 79.375 -0.86266
27.625 79.625 -0.54671
27.625 79.875 0.91415
27.625 80.125 0.73598
27.625 80.375 -0.19656
27.625 80.625 -0.50677
27.625 80.875 -0.41927
27.625 81.125 0.97317
27.625 81.375 0.18005
27.625 81.625 -0.036002
27.625 81.875 0.13473
27.625 82.125 0.2141
27.625 82.375 0.015105
27.625 82.625 0.53868
27.625 88.375 -0.10574
27.625 88.625 -0.29648
27.625 91.625 -0.75658
27.625 91.875 -0.48649
27.625 92.125 -0.22172
27.625 92.375 0.67406
27.625 92.625 1.0838
27.625 92.875 0.12737
27.625 93.125 -0.62906
27.625 93.375 -0.40163
27.625 93.625 -0.12153
27.625 93.875 -0.71753
27.625 94.125 -0.57179
27.625 94.375 -0.80235
27.625 94.625 -0.88188
27.625 94.875 -0.52273
27.625 95.125 -0.58121
27.625 95.375 -0.33184
27.625 95.625 -0.52428
27.625 95.875 -0.49774
27.625 96.125 -0.49748
27.625 96.375 -0.49993
27.625 96.625 -0.25835
27.625 96.875 -0.02497
27.875 70.375 -0.46535
27.875 71.875 -0.70033
27.875 72.125 -0.6753
27.875 72.375 -0.72011
27.875 72.625 -0.66404
27.875 72.875 -0.17668
27.875 73.125 -0.59749
27.875 73.375 -0.26305
27.875 73.625 0.35945
27.875 73.875 0.79132
27.875 74.125 -0.13265
27.875 74.375 -0.046026
27.875 74.625 0.13231
27.875 74.875 0.36494
27.875 75.125 0.14998
27.875 75.375 0.19533
27.875 75.625 -0.12381
27.875 75.875 -0.72584
27.875 76.125 -0.50837
27.875 76.375 -0.1568
27.875 76.625 -0.32578
27.875 76.875 -0.27134
27.875 77.125 -0.13836
27.875 77.375 -0.58867
27.875 77.625 -0.90557
27.875 77.875 -0.41085
27.875 78.125 1.1286
27.875 78.375 3.0011
27.875 78.625 2.1584
27.875 78.875 1.3047
27.875 79.125 -0.3079
27.875 79.375 1.7731
27.875 79.625 1.5349
27.875 79.875 0.73846
27.875 80.125 0.6559
27.875 80.375 0.02868
27.875 80.625 -0.29331
27.875 80.875 -0.64538
27.875 81.125 0.13567
27.875 81.375 0.37237
27.875 81.625 0.18084
27.875 88.375 -0.26628
27.875 88.625 -0.44209
27.875 92.875 1.4144
27.875 93.125 -0.18782
27.875 93.375 -0.47405
27.875 93.625 -0.89171
27.875 93.875 -0.80467
27.875 94.125 -0.86392
27.875 94.375 -0.56402
27.875 94.625 -0.38238
27.875 94.875 -0.42145
27.875 95.125 -0.45669
27.875 95.375 -0.43932
27.875 95.625 -0.40556
27.875 95.875 -0.35283
27.875 96.125 -0.38391
27.875 96.375 -0.5001
27.875 96.625 -0.28938
27.875 96.875 -0.336
27.875 97.125 0.073387
28.125 72.125 -0.75536
28.125 72.375 -0.75714
28.125 72.625 -0.7054
28.125 72.875 -0.3823
28.125 73.125 -0.12934
28.125 73.375 -0.094583
28.125 73.625 0.41019
28.125 73.875 0.60087
28.125 74.125 -0.1722
28.125 74.375 0.051469
28.125 74.625 -0.23726
28.125 74.875 -0.057253
28.125 75.125 0.33732
28.125 75.375 0.048429
28.125 75.625 0.13795
28.125 75.875 -0.2011
28.125 76.125 0.048035
28.125 76.375 -0.45421
28.125 76.625 0.27032
28.125 76.875 0.72599
28.125 77.125 -0.091636
28.125 77.375 -0.33971
28.125 77.625 -0.5824
28.125 77.875 0.2394
28.125 78.125 1.0731
28.125 78.375 3.1453
28.125 78.625 1.1697
28.125 78.875 4.0775
28.125 79.125 3.5009
28.125 79.375 0.30716
28.125 79.625 0.80313
28.125 79.875 1.3891
28.125 80.125 0.38062
28.125 80.375 0.10681
28.125 80.625 0.12839
28.125 80.875 -0.078975
28.125 81.125 0.26163
28.125 81.375 0.2188
28.125 92.875 1.5495
28.125 93.125 -0.28816
28.125 93.375 -0.8109
28.125 93.625 -1.007
28.125 93.875 -0.78491
28.125 94.125 -0.74511
28.125 94.375 -0.40272
28.125 94.625 -0.33054
28.125 94.875 -0.36819
28.125 95.125 -0.3381
28.125 95.375 -0.35537
28.125 95.625 -0.45092
28.125 95.875 -0.46509
28.125 96.125 -0.44109
28.125 96.375 -0.38
28.125 96.625 -0.37664
28.125 96.875 -0.33538
28.125 97.125 -0.2669
28.375 72.375 -0.81555
28.375 72.625 -0.79286
28.375 72.875 -0.70049
28.375 73.125 -0.17019
28.375 73.375 -0.28961
28.375 73.625 -0.33234
28.375 73.875 0.00051318
28.375 74.125 -0.0062578
28.375 74.375 -0.3733
28.375 74.625 -0.25488
28.375 74.875 -0.12776
28.375 75.125 -0.23711
28.375 75.375 0.16876
28.375 75.625 0.44231
28.375 75.875 0.06579
28.375 76.125 0.097101
28.375 76.375 -0.3598
28.375 76.625 -0.10358
28.375 76.875 0.53008
28.375 77.125 -0.31696
28.375 77.375 -0.31315
28.375 77.625 -0.53649
28.375 77.875 -0.27076
28.375 78.125 3.7959
28.375 78.375 2.3494
28.375 78.625 0.57685
28.375 78.875 -0.65949
28.375 79.125 3.2725
28.375 79.375 1.2338
28.375 79.625 -0.49519
28.375 79.875 0.2394
28.375 80.125 -0.096566
28.375 80.375 -0.15549
28.375 80.625 0.0022721
28.375 80.875 -0.053307
28.375 81.125 0.11559
28.375 93.375 -0.70435
28.375 93.625 -0.62219
28.375 93.875 -0.39682
28.375 94.125 -0.19662
28.375 94.375 -0.13556
28.375 94.625 -0.25657
28.375 94.875 -0.29035
28.375 95.125 -0.16546
28.375 95.375 0.33997
28.375 95.625 -0.20581
28.375 95.875 -0.35592
28.375 96.125 -0.33773
28.375 96.625 -0.36435
28.625 72.375 -0.64486
28.625 72.625 -0.60121
28.625 72.875 -0.5474
28.625 73.125 -0.41157
28.625 73.375 -0.34057
28.625 73.625 -0.33517
28.625 73.875 -0.52633
28.625 74.125 -0.6495
28.625 74.375 -0.41905
28.625 74.625 -0.38134
28.625 74.875 -0.30563
28.625 75.125 -0.26091
28.625 75.375 -0.44939
28.625 75.625 -0.63163
28.625 75.875 -0.36224
28.625 76.125 -0.37132
28.625 76.375 -0.46731
28.625 76.625 -0.10211
28.625 76.875 0.040858
28.625 77.125 -0.86475
28.625 77.375 -0.63718
28.625 77.625 -0.86176
28.625 77.875 -0.72049
28.625 78.125 2.1201
28.625 78.375 2.0599
28.625 78.625 -0.66423
28.625 78.875 0.42624
28.625 79.125 1.187
28.625 79.375 0.26286
28.625 79.625 0.58747
28.625 79.875 -0.21389
28.625 80.125 -0.093124
28.625 80.375 -0.10429
28.625 80.625 -0.04683
28.625 93.625 -0.28781
28.625 93.875 -0.19179
28.625 94.125 -0.13512
28.625 94.375 -0.14275
28.625 94.625 -0.17764
28.625 94.875 -0.34636
28.625 95.125 -0.030677
28.625 95.375 1.0844
28.625 95.625 0.46182
28.625 95.875 -0.48609
28.625 96.125 -0.32167
28.625 96.375 2.1695
28.875 72.875 -0.22128
28.875 73.125 -0.28546
28.875 73.375 0.078932
28.875 73.625 -0.02874
28.875 73.875 -0.20718
28.875 74.125 -0.55083
28.875 74.375 -0.65804
28.875 74.625 -0.57642
28.875 74.875 -0.36624
28.875 75.125 -0.45961
28.875 75.375 -0.75763
28.875 75.625 -0.7636
28.875 75.875 -0.45598
28.875 76.125 -0.46212
28.875 76.375 -0.59563
28.875 76.625 -0.76323
28.875 76.875 -0.81154
28.875 77.125 0.80835
28.875 77.375 1.5335
28.875 77.625 1.7204
28.875 77.875 3.1485
28.875 78.125 2.7286
28.875 78.375 1.8292
28.875 78.625 -0.39383
28.875 78.875 -0.044151
28.875 79.125 1.6039
28.875 79.375 1.4594
28.875 79.625 0.61235
28.875 79.875 0.48669
28.875 94.125 -0.32168
28.875 94.375 -0.36217
28.875 94.625 -0.30481
28.875 94.875 -0.3698
28.875 95.125 -0.15411
28.875 95.375 0.61318
28.875 95.625 -0.29115
28.875 95.875 -0.60657
28.875 96.125 -0.56556
28.875 96.375 1.1877
29.125 73.125 -0.15257
29.125 73.375 0.0090811
29.125 73.625 -0.14132
29.125 73.875 0.02783
29.125 74.125 -0.39794
29.125 74.375 -0.5594
29.125 74.625 -0.52828
29.125 74.875 -0.49766
29.125 75.125 -0.36587
29.125 75.375 -0.50765
29.125 75.625 -0.52991
29.125 75.875 -0.64032
29.125 76.125 -0.5387
29.125 76.375 -0.7138
29.125 76.625 -0.67392
29.125 76.875 -0.68696
29.125 77.125 -0.12875
29.125 77.375 1.2606
29.125 77.625 2.1496
29.125 77.875 3.6515
29.125 78.125 3.647
29.125 78.375 3.1876
29.125 78.625 2.3556
29.125 78.875 0.95913
29.125 79.125 0.89816
29.125 79.375 1.184
29.125 79.625 0.53784
29.125 79.875 0.31482
29.125 80.125 0.0022486
29.125 94.375 -0.32881
29.125 94.625 -0.3546
29.125 94.875 -0.44865
29.125 95.625 -0.48653
29.125 95.875 -0.4288
29.125 96.125 1.2642
29.375 73.375 -0.24641
29.375 73.625 0.19424
29.375 73.875 -0.086354
29.375 74.125 0.10063
29.375 74.375 -0.47369
29.375 74.625 -0.34224
29.375 74.875 -0.38704
29.375 75.125 -0.34093
29.375 75.375 -0.4772
29.375 75.625 -0.5073
29.375 75.875 -0.45094
29.375 76.125 -0.47308
29.375 76.375 -0.60518
29.375 76.625 -0.60445
29.375 76.875 -0.81498
29.375 77.125 -0.89678
29.375 77.375 0.66393
29.375 77.625 2.1152
29.375 77.875 3.291
29.375 78.125 1.3709
29.375 78.375 2.696
29.375 78.625 -0.12381
29.375 78.875 0.033744
29.375 79.125 1.8898
29.375 79.375 0.17644
29.375 79.625 0.087267
29.375 79.875 -0.027595
29.375 80.125 -0.12397
29.375 96.125 0.55323
29.625 73.375 -0.33227
29.625 73.625 0.41573
29.625 73.875 0.87048
29.625 74.125 0.35443
29.625 74.375 -0.46294
29.625 74.625 -0.46862
29.625 74.875 -0.48288
29.625 75.125 -0.41271
29.625 75.375 -0.39214
29.625 75.625 -0.024442
29.625 75.875 -0.48302
29.625 76.125 -0.65391
29.625 76.375 -0.55727
29.625 76.625 -0.55731
29.625 76.875 -0.47807
29.625 77.125 -0.75787
29.625 77.375 -0.35246
29.625 77.625 0.62392
29.625 77.875 0.80238
29.625 78.125 1.715
29.625 78.375 0.64406
29.625 78.625 -1.3863
29.625 78.875 -0.70768
29.625 79.125 1.3964
29.625 79.375 0.023857
29.625 79.625 -0.05363
29.625 79.875 -0.18661
29.625 80.125 -0.39354
29.875 73.625 0.69511
29.875 73.875 0.39693
29.875 74.125 -0.29532
29.875 74.375 -0.23422
29.875 74.625 -0.45867
29.875 74.875 -0.41049
29.875 75.125 -0.41361
29.875 75.375 -0.43468
29.875 75.625 -0.33465
29.875 75.875 -0.53206
29.875 76.125 -0.71854
29.875 76.375 -0.66942
29.875 76.625 -0.41545
29.875 76.875 -1.0439
29.875 77.125 -0.761
29.875 77.375 -0.26023
29.875 77.625 0.14618
29.875 77.875 1.3938
29.875 78.125 -0.97616
29.875 78.375 1.7231
29.875 78.625 0.39304
29.875 78.875 1.1278
29.875 79.125 0.40165
29.875 79.375 0.45852
29.875 79.625 -0.15241
29.875 79.875 -0.67216
29.875 80.125 -0.55052
29.875 80.375 -0.46964
30.125 74.125 -0.31902
30.125 74.375 -0.34778
30.125 74.625 -0.39765
30.125 74.875 -0.509
30.125 75.125 -0.54896
30.125 75.375 -0.4051
30.125 75.625 -0.53094
30.125 75.875 -0.70155
30.125 76.125 -0.70827
30.125 76.375 -1.0778
30.125 76.625 -0.99409
30.125 76.875 -0.59891
30.125 77.125 -0.90037
30.125 77.375 -1.3399
30.125 77.625 -0.061793
30.125 77.875 0.11786
30.125 78.125 -0.24807
30.125 78.375 1.0563
30.125 78.625 2.1852
30.125 78.875 0.98471
30.125 79.125 0.27498
30.125 79.375 -0.24828
30.125 79.625 0.45397
30.125 79.875 0.090186
30.125 80.125 -0.40132
30.125 80.375 -0.34973
30.125 80.625 -0.37487
30.375 74.125 -0.5497
30.375 74.375 -0.56413
30.375 74.625 -0.57799
30.375 74.875 -0.56105
30.375 75.125 -0.39504
30.375 75.375 -0.34754
30.375 75.625 -0.45906
30.375 75.875 -0.80726
30.375 76.125 -1.008
30.375 76.375 -0.99052
30.375 76.625 -1.3678
30.375 76.875 -1.6635
30.375 77.125 -0.79472
30.375 77.375 0.37029
30.375 77.625 -0.93463
30.375 77.875 -0.70289
30.375 78.125 0.5108
30.375 78.375 -0.041541
30.375 78.625 1.1028
30.375 78.875 0.35268
30.375 79.125 0.17468
30.375 79.375 1.0485
30.375 79.625 1.036
30.375 79.875 -0.26824
30.375 80.125 -0.4113
30.375 80.375 0.11466
30.375 80.625 0.086161
30.625 74.375 -0.60667
30.625 74.625 -0.59675
30.625 74.875 -0.56189
30.625 75.125 -0.4376
30.625 75.375 -0.39614
30.625 75.625 -0.51435
30.625 75.875 -0.87925
30.625 76.125 -0.95506
30.625 76.375 -0.96353
30.625 76.625 -0.067371
30.625 76.875 0.24736
30.625 77.125 0.12219
30.625 77.375 0.26428
30.625 77.625 0.35796
30.625 77.875 1.077
30.625 78.125 -0.37653
30.625 78.375 -0.15501
30.625 78.625 -0.11081
30.625 78.875 0.47012
30.625 79.125 0.2154
30.625 79.375 1.0245
30.625 79.625 -0.10192
30.625 79.875 -0.19957
30.625 80.125 -0.10522
30.875 74.625 -0.60493
30.875 74.875 -0.59138
30.875 75.125 -0.27178
30.875 75.375 -0.82743
30.875 75.625 -0.63993
30.875 75.875 -0.89306
30.875 76.125 -1.0305
30.875 76.375 -0.63533
30.875 76.625 1.9974
30.875 76.875 -0.23308
30.875 77.125 1.2632
30.875 77.375 0.186
30.875 77.625 1.6081
30.875 77.875 1.1276
30.875 78.125 0.50004
30.875 78.375 0.44128
30.875 78.625 0.62165
30.875 78.875 -0.25611
30.875 79.125 1.9151
30.875 79.375 1.5724
30.875 79.625 -0.023166
30.875 79.875 -0.14707
31.125 74.875 -0.79588
31.125 75.125 -0.39367
31.125 75.375 -0.99125
31.125 75.625 -0.731
31.125 75.875 -0.53986
31.125 76.125 0.50592
31.125 76.375 -0.47376
31.125 76.625 0.080551
31.125 76.875 0.55792
31.125 77.125 1.0244
31.125 77.375 0.45352
31.125 77.625 1.2968
31.125 77.875 1.1903
31.125 78.125 -0.52873
31.125 78.375 -0.41951
31.125 78.625 -0.60049
31.125 78.875 1.1683
31.125 79.125 1.4314
31.375 74.875 -1.141
31.375 75.125 -0.74499
31.375 75.375 -1.1297
31.375 75.625 -0.68376
31.375 75.875 -0.26645
31.375 76.125 -0.71661
31.375 76.375 -0.39689
31.375 76.625 -0.23493
31.375 76.875 0.49492
31.375 77.125 1.3363
31.375 77.375 1.7377
31.375 77.625 3.6076
31.375 77.875 0.57752
31.375 78.125 0.14031
31.375 78.375 -0.42337
31.375 78.625 -0.30061
31.625 74.875 -0.55457
31.625 75.125 -0.094478
31.625 75.375 -0.19907
31.625 75.625 -0.18848
31.625 75.875 0.80827
31.625 76.125 0.10666
31.625 76.375 -1.1303
31.625 76.625 0.81586
31.625 76.875 -0.34275
31.625 77.125 -0.15231
31.625 77.375 3.1471
31.625 77.625 2.7454
31.625 77.875 1.4847
31.625 78.125 -0.17358
31.625 78.375 -0.18569
31.625 78.625 0.38509
31.875 74.875 0.2512
31.875 75.125 0.20726
31.875 75.375 -1.0978
31.875 75.625 -0.2344
31.875 75.875 0.13948
31.875 76.125 0.14271
31.875 76.375 0.27074
31.875 76.625 0.57618
31.875 76.875 -0.27388
31.875 77.125 -0.1453
31.875 77.375 0.69518
31.875 77.625 1.146
31.875 77.875 0.74307
31.875 78.125 0.21087
31.875 78.375 -0.145
31.875 78.625 -0.32036
32.125 75.375 0.79976
32.125 75.625 0.68537
32.125 75.875 -0.7109
32.125 76.125 -0.30523
32.125 76.375 -0.03242
32.125 76.625 -0.13538
32.125 76.875 -0.5098
32.125 77.125 0.3356
32.125 77.375 -0.46035
32.125 77.625 -0.75605
32.125 77.875 -0.039411
32.125 78.125 -0.29986
32.125 78.375 -0.38621
32.375 75.375 0.61549
32.375 75.625 0.5677
32.375 75.875 -0.49095
32.375 76.125 -0.576
32.375 76.375 -0.56281
32.375 76.625 -0.69888
32.375 76.875 -0.66202
32.375 77.125 -0.1246
32.375 77.375 -0.40986
32.375 77.625 -0.75864
32.375 77.875 -0.86062
32.375 78.125 -0.54149
32.375 78.375 -0.51288
32.625 74.875 0.2813
32.625 75.125 0.10397
32.625 75.375 0.098221
32.625 75.625 0.7906
32.625 75.875 -0.11419
32.625 76.125 -0.16699
32.625 76.375 -0.29888
32.625 76.625 -0.90883
32.625 76.875 -0.64758
32.625 77.125 -0.27034
32.625 77.375 -1.0791
32.625 77.625 -0.46658
32.625 77.875 -0.49891
32.625 78.125 -1.0482
32.625 78.375 -0.54569
32.625 78.625 -0.63765
32.625 78.875 -0.63929
32.625 79.125 -0.61203
32.625 79.375 -0.49129
32.875 74.375 0.42538
32.875 74.625 0.40577
32.875 74.875 0.96617
32.875 75.125 -0.13636
32.875 75.375 -0.34369
32.875 75.625 -0.49763
32.875 75.875 -0.39924
32.875 76.125 -0.39625
32.875 76.375 -0.37073
32.875 76.625 -0.45496
32.875 76.875 -0.55326
32.875 77.125 -0.68773
32.875 77.375 -0.6182
32.875 77.625 -0.65323
32.875 77.875 -0.68654
32.875 78.125 -0.33393
32.875 78.375 -0.64491
32.875 78.625 -0.68492
32.875 78.875 -0.65864
32.875 79.125 -0.59724
32.875 79.375 -0.66153
33.125 73.875 0.55667
33.125 74.125 0.054017
33.125 74.375 0.48607
33.125 74.625 0.44556
33.125 74.875 0.25949
33.125 75.125 -0.28894
33.125 75.375 -0.52661
33.125 75.625 -0.70922
33.125 75.875 -0.5802
33.125 76.125 -0.44676
33.125 76.375 -0.72733
33.125 76.625 -0.66321
33.125 76.875 -0.74401
33.125 77.125 -0.93537
33.125 77.375 -0.65387
33.125 77.625 -0.56832
33.125 77.875 -0.57798
33.125 78.125 -0.51617
33.125 78.375 -0.6024
33.125 78.625 -0.62612
33.125 78.875 -0.68958
33.125 79.125 -0.75775
33.375 73.875 0.59666
33.375 74.125 0.36668
33.375 74.375 -0.2172
33.375 74.625 -0.48627
33.375 74.875 -0.53278
33.375 75.125 -0.48109
33.375 75.375 -0.033035
33.375 75.625 -0.55793
33.375 75.875 -0.57209
33.375 76.125 -0.51592
33.375 76.375 -0.51243
33.375 76.625 -0.64742
33.375 76.875 -0.73661
33.375 77.125 -0.62196
33.375 77.375 -0.6029
33.375 77.625 -0.59017
33.375 77.875 -0.60576
33.375 78.125 -0.61044
33.375 78.375 -0.60394
33.375 78.625 -0.66079
33.375 78.875 -0.74115
33.625 73.875 1.2955
33.625 74.125 0.58101
33.625 74.375 -0.63235
33.625 74.625 -0.78333
33.625 74.875 -0.40564
33.625 75.125 -0.3376
33.625 75.375 -0.33895
33.625 75.625 -0.27928
33.625 75.875 -0.67431
33.625 76.125 -0.61203
33.625 76.375 -0.6069
33.625 76.625 -0.67089
33.625 76.875 -0.44924
33.625 77.125 -0.54706
33.625 77.375 -0.52572
33.625 77.625 -0.53647
33.625 77.875 -0.56295
33.625 78.125 -0.5944
33.625 78.375 -0.64714
33.625 78.625 -0.51817
33.625 78.875 -0.69233
33.875 73.875 0.26971
33.875 74.125 -0.31587
33.875 74.375 -0.08423
33.875 74.625 0.074044
33.875 74.875 -0.013062
33.875 75.125 0.53414
33.875 75.375 -0.053094
33.875 75.625 -0.89882
33.875 75.875 -0.94168
33.875 76.125 -0.89593
33.875 76.375 -0.63876
33.875 76.625 -0.60959
33.875 76.875 -0.60075
33.875 77.125 -0.71169
33.875 77.375 -0.55222
33.875 77.625 -0.4957
33.875 77.875 -0.53763
33.875 78.125 -0.58786
33.875 78.375 -0.61564
33.875 78.625 -0.58834
33.875 78.875 -0.6125
34.125 73.625 -0.58267
34.125 73.875 -0.45857
34.125 74.125 -0.11801
34.125 74.375 -0.36564
34.125 74.625 -0.24512
34.125 74.875 -0.53289
34.125 75.125 0.15312
34.125 75.375 -0.80622
34.125 75.625 -1.4366
34.125 75.875 -1.2135
34.125 76.125 -1.1196
34.125 76.375 -0.69457
34.125 76.625 -0.6217
34.125 76.875 -0.57346
34.125 77.125 -0.55328
34.125 77.375 -0.54062
34.125 77.625 -0.51799
34.125 77.875 -0.54767
34.125 78.125 -0.54494
34.125 78.375 -0.56513
34.125 78.625 -0.57288
34.125 78.875 -0.6005
34.125 79.125 -0.56253
34.125 79.375 -0.5648
34.375 73.625 -0.73361
34.375 73.875 -0.52712
34.375 74.125 -0.73464
34.375 74.375 -0.5684
34.375 74.625 -0.39575
34.375 74.875 -0.59817
34.375 75.125 -0.63778
34.375 75.375 -1.2724
34.375 75.625 -1.6346
34.375 75.875 -1.5423
34.375 76.125 -1
34.375 76.375 -0.72387
34.375 76.625 -0.70961
34.375 76.875 -0.70198
34.375 77.125 -0.63889
34.375 77.375 -0.63247
34.375 77.625 -0.53732
34.375 77.875 -0.60251
34.375 78.125 -0.52591
34.375 78.375 -0.60233
34.375 78.625 -0.60223
34.375 78.875 -0.54162
34.375 79.125 -0.57065
34.375 79.375 -0.59137
34.625 73.875 -0.6009
34.625 74.125 -0.59737
34.625 74.375 -0.67246
34.625 74.625 -0.38789
34.625 74.875 -0.72754
34.625 75.125 -0.53367
34.625 75.375 -1.3022
34.625 75.625 -1.172
34.625 75.875 -1.1012
34.625 76.125 -0.94068
34.625 76.375 -0.73652
34.625 76.625 -0.60172
34.625 76.875 -0.69058
34.625 77.125 -0.64848
34.625 77.375 -0.59098
34.625 77.625 -0.51041
34.625 77.875 -0.77082
34.625 78.125 -0.58979
34.625 78.375 -0.56738
34.625 78.625 -0.55452
34.625 78.875 -0.55163
34.625 79.125 -0.53858
34.625 79.375 -0.56061
34.625 79.625 -0.61833
34.875 74.125 -0.6997
34.875 74.375 -0.55251
34.875 74.625 -0.3643
34.875 74.875 -0.35469
34.875 75.125 -0.97864
34.875 75.375 -1.3033
34.875 75.625 -1.2756
34.875 75.875 -1.0799
34.875 76.125 -0.78083
34.875 76.375 -0.71856
34.875 76.625 -0.73743
34.875 76.875 -0.68865
34.875 77.125 -0.63898
34.875 77.375 -0.67773
34.875 77.625 -0.67754
34.875 77.875 -0.66131
34.875 78.125 -0.56566
34.875 78.375 -0.58626
34.875 78.625 -0.58252
34.875 78.875 -0.5178
34.875 79.125 -0.53006
34.875 79.375 -0.57175
34.875 79.625 -0.57193
34.875 79.875 -0.61968
35.125 74.375 -1.0752
35.125 74.625 -1.0986
35.125 74.875 -0.86811
35.125 75.125 -1.1978
35.125 75.375 -1.5759
35.125 75.625 -1.1596
35.125 75.875 -0.96735
35.125 76.125 -0.71049
35.125 76.375 -0.7333
35.125 76.625 -0.71391
35.125 76.875 -0.74206
35.125 77.125 -0.75833
35.125 77.375 -0.63711
35.125 77.625 -0.64177
35.125 77.875 -0.67646
35.125 78.125 -0.61519
35.125 78.375 -0.62838
35.125 78.625 -0.53957
35.125 78.875 -0.54128
35.125 79.125 -0.52643
35.125 79.375 -0.54608
35.125 79.625 -0.55251
35.125 79.875 -0.57361
35.375 73.875 -0.7128
35.375 74.125 -0.83236
35.375 74.375 -0.70693
35.375 74.625 -0.81493
35.375 74.875 -0.47202
35.375 75.125 -1.1544
35.375 75.375 -1.2231
35.375 75.625 -1.1615
35.375 75.875 -1.1098
35.375 76.125 -0.81266
35.375 76.375 -0.80697
35.375 76.625 -0.79771
35.375 76.875 -0.66489
35.375 77.125 -0.76999
35.375 77.375 -0.77354
35.375 77.625 -0.69055
35.375 77.875 -0.6248
35.375 78.125 -0.60977
35.375 78.375 -0.60732
35.375 78.625 -0.53311
35.375 78.875 -0.52303
35.375 79.125 -0.52796
35.375 79.375 -0.55619
35.375 79.625 -0.56693
35.375 79.875 -0.54283
35.375 80.125 -0.52352
35.625 73.375 -0.66499
35.625 73.625 -0.72827
35.625 73.875 -0.85022
35.625 74.125 -0.86566
35.625 74.375 -0.7269
35.625 74.625 -0.56241
35.625 74.875 0.45872
35.625 75.125 -0.93112
35.625 75.375 -0.94456
35.625 75.625 -1.0955
35.625 75.875 -1.0188
35.625 76.125 -0.99524
35.625 76.375 -1.0424
35.625 76.625 -0.73668
35.625 76.875 -0.75185
35.625 77.125 -0.96926
35.625 78.375 -0.56239
35.625 78.625 -0.50187
35.625 78.875 -0.51892
35.625 79.125 -0.50426
35.625 79.375 -0.52621
35.625 79.625 -0.54865
35.625 79.875 -0.73302
35.625 80.125 -0.75201
35.875 73.125 -0.67084
35.875 73.375 -1.2545
35.875 73.625 -1.1845
35.875 73.875 -1.7342
35.875 74.125 -1.0067
35.875 74.375 -0.78268
35.875 74.625 -0.56628
35.875 74.875 -0.38172
35.875 75.125 -1.1605
35.875 75.375 -1.1242
35.875 75.625 -0.92007
35.875 75.875 -1.1593
35.875 76.125 -0.85832
35.875 76.375 -1.2372
35.875 76.625 -1.2179
35.875 79.375 -0.50025
36.125 72.625 -0.43761
36.125 72.875 -0.46757
36.125 73.125 -0.64062
36.125 73.375 -0.62226
36.125 73.625 -0.61145
36.125 73.875 -0.79176
36.125 74.125 -0.96201
36.125 74.375 -0.88824
36.125 74.625 -1.4249
36.125 74.875 -1.44
36.125 75.125 -0.91159
36.125 75.375 -0.9016
36.125 75.625 -0.88624
36.125 75.875 -1.4594
36.125 76.125 -1.494
36.125 76.375 -0.9397
36.125 76.625 -0.85365
36.375 73.125 -0.39599
36.375 73.375 -0.55153
36.375 73.625 -0.53626
36.375 73.875 -0.49873
36.375 74.125 -1.0316
36.375 74.375 -1.0619
36.375 74.625 -0.59534
36.375 74.875 -0.8206
36.375 75.125 -1.6029
36.375 75.375 -0.92922
36.375 75.625 -0.75862
36.375 75.875 -1.1873
36.375 76.125 -1.0912
36.625 73.375 -0.46778
36.625 73.625 -0.43623
36.625 73.875 -0.86318
36.625 74.125 -0.83378
36.625 74.375 -1.1857
36.625 74.625 -0.82934
36.625 74.875 -1.1821
36.625 75.125 -0.94554
36.625 75.375 -1.2211
36.625 75.625 -1.1084
36.875 73.875 -0.051238
36.875 74.375 -0.21911
36.875 74.625 -1.0186
36.875 74.875 -0.97151
36.875 75.125 -1.3049
36.875 75.375 -0.32577
