8.125 77.375 -0.050081
8.375 77.125 -0.52918
8.375 77.375 -0.10584
8.375 77.625 0.10654
8.375 77.875 -0.12028
8.625 76.875 -0.51121
8.625 77.125 -0.31962
8.625 77.375 0.0445
8.625 77.625 -0.19919
8.625 77.875 -0.21761
8.875 76.875 -0.85077
8.875 77.125 -0.34469
8.875 77.375 -0.31076
8.875 77.625 -0.51874
8.875 77.875 -0.67058
9.125 76.625 -1.0107
9.125 76.875 -0.54742
9.125 77.125 -0.32694
9.125 77.375 -0.41343
9.125 77.625 -0.65171
9.125 77.875 -0.6741
9.125 78.125 -0.40628
9.125 78.375 -0.70435
9.375 76.625 -1.0775
9.375 76.875 -0.56707
9.375 77.125 -0.27045
9.375 77.375 -0.44516
9.375 77.625 -0.56597
9.375 77.875 -0.71564
9.375 78.125 -0.63728
9.375 78.375 -0.75417
9.375 78.625 -0.71344
9.375 78.875 -0.70198
9.625 76.375 -1.1371
9.625 76.625 -0.99772
9.625 76.875 -0.079198
9.625 77.125 -0.24785
9.625 77.375 -0.57491
9.625 77.625 -0.8541
9.625 77.875 -0.63272
9.625 78.125 -0.646
9.625 78.375 -0.76103
9.625 78.625 -0.73194
9.875 76.625 -0.88364
9.875 76.875 -0.12315
9.875 77.125 0.054305
9.875 77.375 -0.32092
9.875 77.625 -0.71528
9.875 77.875 -0.79331
9.875 78.125 -0.98489
9.875 78.375 -0.87512
9.875 78.625 -0.9205
9.875 78.875 -1.0487
10.125 76.375 -1.1854
10.125 76.625 -0.72728
10.125 76.875 0.76945
10.125 77.125 -0.33182
10.125 77.375 -0.59442
10.125 77.625 -0.0063863
10.125 77.875 -0.638
10.125 78.125 -0.78964
10.125 78.375 -0.64556
10.125 78.625 -1.1921
10.125 78.875 -0.94192
10.125 79.125 -0.87399
10.375 76.375 -0.98078
10.375 76.625 -0.82413
10.375 76.875 -0.033869
10.375 77.125 0.11878
10.375 77.375 -0.2469
10.375 77.625 0.39316
10.375 77.875 -0.40225
10.375 78.125 -0.62362
10.375 78.375 -0.77609
10.375 78.625 -0.82209
10.375 78.875 -0.79942
10.375 79.125 -1.1037
10.375 79.375 -1.0768
10.375 79.625 -1.1073
10.625 76.125 -0.99481
10.625 76.375 -0.55133
10.625 76.625 -0.91827
10.625 76.875 -0.30209
10.625 77.125 -0.42001
10.625 77.375 -0.28351
10.625 77.625 -0.32505
10.625 77.875 -0.44515
10.625 78.125 -0.72161
10.625 78.375 -0.86692
10.625 78.625 -1.0056
10.625 78.875 -0.98574
10.625 79.125 -0.80755
10.625 79.375 -0.99871
10.625 79.625 -0.81038
10.875 76.125 -0.80023
10.875 76.375 0.077491
10.875 76.625 0.17847
10.875 76.875 -0.40401
10.875 77.125 -0.5377
10.875 77.375 -0.65452
10.875 77.625 -0.50773
10.875 77.875 -0.39203
10.875 78.125 -0.82142
10.875 78.375 -0.73676
10.875 78.625 -0.62341
10.875 78.875 -0.84233
10.875 79.125 -1.1315
10.875 79.375 -1.1567
10.875 79.625 -0.77684
11.125 76.125 -0.91952
11.125 76.375 0.096786
11.125 76.625 3.8115
11.125 76.875 -0.80168
11.125 77.125 -0.7274
11.125 77.375 -0.82631
11.125 77.625 -1.1165
11.125 77.875 -0.96428
11.125 78.125 -1.0658
11.125 78.375 -0.82919
11.125 78.625 -0.82725
11.125 78.875 -0.80985
11.125 79.125 -1.0078
11.125 79.375 -0.9404
11.125 79.625 -0.81824
11.375 75.875 -0.74445
11.375 76.125 -0.40849
11.375 76.375 1.517
11.375 76.625 0.74269
11.375 76.875 0.96715
11.375 77.125 -0.50516
11.375 77.375 -0.93507
11.375 77.625 -1.3209
11.375 77.875 -0.66359
11.375 78.125 -0.68971
11.375 78.375 -0.75849
11.375 78.625 -0.84776
11.375 78.875 -0.84243
11.375 79.125 -0.63894
11.375 79.375 -0.60763
11.375 79.625 -0.72656
11.625 75.875 -0.24781
11.625 76.125 0.21229
11.625 76.375 0.17889
11.625 76.625 2.0225
11.625 76.875 -0.11485
11.625 77.125 -0.55755
11.625 77.375 -0.75792
11.625 77.625 -0.97622
11.625 77.875 -1.2094
11.625 78.125 -0.60828
11.625 78.375 -0.58737
11.625 78.625 -0.65742
11.625 78.875 -0.77967
11.625 79.125 -0.62319
11.625 79.375 -0.80545
11.625 79.625 -0.76685
11.875 75.625 -0.014053
11.875 75.875 -0.17831
11.875 76.125 -0.31923
11.875 76.375 -0.40616
11.875 76.625 -0.18073
11.875 76.875 -0.73773
11.875 77.125 -0.15658
11.875 77.375 -0.75685
11.875 77.625 -0.84946
11.875 77.875 -1.1179
11.875 78.125 -0.89745
11.875 78.375 -0.58127
11.875 78.625 -0.76782
11.875 78.875 -1.0816
11.875 79.125 -0.54006
11.875 79.375 -0.67031
11.875 79.625 -0.66539
12.125 75.375 -1.2301
12.125 75.625 -0.7694
12.125 75.875 0.32673
12.125 76.125 -0.93472
12.125 76.375 -0.65004
12.125 76.625 -0.62652
12.125 76.875 -0.68816
12.125 77.125 -0.32976
12.125 77.375 -0.6887
12.125 77.625 -0.83191
12.125 77.875 -0.56806
12.125 78.125 -1.0627
12.125 78.375 -0.46824
12.125 78.625 -0.75399
12.125 78.875 -0.94862
12.125 79.125 -0.48626
12.125 79.375 -0.7366
12.125 79.625 -0.72027
12.375 75.125 -1.3188
12.375 75.375 -1.0578
12.375 75.625 -0.20968
12.375 75.875 -0.054753
12.375 76.125 -0.69779
12.375 76.375 -0.66734
12.375 76.625 -0.17166
12.375 76.875 -0.70249
12.375 77.125 -0.70433
12.375 77.375 -0.65969
12.375 77.625 -0.49609
12.375 77.875 -1.121
12.375 78.125 -0.62504
12.375 78.375 -0.53449
12.375 78.625 -0.74173
12.375 78.875 -0.95659
12.375 79.125 -0.72286
12.375 79.375 -0.85126
12.375 79.625 -0.65909
12.375 79.875 -0.73486
12.625 75.125 -1.4214
12.625 75.375 -1.0778
12.625 75.625 -0.89305
12.625 75.875 -0.85239
12.625 76.125 -0.73662
12.625 76.375 -0.26678
12.625 76.625 -0.23539
12.625 76.875 -0.6209
12.625 77.125 -0.69499
12.625 77.375 -0.66745
12.625 77.625 -0.53153
12.625 77.875 -0.60849
12.625 78.125 -0.57019
12.625 78.375 -0.51818
12.625 78.625 -0.62475
12.625 78.875 -0.81206
12.625 79.125 -0.95487
12.625 79.375 -0.90387
12.625 79.625 -0.6609
12.625 79.875 -0.62023
12.875 75.125 -1.1713
12.875 75.375 -0.80028
12.875 75.625 -1.4101
12.875 75.875 -0.66876
12.875 76.125 -0.9211
12.875 76.375 0.059885
12.875 76.625 -0.49202
12.875 76.875 -0.65549
12.875 77.125 -0.81862
12.875 77.375 -0.51564
12.875 77.625 -0.73319
12.875 77.875 -0.61116
12.875 78.125 -0.49792
12.875 78.375 -0.63873
12.875 78.625 -0.65199
12.875 78.875 -0.84319
12.875 79.125 -0.86644
12.875 79.375 -0.70613
12.875 79.625 -0.62841
12.875 79.875 -0.72531
13.125 74.875 -0.77967
13.125 75.125 -1.2026
13.125 75.375 -0.8526
13.125 75.625 -0.59957
13.125 75.875 -1.1074
13.125 76.125 -0.54794
13.125 76.375 -0.31848
13.125 76.625 -0.31982
13.125 76.875 -0.8246
13.125 77.125 -0.65292
13.125 77.375 -0.87943
13.125 77.625 -0.67435
13.125 77.875 -0.66441
13.125 78.125 -0.46671
13.125 78.375 -0.59638
13.125 78.625 -0.65011
13.125 78.875 -0.61663
13.125 79.125 -0.67799
13.125 79.375 -0.82946
13.125 79.625 -0.71059
13.125 79.875 -0.76437
13.125 80.125 -0.81592
13.375 74.875 -0.90606
13.375 75.125 -0.66656
13.375 75.375 -0.54602
13.375 75.625 -0.62957
13.375 75.875 -0.55863
13.375 76.125 -0.23996
13.375 76.375 -0.42964
13.375 76.625 -0.58141
13.375 76.875 -0.65526
13.375 77.125 -0.12521
13.375 77.375 -0.80016
13.375 77.625 -0.58104
13.375 77.875 -0.42773
13.375 78.125 -0.52012
13.375 78.375 -0.50274
13.375 78.625 -0.55355
13.375 78.875 -0.82437
13.375 79.125 -0.96257
13.375 79.375 -1.1843
13.375 79.625 -0.86159
13.375 79.875 -0.77557
13.375 80.125 -0.72213
13.625 74.875 -0.86824
13.625 75.125 -0.3354
13.625 75.375 -0.68186
13.625 75.625 -0.6321
13.625 75.875 -0.58097
13.625 76.125 -0.63192
13.625 76.375 -0.69459
13.625 76.625 -0.74368
13.625 76.875 -0.69891
13.625 77.125 -0.66415
13.625 77.375 -0.7868
13.625 77.625 -0.53397
13.625 77.875 -0.61783
13.625 78.125 -0.82644
13.625 78.375 -0.88203
13.625 78.625 -0.75665
13.625 78.875 -0.85299
13.625 79.125 -0.70409
13.625 79.375 -0.61377
13.625 79.625 -0.8499
13.625 79.875 -0.82465
13.625 80.125 -0.81319
13.875 74.875 -0.3217
13.875 75.125 -0.39102
13.875 75.375 -0.59922
13.875 75.625 -0.8016
13.875 75.875 -0.50798
13.875 76.125 -0.93076
13.875 76.375 -0.67076
13.875 76.625 -0.39178
13.875 76.875 -0.7357
13.875 77.125 -0.76188
13.875 77.375 -0.71763
13.875 77.625 -0.70006
13.875 77.875 -0.76671
13.875 78.125 -0.63655
13.875 78.375 -0.5048
13.875 78.625 -0.63127
13.875 78.875 -0.63457
13.875 79.125 -0.70869
13.875 79.375 -0.7634
13.875 79.625 -0.73374
13.875 79.875 -0.73128
14.125 74.625 -1.0734
14.125 74.875 -0.63169
14.125 75.125 -0.5484
14.125 75.375 -0.87611
14.125 75.625 -1.0946
14.125 75.875 -0.76058
14.125 76.125 -0.52445
14.125 76.375 -0.51154
14.125 76.625 -0.50096
14.125 76.875 -0.44056
14.125 77.125 -0.5637
14.125 77.375 -0.62086
14.125 77.625 -0.65685
14.125 77.875 -0.64867
14.125 78.125 -0.47542
14.125 78.375 -0.6051
14.125 78.625 -0.6602
14.125 78.875 -0.6341
14.125 79.125 -0.71749
14.125 79.375 -0.73227
14.125 79.625 -0.69569
14.125 79.875 -0.68365
14.375 74.625 -0.94831
14.375 74.875 -0.52417
14.375 75.125 -1.0403
14.375 75.375 -0.88836
14.375 75.625 -0.62211
14.375 75.875 -0.61513
14.375 76.125 -0.29136
14.375 76.375 -0.14957
14.375 76.625 -0.48468
14.375 76.875 -0.55821
14.375 77.125 -0.47416
14.375 77.375 -0.70914
14.375 77.625 -0.65186
14.375 77.875 -0.60108
14.375 78.125 -0.53742
14.375 78.375 -0.6265
14.375 78.625 -0.71776
14.375 78.875 -0.73426
14.375 79.125 -0.74018
14.375 79.375 -0.77625
14.375 79.625 -0.72948
14.375 79.875 -0.64374
14.625 74.375 -0.9741
14.625 74.625 -1.4912
14.625 74.875 -0.9463
14.625 75.125 -0.57422
14.625 75.375 -0.552
14.625 75.625 -0.76497
14.625 75.875 -0.48799
14.625 76.125 -0.43863
14.625 76.375 -0.49554
14.625 76.625 -0.4644
14.625 76.875 -0.36952
14.625 77.125 -0.3709
14.625 77.375 -0.69605
14.625 77.625 -0.60233
14.625 77.875 -0.51868
14.625 78.125 -0.6899
14.625 78.375 -0.65777
14.625 78.625 -0.67982
14.625 78.875 -0.59224
14.625 79.125 -0.64756
14.625 79.375 -0.78757
14.625 79.625 -0.85962
14.625 79.875 -0.82295
14.875 74.375 -1.3114
14.875 74.625 -1.4211
14.875 74.875 -1.095
14.875 75.125 -0.60923
14.875 75.375 -0.549
14.875 75.625 -0.75596
14.875 75.875 -0.62727
14.875 76.125 -0.76776
14.875 76.375 -0.8102
14.875 76.625 -0.62174
14.875 76.875 -0.35097
14.875 77.125 -0.51971
14.875 77.375 -0.53189
14.875 77.625 -0.61227
14.875 77.875 -0.63162
14.875 78.125 -0.67551
14.875 78.375 -0.72105
14.875 78.625 -0.64025
14.875 78.875 -0.51057
14.875 79.125 -0.574
14.875 79.375 -0.71425
14.875 79.625 -0.84903
14.875 79.875 -0.8595
15.125 74.125 -1.2862
15.125 74.375 -0.90807
15.125 74.625 -0.52544
15.125 74.875 -0.79564
15.125 75.125 -0.8548
15.125 75.375 -0.67883
15.125 75.625 -0.30591
15.125 75.875 -0.48347
15.125 76.125 -0.77867
15.125 76.375 -0.5911
15.125 76.625 -0.55012
15.125 76.875 -0.64478
15.125 77.125 -0.66319
15.125 77.375 -0.54145
15.125 77.625 -0.54837
15.125 77.875 -0.58154
15.125 78.125 -0.62777
15.125 78.375 -0.63757
15.125 78.625 -0.60255
15.125 78.875 -0.48177
15.125 79.125 -0.65713
15.125 79.375 -0.87586
15.125 79.625 -0.85877
15.125 79.875 -0.90833
15.375 73.875 -1.3259
15.375 74.125 -1.2739
15.375 74.375 -0.80706
15.375 74.625 -1.0463
15.375 74.875 -0.6098
15.375 75.125 -0.7365
15.375 75.375 -0.43961
15.375 75.625 -0.42998
15.375 75.875 -0.60133
15.375 76.125 -0.62409
15.375 76.375 -0.57316
15.375 76.625 -0.54891
15.375 76.875 -0.67045
15.375 77.125 -0.74002
15.375 77.375 -0.65422
15.375 77.625 -0.61666
15.375 77.875 -0.7286
15.375 78.125 -0.70512
15.375 78.375 -0.61031
15.375 78.625 -0.59988
15.375 78.875 -0.70242
15.375 79.125 -0.75725
15.375 79.375 -0.89431
15.375 79.625 -0.88754
15.375 79.875 -0.92459
15.625 73.875 -1.1759
15.625 74.125 -1.4209
15.625 74.375 -1.4732
15.625 74.625 -0.75451
15.625 74.875 -0.64113
15.625 75.125 -0.63652
15.625 75.375 -0.59303
15.625 75.625 -0.68854
15.625 75.875 -0.49313
15.625 76.125 -0.73478
15.625 76.375 -0.54837
15.625 76.625 -0.57439
15.625 76.875 -0.68364
15.625 77.125 -0.64028
15.625 77.375 -0.64052
15.625 77.625 -0.63469
15.625 77.875 -0.80022
15.625 78.125 -0.67043
15.625 78.375 -0.69129
15.625 78.625 -0.77423
15.625 78.875 -0.61118
15.625 79.125 -0.83347
15.625 79.375 -0.88825
15.625 79.625 -0.83154
15.625 79.875 -0.99883
15.625 80.125 -0.84355
15.875 73.875 -0.23922
15.875 74.125 -0.47346
15.875 74.375 -0.69973
15.875 74.625 -0.57427
15.875 74.875 -0.59697
15.875 75.125 -0.63897
15.875 75.375 -0.57493
15.875 75.625 -0.58994
15.875 75.875 -0.49117
15.875 76.125 -0.67811
15.875 76.375 -0.56009
15.875 76.625 -0.48179
15.875 76.875 -0.34607
15.875 77.125 -0.66909
15.875 77.375 -0.70105
15.875 77.625 -0.77436
15.875 77.875 -0.79705
15.875 78.125 -0.86909
15.875 78.375 -0.76013
15.875 78.625 -0.64824
15.875 78.875 -0.54016
15.875 79.125 -0.75405
15.875 79.375 -0.81407
15.875 79.625 -1.0344
15.875 79.875 -1.0359
15.875 80.125 -0.99817
15.875 80.375 -0.77223
15.875 80.625 -0.89026
15.875 80.875 -0.75658
16.125 73.625 -1.0041
16.125 73.875 -0.35789
16.125 74.125 -0.61408
16.125 74.375 -0.76142
16.125 74.625 -0.39886
16.125 74.875 -0.53359
16.125 75.125 -0.7314
16.125 75.375 -0.71942
16.125 75.625 -0.55811
16.125 75.875 -0.70116
16.125 76.125 -0.58429
16.125 76.375 -0.62653
16.125 76.625 -0.46426
16.125 76.875 -0.52209
16.125 77.125 -0.71301
16.125 77.375 -0.59349
16.125 77.625 -0.66164
16.125 77.875 -0.68389
16.125 78.125 -0.67748
16.125 78.375 -0.69117
16.125 78.625 -0.67485
16.125 78.875 -0.7868
16.125 79.125 -0.84
16.125 79.375 -0.84563
16.125 79.625 -0.92871
16.125 79.875 -0.92508
16.125 80.125 -0.60221
16.125 80.375 -0.2677
16.125 80.625 -0.76656
16.125 80.875 -0.6553
16.375 73.625 -0.96097
16.375 73.875 -0.47163
16.375 74.125 -0.72324
16.375 74.375 -0.61853
16.375 74.625 -0.61523
16.375 74.875 -0.65483
16.375 75.125 -0.73526
16.375 75.375 -0.58821
16.375 75.625 -0.62718
16.375 75.875 -0.62897
16.375 76.125 -0.52055
16.375 76.375 -0.42978
16.375 76.625 -0.41564
16.375 76.875 -0.69232
16.375 77.125 -0.60733
16.375 77.375 -0.65841
16.375 77.625 -0.80521
16.375 77.875 -0.78771
16.375 78.125 -0.64522
16.375 78.375 -0.66261
16.375 78.625 -0.66612
16.375 78.875 -0.7232
16.375 79.125 -0.60933
16.375 79.375 -0.97994
16.375 79.625 -1.2738
16.375 79.875 -0.96364
16.375 80.125 -0.47148
16.375 80.375 -0.59064
16.375 80.625 -0.5401
16.375 80.875 -0.50175
16.375 81.125 -0.50131
16.375 81.375 -0.70347
16.375 81.625 -0.69959
16.625 73.625 -1.2341
16.625 73.875 -1.1027
16.625 74.125 -0.22784
16.625 74.375 -0.69864
16.625 74.625 -0.66052
16.625 74.875 -0.65125
16.625 75.125 -0.70621
16.625 75.375 -0.72999
16.625 75.625 -0.65162
16.625 75.875 -0.57089
16.625 76.125 -0.4928
16.625 76.375 -0.47294
16.625 76.625 -0.69901
16.625 76.875 -0.71428
16.625 77.125 -0.72768
16.625 77.375 -0.744
16.625 77.625 -0.94492
16.625 77.875 -0.80763
16.625 78.125 -0.64724
16.625 78.375 -0.73277
16.625 78.625 -0.70996
16.625 78.875 -0.83181
16.625 79.125 -1.0081
16.625 79.375 -0.94868
16.625 79.625 -0.84338
16.625 79.875 -0.90328
16.625 80.125 -0.64695
16.625 80.375 -0.41341
16.625 80.625 -0.7836
16.625 80.875 -0.58717
16.625 81.125 -1.046
16.625 81.375 -0.30759
16.625 81.625 -0.37442
16.625 81.875 -0.24916
16.625 82.125 -0.58028
16.875 73.375 -1.172
16.875 73.625 -1.3539
16.875 73.875 -1.3782
16.875 74.125 -1.2456
16.875 74.375 -0.67003
16.875 74.625 -0.77594
16.875 74.875 -0.58752
16.875 75.125 -0.56991
16.875 75.375 -0.50591
16.875 75.625 -0.51949
16.875 75.875 -0.56679
16.875 76.125 -0.71565
16.875 76.375 -0.68444
16.875 76.625 -0.88977
16.875 76.875 -0.86751
16.875 77.125 -0.75336
16.875 77.375 -0.63196
16.875 77.625 -0.78484
16.875 77.875 -0.78435
16.875 78.125 -0.87286
16.875 78.375 -0.86997
16.875 78.625 -0.83024
16.875 78.875 -0.87653
16.875 79.125 -1.2457
16.875 79.375 -1.1259
16.875 79.625 -0.90663
16.875 79.875 -0.63145
16.875 80.125 -0.51936
16.875 80.375 -0.74557
16.875 80.625 -0.80287
16.875 80.875 -0.82188
16.875 81.125 -0.75186
16.875 81.375 -0.80381
16.875 81.625 -0.35032
16.875 81.875 -0.59614
16.875 82.125 -0.58293
17.125 73.375 -1.2729
17.125 73.625 -1.1451
17.125 73.875 -0.83378
17.125 74.125 -0.88055
17.125 74.375 -0.71082
17.125 74.625 -0.61127
17.125 74.875 -0.51749
17.125 75.125 -0.63801
17.125 75.375 -0.54218
17.125 75.625 -0.57695
17.125 75.875 -0.57076
17.125 76.125 -0.8188
17.125 76.375 -0.75477
17.125 76.625 -0.82738
17.125 76.875 -0.83994
17.125 77.125 -0.74895
17.125 77.375 -0.85615
17.125 77.625 -0.88693
17.125 77.875 -0.8041
17.125 78.125 -0.56084
17.125 78.375 -0.59281
17.125 78.625 -0.93971
17.125 78.875 -0.73634
17.125 79.125 -0.58317
17.125 79.375 -0.84596
17.125 79.625 -0.9789
17.125 79.875 -0.93929
17.125 80.125 -0.28743
17.125 80.375 -0.48427
17.125 80.625 -0.70593
17.125 80.875 -0.74161
17.125 81.125 -0.71038
17.125 81.375 -0.3203
17.125 81.625 -0.55073
17.125 81.875 -0.82214
17.125 82.125 -0.63568
17.125 82.375 -0.77401
17.375 73.375 -1.3909
17.375 73.625 -1.3813
17.375 73.875 -0.92176
17.375 74.125 -0.90346
17.375 74.375 -0.83501
17.375 74.625 -0.67268
17.375 74.875 -0.54541
17.375 75.125 -0.6874
17.375 75.375 -0.66682
17.375 75.625 -0.70323
17.375 75.875 -0.66181
17.375 76.125 -0.66258
17.375 76.375 -0.75815
17.375 76.625 -0.80293
17.375 76.875 -0.6834
17.375 77.125 -0.69601
17.375 77.375 -0.82345
17.375 77.625 -0.8735
17.375 77.875 -0.66857
17.375 78.125 -0.83514
17.375 78.375 -0.95943
17.375 78.625 -1.0014
17.375 78.875 -0.48852
17.375 79.125 -0.41796
17.375 79.375 -0.42372
17.375 79.625 -1.0601
17.375 79.875 -0.6554
17.375 80.125 -0.19755
17.375 80.375 -0.31798
17.375 80.625 -0.19534
17.375 80.875 -0.40541
17.375 81.125 -0.2044
17.375 81.375 -0.35602
17.375 81.625 -0.72693
17.375 81.875 -0.627
17.375 82.125 -0.69053
17.375 82.375 -0.99475
17.375 82.625 -1.056
17.625 73.375 -1.2655
17.625 73.625 -1.4783
17.625 73.875 -0.91694
17.625 74.125 -1.0142
17.625 74.375 -0.90444
17.625 74.625 -0.61159
17.625 74.875 -0.70888
17.625 75.125 -0.76409
17.625 75.375 -0.763
17.625 75.625 -0.84918
17.625 75.875 -0.81541
17.625 76.125 -0.81867
17.625 76.375 -0.76557
17.625 76.625 -0.69159
17.625 76.875 -0.78531
17.625 77.125 -0.75774
17.625 77.375 -0.86442
17.625 77.625 -0.98725
17.625 77.875 -0.91662
17.625 78.125 -0.82968
17.625 78.375 -0.3956
17.625 78.625 -0.54321
17.625 78.875 -0.71016
17.625 79.125 -0.60999
17.625 79.375 -0.89458
17.625 79.625 -0.7754
17.625 79.875 -0.66945
17.625 80.125 -0.33665
17.625 80.375 -0.19128
17.625 80.625 -0.40122
17.625 80.875 0.12991
17.625 81.125 -0.49924
17.625 81.375 -0.6205
17.625 81.625 -0.5312
17.625 81.875 -1.2108
17.625 82.125 -0.7544
17.625 82.375 -0.82425
17.625 82.625 -0.96709
17.625 82.875 -0.76292
17.625 83.125 -0.73575
17.875 73.375 -1.1331
17.875 73.625 -1.0236
17.875 73.875 -0.77692
17.875 74.125 -0.97257
17.875 74.375 -0.87101
17.875 74.625 -0.55396
17.875 74.875 -0.61718
17.875 75.125 -0.88759
17.875 75.375 -0.94542
17.875 75.625 -0.91698
17.875 75.875 -0.91463
17.875 76.125 -0.92997
17.875 76.375 -0.9003
17.875 76.625 -0.8091
17.875 76.875 -0.78873
17.875 77.125 -0.72303
17.875 77.375 -0.73362
17.875 77.625 -0.52234
17.875 77.875 -0.54173
17.875 78.125 0.22183
17.875 78.375 0.12046
17.875 78.625 0.74645
17.875 78.875 -0.35916
17.875 79.125 -0.68826
17.875 79.375 -0.82887
17.875 79.625 -0.95979
17.875 79.875 -0.99634
17.875 80.125 -0.76373
17.875 80.375 -0.80309
17.875 80.625 -0.53682
17.875 80.875 0.0086533
17.875 81.125 0.18509
17.875 81.375 0.26588
17.875 81.625 -0.56248
17.875 81.875 -1.1945
17.875 82.125 -0.57873
17.875 82.375 -0.87365
17.875 82.625 -0.86632
17.875 82.875 -0.84353
17.875 83.125 -0.8446
17.875 83.375 -0.77475
18.125 73.125 -1.1741
18.125 73.375 -1.4384
18.125 73.625 -0.99697
18.125 73.875 -0.6547
18.125 74.125 -0.79891
18.125 74.375 -0.7069
18.125 74.625 -0.68792
18.125 74.875 -0.72888
18.125 75.125 -0.83641
18.125 75.375 -0.80969
18.125 75.625 -0.86187
18.125 75.875 -0.8663
18.125 76.125 -0.74189
18.125 76.375 -0.75262
18.125 76.625 -0.88292
18.125 76.875 -0.85051
18.125 77.125 -0.43123
18.125 77.375 -0.4067
18.125 77.625 -0.39973
18.125 77.875 -0.52928
18.125 78.125 -0.27548
18.125 78.375 -0.45095
18.125 78.625 -0.026236
18.125 78.875 -0.54773
18.125 79.125 -0.37761
18.125 79.375 -0.56072
18.125 79.625 -0.13406
18.125 79.875 -0.81347
18.125 80.125 -0.6358
18.125 80.375 -0.97765
18.125 80.625 -0.74572
18.125 80.875 0.43767
18.125 81.125 0.13419
18.125 81.375 0.43977
18.125 81.625 0.32456
18.125 81.875 0.27583
18.125 82.125 -0.91568
18.125 82.375 -0.5603
18.125 82.625 -0.47579
18.125 82.875 -0.90398
18.125 83.125 -0.76692
18.125 83.375 -0.67131
18.125 83.625 -0.58059
18.375 73.125 -1.2567
18.375 73.375 -1.2116
18.375 73.625 -0.76093
18.375 73.875 -0.71114
18.375 74.125 -0.88606
18.375 74.375 -0.76769
18.375 74.625 -1.0034
18.375 74.875 -1.0092
18.375 75.125 -0.98525
18.375 75.375 -0.81757
18.375 75.625 -0.90443
18.375 75.875 -0.78357
18.375 76.125 -0.65602
18.375 76.375 -0.75684
18.375 76.625 -0.88483
18.375 76.875 -0.77439
18.375 77.125 -0.71267
18.375 77.375 -0.64379
18.375 77.625 -0.56328
18.375 77.875 -0.48669
18.375 78.125 -0.37985
18.375 78.375 0.15104
18.375 78.625 -0.043599
18.375 78.875 -0.48628
18.375 79.125 0.16023
18.375 79.375 -0.28748
18.375 79.625 -0.39413
18.375 79.875 -0.36734
18.375 80.125 -0.2856
18.375 80.375 -0.14118
18.375 80.625 0.12275
18.375 80.875 -0.062993
18.375 81.125 0.21826
18.375 81.375 -0.20379
18.375 81.625 0.058123
18.375 81.875 0.58478
18.375 82.125 0.43456
18.375 82.375 0.11954
18.375 82.625 -0.40316
18.375 82.875 -1.1036
18.375 83.125 -0.82444
18.375 83.375 -0.75594
18.375 83.625 -0.76328
18.375 83.875 -0.58343
18.625 73.125 -0.88169
18.625 73.375 -0.88016
18.625 73.625 -0.74487
18.625 73.875 -0.76809
18.625 74.125 -0.74952
18.625 74.375 -0.87382
18.625 74.625 -0.91531
18.625 74.875 -0.72844
18.625 75.125 -0.90732
18.625 75.375 -0.98164
18.625 75.625 -0.8016
18.625 75.875 -0.83188
18.625 76.125 -0.76485
18.625 76.375 -0.69865
18.625 76.625 -0.63765
18.625 76.875 -0.65098
18.625 77.125 -0.70547
18.625 77.375 -0.61915
18.625 77.625 -0.45527
18.625 77.875 -0.47901
18.625 78.125 -0.66574
18.625 78.375 -0.011059
18.625 78.625 -0.53502
18.625 78.875 -0.22938
18.625 79.125 -0.49849
18.625 79.375 -0.42269
18.625 79.625 -0.77476
18.625 79.875 -0.084959
18.625 80.125 0.034675
18.625 80.375 -0.017529
18.625 80.625 -0.20166
18.625 80.875 -0.1009
18.625 81.125 -0.16467
18.625 81.375 0.33319
18.625 81.625 0.50891
18.625 81.875 0.50751
18.625 82.125 0.34947
18.625 82.375 0.64305
18.625 82.625 -0.94931
18.625 82.875 -1.2027
18.625 83.125 -0.81961
18.625 83.375 -1.0278
18.625 83.625 -0.91168
18.625 83.875 -0.81751
18.625 84.125 -0.85892
18.875 73.125 -1.0252
18.875 73.375 -1.2012
18.875 73.625 -0.86593
18.875 73.875 -0.77745
18.875 74.125 -1.0057
18.875 74.375 -1.0223
18.875 74.625 -0.51246
18.875 74.875 -0.75876
18.875 75.125 -0.79663
18.875 75.375 -0.87132
18.875 75.625 -1.0255
18.875 75.875 -1.1469
18.875 76.125 -0.9309
18.875 76.375 -0.76089
18.875 76.625 -0.72767
18.875 76.875 -0.72551
18.875 77.125 -0.89105
18.875 77.375 -0.84066
18.875 77.625 -0.58812
18.875 77.875 -0.56312
18.875 78.125 -0.66889
18.875 78.375 -0.96875
18.875 78.625 -0.091212
18.875 78.875 0.21292
18.875 79.125 -0.41175
18.875 79.375 -0.31169
18.875 79.625 -0.6466
18.875 79.875 -0.078224
18.875 80.125 0.24315
18.875 80.375 -0.17634
18.875 80.625 -0.15078
18.875 80.875 -0.20496
18.875 81.125 -0.21992
18.875 81.375 -0.45274
18.875 81.625 -0.1593
18.875 81.875 0.32313
18.875 82.125 0.29287
18.875 82.375 0.71317
18.875 82.625 -1.1308
18.875 82.875 -1.0017
18.875 83.125 -1.3636
18.875 83.375 -0.92631
18.875 83.625 -0.91071
18.875 83.875 -0.7925
18.875 84.125 -0.65535
18.875 84.375 -0.63757
19.125 73.125 -0.95502
19.125 73.375 -1.0096
19.125 73.625 -0.76177
19.125 73.875 -0.7767
19.125 74.125 -1.034
19.125 74.375 -0.752
19.125 74.625 -0.48294
19.125 74.875 -0.83777
19.125 75.125 -0.7539
19.125 75.375 -0.86726
19.125 75.625 -0.92156
19.125 75.875 -0.9446
19.125 76.125 -0.89945
19.125 76.375 -0.78929
19.125 76.625 -0.77289
19.125 76.875 -0.89649
19.125 77.125 -0.81879
19.125 77.375 -0.58663
19.125 77.625 -0.80077
19.125 77.875 -0.85081
19.125 78.125 -1.0165
19.125 78.375 -0.74877
19.125 78.625 -0.40846
19.125 78.875 0.027767
19.125 79.125 -0.28657
19.125 79.375 -0.72386
19.125 79.625 -0.39478
19.125 79.875 -0.38245
19.125 80.125 -0.099505
19.125 80.375 -0.3191
19.125 80.625 -0.5218
19.125 80.875 -0.10955
19.125 81.125 -0.23488
19.125 81.375 -0.3098
19.125 81.625 -0.71716
19.125 81.875 -0.6797
19.125 82.125 -0.45953
19.125 82.375 -0.49691
19.125 82.625 -0.69498
19.125 82.875 -1.2615
19.125 83.125 -0.97794
19.125 83.375 -1.2604
19.125 83.625 -0.95411
19.125 83.875 -0.92912
19.125 84.125 -0.85686
19.125 84.375 -0.6399
19.125 84.625 -0.41241
19.375 72.875 -1.1904
19.375 73.125 -1.2489
19.375 73.375 -1.0789
19.375 73.625 -0.35181
19.375 73.875 -0.74491
19.375 74.125 -0.74227
19.375 74.375 -0.71812
19.375 74.625 -0.48131
19.375 74.875 -0.37862
19.375 75.125 -0.68472
19.375 75.375 -0.716
19.375 75.625 -0.79908
19.375 75.875 -0.98237
19.375 76.125 -0.96767
19.375 76.375 -0.84142
19.375 76.625 -0.86844
19.375 76.875 -1.133
19.375 77.125 -1.1881
19.375 77.375 -1.109
19.375 77.625 -1.1164
19.375 77.875 -0.81624
19.375 78.125 -0.72508
19.375 78.375 -0.64711
19.375 78.625 -0.50796
19.375 78.875 -0.41972
19.375 79.125 -0.48902
19.375 79.375 -0.22325
19.375 79.625 -0.36023
19.375 79.875 -0.40895
19.375 80.125 -0.45334
19.375 80.375 -0.48983
19.375 80.625 -0.24919
19.375 80.875 -0.19207
19.375 81.125 -0.044515
19.375 81.375 -0.069625
19.375 81.625 -0.77221
19.375 81.875 -0.75001
19.375 82.125 -0.52631
19.375 82.375 0.17312
19.375 82.625 -0.86092
19.375 82.875 -1.0157
19.375 83.125 -0.70426
19.375 83.375 -0.88683
19.375 83.625 -1.0713
19.375 83.875 -0.97528
19.375 84.125 -0.75327
19.375 84.375 -0.82481
19.375 84.625 -0.76157
19.375 84.875 -0.57649
19.625 72.875 -0.93344
19.625 73.125 -1.1055
19.625 73.375 -1.0364
19.625 73.625 -0.75139
19.625 73.875 -0.75416
19.625 74.125 -0.64153
19.625 74.375 -0.65215
19.625 74.625 -0.55105
19.625 74.875 -0.55143
19.625 75.125 -0.70383
19.625 75.375 -0.91707
19.625 75.625 -0.99693
19.625 75.875 -1.015
19.625 76.125 -0.94494
19.625 76.375 -0.98983
19.625 76.625 -1.0039
19.625 76.875 -1.2091
19.625 77.125 -1.143
19.625 77.375 -1.0354
19.625 77.625 -0.91969
19.625 77.875 -0.88956
19.625 78.125 -0.84972
19.625 78.375 -0.93321
19.625 78.625 -0.41228
19.625 78.875 -0.59919
19.625 79.125 -0.87626
19.625 79.375 -1.1071
19.625 79.625 -0.76702
19.625 79.875 -0.65973
19.625 80.125 -0.36781
19.625 80.375 -0.34328
19.625 80.625 -0.16739
19.625 80.875 -0.21032
19.625 81.125 -0.079075
19.625 81.375 -0.71603
19.625 81.625 -0.74559
19.625 81.875 -0.25975
19.625 82.125 -0.47499
19.625 82.375 -0.39005
19.625 82.625 -0.17325
19.625 82.875 -0.59226
19.625 83.125 -0.21515
19.625 83.375 -0.8174
19.625 83.625 -0.83555
19.625 83.875 -0.86702
19.625 84.125 -0.737
19.625 84.375 -0.7114
19.625 84.625 -0.60599
19.625 84.875 -0.61248
19.625 85.125 -0.68335
19.625 85.375 -0.52108
19.875 72.875 -0.71269
19.875 73.125 -1.0595
19.875 73.375 -0.88214
19.875 73.625 -0.84754
19.875 73.875 -0.62207
19.875 74.125 -0.8287
19.875 74.375 -0.71271
19.875 74.625 -0.70249
19.875 74.875 -0.61971
19.875 75.125 -0.72552
19.875 75.375 -0.94854
19.875 75.625 -1.1058
19.875 75.875 -0.80257
19.875 76.125 -0.48067
19.875 76.375 -0.49364
19.875 76.625 -0.98201
19.875 76.875 -0.80637
19.875 77.125 -1.0808
19.875 77.375 -0.94892
19.875 77.625 -0.83195
19.875 77.875 -0.8544
19.875 78.125 -0.93991
19.875 78.375 -0.80715
19.875 78.625 -0.62235
19.875 78.875 -0.80764
19.875 79.125 -0.78462
19.875 79.375 -0.98049
19.875 79.625 -0.72197
19.875 79.875 -0.35729
19.875 80.125 -0.00027011
19.875 80.375 -0.31006
19.875 80.625 -0.21481
19.875 80.875 0.097708
19.875 81.125 0.052929
19.875 81.375 -0.70349
19.875 81.625 -0.56361
19.875 81.875 0.13363
19.875 82.125 -0.38086
19.875 82.375 0.20741
19.875 82.625 -0.43551
19.875 82.875 -0.43332
19.875 83.125 -0.86944
19.875 83.375 -1.1322
19.875 83.625 -0.68199
19.875 83.875 -0.67413
19.875 84.125 -0.71547
19.875 84.375 -0.73864
19.875 84.625 -0.50398
19.875 84.875 -0.4248
19.875 85.125 -0.438
19.875 85.375 -0.56171
19.875 85.625 -0.56882
19.875 85.875 -0.73753
19.875 86.125 -0.6784
20.125 72.875 -0.59975
20.125 73.125 -0.92287
20.125 73.375 -1.0873
20.125 73.625 0.031905
20.125 73.875 -0.59843
20.125 74.125 -0.10427
20.125 74.375 -0.66098
20.125 74.625 -0.61432
20.125 74.875 -0.65213
20.125 75.125 -0.89904
20.125 75.375 -0.85374
20.125 75.625 -0.81318
20.125 75.875 -0.85611
20.125 76.125 -0.63969
20.125 76.375 -0.55454
20.125 76.625 -1.0194
20.125 76.875 -0.97045
20.125 77.125 -0.90732
20.125 77.375 -0.80241
20.125 77.625 -0.79482
20.125 77.875 -0.83595
20.125 78.125 -0.96069
20.125 78.375 -0.9318
20.125 78.625 -0.78548
20.125 78.875 -0.8154
20.125 79.125 -0.98945
20.125 79.375 -1.1705
20.125 79.625 -0.41275
20.125 79.875 -0.21299
20.125 80.125 -0.1861
20.125 80.375 0.01223
20.125 80.625 -0.15511
20.125 80.875 -0.32958
20.125 81.125 -0.33366
20.125 81.375 -0.61831
20.125 81.625 -0.54096
20.125 81.875 -0.22278
20.125 82.125 -0.30252
20.125 82.375 -0.78116
20.125 82.625 -0.12842
20.125 82.875 -0.65299
20.125 83.125 -0.26474
20.125 83.375 -0.98572
20.125 83.625 -0.22773
20.125 83.875 -0.22497
20.125 84.125 -0.26385
20.125 84.375 -0.3386
20.125 84.625 -0.45251
20.125 84.875 -0.26351
20.125 85.125 -0.36992
20.125 85.375 -0.71449
20.125 85.625 -0.78729
20.125 85.875 -0.81549
20.125 86.125 -0.64703
20.125 86.375 -0.87348
20.375 73.125 -0.66769
20.375 73.375 -0.87529
20.375 73.625 -0.89884
20.375 73.875 -1.0458
20.375 74.125 -0.68191
20.375 74.375 -0.85669
20.375 74.625 -0.77636
20.375 74.875 -0.71508
20.375 75.125 -0.45046
20.375 75.375 -0.44998
20.375 75.625 -0.66211
20.375 75.875 -0.78666
20.375 76.125 -0.85467
20.375 76.375 -0.67557
20.375 76.625 -0.7932
20.375 76.875 -0.7603
20.375 77.125 -0.8137
20.375 77.375 -1.0008
20.375 77.625 -0.73453
20.375 77.875 -0.85317
20.375 78.125 -0.9369
20.375 78.375 -1.0407
20.375 78.625 -0.94779
20.375 78.875 -0.8385
20.375 79.125 -0.6023
20.375 79.375 -0.56372
20.375 79.625 -0.18742
20.375 79.875 -0.20315
20.375 80.125 -0.15471
20.375 80.375 -0.00042771
20.375 80.625 0.14062
20.375 80.875 -0.19817
20.375 81.125 -0.34365
20.375 81.375 -0.21023
20.375 81.625 -0.34247
20.375 81.875 -0.24795
20.375 82.125 -0.1957
20.375 82.375 -0.50252
20.375 82.625 -0.29112
20.375 82.875 -0.43608
20.375 83.125 0.061022
20.375 83.375 -0.47181
20.375 83.625 -0.69425
20.375 83.875 -0.90078
20.375 84.125 -0.12441
20.375 84.375 -0.47456
20.375 84.625 -0.43107
20.375 84.875 -0.30448
20.375 85.125 -0.35266
20.375 85.375 -0.70085
20.375 85.625 -0.6503
20.375 85.875 -0.74898
20.375 86.125 -0.60194
20.375 86.375 -0.53521
20.375 86.625 -0.40437
20.625 73.125 -0.8129
20.625 73.375 -0.64128
20.625 73.625 -0.40489
20.625 73.875 0.056225
20.625 74.125 -0.59182
20.625 74.375 -0.70169
20.625 74.625 -0.60276
20.625 74.875 -0.46754
20.625 75.125 -0.50297
20.625 75.375 -0.55747
20.625 75.625 -0.67114
20.625 75.875 -0.60936
20.625 76.125 -0.51787
20.625 76.375 -0.50729
20.625 76.625 -0.57428
20.625 76.875 -0.6402
20.625 77.125 -0.55367
20.625 77.375 -0.59318
20.625 77.625 -0.69335
20.625 77.875 -0.88209
20.625 78.125 -0.83262
20.625 78.375 -0.86626
20.625 78.625 -0.93125
20.625 78.875 -0.8321
20.625 79.125 -0.7987
20.625 79.375 -0.87661
20.625 79.625 -0.33847
20.625 79.875 -0.17381
20.625 80.125 -0.1117
20.625 80.375 0.09238
20.625 80.625 -0.30651
20.625 80.875 0.019813
20.625 81.125 -0.10616
20.625 81.375 -0.13545
20.625 81.625 -0.36406
20.625 81.875 -0.15587
20.625 82.125 -0.01809
20.625 82.375 -0.1441
20.625 82.625 0.054768
20.625 82.875 -0.0048886
20.625 83.125 0.1523
20.625 83.375 -0.39459
20.625 83.625 -0.43642
20.625 83.875 -0.6201
20.625 84.125 -0.42097
20.625 84.375 -0.33411
20.625 84.625 -0.58961
20.625 84.875 -0.48164
20.625 85.125 -0.50375
20.625 85.375 -0.57627
20.625 85.625 -0.76717
20.625 85.875 -0.72059
20.625 86.125 -0.69506
20.625 86.375 -0.64389
20.625 86.625 -0.58124
20.625 86.875 -0.4853
20.875 70.625 -0.084447
20.875 70.875 0.020461
20.875 71.125 -0.34802
20.875 71.375 0.53948
20.875 72.875 -0.55994
20.875 73.125 -0.60794
20.875 73.375 -0.61477
20.875 73.625 -0.40447
20.875 73.875 -0.33426
20.875 74.125 -0.52579
20.875 74.375 -0.48782
20.875 74.625 -0.5827
20.875 74.875 -0.60879
20.875 75.125 -0.65013
20.875 75.375 -0.74949
20.875 75.625 -0.73501
20.875 75.875 -0.72109
20.875 76.125 -0.49393
20.875 76.375 -0.71834
20.875 76.625 -0.65057
20.875 76.875 -0.69588
20.875 77.125 -0.5912
20.875 77.375 -0.5779
20.875 77.625 -0.63297
20.875 77.875 -0.77315
20.875 78.125 -0.87247
20.875 78.375 -0.95563
20.875 78.625 -0.89553
20.875 78.875 -0.68347
20.875 79.125 -1.0396
20.875 79.375 -0.78969
20.875 79.625 -0.44372
20.875 79.875 -0.12739
20.875 80.125 0.13823
20.875 80.375 -0.39904
20.875 80.625 -0.27612
20.875 80.875 -0.11255
20.875 81.125 -0.10388
20.875 81.375 -0.18177
20.875 81.625 0.14088
20.875 81.875 -0.12728
20.875 82.125 -0.43432
20.875 82.375 0.16693
20.875 82.625 -0.081001
20.875 82.875 0.26141
20.875 83.125 0.29558
20.875 83.375 -0.37398
20.875 83.625 -0.48725
20.875 83.875 -0.40799
20.875 84.125 -0.60869
20.875 84.375 -0.38934
20.875 84.625 -0.15884
20.875 84.875 -0.52339
20.875 85.125 -0.58469
20.875 85.375 -0.70416
20.875 85.625 -0.64693
20.875 85.875 -0.63275
20.875 86.125 -0.68188
20.875 86.375 -0.66979
20.875 86.625 -0.58207
21.125 70.375 -0.54192
21.125 70.625 -0.48862
21.125 70.875 -0.54908
21.125 71.125 -0.38137
21.125 71.375 -0.15472
21.125 71.625 0.38509
21.125 71.875 -0.27095
21.125 72.875 -0.66552
21.125 73.125 -0.90708
21.125 73.375 -0.42536
21.125 73.625 -0.75244
21.125 73.875 -0.86915
21.125 74.125 -0.89726
21.125 74.375 -0.70667
21.125 74.625 -0.64889
21.125 74.875 -0.6199
21.125 75.125 -0.78182
21.125 75.375 -0.5363
21.125 75.625 -0.55745
21.125 75.875 -0.55474
21.125 76.125 -0.58467
21.125 76.375 -0.96145
21.125 76.625 -0.89162
21.125 76.875 -0.86699
21.125 77.125 -0.7564
21.125 77.375 -0.77758
21.125 77.625 -0.72585
21.125 77.875 -0.86658
21.125 78.125 -1.0724
21.125 78.375 -1.0338
21.125 78.625 -1.119
21.125 78.875 -0.62929
21.125 79.125 -0.65821
21.125 79.375 -0.62373
21.125 79.625 -0.2901
21.125 79.875 0.30168
21.125 80.125 -0.2359
21.125 80.375 -0.049901
21.125 80.625 -0.30278
21.125 80.875 0.55492
21.125 81.125 0.38863
21.125 81.375 -0.89999
21.125 81.625 0.057985
21.125 81.875 0.080491
21.125 82.125 0.36423
21.125 82.375 -0.078544
21.125 82.625 0.31518
21.125 82.875 0.10553
21.125 83.125 -0.17051
21.125 83.375 -0.089032
21.125 83.625 -0.25458
21.125 83.875 -0.36274
21.125 84.125 -0.60638
21.125 84.375 -0.12081
21.125 84.625 -0.56301
21.125 84.875 -0.66339
21.125 85.125 -0.62595
21.125 85.375 -0.61535
21.125 85.625 -0.49761
21.125 85.875 -0.47407
21.125 86.125 -0.65876
21.125 86.375 -0.57751
21.125 86.625 -0.5994
21.375 70.125 -0.76844
21.375 70.375 -0.87183
21.375 70.625 -0.47283
21.375 70.875 -0.44397
21.375 71.125 -0.44255
21.375 71.375 -0.35211
21.375 71.625 -0.41876
21.375 71.875 -0.36638
21.375 72.875 -0.50617
21.375 73.125 -0.36565
21.375 73.375 -0.2689
21.375 73.625 -0.42573
21.375 73.875 -0.81535
21.375 74.125 -0.96983
21.375 74.375 -0.88878
21.375 74.625 -0.66604
21.375 74.875 -0.37109
21.375 75.125 -0.43594
21.375 75.375 -0.43101
21.375 75.625 -0.35615
21.375 75.875 -0.52541
21.375 76.125 -0.39058
21.375 76.375 -0.9288
21.375 76.625 -1.0297
21.375 76.875 -1.1462
21.375 77.125 -1.0471
21.375 77.375 -0.82799
21.375 77.625 -0.88183
21.375 77.875 -1.0746
21.375 78.125 -0.97647
21.375 78.375 -0.92313
21.375 78.625 -1.1974
21.375 78.875 -0.68185
21.375 79.125 -0.76557
21.375 79.375 -0.59106
21.375 79.625 -0.26641
21.375 79.875 -0.17737
21.375 80.125 -0.39106
21.375 80.375 -0.25928
21.375 80.625 -0.12615
21.375 80.875 -0.22208
21.375 81.125 -0.050633
21.375 81.375 0.3466
21.375 81.625 0.3232
21.375 81.875 0.3007
21.375 82.125 -0.1332
21.375 82.375 -0.14876
21.375 82.625 -0.21285
21.375 82.875 -0.0034133
21.375 83.125 0.31247
21.375 83.375 -0.35844
21.375 83.625 -0.37442
21.375 83.875 -0.28615
21.375 84.125 -0.34573
21.375 84.375 0.069376
21.375 84.625 -0.21942
21.375 84.875 -0.6542
21.375 85.125 -0.65361
21.375 85.375 -0.89136
21.375 85.625 -0.11734
21.375 85.875 -0.38241
21.375 86.125 -0.62001
21.375 86.375 -0.56243
21.375 86.625 -0.58901
21.375 86.875 -0.47559
21.625 69.875 -0.6308
21.625 70.125 -0.79611
21.625 70.375 -0.59449
21.625 70.625 -0.41221
21.625 70.875 -0.53078
21.625 71.125 -0.45047
21.625 71.375 -0.18645
21.625 71.625 0.16442
21.625 71.875 -0.4117
21.625 72.125 -0.35924
21.625 72.875 0.019682
21.625 73.125 -0.074131
21.625 73.375 -0.21264
21.625 73.625 -0.49921
21.625 73.875 -0.91979
21.625 74.125 -0.95334
21.625 74.375 -0.77077
21.625 74.625 -0.67399
21.625 74.875 -0.22325
21.625 75.125 -0.072393
21.625 75.375 -0.23982
21.625 75.625 -0.2922
21.625 75.875 -0.46685
21.625 76.125 -0.39809
21.625 76.375 -0.84262
21.625 76.625 -1.2147
21.625 76.875 -0.90383
21.625 77.125 -0.60736
21.625 77.375 -0.6262
21.625 77.625 -1.0481
21.625 77.875 -0.57721
21.625 78.125 -0.5771
21.625 78.375 -0.86807
21.625 78.625 -0.97025
21.625 78.875 -0.90383
21.625 79.125 -1.25
21.625 79.375 -0.86824
21.625 79.625 -0.35477
21.625 79.875 -0.21511
21.625 80.125 -0.17276
21.625 80.375 0.092369
21.625 80.625 -0.028456
21.625 80.875 -0.37883
21.625 81.125 -0.80251
21.625 81.375 -0.12104
21.625 81.625 0.17562
21.625 81.875 0.51353
21.625 82.125 -0.14622
21.625 82.375 -0.50918
21.625 82.625 -0.11975
21.625 82.875 -0.10331
21.625 83.125 0.042949
21.625 83.375 -0.38668
21.625 83.625 -0.3215
21.625 83.875 -0.35055
21.625 84.125 -0.038726
21.625 84.375 -0.5294
21.625 84.625 -0.030488
21.625 84.875 -0.3497
21.625 85.125 -0.29613
21.625 85.375 -0.13353
21.625 85.625 -0.15905
21.625 85.875 -0.44427
21.625 86.125 -0.55701
21.625 86.375 -0.31721
21.625 86.625 -0.34835
21.625 86.875 -0.48528
21.625 87.125 -0.47313
21.625 87.375 -0.41923
21.875 69.375 -0.48328
21.875 69.625 -0.42101
21.875 69.875 -0.53453
21.875 70.125 -0.62622
21.875 70.375 -0.43826
21.875 70.625 -0.1993
21.875 70.875 -0.54339
21.875 71.125 -0.54396
21.875 71.375 -0.4549
21.875 71.625 0.049553
21.875 71.875 -0.48955
21.875 72.125 -0.5942
21.875 72.625 -1.0704
21.875 72.875 -0.67562
21.875 73.125 -0.42769
21.875 73.375 -0.56372
21.875 73.625 -0.5791
21.875 73.875 -0.90436
21.875 74.125 -1.1319
21.875 74.375 -1.0541
21.875 74.625 -0.66994
21.875 74.875 -0.53891
21.875 75.125 -0.56257
21.875 75.375 -0.42372
21.875 75.625 -0.23561
21.875 75.875 -0.63181
21.875 76.125 -0.54482
21.875 76.375 -0.64788
21.875 76.625 -0.71171
21.875 76.875 -0.61472
21.875 77.125 -0.42981
21.875 77.375 -0.18173
21.875 77.625 -0.73232
21.875 77.875 -0.82663
21.875 78.125 -0.2402
21.875 78.375 -0.018185
21.875 78.625 -0.6527
21.875 78.875 -0.56891
21.875 79.125 -0.87267
21.875 79.375 -0.65633
21.875 79.625 -0.31749
21.875 79.875 -0.16156
21.875 80.125 0.013624
21.875 80.375 0.33252
21.875 80.625 -0.031875
21.875 80.875 -0.20783
21.875 81.125 -1.0718
21.875 81.375 -0.42105
21.875 81.625 -0.20177
21.875 81.875 -0.025479
21.875 82.125 -0.12489
21.875 82.375 -0.062435
21.875 82.625 -0.39328
21.875 82.875 -0.68575
21.875 83.125 -0.41661
21.875 83.375 -0.23429
21.875 83.625 -0.14693
21.875 83.875 0.20982
21.875 84.125 -0.36968
21.875 84.375 -0.035236
21.875 84.625 -0.11211
21.875 84.875 -0.28103
21.875 85.125 -0.28771
21.875 85.375 0.11405
21.875 85.625 -0.093992
21.875 85.875 -0.36036
21.875 86.125 -0.39667
21.875 86.375 -0.68756
21.875 86.625 -0.29362
21.875 86.875 -0.35084
21.875 87.125 -0.5069
21.875 87.375 -0.54233
21.875 87.625 -0.62885
21.875 87.875 -0.50566
21.875 88.375 -0.55553
21.875 88.625 -0.46461
21.875 88.875 -0.42697
22.125 69.125 -0.46765
22.125 69.375 -0.52921
22.125 69.625 -0.48409
22.125 69.875 -0.5761
22.125 70.125 -0.51207
22.125 70.375 -0.54651
22.125 70.625 -0.58055
22.125 70.875 -0.42057
22.125 71.125 -0.58871
22.125 71.375 -0.49355
22.125 71.625 0.041042
22.125 71.875 -0.36014
22.125 72.125 -0.43653
22.125 72.625 -0.13293
22.125 72.875 -0.5406
22.125 73.125 -0.91578
22.125 73.375 -0.69241
22.125 73.625 -0.64863
22.125 73.875 -0.69373
22.125 74.125 -0.81621
22.125 74.375 -0.8637
22.125 74.625 -0.86179
22.125 74.875 -0.62592
22.125 75.125 -0.57644
22.125 75.375 -0.86106
22.125 75.625 -0.79864
22.125 75.875 -0.73539
22.125 76.125 -0.9064
22.125 76.375 -0.84278
22.125 76.625 -0.69952
22.125 76.875 -0.67433
22.125 77.125 -0.53963
22.125 77.375 -0.40468
22.125 77.625 -0.69296
22.125 77.875 -0.45343
22.125 78.125 -0.13523
22.125 78.375 -0.56056
22.125 78.625 -0.18309
22.125 78.875 -0.1662
22.125 79.125 -0.29544
22.125 79.375 -0.49683
22.125 79.625 -0.26369
22.125 79.875 0.12547
22.125 80.125 0.15926
22.125 80.375 0.17534
22.125 80.625 0.1253
22.125 80.875 -0.16366
22.125 81.125 -1.0199
22.125 81.375 -0.17917
22.125 81.625 -0.66065
22.125 81.875 0.0066883
22.125 82.125 -0.62109
22.125 82.375 0.12203
22.125 82.625 -0.85708
22.125 82.875 -0.58578
22.125 83.125 -0.85208
22.125 83.375 -0.70915
22.125 83.625 0.0098476
22.125 83.875 -0.34276
22.125 84.125 -0.39105
22.125 84.375 -0.4182
22.125 84.625 -0.032576
22.125 84.875 -0.60464
22.125 85.125 -0.10771
22.125 85.375 0.077699
22.125 85.625 -0.031375
22.125 85.875 -0.18051
22.125 86.125 -0.26895
22.125 86.375 -0.1619
22.125 86.625 -0.32717
22.125 86.875 -0.46339
22.125 87.125 -0.4863
22.125 87.375 -0.50297
22.125 87.625 -0.42477
22.125 87.875 -0.54054
22.125 88.125 -0.56014
22.125 88.375 -0.59695
22.125 92.875 0.8677
22.375 69.125 -0.39111
22.375 69.875 -0.59141
22.375 70.125 -0.62461
22.375 70.375 -0.73355
22.375 70.625 -0.46934
22.375 70.875 -0.37219
22.375 71.125 -0.27604
22.375 71.375 -0.20969
22.375 71.625 -0.58535
22.375 71.875 -0.32948
22.375 72.125 0.70745
22.375 72.625 0.63889
22.375 72.875 -0.69186
22.375 73.125 -0.54437
22.375 73.375 -0.53335
22.375 73.625 -0.11395
22.375 73.875 -0.43984
22.375 74.125 -0.8921
22.375 74.375 -0.85377
22.375 74.625 -0.94422
22.375 74.875 -1.0004
22.375 75.125 -0.95887
22.375 75.375 -0.85074
22.375 75.625 -0.93983
22.375 75.875 -0.61664
22.375 76.125 -0.78524
22.375 76.375 -1.0217
22.375 76.625 -0.40047
22.375 76.875 -0.62965
22.375 77.125 -0.54608
22.375 77.375 -0.52577
22.375 77.625 -0.53619
22.375 77.875 0.011262
22.375 78.125 0.22258
22.375 78.375 0.10338
22.375 78.625 -0.28436
22.375 78.875 -0.11463
22.375 79.125 -0.092569
22.375 79.375 0.078387
22.375 79.625 -0.15538
22.375 79.875 0.37931
22.375 80.125 0.33386
22.375 80.375 0.56363
22.375 80.625 0.25284
22.375 80.875 0.19929
22.375 81.125 0.34352
22.375 81.375 -0.69236
22.375 81.625 -0.80735
22.375 81.875 -0.61502
22.375 82.125 -0.90848
22.375 82.375 -0.62161
22.375 82.625 -1.1377
22.375 82.875 -1.15
22.375 83.125 -1.109
22.375 83.375 -1.1579
22.375 83.625 -1.3511
22.375 83.875 -0.44812
22.375 84.125 -0.67441
22.375 84.375 -0.34589
22.375 84.625 -0.49816
22.375 84.875 -0.25768
22.375 85.125 -0.12568
22.375 85.375 -0.10484
22.375 85.625 -0.38944
22.375 85.875 -0.43517
22.375 86.125 -0.51717
22.375 86.375 -0.36056
22.375 86.625 -0.45913
22.375 86.875 -0.51308
22.375 87.125 -0.49115
22.375 87.375 -0.62505
22.375 87.625 -0.58184
22.375 87.875 -0.63375
22.375 88.125 -0.63998
22.375 88.375 -0.64007
22.375 88.625 -0.6191
22.375 88.875 -0.6091
22.375 92.875 0.97134
22.625 70.375 -0.48233
22.625 70.625 -0.070468
22.625 70.875 -0.33271
22.625 71.125 -0.32251
22.625 71.375 -0.31338
22.625 71.625 -0.39852
22.625 71.875 -0.66345
22.625 72.125 0.02574
22.625 72.375 1.2746
22.625 72.625 1.6633
22.625 72.875 -0.57089
22.625 73.125 -0.73397
22.625 73.375 -0.096658
22.625 73.625 -0.9206
22.625 73.875 -0.94706
22.625 74.125 -0.84575
22.625 74.375 -0.91025
22.625 74.625 -0.81096
22.625 74.875 -1.0176
22.625 75.125 -0.84784
22.625 75.375 -0.4128
22.625 75.625 -0.42295
22.625 75.875 -0.76722
22.625 76.125 -0.77507
22.625 76.375 -0.95572
22.625 76.625 -0.50482
22.625 76.875 -0.27764
22.625 77.125 -0.40432
22.625 77.375 -0.60301
22.625 77.625 -0.5644
22.625 77.875 0.12182
22.625 78.125 0.34079
22.625 78.375 0.24588
22.625 78.625 0.45133
22.625 78.875 0.042098
22.625 79.125 0.057413
22.625 79.375 0.13137
22.625 79.625 0.067595
22.625 79.875 0.15752
22.625 80.125 0.13928
22.625 80.375 -0.0089167
22.625 80.625 -0.064738
22.625 80.875 0.27903
22.625 81.125 -0.93362
22.625 81.375 -0.70165
22.625 81.625 -0.17663
22.625 81.875 -0.78478
22.625 82.125 -0.96921
22.625 82.375 -1.3181
22.625 82.625 -1.4936
22.625 82.875 -1.6006
22.625 83.125 -1.4876
22.625 83.375 -0.82491
22.625 83.625 -0.65984
22.625 83.875 -1.1129
22.625 84.125 -0.39849
22.625 84.375 -0.52995
22.625 84.625 -0.63618
22.625 84.875 -0.45743
22.625 85.125 -0.0044902
22.625 85.375 0.070073
22.625 85.625 0.1221
22.625 85.875 -0.29402
22.625 86.125 -0.4593
22.625 86.375 -0.46791
22.625 86.625 -0.62237
22.625 86.875 -0.53195
22.625 87.125 -0.56077
22.625 87.375 -0.64143
22.625 87.625 -0.5316
22.625 87.875 -0.61487
22.625 88.125 -0.41437
22.625 88.375 -0.63655
22.625 88.625 -0.58027
22.625 88.875 -0.6343
22.625 92.625 -0.71472
22.625 92.875 0.59615
22.875 69.375 -0.41151
22.875 69.625 -0.406
22.875 69.875 -0.49204
22.875 70.625 0.19017
22.875 70.875 -0.091105
22.875 71.125 -0.35494
22.875 71.375 -0.40679
22.875 71.625 -0.54228
22.875 71.875 -0.50674
22.875 72.125 -0.69676
22.875 72.375 0.3781
22.875 72.625 0.8656
22.875 72.875 -0.39431
22.875 73.125 0.54121
22.875 73.375 -0.11619
22.875 73.625 -0.91498
22.875 73.875 -0.94108
22.875 74.125 -0.87586
22.875 74.375 -0.91728
22.875 74.625 -0.78003
22.875 74.875 -0.72393
22.875 75.125 -0.73947
22.875 75.375 -0.59516
22.875 75.625 -0.6519
22.875 75.875 -0.65784
22.875 76.125 -0.68147
22.875 76.375 -0.75087
22.875 76.625 -0.60341
22.875 76.875 -0.82056
22.875 77.125 -0.33564
22.875 77.375 -0.90707
22.875 77.625 -0.47223
22.875 77.875 -0.25746
22.875 78.125 -0.14983
22.875 78.375 0.13902
22.875 78.625 0.23881
22.875 78.875 0.063943
22.875 79.125 0.13304
22.875 79.375 0.12428
22.875 79.625 0.19195
22.875 79.875 -0.08885
22.875 80.125 0.22621
22.875 80.375 0.015976
22.875 80.625 0.18096
22.875 80.875 0.66669
22.875 81.125 0.39675
22.875 81.375 -0.32118
22.875 81.625 -0.38442
22.875 81.875 -0.54891
22.875 82.125 -0.89205
22.875 82.375 -0.80883
22.875 82.625 -1.1351
22.875 82.875 -1.1247
22.875 83.125 -1.2327
22.875 83.375 -1.0263
22.875 83.625 -1.0294
22.875 83.875 -1.0354
22.875 84.125 -1.1873
22.875 84.375 -0.59235
22.875 84.625 -0.00052148
22.875 84.875 -0.11985
22.875 85.125 -0.043045
22.875 85.375 0.02186
22.875 85.625 0.20564
22.875 85.875 -0.18285
22.875 86.125 -0.35171
22.875 86.375 -0.43352
22.875 86.625 -0.56383
22.875 86.875 -0.50377
22.875 87.125 -0.56348
22.875 87.375 -0.62069
22.875 87.625 -0.55264
22.875 87.875 -0.5834
22.875 88.125 -0.5107
22.875 88.375 -0.56819
22.875 88.625 -0.55457
22.875 92.625 -0.71486
22.875 92.875 -0.020736
23.125 68.875 -0.47976
23.125 69.125 -0.49211
23.125 69.375 -0.36557
23.125 69.625 -0.35264
23.125 69.875 -0.32428
23.125 70.125 -0.44833
23.125 70.875 -0.24885
23.125 71.125 -0.24618
23.125 71.375 -0.59952
23.125 71.625 -0.5525
23.125 71.875 -0.61077
23.125 72.125 1.0286
23.125 72.375 -0.53603
23.125 72.625 0.065206
23.125 72.875 -0.51902
23.125 73.125 -0.77424
23.125 73.375 -0.0788
23.125 73.625 -0.31604
23.125 73.875 -0.96222
23.125 74.125 -1.0023
23.125 74.375 -1.0522
23.125 74.625 -0.9844
23.125 74.875 -0.63092
23.125 75.125 -0.7437
23.125 75.375 -0.88184
23.125 75.625 -0.88016
23.125 75.875 -0.75822
23.125 76.125 -0.55315
23.125 76.375 -0.36248
23.125 76.625 -0.40028
23.125 76.875 -0.40871
23.125 77.125 -0.32161
23.125 77.375 -0.25913
23.125 77.625 -0.21125
23.125 77.875 -0.25434
23.125 78.125 -0.29031
23.125 78.375 -0.10057
23.125 78.625 -0.17913
23.125 78.875 0.057942
23.125 79.125 0.19913
23.125 79.375 0.12011
23.125 79.625 -0.03862
23.125 79.875 0.26597
23.125 80.125 0.21349
23.125 80.375 0.03567
23.125 80.625 0.074946
23.125 80.875 0.91671
23.125 81.125 0.52855
23.125 81.375 0.25225
23.125 81.625 -0.284
23.125 81.875 -0.57083
23.125 82.125 -0.53377
23.125 82.375 -0.52596
23.125 82.625 -0.7789
23.125 82.875 -0.8958
23.125 83.125 -0.76525
23.125 83.375 -0.72633
23.125 83.625 -0.57066
23.125 83.875 -0.4319
23.125 84.125 -0.43139
23.125 84.375 -0.32975
23.125 84.625 -0.52947
23.125 84.875 -0.31968
23.125 85.125 -0.062272
23.125 85.375 0.34747
23.125 85.625 -0.17604
23.125 85.875 -0.56889
23.125 86.125 -0.41405
23.125 86.375 -0.46094
23.125 86.625 -0.47121
23.125 86.875 -0.55817
23.125 87.125 -0.21823
23.125 87.375 -0.66032
23.125 87.625 -0.80089
23.125 87.875 -1.0695
23.125 88.125 -0.72339
23.125 88.375 -0.63371
23.125 88.625 -0.56894
23.125 91.625 -0.8174
23.125 92.625 -0.97914
23.125 92.875 -0.72669
23.125 93.125 -0.43843
23.375 68.875 -0.38974
23.375 69.125 -0.44349
23.375 69.375 -0.35626
23.375 69.625 -0.31379
23.375 69.875 -0.35305
23.375 70.125 -0.34564
23.375 70.375 -0.18772
23.375 70.625 -0.084149
23.375 70.875 0.23112
23.375 71.125 0.20144
23.375 71.375 -0.73256
23.375 71.625 -0.78884
23.375 71.875 0.2173
23.375 72.125 -0.33342
23.375 72.375 -0.48844
23.375 72.625 -0.50635
23.375 72.875 -0.38446
23.375 73.125 -0.51838
23.375 73.375 -0.66456
23.375 73.625 -0.77071
23.375 73.875 -0.88854
23.375 74.125 -1.0555
23.375 74.375 -0.69597
23.375 74.625 -0.7854
23.375 74.875 -0.61354
23.375 75.125 -0.63262
23.375 75.375 -0.46853
23.375 75.625 -0.89199
23.375 75.875 -0.49793
23.375 76.125 0.074758
23.375 76.375 -0.046182
23.375 76.625 -0.41797
23.375 76.875 -0.56274
23.375 77.125 -0.29025
23.375 77.375 -0.17414
23.375 77.625 -0.43574
23.375 77.875 -0.16679
23.375 78.125 -0.1707
23.375 78.375 -0.21163
23.375 78.625 -0.081205
23.375 78.875 0.23405
23.375 79.125 0.31566
23.375 79.375 0.29212
23.375 79.625 0.34195
23.375 79.875 0.14351
23.375 80.125 0.14249
23.375 80.375 0.96429
23.375 80.625 1.0029
23.375 80.875 0.77771
23.375 81.125 0.48718
23.375 81.375 -0.54099
23.375 81.625 -0.64354
23.375 81.875 -0.78932
23.375 82.125 -0.62377
23.375 82.375 0.40138
23.375 82.625 0.24125
23.375 82.875 -0.80342
23.375 83.125 -0.56515
23.375 83.375 -0.64521
23.375 83.625 -0.46609
23.375 83.875 -0.59796
23.375 84.125 -0.47331
23.375 84.375 -0.38871
23.375 84.625 -0.64656
23.375 84.875 -0.4032
23.375 85.125 0.16047
23.375 85.375 0.30987
23.375 85.625 0.048451
23.375 85.875 -0.30393
23.375 86.125 -0.66732
23.375 86.375 -0.41934
23.375 86.625 -0.54639
23.375 86.875 -0.46839
23.375 87.125 -0.41276
23.375 87.375 -0.53464
23.375 87.625 -1.0776
23.375 87.875 -0.9651
23.375 88.125 -0.84053
23.375 88.375 -0.73111
23.375 88.625 -0.61569
23.375 91.375 -0.9664
23.375 91.625 -1.3942
23.375 92.625 -1.0218
23.375 92.875 -0.83412
23.375 93.125 -0.68639
23.625 68.625 -0.38111
23.625 68.875 -0.44932
23.625 69.125 -0.5705
23.625 69.375 -0.49657
23.625 69.625 -0.47824
23.625 69.875 -0.49503
23.625 70.125 -0.43897
23.625 70.375 -0.23442
23.625 70.625 0.2377
23.625 70.875 0.90841
23.625 71.125 0.44713
23.625 71.375 0.33678
23.625 71.625 -0.76291
23.625 71.875 -0.57329
23.625 72.125 -0.61083
23.625 72.375 -0.49345
23.625 72.625 -0.47891
23.625 72.875 -0.60623
23.625 73.125 -0.67951
23.625 73.375 -0.65725
23.625 73.625 -0.64273
23.625 73.875 -0.53681
23.625 74.125 0.31178
23.625 74.375 -0.081189
23.625 74.625 -0.5457
23.625 74.875 -0.54847
23.625 75.125 -0.87685
23.625 75.375 -0.020251
23.625 75.625 -0.061879
23.625 75.875 0.23511
23.625 76.125 0.27704
23.625 76.375 0.095761
23.625 76.625 -0.28985
23.625 76.875 -0.73487
23.625 77.125 -0.31869
23.625 77.375 -0.37097
23.625 77.625 -0.3698
23.625 77.875 -0.238
23.625 78.125 -0.19652
23.625 78.375 0.015706
23.625 78.625 0.34824
23.625 78.875 0.38204
23.625 79.125 0.44659
23.625 79.375 0.38504
23.625 79.625 0.54236
23.625 79.875 0.95285
23.625 80.125 0.57451
23.625 80.375 0.77329
23.625 80.625 1.5425
23.625 80.875 1.0515
23.625 81.125 0.36681
23.625 81.375 0.47057
23.625 81.625 0.65024
23.625 81.875 0.67337
23.625 82.125 0.027658
23.625 82.375 0.56901
23.625 82.625 0.32568
23.625 82.875 -0.058475
23.625 83.125 -0.51383
23.625 83.375 -0.74522
23.625 83.625 -0.76493
23.625 83.875 -0.62747
23.625 84.125 -0.59215
23.625 84.375 -0.55508
23.625 84.625 -0.14782
23.625 84.875 -0.088171
23.625 85.125 -0.31981
23.625 85.375 -0.10053
23.625 85.625 -0.17092
23.625 85.875 -0.40045
23.625 86.125 -1.3255
23.625 86.375 -0.47657
23.625 86.625 -0.48662
23.625 86.875 -0.70773
23.625 87.125 -0.76337
23.625 87.375 -1.1656
23.625 87.625 -0.55736
23.625 87.875 -1.1206
23.625 88.125 -0.89156
23.625 88.375 -0.85785
23.625 91.375 -1.3856
23.625 91.625 -0.95642
23.625 91.875 -0.63534
23.625 92.375 -1.2491
23.625 92.625 -1.0617
23.625 92.875 -1.0477
23.625 93.125 -0.90451
23.875 68.875 -0.52847
23.875 69.125 -0.55785
23.875 69.375 -0.51099
23.875 69.625 -0.46131
23.875 69.875 -0.40183
23.875 70.125 -0.4173
23.875 70.375 -0.38926
23.875 70.625 -0.30527
23.875 70.875 -0.14869
23.875 71.125 -0.19499
23.875 71.375 0.7103
23.875 71.625 0.93395
23.875 71.875 -0.33764
23.875 72.125 -0.53891
23.875 72.375 -0.41159
23.875 72.625 -0.55565
23.875 72.875 -0.76846
23.875 73.125 -0.57858
23.875 73.375 -0.18616
23.875 73.625 -0.27268
23.875 73.875 -0.07843
23.875 74.125 -0.21733
23.875 74.375 -0.065874
23.875 74.625 -0.17997
23.875 74.875 -0.27526
23.875 75.125 -0.36022
23.875 75.375 0.2294
23.875 75.625 0.014635
23.875 75.875 0.12175
23.875 76.125 0.21866
23.875 76.375 0.12649
23.875 76.625 -0.11189
23.875 76.875 0.10306
23.875 77.125 0.27231
23.875 77.375 -0.13299
23.875 77.625 -0.13579
23.875 77.875 0.0061226
23.875 78.125 0.060315
23.875 78.375 0.080579
23.875 78.625 0.19075
23.875 78.875 0.57367
23.875 79.125 0.88379
23.875 79.375 0.62174
23.875 79.625 0.76924
23.875 79.875 1.6318
23.875 80.125 1.3986
23.875 80.375 0.87918
23.875 80.625 0.94906
23.875 80.875 0.2887
23.875 81.125 -0.037554
23.875 81.375 0.21981
23.875 81.625 0.29201
23.875 81.875 -0.47551
23.875 82.125 -0.48404
23.875 82.375 0.49338
23.875 82.625 -0.12213
23.875 82.875 -0.2164
23.875 83.125 -0.54623
23.875 83.375 -0.89298
23.875 83.625 -0.5596
23.875 83.875 -0.28122
23.875 84.125 -0.31223
23.875 84.375 -0.65233
23.875 84.625 -0.79086
23.875 84.875 -0.84081
23.875 85.125 -0.82875
23.875 85.375 -0.70219
23.875 85.625 -0.33944
23.875 85.875 -0.77495
23.875 86.125 -0.68788
23.875 86.375 -0.26193
23.875 86.625 -0.58859
23.875 86.875 -0.64779
23.875 87.125 -0.65741
23.875 87.375 -0.88155
23.875 87.625 -0.79498
23.875 87.875 -0.94731
23.875 88.125 -1.0402
23.875 88.375 -1.0836
23.875 91.375 -0.78888
23.875 91.625 -0.7414
23.875 91.875 -0.8098
23.875 92.125 -1.431
23.875 92.375 -1.285
23.875 92.625 -1.1604
23.875 92.875 -1.2108
23.875 93.125 -1.2601
23.875 93.375 -1.0335
24.125 68.875 -0.46498
24.125 69.125 -0.54273
24.125 69.375 -0.45157
24.125 69.625 -0.38904
24.125 69.875 -0.44254
24.125 70.125 -0.37159
24.125 70.375 -0.22579
24.125 70.625 -0.32094
24.125 70.875 -0.38048
24.125 71.125 -0.41753
24.125 71.375 -0.38749
24.125 71.625 -0.34511
24.125 71.875 -0.47864
24.125 72.125 -0.32497
24.125 72.375 -0.54479
24.125 72.625 -0.32502
24.125 72.875 -0.52383
24.125 73.125 -0.55848
24.125 73.375 -0.58152
24.125 73.625 -0.15127
24.125 73.875 -0.16733
24.125 74.125 -0.29561
24.125 74.375 -0.14956
24.125 74.625 0.067935
24.125 74.875 -0.17875
24.125 75.125 -0.73792
24.125 75.375 -0.045216
24.125 75.625 -0.047321
24.125 75.875 0.038871
24.125 76.125 0.042591
24.125 76.375 0.12976
24.125 76.625 0.12442
24.125 76.875 0.10302
24.125 77.125 -0.0014425
24.125 77.375 -0.06829
24.125 77.625 -0.14722
24.125 77.875 0.097732
24.125 78.125 0.070447
24.125 78.375 0.21418
24.125 78.625 0.26006
24.125 78.875 0.46545
24.125 79.125 0.81118
24.125 79.375 1.1246
24.125 79.625 0.93348
24.125 79.875 1.5105
24.125 80.125 1.6927
24.125 80.375 0.42738
24.125 80.625 0.92402
24.125 80.875 0.53771
24.125 81.125 -0.36139
24.125 81.375 0.037049
24.125 81.625 0.071267
24.125 81.875 -0.62946
24.125 82.125 -0.44531
24.125 82.375 -0.38608
24.125 82.625 -0.65356
24.125 82.875 -0.70037
24.125 83.125 -0.75232
24.125 83.375 -1.0939
24.125 83.625 -1.0912
24.125 83.875 -0.44968
24.125 84.125 -0.15768
24.125 84.375 -0.66124
24.125 84.625 -1.089
24.125 84.875 -1.2032
24.125 85.125 -0.63617
24.125 85.375 -0.75703
24.125 85.625 -1.1078
24.125 85.875 -0.78666
24.125 86.125 -0.36634
24.125 86.375 -0.612
24.125 86.625 -0.56323
24.125 86.875 -0.64399
24.125 87.125 -0.89385
24.125 87.375 -0.7023
24.125 87.625 -0.86347
24.125 87.875 -0.88242
24.125 88.125 -1.0065
24.125 88.375 -0.98172
24.125 91.875 -0.96206
24.125 92.125 -1.2324
24.125 92.375 -1.2374
24.125 92.625 -1.0687
24.125 92.875 -1.1993
24.125 93.125 -1.4618
24.125 93.375 -0.87021
24.125 93.625 -0.6615
24.125 93.875 -0.61716
24.125 94.125 -0.52291
24.375 71.375 -0.47368
24.375 71.625 -0.36164
24.375 71.875 -0.62083
24.375 72.125 -0.49641
24.375 72.375 -0.76045
24.375 72.625 -0.32865
24.375 72.875 -0.74031
24.375 73.125 -0.65609
24.375 73.375 -0.61777
24.375 73.625 -0.67338
24.375 73.875 -0.72845
24.375 74.125 -0.77897
24.375 74.375 -0.15357
24.375 74.625 -0.39643
24.375 74.875 -0.65011
24.375 75.125 -0.51408
24.375 75.375 -0.10642
24.375 75.625 -0.064095
24.375 75.875 0.12726
24.375 76.125 -0.58937
24.375 76.375 0.0099384
24.375 76.625 0.37096
24.375 76.875 0.10646
24.375 77.125 -0.007503
24.375 77.375 -0.050636
24.375 77.625 -0.017358
24.375 77.875 0.23607
24.375 78.125 0.60725
24.375 78.375 0.49416
24.375 78.625 -0.030855
24.375 78.875 0.48519
24.375 79.125 0.55253
24.375 79.375 0.61143
24.375 79.625 0.99607
24.375 79.875 1.0971
24.375 80.125 1.0903
24.375 80.375 1.0338
24.375 80.625 0.85985
24.375 80.875 0.44474
24.375 81.125 0.117
24.375 81.375 0.070085
24.375 81.625 -0.4225
24.375 81.875 -0.44537
24.375 82.125 -0.39223
24.375 82.375 -0.42031
24.375 82.625 -0.46029
24.375 82.875 -0.39832
24.375 83.125 -0.15453
24.375 83.375 -0.22534
24.375 83.625 -0.82432
24.375 83.875 -0.46015
24.375 84.125 -0.22957
24.375 84.375 -1.1391
24.375 84.625 -0.5749
24.375 84.875 -0.80008
24.375 85.125 -0.6316
24.375 85.375 -0.74806
24.375 85.625 -1.0496
24.375 85.875 -0.97639
24.375 86.125 -0.98268
24.375 86.375 -1.0346
24.375 86.625 -0.62911
24.375 86.875 -0.83458
24.375 87.125 -0.92298
24.375 87.375 -1.0935
24.375 87.625 -0.9809
24.375 87.875 -1.0893
24.375 88.125 -1.0401
24.375 92.375 -1.2447
24.375 92.625 -1.4444
24.375 92.875 -1.143
24.375 93.125 -1.6227
24.375 93.375 -1.1774
24.375 93.625 -1.0097
24.375 93.875 -0.80685
24.375 94.125 -0.64536
24.625 71.125 -0.66467
24.625 71.375 -0.638
24.625 71.625 -0.68823
24.625 71.875 -0.76227
24.625 72.125 -0.6496
24.625 72.375 -0.6999
24.625 72.625 -0.62523
24.625 72.875 -0.61708
24.625 73.125 -0.59981
24.625 73.375 -0.44168
24.625 73.625 -0.64048
24.625 73.875 -0.70621
24.625 74.125 -0.73245
24.625 74.375 -0.37454
24.625 74.625 -0.18973
24.625 74.875 -0.55771
24.625 75.125 -0.82918
24.625 75.375 -0.4679
24.625 75.625 -0.31888
24.625 75.875 -0.058138
24.625 76.125 -0.43154
24.625 76.375 0.13312
24.625 76.625 0.1677
24.625 76.875 0.022736
24.625 77.125 0.016897
24.625 77.375 -0.023554
24.625 77.625 -0.081131
24.625 77.875 0.39708
24.625 78.125 0.86117
24.625 78.375 0.37943
24.625 78.625 0.22114
24.625 78.875 0.34539
24.625 79.125 0.4279
24.625 79.375 0.37654
24.625 79.625 1.0863
24.625 79.875 1.1627
24.625 80.125 1.191
24.625 80.375 -0.24592
24.625 80.625 1.0611
24.625 80.875 -0.25371
24.625 81.125 -0.25493
24.625 81.375 0.81333
24.625 81.625 0.85562
24.625 81.875 0.821
24.625 82.125 -0.25249
24.625 82.375 -0.040442
24.625 82.625 0.31774
24.625 82.875 0.44747
24.625 83.125 -0.20948
24.625 83.375 -0.77983
24.625 83.625 -0.4455
24.625 83.875 -0.5834
24.625 84.125 0.047729
24.625 84.375 -0.62805
24.625 84.625 -1.0754
24.625 84.875 -0.75348
24.625 85.125 -0.81413
24.625 85.375 -0.55814
24.625 85.625 -1.3204
24.625 85.875 -1.0412
24.625 86.125 -1.1411
24.625 86.375 -0.71788
24.625 86.625 -0.32795
24.625 86.875 -0.76161
24.625 87.125 -1.3328
24.625 87.375 -1.3137
24.625 87.625 -1.0222
24.625 87.875 -0.95922
24.625 92.375 -1.3818
24.625 92.625 -1.171
24.625 92.875 -1.1599
24.625 93.125 -1.2674
24.625 93.375 -1.0094
24.625 93.625 -1.1262
24.625 93.875 -0.69562
24.625 94.125 -0.68839
24.625 94.375 -0.67448
24.875 71.125 -0.79655
24.875 71.375 -0.64604
24.875 71.625 -0.73942
24.875 71.875 -0.72243
24.875 72.125 -0.95486
24.875 72.375 -0.87817
24.875 72.625 -0.84065
24.875 72.875 -0.72012
24.875 73.125 -0.77167
24.875 73.375 -0.79547
24.875 73.625 -0.7189
24.875 73.875 -0.58193
24.875 74.125 -0.54923
24.875 74.375 -0.50857
24.875 74.625 -0.20797
24.875 74.875 -0.59045
24.875 75.125 -0.90475
24.875 75.375 -0.92652
24.875 75.625 -0.74054
24.875 75.875 -0.32456
24.875 76.125 -0.53031
24.875 76.375 -0.15158
24.875 76.625 0.30896
24.875 76.875 0.13121
24.875 77.125 0.16066
24.875 77.375 0.69344
24.875 77.625 0.024264
24.875 77.875 -0.0001515
24.875 78.125 0.82241
24.875 78.375 0.16333
24.875 78.625 0.0032251
24.875 78.875 0.82975
24.875 79.125 0.81892
24.875 79.375 0.26558
24.875 79.625 0.85607
24.875 79.875 0.78776
24.875 80.125 1.5365
24.875 80.375 1.319
24.875 80.625 0.80414
24.875 80.875 0.22372
24.875 81.125 0.074756
24.875 81.375 0.073799
24.875 81.625 -0.1371
24.875 81.875 -0.56564
24.875 82.125 -0.389
24.875 82.375 -0.6836
24.875 82.625 -0.34662
24.875 82.875 -0.73573
24.875 83.125 -0.76797
24.875 83.375 -0.82144
24.875 83.625 -0.53692
24.875 83.875 -0.80539
24.875 84.125 -0.40783
24.875 84.375 -0.99686
24.875 84.625 -1.1958
24.875 84.875 -0.81983
24.875 85.125 -0.56077
24.875 85.375 -0.82269
24.875 85.625 -0.55979
24.875 85.875 -0.798
24.875 86.125 -0.88066
24.875 86.375 -0.53744
24.875 86.625 -0.57888
24.875 86.875 -1.1193
24.875 87.125 -1.1439
24.875 87.375 -0.91196
24.875 87.625 -0.89296
24.875 87.875 -0.89515
24.875 88.125 -0.9521
24.875 92.625 -1.1266
24.875 92.875 -1.1624
24.875 93.125 -0.41754
24.875 93.375 -1.0476
24.875 93.625 -0.8087
24.875 93.875 -0.13658
24.875 94.125 -0.63839
24.875 94.375 -0.47962
25.125 71.125 -0.62237
25.125 71.375 -0.5771
25.125 71.625 -0.65432
25.125 71.875 -0.72027
25.125 72.125 -0.47592
25.125 72.375 -0.087887
25.125 72.625 -0.13609
25.125 72.875 -0.36976
25.125 73.125 -0.56252
25.125 73.375 -0.53426
25.125 73.625 -0.57227
25.125 73.875 -0.83198
25.125 74.125 -0.67373
25.125 74.375 -0.6893
25.125 74.625 -0.44228
25.125 74.875 -0.30252
25.125 75.125 -0.6628
25.125 75.375 -0.014757
25.125 75.625 -0.22771
25.125 75.875 -0.71187
25.125 76.125 -0.64942
25.125 76.375 -0.45656
25.125 76.625 0.21468
25.125 76.875 0.34661
25.125 77.125 0.16643
25.125 77.375 0.0069262
25.125 77.625 0.16156
25.125 77.875 0.13692
25.125 78.125 0.84098
25.125 78.375 0.28862
25.125 78.625 0.1923
25.125 78.875 0.41188
25.125 79.125 1.2016
25.125 79.375 1.6955
25.125 79.625 0.80557
25.125 79.875 1.956
25.125 80.125 1.8098
25.125 80.375 1.4182
25.125 80.625 0.63237
25.125 80.875 0.66049
25.125 81.125 -0.64377
25.125 81.375 -0.030329
25.125 81.625 -0.7873
25.125 81.875 -0.088611
25.125 82.125 -0.2164
25.125 82.375 0.064532
25.125 82.625 0.33768
25.125 82.875 -0.19931
25.125 83.125 -1.0156
25.125 83.375 -0.74768
25.125 83.625 0.094711
25.125 83.875 -0.24032
25.125 84.125 -0.22599
25.125 84.375 -0.96235
25.125 84.625 -1.1613
25.125 84.875 -1.024
25.125 85.125 -0.42822
25.125 85.375 -0.82429
25.125 85.625 0.24684
25.125 85.875 0.028343
25.125 86.125 -0.70231
25.125 86.375 -0.25968
25.125 86.625 -0.38587
25.125 86.875 -0.9811
25.125 87.125 -0.8834
25.125 87.375 -0.91515
25.125 87.625 -0.88676
25.125 87.875 -0.73441
25.125 88.125 -0.84211
25.125 88.375 -0.96835
25.125 92.375 -0.72543
25.125 92.625 -0.63337
25.125 92.875 -0.5186
25.125 93.125 -0.71719
25.125 93.375 -0.90512
25.125 93.625 -0.7904
25.125 93.875 -0.72059
25.125 94.125 -0.47222
25.125 94.375 -0.36692
25.375 70.875 -0.60952
25.375 71.125 -0.71544
25.375 71.375 -0.86425
25.375 71.625 -0.66842
25.375 71.875 -0.86159
25.375 72.125 -0.25192
25.375 72.375 -0.075981
25.375 72.625 -0.16725
25.375 72.875 -0.22243
25.375 73.125 -0.20078
25.375 73.375 -0.2652
25.375 73.625 -0.034885
25.375 73.875 -0.79506
25.375 74.125 -0.76782
25.375 74.375 -0.81029
25.375 74.625 -0.56061
25.375 74.875 -0.5631
25.375 75.125 -0.46678
25.375 75.375 -0.13976
25.375 75.625 0.80269
25.375 75.875 -0.33483
25.375 76.125 -0.23942
25.375 76.375 0.074278
25.375 76.625 -0.22143
25.375 76.875 -0.2527
25.375 77.125 0.97639
25.375 77.375 0.64551
25.375 77.625 0.25046
25.375 77.875 0.57248
25.375 78.125 0.72331
25.375 78.375 0.83602
25.375 78.625 -0.38835
25.375 78.875 -0.62503
25.375 79.125 1.0911
25.375 79.375 2.1444
25.375 79.625 1.8992
25.375 79.875 1.5327
25.375 80.125 1.6095
25.375 80.375 1.9255
25.375 80.625 0.41329
25.375 80.875 -0.91111
25.375 81.125 -0.69408
25.375 81.375 -0.34143
25.375 81.625 0.56619
25.375 81.875 -0.90856
25.375 82.125 -1.065
25.375 82.375 -1.1614
25.375 82.625 -1.0135
25.375 82.875 -0.84557
25.375 83.125 -0.72322
25.375 83.375 0.20286
25.375 83.625 0.14775
25.375 83.875 0.11839
25.375 84.125 -0.013786
25.375 84.375 -0.64923
25.375 84.625 -0.60953
25.375 84.875 -0.24063
25.375 85.125 -0.72239
25.375 85.375 -1.2063
25.375 85.625 -0.47549
25.375 85.875 0.27212
25.375 86.125 0.014297
25.375 86.375 -0.049871
25.375 86.625 -0.55203
25.375 86.875 -0.62212
25.375 87.125 -0.9043
25.375 87.375 -0.82764
25.375 87.625 -0.78886
25.375 87.875 -0.86131
25.375 88.125 -1.0341
25.375 88.375 -1.1817
25.375 88.625 -1.0225
25.375 90.125 -1.115
25.375 90.375 -1.3152
25.375 90.625 -1.1502
25.375 90.875 -1.1367
25.375 91.125 -1.0414
25.375 91.375 -0.593
25.375 91.625 -0.58665
25.375 91.875 -0.50401
25.375 92.125 -0.4214
25.375 92.375 -0.26764
25.375 92.625 -0.56445
25.375 92.875 -0.71757
25.375 93.125 -0.75221
25.375 93.375 -0.83134
25.375 93.625 -0.77612
25.375 93.875 -0.58711
25.375 94.125 -0.3689
25.375 94.375 0.017792
25.625 70.875 -0.55313
25.625 71.125 -0.76423
25.625 71.375 -0.78808
25.625 71.625 -0.73701
25.625 71.875 -0.64411
25.625 72.125 -0.23086
25.625 72.375 -0.23945
25.625 72.625 -0.32976
25.625 72.875 -0.19398
25.625 73.125 -0.082546
25.625 73.375 -0.22424
25.625 73.625 -0.28283
25.625 73.875 -0.37667
25.625 74.125 -0.21739
25.625 74.375 -0.44641
25.625 74.625 -0.48065
25.625 74.875 0.32683
25.625 75.125 -0.3738
25.625 75.375 -0.29051
25.625 75.625 0.64441
25.625 75.875 0.068853
25.625 76.125 0.072779
25.625 76.375 -0.065608
25.625 76.625 -0.36044
25.625 76.875 -0.13095
25.625 77.125 0.78632
25.625 77.375 0.87892
25.625 77.625 0.24446
25.625 77.875 -0.040888
25.625 78.125 0.18677
25.625 78.375 0.2468
25.625 78.625 0.077135
25.625 78.875 -0.4225
25.625 79.125 1.8565
25.625 79.375 1.6492
25.625 79.625 1.6484
25.625 79.875 1.4385
25.625 80.125 0.64766
25.625 80.375 0.30722
25.625 80.625 -0.70991
25.625 80.875 -0.94328
25.625 81.125 -0.22931
25.625 81.375 0.55128
25.625 81.625 -0.35495
25.625 81.875 -0.41052
25.625 82.125 -0.96822
25.625 82.375 -0.1963
25.625 82.625 -1.1939
25.625 82.875 -1.0331
25.625 83.125 -0.56922
25.625 83.375 0.35202
25.625 83.625 0.29341
25.625 83.875 -0.38311
25.625 84.125 -1.0366
25.625 84.375 -0.85754
25.625 84.625 -0.27383
25.625 84.875 -0.48565
25.625 85.125 -0.88479
25.625 85.375 -0.74236
25.625 85.625 -0.7165
25.625 85.875 -0.71508
25.625 86.125 -0.73132
25.625 86.375 -0.72001
25.625 86.625 -0.54459
25.625 86.875 -0.55433
25.625 87.125 -0.74822
25.625 87.375 -0.97758
25.625 87.625 -0.97841
25.625 87.875 -1.0084
25.625 88.125 -1.1996
25.625 90.125 -0.98227
25.625 90.375 -1.117
25.625 90.625 -1.3263
25.625 90.875 -0.92886
25.625 91.125 -0.83529
25.625 91.375 -0.67291
25.625 91.625 -0.47299
25.625 91.875 -0.3451
25.625 92.125 -0.21943
25.625 92.375 0.093377
25.625 92.625 -0.64934
25.625 92.875 -0.77417
25.625 93.125 -0.70133
25.625 93.375 -0.66612
25.625 93.625 -0.97594
25.625 93.875 -0.46422
25.625 94.125 -0.12233
25.625 94.375 0.16413
25.625 94.625 0.77319
25.625 94.875 1.2184
25.875 70.375 -0.44341
25.875 70.625 -0.47772
25.875 70.875 -0.67065
25.875 71.125 -0.57094
25.875 71.375 -0.82379
25.875 71.625 -0.68682
25.875 71.875 -0.62232
25.875 72.125 -0.47853
25.875 72.375 -0.10377
25.875 72.625 -0.39978
25.875 72.875 -0.31712
25.875 73.125 0.036719
25.875 73.375 0.026839
25.875 73.625 -0.0086336
25.875 73.875 0.069968
25.875 74.125 -0.26338
25.875 74.375 -0.28595
25.875 74.625 -0.05346
25.875 74.875 -0.25629
25.875 75.125 -0.61705
25.875 75.375 -0.79141
25.875 75.625 -0.38397
25.875 75.875 -0.13662
25.875 76.125 -0.34607
25.875 76.375 0.30401
25.875 76.625 -0.14319
25.875 76.875 -0.15284
25.875 77.125 0.48409
25.875 77.375 0.65327
25.875 77.625 0.54046
25.875 77.875 -0.17273
25.875 78.125 0.8685
25.875 78.375 0.94786
25.875 78.625 0.96491
25.875 78.875 0.27699
25.875 79.125 1.0761
25.875 79.375 0.5743
25.875 79.625 0.18317
25.875 79.875 1.4439
25.875 80.125 0.65369
25.875 80.375 0.17301
25.875 80.625 -0.51998
25.875 80.875 -0.53299
25.875 81.125 -0.3352
25.875 81.375 1.257
25.875 81.625 -0.34869
25.875 81.875 0.20868
25.875 82.125 -1.0296
25.875 82.375 -0.76983
25.875 82.625 -0.76868
25.875 82.875 0.31591
25.875 83.125 -1.1114
25.875 83.375 -1.0443
25.875 83.625 0.071615
25.875 83.875 -0.85297
25.875 84.125 -0.031095
25.875 84.375 -0.96029
25.875 84.625 -0.49591
25.875 84.875 -0.88997
25.875 85.125 -0.64661
25.875 85.375 -0.89125
25.875 85.625 -0.71588
25.875 85.875 -0.67258
25.875 86.125 -0.74365
25.875 86.375 -0.63597
25.875 86.625 -0.44302
25.875 86.875 -0.63554
25.875 87.125 -0.89351
25.875 87.375 -0.98164
25.875 87.625 -1.2686
25.875 87.875 -0.95629
25.875 90.125 -0.95212
25.875 90.375 -0.93993
25.875 90.625 -1.0397
25.875 90.875 -0.47875
25.875 91.125 -0.38099
25.875 91.375 -0.56299
25.875 91.625 -0.66623
25.875 91.875 -0.62967
25.875 92.125 -0.42485
25.875 92.375 -0.5601
25.875 92.625 -0.71965
25.875 92.875 -1.11
25.875 93.125 -0.94974
25.875 93.375 -0.80839
25.875 93.625 -0.8419
25.875 93.875 0.011232
25.875 94.125 -0.33311
25.875 94.375 -0.16305
25.875 94.625 0.52545
25.875 94.875 1.041
26.125 70.375 -0.44532
26.125 70.625 -0.6461
26.125 70.875 -0.5103
26.125 71.125 -0.37919
26.125 71.375 -0.64873
26.125 71.625 -0.58321
26.125 71.875 -0.36971
26.125 72.125 -0.18509
26.125 72.375 -0.55381
26.125 72.625 -0.17333
26.125 72.875 -0.25594
26.125 73.125 -0.069729
26.125 73.375 -0.062931
26.125 73.625 0.023543
26.125 73.875 0.084415
26.125 74.125 -0.077586
26.125 74.375 0.014289
26.125 74.625 -0.32548
26.125 74.875 -0.23159
26.125 75.125 -0.089478
26.125 75.375 -0.59447
26.125 75.625 -0.61793
26.125 75.875 -0.74155
26.125 76.125 -0.71361
26.125 76.375 -0.037824
26.125 76.625 0.38219
26.125 76.875 -0.19285
26.125 77.125 0.62689
26.125 77.375 0.22721
26.125 77.625 0.33868
26.125 77.875 -0.021369
26.125 78.125 0.84204
26.125 78.375 2.3216
26.125 78.625 1.7599
26.125 78.875 2.1963
26.125 79.125 1.6142
26.125 79.375 0.72997
26.125 79.625 -0.58169
26.125 79.875 -0.38781
26.125 80.125 0.69857
26.125 80.375 0.1291
26.125 80.625 -0.54741
26.125 80.875 1.2061
26.125 81.125 0.22649
26.125 81.375 -0.98246
26.125 81.625 0.5227
26.125 81.875 0.48358
26.125 82.125 -0.89747
26.125 82.375 -0.97684
26.125 82.625 -0.35516
26.125 82.875 0.11785
26.125 83.125 -1.2348
26.125 83.375 -1.1302
26.125 83.625 -1.162
26.125 83.875 -0.31086
26.125 84.125 -0.0030483
26.125 84.375 -0.90929
26.125 84.625 -0.74978
26.125 84.875 -1.0288
26.125 85.125 -0.10358
26.125 85.375 -0.95631
26.125 85.625 -0.5541
26.125 85.875 0.79818
26.125 86.125 -0.67534
26.125 86.375 -0.84828
26.125 86.625 -0.66565
26.125 86.875 -0.70542
26.125 87.125 -0.83691
26.125 87.375 -0.88582
26.125 87.625 -0.81478
26.125 87.875 -0.79901
26.125 88.125 -0.99166
26.125 89.375 -1.1677
26.125 89.875 -1.1295
26.125 90.125 -0.8573
26.125 90.375 -1.0579
26.125 90.625 -1.3803
26.125 90.875 -0.64042
26.125 91.125 -0.48422
26.125 91.375 -0.60878
26.125 91.625 -0.70526
26.125 91.875 -0.90565
26.125 92.125 -0.80368
26.125 92.375 -0.63559
26.125 92.625 -0.5755
26.125 92.875 -1.1255
26.125 93.125 -1.0144
26.125 93.375 -0.75548
26.125 93.625 -1.0049
26.125 93.875 0.28974
26.125 94.125 0.14309
26.125 94.375 0.19172
26.125 94.625 0.38773
26.125 94.875 0.83983
26.375 70.375 -0.62581
26.375 70.625 -0.72923
26.375 70.875 -0.68182
26.375 71.125 -0.26514
26.375 71.375 -0.27472
26.375 71.625 0.091555
26.375 71.875 0.0092023
26.375 72.125 -0.1896
26.375 72.375 -0.41529
26.375 72.625 -0.70752
26.375 72.875 -0.14331
26.375 73.125 -0.090854
26.375 73.375 -0.061004
26.375 73.625 0.010129
26.375 73.875 -0.0018145
26.375 74.125 -0.0056642
26.375 74.375 0.14186
26.375 74.625 -0.50108
26.375 74.875 -0.42485
26.375 75.125 -0.46848
26.375 75.375 -0.4461
26.375 75.625 -0.55804
26.375 75.875 -0.55011
26.375 76.125 -0.29214
26.375 76.375 -0.31094
26.375 76.625 0.1268
26.375 76.875 -0.062929
26.375 77.125 0.18503
26.375 77.375 1.1633
26.375 77.625 0.51967
26.375 77.875 -0.54423
26.375 78.125 0.40539
26.375 78.375 -0.050834
26.375 78.625 1.4727
26.375 78.875 1.7515
26.375 79.125 1.3971
26.375 79.375 -0.64056
26.375 79.625 -0.63733
26.375 79.875 1.2847
26.375 80.125 0.92777
26.375 80.375 -0.065834
26.375 80.625 -0.31251
26.375 80.875 0.16553
26.375 81.125 -0.54522
26.375 81.375 -1.0083
26.375 81.625 -0.95813
26.375 81.875 -1.1514
26.375 82.125 -1.0021
26.375 82.375 -0.25691
26.375 82.625 -0.95759
26.375 82.875 0.017458
26.375 83.125 -0.50227
26.375 83.375 -0.52741
26.375 83.625 -0.68737
26.375 83.875 -0.45599
26.375 84.125 -0.36223
26.375 84.375 -0.52766
26.375 84.625 -0.83604
26.375 84.875 -0.85007
26.375 85.125 -0.78298
26.375 85.375 -0.99528
26.375 85.625 -0.74442
26.375 85.875 -0.45441
26.375 86.125 -0.56482
26.375 86.375 -1.2583
26.375 86.625 -0.99138
26.375 86.875 -0.79567
26.375 87.125 -0.95509
26.375 87.625 -0.86926
26.375 87.875 -0.99257
26.375 88.125 -1.0538
26.375 88.375 -1.0547
26.375 88.875 -0.96838
26.375 89.375 -1.1072
26.375 89.625 -1.2229
26.375 89.875 -1.1698
26.375 90.125 -0.94951
26.375 90.375 -0.95744
26.375 90.625 -1.2752
26.375 90.875 -0.65693
26.375 91.125 -0.52766
26.375 91.375 -0.90945
26.375 91.625 -1.0191
26.375 91.875 -1.2214
26.375 92.125 -0.71984
26.375 92.375 -0.67397
26.375 92.625 -0.62754
26.375 92.875 -0.70377
26.375 93.125 -0.99686
26.375 93.375 -0.80556
26.375 93.625 -1.0795
26.375 93.875 -0.084958
26.375 94.125 -0.69492
26.375 94.375 -0.79948
26.375 94.625 -0.60079
26.375 94.875 0.19013
26.625 69.875 -0.77288
26.625 70.125 -0.45595
26.625 70.375 -0.5036
26.625 70.625 -0.7827
26.625 70.875 -0.77682
26.625 71.125 -0.78098
26.625 71.375 0.0069783
26.625 71.625 0.10875
26.625 71.875 0.10313
26.625 72.125 -0.18612
26.625 72.375 -0.4898
26.625 72.625 -0.66954
26.625 72.875 -0.36944
26.625 73.125 0.058211
26.625 73.375 -0.094747
26.625 73.625 0.035102
26.625 73.875 0.0085485
26.625 74.125 0.015152
26.625 74.375 0.040702
26.625 74.625 -0.22455
26.625 74.875 -0.33259
26.625 75.125 -0.42378
26.625 75.375 -0.33459
26.625 75.625 -0.34253
26.625 75.875 -0.59097
26.625 76.125 0.09417
26.625 76.375 -0.052064
26.625 76.625 -0.49882
26.625 76.875 -0.092365
26.625 77.125 0.99873
26.625 77.375 1.2173
26.625 77.625 0.69999
26.625 77.875 -0.76904
26.625 78.125 0.03387
26.625 78.375 1.5323
26.625 78.625 1.7084
26.625 78.875 0.42164
26.625 79.125 -0.41773
26.625 79.375 0.063589
26.625 79.625 1.5
26.625 79.875 0.47411
26.625 80.125 -0.48292
26.625 80.375 0.83281
26.625 80.625 0.083405
26.625 80.875 0.22376
26.625 81.125 0.3328
26.625 81.375 -0.48778
26.625 81.625 -0.89802
26.625 81.875 0.44128
26.625 82.125 -0.35165
26.625 82.375 1.3079
26.625 82.625 -1.3659
26.625 82.875 0.018541
26.625 83.125 -0.012832
26.625 83.375 -0.78942
26.625 83.625 -0.74201
26.625 83.875 -0.88726
26.625 84.125 0.11497
26.625 84.375 -0.47821
26.625 84.625 -0.82867
26.625 84.875 -0.86225
26.625 85.125 -0.63509
26.625 85.375 -0.89704
26.625 85.625 -0.85439
26.625 86.125 -1.0121
26.625 88.375 -1.289
26.625 88.625 -0.8315
26.625 88.875 -1.2488
26.625 89.125 -1.5641
26.625 89.375 -0.88581
26.625 89.625 -1.1619
26.625 89.875 -0.9006
26.625 90.125 -1.0267
26.625 90.375 -1.3878
26.625 90.625 -1.3632
26.625 90.875 -1.2372
26.625 91.125 -1.1683
26.625 91.375 -0.70582
26.625 91.625 -0.61928
26.625 91.875 -1.1738
26.625 92.125 -0.83553
26.625 92.375 -0.99023
26.625 92.625 -0.95148
26.625 92.875 -0.83465
26.625 93.125 -0.64691
26.625 93.375 -0.85751
26.625 93.625 -0.48514
26.625 93.875 -0.89644
26.625 94.125 -1.0982
26.625 94.375 -0.88932
26.625 94.625 -0.5689
26.625 94.875 -0.36601
26.625 95.125 -0.54769
26.875 69.625 -0.79878
26.875 69.875 -0.62829
26.875 70.125 -0.62554
26.875 70.375 -0.40933
26.875 70.625 -0.89211
26.875 70.875 -0.89244
26.875 71.125 -0.77996
26.875 71.375 -0.41357
26.875 71.625 -0.25156
26.875 71.875 -0.3637
26.875 72.125 -0.086161
26.875 72.375 -0.28119
26.875 72.625 -0.28467
26.875 72.875 0.036492
26.875 73.125 0.047595
26.875 73.375 -0.22046
26.875 73.625 -0.18384
26.875 73.875 0.034483
26.875 74.125 -0.083882
26.875 74.375 0.077154
26.875 74.625 0.042786
26.875 74.875 0.31588
26.875 75.125 -0.37783
26.875 75.375 -0.18631
26.875 75.625 -0.64611
26.875 75.875 -0.52464
26.875 76.125 0.40106
26.875 76.375 0.080565
26.875 76.625 -0.39662
26.875 76.875 0.096851
26.875 77.125 0.44239
26.875 77.375 -0.17688
26.875 77.625 0.19354
26.875 77.875 -0.06453
26.875 78.125 -0.31921
26.875 78.375 0.31821
26.875 78.625 1.2692
26.875 78.875 0.80933
26.875 79.125 1.874
26.875 79.375 2.1758
26.875 79.625 1.5463
26.875 79.875 1.5252
26.875 80.125 -0.25733
26.875 80.375 0.59119
26.875 80.625 1.2131
26.875 80.875 0.39289
26.875 81.125 0.56476
26.875 81.375 0.28925
26.875 81.625 -0.72418
26.875 81.875 0.53418
26.875 82.125 0.4274
26.875 82.375 -1.3578
26.875 82.625 -1.3891
26.875 82.875 -0.30513
26.875 83.125 -0.26392
26.875 83.375 -1.1159
26.875 83.625 -0.81666
26.875 83.875 -0.91893
26.875 84.125 0.092561
26.875 84.375 -0.16885
26.875 84.625 -0.3752
26.875 84.875 -0.62367
26.875 88.375 -1.0873
26.875 88.625 -1.2432
26.875 88.875 -1.3455
26.875 92.375 -1.0258
26.875 92.625 -0.78256
26.875 92.875 -0.88154
26.875 93.125 -0.84179
26.875 93.375 -1.0856
26.875 93.625 -1.2182
26.875 93.875 -1.4299
26.875 94.125 -1.3189
26.875 94.375 -0.78222
26.875 94.625 -0.96648
26.875 94.875 -1.0405
26.875 95.125 -0.80826
26.875 95.375 -0.79926
26.875 95.625 -0.12659
27.125 69.875 -0.64417
27.125 70.125 -0.64911
27.125 70.375 -0.41064
27.125 70.625 -0.52403
27.125 70.875 -0.88872
27.125 71.125 -0.63044
27.125 71.375 -0.60994
27.125 71.625 -0.64787
27.125 71.875 -0.31493
27.125 72.125 -0.26402
27.125 72.375 -0.39569
27.125 72.625 -0.19268
27.125 72.875 -0.13002
27.125 73.125 -0.087505
27.125 73.375 -0.19456
27.125 73.625 -0.205
27.125 73.875 -0.026005
27.125 74.125 -0.011264
27.125 74.375 -0.11406
27.125 74.625 -0.0020679
27.125 74.875 -0.3562
27.125 75.125 -0.28018
27.125 75.375 -0.21157
27.125 75.625 0.098046
27.125 75.875 -0.16448
27.125 76.125 -0.2089
27.125 76.375 0.12107
27.125 76.625 0.19884
27.125 76.875 0.40215
27.125 77.125 0.37284
27.125 77.375 -0.36108
27.125 77.625 0.1717
27.125 77.875 -0.54019
27.125 78.125 1.0676
27.125 78.375 0.20599
27.125 78.625 -1.0072
27.125 78.875 0.13535
27.125 79.125 1.6478
27.125 79.375 -0.28627
27.125 79.625 0.37944
27.125 79.875 1.1332
27.125 80.125 1.1991
27.125 80.375 1.4677
27.125 80.625 0.0034735
27.125 80.875 -0.79745
27.125 81.125 0.69189
27.125 81.375 0.62016
27.125 81.625 0.23171
27.125 81.875 0.50159
27.125 82.125 0.38401
27.125 82.375 -1.0429
27.125 82.625 0.85184
27.125 82.875 0.3457
27.125 83.125 -0.3842
27.125 83.375 -0.57142
27.125 83.625 0.18778
27.125 83.875 -0.056651
27.125 84.125 -0.92926
27.125 84.375 -0.36706
27.125 84.625 -0.40103
27.125 88.125 -0.60201
27.125 88.375 -0.97694
27.125 88.625 -1.2531
27.125 92.125 -0.52435
27.125 92.375 -0.41102
27.125 92.625 -0.59246
27.125 92.875 -0.88119
27.125 93.125 -1.2291
27.125 93.375 -1.067
27.125 93.625 -1.0982
27.125 93.875 -0.76053
27.125 94.125 -0.94144
27.125 94.375 -0.96438
27.125 94.625 -1.2587
27.125 94.875 -1.1593
27.125 95.125 -1.1424
27.125 95.375 -1.1582
27.125 95.625 -0.92456
27.125 95.875 -0.79209
27.375 70.125 -0.69482
27.375 70.375 -0.44716
27.375 70.625 -0.91235
27.375 70.875 -0.49301
27.375 71.125 -0.52181
27.375 71.375 -0.56677
27.375 71.625 -0.56051
27.375 71.875 -0.58489
27.375 72.125 -0.68419
27.375 72.375 -0.51364
27.375 72.625 -0.827
27.375 72.875 -0.50485
27.375 73.125 0.029215
27.375 73.375 0.044724
27.375 73.625 -0.075228
27.375 73.875 -0.14121
27.375 74.125 -0.12132
27.375 74.375 -0.3057
27.375 74.625 -0.070153
27.375 74.875 -0.024469
27.375 75.125 -0.22762
27.375 75.375 -0.47356
27.375 75.625 0.11731
27.375 75.875 0.043048
27.375 76.125 -0.54852
27.375 76.375 -0.32421
27.375 76.625 -0.26996
27.375 76.875 0.28569
27.375 77.125 -0.00070847
27.375 77.375 -0.8912
27.375 77.625 -0.43069
27.375 77.875 0.00029898
27.375 78.125 0.5765
27.375 78.375 -0.27442
27.375 78.625 0.1975
27.375 78.875 2.9209
27.375 79.125 2.536
27.375 79.375 -0.62574
27.375 79.625 -0.60468
27.375 79.875 1.4502
27.375 80.125 -0.2395
27.375 80.375 -0.31388
27.375 80.625 -0.62319
27.375 80.875 -0.73672
27.375 81.125 0.53673
27.375 81.375 0.48703
27.375 81.625 -0.64537
27.375 81.875 0.33538
27.375 82.125 0.67567
27.375 82.375 -0.19039
27.375 82.625 0.76227
27.375 82.875 -0.23965
27.375 83.125 -0.31518
27.375 83.625 -0.48063
27.375 84.125 -0.14213
27.375 84.375 -0.44737
27.375 88.125 -0.17821
27.375 88.375 -0.75008
27.375 88.625 -1.0653
27.375 92.125 -0.20231
27.375 92.375 0.14998
27.375 92.625 0.13696
27.375 92.875 -0.60946
27.375 93.125 -1.0068
27.375 93.375 -0.54039
27.375 93.625 -0.41756
27.375 93.875 -0.79918
27.375 94.125 -0.6057
27.375 94.375 -1.2155
27.375 94.625 -0.99219
27.375 94.875 -0.86095
27.375 95.125 -1.172
27.375 95.375 -1.1327
27.375 95.625 -1.1928
27.375 95.875 -1.1586
27.375 96.125 -1.2485
27.375 96.375 -0.92368
27.375 96.625 -0.68184
27.375 96.875 -0.074453
27.625 70.125 -0.74473
27.625 70.375 -0.72832
27.625 70.625 -0.51313
27.625 70.875 -0.72685
27.625 71.125 -0.72716
27.625 71.375 -0.60798
27.625 71.625 -0.7373
27.625 71.875 -0.50525
27.625 72.125 -0.28059
27.625 72.375 -0.54432
27.625 72.625 -0.65697
27.625 72.875 -0.43921
27.625 73.125 -0.45003
27.625 73.375 0.13407
27.625 73.625 1.1215
27.625 73.875 -0.17739
27.625 74.125 0.056565
27.625 74.375 0.038488
27.625 74.625 0.26268
27.625 74.875 0.3743
27.625 75.125 -0.27288
27.625 75.375 -0.10343
27.625 75.625 0.12027
27.625 75.875 -0.63179
27.625 76.125 -0.68379
27.625 76.375 -0.42352
27.625 76.625 0.7158
27.625 76.875 0.92043
27.625 77.125 -0.80643
27.625 77.375 -0.89489
27.625 77.625 -0.94213
27.625 77.875 -0.71151
27.625 78.125 1.6827
27.625 78.375 0.58949
27.625 78.625 -0.6379
27.625 78.875 2.3589
27.625 79.125 1.244
27.625 79.375 -0.93621
27.625 79.625 -0.54297
27.625 79.875 0.91098
27.625 80.125 0.94671
27.625 80.375 -0.24765
27.625 80.625 -0.54021
27.625 80.875 -0.4513
27.625 81.125 0.86782
27.625 81.375 -0.043419
27.625 81.625 0.15229
27.625 81.875 0.10897
27.625 82.125 0.21648
27.625 82.375 -0.19265
27.625 82.625 0.36867
27.625 88.375 -0.24736
27.625 88.625 -0.4753
27.625 91.625 -0.96173
27.625 91.875 -0.68968
27.625 92.125 -0.48201
27.625 92.375 0.24861
27.625 92.625 0.29011
27.625 92.875 -0.31776
27.625 93.125 -0.91012
27.625 93.375 -0.50083
27.625 93.625 -0.41775
27.625 93.875 -1.076
27.625 94.125 -1.1743
27.625 94.375 -1.5231
27.625 94.625 -1.1735
27.625 94.875 -1.0546
27.625 95.125 -1.1821
27.625 95.375 -0.80422
27.625 95.625 -1.1698
27.625 95.875 -1.1079
27.625 96.125 -1.1073
27.625 96.375 -1.0132
27.625 96.625 -0.69288
27.625 96.875 -0.35715
27.875 70.375 -0.50726
27.875 71.875 -0.55918
27.875 72.125 -0.63911
27.875 72.375 -0.74933
27.875 72.625 -0.75936
27.875 72.875 -0.72508
27.875 73.125 -0.77136
27.875 73.375 -0.23587
27.875 73.625 1.01
27.875 73.875 0.221
27.875 74.125 0.16618
27.875 74.375 -0.072216
27.875 74.625 0.031673
27.875 74.875 0.14363
27.875 75.125 -0.040503
27.875 75.375 -0.086756
27.875 75.625 0.037439
27.875 75.875 -0.48508
27.875 76.125 -0.48826
27.875 76.375 -0.10836
27.875 76.625 -0.32593
27.875 76.875 -0.2397
27.875 77.125 -0.15995
27.875 77.375 -0.61415
27.875 77.625 -0.9498
27.875 77.875 -0.43911
27.875 78.125 0.84329
27.875 78.375 1.3129
27.875 78.625 1.2849
27.875 78.875 0.73072
27.875 79.125 -0.31183
27.875 79.375 1.361
27.875 79.625 1.4991
27.875 79.875 0.32692
27.875 80.125 0.36175
27.875 80.375 -0.12849
27.875 80.625 -0.3424
27.875 80.875 -0.5369
27.875 81.125 -0.093608
27.875 81.375 0.091755
27.875 81.625 -0.049882
27.875 88.375 -0.47806
27.875 88.625 -0.69959
27.875 92.875 0.78511
27.875 93.125 -0.23356
27.875 93.375 -0.71641
27.875 93.625 -1.2616
27.875 93.875 -1.2266
27.875 94.125 -1.4677
27.875 94.375 -1.2874
27.875 94.625 -0.82697
27.875 94.875 -0.83856
27.875 95.125 -0.80331
27.875 95.375 -0.96601
27.875 95.625 -0.87608
27.875 95.875 -0.79171
27.875 96.125 -0.85518
27.875 96.375 -1.037
27.875 96.625 -0.65161
27.875 96.875 -0.72169
27.875 97.125 -0.1054
28.125 72.125 -0.76525
28.125 72.375 -0.8244
28.125 72.625 -0.78027
28.125 72.875 -0.39836
28.125 73.125 -0.057951
28.125 73.375 -0.05079
28.125 73.625 0.48029
28.125 73.875 0.6019
28.125 74.125 0.22592
28.125 74.375 -0.12437
28.125 74.625 -0.16806
28.125 74.875 0.22829
28.125 75.125 0.024818
28.125 75.375 -0.030828
28.125 75.625 0.30011
28.125 75.875 -0.37319
28.125 76.125 0.1128
28.125 76.375 -0.40013
28.125 76.625 0.22566
28.125 76.875 0.66153
28.125 77.125 -0.094298
28.125 77.375 -0.35323
28.125 77.625 -0.57768
28.125 77.875 0.24307
28.125 78.125 0.88517
28.125 78.375 1.8636
28.125 78.625 1.0105
28.125 78.875 2.7609
28.125 79.125 1.7567
28.125 79.375 0.27147
28.125 79.625 0.87092
28.125 79.875 1.4039
28.125 80.125 0.06788
28.125 80.375 -0.10211
28.125 80.625 -0.062148
28.125 80.875 -0.24578
28.125 81.125 0.12689
28.125 81.375 -0.058716
28.125 92.875 1.1868
28.125 93.125 -0.29969
28.125 93.375 -1.1136
28.125 93.625 -1.4212
28.125 93.875 -1.1301
28.125 94.125 -1.1434
28.125 94.375 -0.88168
28.125 94.625 -0.58199
28.125 94.875 -0.8259
28.125 95.125 -0.83331
28.125 95.375 -0.79139
28.125 95.625 -0.97041
28.125 95.875 -1.0047
28.125 96.125 -0.95363
28.125 96.375 -0.82413
28.125 96.625 -0.81925
28.125 96.875 -0.74035
28.125 97.125 -0.52141
28.375 72.375 -0.94197
28.375 72.625 -0.8801
28.375 72.875 -0.87146
28.375 73.125 -0.18943
28.375 73.375 -0.34173
28.375 73.625 -0.31819
28.375 73.875 -0.049119
28.375 74.125 -0.11293
28.375 74.375 -0.1044
28.375 74.625 -0.1069
28.375 74.875 -0.31801
28.375 75.125 -0.23967
28.375 75.375 0.25493
28.375 75.625 0.84375
28.375 75.875 0.50995
28.375 76.125 0.19174
28.375 76.375 -0.34075
28.375 76.625 -0.020741
28.375 76.875 0.57437
28.375 77.125 -0.33862
28.375 77.375 -0.3975
28.375 77.625 -0.5822
28.375 77.875 -0.28057
28.375 78.125 2.9831
28.375 78.375 1.7855
28.375 78.625 0.42691
28.375 78.875 -0.64779
28.375 79.125 1.1251
28.375 79.375 0.48813
28.375 79.625 -0.59686
28.375 79.875 0.29502
28.375 80.125 -0.29031
28.375 80.375 -0.19131
28.375 80.625 -0.17151
28.375 80.875 -0.24729
28.375 81.125 -0.13316
28.375 93.375 -0.85168
28.375 93.625 -0.8599
28.375 93.875 -0.84686
28.375 94.125 -0.64011
28.375 94.375 -0.62906
28.375 94.625 -0.71907
28.375 94.875 -0.77771
28.375 95.125 -0.72678
28.375 95.375 -0.30509
28.375 95.625 -0.56888
28.375 95.875 -0.80166
28.375 96.125 -0.78677
28.375 96.625 -0.80769
28.625 72.375 -0.53099
28.625 72.625 -0.77357
28.625 72.875 -0.63747
28.625 73.125 -0.44681
28.625 73.375 -0.30532
28.625 73.625 -0.28455
28.625 73.875 -0.58983
28.625 74.125 -0.67067
28.625 74.375 -0.4282
28.625 74.625 -0.35136
28.625 74.875 -0.43618
28.625 75.125 -0.16776
28.625 75.375 -0.41059
28.625 75.625 -0.71231
28.625 75.875 -0.37298
28.625 76.125 -0.32641
28.625 76.375 -0.49951
28.625 76.625 -0.012908
28.625 76.875 0.13134
28.625 77.125 -0.89361
28.625 77.375 -0.7087
28.625 77.625 -0.955
28.625 77.875 -0.97337
28.625 78.125 1.9307
28.625 78.375 0.71237
28.625 78.625 -0.63393
28.625 78.875 0.28217
28.625 79.125 0.23706
28.625 79.375 -0.021711
28.625 79.625 0.20392
28.625 79.875 -0.39377
28.625 80.125 -0.29875
28.625 80.375 -0.32037
28.625 80.625 -0.22304
28.625 93.625 -0.64292
28.625 93.875 -0.63072
28.625 94.125 -0.54568
28.625 94.375 -0.5297
28.625 94.625 -0.6625
28.625 94.875 -0.83444
28.625 95.125 -0.6008
28.625 95.375 0.31511
28.625 95.625 -0.0216
28.625 95.875 -0.89966
28.625 96.125 -0.73547
28.625 96.375 2.0802
28.875 72.875 -0.3246
28.875 73.125 -0.35038
28.875 73.375 0.18494
28.875 73.625 0.040842
28.875 73.875 -0.1844
28.875 74.125 -0.62763
28.875 74.375 -0.68087
28.875 74.625 -0.62097
28.875 74.875 -0.32998
28.875 75.125 -0.46346
28.875 75.375 -0.72415
28.875 75.625 -0.74693
28.875 75.875 -0.44704
28.875 76.125 -0.43472
28.875 76.375 -0.62445
28.875 76.625 -0.76605
28.875 76.875 -0.83853
28.875 77.125 0.87195
28.875 77.375 1.414
28.875 77.625 1.1077
28.875 77.875 2.5246
28.875 78.125 2.1524
28.875 78.375 0.77167
28.875 78.625 -0.37964
28.875 78.875 -0.11829
28.875 79.125 0.29512
28.875 79.375 0.28708
28.875 79.625 0.20886
28.875 79.875 0.18923
28.875 94.125 -0.65842
28.875 94.375 -0.71984
28.875 94.625 -0.55444
28.875 94.875 -0.70751
28.875 95.125 -0.62995
28.875 95.375 -0.047396
28.875 95.625 -0.53471
28.875 95.875 -1.0029
28.875 96.125 -0.9358
28.875 96.375 1.3263
29.125 73.125 -0.18213
29.125 73.375 0.21111
29.125 73.625 -0.005579
29.125 73.875 0.18593
29.125 74.125 -0.42808
29.125 74.375 -0.64716
29.125 74.625 -0.54288
29.125 74.875 -0.52641
29.125 75.125 -0.40222
29.125 75.375 -0.44161
29.125 75.625 -0.46756
29.125 75.875 -0.57122
29.125 76.125 -0.54177
29.125 76.375 -0.75003
29.125 76.625 -0.68412
29.125 76.875 -0.72614
29.125 77.125 -0.093387
29.125 77.375 1.3619
29.125 77.625 1.439
29.125 77.875 1.7528
29.125 78.125 1.8035
29.125 78.375 1.5511
29.125 78.625 0.85984
29.125 78.875 0.20142
29.125 79.125 0.21195
29.125 79.375 0.24016
29.125 79.625 0.14652
29.125 79.875 0.19754
29.125 80.125 -0.24732
29.125 94.375 -0.55967
29.125 94.625 -0.61637
29.125 94.875 -0.72329
29.125 95.625 -0.86642
29.125 95.875 -0.63709
29.125 96.125 1.4973
29.375 73.375 -0.41816
29.375 73.625 0.043108
29.375 73.875 0.16201
29.375 74.125 0.37683
29.375 74.375 -0.62866
29.375 74.625 -0.49268
29.375 74.875 -0.44395
29.375 75.125 -0.26084
29.375 75.375 -0.41166
29.375 75.625 -0.4669
29.375 75.875 -0.40152
29.375 76.125 -0.44262
29.375 76.375 -0.62088
29.375 76.625 -0.62092
29.375 76.875 -0.88459
29.375 77.125 -0.9216
29.375 77.375 0.76303
29.375 77.625 1.8843
29.375 77.875 1.8219
29.375 78.125 1.1621
29.375 78.375 1.5171
29.375 78.625 -0.18887
29.375 78.875 -0.070815
29.375 79.125 0.3635
29.375 79.375 -0.16193
29.375 79.625 -0.083995
29.375 79.875 -0.21694
29.375 80.125 -0.29947
29.375 96.125 0.51188
29.625 73.375 -0.35483
29.625 73.625 0.72744
29.625 73.875 0.73883
29.625 74.125 0.59966
29.625 74.375 -0.48171
29.625 74.625 -0.52221
29.625 74.875 -0.4177
29.625 75.125 -0.4503
29.625 75.375 -0.43911
29.625 75.625 0.13533
29.625 75.875 -0.49569
29.625 76.125 -0.62412
29.625 76.375 -0.50238
29.625 76.625 -0.54481
29.625 76.875 -0.42311
29.625 77.125 -0.78104
29.625 77.375 -0.39499
29.625 77.625 0.74488
29.625 77.875 0.70453
29.625 78.125 1.0131
29.625 78.375 0.39473
29.625 78.625 -1.0228
29.625 78.875 -0.69203
29.625 79.125 0.71089
29.625 79.375 -0.010156
29.625 79.625 0.0149
29.625 79.875 -0.26866
29.625 80.125 -0.49631
29.875 73.625 0.54895
29.875 73.875 -0.1879
29.875 74.125 -0.22451
29.875 74.375 -0.427
29.875 74.625 -0.44479
29.875 74.875 -0.42402
29.875 75.125 -0.50003
29.875 75.375 -0.43536
29.875 75.625 -0.34573
29.875 75.875 -0.51817
29.875 76.125 -0.66422
29.875 76.375 -0.63996
29.875 76.625 -0.3754
29.875 76.875 -1.0473
29.875 77.125 -0.77317
29.875 77.375 -0.23645
29.875 77.625 0.16225
29.875 77.875 0.83603
29.875 78.125 -0.97229
29.875 78.375 1.2409
29.875 78.625 0.33429
29.875 78.875 0.68986
29.875 79.125 0.21268
29.875 79.375 0.29851
29.875 79.625 -0.29492
29.875 79.875 -0.63279
29.875 80.125 -0.5514
29.875 80.375 -0.48488
30.125 74.125 -0.4066
30.125 74.375 -0.51664
30.125 74.625 -0.53106
30.125 74.875 -0.50243
30.125 75.125 -0.43799
30.125 75.375 -0.38577
30.125 75.625 -0.52435
30.125 75.875 -0.77023
30.125 76.125 -0.71755
30.125 76.375 -0.94425
30.125 76.625 -0.90905
30.125 76.875 -0.60723
30.125 77.125 -0.86686
30.125 77.375 -1.1345
30.125 77.625 -0.055921
30.125 77.875 0.098546
30.125 78.125 0.91792
30.125 78.375 2.1707
30.125 78.625 1.4726
30.125 78.875 0.43943
30.125 79.125 0.12721
30.125 79.375 -0.29125
30.125 79.625 0.8028
30.125 79.875 0.23298
30.125 80.125 -0.34741
30.125 80.375 0.0931
30.125 80.625 0.10066
30.375 74.125 -0.50944
30.375 74.375 -0.55943
30.375 74.625 -0.53617
30.375 74.875 -0.57223
30.375 75.125 -0.33382
30.375 75.375 -0.33298
30.375 75.625 -0.4796
30.375 75.875 -0.81061
30.375 76.125 -0.96341
30.375 76.375 -0.96722
30.375 76.625 -1.3326
30.375 76.875 -1.5966
30.375 77.125 0.25356
30.375 77.375 0.31705
30.375 77.625 -0.16077
30.375 77.875 0.095608
30.375 78.125 0.25024
30.375 78.375 -0.15461
30.375 78.625 1.4416
30.375 78.875 0.063811
30.375 79.125 0.017344
30.375 79.375 0.82404
30.375 79.625 0.91486
30.375 79.875 -0.033923
30.375 80.125 0.17839
30.375 80.375 0.05653
30.375 80.625 0.0027501
30.625 74.375 -0.55107
30.625 74.625 -0.6651
30.625 74.875 -0.62208
30.625 75.125 -0.482
30.625 75.375 -0.40476
30.625 75.625 -0.50812
30.625 75.875 -0.90429
30.625 76.125 -0.93901
30.625 76.375 -0.93874
30.625 76.625 -0.16875
30.625 76.875 0.092834
30.625 77.125 0.0062745
30.625 77.375 0.37274
30.625 77.625 0.46238
30.625 77.875 0.73408
30.625 78.125 -0.53133
30.625 78.375 -0.098166
30.625 78.625 0.87665
30.625 78.875 0.53443
30.625 79.125 0.42216
30.625 79.375 0.50876
30.625 79.625 0.24324
30.625 79.875 0.53185
30.625 80.125 0.062173
30.875 74.625 -0.65487
30.875 74.875 -0.64666
30.875 75.125 -0.24188
30.875 75.375 -0.93748
30.875 75.625 -0.64458
30.875 75.875 -1.0117
30.875 76.125 -0.98523
30.875 76.375 -0.61587
30.875 76.625 0.96154
30.875 76.875 -0.21688
30.875 77.125 0.77436
30.875 77.375 0.099308
30.875 77.625 1.0228
30.875 77.875 0.91068
30.875 78.125 0.46341
30.875 78.375 0.67954
30.875 78.625 0.98351
30.875 78.875 0.2749
30.875 79.125 2.2117
30.875 79.375 1.4406
30.875 79.625 0.234
30.875 79.875 0.48437
31.125 74.875 -0.83688
31.125 75.125 -0.35226
31.125 75.375 -1.0964
31.125 75.625 -0.85126
31.125 75.875 -0.56232
31.125 76.125 0.47279
31.125 76.375 -0.57141
31.125 76.625 -0.22443
31.125 76.875 0.40216
31.125 77.125 0.79763
31.125 77.375 0.42975
31.125 77.625 0.97799
31.125 77.875 1.1058
31.125 78.125 -0.38478
31.125 78.375 -0.10866
31.125 78.625 -0.072191
31.125 78.875 1.3535
31.125 79.125 1.5797
31.375 74.875 -1.254
31.375 75.125 -0.78328
31.375 75.375 -1.252
31.375 75.625 -0.70698
31.375 75.875 -0.19158
31.375 76.125 -0.74264
31.375 76.375 -0.48895
31.375 76.625 -0.41307
31.375 76.875 0.2807
31.375 77.125 0.89515
31.375 77.375 1.2653
31.375 77.625 2.1107
31.375 77.875 0.48204
31.375 78.125 -0.14753
31.375 78.375 -0.43786
31.375 78.625 -0.26811
31.625 74.875 -0.49395
31.625 75.125 -0.068919
31.625 75.375 -0.17228
31.625 75.625 -0.11987
31.625 75.875 0.63719
31.625 76.125 -0.011188
31.625 76.375 0.26164
31.625 76.625 0.34735
31.625 76.875 -0.38918
31.625 77.125 -0.18684
31.625 77.375 2.1965
31.625 77.625 1.9757
31.625 77.875 0.953
31.625 78.125 -0.21319
31.625 78.375 -0.46721
31.625 78.625 -0.022782
31.875 74.875 0.33
31.875 75.125 0.18989
31.875 75.375 -1.2029
31.875 75.625 -0.23669
31.875 75.875 0.0289
31.875 76.125 -0.081255
31.875 76.375 0.14857
31.875 76.625 0.40627
31.875 76.875 -0.26903
31.875 77.125 -0.059159
31.875 77.375 0.52436
31.875 77.625 1.2931
31.875 77.875 0.6236
31.875 78.125 -0.01573
31.875 78.375 -0.3223
31.875 78.625 -0.44047
32.125 75.375 0.78
32.125 75.625 0.55922
32.125 75.875 -0.13984
32.125 76.125 0.1088
32.125 76.375 -0.041534
32.125 76.625 -0.10963
32.125 76.875 -0.3158
32.125 77.125 0.16636
32.125 77.375 -0.3731
32.125 77.625 -0.5006
32.125 77.875 -0.14492
32.125 78.125 -0.28562
32.125 78.375 -0.45946
32.375 75.375 0.69823
32.375 75.625 0.42704
32.375 75.875 -0.381
32.375 76.125 -0.59255
32.375 76.375 -0.38292
32.375 76.625 -0.29647
32.375 76.875 -0.32618
32.375 77.125 -0.11324
32.375 77.375 -0.38491
32.375 77.625 -0.59954
32.375 77.875 -0.59378
32.375 78.125 -0.59026
32.375 78.375 -0.6225
32.625 74.875 0.16506
32.625 75.125 -0.25924
32.625 75.375 -0.048743
32.625 75.625 -0.22429
32.625 75.875 -0.077964
32.625 76.125 -0.044555
32.625 76.375 0.12522
32.625 76.625 -0.59009
32.625 76.875 -0.36675
32.625 77.125 -0.25918
32.625 77.375 -0.55715
32.625 77.625 -0.56578
32.625 77.875 -0.53821
32.625 78.125 -0.83821
32.625 78.375 -0.62271
32.625 78.625 -0.70932
32.625 78.875 -0.65519
32.625 79.125 -0.57766
32.625 79.375 -0.59317
32.875 74.375 0.24688
32.875 74.625 0.16718
32.875 74.875 0.21448
32.875 75.125 -0.26864
32.875 75.375 -0.43152
32.875 75.625 -0.60539
32.875 75.875 -0.46824
32.875 76.125 -0.24085
32.875 76.375 -0.20238
32.875 76.625 -0.34198
32.875 76.875 -0.36769
32.875 77.125 -0.70088
32.875 77.375 -0.70138
32.875 77.625 -0.68708
32.875 77.875 -0.73558
32.875 78.125 -0.45892
32.875 78.375 -0.78742
32.875 78.625 -0.80884
32.875 78.875 -0.72897
32.875 79.125 -0.65109
32.875 79.375 -0.67022
33.125 73.875 -0.33247
33.125 74.125 0.061473
33.125 74.375 0.49857
33.125 74.625 0.47283
33.125 74.875 0.37879
33.125 75.125 -0.25363
33.125 75.375 -0.47865
33.125 75.625 -0.71087
33.125 75.875 -0.48946
33.125 76.125 -0.38461
33.125 76.375 -0.75883
33.125 76.625 0.0083866
33.125 76.875 -0.75412
33.125 77.125 -1.0865
33.125 77.375 -0.75342
33.125 77.625 -0.66911
33.125 77.875 -0.65912
33.125 78.125 -0.60857
33.125 78.375 -0.67167
33.125 78.625 -0.74189
33.125 78.875 -0.83595
33.125 79.125 -0.86298
33.375 73.875 0.61093
33.375 74.125 0.69244
33.375 74.375 0.53382
33.375 74.625 0.17181
33.375 74.875 -0.14489
33.375 75.125 -0.1168
33.375 75.375 0.21723
33.375 75.625 -0.15363
33.375 75.875 -0.4164
33.375 76.125 -0.46501
33.375 76.375 -0.55
33.375 76.625 -0.48475
33.375 76.875 -0.84141
33.375 77.125 -0.73009
33.375 77.375 -0.72084
33.375 77.625 -0.71659
33.375 77.875 -0.70414
33.375 78.125 -0.70492
33.375 78.375 -0.68699
33.375 78.625 -0.74892
33.375 78.875 -0.85099
33.625 73.875 1.1135
33.625 74.125 1.3054
33.625 74.375 -0.074013
33.625 74.625 -0.040424
33.625 74.875 0.17059
33.625 75.125 0.10661
33.625 75.375 -0.13923
33.625 75.625 -0.14243
33.625 75.875 -0.59658
33.625 76.125 -0.68361
33.625 76.375 -0.45047
33.625 76.625 -0.87209
33.625 76.875 -0.60102
33.625 77.125 -0.66265
33.625 77.375 -0.64245
33.625 77.625 -0.65403
33.625 77.875 -0.68484
33.625 78.125 -0.7059
33.625 78.375 -0.7418
33.625 78.625 -0.60043
33.625 78.875 -0.79377
33.875 73.875 0.47403
33.875 74.125 0.037121
33.875 74.375 0.80777
33.875 74.625 1.1261
33.875 74.875 0.49498
33.875 75.125 0.45287
33.875 75.375 -0.042715
33.875 75.625 -0.75732
33.875 75.875 -0.27606
33.875 76.125 -0.72385
33.875 76.375 -0.68962
33.875 76.625 -0.70571
33.875 76.875 -0.73903
33.875 77.125 -0.8095
33.875 77.375 -0.66231
33.875 77.625 -0.60784
33.875 77.875 -0.64963
33.875 78.125 -0.70255
33.875 78.375 -0.72579
33.875 78.625 -0.69701
33.875 78.875 -0.72135
34.125 73.625 -0.49914
34.125 73.875 -0.24011
34.125 74.125 0.16758
34.125 74.375 -0.016092
34.125 74.625 0.15271
34.125 74.875 -0.45858
34.125 75.125 0.18819
34.125 75.375 -0.67099
34.125 75.625 -1.2537
34.125 75.875 -1.0991
34.125 76.125 -1.0498
34.125 76.375 -0.70428
34.125 76.625 -0.73426
34.125 76.875 -0.70346
34.125 77.125 -0.64367
34.125 77.375 -0.64018
34.125 77.625 -0.62543
34.125 77.875 -0.65697
34.125 78.125 -0.65487
34.125 78.375 -0.68071
34.125 78.625 -0.67606
34.125 78.875 -0.7158
34.125 79.125 -0.67067
34.125 79.375 -0.68695
34.375 73.625 -0.78967
34.375 73.875 -0.36984
34.375 74.125 -0.69634
34.375 74.375 -0.52623
34.375 74.625 -0.30499
34.375 74.875 -0.60622
34.375 75.125 -0.69674
34.375 75.375 -1.1433
34.375 75.625 -1.5476
34.375 75.875 -1.4797
34.375 76.125 -0.94287
34.375 76.375 -0.71886
34.375 76.625 -0.73199
34.375 76.875 -0.73584
34.375 77.125 -0.71086
34.375 77.375 -0.71072
34.375 77.625 -0.63698
34.375 77.875 -0.70973
34.375 78.125 -0.69705
34.375 78.375 -0.72347
34.375 78.625 -0.72039
34.375 78.875 -0.65933
34.375 79.125 -0.68083
34.375 79.375 -0.715
34.625 73.875 -0.343
34.625 74.125 -0.43047
34.625 74.375 -0.56405
34.625 74.625 -0.2667
34.625 74.875 -0.63065
34.625 75.125 -0.45893
34.625 75.375 -1.1994
34.625 75.625 -1.0967
34.625 75.875 -1.0575
34.625 76.125 -0.907
34.625 76.375 -0.73168
34.625 76.625 -0.65628
34.625 76.875 -0.73969
34.625 77.125 -0.77938
34.625 77.375 -0.67584
34.625 77.625 -0.60308
34.625 77.875 -0.88037
34.625 78.125 -0.69631
34.625 78.375 -0.66863
34.625 78.625 -0.66888
34.625 78.875 -0.68769
34.625 79.125 -0.67305
34.625 79.375 -0.70049
34.625 79.625 -0.76879
34.875 74.125 -0.078893
34.875 74.375 -0.041951
34.875 74.625 0.2178
34.875 74.875 0.035474
34.875 75.125 -0.76491
34.875 75.375 -1.2207
34.875 75.625 -1.1675
34.875 75.875 -1.0198
34.875 76.125 -0.76409
34.875 76.375 -0.70784
34.875 76.625 -0.75704
34.875 76.875 -0.7394
34.875 77.125 -0.71227
34.875 77.375 -0.7564
34.875 77.625 -0.77608
34.875 77.875 -0.77662
34.875 78.125 -0.67801
34.875 78.375 -0.69249
34.875 78.625 -0.70732
34.875 78.875 -0.65414
34.875 79.125 -0.66541
34.875 79.375 -0.71725
34.875 79.625 -0.72059
34.875 79.875 -0.7804
35.125 74.375 -0.33121
35.125 74.625 -0.54872
35.125 74.875 -0.45638
35.125 75.125 -1.1259
35.125 75.375 -1.4964
35.125 75.625 -1.1243
35.125 75.875 -0.91491
35.125 76.125 -0.67941
35.125 76.375 -0.71495
35.125 76.625 -0.71714
35.125 76.875 -0.77422
35.125 77.125 -0.7946
35.125 77.375 -0.74824
35.125 77.625 -0.80793
35.125 77.875 -0.76978
35.125 78.125 -0.72338
35.125 78.375 -0.72716
35.125 78.625 -0.65606
35.125 78.875 -0.65464
35.125 79.125 -0.63885
35.125 79.375 -0.66506
35.125 79.625 -0.68269
35.125 79.875 -0.71224
35.375 73.875 -0.67197
35.375 74.125 -0.66699
35.375 74.375 -0.58878
35.375 74.625 -0.66603
35.375 74.875 -0.38568
35.375 75.125 -0.99762
35.375 75.375 -1.0948
35.375 75.625 -1.0715
35.375 75.875 -1.0763
35.375 76.125 -0.77201
35.375 76.375 -0.78357
35.375 76.625 -0.78694
35.375 76.875 -0.62008
35.375 77.125 -0.82148
35.375 77.375 -0.71782
35.375 77.625 -0.77726
35.375 77.875 -0.72993
35.375 78.125 -0.71056
35.375 78.375 -0.70429
35.375 78.625 -0.64228
35.375 78.875 -0.63282
35.375 79.125 -0.6386
35.375 79.375 -0.67529
35.375 79.625 -0.69898
35.375 79.875 -0.67468
35.375 80.125 -0.65676
35.625 73.375 -0.80733
35.625 73.625 -0.89411
35.625 73.875 -0.94409
35.625 74.125 -0.91127
35.625 74.375 -0.75508
35.625 74.625 -0.72498
35.625 74.875 0.48826
35.625 75.125 -0.93157
35.625 75.375 -0.93379
35.625 75.625 -1.0404
35.625 75.875 -0.95308
35.625 76.125 -0.92949
35.625 76.375 -0.97173
35.625 76.625 -0.65566
35.625 76.875 -0.66663
35.625 77.125 -0.98428
35.625 78.375 -0.68398
35.625 78.625 -0.6219
35.625 78.875 -0.64072
35.625 79.125 -0.62522
35.625 79.375 -0.65445
35.625 79.625 -0.68165
35.625 79.875 -0.87922
35.625 80.125 -0.90245
35.875 73.125 -0.55052
35.875 73.375 -1.0231
35.875 73.625 -1.0159
35.875 73.875 -1.7779
35.875 74.125 -1.01
35.875 74.375 -0.87014
35.875 74.625 -0.62558
35.875 74.875 -0.40404
35.875 75.125 -0.53162
35.875 75.375 -1.0808
35.875 75.625 -0.9548
35.875 75.875 -0.93651
35.875 76.125 -0.73343
35.875 76.375 -1.1858
35.875 76.625 -1.1707
35.875 79.375 -0.6189
36.125 72.625 -0.32026
36.125 72.875 -0.24456
36.125 73.125 -0.43413
36.125 73.375 -0.30621
36.125 73.625 -0.28638
36.125 73.875 -0.66987
36.125 74.125 -0.94897
36.125 74.375 -0.9121
36.125 74.625 -1.4502
36.125 74.875 -1.2017
36.125 75.125 -0.99505
36.125 75.375 -0.92687
36.125 75.625 -0.99476
36.125 75.875 -1.522
36.125 76.125 -1.5029
36.125 76.375 -0.95296
36.125 76.625 -0.85578
36.375 73.125 -0.23784
36.375 73.375 -0.48829
36.375 73.625 -0.41786
36.375 73.875 -0.4725
36.375 74.125 -1.0757
36.375 74.375 -1.1456
36.375 74.625 -0.88039
36.375 74.875 -1.0345
36.375 75.125 -1.8631
36.375 75.375 -1.1412
36.375 75.625 -0.94009
36.375 75.875 -1.3016
36.375 76.125 -1.1926
36.625 73.375 -0.41487
36.625 73.625 -0.06217
36.625 73.875 -0.91979
36.625 74.125 -0.64625
36.625 74.375 -0.24458
36.625 74.625 -0.071075
36.625 74.875 -1.3877
36.625 75.125 -1.1785
36.625 75.375 -1.3228
36.625 75.625 -1.2471
36.875 73.875 -0.13282
36.875 74.375 -0.22084
36.875 74.625 -1.1613
36.875 74.875 -1.1485
36.875 75.125 -1.4914
36.875 75.375 -0.38481
