8.125 77.375 0.15095
8.375 77.125 -0.90663
8.375 77.375 0.17565
8.375 77.625 0.76949
8.375 77.875 0.6283
8.625 76.875 -0.62433
8.625 77.125 -0.41606
8.625 77.375 0.29362
8.625 77.625 0.049681
8.625 77.875 0.052276
8.875 76.875 -0.67601
8.875 77.125 -0.25344
8.875 77.375 0.08376
8.875 77.625 -0.15015
8.875 77.875 -0.40716
9.125 76.625 -1.0668
9.125 76.875 -0.70426
9.125 77.125 -0.27005
9.125 77.375 -0.28746
9.125 77.625 -0.4221
9.125 77.875 -0.57579
9.125 78.125 -0.45369
NaN NaN NaN
9.375 76.625 -1.0615
9.375 76.875 -0.49425
9.375 77.125 -0.25004
9.375 77.375 -0.34636
9.375 77.625 -0.55264
9.375 77.875 -0.60688
9.375 78.125 -0.96961
9.375 78.375 -1.1469
9.375 78.625 -0.9441
NaN NaN NaN
9.625 76.375 -1.2921
9.625 76.625 -0.98913
9.625 76.875 -0.25079
9.625 77.125 -0.18522
9.625 77.375 -0.30818
9.625 77.625 -0.68131
9.625 77.875 -0.77103
9.625 78.125 -1.0758
9.625 78.375 -1.6262
9.625 78.625 -0.96929
9.875 76.625 -0.9487
9.875 76.875 -0.22434
9.875 77.125 -0.043711
9.875 77.375 -0.35005
9.875 77.625 -0.62128
9.875 77.875 -0.89684
9.875 78.125 -1.2575
9.875 78.375 -1.2603
9.875 78.625 -1.2268
9.875 78.875 -1.2018
10.125 76.375 -1.2038
10.125 76.625 -0.89345
10.125 76.875 0.81349
10.125 77.125 -0.15396
10.125 77.375 -0.48103
10.125 77.625 -0.13262
10.125 77.875 -0.5605
10.125 78.125 -0.94351
10.125 78.375 -0.73849
10.125 78.625 -1.437
10.125 78.875 -1.4045
10.125 79.125 -1.3557
10.375 76.375 -1.1635
10.375 76.625 -1.0454
10.375 76.875 -0.10679
10.375 77.125 0.21798
10.375 77.375 -0.17191
10.375 77.625 0.10506
10.375 77.875 -0.63792
10.375 78.125 -0.75858
10.375 78.375 -0.90413
10.375 78.625 -0.66186
10.375 78.875 -1.2325
10.375 79.125 -1.1609
NaN NaN NaN
NaN NaN NaN
10.625 76.125 -0.94028
10.625 76.375 -0.64807
10.625 76.625 -1.1632
10.625 76.875 -0.22079
10.625 77.125 -0.30312
10.625 77.375 -0.329
10.625 77.625 -0.56855
10.625 77.875 -0.82414
10.625 78.125 -0.86507
10.625 78.375 -0.90232
10.625 78.625 -0.96831
10.625 78.875 -0.75346
10.625 79.125 -0.88888
10.625 79.375 -1.0736
10.625 79.625 -1.0839
10.875 76.125 -0.78959
10.875 76.375 0.29426
10.875 76.625 0.36728
10.875 76.875 -0.75304
10.875 77.125 -1.0181
10.875 77.375 -0.72467
10.875 77.625 -0.58072
10.875 77.875 -0.68005
10.875 78.125 -0.89936
10.875 78.375 -0.83039
10.875 78.625 -0.69507
10.875 78.875 -0.76919
10.875 79.125 -0.90654
10.875 79.375 -0.91229
10.875 79.625 -1.1161
11.125 76.125 -0.90755
11.125 76.375 0.32259
11.125 76.625 4.8822
11.125 76.875 -0.87678
11.125 77.125 -0.99961
11.125 77.375 -0.86329
11.125 77.625 -0.77074
11.125 77.875 -0.75934
11.125 78.125 -0.92437
11.125 78.375 -0.80656
11.125 78.625 -0.70246
11.125 78.875 -0.68677
11.125 79.125 -0.89885
11.125 79.375 -0.92182
11.125 79.625 -1.2429
11.375 75.875 -0.72461
11.375 76.125 -0.49431
11.375 76.375 1.3653
11.375 76.625 1.2336
11.375 76.875 1.2437
11.375 77.125 -0.36591
11.375 77.375 -0.78121
11.375 77.625 -0.68099
11.375 77.875 -0.72832
11.375 78.125 -0.83161
11.375 78.375 -0.75769
11.375 78.625 -0.59975
11.375 78.875 -0.51118
11.375 79.125 -0.48189
11.375 79.375 -0.52316
11.375 79.625 -0.6497
11.625 75.875 -0.32019
11.625 76.125 0.10631
11.625 76.375 0.2187
11.625 76.625 2.9019
11.625 76.875 0.25201
11.625 77.125 -0.43503
11.625 77.375 -0.56795
11.625 77.625 -0.80679
11.625 77.875 -1.1089
11.625 78.125 -0.61152
11.625 78.375 -0.60851
11.625 78.625 -0.50769
11.625 78.875 -0.6285
11.625 79.125 -0.52917
11.625 79.375 -0.71254
NaN NaN NaN
NaN NaN NaN
11.875 75.875 -0.36464
11.875 76.125 -0.43756
11.875 76.375 -0.46685
11.875 76.625 -0.2226
11.875 76.875 -0.66863
11.875 77.125 -0.34718
11.875 77.375 -0.62936
11.875 77.625 -0.80224
11.875 77.875 -1.1391
11.875 78.125 -1.0718
11.875 78.375 -0.52785
11.875 78.625 -0.6565
11.875 78.875 -0.8305
11.875 79.125 -0.55404
11.875 79.375 -0.53022
11.875 79.625 -0.61377
12.125 75.375 -1.2472
12.125 75.625 -0.99494
12.125 75.875 0.12113
12.125 76.125 -0.89897
12.125 76.375 -0.61378
12.125 76.625 -0.73412
12.125 76.875 -0.74514
12.125 77.125 -0.50209
12.125 77.375 -0.7059
12.125 77.625 -0.84298
12.125 77.875 -0.74509
12.125 78.125 -1.0531
12.125 78.375 -0.42633
12.125 78.625 -0.51998
12.125 78.875 -0.70428
12.125 79.125 -0.53987
12.125 79.375 -0.48371
12.125 79.625 -0.60101
12.375 75.125 -1.2903
12.375 75.375 -1.1555
12.375 75.625 -0.4468
12.375 75.875 -0.088147
12.375 76.125 -0.51804
12.375 76.375 -0.70915
12.375 76.625 -0.2887
12.375 76.875 -0.71128
12.375 77.125 -0.67877
12.375 77.375 -0.69888
12.375 77.625 -0.68228
12.375 77.875 -1.048
12.375 78.125 -0.67795
12.375 78.375 -0.55771
12.375 78.625 -0.53333
12.375 78.875 -0.67791
12.375 79.125 -0.62632
12.375 79.375 -0.81745
12.375 79.625 -0.66108
12.375 79.875 -0.78833
12.625 75.125 -1.3018
12.625 75.375 -1.1136
12.625 75.625 -1.0477
12.625 75.875 -0.78509
12.625 76.125 -0.67248
12.625 76.375 -0.17363
12.625 76.625 -0.13715
12.625 76.875 -0.62815
12.625 77.125 -0.73346
12.625 77.375 -0.79906
12.625 77.625 -0.76806
12.625 77.875 -0.67475
12.625 78.125 -0.47746
12.625 78.375 -0.43635
12.625 78.625 -0.55749
12.625 78.875 -0.62449
12.625 79.125 -0.79815
12.625 79.375 -0.68784
12.625 79.625 -0.78077
12.625 79.875 -0.65982
12.875 75.125 -1.2076
12.875 75.375 -0.92077
12.875 75.625 -1.3942
12.875 75.875 -0.75338
12.875 76.125 -0.84076
12.875 76.375 0.11845
12.875 76.625 -0.42196
12.875 76.875 -0.69582
12.875 77.125 -0.7821
12.875 77.375 -0.53664
12.875 77.625 -0.58523
12.875 77.875 -0.57849
12.875 78.125 -0.38626
12.875 78.375 -0.45371
12.875 78.625 -0.47535
12.875 78.875 -0.72896
12.875 79.125 -0.76632
12.875 79.375 -0.76324
12.875 79.625 -0.57757
12.875 79.875 -0.60776
NaN NaN NaN
13.125 75.125 -1.1984
13.125 75.375 -0.97163
13.125 75.625 -0.90255
13.125 75.875 -0.95772
13.125 76.125 -0.47662
13.125 76.375 -0.20972
13.125 76.625 -0.36237
13.125 76.875 -0.70746
13.125 77.125 -0.73224
13.125 77.375 -0.82673
13.125 77.625 -0.54146
13.125 77.875 -0.57405
13.125 78.125 -0.35714
13.125 78.375 -0.40667
13.125 78.625 -0.3962
13.125 78.875 -0.40725
13.125 79.125 -0.54324
13.125 79.375 -0.8108
13.125 79.625 -0.55055
13.125 79.875 -0.54199
13.125 80.125 -0.63375
NaN NaN NaN
13.375 75.125 -0.91579
13.375 75.375 -0.77466
13.375 75.625 -0.75352
13.375 75.875 -0.65233
13.375 76.125 -0.61265
13.375 76.375 -0.72278
13.375 76.625 -0.80684
13.375 76.875 -0.72676
13.375 77.125 -0.33752
13.375 77.375 -0.66007
13.375 77.625 -0.54966
13.375 77.875 -0.39679
13.375 78.125 -0.37938
13.375 78.375 -0.37261
13.375 78.625 -0.39477
13.375 78.875 -0.57327
13.375 79.125 -0.68479
13.375 79.375 -0.92722
13.375 79.625 -0.68576
13.375 79.875 -0.61637
13.375 80.125 -0.50258
13.625 74.875 -0.82579
13.625 75.125 -0.70775
13.625 75.375 -0.83501
13.625 75.625 -0.74845
13.625 75.875 -0.71026
13.625 76.125 -0.76641
13.625 76.375 -0.82767
13.625 76.625 -0.79437
13.625 76.875 -0.74749
13.625 77.125 -0.70175
13.625 77.375 -0.75276
13.625 77.625 -0.5497
13.625 77.875 -0.58179
13.625 78.125 -0.63858
13.625 78.375 -0.66929
13.625 78.625 -0.6913
13.625 78.875 -0.70162
13.625 79.125 -0.68179
13.625 79.375 -0.56646
13.625 79.625 -0.64405
13.625 79.875 -0.59312
13.625 80.125 -0.69428
13.875 74.875 -0.52374
13.875 75.125 -0.49428
13.875 75.375 -0.86576
13.875 75.625 -0.9098
13.875 75.875 -0.7537
13.875 76.125 -0.97349
13.875 76.375 -0.91788
13.875 76.625 -0.64727
13.875 76.875 -0.70665
13.875 77.125 -0.71774
13.875 77.375 -0.71139
13.875 77.625 -0.63432
13.875 77.875 -0.74722
13.875 78.125 -0.63194
13.875 78.375 -0.42054
13.875 78.625 -0.50756
13.875 78.875 -0.72192
13.875 79.125 -0.71843
13.875 79.375 -0.65284
13.875 79.625 -0.70577
13.875 79.875 -0.59075
14.125 74.625 -0.91036
14.125 74.875 -0.71094
14.125 75.125 -0.77616
14.125 75.375 -0.95645
14.125 75.625 -0.9624
14.125 75.875 -0.90069
14.125 76.125 -0.77226
14.125 76.375 -0.93423
14.125 76.625 -0.87204
14.125 76.875 -0.76723
14.125 77.125 -0.40057
14.125 77.375 -0.61791
14.125 77.625 -0.6047
14.125 77.875 -0.61875
14.125 78.125 -0.49222
14.125 78.375 -0.56954
14.125 78.625 -0.64295
14.125 78.875 -0.63531
14.125 79.125 -0.66304
14.125 79.375 -0.6117
14.125 79.625 -0.601
14.125 79.875 -0.62358
14.375 74.625 -0.8992
14.375 74.875 -0.82911
14.375 75.125 -1.0417
14.375 75.375 -0.95624
14.375 75.625 -0.79315
14.375 75.875 -0.76962
14.375 76.125 -0.78804
14.375 76.375 -0.59735
14.375 76.625 -0.78628
14.375 76.875 -0.87296
14.375 77.125 -0.34112
14.375 77.375 -0.63995
14.375 77.625 -0.60258
14.375 77.875 -0.49798
14.375 78.125 -0.52505
14.375 78.375 -0.62632
14.375 78.625 -0.70055
14.375 78.875 -0.83065
14.375 79.125 -0.71185
14.375 79.375 -0.62388
14.375 79.625 -0.7022
14.375 79.875 -0.60097
NaN NaN NaN
14.625 74.625 -1.741
14.625 74.875 -1.1001
14.625 75.125 -0.8529
14.625 75.375 -0.7955
14.625 75.625 -0.92744
14.625 75.875 -0.77584
14.625 76.125 -0.79354
14.625 76.375 -0.79315
14.625 76.625 -0.80741
14.625 76.875 -0.77961
14.625 77.125 -0.76198
14.625 77.375 -0.66867
14.625 77.625 -0.55662
14.625 77.875 -0.40041
14.625 78.125 -0.63539
14.625 78.375 -0.67312
14.625 78.625 -0.74976
14.625 78.875 -0.76777
14.625 79.125 -0.67808
14.625 79.375 -0.67731
14.625 79.625 -0.56794
14.625 79.875 -0.4985
14.875 74.375 -1.4193
14.875 74.625 -1.5259
14.875 74.875 -1.4928
14.875 75.125 -0.90567
14.875 75.375 -0.67526
14.875 75.625 -1.0326
14.875 75.875 -0.96408
14.875 76.125 -0.88785
14.875 76.375 -0.84956
14.875 76.625 -0.78761
14.875 76.875 -0.65187
14.875 77.125 -0.77452
14.875 77.375 -0.51997
14.875 77.625 -0.52515
14.875 77.875 -0.54077
14.875 78.125 -0.66966
14.875 78.375 -0.7359
14.875 78.625 -0.66885
14.875 78.875 -0.53679
14.875 79.125 -0.59514
14.875 79.375 -0.638
14.875 79.625 -0.58516
14.875 79.875 -0.57147
15.125 74.125 -1.3521
15.125 74.375 -1.1848
15.125 74.625 -1.1249
15.125 74.875 -0.84428
15.125 75.125 -1.0548
15.125 75.375 -0.89617
15.125 75.625 -0.9351
15.125 75.875 -0.89491
15.125 76.125 -0.96145
15.125 76.375 -0.71795
15.125 76.625 -0.72707
15.125 76.875 -0.77689
15.125 77.125 -0.78423
15.125 77.375 -0.53426
15.125 77.625 -0.54514
15.125 77.875 -0.58387
15.125 78.125 -0.68112
15.125 78.375 -0.7169
15.125 78.625 -0.64159
15.125 78.875 -0.43677
15.125 79.125 -0.46946
15.125 79.375 -0.63661
15.125 79.625 -0.66096
15.125 79.875 -0.6884
15.375 73.875 -1.259
15.375 74.125 -1.4622
15.375 74.375 -1.1948
15.375 74.625 -1.1787
15.375 74.875 -0.80067
15.375 75.125 -0.79687
15.375 75.375 -0.88492
15.375 75.625 -0.77956
15.375 75.875 -0.82645
15.375 76.125 -0.85452
15.375 76.375 -0.79317
15.375 76.625 -0.76863
15.375 76.875 -0.8062
15.375 77.125 -0.87255
15.375 77.375 -0.73316
15.375 77.625 -0.78219
15.375 77.875 -0.91476
15.375 78.125 -0.83243
15.375 78.375 -0.77233
15.375 78.625 -0.63026
15.375 78.875 -0.52614
15.375 79.125 -0.54652
15.375 79.375 -0.62647
15.375 79.625 -0.65558
15.375 79.875 -0.6586
15.625 73.875 -1.0906
15.625 74.125 -1.5687
15.625 74.375 -1.4665
15.625 74.625 -0.92693
15.625 74.875 -0.87765
15.625 75.125 -1.0079
15.625 75.375 -0.83144
15.625 75.625 -0.82885
15.625 75.875 -0.71548
15.625 76.125 -0.92105
15.625 76.375 -0.81251
15.625 76.625 -0.68466
15.625 76.875 -0.76154
15.625 77.125 -0.74494
15.625 77.375 -0.65087
15.625 77.625 -0.68372
15.625 77.875 -0.77804
15.625 78.125 -0.7946
15.625 78.375 -0.68837
15.625 78.625 -0.8271
15.625 78.875 -0.57637
15.625 79.125 -0.70915
15.625 79.375 -0.7351
15.625 79.625 -0.5547
15.625 79.875 -0.6869
15.625 80.125 -0.68379
15.875 73.875 -0.79249
15.875 74.125 -1.107
15.875 74.375 -1.0185
15.875 74.625 -0.76025
15.875 74.875 -0.8879
15.875 75.125 -0.95517
15.875 75.375 -0.81834
15.875 75.625 -0.73495
15.875 75.875 -0.65697
15.875 76.125 -0.83556
15.875 76.375 -0.82831
15.875 76.625 -0.76903
15.875 76.875 -0.6812
15.875 77.125 -0.79355
15.875 77.375 -0.71517
15.875 77.625 -0.76598
15.875 77.875 -0.81151
15.875 78.125 -0.84864
15.875 78.375 -0.75767
15.875 78.625 -0.85804
15.875 78.875 -0.70497
15.875 79.125 -0.73944
15.875 79.375 -0.60349
15.875 79.625 -0.73966
15.875 79.875 -0.8787
15.875 80.125 -0.83281
15.875 80.375 -0.76178
NaN NaN NaN
15.875 80.875 -0.60481
16.125 73.625 -1.2438
16.125 73.875 -1.207
16.125 74.125 -1.0491
16.125 74.375 -0.9737
16.125 74.625 -0.75431
16.125 74.875 -0.76912
16.125 75.125 -0.86607
16.125 75.375 -0.83354
16.125 75.625 -0.7368
16.125 75.875 -0.78576
16.125 76.125 -0.76833
16.125 76.375 -0.75052
16.125 76.625 -0.66545
16.125 76.875 -0.79695
16.125 77.125 -0.84603
16.125 77.375 -0.66172
16.125 77.625 -0.66216
16.125 77.875 -0.8011
16.125 78.125 -0.86532
16.125 78.375 -0.84169
16.125 78.625 -0.91085
16.125 78.875 -0.99915
16.125 79.125 -0.98396
16.125 79.375 -0.78937
16.125 79.625 -1.0195
16.125 79.875 -1.1298
16.125 80.125 -0.71338
16.125 80.375 -0.49707
16.125 80.625 -0.73126
16.125 80.875 -0.65827
16.375 73.625 -1.0064
16.375 73.875 -0.91927
16.375 74.125 -1.0924
16.375 74.375 -0.85364
16.375 74.625 -0.86334
16.375 74.875 -0.78171
16.375 75.125 -0.91736
16.375 75.375 -0.80428
16.375 75.625 -0.80446
16.375 75.875 -0.80454
16.375 76.125 -0.78292
16.375 76.375 -0.71919
16.375 76.625 -0.61828
16.375 76.875 -0.89311
16.375 77.125 -0.81771
16.375 77.375 -0.82492
16.375 77.625 -0.77751
16.375 77.875 -1.0136
16.375 78.125 -0.93072
16.375 78.375 -0.84999
16.375 78.625 -0.85379
16.375 78.875 -0.9125
16.375 79.125 -0.81129
16.375 79.375 -1.0452
16.375 79.625 -1.1743
16.375 79.875 -1.1252
16.375 80.125 -0.66651
16.375 80.375 -0.72637
16.375 80.625 -0.75257
16.375 80.875 -0.60647
16.375 81.125 -0.42274
NaN NaN NaN
NaN NaN NaN
16.625 73.625 -1.07
16.625 73.875 -1.2222
16.625 74.125 -0.63893
16.625 74.375 -0.89777
16.625 74.625 -0.94707
16.625 74.875 -0.82246
16.625 75.125 -0.86551
16.625 75.375 -0.80659
16.625 75.625 -0.79487
16.625 75.875 -0.82302
16.625 76.125 -0.77515
16.625 76.375 -0.80764
16.625 76.625 -1.0281
16.625 76.875 -0.84983
16.625 77.125 -0.91923
16.625 77.375 -0.87767
16.625 77.625 -1.061
16.625 77.875 -1.046
16.625 78.125 -0.93452
16.625 78.375 -0.92938
16.625 78.625 -0.86233
16.625 78.875 -0.96964
16.625 79.125 -1.1403
16.625 79.375 -1.0403
16.625 79.625 -0.84952
16.625 79.875 -0.91975
16.625 80.125 -0.81361
16.625 80.375 -0.41086
16.625 80.625 -0.85635
16.625 80.875 -0.68535
16.625 81.125 -1.0558
16.625 81.375 -0.39954
16.625 81.625 -0.27527
16.625 81.875 -0.17611
16.625 82.125 -0.5554
16.875 73.375 -1.0192
16.875 73.625 -1.3727
16.875 73.875 -1.3182
16.875 74.125 -1.1903
16.875 74.375 -0.84053
16.875 74.625 -0.99214
16.875 74.875 -0.88331
16.875 75.125 -0.87357
16.875 75.375 -0.8839
16.875 75.625 -0.83979
16.875 75.875 -0.84009
16.875 76.125 -0.96573
16.875 76.375 -0.90827
16.875 76.625 -1.0817
16.875 76.875 -1.0234
16.875 77.125 -0.93575
16.875 77.375 -0.83355
16.875 77.625 -0.93605
16.875 77.875 -1.003
16.875 78.125 -1.0077
16.875 78.375 -0.93001
16.875 78.625 -0.89294
16.875 78.875 -0.90979
16.875 79.125 -1.1612
16.875 79.375 -1.1189
16.875 79.625 -0.91166
16.875 79.875 -0.6768
16.875 80.125 -0.72749
16.875 80.375 -0.77538
16.875 80.625 -0.9193
16.875 80.875 -0.90982
16.875 81.125 -0.95661
16.875 81.375 -0.92994
16.875 81.625 -0.60016
16.875 81.875 -0.47994
16.875 82.125 -0.49278
17.125 73.375 -1.0014
17.125 73.625 -1.0985
17.125 73.875 -0.95188
17.125 74.125 -0.83248
17.125 74.375 -0.75162
17.125 74.625 -0.93491
17.125 74.875 -0.96323
17.125 75.125 -0.82959
17.125 75.375 -0.75652
17.125 75.625 -0.82244
17.125 75.875 -0.75061
17.125 76.125 -0.88482
17.125 76.375 -1.0267
17.125 76.625 -1.0518
17.125 76.875 -0.99131
17.125 77.125 -0.90934
17.125 77.375 -0.96491
17.125 77.625 -1.0018
17.125 77.875 -0.89548
17.125 78.125 -0.81202
17.125 78.375 -0.65786
17.125 78.625 -0.90418
17.125 78.875 -0.78439
17.125 79.125 -0.6757
17.125 79.375 -0.91976
17.125 79.625 -1.0035
17.125 79.875 -0.9748
17.125 80.125 -0.4462
17.125 80.375 -0.57061
17.125 80.625 -0.6879
17.125 80.875 -0.7718
17.125 81.125 -0.8029
17.125 81.375 -0.5492
17.125 81.625 -0.48515
17.125 81.875 -0.77545
17.125 82.125 -0.56538
17.125 82.375 -0.78719
17.375 73.375 -1.0146
17.375 73.625 -1.2175
17.375 73.875 -0.92245
17.375 74.125 -0.81202
17.375 74.375 -0.91211
17.375 74.625 -0.9445
17.375 74.875 -0.8306
17.375 75.125 -0.75788
17.375 75.375 -0.77082
17.375 75.625 -0.82818
17.375 75.875 -0.78727
17.375 76.125 -0.88118
17.375 76.375 -0.93096
17.375 76.625 -0.82228
17.375 76.875 -0.69131
17.375 77.125 -0.69549
17.375 77.375 -0.86465
17.375 77.625 -0.9736
17.375 77.875 -0.85208
17.375 78.125 -0.88728
17.375 78.375 -0.85603
17.375 78.625 -0.9811
17.375 78.875 -0.64973
17.375 79.125 -0.51571
17.375 79.375 -0.53334
17.375 79.625 -1.0065
17.375 79.875 -0.74388
17.375 80.125 -0.41257
17.375 80.375 -0.34787
17.375 80.625 -0.12503
17.375 80.875 -0.29998
17.375 81.125 -0.19627
17.375 81.375 -0.52182
17.375 81.625 -0.61085
17.375 81.875 -0.56451
17.375 82.125 -0.58165
17.375 82.375 -0.89496
NaN NaN NaN
17.625 73.375 -1.0671
17.625 73.625 -1.3573
17.625 73.875 -0.8851
17.625 74.125 -0.94401
17.625 74.375 -0.98484
17.625 74.625 -0.59855
17.625 74.875 -0.72623
17.625 75.125 -0.78143
17.625 75.375 -0.85181
17.625 75.625 -0.90034
17.625 75.875 -0.91885
17.625 76.125 -0.98043
17.625 76.375 -0.93693
17.625 76.625 -0.79542
17.625 76.875 -0.68363
17.625 77.125 -0.6284
17.625 77.375 -0.73988
17.625 77.625 -1.0195
17.625 77.875 -0.91014
17.625 78.125 -0.72422
17.625 78.375 -0.46888
17.625 78.625 -0.69429
17.625 78.875 -0.78711
17.625 79.125 -0.65524
17.625 79.375 -0.86806
17.625 79.625 -0.77173
17.625 79.875 -0.66942
17.625 80.125 -0.42299
17.625 80.375 -0.13663
17.625 80.625 -0.32109
17.625 80.875 0.10828
17.625 81.125 -0.50473
17.625 81.375 -0.52141
17.625 81.625 -0.50416
17.625 81.875 -1.0578
17.625 82.125 -0.74755
17.625 82.375 -0.93659
17.625 82.625 -0.7547
17.625 82.875 -0.60847
17.625 83.125 -0.70157
17.875 73.375 -0.97674
17.875 73.625 -0.9407
17.875 73.875 -0.75687
17.875 74.125 -0.905
17.875 74.375 -0.87542
17.875 74.625 -0.56669
17.875 74.875 -0.64755
17.875 75.125 -0.9149
17.875 75.375 -0.94932
17.875 75.625 -0.91865
17.875 75.875 -0.89006
17.875 76.125 -0.97433
17.875 76.375 -0.95746
17.875 76.625 -0.96337
17.875 76.875 -0.75028
17.875 77.125 -0.65473
17.875 77.375 -0.61301
17.875 77.625 -0.59687
17.875 77.875 -0.51775
17.875 78.125 0.10392
17.875 78.375 -0.023585
17.875 78.625 0.50504
17.875 78.875 -0.36981
17.875 79.125 -0.71062
17.875 79.375 -0.81622
17.875 79.625 -0.94408
17.875 79.875 -0.88277
17.875 80.125 -0.78986
17.875 80.375 -0.67389
17.875 80.625 -0.42862
17.875 80.875 0.026857
17.875 81.125 0.078494
17.875 81.375 -0.095003
17.875 81.625 -0.48281
17.875 81.875 -0.96561
17.875 82.125 -0.46832
17.875 82.375 -0.70847
17.875 82.625 -0.85388
17.875 82.875 -0.89764
17.875 83.125 -0.74102
17.875 83.375 -0.72027
NaN NaN NaN
18.125 73.375 -1.323
18.125 73.625 -1.0435
18.125 73.875 -0.69041
18.125 74.125 -0.80815
18.125 74.375 -0.83497
18.125 74.625 -0.81399
18.125 74.875 -0.83641
18.125 75.125 -0.95614
18.125 75.375 -0.84217
18.125 75.625 -0.87732
18.125 75.875 -0.86347
18.125 76.125 -0.79251
18.125 76.375 -0.83083
18.125 76.625 -0.84409
18.125 76.875 -0.76982
18.125 77.125 -0.47845
18.125 77.375 -0.42086
18.125 77.625 -0.40815
18.125 77.875 -0.51802
18.125 78.125 -0.31493
18.125 78.375 -0.44147
18.125 78.625 0.022759
18.125 78.875 -0.55845
18.125 79.125 -0.36931
18.125 79.375 -0.56765
18.125 79.625 -0.14853
18.125 79.875 -0.55111
18.125 80.125 -0.60278
18.125 80.375 -0.90998
18.125 80.625 -0.73082
18.125 80.875 0.43082
18.125 81.125 0.085513
18.125 81.375 0.30296
18.125 81.625 0.045876
18.125 81.875 0.15854
18.125 82.125 -0.79464
18.125 82.375 -0.49458
18.125 82.625 -0.54464
18.125 82.875 -0.92687
18.125 83.125 -0.78274
18.125 83.375 -0.77809
18.125 83.625 -0.70626
18.375 73.125 -1.1961
18.375 73.375 -1.232
18.375 73.625 -0.76202
18.375 73.875 -0.76622
18.375 74.125 -0.98503
18.375 74.375 -0.90029
18.375 74.625 -1.0166
18.375 74.875 -1.0017
18.375 75.125 -1.0256
18.375 75.375 -0.89401
18.375 75.625 -0.95489
18.375 75.875 -0.92628
18.375 76.125 -0.77527
18.375 76.375 -0.78384
18.375 76.625 -0.72363
18.375 76.875 -0.67193
18.375 77.125 -0.63726
18.375 77.375 -0.56277
18.375 77.625 -0.52503
18.375 77.875 -0.51611
18.375 78.125 -0.4802
18.375 78.375 0.35701
18.375 78.625 0.034349
18.375 78.875 -0.556
18.375 79.125 0.088205
18.375 79.375 -0.27932
18.375 79.625 -0.37882
18.375 79.875 -0.31798
18.375 80.125 -0.27073
18.375 80.375 -0.13276
18.375 80.625 0.15041
18.375 80.875 -0.066811
18.375 81.125 0.13686
18.375 81.375 -0.17894
18.375 81.625 -0.0010891
18.375 81.875 0.32561
18.375 82.125 0.22251
18.375 82.375 -0.026107
18.375 82.625 -0.47319
18.375 82.875 -0.91595
18.375 83.125 -0.89948
18.375 83.375 -0.8962
18.375 83.625 -0.86535
18.375 83.875 -0.71133
18.625 73.125 -0.88502
18.625 73.375 -0.93321
18.625 73.625 -0.77784
18.625 73.875 -0.82918
18.625 74.125 -0.88945
18.625 74.375 -1.0154
18.625 74.625 -1.0165
18.625 74.875 -0.87467
18.625 75.125 -0.92182
18.625 75.375 -0.92588
18.625 75.625 -0.84933
18.625 75.875 -0.90005
18.625 76.125 -0.78645
18.625 76.375 -0.66752
18.625 76.625 -0.55639
18.625 76.875 -0.54492
18.625 77.125 -0.58713
18.625 77.375 -0.5676
18.625 77.625 -0.41386
18.625 77.875 -0.51907
18.625 78.125 -0.79187
18.625 78.375 0.069783
18.625 78.625 -0.53024
18.625 78.875 -0.24746
18.625 79.125 -0.56359
18.625 79.375 -0.43714
18.625 79.625 -0.72942
18.625 79.875 -0.17126
18.625 80.125 -0.10236
18.625 80.375 -0.041835
18.625 80.625 -0.24979
18.625 80.875 -0.091432
18.625 81.125 -0.17288
18.625 81.375 0.22621
18.625 81.625 0.037853
18.625 81.875 0.0037665
18.625 82.125 0.11627
18.625 82.375 0.36651
18.625 82.625 -0.83956
18.625 82.875 -1.0552
18.625 83.125 -0.85431
18.625 83.375 -1.0542
18.625 83.625 -0.89487
18.625 83.875 -0.7946
18.625 84.125 -0.89217
18.875 73.125 -0.98515
18.875 73.375 -1.1155
18.875 73.625 -0.78799
18.875 73.875 -0.74228
18.875 74.125 -0.99281
18.875 74.375 -1.0167
18.875 74.625 -0.5092
18.875 74.875 -0.77883
18.875 75.125 -0.84355
18.875 75.375 -0.90034
18.875 75.625 -0.90062
18.875 75.875 -0.67671
18.875 76.125 -0.64963
18.875 76.375 -0.65488
18.875 76.625 -0.61794
18.875 76.875 -0.66794
18.875 77.125 -0.77798
18.875 77.375 -0.79643
18.875 77.625 -0.60955
18.875 77.875 -0.68174
18.875 78.125 -0.81309
18.875 78.375 -1.2139
18.875 78.625 -0.013142
18.875 78.875 0.41458
18.875 79.125 -0.46462
18.875 79.375 -0.31243
18.875 79.625 -0.57754
18.875 79.875 -0.15644
18.875 80.125 0.059022
18.875 80.375 -0.23387
18.875 80.625 -0.19356
18.875 80.875 -0.20949
18.875 81.125 -0.24962
18.875 81.375 -0.48402
18.875 81.625 -0.33866
18.875 81.875 0.24652
18.875 82.125 0.26268
18.875 82.375 0.28675
18.875 82.625 -0.91113
18.875 82.875 -0.93817
18.875 83.125 -1.274
18.875 83.375 -0.92384
18.875 83.625 -0.8647
18.875 83.875 -0.75948
18.875 84.125 -0.71312
18.875 84.375 -0.72617
19.125 73.125 -1.0135
19.125 73.375 -0.94055
19.125 73.625 -0.68807
19.125 73.875 -0.66851
19.125 74.125 -0.94815
19.125 74.375 -0.7087
19.125 74.625 -0.4686
19.125 74.875 -0.82847
19.125 75.125 -0.83735
19.125 75.375 -0.86216
19.125 75.625 -0.86092
19.125 75.875 -0.60028
19.125 76.125 -0.7124
19.125 76.375 -0.62589
19.125 76.625 -0.59023
19.125 76.875 -0.6578
19.125 77.125 -0.62726
19.125 77.375 -0.52209
19.125 77.625 -0.82063
19.125 77.875 -0.95664
19.125 78.125 -1.0299
19.125 78.375 -0.88028
19.125 78.625 -0.45596
19.125 78.875 0.051244
19.125 79.125 -0.27925
19.125 79.375 -0.5534
19.125 79.625 -0.25769
19.125 79.875 -0.32268
19.125 80.125 -0.11361
19.125 80.375 -0.29435
19.125 80.625 -0.4514
19.125 80.875 -0.13039
19.125 81.125 -0.23115
19.125 81.375 -0.56269
19.125 81.625 -0.66588
19.125 81.875 -0.64582
19.125 82.125 -0.4241
19.125 82.375 -0.46035
19.125 82.625 -0.69511
19.125 82.875 -1.078
19.125 83.125 -1.0717
19.125 83.375 -1.184
19.125 83.625 -0.93775
19.125 83.875 -0.89199
19.125 84.125 -0.89522
19.125 84.375 -0.68436
19.125 84.625 -0.479
19.375 72.875 -1.2133
19.375 73.125 -1.1576
19.375 73.375 -0.98531
19.375 73.625 -0.42407
19.375 73.875 -0.75637
19.375 74.125 -0.73214
19.375 74.375 -0.67425
19.375 74.625 -0.44146
19.375 74.875 -0.33318
19.375 75.125 -0.75381
19.375 75.375 -0.75926
19.375 75.625 -0.79162
19.375 75.875 -0.7296
19.375 76.125 -0.72115
19.375 76.375 -0.67372
19.375 76.625 -0.63582
19.375 76.875 -0.67076
19.375 77.125 -0.64607
19.375 77.375 -0.69599
19.375 77.625 -0.8919
19.375 77.875 -0.77469
19.375 78.125 -0.81505
19.375 78.375 -0.82796
19.375 78.625 -0.59183
19.375 78.875 -0.47981
19.375 79.125 -0.50112
19.375 79.375 -0.1605
19.375 79.625 -0.29466
19.375 79.875 -0.35199
19.375 80.125 -0.3909
19.375 80.375 -0.41613
19.375 80.625 -0.22848
19.375 80.875 -0.15147
19.375 81.125 -0.085406
19.375 81.375 -0.13466
19.375 81.625 -0.66266
19.375 81.875 -0.5732
19.375 82.125 -0.43257
19.375 82.375 -0.05318
19.375 82.625 -0.72203
19.375 82.875 -0.78546
19.375 83.125 -0.82988
19.375 83.375 -0.88327
19.375 83.625 -0.97484
19.375 83.875 -0.8677
19.375 84.125 -0.78556
19.375 84.375 -0.88407
19.375 84.625 -0.82287
19.375 84.875 -0.67768
19.625 72.875 -1.0131
19.625 73.125 -1.1842
19.625 73.375 -0.93671
19.625 73.625 -0.79163
19.625 73.875 -0.82112
19.625 74.125 -0.70855
19.625 74.375 -0.66394
19.625 74.625 -0.51003
19.625 74.875 -0.49345
19.625 75.125 -0.61216
19.625 75.375 -0.81342
19.625 75.625 -0.93597
19.625 75.875 -0.81941
19.625 76.125 -0.68426
19.625 76.375 -0.71792
19.625 76.625 -0.71649
19.625 76.875 -0.8413
19.625 77.125 -0.64578
19.625 77.375 -0.65117
19.625 77.625 -0.6705
19.625 77.875 -0.85001
19.625 78.125 -0.99387
19.625 78.375 -1.04
19.625 78.625 -0.45398
19.625 78.875 -0.63234
19.625 79.125 -0.77539
19.625 79.375 -0.91015
19.625 79.625 -0.68074
19.625 79.875 -0.57532
19.625 80.125 -0.29324
19.625 80.375 -0.32544
19.625 80.625 -0.15468
19.625 80.875 -0.15417
19.625 81.125 -0.1006
19.625 81.375 -0.61511
19.625 81.625 -0.65758
19.625 81.875 -0.39655
19.625 82.125 -0.40469
19.625 82.375 -0.36768
19.625 82.625 -0.53723
19.625 82.875 -0.53008
19.625 83.125 -0.27365
19.625 83.375 -0.78075
19.625 83.625 -0.75358
19.625 83.875 -0.77518
19.625 84.125 -0.80047
19.625 84.375 -0.77129
19.625 84.625 -0.61888
19.625 84.875 -0.74462
19.625 85.125 -0.85211
19.625 85.375 -0.66096
19.875 72.875 -0.83896
19.875 73.125 -1.1194
19.875 73.375 -0.87028
19.875 73.625 -0.74061
19.875 73.875 -0.59604
19.875 74.125 -0.72685
19.875 74.375 -0.6942
19.875 74.625 -0.7381
19.875 74.875 -0.62131
19.875 75.125 -0.64219
19.875 75.375 -0.78506
19.875 75.625 -0.86312
19.875 75.875 -0.66867
19.875 76.125 -0.51312
19.875 76.375 -0.47077
19.875 76.625 -0.69351
19.875 76.875 -0.64233
19.875 77.125 -0.64524
19.875 77.375 -0.60677
19.875 77.625 -0.69909
19.875 77.875 -0.73711
19.875 78.125 -0.78574
19.875 78.375 -0.78647
19.875 78.625 -0.63572
19.875 78.875 -0.79291
19.875 79.125 -0.67283
19.875 79.375 -0.81505
19.875 79.625 -0.66074
19.875 79.875 -0.30968
19.875 80.125 0.010753
19.875 80.375 -0.23488
19.875 80.625 -0.20329
19.875 80.875 -0.013814
19.875 81.125 -0.058139
19.875 81.375 -0.61281
19.875 81.625 -0.50844
19.875 81.875 -0.29051
19.875 82.125 -0.52148
19.875 82.375 0.060667
19.875 82.625 -0.42757
19.875 82.875 -0.45792
19.875 83.125 -0.77427
19.875 83.375 -1.0645
19.875 83.625 -0.64771
19.875 83.875 -0.64071
19.875 84.125 -0.75676
19.875 84.375 -0.84699
19.875 84.625 -0.57186
19.875 84.875 -0.50167
19.875 85.125 -0.68608
19.875 85.375 -0.71634
NaN NaN NaN
NaN NaN NaN
NaN NaN NaN
20.125 72.875 -0.6621
20.125 73.125 -0.95494
20.125 73.375 -0.89595
20.125 73.625 -0.05328
20.125 73.875 -0.48529
20.125 74.125 -0.2634
20.125 74.375 -0.68326
20.125 74.625 -0.76008
20.125 74.875 -0.73906
20.125 75.125 -0.90358
20.125 75.375 -0.83331
20.125 75.625 -0.69704
20.125 75.875 -0.57053
20.125 76.125 -0.50095
20.125 76.375 -0.51157
20.125 76.625 -0.73706
20.125 76.875 -0.70116
20.125 77.125 -0.59793
20.125 77.375 -0.62772
20.125 77.625 -0.73899
20.125 77.875 -0.7264
20.125 78.125 -0.79262
20.125 78.375 -0.8132
20.125 78.625 -0.70833
20.125 78.875 -0.77786
20.125 79.125 -0.88923
20.125 79.375 -0.99128
20.125 79.625 -0.34184
20.125 79.875 -0.1819
20.125 80.125 -0.16176
20.125 80.375 -0.047477
20.125 80.625 -0.14717
20.125 80.875 -0.32203
20.125 81.125 -0.32675
20.125 81.375 -0.66594
20.125 81.625 -0.5951
20.125 81.875 -0.42169
20.125 82.125 -0.47684
20.125 82.375 -0.73126
20.125 82.625 -0.28092
20.125 82.875 -0.66665
20.125 83.125 -0.40222
20.125 83.375 -0.9872
20.125 83.625 -0.66365
20.125 83.875 -0.26987
20.125 84.125 -0.31549
20.125 84.375 -0.4716
20.125 84.625 -0.54873
20.125 84.875 -0.38369
20.125 85.125 -0.56115
20.125 85.375 -0.84369
20.125 85.625 -0.84891
20.125 85.875 -0.79311
20.125 86.125 -0.76499
NaN NaN NaN
20.375 73.125 -0.7334
20.375 73.375 -0.81025
20.375 73.625 -0.81937
20.375 73.875 -0.77866
20.375 74.125 -0.6357
20.375 74.375 -0.71338
20.375 74.625 -0.77129
20.375 74.875 -0.80258
20.375 75.125 -0.7169
20.375 75.375 -0.63196
20.375 75.625 -0.56255
20.375 75.875 -0.51988
20.375 76.125 -0.55606
20.375 76.375 -0.59012
20.375 76.625 -0.69567
20.375 76.875 -0.65216
20.375 77.125 -0.64022
20.375 77.375 -0.79313
20.375 77.625 -0.61652
20.375 77.875 -0.74248
20.375 78.125 -0.82043
20.375 78.375 -0.85554
20.375 78.625 -0.81037
20.375 78.875 -0.78273
20.375 79.125 -0.63559
20.375 79.375 -0.59395
20.375 79.625 -0.18012
20.375 79.875 -0.19424
20.375 80.125 -0.15673
20.375 80.375 -0.040687
20.375 80.625 0.065515
20.375 80.875 -0.26335
20.375 81.125 -0.4735
20.375 81.375 -0.45548
20.375 81.625 -0.44706
20.375 81.875 -0.40318
20.375 82.125 -0.40677
20.375 82.375 -0.55086
20.375 82.625 -0.4252
20.375 82.875 -0.53101
20.375 83.125 -0.16593
20.375 83.375 -0.55106
20.375 83.625 -0.67693
20.375 83.875 -0.88789
20.375 84.125 -0.30774
20.375 84.375 -0.68919
20.375 84.625 -0.52531
20.375 84.875 -0.44707
20.375 85.125 -0.53116
20.375 85.375 -0.83967
20.375 85.625 -0.74926
20.375 85.875 -0.83359
20.375 86.125 -0.70359
20.375 86.375 -0.64735
NaN NaN NaN
20.625 73.125 -0.72594
20.625 73.375 -0.81288
20.625 73.625 -0.56638
20.625 73.875 -0.2865
20.625 74.125 -0.64913
20.625 74.375 -0.72192
20.625 74.625 -0.79131
20.625 74.875 -0.67845
20.625 75.125 -0.77652
20.625 75.375 -0.79891
20.625 75.625 -0.69636
20.625 75.875 -0.50198
20.625 76.125 -0.50617
20.625 76.375 -0.54563
20.625 76.625 -0.5705
20.625 76.875 -0.59657
20.625 77.125 -0.51025
20.625 77.375 -0.51977
20.625 77.625 -0.55319
20.625 77.875 -0.74243
20.625 78.125 -0.72841
20.625 78.375 -0.75204
20.625 78.625 -0.82577
20.625 78.875 -0.75472
20.625 79.125 -0.77529
20.625 79.375 -0.84461
20.625 79.625 -0.35723
20.625 79.875 -0.20265
20.625 80.125 -0.15027
20.625 80.375 0.028729
20.625 80.625 -0.43698
20.625 80.875 0.026433
20.625 81.125 -0.20396
20.625 81.375 -0.36542
20.625 81.625 -0.48961
20.625 81.875 -0.3514
20.625 82.125 -0.36772
20.625 82.375 -0.41532
20.625 82.625 -0.22821
20.625 82.875 -0.22378
20.625 83.125 -0.11911
20.625 83.375 -0.51286
20.625 83.625 -0.59022
20.625 83.875 -0.73334
20.625 84.125 -0.62728
20.625 84.375 -0.47276
20.625 84.625 -0.64899
20.625 84.875 -0.57914
20.625 85.125 -0.66104
20.625 85.375 -0.63783
20.625 85.625 -0.79782
20.625 85.875 -0.7468
20.625 86.125 -0.7279
20.625 86.375 -0.70005
20.625 86.625 -0.68871
NaN NaN NaN
20.875 70.625 -0.068359
20.875 70.875 -0.017215
20.875 71.125 -0.20925
20.875 71.375 0.32024
20.875 72.875 -0.60118
20.875 73.125 -0.70615
20.875 73.375 -0.72404
20.875 73.625 -0.53591
20.875 73.875 -0.54107
20.875 74.125 -0.60408
20.875 74.375 -0.71366
20.875 74.625 -0.77121
20.875 74.875 -0.76563
20.875 75.125 -0.56287
20.875 75.375 -0.74771
20.875 75.625 -0.58373
20.875 75.875 -0.5327
20.875 76.125 -0.46386
20.875 76.375 -0.54098
20.875 76.625 -0.58719
20.875 76.875 -0.65276
20.875 77.125 -0.58102
20.875 77.375 -0.53177
20.875 77.625 -0.55545
20.875 77.875 -0.698
20.875 78.125 -0.77331
20.875 78.375 -0.81731
20.875 78.625 -0.8067
20.875 78.875 -0.61248
20.875 79.125 -0.86539
20.875 79.375 -0.68348
20.875 79.625 -0.45236
20.875 79.875 -0.21363
20.875 80.125 -0.086481
20.875 80.375 -0.37312
20.875 80.625 -0.28893
20.875 80.875 -0.15242
20.875 81.125 -0.17497
20.875 81.375 -0.30087
20.875 81.625 -0.43063
20.875 81.875 -0.51776
20.875 82.125 -0.56334
20.875 82.375 -0.21142
20.875 82.625 -0.33808
20.875 82.875 -0.15845
20.875 83.125 -0.04192
20.875 83.375 -0.64594
20.875 83.625 -0.69641
20.875 83.875 -0.59541
20.875 84.125 -0.75023
20.875 84.375 -0.55698
20.875 84.625 -0.33325
20.875 84.875 -0.72306
20.875 85.125 -0.71652
20.875 85.375 -0.79576
20.875 85.625 -0.69918
20.875 85.875 -0.78604
20.875 86.125 -0.7299
20.875 86.375 -0.7513
20.875 86.625 -0.68604
21.125 70.375 -0.51073
21.125 70.625 -0.40502
21.125 70.875 -0.37768
21.125 71.125 -0.25177
21.125 71.375 -0.17791
NaN NaN NaN
NaN NaN NaN
21.125 72.875 -0.64121
21.125 73.125 -0.78849
21.125 73.375 -0.66342
21.125 73.625 -0.64575
21.125 73.875 -0.93575
21.125 74.125 -0.92017
21.125 74.375 -0.77576
21.125 74.625 -0.53704
21.125 74.875 -0.57533
21.125 75.125 -0.62071
21.125 75.375 -0.62985
21.125 75.625 -0.522
21.125 75.875 -0.52138
21.125 76.125 -0.48856
21.125 76.375 -0.63946
21.125 76.625 -0.6699
21.125 76.875 -0.7519
21.125 77.125 -0.72467
21.125 77.375 -0.68274
21.125 77.625 -0.67676
21.125 77.875 -0.87772
21.125 78.125 -0.97737
21.125 78.375 -0.9779
21.125 78.625 -1.007
21.125 78.875 -0.61128
21.125 79.125 -0.59826
21.125 79.375 -0.54858
21.125 79.625 -0.29814
21.125 79.875 0.046748
21.125 80.125 -0.2916
21.125 80.375 -0.11279
21.125 80.625 -0.43912
21.125 80.875 0.34888
21.125 81.125 0.24646
21.125 81.375 -0.68173
21.125 81.625 -0.067188
21.125 81.875 -0.16485
21.125 82.125 -0.054034
21.125 82.375 -0.27223
21.125 82.625 -0.072701
21.125 82.875 -0.27566
21.125 83.125 -0.47526
21.125 83.375 -0.39821
21.125 83.625 -0.43
21.125 83.875 -0.51702
21.125 84.125 -0.7067
21.125 84.375 -0.35079
21.125 84.625 -0.74238
21.125 84.875 -0.76815
21.125 85.125 -0.73174
21.125 85.375 -0.70894
21.125 85.625 -0.59111
21.125 85.875 -0.62791
21.125 86.125 -0.72872
21.125 86.375 -0.73462
21.125 86.625 -0.73075
21.375 70.125 -0.71968
21.375 70.375 -0.79783
21.375 70.625 -0.41805
21.375 70.875 -0.4022
21.375 71.125 -0.41487
21.375 71.375 -0.40663
21.375 71.625 -0.21761
21.375 71.875 -0.3506
21.375 72.875 -0.72815
21.375 73.125 -0.49465
21.375 73.375 -0.46142
21.375 73.625 -0.58395
21.375 73.875 -0.78215
21.375 74.125 -0.80586
21.375 74.375 -0.64873
21.375 74.625 -0.51842
21.375 74.875 -0.39737
21.375 75.125 -0.48326
21.375 75.375 -0.54038
21.375 75.625 -0.50617
21.375 75.875 -0.55457
21.375 76.125 -0.46346
21.375 76.375 -0.64927
21.375 76.625 -0.65837
21.375 76.875 -0.86158
21.375 77.125 -0.87316
21.375 77.375 -0.7486
21.375 77.625 -0.64078
21.375 77.875 -0.9122
21.375 78.125 -0.84305
21.375 78.375 -0.83852
21.375 78.625 -0.99798
21.375 78.875 -0.67443
21.375 79.125 -0.73607
21.375 79.375 -0.54
21.375 79.625 -0.26144
21.375 79.875 -0.26903
21.375 80.125 -0.41328
21.375 80.375 -0.28144
21.375 80.625 -0.22278
21.375 80.875 -0.37288
21.375 81.125 -0.11621
21.375 81.375 -0.083904
21.375 81.625 0.20632
21.375 81.875 0.146
21.375 82.125 -0.24032
21.375 82.375 -0.3015
21.375 82.625 -0.43231
21.375 82.875 -0.41107
21.375 83.125 -0.18958
21.375 83.375 -0.60281
21.375 83.625 -0.56554
21.375 83.875 -0.41736
21.375 84.125 -0.4674
21.375 84.375 -0.21165
21.375 84.625 -0.4079
21.375 84.875 -0.71569
21.375 85.125 -0.68615
21.375 85.375 -0.91221
21.375 85.625 -0.3199
21.375 85.875 -0.55384
21.375 86.125 -0.72684
21.375 86.375 -0.6471
21.375 86.625 -0.6885
21.375 86.875 -0.60312
21.625 69.875 -0.53536
21.625 70.125 -0.67541
21.625 70.375 -0.49038
21.625 70.625 -0.33434
21.625 70.875 -0.49152
21.625 71.125 -0.45989
21.625 71.375 -0.1934
21.625 71.625 0.033233
21.625 71.875 -0.31547
21.625 72.125 -0.33168
21.625 72.875 -0.49819
21.625 73.125 -0.29715
21.625 73.375 -0.3339
21.625 73.625 -0.51779
21.625 73.875 -0.80636
21.625 74.125 -0.75453
21.625 74.375 -0.5617
21.625 74.625 -0.54478
21.625 74.875 -0.37108
21.625 75.125 -0.26999
21.625 75.375 -0.40597
21.625 75.625 -0.51294
21.625 75.875 -0.61035
21.625 76.125 -0.51755
21.625 76.375 -0.66327
21.625 76.625 -0.74839
21.625 76.875 -0.67001
21.625 77.125 -0.62388
21.625 77.375 -0.5995
21.625 77.625 -0.85892
21.625 77.875 -0.56869
21.625 78.125 -0.57235
21.625 78.375 -0.76612
21.625 78.625 -0.79189
21.625 78.875 -0.88579
21.625 79.125 -1.0676
21.625 79.375 -0.70311
21.625 79.625 -0.3347
21.625 79.875 -0.17087
21.625 80.125 -0.1518
21.625 80.375 0.019876
21.625 80.625 -0.14339
21.625 80.875 -0.5141
21.625 81.125 -0.61398
21.625 81.375 -0.182
21.625 81.625 -0.029471
21.625 81.875 0.14093
21.625 82.125 -0.29566
21.625 82.375 -0.56192
21.625 82.625 -0.78212
21.625 82.875 -0.51236
21.625 83.125 -0.23656
21.625 83.375 -0.58675
21.625 83.625 -0.54184
21.625 83.875 -0.45696
21.625 84.125 -0.1611
21.625 84.375 -0.61907
21.625 84.625 -0.17312
21.625 84.875 -0.40655
21.625 85.125 -0.40707
21.625 85.375 -0.50834
21.625 85.625 -0.36526
21.625 85.875 -0.45772
21.625 86.125 -0.59296
21.625 86.375 -0.43666
21.625 86.625 -0.42366
21.625 86.875 -0.56317
21.625 87.125 -0.55817
NaN NaN NaN
NaN NaN NaN
21.875 69.625 -0.27846
21.875 69.875 -0.39162
21.875 70.125 -0.53034
21.875 70.375 -0.3624
21.875 70.625 -0.1691
21.875 70.875 -0.46949
21.875 71.125 -0.48741
21.875 71.375 -0.42799
21.875 71.625 -0.053474
21.875 71.875 -0.39901
21.875 72.125 -0.49248
NaN NaN NaN
21.875 72.875 -0.91503
21.875 73.125 -0.47079
21.875 73.375 -0.53849
21.875 73.625 -0.48524
21.875 73.875 -0.58304
21.875 74.125 -0.75383
21.875 74.375 -0.87548
21.875 74.625 -0.68433
21.875 74.875 -0.60154
21.875 75.125 -0.66889
21.875 75.375 -0.565
21.875 75.625 -0.48654
21.875 75.875 -0.66343
21.875 76.125 -0.60734
21.875 76.375 -0.60364
21.875 76.625 -0.62012
21.875 76.875 -0.60542
21.875 77.125 -0.45258
21.875 77.375 -0.3576
21.875 77.625 -0.70057
21.875 77.875 -0.72491
21.875 78.125 -0.32343
21.875 78.375 -0.18114
21.875 78.625 -0.53371
21.875 78.875 -0.53815
21.875 79.125 -0.59808
21.875 79.375 -0.53217
21.875 79.625 -0.3282
21.875 79.875 -0.17136
21.875 80.125 -0.072541
21.875 80.375 0.22907
21.875 80.625 -0.020577
21.875 80.875 -0.15796
21.875 81.125 -0.91695
21.875 81.375 -0.39649
21.875 81.625 -0.62225
21.875 81.875 -0.44333
21.875 82.125 -0.39808
21.875 82.375 -0.49613
21.875 82.625 -0.87145
21.875 82.875 -1.2756
21.875 83.125 -1.0372
21.875 83.375 -0.81889
21.875 83.625 -0.49959
21.875 83.875 -0.41652
21.875 84.125 -0.43199
21.875 84.375 -0.25599
21.875 84.625 -0.21829
21.875 84.875 -0.36329
21.875 85.125 -0.51278
21.875 85.375 -0.30865
21.875 85.625 -0.40212
21.875 85.875 -0.36934
21.875 86.125 -0.50531
21.875 86.375 -0.64714
21.875 86.625 -0.32812
21.875 86.875 -0.39936
21.875 87.125 -0.6473
21.875 87.375 -0.68738
21.875 87.625 -0.82916
21.875 87.875 -0.81684
21.875 88.375 -0.84382
NaN NaN NaN
NaN NaN NaN
22.125 69.125 -0.26691
22.125 69.375 -0.33418
22.125 69.625 -0.33094
22.125 69.875 -0.44897
22.125 70.125 -0.41896
22.125 70.375 -0.40485
22.125 70.625 -0.36483
22.125 70.875 -0.3723
22.125 71.125 -0.53082
22.125 71.375 -0.46637
22.125 71.625 -0.047563
22.125 71.875 -0.28049
22.125 72.125 -0.34579
NaN NaN NaN
22.125 72.875 -0.84287
22.125 73.125 -0.69904
22.125 73.375 -0.56542
22.125 73.625 -0.45145
22.125 73.875 -0.50337
22.125 74.125 -0.59482
22.125 74.375 -0.66918
22.125 74.625 -0.76831
22.125 74.875 -0.57228
22.125 75.125 -0.69207
22.125 75.375 -0.80265
22.125 75.625 -0.74596
22.125 75.875 -0.72917
22.125 76.125 -0.72595
22.125 76.375 -0.67106
22.125 76.625 -0.61303
22.125 76.875 -0.58803
22.125 77.125 -0.53153
22.125 77.375 -0.49691
22.125 77.625 -0.66072
22.125 77.875 -0.51452
22.125 78.125 -0.31245
22.125 78.375 -0.51367
22.125 78.625 -0.22585
22.125 78.875 -0.15802
22.125 79.125 -0.25167
22.125 79.375 -0.48218
22.125 79.625 -0.31758
22.125 79.875 -0.072677
22.125 80.125 -0.011207
22.125 80.375 0.089903
22.125 80.625 0.14482
22.125 80.875 -0.23686
22.125 81.125 -0.96586
22.125 81.375 -0.48507
22.125 81.625 -0.546
22.125 81.875 -0.38563
22.125 82.125 -0.67988
22.125 82.375 -0.4088
22.125 82.625 -0.75329
22.125 82.875 -0.72665
22.125 83.125 -0.9154
22.125 83.375 -0.78506
22.125 83.625 -0.51689
22.125 83.875 -0.61025
22.125 84.125 -0.58079
22.125 84.375 -0.45962
22.125 84.625 -0.3208
22.125 84.875 -0.64454
22.125 85.125 -0.37197
22.125 85.375 -0.33708
22.125 85.625 -0.267
22.125 85.875 -0.32268
22.125 86.125 -0.30937
22.125 86.375 -0.16024
22.125 86.625 -0.31096
22.125 86.875 -0.43711
22.125 87.125 -0.54836
22.125 87.375 -0.67085
22.125 87.625 -0.69534
22.125 87.875 -0.80819
22.125 88.125 -0.74555
22.125 88.375 -0.81321
NaN NaN NaN
22.375 69.125 -0.16428
22.375 69.875 -0.47923
22.375 70.125 -0.50732
22.375 70.375 -0.55374
22.375 70.625 -0.45237
22.375 70.875 -0.4094
22.375 71.125 -0.30761
22.375 71.375 -0.26378
22.375 71.625 -0.55729
22.375 71.875 -0.31155
22.375 72.125 0.58674
NaN NaN NaN
22.375 72.875 -0.67263
22.375 73.125 -0.48157
22.375 73.375 -0.43922
22.375 73.625 -0.22444
22.375 73.875 -0.38441
22.375 74.125 -0.61558
22.375 74.375 -0.62413
22.375 74.625 -0.7616
22.375 74.875 -0.85503
22.375 75.125 -0.80341
22.375 75.375 -0.73069
22.375 75.625 -0.77602
22.375 75.875 -0.64897
22.375 76.125 -0.71968
22.375 76.375 -0.82818
22.375 76.625 -0.44416
22.375 76.875 -0.49867
22.375 77.125 -0.49361
22.375 77.375 -0.54872
22.375 77.625 -0.58836
22.375 77.875 -0.23694
22.375 78.125 -0.12988
22.375 78.375 -0.19255
22.375 78.625 -0.38
22.375 78.875 -0.20143
22.375 79.125 -0.17814
22.375 79.375 -0.1413
22.375 79.625 -0.25917
22.375 79.875 0.13964
22.375 80.125 0.15569
22.375 80.375 0.3931
22.375 80.625 0.15561
22.375 80.875 0.024925
22.375 81.125 -0.14572
22.375 81.375 -0.64617
22.375 81.625 -0.71448
22.375 81.875 -0.65874
22.375 82.125 -0.79858
22.375 82.375 -0.58054
22.375 82.625 -0.84608
22.375 82.875 -1.0468
22.375 83.125 -0.87046
22.375 83.375 -0.97019
22.375 83.625 -1.1369
22.375 83.875 -0.76395
22.375 84.125 -0.71188
22.375 84.375 -0.64976
22.375 84.625 -0.65048
22.375 84.875 -0.41834
22.375 85.125 -0.43246
22.375 85.375 -0.34648
22.375 85.625 -0.42737
22.375 85.875 -0.31606
22.375 86.125 -0.43096
22.375 86.375 -0.36933
22.375 86.625 -0.4027
22.375 86.875 -0.4364
22.375 87.125 -0.49
22.375 87.375 -0.77307
22.375 87.625 -0.71086
22.375 87.875 -0.79512
22.375 88.125 -0.88223
22.375 88.375 -0.84234
22.375 88.625 -0.79803
22.375 88.875 -0.75291
NaN NaN NaN
22.625 70.375 -0.47175
22.625 70.625 -0.070648
22.625 70.875 -0.36071
22.625 71.125 -0.35962
22.625 71.375 -0.35966
22.625 71.625 -0.44983
22.625 71.875 -0.68189
22.625 72.125 -0.055874
22.625 72.375 0.96405
22.625 72.625 1.2815
22.625 72.875 -0.60331
22.625 73.125 -0.60804
22.625 73.375 -0.20297
22.625 73.625 -0.50573
22.625 73.875 -0.50825
22.625 74.125 -0.44297
22.625 74.375 -0.4836
22.625 74.625 -0.62721
22.625 74.875 -0.82602
22.625 75.125 -0.68631
22.625 75.375 -0.4097
22.625 75.625 -0.39024
22.625 75.875 -0.74895
22.625 76.125 -0.69273
22.625 76.375 -0.80747
22.625 76.625 -0.49609
22.625 76.875 -0.36214
22.625 77.125 -0.42302
22.625 77.375 -0.54565
22.625 77.625 -0.57981
22.625 77.875 -0.2023
22.625 78.125 -0.065226
22.625 78.375 -0.13016
22.625 78.625 -0.032281
22.625 78.875 -0.2047
22.625 79.125 -0.19177
22.625 79.375 -0.13416
22.625 79.625 -0.13121
22.625 79.875 -0.037415
22.625 80.125 0.0055852
22.625 80.375 -0.14415
22.625 80.625 -0.18678
22.625 80.875 -0.21172
22.625 81.125 -0.76793
22.625 81.375 -0.59601
22.625 81.625 -0.40376
22.625 81.875 -0.68528
22.625 82.125 -0.91599
22.625 82.375 -1.1358
22.625 82.625 -0.95657
22.625 82.875 -0.98368
22.625 83.125 -0.80119
22.625 83.375 -0.67558
22.625 83.625 -0.70213
22.625 83.875 -0.92742
22.625 84.125 -0.44035
22.625 84.375 -0.8107
22.625 84.625 -0.69605
22.625 84.875 -0.67236
22.625 85.125 -0.4067
22.625 85.375 -0.051455
22.625 85.625 0.1032
22.625 85.875 -0.23191
22.625 86.125 -0.42926
22.625 86.375 -0.43402
22.625 86.625 -0.48658
22.625 86.875 -0.42038
22.625 87.125 -0.48938
22.625 87.375 -0.68578
22.625 87.625 -0.64601
22.625 87.875 -0.71347
22.625 88.125 -0.65747
22.625 88.375 -0.81628
22.625 88.625 -0.70839
22.625 88.875 -0.72224
22.625 92.625 -0.56259
22.625 92.875 0.83525
NaN NaN NaN
NaN NaN NaN
NaN NaN NaN
22.875 70.625 0.11619
22.875 70.875 -0.17852
22.875 71.125 -0.38794
22.875 71.375 -0.40715
22.875 71.625 -0.57407
22.875 71.875 -0.48128
22.875 72.125 -0.71665
22.875 72.375 0.1762
22.875 72.625 0.78521
22.875 72.875 -0.42581
22.875 73.125 0.2888
22.875 73.375 -0.26358
22.875 73.625 -0.52924
22.875 73.875 -0.5513
22.875 74.125 -0.53102
22.875 74.375 -0.51376
22.875 74.625 -0.6766
22.875 74.875 -0.57027
22.875 75.125 -0.58781
22.875 75.375 -0.52192
22.875 75.625 -0.6656
22.875 75.875 -0.68841
22.875 76.125 -0.6699
22.875 76.375 -0.62327
22.875 76.625 -0.49605
22.875 76.875 -0.67102
22.875 77.125 -0.43187
22.875 77.375 -0.65787
22.875 77.625 -0.48646
22.875 77.875 -0.39282
22.875 78.125 -0.306
22.875 78.375 -0.16883
22.875 78.625 -0.088983
22.875 78.875 -0.14914
22.875 79.125 -0.10726
22.875 79.375 -0.13246
22.875 79.625 -0.061854
22.875 79.875 -0.22706
22.875 80.125 0.041593
22.875 80.375 -0.16069
22.875 80.625 -0.14323
22.875 80.875 0.27511
22.875 81.125 0.049111
22.875 81.375 -0.39643
22.875 81.625 -0.60609
22.875 81.875 -0.9115
22.875 82.125 -0.71838
22.875 82.375 -0.89725
22.875 82.625 -0.9792
22.875 82.875 -0.6007
22.875 83.125 -0.91908
22.875 83.375 -0.86539
22.875 83.625 -0.98827
22.875 83.875 -0.97761
22.875 84.125 -0.97782
22.875 84.375 -0.74147
22.875 84.625 -0.62012
22.875 84.875 -0.33161
22.875 85.125 -0.32772
22.875 85.375 -0.47009
22.875 85.625 0.05176
22.875 85.875 -0.26423
22.875 86.125 -0.29754
22.875 86.375 -0.43082
22.875 86.625 -0.52861
22.875 86.875 -0.52151
22.875 87.125 -0.46149
22.875 87.375 -0.57185
22.875 87.625 -0.60064
22.875 87.875 -0.63617
22.875 88.125 -0.56126
22.875 88.375 -0.62857
22.875 88.625 -0.62476
22.875 92.625 -0.60905
22.875 92.875 0.16925
23.125 68.875 -0.43219
23.125 69.125 -0.3262
23.125 69.375 -0.20132
23.125 69.625 -0.16971
23.125 69.875 -0.15373
23.125 70.125 -0.30017
23.125 70.875 -0.35669
23.125 71.125 -0.27353
23.125 71.375 -0.64395
23.125 71.625 -0.61789
23.125 71.875 -0.65089
23.125 72.125 0.85764
23.125 72.375 -0.48017
23.125 72.625 0.031581
23.125 72.875 -0.43625
23.125 73.125 -0.66828
23.125 73.375 -0.26715
23.125 73.625 -0.33848
23.125 73.875 -0.77309
23.125 74.125 -0.64683
23.125 74.375 -0.68375
23.125 74.625 -0.76835
23.125 74.875 -0.58568
23.125 75.125 -0.54764
23.125 75.375 -0.50662
23.125 75.625 -0.58256
23.125 75.875 -0.65432
23.125 76.125 -0.61724
23.125 76.375 -0.48411
23.125 76.625 -0.53885
23.125 76.875 -0.56461
23.125 77.125 -0.4503
23.125 77.375 -0.43861
23.125 77.625 -0.60876
23.125 77.875 -0.31738
23.125 78.125 -0.38077
23.125 78.375 -0.25641
23.125 78.625 -0.31926
23.125 78.875 -0.12498
23.125 79.125 0.039436
23.125 79.375 -0.059537
23.125 79.625 -0.1394
23.125 79.875 0.026196
23.125 80.125 -0.056097
23.125 80.375 -0.20221
23.125 80.625 -0.11458
23.125 80.875 0.80573
23.125 81.125 -0.086204
23.125 81.375 -0.46573
23.125 81.625 -0.60334
23.125 81.875 -0.80141
23.125 82.125 -0.76473
23.125 82.375 -0.75437
23.125 82.625 -0.72626
23.125 82.875 -0.6733
23.125 83.125 -0.59519
23.125 83.375 -0.76117
23.125 83.625 -0.45469
23.125 83.875 -0.53365
23.125 84.125 -0.69306
23.125 84.375 -0.54616
23.125 84.625 -0.68258
23.125 84.875 -0.43867
23.125 85.125 -0.34871
23.125 85.375 0.1615
23.125 85.625 -0.24073
23.125 85.875 -0.49606
23.125 86.125 -0.35863
23.125 86.375 -0.50551
23.125 86.625 -0.59935
23.125 86.875 -0.47033
23.125 87.125 -0.26163
23.125 87.375 -0.58233
23.125 87.625 -0.7125
23.125 87.875 -0.85538
23.125 88.125 -0.64511
23.125 88.375 -0.61234
23.125 88.625 -0.59907
NaN NaN NaN
23.125 92.625 -0.9921
23.125 92.875 -0.61878
NaN NaN NaN
23.375 68.875 -0.38497
23.375 69.125 -0.31897
23.375 69.375 -0.20886
23.375 69.625 -0.15351
23.375 69.875 -0.20579
23.375 70.125 -0.26762
23.375 70.375 -0.1826
23.375 70.625 -0.094499
23.375 70.875 0.11661
23.375 71.125 0.10981
23.375 71.375 -0.63693
23.375 71.625 -0.79484
23.375 71.875 0.096195
23.375 72.125 -0.38216
23.375 72.375 -0.49526
23.375 72.625 -0.46475
23.375 72.875 -0.29341
23.375 73.125 -0.49368
23.375 73.375 -0.6055
23.375 73.625 -0.54041
23.375 73.875 -0.67286
23.375 74.125 -0.79511
23.375 74.375 -0.64087
23.375 74.625 -0.66708
23.375 74.875 -0.4963
23.375 75.125 -0.44071
23.375 75.375 -0.33751
23.375 75.625 -0.52615
23.375 75.875 -0.54176
23.375 76.125 -0.22612
23.375 76.375 -0.30567
23.375 76.625 -0.55309
23.375 76.875 -0.6523
23.375 77.125 -0.43684
23.375 77.375 -0.35077
23.375 77.625 -0.6757
23.375 77.875 -0.56254
23.375 78.125 -0.48399
23.375 78.375 -0.44036
23.375 78.625 -0.21678
23.375 78.875 -0.35192
23.375 79.125 -0.34997
23.375 79.375 -0.35404
23.375 79.625 -0.34149
23.375 79.875 0.013563
23.375 80.125 -0.11708
23.375 80.375 0.47567
23.375 80.625 0.4293
23.375 80.875 0.094031
23.375 81.125 -0.25656
23.375 81.375 -1.0862
23.375 81.625 -1.1026
23.375 81.875 -1.0162
23.375 82.125 -0.85552
23.375 82.375 -0.10343
23.375 82.625 -0.11059
23.375 82.875 -0.72002
23.375 83.125 -0.57648
23.375 83.375 -0.68458
23.375 83.625 -0.48722
23.375 83.875 -0.66476
23.375 84.125 -0.68321
23.375 84.375 -0.68802
23.375 84.625 -0.71217
23.375 84.875 -0.60093
23.375 85.125 -0.19141
23.375 85.375 -0.098307
23.375 85.625 -0.13914
23.375 85.875 -0.28886
23.375 86.125 -0.67374
23.375 86.375 -0.44718
23.375 86.625 -0.49616
23.375 86.875 -0.41956
23.375 87.125 -0.45944
23.375 87.375 -0.47519
23.375 87.625 -0.91508
23.375 87.875 -0.79542
23.375 88.125 -0.70699
23.375 88.375 -0.66562
23.375 88.625 -0.62317
23.375 91.375 -1.1836
23.375 91.625 -1.4711
23.375 92.625 -1.1269
23.375 92.875 -1.094
23.375 93.125 -0.78754
23.625 68.625 -0.60005
23.625 68.875 -0.54064
23.625 69.125 -0.51257
23.625 69.375 -0.4337
23.625 69.625 -0.39554
23.625 69.875 -0.39453
23.625 70.125 -0.32261
23.625 70.375 -0.19836
23.625 70.625 0.071003
23.625 70.875 0.64392
23.625 71.125 0.36971
23.625 71.375 0.34327
23.625 71.625 -0.71486
23.625 71.875 -0.68757
23.625 72.125 -0.59261
23.625 72.375 -0.54151
23.625 72.625 -0.45775
23.625 72.875 -0.49666
23.625 73.125 -0.60523
23.625 73.375 -0.558
23.625 73.625 -0.53937
23.625 73.875 -0.42872
23.625 74.125 -0.047891
23.625 74.375 -0.26819
23.625 74.625 -0.50411
23.625 74.875 -0.46161
23.625 75.125 -0.60534
23.625 75.375 -0.23712
23.625 75.625 -0.27142
23.625 75.875 -0.085611
23.625 76.125 -0.057294
23.625 76.375 -0.12143
23.625 76.625 -0.37866
23.625 76.875 -0.70508
23.625 77.125 -0.43507
23.625 77.375 -0.50276
23.625 77.625 -0.54849
23.625 77.875 -0.4245
23.625 78.125 -0.38092
23.625 78.375 -0.25748
23.625 78.625 -0.2032
23.625 78.875 -0.33004
23.625 79.125 -0.36753
23.625 79.375 -0.46081
23.625 79.625 -0.31469
23.625 79.875 0.55627
23.625 80.125 0.16527
23.625 80.375 0.30962
23.625 80.625 0.67162
23.625 80.875 -0.04057
23.625 81.125 -0.55401
23.625 81.375 -0.52929
23.625 81.625 -0.22782
23.625 81.875 0.21964
23.625 82.125 -0.49494
23.625 82.375 -0.0101
23.625 82.625 -0.065128
23.625 82.875 -0.28599
23.625 83.125 -0.52729
23.625 83.375 -0.8092
23.625 83.625 -0.83152
23.625 83.875 -0.71128
23.625 84.125 -0.82409
23.625 84.375 -0.77542
23.625 84.625 -0.53808
23.625 84.875 -0.45053
23.625 85.125 -0.47681
23.625 85.375 -0.25677
23.625 85.625 -0.35029
23.625 85.875 -0.42453
23.625 86.125 -0.97943
23.625 86.375 -0.45739
23.625 86.625 -0.45715
23.625 86.875 -0.5103
23.625 87.125 -0.65675
23.625 87.375 -0.9276
23.625 87.625 -0.50443
23.625 87.875 -0.76866
23.625 88.125 -0.70473
23.625 88.375 -0.70846
23.625 91.375 -1.4792
23.625 91.625 -1.1101
NaN NaN NaN
23.625 92.375 -1.2734
23.625 92.625 -1.2452
23.625 92.875 -1.3205
23.625 93.125 -1.1061
23.875 68.875 -0.52492
23.875 69.125 -0.43971
23.875 69.375 -0.40266
23.875 69.625 -0.37073
23.875 69.875 -0.31126
23.875 70.125 -0.32321
23.875 70.375 -0.30298
23.875 70.625 -0.26326
23.875 70.875 -0.15597
23.875 71.125 -0.18936
23.875 71.375 0.55144
23.875 71.625 0.83458
23.875 71.875 -0.35222
23.875 72.125 -0.48259
23.875 72.375 -0.41482
23.875 72.625 -0.52678
23.875 72.875 -0.6919
23.875 73.125 -0.64085
23.875 73.375 -0.20884
23.875 73.625 -0.25613
23.875 73.875 -0.14017
23.875 74.125 -0.26457
23.875 74.375 -0.22185
23.875 74.625 -0.28749
23.875 74.875 -0.34018
23.875 75.125 -0.47089
23.875 75.375 -0.13951
23.875 75.625 -0.42098
23.875 75.875 -0.27614
23.875 76.125 -0.10238
23.875 76.375 -0.052201
23.875 76.625 -0.29018
23.875 76.875 -0.14236
23.875 77.125 -0.014156
23.875 77.375 -0.30696
23.875 77.625 -0.40593
23.875 77.875 -0.35643
23.875 78.125 -0.24794
23.875 78.375 -0.2296
23.875 78.625 -0.24616
23.875 78.875 -0.11556
23.875 79.125 -0.020163
23.875 79.375 -0.26853
23.875 79.625 -0.15659
23.875 79.875 0.3863
23.875 80.125 0.53349
23.875 80.375 0.47366
23.875 80.625 0.29397
23.875 80.875 -0.38507
23.875 81.125 -0.67445
23.875 81.375 -0.53211
23.875 81.625 -0.31758
23.875 81.875 -0.80333
23.875 82.125 -0.8439
23.875 82.375 -0.27427
23.875 82.625 -0.43554
23.875 82.875 -0.32171
23.875 83.125 -0.55523
23.875 83.375 -1.0123
23.875 83.625 -0.71237
23.875 83.875 -0.32805
23.875 84.125 -0.51074
23.875 84.375 -0.76589
23.875 84.625 -0.85586
23.875 84.875 -0.82451
23.875 85.125 -0.68926
23.875 85.375 -0.56424
23.875 85.625 -0.42148
23.875 85.875 -0.65713
23.875 86.125 -0.63444
23.875 86.375 -0.31904
23.875 86.625 -0.48837
23.875 86.875 -0.4835
23.875 87.125 -0.60785
23.875 87.375 -0.63512
23.875 87.625 -0.55717
23.875 87.875 -0.77274
23.875 88.125 -0.78621
23.875 88.375 -0.81108
23.875 91.375 -0.93073
23.875 91.625 -0.84804
23.875 91.875 -0.82487
23.875 92.125 -1.419
23.875 92.375 -1.3665
23.875 92.625 -1.3166
23.875 92.875 -1.3908
23.875 93.125 -1.4074
23.875 93.375 -1.2242
24.125 68.875 -0.60498
24.125 69.125 -0.4337
24.125 69.375 -0.3337
24.125 69.625 -0.28111
24.125 69.875 -0.35127
24.125 70.125 -0.30424
24.125 70.375 -0.21753
24.125 70.625 -0.28197
24.125 70.875 -0.3406
24.125 71.125 -0.44617
24.125 71.375 -0.49536
24.125 71.625 -0.43346
24.125 71.875 -0.39187
24.125 72.125 -0.27049
24.125 72.375 -0.50086
24.125 72.625 -0.4165
24.125 72.875 -0.50185
24.125 73.125 -0.53104
24.125 73.375 -0.50842
24.125 73.625 -0.1754
24.125 73.875 -0.23508
24.125 74.125 -0.39014
24.125 74.375 -0.27209
24.125 74.625 -0.15656
24.125 74.875 -0.31753
24.125 75.125 -0.68172
24.125 75.375 -0.23281
24.125 75.625 -0.32772
24.125 75.875 -0.55554
24.125 76.125 -0.46644
24.125 76.375 -0.075505
24.125 76.625 -0.053403
24.125 76.875 -0.10873
24.125 77.125 -0.16589
24.125 77.375 -0.22323
24.125 77.625 -0.43269
24.125 77.875 -0.437
24.125 78.125 -0.31511
24.125 78.375 -0.13672
24.125 78.625 -0.14325
24.125 78.875 0.063652
24.125 79.125 0.072194
24.125 79.375 0.21013
24.125 79.625 -0.054569
24.125 79.875 0.41593
24.125 80.125 0.86983
24.125 80.375 0.15956
24.125 80.625 0.5059
24.125 80.875 0.042583
24.125 81.125 -0.92521
24.125 81.375 -0.58292
24.125 81.625 -0.46226
24.125 81.875 -1.0215
24.125 82.125 -0.81963
24.125 82.375 -0.66824
24.125 82.625 -0.78115
24.125 82.875 -0.79954
24.125 83.125 -0.67455
24.125 83.375 -1.0596
24.125 83.625 -1.2456
24.125 83.875 -0.69138
24.125 84.125 -0.59342
24.125 84.375 -0.76358
24.125 84.625 -0.97389
24.125 84.875 -1.0223
24.125 85.125 -0.59075
24.125 85.375 -0.62209
24.125 85.625 -0.8218
24.125 85.875 -0.5843
24.125 86.125 -0.42358
24.125 86.375 -0.42345
24.125 86.625 -0.44553
24.125 86.875 -0.56787
24.125 87.125 -0.68767
24.125 87.375 -0.62086
24.125 87.625 -0.57633
24.125 87.875 -0.76482
24.125 88.125 -0.80777
24.125 88.375 -0.75859
24.125 91.875 -1.1588
24.125 92.125 -1.2164
24.125 92.375 -1.1631
24.125 92.625 -1.1264
24.125 92.875 -1.2912
24.125 93.125 -1.4846
24.125 93.375 -1.0476
24.125 93.625 -0.83457
24.125 93.875 -0.76793
NaN NaN NaN
24.375 71.375 -0.53543
24.375 71.625 -0.3813
24.375 71.875 -0.56206
24.375 72.125 -0.43919
24.375 72.375 -0.78069
24.375 72.625 -0.34665
24.375 72.875 -0.68671
24.375 73.125 -0.64413
24.375 73.375 -0.64759
24.375 73.625 -0.61726
24.375 73.875 -0.64666
24.375 74.125 -0.54828
24.375 74.375 -0.27539
24.375 74.625 -0.39452
24.375 74.875 -0.54411
24.375 75.125 -0.56141
24.375 75.375 -0.24445
24.375 75.625 -0.33336
24.375 75.875 -0.4034
24.375 76.125 -0.84634
24.375 76.375 -0.31846
24.375 76.625 -0.10126
24.375 76.875 -0.095255
24.375 77.125 -0.15284
24.375 77.375 -0.16309
24.375 77.625 -0.31968
24.375 77.875 -0.40921
24.375 78.125 -0.10941
24.375 78.375 0.088555
24.375 78.625 -0.25488
24.375 78.875 0.10942
24.375 79.125 0.20187
24.375 79.375 0.198
24.375 79.625 0.40778
24.375 79.875 0.39395
24.375 80.125 0.29471
24.375 80.375 0.21437
24.375 80.625 0.24399
24.375 80.875 -0.0055385
24.375 81.125 -0.44229
24.375 81.375 -0.45807
24.375 81.625 -0.72698
24.375 81.875 -0.79502
24.375 82.125 -0.81052
24.375 82.375 -0.69676
24.375 82.625 -0.63514
24.375 82.875 -0.56684
24.375 83.125 -0.36304
24.375 83.375 -0.60194
24.375 83.625 -0.85301
24.375 83.875 -0.64979
24.375 84.125 -0.52208
24.375 84.375 -1.0692
24.375 84.625 -0.70019
24.375 84.875 -0.74984
24.375 85.125 -0.60939
24.375 85.375 -0.51894
24.375 85.625 -0.63523
24.375 85.875 -0.79363
24.375 86.125 -0.80041
24.375 86.375 -0.9131
24.375 86.625 -0.5351
24.375 86.875 -0.68484
24.375 87.125 -0.71376
24.375 87.375 -0.94862
24.375 87.625 -0.83113
24.375 87.875 -0.92652
24.375 88.125 -0.84628
24.375 92.375 -1.0738
24.375 92.625 -1.2928
24.375 92.875 -1.2109
24.375 93.125 -1.6727
24.375 93.375 -1.1773
24.375 93.625 -0.99344
24.375 93.875 -0.90339
24.375 94.125 -0.71423
24.625 71.125 -0.63081
24.625 71.375 -0.66771
24.625 71.625 -0.64552
24.625 71.875 -0.80833
24.625 72.125 -0.64277
24.625 72.375 -0.68844
24.625 72.625 -0.61812
24.625 72.875 -0.64533
24.625 73.125 -0.64058
24.625 73.375 -0.48686
24.625 73.625 -0.64513
24.625 73.875 -0.517
24.625 74.125 -0.52031
24.625 74.375 -0.44943
24.625 74.625 -0.34202
24.625 74.875 -0.5616
24.625 75.125 -0.79034
24.625 75.375 -0.57842
24.625 75.625 -0.54308
24.625 75.875 -0.58434
24.625 76.125 -0.78456
24.625 76.375 -0.4264
24.625 76.625 -0.34298
24.625 76.875 -0.1455
24.625 77.125 -0.12558
24.625 77.375 -0.13894
24.625 77.625 -0.33145
24.625 77.875 -0.23132
24.625 78.125 0.072948
24.625 78.375 0.13193
24.625 78.625 -0.0103
24.625 78.875 0.10292
24.625 79.125 0.22914
24.625 79.375 0.19913
24.625 79.625 0.79853
24.625 79.875 0.77301
24.625 80.125 0.42138
24.625 80.375 -0.79128
24.625 80.625 0.044388
24.625 80.875 -0.64465
24.625 81.125 -0.60723
24.625 81.375 0.20288
24.625 81.625 0.24689
24.625 81.875 0.21946
24.625 82.125 -0.59952
24.625 82.375 -0.44599
24.625 82.625 -0.34791
24.625 82.875 -0.083084
24.625 83.125 -0.8557
24.625 83.375 -0.88838
24.625 83.625 -0.70221
24.625 83.875 -0.73272
24.625 84.125 -0.62307
24.625 84.375 -0.83957
24.625 84.625 -1.1463
24.625 84.875 -0.79324
24.625 85.125 -0.70663
24.625 85.375 -0.47896
24.625 85.625 -0.71426
24.625 85.875 -0.88989
24.625 86.125 -0.89112
24.625 86.375 -0.59784
24.625 86.625 -0.54873
24.625 86.875 -0.69837
24.625 87.125 -1.0177
24.625 87.375 -1.0858
24.625 87.625 -0.95992
24.625 87.875 -0.92413
24.625 92.375 -1.1674
24.625 92.625 -0.97183
24.625 92.875 -1.0965
24.625 93.125 -1.2509
24.625 93.375 -1.0321
24.625 93.625 -0.99039
24.625 93.875 -0.80817
24.625 94.125 -0.77897
NaN NaN NaN
24.875 71.125 -0.67642
24.875 71.375 -0.63312
24.875 71.625 -0.6769
24.875 71.875 -0.69464
24.875 72.125 -0.83563
24.875 72.375 -0.83201
24.875 72.625 -0.83921
24.875 72.875 -0.71878
24.875 73.125 -0.73853
24.875 73.375 -0.71664
24.875 73.625 -0.6982
24.875 73.875 -0.47361
24.875 74.125 -0.41114
24.875 74.375 -0.47755
24.875 74.625 -0.34461
24.875 74.875 -0.58913
24.875 75.125 -0.76572
24.875 75.375 -0.84552
24.875 75.625 -0.91874
24.875 75.875 -0.81242
24.875 76.125 -0.75843
24.875 76.375 -0.41584
24.875 76.625 -0.11584
24.875 76.875 -0.095768
24.875 77.125 -0.067164
24.875 77.375 0.38062
24.875 77.625 -0.25218
24.875 77.875 -0.3703
24.875 78.125 0.17565
24.875 78.375 -0.012464
24.875 78.625 -0.16498
24.875 78.875 0.48479
24.875 79.125 0.37471
24.875 79.375 0.06397
24.875 79.625 0.46716
24.875 79.875 0.38088
24.875 80.125 0.51629
24.875 80.375 0.24326
24.875 80.625 0.04524
24.875 80.875 -0.14392
24.875 81.125 -0.28925
24.875 81.375 -0.25688
24.875 81.625 -0.43628
24.875 81.875 -0.80981
24.875 82.125 -0.67058
24.875 82.375 -0.90182
24.875 82.625 -0.73778
24.875 82.875 -0.94875
24.875 83.125 -0.84182
24.875 83.375 -0.72445
24.875 83.625 -0.69759
24.875 83.875 -0.93334
24.875 84.125 -0.66966
24.875 84.375 -1.0523
24.875 84.625 -1.1739
24.875 84.875 -0.80623
24.875 85.125 -0.67426
24.875 85.375 -0.81343
24.875 85.625 -0.49472
24.875 85.875 -0.62453
24.875 86.125 -0.82595
24.875 86.375 -0.69133
24.875 86.625 -0.79596
24.875 86.875 -1.2635
24.875 87.125 -1.0725
24.875 87.375 -0.84416
24.875 87.625 -0.90317
24.875 87.875 -0.90023
24.875 88.125 -0.91671
24.875 92.625 -1.1985
24.875 92.875 -1.1727
24.875 93.125 -0.57807
24.875 93.375 -1.0454
24.875 93.625 -0.82632
24.875 93.875 -0.39102
24.875 94.125 -0.79826
24.875 94.375 -0.677
25.125 71.125 -0.55272
25.125 71.375 -0.50092
25.125 71.625 -0.59993
25.125 71.875 -0.65488
25.125 72.125 -0.4795
25.125 72.375 -0.03117
25.125 72.625 -0.00016422
25.125 72.875 -0.33127
25.125 73.125 -0.50329
25.125 73.375 -0.45953
25.125 73.625 -0.60888
25.125 73.875 -0.53708
25.125 74.125 -0.46324
25.125 74.375 -0.38746
25.125 74.625 -0.40219
25.125 74.875 -0.3222
25.125 75.125 -0.50911
25.125 75.375 -0.22664
25.125 75.625 -0.58004
25.125 75.875 -1.2553
25.125 76.125 -0.84131
25.125 76.375 -0.49528
25.125 76.625 -0.10848
25.125 76.875 -0.025169
25.125 77.125 -0.093738
25.125 77.375 -0.22368
25.125 77.625 -0.20729
25.125 77.875 -0.21554
25.125 78.125 0.28153
25.125 78.375 0.098835
25.125 78.625 -0.014304
25.125 78.875 0.043259
25.125 79.125 0.4487
25.125 79.375 0.28096
25.125 79.625 -0.022173
25.125 79.875 0.64414
25.125 80.125 0.35438
25.125 80.375 0.26852
25.125 80.625 0.013683
25.125 80.875 0.22545
25.125 81.125 -0.7202
25.125 81.375 -0.20792
25.125 81.625 -0.97381
25.125 81.875 -0.68496
25.125 82.125 -0.56782
25.125 82.375 -0.61771
25.125 82.625 -0.067419
25.125 82.875 -0.83509
25.125 83.125 -1.1881
25.125 83.375 -0.95557
25.125 83.625 -0.38593
25.125 83.875 -0.49983
25.125 84.125 -0.4147
25.125 84.375 -0.84988
25.125 84.625 -1.0911
25.125 84.875 -0.98719
25.125 85.125 -0.63197
25.125 85.375 -0.82921
25.125 85.625 -0.36754
25.125 85.875 -0.44814
25.125 86.125 -0.84108
25.125 86.375 -0.5083
25.125 86.625 -0.61239
25.125 86.875 -1.0036
25.125 87.125 -0.95826
25.125 87.375 -0.94243
25.125 87.625 -0.93173
25.125 87.875 -0.83606
25.125 88.125 -0.92686
25.125 88.375 -0.98736
25.125 92.375 -0.82992
25.125 92.625 -0.87127
25.125 92.875 -0.78665
25.125 93.125 -0.8693
25.125 93.375 -0.9635
25.125 93.625 -0.88252
25.125 93.875 -0.96821
25.125 94.125 -0.91044
25.125 94.375 -0.75646
25.375 70.875 -0.19658
25.375 71.125 -0.47547
25.375 71.375 -0.62366
25.375 71.625 -0.53211
25.375 71.875 -0.67029
25.375 72.125 -0.22366
25.375 72.375 -0.04979
25.375 72.625 -0.11338
25.375 72.875 -0.19166
25.375 73.125 -0.099514
25.375 73.375 -0.17137
25.375 73.625 -0.068742
25.375 73.875 -0.65988
25.375 74.125 -0.40884
25.375 74.375 -0.41491
25.375 74.625 -0.56278
25.375 74.875 -0.59762
25.375 75.125 -0.4405
25.375 75.375 -0.24355
25.375 75.625 0.12945
25.375 75.875 -0.69418
25.375 76.125 -0.57427
25.375 76.375 -0.28115
25.375 76.625 -0.38808
25.375 76.875 -0.33639
25.375 77.125 0.53888
25.375 77.375 0.26167
25.375 77.625 -0.18102
25.375 77.875 -0.16162
25.375 78.125 0.14584
25.375 78.375 0.28026
25.375 78.625 -0.58789
25.375 78.875 -0.63721
25.375 79.125 0.20495
25.375 79.375 0.87156
25.375 79.625 0.79289
25.375 79.875 0.6832
25.375 80.125 0.45259
25.375 80.375 0.74217
25.375 80.625 0.024319
25.375 80.875 -0.99548
25.375 81.125 -0.77049
25.375 81.375 -0.52964
25.375 81.625 -0.08692
25.375 81.875 -1.1037
25.375 82.125 -1.26
25.375 82.375 -1.2631
25.375 82.625 -1.1452
25.375 82.875 -1.0479
25.375 83.125 -0.89096
25.375 83.375 -0.29896
25.375 83.625 -0.30575
25.375 83.875 -0.27738
25.375 84.125 -0.4228
25.375 84.375 -0.8218
25.375 84.625 -0.79164
25.375 84.875 -0.62448
25.375 85.125 -0.90024
25.375 85.375 -1.1921
25.375 85.625 -0.4995
25.375 85.875 -0.2822
25.375 86.125 -0.31076
25.375 86.375 -0.36529
25.375 86.625 -0.68995
25.375 86.875 -0.75594
25.375 87.125 -0.99168
25.375 87.375 -0.91124
25.375 87.625 -0.89404
25.375 87.875 -0.97424
25.375 88.125 -1.1152
25.375 88.375 -1.1308
25.375 88.625 -1.0305
25.375 90.125 -1.0119
25.375 90.375 -1.0961
25.375 90.625 -0.93831
25.375 90.875 -0.93307
25.375 91.125 -0.84055
25.375 91.375 -0.66593
25.375 91.625 -0.5777
25.375 91.875 -0.59452
25.375 92.125 -0.57739
25.375 92.375 -0.96125
25.375 92.625 -0.97627
25.375 92.875 -1.0207
25.375 93.125 -0.91954
25.375 93.375 -0.91264
25.375 93.625 -0.91781
25.375 93.875 -0.85056
25.375 94.125 -0.84004
25.375 94.375 -0.66751
25.625 70.875 0.49309
25.625 71.125 -0.55683
25.625 71.375 -0.58065
25.625 71.625 -0.49099
25.625 71.875 -0.35661
25.625 72.125 -0.18582
25.625 72.375 -0.19083
25.625 72.625 -0.3642
25.625 72.875 -0.25255
25.625 73.125 -0.029119
25.625 73.375 -0.10147
25.625 73.625 -0.12518
25.625 73.875 -0.21796
25.625 74.125 -0.34718
25.625 74.375 -0.43004
25.625 74.625 -0.49954
25.625 74.875 0.12399
25.625 75.125 -0.48685
25.625 75.375 -0.3179
25.625 75.625 0.65174
25.625 75.875 0.12222
25.625 76.125 -0.20147
25.625 76.375 -0.41347
25.625 76.625 -0.42676
25.625 76.875 -0.20393
25.625 77.125 0.42667
25.625 77.375 0.42739
25.625 77.625 -0.19957
25.625 77.875 -0.47832
25.625 78.125 -0.232
25.625 78.375 -0.23056
25.625 78.625 -0.41457
25.625 78.875 -0.64381
25.625 79.125 0.48061
25.625 79.375 0.81234
25.625 79.625 0.89683
25.625 79.875 0.79979
25.625 80.125 0.12037
25.625 80.375 -0.12739
25.625 80.625 -0.97307
25.625 80.875 -1.0558
25.625 81.125 -0.4287
25.625 81.375 -0.21104
25.625 81.625 -0.80893
25.625 81.875 -0.83192
25.625 82.125 -1.2273
25.625 82.375 -0.59735
25.625 82.625 -1.1844
25.625 82.875 -1.1865
25.625 83.125 -0.84204
25.625 83.375 -0.28475
25.625 83.625 -0.27845
25.625 83.875 -0.65682
25.625 84.125 -1.0778
25.625 84.375 -1.0533
25.625 84.625 -0.70241
25.625 84.875 -0.88619
25.625 85.125 -1.0474
25.625 85.375 -0.97636
25.625 85.625 -0.75321
25.625 85.875 -0.79966
25.625 86.125 -0.80694
25.625 86.375 -0.76049
25.625 86.625 -0.64887
25.625 86.875 -0.65427
25.625 87.125 -0.81864
25.625 87.375 -1.0137
25.625 87.625 -1.0643
25.625 87.875 -1.1344
25.625 88.125 -1.227
25.625 90.125 -1.2041
25.625 90.375 -1.0661
25.625 90.625 -0.99972
25.625 90.875 -0.82883
25.625 91.125 -0.79207
25.625 91.375 -0.67281
25.625 91.625 -0.50307
25.625 91.875 -0.45317
25.625 92.125 -0.80507
25.625 92.375 -0.72893
25.625 92.625 -1.0979
25.625 92.875 -1.0133
25.625 93.125 -0.89023
25.625 93.375 -0.79983
25.625 93.625 -1.0352
25.625 93.875 -0.78973
25.625 94.125 -0.7309
25.625 94.375 -0.71983
NaN NaN NaN
NaN NaN NaN
25.875 70.375 0.21847
25.875 70.625 -0.41248
25.875 70.875 -0.63026
25.875 71.125 -0.56369
25.875 71.375 -0.68739
25.875 71.625 -0.47439
25.875 71.875 -0.31509
25.875 72.125 -0.16105
25.875 72.375 -0.020472
25.875 72.625 -0.39736
25.875 72.875 -0.37093
25.875 73.125 0.045653
25.875 73.375 0.13262
25.875 73.625 0.22174
25.875 73.875 0.14966
25.875 74.125 -0.092411
25.875 74.375 -0.30884
25.875 74.625 -0.074556
25.875 74.875 -0.30053
25.875 75.125 -0.69454
25.875 75.375 -0.87597
25.875 75.625 -0.6291
25.875 75.875 -0.43369
25.875 76.125 -0.65095
25.875 76.375 -0.20073
25.875 76.625 -0.4991
25.875 76.875 -0.4277
25.875 77.125 0.069229
25.875 77.375 0.10585
25.875 77.625 -0.12845
25.875 77.875 -0.52147
25.875 78.125 -0.12571
25.875 78.375 0.019426
25.875 78.625 -0.027641
25.875 78.875 -0.33967
25.875 79.125 0.10687
25.875 79.375 -0.06785
25.875 79.625 -0.38187
25.875 79.875 0.49658
25.875 80.125 -0.14504
25.875 80.375 -0.21678
25.875 80.625 -0.66692
25.875 80.875 -0.71073
25.875 81.125 -0.45087
25.875 81.375 0.22415
25.875 81.625 -0.89616
25.875 81.875 -0.5125
25.875 82.125 -1.3598
25.875 82.375 -1.1178
25.875 82.625 -1.0144
25.875 82.875 -0.16668
25.875 83.125 -1.1204
25.875 83.375 -1.1811
25.875 83.625 -0.31945
25.875 83.875 -0.92071
25.875 84.125 -0.33683
25.875 84.375 -1.044
25.875 84.625 -0.7735
25.875 84.875 -1.1469
25.875 85.125 -0.81305
25.875 85.375 -0.9036
25.875 85.625 -0.82377
25.875 85.875 -0.76395
25.875 86.125 -0.78951
25.875 86.375 -0.76747
25.875 86.625 -0.66924
25.875 86.875 -0.79104
25.875 87.125 -0.94962
25.875 87.375 -0.9731
25.875 87.625 -1.2009
25.875 87.875 -1.0868
25.875 90.125 -1.0077
25.875 90.375 -0.80147
25.875 90.625 -0.60042
25.875 90.875 -0.44074
25.875 91.125 -0.61656
25.875 91.375 -0.64594
25.875 91.625 -0.55567
25.875 91.875 -0.75721
25.875 92.125 -0.74706
25.875 92.375 -0.87193
25.875 92.625 -1.0075
25.875 92.875 -1.1481
25.875 93.125 -1.0406
25.875 93.375 -0.91681
25.875 93.625 -1.0119
25.875 93.875 -0.71073
25.875 94.125 -0.75941
25.875 94.375 -0.79241
25.875 94.625 -0.17951
25.875 94.875 0.41635
26.125 70.375 0.075448
26.125 70.625 -0.4829
26.125 70.875 -0.60039
26.125 71.125 -0.26934
26.125 71.375 -0.31903
26.125 71.625 -0.17471
26.125 71.875 0.10206
26.125 72.125 0.199
26.125 72.375 -0.21431
26.125 72.625 -0.19632
26.125 72.875 -0.30078
26.125 73.125 -0.22103
26.125 73.375 -0.088064
26.125 73.625 0.11969
26.125 73.875 0.31288
26.125 74.125 0.098422
26.125 74.375 0.11659
26.125 74.625 -0.31496
26.125 74.875 -0.29642
26.125 75.125 -0.29726
26.125 75.375 -0.79964
26.125 75.625 -0.97635
26.125 75.875 -1.0914
26.125 76.125 -1.0702
26.125 76.375 -0.65183
26.125 76.625 -0.42489
26.125 76.875 -0.67342
26.125 77.125 -0.11054
26.125 77.375 -0.32541
26.125 77.625 -0.23279
26.125 77.875 -0.38938
26.125 78.125 -0.088395
26.125 78.375 0.64233
26.125 78.625 0.33644
26.125 78.875 0.28455
26.125 79.125 0.32356
26.125 79.375 0.2276
26.125 79.625 -0.73142
26.125 79.875 -0.64776
26.125 80.125 -0.0070438
26.125 80.375 -0.25229
26.125 80.625 -0.67317
26.125 80.875 0.23249
26.125 81.125 -0.34006
26.125 81.375 -1.1815
26.125 81.625 -0.17073
26.125 81.875 -0.43001
26.125 82.125 -1.2606
26.125 82.375 -1.2298
26.125 82.625 -0.86811
26.125 82.875 -0.52393
26.125 83.125 -1.1695
26.125 83.375 -0.99319
26.125 83.625 -1.0068
26.125 83.875 -0.66247
26.125 84.125 -0.46785
26.125 84.375 -1.0352
26.125 84.625 -0.97312
26.125 84.875 -0.9931
26.125 85.125 -0.39405
26.125 85.375 -0.95794
26.125 85.625 -0.73607
26.125 85.875 0.22254
26.125 86.125 -0.82727
26.125 86.375 -0.95854
26.125 86.625 -0.75965
26.125 86.875 -0.81154
26.125 87.125 -0.9386
26.125 87.375 -0.99675
26.125 87.625 -0.98832
26.125 87.875 -0.82469
26.125 88.125 -0.92261
26.125 89.375 -1.3792
26.125 89.875 -1.2431
26.125 90.125 -0.97034
26.125 90.375 -0.804
26.125 90.625 -0.6628
26.125 90.875 -0.3617
26.125 91.125 -0.51225
26.125 91.375 -0.30679
26.125 91.625 -0.50126
26.125 91.875 -0.83527
26.125 92.125 -0.83621
26.125 92.375 -0.88577
26.125 92.625 -1.0072
26.125 92.875 -1.352
26.125 93.125 -1.2568
26.125 93.375 -0.90043
26.125 93.625 -1.1453
26.125 93.875 -0.41983
26.125 94.125 -0.76848
26.125 94.375 -0.79827
26.125 94.625 -0.3186
26.125 94.875 0.066285
26.375 70.375 -0.4089
26.375 70.625 -0.5167
26.375 70.875 -0.56001
26.375 71.125 -0.19306
26.375 71.375 0.076637
26.375 71.625 0.5711
26.375 71.875 0.54306
26.375 72.125 0.25801
26.375 72.375 0.017976
26.375 72.625 -0.39924
26.375 72.875 -0.18962
26.375 73.125 -0.1872
26.375 73.375 -0.16448
26.375 73.625 0.028762
26.375 73.875 0.10856
26.375 74.125 0.12035
26.375 74.375 0.1238
26.375 74.625 -0.49254
26.375 74.875 -0.50114
26.375 75.125 -0.56018
26.375 75.375 -0.6731
26.375 75.625 -0.8702
26.375 75.875 -0.93316
26.375 76.125 -0.64922
26.375 76.375 -0.61389
26.375 76.625 -0.44644
26.375 76.875 -0.64477
26.375 77.125 -0.51346
26.375 77.375 0.17984
26.375 77.625 -0.18117
26.375 77.875 -0.72524
26.375 78.125 -0.30754
26.375 78.375 -0.43793
26.375 78.625 0.057964
26.375 78.875 0.18815
26.375 79.125 0.27232
26.375 79.375 -0.5881
26.375 79.625 -0.68896
26.375 79.875 0.41512
26.375 80.125 0.41952
26.375 80.375 -0.35955
26.375 80.625 -0.5192
26.375 80.875 -0.29851
26.375 81.125 -0.70132
26.375 81.375 -1.164
26.375 81.625 -1.1206
26.375 81.875 -1.1011
26.375 82.125 -1.2523
26.375 82.375 -0.77623
26.375 82.625 -1.0749
26.375 82.875 -0.36782
26.375 83.125 -0.68184
26.375 83.375 -0.63734
26.375 83.625 -0.71914
26.375 83.875 -0.60571
26.375 84.125 -0.55308
26.375 84.375 -0.6913
26.375 84.625 -0.91289
26.375 84.875 -0.87067
26.375 85.125 -0.86293
26.375 85.375 -1.022
26.375 85.625 -0.79822
26.375 85.875 -0.60593
26.375 86.125 -0.72359
26.375 86.375 -1.1439
26.375 86.625 -0.94554
26.375 86.875 -0.82603
26.375 87.125 -0.94283
26.375 87.625 -0.97127
26.375 87.875 -0.91143
26.375 88.125 -0.95936
26.375 88.375 -0.94751
26.375 88.875 -1.0847
26.375 89.375 -1.2812
26.375 89.625 -1.4058
26.375 89.875 -1.1589
26.375 90.125 -0.7236
26.375 90.375 -0.57837
26.375 90.625 -0.64423
26.375 90.875 -0.5019
26.375 91.125 -0.70755
26.375 91.375 -0.56896
26.375 91.625 -0.79218
26.375 91.875 -1.0364
26.375 92.125 -0.67064
26.375 92.375 -0.7284
26.375 92.625 -0.73177
26.375 92.875 -0.89194
26.375 93.125 -1.0619
26.375 93.375 -0.87842
26.375 93.625 -1.1769
26.375 93.875 -0.61672
26.375 94.125 -0.82985
26.375 94.375 -1.0637
26.375 94.625 -0.91297
26.375 94.875 -0.46777
26.625 69.875 -0.4446
26.625 70.125 -0.41389
26.625 70.375 -0.39192
26.625 70.625 -0.48861
26.625 70.875 -0.48306
26.625 71.125 -0.52695
26.625 71.375 0.28996
26.625 71.625 0.86959
26.625 71.875 0.81793
26.625 72.125 0.28122
26.625 72.375 -0.30127
26.625 72.625 -0.51563
26.625 72.875 -0.25568
26.625 73.125 0.020365
26.625 73.375 -0.093546
26.625 73.625 0.0067124
26.625 73.875 0.039176
26.625 74.125 0.10174
26.625 74.375 0.11855
26.625 74.625 -0.16714
26.625 74.875 -0.18347
26.625 75.125 -0.55769
26.625 75.375 -0.61357
26.625 75.625 -0.68026
26.625 75.875 -0.87366
26.625 76.125 -0.11643
26.625 76.375 -0.12464
26.625 76.625 -0.77425
26.625 76.875 -0.75555
26.625 77.125 -0.14271
26.625 77.375 0.072895
26.625 77.625 -0.056618
26.625 77.875 -0.92502
26.625 78.125 -0.61034
26.625 78.375 0.088509
26.625 78.625 0.079469
26.625 78.875 -0.33756
26.625 79.125 -0.56703
26.625 79.375 -0.36092
26.625 79.625 0.22225
26.625 79.875 -0.14932
26.625 80.125 -0.57126
26.625 80.375 0.26775
26.625 80.625 -0.33684
26.625 80.875 -0.20258
26.625 81.125 -0.11339
26.625 81.375 -0.71942
26.625 81.625 -0.92251
26.625 81.875 -0.094453
26.625 82.125 -0.73685
26.625 82.375 0.15583
26.625 82.625 -1.2663
26.625 82.875 -0.24198
26.625 83.125 -0.30346
26.625 83.375 -0.78025
26.625 83.625 -0.72746
26.625 83.875 -0.79997
26.625 84.125 -0.23237
26.625 84.375 -0.65287
26.625 84.625 -0.86459
26.625 84.875 -0.89759
26.625 85.125 -0.74143
26.625 85.375 -0.91046
26.625 85.625 -0.87087
26.625 86.125 -1.0003
26.625 88.375 -1.0076
26.625 88.625 -0.86046
26.625 88.875 -1.1745
26.625 89.125 -1.4342
26.625 89.375 -1.0735
26.625 89.625 -1.4064
26.625 89.875 -0.8695
26.625 90.125 -0.55421
26.625 90.375 -0.67022
26.625 90.625 -0.64931
26.625 90.875 -0.61545
26.625 91.125 -0.64323
26.625 91.375 -0.32504
26.625 91.625 -0.63744
26.625 91.875 -0.95155
26.625 92.125 -0.97311
26.625 92.375 -0.87485
26.625 92.625 -0.83071
26.625 92.875 -0.75106
26.625 93.125 -0.71089
26.625 93.375 -0.96418
26.625 93.625 -0.72635
26.625 93.875 -1.3221
26.625 94.125 -1.2495
26.625 94.375 -1.1434
26.625 94.625 -0.7905
26.625 94.875 -0.67147
26.625 95.125 -0.89079
26.875 69.625 -0.36248
26.875 69.875 -0.44533
26.875 70.125 -0.6439
26.875 70.375 -0.33526
26.875 70.625 -0.62207
26.875 70.875 -0.55469
26.875 71.125 -0.44508
26.875 71.375 -0.15538
26.875 71.625 0.10481
26.875 71.875 -0.095158
26.875 72.125 0.15497
26.875 72.375 -0.14983
26.875 72.625 -0.21967
26.875 72.875 0.19351
26.875 73.125 0.10951
26.875 73.375 -0.2901
26.875 73.625 -0.27365
26.875 73.875 0.0074773
26.875 74.125 0.021154
26.875 74.375 0.13646
26.875 74.625 0.074082
26.875 74.875 0.1288
26.875 75.125 -0.40971
26.875 75.375 -0.39
26.875 75.625 -0.7472
26.875 75.875 -0.64937
26.875 76.125 0.026908
26.875 76.375 -0.41088
26.875 76.625 -0.95266
26.875 76.875 -0.54762
26.875 77.125 -0.40742
26.875 77.375 -0.80184
26.875 77.625 -0.45623
26.875 77.875 -0.55391
26.875 78.125 -0.74406
26.875 78.375 -0.34661
26.875 78.625 -0.089042
26.875 78.875 -0.25416
26.875 79.125 0.47256
26.875 79.375 0.72054
26.875 79.625 0.56765
26.875 79.875 0.33805
26.875 80.125 -0.43542
26.875 80.375 -0.0032313
26.875 80.625 0.32639
26.875 80.875 -0.12051
26.875 81.125 0.0099609
26.875 81.375 -0.18782
26.875 81.625 -0.84354
26.875 81.875 -0.22852
26.875 82.125 -0.081817
26.875 82.375 -1.135
26.875 82.625 -1.2185
26.875 82.875 -0.56348
26.875 83.125 -0.51907
26.875 83.375 -0.97432
26.875 83.625 -0.80599
26.875 83.875 -0.92735
26.875 84.125 -0.24083
26.875 84.375 -0.41594
26.875 84.625 -0.49289
26.875 84.875 -0.74636
26.875 88.375 -0.85456
26.875 88.625 -1.0026
26.875 88.875 -1.1448
26.875 92.375 -0.98826
26.875 92.625 -0.82363
26.875 92.875 -0.83095
26.875 93.125 -0.80027
26.875 93.375 -1.0882
26.875 93.625 -1.2403
26.875 93.875 -1.5002
26.875 94.125 -1.321
26.875 94.375 -1.0887
26.875 94.625 -1.1465
26.875 94.875 -0.93011
26.875 95.125 -0.83131
26.875 95.375 -0.86997
26.875 95.625 -0.38774
27.125 69.875 -0.45325
27.125 70.125 -0.51392
27.125 70.375 -0.34518
27.125 70.625 -0.33313
27.125 70.875 -0.59633
27.125 71.125 -0.28232
27.125 71.375 -0.2871
27.125 71.625 -0.40919
27.125 71.875 -0.26326
27.125 72.125 -0.53034
27.125 72.375 -0.47594
27.125 72.625 -0.12879
27.125 72.875 -0.063447
27.125 73.125 -0.05538
27.125 73.375 -0.17006
27.125 73.625 -0.29422
27.125 73.875 -0.10499
27.125 74.125 -0.078116
27.125 74.375 -0.099223
27.125 74.625 0.21655
27.125 74.875 -0.25654
27.125 75.125 -0.22957
27.125 75.375 -0.17671
27.125 75.625 0.00092537
27.125 75.875 -0.29992
27.125 76.125 -0.6565
27.125 76.375 -0.69475
27.125 76.625 -0.60656
27.125 76.875 -0.3045
27.125 77.125 -0.39994
27.125 77.375 -0.74552
27.125 77.625 -0.27102
27.125 77.875 -0.72501
27.125 78.125 0.11716
27.125 78.375 -0.31017
27.125 78.625 -0.53723
27.125 78.875 -0.24217
27.125 79.125 0.47012
27.125 79.375 -0.44146
27.125 79.625 -0.15696
27.125 79.875 0.15902
27.125 80.125 0.07342
27.125 80.375 0.35461
27.125 80.625 -0.37761
27.125 80.875 -0.74259
27.125 81.125 0.20292
27.125 81.375 0.14775
27.125 81.625 -0.17155
27.125 81.875 -0.093338
27.125 82.125 -0.2834
27.125 82.375 -0.88778
27.125 82.625 -0.097444
27.125 82.875 -0.42052
27.125 83.125 -0.64965
27.125 83.375 -0.63027
27.125 83.625 -0.40608
27.125 83.875 -0.48172
27.125 84.125 -0.85276
27.125 84.375 -0.63442
27.125 84.625 -0.66617
27.125 88.125 -0.51277
27.125 88.375 -0.62041
27.125 88.625 -0.88311
27.125 92.125 -0.56481
27.125 92.375 -0.62336
27.125 92.625 -0.84201
27.125 92.875 -0.89353
27.125 93.125 -1.2547
27.125 93.375 -1.1698
27.125 93.625 -1.2268
27.125 93.875 -0.90888
27.125 94.125 -0.76673
27.125 94.375 -0.81779
27.125 94.625 -1.2529
27.125 94.875 -1.1698
27.125 95.125 -1.0757
27.125 95.375 -0.87249
27.125 95.625 -0.57932
27.125 95.875 -0.30704
27.375 70.125 -0.45134
27.375 70.375 -0.43259
27.375 70.625 -0.71308
27.375 70.875 -0.27268
27.375 71.125 -0.18599
27.375 71.375 -0.18093
27.375 71.625 -0.44409
27.375 71.875 -0.66748
27.375 72.125 -0.75697
27.375 72.375 -0.62745
27.375 72.625 -0.68469
27.375 72.875 -0.52615
27.375 73.125 -0.10415
27.375 73.375 -0.10296
27.375 73.625 -0.081574
27.375 73.875 -0.18378
27.375 74.125 -0.19833
27.375 74.375 -0.26689
27.375 74.625 0.042832
27.375 74.875 -0.064669
27.375 75.125 -0.19311
27.375 75.375 -0.41687
27.375 75.625 -0.036401
27.375 75.875 -0.33465
27.375 76.125 -0.745
27.375 76.375 -0.63245
27.375 76.625 -0.59391
27.375 76.875 -0.1972
27.375 77.125 -0.53075
27.375 77.375 -1.0545
27.375 77.625 -0.62329
27.375 77.875 -0.3739
27.375 78.125 -0.0079788
27.375 78.375 -0.39239
27.375 78.625 -0.25725
27.375 78.875 0.63198
27.375 79.125 0.78295
27.375 79.375 -0.57459
27.375 79.625 -0.52424
27.375 79.875 0.19793
27.375 80.125 -0.42127
27.375 80.375 -0.44304
27.375 80.625 -0.63183
27.375 80.875 -0.72272
27.375 81.125 0.025472
27.375 81.375 0.054116
27.375 81.625 -0.70215
27.375 81.875 -0.19048
27.375 82.125 -0.059241
27.375 82.375 -0.4716
27.375 82.625 -0.18213
27.375 82.875 -0.62591
27.375 83.125 -0.62785
27.375 83.625 -0.5284
27.375 84.125 -0.49414
27.375 84.375 -0.63168
27.375 88.125 -0.10679
27.375 88.375 -0.34818
27.375 88.625 -0.65589
27.375 92.125 -0.30127
27.375 92.375 -0.089256
27.375 92.625 -0.16449
27.375 92.875 -0.70778
27.375 93.125 -1.037
27.375 93.375 -0.69773
27.375 93.625 -0.5212
27.375 93.875 -0.75867
27.375 94.125 -0.50008
27.375 94.375 -1.0429
27.375 94.625 -0.99672
27.375 94.875 -0.74206
27.375 95.125 -0.86281
27.375 95.375 -0.82323
27.375 95.625 -0.65076
27.375 95.875 -0.55351
27.375 96.125 -0.54183
27.375 96.375 -0.39897
NaN NaN NaN
27.375 96.875 0.24596
27.625 70.125 -0.53691
27.625 70.375 -0.44741
27.625 70.625 -0.36705
27.625 70.875 -0.67627
27.625 71.125 -0.15768
27.625 71.375 -0.41084
27.625 71.625 -0.68495
27.625 71.875 -0.50444
27.625 72.125 -0.26093
27.625 72.375 -0.38572
27.625 72.625 -0.70857
27.625 72.875 -0.53014
27.625 73.125 -0.56269
27.625 73.375 -0.13211
27.625 73.625 0.62956
27.625 73.875 -0.021995
27.625 74.125 0.23136
27.625 74.375 0.23432
27.625 74.625 0.049071
27.625 74.875 0.055443
27.625 75.125 -0.32247
27.625 75.375 -0.17272
27.625 75.625 0.016176
27.625 75.875 -1.0742
27.625 76.125 -0.89337
27.625 76.375 -0.52453
27.625 76.625 -0.026219
27.625 76.875 0.26059
27.625 77.125 -0.60863
27.625 77.375 -0.67152
27.625 77.625 -0.67394
27.625 77.875 -0.63996
27.625 78.125 0.51955
27.625 78.375 -0.095884
27.625 78.625 -0.54922
27.625 78.875 0.47251
27.625 79.125 0.035243
27.625 79.375 -0.60711
27.625 79.625 -0.50302
27.625 79.875 -0.04638
27.625 80.125 -0.083958
27.625 80.375 -0.43237
27.625 80.625 -0.64576
27.625 80.875 -0.61928
27.625 81.125 0.07799
27.625 81.375 -0.26618
27.625 81.625 -0.20524
27.625 81.875 -0.23636
27.625 82.125 -0.26913
27.625 82.375 -0.57099
27.625 82.625 -0.27141
27.625 88.375 -0.014122
27.625 88.625 -0.24392
27.625 91.625 -0.80806
27.625 91.875 -0.76331
27.625 92.125 -0.611
27.625 92.375 -0.047045
27.625 92.625 0.17457
27.625 92.875 -0.4055
27.625 93.125 -0.87502
27.625 93.375 -0.60519
27.625 93.625 -0.41552
27.625 93.875 -0.9084
27.625 94.125 -0.81081
27.625 94.375 -0.98883
27.625 94.625 -1.032
27.625 94.875 -0.7609
27.625 95.125 -0.73093
27.625 95.375 -0.57204
27.625 95.625 -0.73128
27.625 95.875 -0.67472
27.625 96.125 -0.60295
27.625 96.375 -0.42458
27.625 96.625 -0.12939
27.625 96.875 0.097537
27.875 70.375 -0.55954
27.875 71.875 -0.58531
27.875 72.125 -0.63872
27.875 72.375 -0.67739
27.875 72.625 -0.59476
27.875 72.875 -0.5475
27.875 73.125 -0.42431
27.875 73.375 0.046049
27.875 73.625 0.83895
27.875 73.875 0.59106
27.875 74.125 0.22167
27.875 74.375 -0.1504
27.875 74.625 -0.069116
27.875 74.875 -0.18125
27.875 75.125 -0.082671
27.875 75.375 0.16589
27.875 75.625 -0.38908
27.875 75.875 -0.64004
27.875 76.125 -0.61053
27.875 76.375 -0.18858
27.875 76.625 -0.55164
27.875 76.875 -0.50815
27.875 77.125 -0.51377
27.875 77.375 -0.27085
27.875 77.625 -0.56939
27.875 77.875 -0.48112
27.875 78.125 -0.0013518
27.875 78.375 0.3216
27.875 78.625 0.13623
27.875 78.875 -0.059563
27.875 79.125 -0.45212
27.875 79.375 0.020101
27.875 79.625 0.15619
27.875 79.875 0.009525
27.875 80.125 -0.069705
27.875 80.375 -0.329
27.875 80.625 -0.44781
27.875 80.875 -0.57767
27.875 81.125 -0.35275
27.875 81.375 -0.20242
27.875 81.625 -0.27434
27.875 88.375 -0.0082662
27.875 88.625 -0.084377
27.875 92.875 0.40883
27.875 93.125 -0.44436
27.875 93.375 -0.77985
27.875 93.625 -1.0586
27.875 93.875 -1.0128
27.875 94.125 -0.96037
27.875 94.375 -0.86199
27.875 94.625 -0.72766
27.875 94.875 -0.67034
27.875 95.125 -0.69694
27.875 95.375 -0.70112
27.875 95.625 -0.64354
27.875 95.875 -0.5659
27.875 96.125 -0.5334
27.875 96.375 -0.45613
27.875 96.625 -0.052963
NaN NaN NaN
27.875 97.125 0.36859
28.125 72.125 -0.76106
28.125 72.375 -0.6586
28.125 72.625 -0.61993
28.125 72.875 -0.26552
28.125 73.125 0.092341
28.125 73.375 0.16153
28.125 73.625 0.49954
28.125 73.875 0.36495
28.125 74.125 -0.055232
28.125 74.375 -0.20519
28.125 74.625 -0.12174
28.125 74.875 0.071097
28.125 75.125 -0.11663
28.125 75.375 -0.15617
28.125 75.625 -0.32136
28.125 75.875 -0.39781
28.125 76.125 0.062403
28.125 76.375 -0.43512
28.125 76.625 -0.20329
28.125 76.875 -0.050704
28.125 77.125 -0.48476
28.125 77.375 -0.58768
28.125 77.625 -0.45446
28.125 77.875 -0.28398
28.125 78.125 0.30365
28.125 78.375 0.37657
28.125 78.625 -0.12541
28.125 78.875 0.40502
28.125 79.125 0.38663
28.125 79.375 -0.32074
28.125 79.625 -0.11544
28.125 79.875 0.28224
28.125 80.125 -0.22292
28.125 80.375 -0.26155
28.125 80.625 -0.21691
28.125 80.875 -0.35605
28.125 81.125 -0.20867
28.125 81.375 -0.25188
28.125 92.875 0.59017
28.125 93.125 -0.49652
28.125 93.375 -0.97308
28.125 93.625 -1.0684
28.125 93.875 -0.85623
28.125 94.125 -0.77956
28.125 94.375 -0.62069
28.125 94.625 -0.58003
28.125 94.875 -0.65799
28.125 95.125 -0.62393
28.125 95.375 -0.61389
28.125 95.625 -0.65378
28.125 95.875 -0.61994
28.125 96.125 -0.58186
28.125 96.375 -0.27076
NaN NaN NaN
NaN NaN NaN
NaN NaN NaN
28.375 72.375 -0.76004
28.375 72.625 -0.65322
28.375 72.875 -0.62153
28.375 73.125 -0.021803
28.375 73.375 -0.069255
28.375 73.625 -0.13755
28.375 73.875 0.053133
28.375 74.125 -0.046419
28.375 74.375 -0.38641
28.375 74.625 -0.18312
28.375 74.875 -0.11545
28.375 75.125 -0.1942
28.375 75.375 0.13997
28.375 75.625 0.037193
28.375 75.875 0.056813
28.375 76.125 -0.12048
28.375 76.375 -0.43585
28.375 76.625 -0.50263
28.375 76.875 -0.10639
28.375 77.125 -0.5645
28.375 77.375 -0.57544
28.375 77.625 -0.49165
28.375 77.875 -0.37974
28.375 78.125 0.90569
28.375 78.375 0.50211
28.375 78.625 -0.24319
28.375 78.875 -0.57871
28.375 79.125 0.31348
28.375 79.375 -0.16732
28.375 79.625 -0.53472
28.375 79.875 -0.23192
28.375 80.125 -0.39853
28.375 80.375 -0.43498
28.375 80.625 -0.30105
28.375 80.875 -0.35437
28.375 81.125 -0.29055
28.375 93.375 -0.82708
28.375 93.625 -0.61487
28.375 93.875 -0.42393
28.375 94.125 -0.28362
28.375 94.375 -0.2553
28.375 94.625 -0.396
28.375 94.875 -0.51575
28.375 95.125 -0.47415
28.375 95.375 -0.079018
28.375 95.625 -0.35148
28.375 95.875 -0.55218
28.375 96.125 -0.50092
NaN NaN NaN
28.625 72.375 -0.62535
28.625 72.625 -0.5806
28.625 72.875 -0.55585
28.625 73.125 -0.22327
28.625 73.375 -0.02711
28.625 73.625 -0.037748
28.625 73.875 -0.37571
28.625 74.125 -0.66047
28.625 74.375 -0.45493
28.625 74.625 -0.32709
28.625 74.875 -0.40982
28.625 75.125 -0.25438
28.625 75.375 -0.50965
28.625 75.625 -1.0728
28.625 75.875 -0.73752
28.625 76.125 -0.59339
28.625 76.375 -0.64065
28.625 76.625 -0.50577
28.625 76.875 -0.46456
28.625 77.125 -0.63153
28.625 77.375 -0.50177
28.625 77.625 -0.52366
28.625 77.875 -0.55135
28.625 78.125 0.21871
28.625 78.375 0.23702
28.625 78.625 -0.63121
28.625 78.875 -0.30651
28.625 79.125 0.11734
28.625 79.375 -0.27255
28.625 79.625 -0.1049
28.625 79.875 -0.44434
28.625 80.125 -0.40881
28.625 80.375 -0.40606
28.625 80.625 -0.32543
28.625 93.625 -0.42543
28.625 93.875 -0.50251
28.625 94.125 -0.14068
28.625 94.375 -0.15389
28.625 94.625 -0.23411
28.625 94.875 -0.42379
28.625 95.125 -0.27457
28.625 95.375 0.39057
28.625 95.625 0.10175
28.625 95.875 -0.63244
28.625 96.125 -0.42571
NaN NaN NaN
28.875 72.875 -0.86541
28.875 73.125 -0.41073
28.875 73.375 0.2256
28.875 73.625 0.076438
28.875 73.875 -0.17455
28.875 74.125 -0.51157
28.875 74.375 -0.52988
28.875 74.625 -0.47176
28.875 74.875 -0.28848
28.875 75.125 -0.56045
28.875 75.375 -0.83405
28.875 75.625 -1.0958
28.875 75.875 -0.99936
28.875 76.125 -0.94319
28.875 76.375 -0.86472
28.875 76.625 -0.84459
28.875 76.875 -0.81928
28.875 77.125 -0.099175
28.875 77.375 0.098347
28.875 77.625 0.0083126
28.875 77.875 0.34845
28.875 78.125 0.18424
28.875 78.375 0.093449
28.875 78.625 -0.49025
28.875 78.875 -0.43675
28.875 79.125 0.020247
28.875 79.375 0.013689
28.875 79.625 -0.038691
28.875 79.875 -0.063741
28.875 94.125 -0.21969
28.875 94.375 -0.275
28.875 94.625 -0.21865
28.875 94.875 -0.30453
28.875 95.125 -0.21406
28.875 95.375 0.18195
28.875 95.625 -0.30404
28.875 95.875 -0.56802
28.875 96.125 -0.31689
NaN NaN NaN
29.125 73.125 -0.72464
29.125 73.375 -0.058633
29.125 73.625 -0.19676
29.125 73.875 -0.11845
29.125 74.125 -0.30921
29.125 74.375 -0.39613
29.125 74.625 -0.36021
29.125 74.875 -0.34451
29.125 75.125 -0.54339
29.125 75.375 -0.85517
29.125 75.625 -1.1548
29.125 75.875 -1.0879
29.125 76.125 -0.96604
29.125 76.375 -1.1822
29.125 76.625 -0.55267
29.125 76.875 -0.4071
29.125 77.125 -0.32286
29.125 77.375 0.028957
29.125 77.625 0.26057
29.125 77.875 0.60289
29.125 78.125 0.4081
29.125 78.375 0.36314
29.125 78.625 0.087075
29.125 78.875 -0.29251
29.125 79.125 -0.10563
29.125 79.375 -0.058678
29.125 79.625 -0.13095
29.125 79.875 -0.082537
29.125 80.125 -0.32045
29.125 94.375 -0.19365
29.125 94.625 -0.16506
29.125 94.875 -0.20618
29.125 95.625 -0.472
29.125 95.875 -0.26653
29.125 96.125 1.1941
29.375 73.375 -0.86957
29.375 73.625 -0.61465
29.375 73.875 -0.60057
29.375 74.125 -0.48163
29.375 74.375 -0.71239
29.375 74.625 -0.61234
29.375 74.875 -0.49279
29.375 75.125 -0.50805
29.375 75.375 -0.62488
29.375 75.625 -1.0074
29.375 75.875 -1.015
29.375 76.125 -1.0788
29.375 76.375 -0.57899
29.375 76.625 -0.52561
29.375 76.875 -0.41997
29.375 77.125 -0.50828
29.375 77.375 -0.066746
29.375 77.625 0.41336
29.375 77.875 0.70053
29.375 78.125 0.34053
29.375 78.375 0.24194
29.375 78.625 -0.42783
29.375 78.875 -0.38403
29.375 79.125 -0.097995
29.375 79.375 -0.28535
29.375 79.625 -0.30201
29.375 79.875 -0.28309
29.375 80.125 -0.36429
NaN NaN NaN
29.625 73.375 -1.0939
29.625 73.625 -0.6826
29.625 73.875 -0.7077
29.625 74.125 -0.87755
29.625 74.375 -0.99172
29.625 74.625 -0.81922
29.625 74.875 -0.57118
29.625 75.125 -0.34767
29.625 75.375 -0.46863
29.625 75.625 -0.8295
29.625 75.875 -0.88998
29.625 76.125 -0.8132
29.625 76.375 -0.87692
29.625 76.625 -0.8515
29.625 76.875 -0.52236
29.625 77.125 -0.64037
29.625 77.375 -0.47128
29.625 77.625 -0.11834
29.625 77.875 -0.032658
29.625 78.125 0.027694
29.625 78.375 -0.24222
29.625 78.625 -0.64258
29.625 78.875 -0.46106
29.625 79.125 -0.081359
29.625 79.375 -0.33036
29.625 79.625 -0.30162
29.625 79.875 -0.32272
29.625 80.125 -0.55944
29.875 73.625 -0.82079
29.875 73.875 -0.91772
29.875 74.125 -1.2057
29.875 74.375 -0.81909
29.875 74.625 -0.79371
29.875 74.875 -0.60868
29.875 75.125 -0.28985
29.875 75.375 -0.54026
29.875 75.625 -0.75381
29.875 75.875 -0.68168
29.875 76.125 -0.7947
29.875 76.375 -0.8867
29.875 76.625 -0.77386
29.875 76.875 -0.87216
29.875 77.125 -0.69378
29.875 77.375 -0.50168
29.875 77.625 -0.35642
29.875 77.875 0.045832
29.875 78.125 -0.70982
29.875 78.375 0.0086323
29.875 78.625 -0.19723
29.875 78.875 -0.041945
29.875 79.125 -0.26037
29.875 79.375 -0.29233
29.875 79.625 -0.40008
29.875 79.875 -0.64339
29.875 80.125 -0.70962
29.875 80.375 -0.67966
30.125 74.125 -1.2864
30.125 74.375 -0.85123
30.125 74.625 -0.72654
30.125 74.875 -0.59154
30.125 75.125 -0.54063
30.125 75.375 -0.54925
30.125 75.625 -0.65143
30.125 75.875 -0.65739
30.125 76.125 -0.86441
30.125 76.375 -1.0128
30.125 76.625 -0.94035
30.125 76.875 -0.79413
30.125 77.125 -0.75198
30.125 77.375 -0.75203
30.125 77.625 -0.44359
30.125 77.875 -0.37508
30.125 78.125 -0.10869
30.125 78.375 0.53702
30.125 78.625 0.40173
30.125 78.875 -0.1399
30.125 79.125 -0.26599
30.125 79.375 -0.57531
30.125 79.625 0.25308
30.125 79.875 -0.12357
30.125 80.125 -0.64869
30.125 80.375 -0.62701
30.125 80.625 -0.71633
30.375 74.125 -0.9955
30.375 74.375 -0.72132
30.375 74.625 -0.76132
30.375 74.875 -0.58037
30.375 75.125 -0.40954
30.375 75.375 -0.40541
30.375 75.625 -0.45025
30.375 75.875 -0.72254
30.375 76.125 -1.1568
30.375 76.375 -1.1745
30.375 76.625 -1.1703
30.375 76.875 -1.0461
30.375 77.125 -0.45777
30.375 77.375 -0.23662
30.375 77.625 -0.50109
30.375 77.875 -0.25999
30.375 78.125 -0.3062
30.375 78.375 -0.5567
30.375 78.625 0.24255
30.375 78.875 -0.30009
30.375 79.125 -0.33895
30.375 79.375 0.46046
30.375 79.625 0.74208
30.375 79.875 -0.49526
30.375 80.125 -0.30645
30.375 80.375 -0.43209
30.375 80.625 -0.48051
30.625 74.375 -0.57728
30.625 74.625 -0.65035
30.625 74.875 -0.30854
30.625 75.125 -0.32567
30.625 75.375 -0.3956
30.625 75.625 -0.40303
30.625 75.875 -0.6189
30.625 76.125 -1.111
30.625 76.375 -1.0668
30.625 76.625 -0.54424
30.625 76.875 -0.30486
30.625 77.125 -0.3487
30.625 77.375 -0.23794
30.625 77.625 -0.094292
30.625 77.875 0.090018
30.625 78.125 -0.68378
30.625 78.375 -0.55031
30.625 78.625 -0.10215
30.625 78.875 -0.085088
30.625 79.125 -0.073736
30.625 79.375 0.26569
30.625 79.625 -0.21752
30.625 79.875 -0.30989
30.625 80.125 -0.28011
30.875 74.625 -0.57542
30.875 74.875 -0.42121
30.875 75.125 -0.39998
30.875 75.375 -0.52658
30.875 75.625 -0.40254
30.875 75.875 -0.56239
30.875 76.125 -0.79898
30.875 76.375 -0.86877
30.875 76.625 0.022852
30.875 76.875 -0.29495
30.875 77.125 0.042652
30.875 77.375 -0.24167
30.875 77.625 0.15978
30.875 77.875 0.1867
30.875 78.125 0.029191
30.875 78.375 -0.018678
30.875 78.625 0.067194
30.875 78.875 0.13031
30.875 79.125 1.3581
30.875 79.375 -1.0022
30.875 79.625 4.8866
30.875 79.875 -0.07602
31.125 74.875 -0.46696
31.125 75.125 -0.36899
31.125 75.375 -0.56376
31.125 75.625 -0.61049
31.125 75.875 -0.45949
31.125 76.125 -0.19872
31.125 76.375 -0.76649
31.125 76.625 -0.7559
31.125 76.875 0.10186
31.125 77.125 0.35
31.125 77.375 -0.041818
31.125 77.625 0.20595
31.125 77.875 0.56671
31.125 78.125 -0.32953
31.125 78.375 -0.13737
31.125 78.625 -0.32877
31.125 78.875 -0.1841
31.125 79.125 -0.054367
31.375 74.875 -0.36006
31.375 75.125 -0.38523
31.375 75.375 -0.4931
31.375 75.625 -0.4465
31.375 75.875 -0.38315
31.375 76.125 -0.48369
31.375 76.375 -0.52789
31.375 76.625 -0.59988
31.375 76.875 -0.11103
31.375 77.125 0.19824
31.375 77.375 0.56281
31.375 77.625 0.46384
31.375 77.875 0.099406
31.375 78.125 -0.097829
31.375 78.375 -0.32382
31.375 78.625 -0.20336
31.625 74.875 -0.25492
31.625 75.125 -0.26335
31.625 75.375 -0.35418
31.625 75.625 -0.41624
31.625 75.875 -0.33738
31.625 76.125 -0.47556
31.625 76.375 -0.5104
31.625 76.625 -0.2886
31.625 76.875 -0.32689
31.625 77.125 -0.17161
31.625 77.375 0.67829
31.625 77.625 0.69202
31.625 77.875 0.27463
31.625 78.125 -0.25776
31.625 78.375 -0.37368
31.625 78.625 -0.0068338
31.875 74.875 -0.16126
31.875 75.125 -0.24223
31.875 75.375 -0.49404
31.875 75.625 -0.49236
31.875 75.875 -0.52613
31.875 76.125 -0.54969
31.875 76.375 -0.40837
31.875 76.625 -0.055581
31.875 76.875 -0.057831
31.875 77.125 -0.064099
31.875 77.375 0.025657
31.875 77.625 0.11442
31.875 77.875 0.046719
31.875 78.125 -0.127
31.875 78.375 -0.27837
31.875 78.625 -0.23952
32.125 75.375 -0.1591
32.125 75.625 -0.28223
32.125 75.875 -0.51232
32.125 76.125 -0.44768
32.125 76.375 -0.38034
32.125 76.625 -0.19859
32.125 76.875 -0.14595
32.125 77.125 -0.027378
32.125 77.375 -0.19463
32.125 77.625 -0.33396
32.125 77.875 -0.27465
32.125 78.125 -0.31021
32.125 78.375 -0.40647
32.375 75.375 -0.13381
32.375 75.625 -0.23917
32.375 75.875 -0.48885
32.375 76.125 -0.56431
32.375 76.375 -0.47576
32.375 76.625 -0.3176
32.375 76.875 -0.17608
32.375 77.125 -0.10358
32.375 77.375 -0.22651
32.375 77.625 -0.34584
32.375 77.875 -0.38681
32.375 78.125 -0.41151
32.375 78.375 -0.42926
32.625 74.875 -0.34682
32.625 75.125 -0.33022
32.625 75.375 -0.31907
32.625 75.625 -0.26282
32.625 75.875 -0.2835
32.625 76.125 -0.273
32.625 76.375 -0.23939
32.625 76.625 -0.39474
32.625 76.875 -0.15689
32.625 77.125 -0.09942
32.625 77.375 -0.27649
32.625 77.625 -0.28837
32.625 77.875 -0.32694
32.625 78.125 -0.46668
32.625 78.375 -0.39271
32.625 78.625 -0.37111
32.625 78.875 -0.42665
32.625 79.125 -0.3563
32.625 79.375 -0.32741
32.875 74.375 -0.30385
32.875 74.625 -0.29507
32.875 74.875 -0.28855
32.875 75.125 -0.29702
32.875 75.375 -0.31307
32.875 75.625 -0.34465
32.875 75.875 -0.30365
32.875 76.125 -0.29089
32.875 76.375 -0.24992
32.875 76.625 -0.24374
32.875 76.875 -0.15108
32.875 77.125 -0.21157
32.875 77.375 -0.27145
32.875 77.625 -0.29444
32.875 77.875 -0.31622
32.875 78.125 -0.25261
32.875 78.375 -0.36079
32.875 78.625 -0.31865
32.875 78.875 -0.38421
32.875 79.125 -0.46767
32.875 79.375 -0.40865
33.125 73.875 -0.41072
33.125 74.125 -0.29535
33.125 74.375 -0.11203
33.125 74.625 0.062489
33.125 74.875 -0.096741
33.125 75.125 -0.33279
33.125 75.375 -0.33074
33.125 75.625 -0.38321
33.125 75.875 -0.34364
33.125 76.125 -0.29832
33.125 76.375 -0.41088
33.125 76.625 -0.27202
33.125 76.875 -0.25503
33.125 77.125 -0.36132
33.125 77.375 -0.41552
33.125 77.625 -0.32282
33.125 77.875 -0.2724
33.125 78.125 -0.20511
33.125 78.375 -0.18592
33.125 78.625 -0.20457
33.125 78.875 -0.36047
33.125 79.125 -0.47985
33.375 73.875 -0.22832
33.375 74.125 0.048621
33.375 74.375 -0.24865
33.375 74.625 -0.56001
33.375 74.875 -0.63812
33.375 75.125 -0.56693
33.375 75.375 -0.20778
33.375 75.625 -0.34751
33.375 75.875 -0.37802
33.375 76.125 -0.31836
33.375 76.375 -0.33029
33.375 76.625 -0.53561
33.375 76.875 -0.59254
33.375 77.125 -0.50767
33.375 77.375 -0.44488
33.375 77.625 -0.40804
33.375 77.875 -0.43192
33.375 78.125 -0.37234
33.375 78.375 -0.33196
33.375 78.625 -0.32122
33.375 78.875 -0.29755
33.625 73.875 0.11875
33.625 74.125 0.6072
33.625 74.375 -0.30059
33.625 74.625 -0.61674
33.625 74.875 -0.4061
33.625 75.125 -0.33224
33.625 75.375 -0.33807
33.625 75.625 -0.2747
33.625 75.875 -0.36223
33.625 76.125 -0.46085
33.625 76.375 -0.57161
33.625 76.625 -0.6614
33.625 76.875 -0.58453
33.625 77.125 -0.55948
33.625 77.375 -0.4864
33.625 77.625 -0.47523
33.625 77.875 -0.49401
33.625 78.125 -0.44453
33.625 78.375 -0.4802
33.625 78.625 -0.26843
33.625 78.875 -0.22858
33.875 73.875 -0.087519
33.875 74.125 0.011741
33.875 74.375 0.27685
33.875 74.625 0.086377
33.875 74.875 -0.067014
33.875 75.125 0.026389
33.875 75.375 -0.098443
33.875 75.625 -0.40078
33.875 75.875 -0.43296
33.875 76.125 -0.53513
33.875 76.375 -0.66285
33.875 76.625 -0.62115
33.875 76.875 -0.62219
33.875 77.125 -0.65104
33.875 77.375 -0.55173
33.875 77.625 -0.49766
33.875 77.875 -0.46493
33.875 78.125 -0.45669
33.875 78.375 -0.46255
33.875 78.625 -0.36824
33.875 78.875 -0.30675
34.125 73.625 -0.72136
34.125 73.875 -0.054286
34.125 74.125 0.22768
34.125 74.375 -0.11788
34.125 74.625 -0.29355
34.125 74.875 -0.69088
34.125 75.125 -0.10539
34.125 75.375 -0.2515
34.125 75.625 -0.76073
34.125 75.875 -0.83335
34.125 76.125 -0.82892
34.125 76.375 -0.64132
34.125 76.625 -0.60308
34.125 76.875 -0.56791
34.125 77.125 -0.53133
34.125 77.375 -0.5138
34.125 77.625 -0.50115
34.125 77.875 -0.51004
34.125 78.125 -0.4732
34.125 78.375 -0.47773
34.125 78.625 -0.49317
34.125 78.875 -0.44321
34.125 79.125 -0.39034
34.125 79.375 -0.41675
34.375 73.625 -0.83835
34.375 73.875 -0.21105
34.375 74.125 -0.41762
34.375 74.375 -0.40046
34.375 74.625 -0.48604
34.375 74.875 -0.31057
34.375 75.125 -0.22678
34.375 75.375 -0.68272
34.375 75.625 -1.1172
34.375 75.875 -1.0801
34.375 76.125 -0.80304
34.375 76.375 -0.64679
34.375 76.625 -0.65212
34.375 76.875 -0.64125
34.375 77.125 -0.6169
34.375 77.375 -0.62103
34.375 77.625 -0.57668
34.375 77.875 -0.60592
34.375 78.125 -0.5823
34.375 78.375 -0.58252
34.375 78.625 -0.57348
34.375 78.875 -0.47479
34.375 79.125 -0.45099
34.375 79.375 -0.50054
34.625 73.875 -0.19625
34.625 74.125 -0.21287
34.625 74.375 -0.4806
34.625 74.625 -0.41679
34.625 74.875 -0.3492
34.625 75.125 -0.20363
34.625 75.375 -0.65809
34.625 75.625 -0.8542
34.625 75.875 -0.86259
34.625 76.125 -0.78429
34.625 76.375 -0.64634
34.625 76.625 -0.61106
34.625 76.875 -0.66078
34.625 77.125 -0.67462
34.625 77.375 -0.64555
34.625 77.625 -0.62109
34.625 77.875 -0.78056
34.625 78.125 -0.6279
34.625 78.375 -0.5725
34.625 78.625 -0.55738
34.625 78.875 -0.55487
34.625 79.125 -0.53391
34.625 79.375 -0.56264
34.625 79.625 -0.61842
34.875 74.125 -0.082824
34.875 74.375 -0.28354
34.875 74.625 -0.22258
34.875 74.875 -0.20813
34.875 75.125 -0.42011
34.875 75.375 -0.67516
34.875 75.625 -0.90735
34.875 75.875 -0.86314
34.875 76.125 -0.66221
34.875 76.375 -0.5821
34.875 76.625 -0.6736
34.875 76.875 -0.68741
34.875 77.125 -0.60826
34.875 77.375 -0.64472
34.875 77.625 -0.70988
34.875 77.875 -0.7202
34.875 78.125 -0.63399
34.875 78.375 -0.61423
34.875 78.625 -0.59546
34.875 78.875 -0.53967
34.875 79.125 -0.52596
34.875 79.375 -0.56342
34.875 79.625 -0.57447
34.875 79.875 -0.62638
35.125 74.375 -0.45129
35.125 74.625 -0.70677
35.125 74.875 -0.45291
35.125 75.125 -0.6217
35.125 75.375 -1.0799
35.125 75.625 -1.0042
35.125 75.875 -0.85667
35.125 76.125 -0.64683
35.125 76.375 -0.5909
35.125 76.625 -0.66427
35.125 76.875 -0.70759
35.125 77.125 -0.66855
35.125 77.375 -0.6464
35.125 77.625 -0.72871
35.125 77.875 -0.70401
35.125 78.125 -0.66795
35.125 78.375 -0.64237
35.125 78.625 -0.58906
35.125 78.875 -0.53061
35.125 79.125 -0.51161
35.125 79.375 -0.52636
35.125 79.625 -0.5377
35.125 79.875 -0.56482
35.375 73.875 -0.26238
35.375 74.125 -0.30647
35.375 74.375 -0.34941
35.375 74.625 -0.57346
35.375 74.875 -0.32203
35.375 75.125 -0.76404
35.375 75.375 -1.0027
35.375 75.625 -0.9815
35.375 75.875 -0.9647
35.375 76.125 -0.77902
35.375 76.375 -0.74506
35.375 76.625 -0.74152
35.375 76.875 -0.608
35.375 77.125 -0.73741
35.375 77.375 -0.62288
35.375 77.625 -0.68384
35.375 77.875 -0.66363
35.375 78.125 -0.61905
35.375 78.375 -0.60153
35.375 78.625 -0.55608
35.375 78.875 -0.52507
35.375 79.125 -0.51781
35.375 79.375 -0.53287
35.375 79.625 -0.54182
35.375 79.875 -0.53771
NaN NaN NaN
35.625 73.375 -0.65487
35.625 73.625 -0.51268
35.625 73.875 -0.64994
35.625 74.125 -0.68419
35.625 74.375 -0.65271
35.625 74.625 -0.59455
35.625 74.875 -0.017321
35.625 75.125 -0.87303
35.625 75.375 -0.88838
35.625 75.625 -1.0012
35.625 75.875 -0.9339
35.625 76.125 -0.87369
35.625 76.375 -0.87379
35.625 76.625 -0.62582
35.625 76.875 -0.63077
35.625 77.125 -0.94466
35.625 78.375 -0.56925
35.625 78.625 -0.51958
35.625 78.875 -0.53317
35.625 79.125 -0.51779
35.625 79.375 -0.52527
35.625 79.625 -0.54232
35.625 79.875 -0.7185
35.625 80.125 -0.73316
35.875 73.125 -0.59695
35.875 73.375 -0.91792
35.875 73.625 -1.014
35.875 73.875 -1.3168
35.875 74.125 -0.81529
35.875 74.375 -0.7591
35.875 74.625 -0.68505
35.875 74.875 -0.58673
35.875 75.125 -0.60452
35.875 75.375 -0.80055
35.875 75.625 -0.7311
35.875 75.875 -0.8704
35.875 76.125 -0.69016
35.875 76.375 -1.0249
35.875 76.625 -1.0081
35.875 79.375 -0.48361
36.125 72.625 -0.49784
36.125 72.875 -0.64805
36.125 73.125 -0.85438
36.125 73.375 -0.38587
36.125 73.625 -0.40004
36.125 73.875 -0.33939
36.125 74.125 -0.6635
36.125 74.375 -0.90475
36.125 74.625 -1.3202
36.125 74.875 -1.3394
36.125 75.125 -0.63791
36.125 75.375 -0.61054
36.125 75.625 -0.70138
36.125 75.875 -1.2672
36.125 76.125 -1.3815
36.125 76.375 -0.83369
36.125 76.625 -0.7508
36.375 73.125 -0.35244
36.375 73.375 -0.49599
36.375 73.625 -0.49553
36.375 73.875 -0.4186
36.375 74.125 -0.64382
36.375 74.375 -0.85992
36.375 74.625 -0.72948
36.375 74.875 -0.57241
36.375 75.125 -0.96578
36.375 75.375 -0.71739
36.375 75.625 -0.61249
36.375 75.875 -1.1587
36.375 76.125 -1.1135
36.625 73.375 -0.41983
36.625 73.625 -0.26576
36.625 73.875 -0.63159
36.625 74.125 -0.36362
36.625 74.375 -0.036161
36.625 74.625 -0.24553
36.625 74.875 -0.81723
36.625 75.125 -0.50551
36.625 75.375 -0.59856
36.625 75.625 -0.8183
36.875 73.875 -0.02528
36.875 74.375 0.031991
36.875 74.625 -0.70129
36.875 74.875 -0.61978
36.875 75.125 -0.6859
36.875 75.375 -0.0075399
