8.125 77.375 -0.43889
8.375 77.125 -0.94356
8.375 77.375 -0.3539
8.375 77.625 -0.23971
8.375 77.875 -0.12943
8.625 76.875 -0.86026
8.625 77.125 -0.40003
8.625 77.375 -0.26835
8.625 77.625 -0.43157
8.625 77.875 0.42587
8.875 76.875 -0.99498
8.875 77.125 -0.41253
8.875 77.375 -0.26514
8.875 77.625 -0.55398
8.875 77.875 -0.65336
9.125 76.625 -0.69064
9.125 76.875 -0.48053
9.125 77.125 -0.32457
9.125 77.375 -0.26407
9.125 77.625 -0.1385
9.125 77.875 -0.40722
9.125 78.125 -0.13651
9.125 78.375 -0.61555
9.375 76.625 -0.76823
9.375 76.875 -0.90443
9.375 77.125 -0.30744
9.375 77.375 -0.1798
9.375 77.625 0.18365
9.375 77.875 -0.0038689
9.375 78.125 0.067402
9.375 78.375 -0.094884
9.375 78.625 -0.33331
9.375 78.875 -0.59665
9.625 76.375 -0.84052
9.625 76.625 -0.70828
9.625 76.875 -0.5976
9.625 77.125 -0.41807
9.625 77.375 -0.37951
9.625 77.625 -0.14643
9.625 77.875 0.11618
9.625 78.125 0.31
9.625 78.375 -0.25356
9.625 78.625 -0.16998
9.875 76.625 -0.97847
9.875 76.875 -0.79457
9.875 77.125 -0.34617
9.875 77.375 -0.49352
9.875 77.625 -0.22422
9.875 77.875 -0.1761
9.875 78.125 -0.49676
9.875 78.375 -0.42218
9.875 78.625 -0.62075
9.875 78.875 -0.85603
10.125 76.375 -0.5315
10.125 76.625 -0.63381
10.125 76.875 0.13953
10.125 77.125 -0.7805
10.125 77.375 -0.65063
10.125 77.625 0.07068
10.125 77.875 0.23814
10.125 78.125 -0.48826
10.125 78.375 0.12756
10.125 78.625 -0.74698
10.125 78.875 -0.52961
10.125 79.125 -0.63821
10.375 76.375 -1.07
10.375 76.625 -0.91782
10.375 76.875 -0.35074
10.375 77.125 -0.35475
10.375 77.375 -0.43789
10.375 77.625 0.3173
10.375 77.875 -0.38102
10.375 78.125 -0.39589
10.375 78.375 -0.095255
10.375 78.625 -0.9133
10.375 78.875 -0.62636
10.375 79.125 -0.62282
10.375 79.375 -0.68077
10.375 79.625 -0.71496
10.625 76.125 -0.77829
10.625 76.375 -0.53604
10.625 76.625 -1.0916
10.625 76.875 -0.35391
10.625 77.125 -0.38423
10.625 77.375 -0.29522
10.625 77.625 -0.32846
10.625 77.875 -0.33919
10.625 78.125 -0.5378
10.625 78.375 -0.70922
10.625 78.625 -0.4696
10.625 78.875 -0.74016
10.625 79.125 -0.2195
10.625 79.375 -0.55089
10.625 79.625 -0.35841
10.875 76.125 -0.58873
10.875 76.375 -0.25479
10.875 76.625 -0.16798
10.875 76.875 -0.31705
10.875 77.125 -0.24682
10.875 77.375 -0.45809
10.875 77.625 -0.62228
10.875 77.875 -0.52719
10.875 78.125 -0.75141
10.875 78.375 -0.34728
10.875 78.625 -0.012784
10.875 78.875 -0.47778
10.875 79.125 -0.52281
10.875 79.375 -0.65006
10.875 79.625 -0.30441
11.125 76.125 -1.1461
11.125 76.375 -0.49068
11.125 76.625 2.8486
11.125 76.875 -0.95102
11.125 77.125 -0.57979
11.125 77.375 -0.91808
11.125 77.625 -0.58951
11.125 77.875 -0.13876
11.125 78.125 -1.1365
11.125 78.375 -0.67072
11.125 78.625 -0.50929
11.125 78.875 -0.25642
11.125 79.125 -0.11022
11.125 79.375 0.012923
11.125 79.625 -0.21699
11.375 75.875 -0.8225
11.375 76.125 -0.85166
11.375 76.375 -1.0114
11.375 76.625 -0.72436
11.375 76.875 -0.026646
11.375 77.125 -0.55211
11.375 77.375 -1.2273
11.375 77.625 -0.63288
11.375 77.875 -0.20689
11.375 78.125 0.078559
11.375 78.375 -0.85331
11.375 78.625 -0.82044
11.375 78.875 -0.60836
11.375 79.125 -0.6354
11.375 79.375 -0.43451
11.375 79.625 -0.31518
11.625 75.875 -0.71222
11.625 76.125 -0.40139
11.625 76.375 -0.69458
11.625 76.625 -0.45212
11.625 76.875 -0.93296
11.625 77.125 -0.91635
11.625 77.375 -0.83166
11.625 77.625 -0.86156
11.625 77.875 -0.76151
11.625 78.125 -0.6757
11.625 78.375 -0.65338
11.625 78.625 -0.55207
11.625 78.875 -0.59794
11.625 79.125 -0.37073
11.625 79.375 -0.22061
11.625 79.625 -0.354
11.875 75.625 -0.46456
11.875 75.875 -0.81921
11.875 76.125 -0.23823
11.875 76.375 -0.54892
11.875 76.625 -0.39055
11.875 76.875 -0.56628
11.875 77.125 -0.244
11.875 77.375 0.038715
11.875 77.625 -0.3052
11.875 77.875 -0.63827
11.875 78.125 -0.71668
11.875 78.375 -0.44485
11.875 78.625 -0.3796
11.875 78.875 -0.76505
11.875 79.125 -0.42671
11.875 79.375 -0.39923
11.875 79.625 -0.43352
12.125 75.375 -1.1349
12.125 75.625 -0.93066
12.125 75.875 -0.31421
12.125 76.125 -0.95358
12.125 76.375 -0.62585
12.125 76.625 -0.65428
12.125 76.875 -0.71212
12.125 77.125 -0.3081
12.125 77.375 -0.043348
12.125 77.625 -0.2068
12.125 77.875 -0.78327
12.125 78.125 -0.45267
12.125 78.375 -0.18149
12.125 78.625 -0.37458
12.125 78.875 -0.58061
12.125 79.125 -0.38102
12.125 79.375 0.033075
12.125 79.625 -0.18683
12.375 75.125 -1.1616
12.375 75.375 -1.0204
12.375 75.625 -0.76992
12.375 75.875 -0.51606
12.375 76.125 -0.64087
12.375 76.375 -0.59823
12.375 76.625 0.20442
12.375 76.875 -0.73175
12.375 77.125 -1.0675
12.375 77.375 -0.46774
12.375 77.625 -0.059076
12.375 77.875 -0.52671
12.375 78.125 -0.47409
12.375 78.375 -0.3555
12.375 78.625 -0.41774
12.375 78.875 -0.59216
12.375 79.125 -0.44857
12.375 79.375 -0.54217
12.375 79.625 -0.37284
12.375 79.875 -0.62328
12.625 75.125 -1.2732
12.625 75.375 -1.1045
12.625 75.625 -1.4156
12.625 75.875 -0.90956
12.625 76.125 -0.72249
12.625 76.375 -0.16863
12.625 76.625 -0.17078
12.625 76.875 -0.46246
12.625 77.125 -0.82522
12.625 77.375 -0.29436
12.625 77.625 -0.0049114
12.625 77.875 -0.45394
12.625 78.125 -0.38587
12.625 78.375 -0.21868
12.625 78.625 -0.25638
12.625 78.875 -0.42476
12.625 79.125 -0.47034
12.625 79.375 -0.60617
12.625 79.625 -0.55397
12.625 79.875 -1.2316
12.875 75.125 -1.3403
12.875 75.375 -0.95826
12.875 75.625 -1.867
12.875 75.875 -0.69388
12.875 76.125 -0.743
12.875 76.375 0.23083
12.875 76.625 -0.38337
12.875 76.875 -0.4755
12.875 77.125 -0.77902
12.875 77.375 -0.28712
12.875 77.625 -0.42628
12.875 77.875 -0.4885
12.875 78.125 -0.38375
12.875 78.375 -0.42714
12.875 78.625 -0.34179
12.875 78.875 -0.77323
12.875 79.125 -0.58707
12.875 79.375 -0.58697
12.875 79.625 -0.32947
12.875 79.875 -0.41994
13.125 74.875 -0.59668
13.125 75.125 -1.1998
13.125 75.375 -1.0041
13.125 75.625 -0.9116
13.125 75.875 -1.2058
13.125 76.125 -0.40542
13.125 76.375 -0.24983
13.125 76.625 -0.17102
13.125 76.875 -0.59083
13.125 77.125 -0.5403
13.125 77.375 -0.6239
13.125 77.625 -0.41809
13.125 77.875 -0.47151
13.125 78.125 -0.084811
13.125 78.375 -0.41834
13.125 78.625 -0.55508
13.125 78.875 -0.47124
13.125 79.125 -0.45166
13.125 79.375 -0.5949
13.125 79.625 -0.28166
13.125 79.875 -0.58408
13.125 80.125 -1.0851
13.375 74.875 0.36281
13.375 75.125 -0.78204
13.375 75.375 -1.0228
13.375 75.625 -0.70452
13.375 75.875 -0.93916
13.375 76.125 -0.30329
13.375 76.375 -0.34873
13.375 76.625 -0.5139
13.375 76.875 -0.51043
13.375 77.125 0.019443
13.375 77.375 -0.76612
13.375 77.625 -0.49698
13.375 77.875 -0.20346
13.375 78.125 -0.45636
13.375 78.375 -0.060803
13.375 78.625 -0.31504
13.375 78.875 -0.55266
13.375 79.125 -0.77871
13.375 79.375 -0.68928
13.375 79.625 -0.53393
13.375 79.875 -0.45654
13.375 80.125 -0.55666
13.625 74.875 -1.1102
13.625 75.125 -0.66575
13.625 75.375 -0.74551
13.625 75.625 -1.3084
13.625 75.875 -0.81558
13.625 76.125 -0.62035
13.625 76.375 -0.70209
13.625 76.625 -0.60419
13.625 76.875 -0.65812
13.625 77.125 -0.38996
13.625 77.375 -0.75297
13.625 77.625 -0.52066
13.625 77.875 -0.69931
13.625 78.125 -0.87438
13.625 78.375 -0.65356
13.625 78.625 -0.75616
13.625 78.875 -0.78325
13.625 79.125 -0.61475
13.625 79.375 -0.68572
13.625 79.625 -0.72735
13.625 79.875 -0.48986
13.625 80.125 -0.79961
13.875 74.875 -0.57281
13.875 75.125 -0.38568
13.875 75.375 -0.50099
13.875 75.625 -0.94032
13.875 75.875 -0.62723
13.875 76.125 -0.76705
13.875 76.375 -0.57897
13.875 76.625 -0.32095
13.875 76.875 -0.72729
13.875 77.125 -0.52475
13.875 77.375 -0.26948
13.875 77.625 -0.66475
13.875 77.875 -0.63623
13.875 78.125 -0.68307
13.875 78.375 -0.57071
13.875 78.625 -0.65181
13.875 78.875 -0.64657
13.875 79.125 -0.71849
13.875 79.375 -0.68696
13.875 79.625 -1.0747
13.875 79.875 -0.61804
14.125 74.625 -0.98026
14.125 74.875 -0.613
14.125 75.125 -0.33117
14.125 75.375 -0.67149
14.125 75.625 -0.93933
14.125 75.875 -0.63046
14.125 76.125 -0.337
14.125 76.375 -0.92202
14.125 76.625 -0.77582
14.125 76.875 -0.16237
14.125 77.125 -0.4319
14.125 77.375 -0.66703
14.125 77.625 -0.62598
14.125 77.875 -0.65142
14.125 78.125 -0.69812
14.125 78.375 -0.58143
14.125 78.625 -0.67473
14.125 78.875 -0.67129
14.125 79.125 -0.84411
14.125 79.375 -0.85548
14.125 79.625 -0.68555
14.125 79.875 -0.54426
14.375 74.625 -0.98521
14.375 74.875 -0.42037
14.375 75.125 -0.93348
14.375 75.375 -0.67719
14.375 75.625 -0.72485
14.375 75.875 -0.52549
14.375 76.125 -0.23799
14.375 76.375 -0.13858
14.375 76.625 -0.18612
14.375 76.875 -0.27465
14.375 77.125 -0.53514
14.375 77.375 -0.61901
14.375 77.625 -0.65806
14.375 77.875 -0.57922
14.375 78.125 -0.64098
14.375 78.375 -0.50311
14.375 78.625 -0.64632
14.375 78.875 -0.69177
14.375 79.125 -0.94721
14.375 79.375 -0.77659
14.375 79.625 -0.34893
14.375 79.875 -0.40373
14.625 74.375 -0.84281
14.625 74.625 -1.3662
14.625 74.875 -1.2998
14.625 75.125 -1.1048
14.625 75.375 -0.41059
14.625 75.625 -0.49857
14.625 75.875 -0.54267
14.625 76.125 -0.44961
14.625 76.375 -0.56221
14.625 76.625 -0.45318
14.625 76.875 0.26382
14.625 77.125 -0.18068
14.625 77.375 -0.71172
14.625 77.625 -0.65765
14.625 77.875 -0.44499
14.625 78.125 -0.42094
14.625 78.375 -0.46865
14.625 78.625 -0.73419
14.625 78.875 -0.79665
14.625 79.125 -0.78408
14.625 79.375 -0.82168
14.625 79.625 -0.77782
14.625 79.875 -0.66094
14.875 74.375 -0.98249
14.875 74.625 -1.3917
14.875 74.875 -1.4534
14.875 75.125 -0.80858
14.875 75.375 -0.45606
14.875 75.625 -0.90918
14.875 75.875 -0.95101
14.875 76.125 -0.5579
14.875 76.375 -0.67831
14.875 76.625 -0.75132
14.875 76.875 0.19395
14.875 77.125 -0.14791
14.875 77.375 -0.57381
14.875 77.625 -0.4912
14.875 77.875 -0.53542
14.875 78.125 -0.47761
14.875 78.375 -0.40742
14.875 78.625 -0.70936
14.875 78.875 -0.71337
14.875 79.125 -0.59548
14.875 79.375 -0.33307
14.875 79.625 -0.70138
14.875 79.875 -0.6423
15.125 74.125 -1.2694
15.125 74.375 -0.6601
15.125 74.625 -0.665
15.125 74.875 -0.76773
15.125 75.125 -0.7681
15.125 75.375 -0.46055
15.125 75.625 -0.13181
15.125 75.875 -0.28277
15.125 76.125 -0.69667
15.125 76.375 -0.94543
15.125 76.625 -0.77955
15.125 76.875 -0.56741
15.125 77.125 -0.71869
15.125 77.375 -0.73471
15.125 77.625 -0.64053
15.125 77.875 -0.6341
15.125 78.125 -0.74336
15.125 78.375 -0.41933
15.125 78.625 -0.34135
15.125 78.875 -0.48112
15.125 79.125 -0.61118
15.125 79.375 -0.5257
15.125 79.625 -0.49315
15.125 79.875 -0.59969
15.375 73.875 -1.029
15.375 74.125 -1.1295
15.375 74.375 -0.72863
15.375 74.625 -1.2263
15.375 74.875 -0.62461
15.375 75.125 -0.52962
15.375 75.375 -0.15043
15.375 75.625 -0.30408
15.375 75.875 -0.6265
15.375 76.125 -0.59383
15.375 76.375 -0.64789
15.375 76.625 -0.82628
15.375 76.875 -0.87328
15.375 77.125 -0.737
15.375 77.375 -0.81296
15.375 77.625 -0.60425
15.375 77.875 -0.79522
15.375 78.125 -0.74834
15.375 78.375 -0.51763
15.375 78.625 0.29403
15.375 78.875 -0.65853
15.375 79.125 -0.79734
15.375 79.375 -0.80026
15.375 79.625 -0.63063
15.375 79.875 -0.69678
15.625 73.875 -1.0492
15.625 74.125 -1.1752
15.625 74.375 -1.2494
15.625 74.625 -0.67813
15.625 74.875 -0.46827
15.625 75.125 -0.25016
15.625 75.375 -0.39601
15.625 75.625 -0.50429
15.625 75.875 -0.17735
15.625 76.125 -0.53651
15.625 76.375 -0.5639
15.625 76.625 -0.76927
15.625 76.875 -0.77754
15.625 77.125 -0.92585
15.625 77.375 -0.90053
15.625 77.625 -0.73843
15.625 77.875 -0.68583
15.625 78.125 -0.77489
15.625 78.375 -0.51807
15.625 78.625 -0.69007
15.625 78.875 -0.66931
15.625 79.125 -0.99932
15.625 79.375 -0.83498
15.625 79.625 -0.018394
15.625 79.875 -0.70964
15.625 80.125 -0.7214
15.875 73.875 -0.28496
15.875 74.125 -0.89671
15.875 74.375 -0.81432
15.875 74.625 -0.66449
15.875 74.875 -0.55229
15.875 75.125 -0.33269
15.875 75.375 -0.44118
15.875 75.625 -0.62697
15.875 75.875 -0.60462
15.875 76.125 -0.89184
15.875 76.375 -0.97576
15.875 76.625 -0.80051
15.875 76.875 -0.34202
15.875 77.125 -0.51491
15.875 77.375 -0.53793
15.875 77.625 -0.84803
15.875 77.875 -0.51348
15.875 78.125 -0.28401
15.875 78.375 -0.44795
15.875 78.625 -0.4209
15.875 78.875 -0.50379
15.875 79.125 -0.94837
15.875 79.375 0.60509
15.875 79.625 -0.60803
15.875 79.875 -0.88073
15.875 80.125 -0.87006
15.875 80.375 -0.43038
15.875 80.625 -0.21928
15.875 80.875 -0.052388
16.125 73.625 -0.54396
16.125 73.875 -0.43545
16.125 74.125 -0.70993
16.125 74.375 -0.66986
16.125 74.625 -0.23873
16.125 74.875 -0.4142
16.125 75.125 -0.74164
16.125 75.375 -0.7288
16.125 75.625 -0.79305
16.125 75.875 -0.73412
16.125 76.125 -0.88638
16.125 76.375 -0.70542
16.125 76.625 -0.63313
16.125 76.875 -0.77807
16.125 77.125 -0.68828
16.125 77.375 -0.50446
16.125 77.625 -0.57629
16.125 77.875 -0.42208
16.125 78.125 -0.19824
16.125 78.375 -0.3865
16.125 78.625 -0.47821
16.125 78.875 -0.77481
16.125 79.125 -0.89231
16.125 79.375 -0.7419
16.125 79.625 -0.97065
16.125 79.875 -0.55585
16.125 80.125 -0.052854
16.125 80.375 0.58003
16.125 80.625 0.27967
16.125 80.875 -0.066157
16.375 73.625 -0.5825
16.375 73.875 -0.33145
16.375 74.125 -0.58027
16.375 74.375 -0.49478
16.375 74.625 -0.60822
16.375 74.875 -0.59842
16.375 75.125 -0.72566
16.375 75.375 -0.7406
16.375 75.625 -0.76396
16.375 75.875 -0.646
16.375 76.125 -0.39466
16.375 76.375 -0.44825
16.375 76.625 -0.61375
16.375 76.875 -0.58632
16.375 77.125 -0.6706
16.375 77.375 -0.66318
16.375 77.625 -0.60965
16.375 77.875 -0.49032
16.375 78.125 -0.29089
16.375 78.375 -0.44676
16.375 78.625 -0.74206
16.375 78.875 -0.65138
16.375 79.125 -0.52078
16.375 79.375 -0.61281
16.375 79.625 -0.74818
16.375 79.875 -0.52347
16.375 80.125 0.056754
16.375 80.375 -0.089993
16.375 80.625 0.16774
16.375 80.875 0.024017
16.375 81.125 0.34338
16.375 81.375 0.20235
16.375 81.625 1.385
16.625 73.625 -1.0769
16.625 73.875 -1.1138
16.625 74.125 0.33881
16.625 74.375 -0.9796
16.625 74.625 -0.51502
16.625 74.875 -0.77515
16.625 75.125 -0.70514
16.625 75.375 -0.9951
16.625 75.625 -0.81581
16.625 75.875 -0.60639
16.625 76.125 -0.49052
16.625 76.375 -0.55096
16.625 76.625 -0.61181
16.625 76.875 -0.5223
16.625 77.125 -0.64561
16.625 77.375 -0.4757
16.625 77.625 -0.71579
16.625 77.875 -0.43243
16.625 78.125 -0.37671
16.625 78.375 -0.6144
16.625 78.625 -0.6954
16.625 78.875 -0.82918
16.625 79.125 -0.81948
16.625 79.375 -0.56259
16.625 79.625 -0.36823
16.625 79.875 -0.39211
16.625 80.125 -0.1581
16.625 80.375 -0.21922
16.625 80.625 -0.27128
16.625 80.875 0.082053
16.625 81.125 -0.18697
16.625 81.375 -0.50901
16.625 81.625 0.18293
16.625 81.875 0.47379
16.625 82.125 0.41133
16.875 73.375 -0.87624
16.875 73.625 -1.2741
16.875 73.875 -1.3306
16.875 74.125 -1.2978
16.875 74.375 -0.35955
16.875 74.625 -0.90368
16.875 74.875 -0.48384
16.875 75.125 -0.52098
16.875 75.375 -0.43782
16.875 75.625 -0.41653
16.875 75.875 -0.72426
16.875 76.125 -0.65747
16.875 76.375 -0.62949
16.875 76.625 -0.77446
16.875 76.875 -0.74029
16.875 77.125 -0.72828
16.875 77.375 -0.469
16.875 77.625 -0.38372
16.875 77.875 -0.7304
16.875 78.125 -0.97351
16.875 78.375 -0.90244
16.875 78.625 -0.62339
16.875 78.875 -0.83863
16.875 79.125 -1.0435
16.875 79.375 -0.83042
16.875 79.625 -0.56421
16.875 79.875 -0.42932
16.875 80.125 -0.24907
16.875 80.375 -0.28086
16.875 80.625 -0.51362
16.875 80.875 -0.52623
16.875 81.125 -0.47318
16.875 81.375 -0.37042
16.875 81.625 0.38242
16.875 81.875 -0.36517
16.875 82.125 -0.31015
17.125 73.375 -0.84746
17.125 73.625 -0.92826
17.125 73.875 -0.55468
17.125 74.125 -0.76748
17.125 74.375 -0.47689
17.125 74.625 -0.55946
17.125 74.875 -0.76012
17.125 75.125 -0.79634
17.125 75.375 -0.68688
17.125 75.625 -0.41978
17.125 75.875 -0.68918
17.125 76.125 -0.81892
17.125 76.375 -0.69085
17.125 76.625 -0.81235
17.125 76.875 -0.74311
17.125 77.125 -0.78925
17.125 77.375 -0.88306
17.125 77.625 -0.56564
17.125 77.875 -0.65027
17.125 78.125 -0.33371
17.125 78.375 -0.748
17.125 78.625 -0.56263
17.125 78.875 -0.35971
17.125 79.125 -0.18361
17.125 79.375 -0.47394
17.125 79.625 -0.67953
17.125 79.875 -0.73746
17.125 80.125 -0.20008
17.125 80.375 -0.27277
17.125 80.625 -0.41919
17.125 80.875 -0.66355
17.125 81.125 -0.36969
17.125 81.375 -0.041826
17.125 81.625 -0.67218
17.125 81.875 -0.76671
17.125 82.125 -0.16345
17.125 82.375 0.034652
17.375 73.375 -0.95822
17.375 73.625 -1.0744
17.375 73.875 -0.98163
17.375 74.125 -1.0941
17.375 74.375 -0.81628
17.375 74.625 -0.68229
17.375 74.875 -0.66672
17.375 75.125 -0.80687
17.375 75.375 -0.8495
17.375 75.625 -0.70241
17.375 75.875 -0.73255
17.375 76.125 -0.71197
17.375 76.375 -0.7754
17.375 76.625 -0.85027
17.375 76.875 -0.69815
17.375 77.125 -0.69241
17.375 77.375 -0.8775
17.375 77.625 -0.70495
17.375 77.875 -0.56529
17.375 78.125 -0.65809
17.375 78.375 -0.81366
17.375 78.625 -0.77076
17.375 78.875 -0.17739
17.375 79.125 0.14004
17.375 79.375 -0.11282
17.375 79.625 -0.75594
17.375 79.875 -0.44557
17.375 80.125 -0.044273
17.375 80.375 -0.17615
17.375 80.625 -0.46019
17.375 80.875 -0.012084
17.375 81.125 -0.42003
17.375 81.375 -0.14208
17.375 81.625 -0.74053
17.375 81.875 -0.56693
17.375 82.125 0.011113
17.375 82.375 -0.37768
17.375 82.625 -0.31487
17.625 73.375 -0.79089
17.625 73.625 -1.1356
17.625 73.875 -0.77875
17.625 74.125 -0.99772
17.625 74.375 -0.91931
17.625 74.625 -0.78638
17.625 74.875 -0.7858
17.625 75.125 -0.57956
17.625 75.375 -0.67522
17.625 75.625 -0.85834
17.625 75.875 -0.73416
17.625 76.125 -0.77879
17.625 76.375 -0.66532
17.625 76.625 -0.50272
17.625 76.875 -0.54316
17.625 77.125 -0.77134
17.625 77.375 -0.91325
17.625 77.625 -0.89131
17.625 77.875 -0.73822
17.625 78.125 -0.59453
17.625 78.375 -0.35638
17.625 78.625 -0.16901
17.625 78.875 -0.50064
17.625 79.125 -0.4051
17.625 79.375 -0.81034
17.625 79.625 -0.69754
17.625 79.875 -0.51961
17.625 80.125 -0.163
17.625 80.375 -0.39686
17.625 80.625 -0.81759
17.625 80.875 0.35148
17.625 81.125 0.31539
17.625 81.375 0.6144
17.625 81.625 0.25515
17.625 81.875 0.63815
17.625 82.125 0.54211
17.625 82.375 0.0096233
17.625 82.625 0.18992
17.625 82.875 1.6451
17.625 83.125 1.8065
17.875 73.375 -0.81567
17.875 73.625 -0.61935
17.875 73.875 -0.42864
17.875 74.125 -0.87196
17.875 74.375 -0.81657
17.875 74.625 -0.70194
17.875 74.875 -0.71855
17.875 75.125 -0.71977
17.875 75.375 -0.75694
17.875 75.625 -0.8031
17.875 75.875 -0.78735
17.875 76.125 -0.76145
17.875 76.375 -0.68226
17.875 76.625 -0.65216
17.875 76.875 -0.71991
17.875 77.125 -0.4902
17.875 77.375 -0.58795
17.875 77.625 -0.4016
17.875 77.875 -0.34559
17.875 78.125 0.53786
17.875 78.375 0.22013
17.875 78.625 0.60972
17.875 78.875 -0.456
17.875 79.125 -0.5224
17.875 79.375 -0.81674
17.875 79.625 -0.91592
17.875 79.875 -0.76174
17.875 80.125 -0.52371
17.875 80.375 -1.0582
17.875 80.625 -0.81718
17.875 80.875 0.54717
17.875 81.125 0.45445
17.875 81.375 1.8261
17.875 81.625 1.6144
17.875 81.875 0.29874
17.875 82.125 -0.58634
17.875 82.375 -1.2413
17.875 82.625 0.34586
17.875 82.875 0.67743
17.875 83.125 0.19526
17.875 83.375 0.25827
18.125 73.125 -1.0399
18.125 73.375 -1.07
18.125 73.625 -0.45313
18.125 73.875 -0.3022
18.125 74.125 -0.50617
18.125 74.375 -0.71307
18.125 74.625 -0.66664
18.125 74.875 -0.70337
18.125 75.125 -0.76406
18.125 75.375 -0.81202
18.125 75.625 -0.85427
18.125 75.875 -0.76967
18.125 76.125 -0.63704
18.125 76.375 -0.65718
18.125 76.625 -0.68855
18.125 76.875 -0.73642
18.125 77.125 -0.070073
18.125 77.375 -0.24983
18.125 77.625 -0.11158
18.125 77.875 -0.3951
18.125 78.125 0.049523
18.125 78.375 -0.39859
18.125 78.625 -0.045166
18.125 78.875 -0.44881
18.125 79.125 -0.52033
18.125 79.375 -0.68945
18.125 79.625 -0.26013
18.125 79.875 -0.67789
18.125 80.125 -0.63247
18.125 80.375 -1.0322
18.125 80.625 -0.96776
18.125 80.875 0.95846
18.125 81.125 0.26732
18.125 81.375 1.7243
18.125 81.625 2.5238
18.125 81.875 2.2287
18.125 82.125 -0.38923
18.125 82.375 -0.6533
18.125 82.625 -0.43583
18.125 82.875 -0.34155
18.125 83.125 0.2054
18.125 83.375 0.34088
18.125 83.625 0.77803
18.375 73.125 -1.1559
18.375 73.375 -0.76523
18.375 73.625 -0.40321
18.375 73.875 -0.31504
18.375 74.125 -0.37115
18.375 74.375 -0.60918
18.375 74.625 -0.96879
18.375 74.875 -0.80368
18.375 75.125 -0.59545
18.375 75.375 -0.60033
18.375 75.625 -0.6481
18.375 75.875 -0.72223
18.375 76.125 -0.59491
18.375 76.375 -0.67295
18.375 76.625 -0.92643
18.375 76.875 -0.67833
18.375 77.125 -0.60042
18.375 77.375 -0.64801
18.375 77.625 -0.56768
18.375 77.875 -0.39348
18.375 78.125 -0.20394
18.375 78.375 0.41171
18.375 78.625 -0.10557
18.375 78.875 -0.65361
18.375 79.125 0.091191
18.375 79.375 -0.29097
18.375 79.625 -0.4476
18.375 79.875 -0.44908
18.375 80.125 -0.35402
18.375 80.375 0.034281
18.375 80.625 0.13171
18.375 80.875 -0.24389
18.375 81.125 0.80232
18.375 81.375 1.5385
18.375 81.625 2.3007
18.375 81.875 2.3054
18.375 82.125 1.7449
18.375 82.375 1.2919
18.375 82.625 -0.033666
18.375 82.875 -0.69289
18.375 83.125 0.21097
18.375 83.375 0.26272
18.375 83.625 0.61256
18.375 83.875 1.4455
18.625 73.125 -0.70722
18.625 73.375 -0.51081
18.625 73.625 -0.40846
18.625 73.875 -0.28965
18.625 74.125 -0.28751
18.625 74.375 -0.80926
18.625 74.625 -0.7613
18.625 74.875 -0.81371
18.625 75.125 -0.58447
18.625 75.375 -0.67397
18.625 75.625 -0.59708
18.625 75.875 -0.60755
18.625 76.125 -0.54979
18.625 76.375 -0.65128
18.625 76.625 -0.46132
18.625 76.875 -0.73936
18.625 77.125 -0.66506
18.625 77.375 -0.64147
18.625 77.625 -0.38708
18.625 77.875 -0.51113
18.625 78.125 -0.6666
18.625 78.375 -0.042652
18.625 78.625 -0.62105
18.625 78.875 -0.36965
18.625 79.125 -0.4482
18.625 79.375 -0.43398
18.625 79.625 -0.94061
18.625 79.875 -0.035361
18.625 80.125 0.26905
18.625 80.375 0.42061
18.625 80.625 0.55296
18.625 80.875 -0.17834
18.625 81.125 -0.29887
18.625 81.375 1.5836
18.625 81.625 2.503
18.625 81.875 2.7409
18.625 82.125 2.354
18.625 82.375 2.8234
18.625 82.625 2.9225
18.625 82.875 0.2773
18.625 83.125 -0.16536
18.625 83.375 0.039167
18.625 83.625 1.2014
18.625 83.875 1.515
18.625 84.125 1.2489
18.875 73.125 -0.92283
18.875 73.375 -0.82787
18.875 73.625 -0.49756
18.875 73.875 -0.26727
18.875 74.125 -0.30749
18.875 74.375 -0.98236
18.875 74.625 -0.28083
18.875 74.875 -0.57682
18.875 75.125 -0.63233
18.875 75.375 -0.66381
18.875 75.625 -0.66461
18.875 75.875 -0.7389
18.875 76.125 -0.61556
18.875 76.375 -0.70848
18.875 76.625 -0.55904
18.875 76.875 -0.6743
18.875 77.125 -0.77377
18.875 77.375 -0.8187
18.875 77.625 -0.69798
18.875 77.875 -0.56771
18.875 78.125 -0.62517
18.875 78.375 -1.214
18.875 78.625 -0.1585
18.875 78.875 0.71032
18.875 79.125 -0.042932
18.875 79.375 -0.42459
18.875 79.625 -0.86509
18.875 79.875 0.12631
18.875 80.125 0.26309
18.875 80.375 0.51778
18.875 80.625 0.88155
18.875 80.875 0.5824
18.875 81.125 0.48523
18.875 81.375 3.4617
18.875 81.625 2.7156
18.875 81.875 3.361
18.875 82.125 3.8307
18.875 82.375 3.2035
18.875 82.625 2.0141
18.875 82.875 0.90686
18.875 83.125 -0.98481
18.875 83.375 0.15318
18.875 83.625 0.93987
18.875 83.875 1.1218
18.875 84.125 0.95292
18.875 84.375 0.9459
19.125 73.125 -0.82365
19.125 73.375 -0.82212
19.125 73.625 -0.37574
19.125 73.875 -0.34411
19.125 74.125 -0.39422
19.125 74.375 -0.73682
19.125 74.625 -0.32759
19.125 74.875 -0.66408
19.125 75.125 -0.60093
19.125 75.375 -0.60905
19.125 75.625 -0.58207
19.125 75.875 -0.6743
19.125 76.125 -0.70499
19.125 76.375 -0.82383
19.125 76.625 -0.74707
19.125 76.875 -0.74688
19.125 77.125 -0.7452
19.125 77.375 -0.35366
19.125 77.625 -0.80481
19.125 77.875 -0.96429
19.125 78.125 -1.11
19.125 78.375 -1.083
19.125 78.625 -0.62931
19.125 78.875 0.23737
19.125 79.125 0.13658
19.125 79.375 -0.45484
19.125 79.625 -0.1301
19.125 79.875 -0.061423
19.125 80.125 0.049061
19.125 80.375 -0.17264
19.125 80.625 1.0257
19.125 80.875 1.4508
19.125 81.125 1.6458
19.125 81.375 3.4925
19.125 81.625 2.99
19.125 81.875 2.7122
19.125 82.125 2.923
19.125 82.375 4.6729
19.125 82.625 0.8114
19.125 82.875 1.1075
19.125 83.125 0.41558
19.125 83.375 0.097268
19.125 83.625 0.075431
19.125 83.875 0.24193
19.125 84.125 1.225
19.125 84.375 2.1483
19.125 84.625 2.7982
19.375 72.875 -1.0343
19.375 73.125 -1.1886
19.375 73.375 -0.77538
19.375 73.625 -0.45921
19.375 73.875 -0.3684
19.375 74.125 -0.4096
19.375 74.375 -0.71569
19.375 74.625 -0.7022
19.375 74.875 -0.57789
19.375 75.125 -0.46926
19.375 75.375 -0.54119
19.375 75.625 -0.55705
19.375 75.875 -0.69288
19.375 76.125 -0.75244
19.375 76.375 -0.92453
19.375 76.625 -0.95208
19.375 76.875 -1.0211
19.375 77.125 -1.0036
19.375 77.375 -0.99943
19.375 77.625 -1.0487
19.375 77.875 -0.89218
19.375 78.125 -0.80442
19.375 78.375 -0.90955
19.375 78.625 -0.78952
19.375 78.875 -0.29342
19.375 79.125 -0.3539
19.375 79.375 -0.023965
19.375 79.625 -0.33159
19.375 79.875 -0.47552
19.375 80.125 -0.34153
19.375 80.375 -0.1402
19.375 80.625 1.1331
19.375 80.875 1.7228
19.375 81.125 2.4329
19.375 81.375 3.0523
19.375 81.625 3.2666
19.375 81.875 2.7416
19.375 82.125 2.8332
19.375 82.375 1.1272
19.375 82.625 -0.11499
19.375 82.875 0.59317
19.375 83.125 0.070554
19.375 83.375 -0.049824
19.375 83.625 -0.20538
19.375 83.875 -0.19019
19.375 84.125 0.92526
19.375 84.375 0.80728
19.375 84.625 1.8698
19.375 84.875 2.2822
19.625 72.875 -0.67725
19.625 73.125 -0.8247
19.625 73.375 -0.6211
19.625 73.625 -0.42301
19.625 73.875 -0.43967
19.625 74.125 -0.43233
19.625 74.375 -0.59497
19.625 74.625 -0.83532
19.625 74.875 -0.82199
19.625 75.125 -0.7798
19.625 75.375 -0.64388
19.625 75.625 -0.74372
19.625 75.875 -0.74927
19.625 76.125 -0.77248
19.625 76.375 -0.86618
19.625 76.625 -0.83763
19.625 76.875 -0.98411
19.625 77.125 -1.0895
19.625 77.375 -0.95732
19.625 77.625 -0.92447
19.625 77.875 -0.8857
19.625 78.125 -0.98084
19.625 78.375 -0.90197
19.625 78.625 -0.27206
19.625 78.875 -0.63989
19.625 79.125 -0.99711
19.625 79.375 -1.2494
19.625 79.625 -0.83112
19.625 79.875 -0.64147
19.625 80.125 0.30114
19.625 80.375 0.90068
19.625 80.625 2.0119
19.625 80.875 1.9067
19.625 81.125 2.497
19.625 81.375 2.6481
19.625 81.625 2.8412
19.625 81.875 2.8625
19.625 82.125 2.6911
19.625 82.375 0.73402
19.625 82.625 0.57123
19.625 82.875 0.81002
19.625 83.125 0.47442
19.625 83.375 0.83145
19.625 83.625 1.1427
19.625 83.875 1.0624
19.625 84.125 0.37145
19.625 84.375 0.045459
19.625 84.625 2.5855
19.625 84.875 2.5344
19.625 85.125 1.7745
19.625 85.375 0.51231
19.875 72.875 -0.65876
19.875 73.125 -0.86921
19.875 73.375 -0.55223
19.875 73.625 -0.27544
19.875 73.875 -0.29529
19.875 74.125 -0.6305
19.875 74.375 -0.70974
19.875 74.625 -0.71343
19.875 74.875 -0.55608
19.875 75.125 -0.87864
19.875 75.375 -1.0012
19.875 75.625 -0.87887
19.875 75.875 -0.70095
19.875 76.125 -0.34544
19.875 76.375 -0.36657
19.875 76.625 -0.73206
19.875 76.875 -0.84482
19.875 77.125 -0.97172
19.875 77.375 -0.96895
19.875 77.625 -0.79904
19.875 77.875 -0.93826
19.875 78.125 -0.91455
19.875 78.375 -1.0061
19.875 78.625 -0.81099
19.875 78.875 -0.90924
19.875 79.125 -0.82157
19.875 79.375 -1.1157
19.875 79.625 -0.85427
19.875 79.875 -0.34792
19.875 80.125 1.4692
19.875 80.375 1.9661
19.875 80.625 2.0524
19.875 80.875 2.5273
19.875 81.125 2.489
19.875 81.375 1.5192
19.875 81.625 2.4451
19.875 81.875 3.1236
19.875 82.125 2.217
19.875 82.375 1.0197
19.875 82.625 1.1336
19.875 82.875 1.1541
19.875 83.125 0.60264
19.875 83.375 1.1515
19.875 83.625 2.0063
19.875 83.875 1.2112
19.875 84.125 0.35205
19.875 84.375 0.21081
19.875 84.625 3.3513
19.875 84.875 2.391
19.875 85.125 2.6216
19.875 85.375 2.1319
19.875 85.625 0.8226
19.875 85.875 0.23536
19.875 86.125 0.53469
20.125 72.875 -0.55962
20.125 73.125 -0.73802
20.125 73.375 -0.80675
20.125 73.625 0.36453
20.125 73.875 -0.16112
20.125 74.125 0.74194
20.125 74.375 -0.54531
20.125 74.625 -0.46525
20.125 74.875 -0.39519
20.125 75.125 -0.84392
20.125 75.375 -0.89142
20.125 75.625 -0.75433
20.125 75.875 -0.80513
20.125 76.125 -0.64924
20.125 76.375 -0.5828
20.125 76.625 -0.8194
20.125 76.875 -0.81096
20.125 77.125 -0.82342
20.125 77.375 -0.88001
20.125 77.625 -0.76784
20.125 77.875 -0.92274
20.125 78.125 -0.96772
20.125 78.375 -1.0189
20.125 78.625 -0.82301
20.125 78.875 -0.87959
20.125 79.125 -0.93777
20.125 79.375 -1.0379
20.125 79.625 -0.30741
20.125 79.875 0.43362
20.125 80.125 0.89979
20.125 80.375 0.61934
20.125 80.625 1.2946
20.125 80.875 1.9571
20.125 81.125 2.0251
20.125 81.375 3.0216
20.125 81.625 2.3504
20.125 81.875 3.2105
20.125 82.125 2.9377
20.125 82.375 0.75282
20.125 82.625 0.3158
20.125 82.875 -0.74343
20.125 83.125 0.45932
20.125 83.375 1.301
20.125 83.625 1.5842
20.125 83.875 1.1349
20.125 84.125 1.6543
20.125 84.375 0.92541
20.125 84.625 1.7927
20.125 84.875 1.162
20.125 85.125 1.3962
20.125 85.375 0.66989
20.125 85.625 -0.17399
20.125 85.875 0.31115
20.125 86.125 0.3486
20.125 86.375 -0.0029266
20.375 73.125 -0.5848
20.375 73.375 -0.66934
20.375 73.625 -0.60683
20.375 73.875 -0.87824
20.375 74.125 -0.7633
20.375 74.375 -0.80618
20.375 74.625 -0.7631
20.375 74.875 -0.68498
20.375 75.125 -0.31842
20.375 75.375 -0.22525
20.375 75.625 -0.50706
20.375 75.875 -0.66757
20.375 76.125 -0.67688
20.375 76.375 -0.75025
20.375 76.625 -0.75374
20.375 76.875 -0.82974
20.375 77.125 -1.0721
20.375 77.375 -1.0671
20.375 77.625 -0.91796
20.375 77.875 -0.89781
20.375 78.125 -0.90256
20.375 78.375 -0.98287
20.375 78.625 -1.0502
20.375 78.875 -0.868
20.375 79.125 -0.62956
20.375 79.375 -0.44279
20.375 79.625 0.27209
20.375 79.875 0.83268
20.375 80.125 1.0119
20.375 80.375 0.35099
20.375 80.625 1.2522
20.375 80.875 1.9464
20.375 81.125 2.7311
20.375 81.375 2.9702
20.375 81.625 1.8826
20.375 81.875 2.1612
20.375 82.125 2.094
20.375 82.375 2.5044
20.375 82.625 0.89629
20.375 82.875 0.67731
20.375 83.125 0.78053
20.375 83.375 0.68279
20.375 83.625 0.96665
20.375 83.875 1.1833
20.375 84.125 0.2552
20.375 84.375 0.12973
20.375 84.625 0.26638
20.375 84.875 0.76796
20.375 85.125 0.56007
20.375 85.375 0.84723
20.375 85.625 1.0022
20.375 85.875 1.1572
20.375 86.125 1.1424
20.375 86.375 1.0264
20.375 86.625 1.1101
20.625 73.125 -0.66669
20.625 73.375 -0.52684
20.625 73.625 -0.38268
20.625 73.875 0.22821
20.625 74.125 -0.75145
20.625 74.375 -0.64495
20.625 74.625 -0.54297
20.625 74.875 -0.35696
20.625 75.125 -0.31757
20.625 75.375 -0.52595
20.625 75.625 -0.63707
20.625 75.875 -0.72549
20.625 76.125 -0.5877
20.625 76.375 -0.67868
20.625 76.625 -0.71499
20.625 76.875 -0.86834
20.625 77.125 -0.93276
20.625 77.375 -0.87191
20.625 77.625 -0.78849
20.625 77.875 -0.8278
20.625 78.125 -0.72875
20.625 78.375 -0.6928
20.625 78.625 -0.93504
20.625 78.875 -0.76985
20.625 79.125 -0.69903
20.625 79.375 -0.82521
20.625 79.625 -0.20599
20.625 79.875 0.65959
20.625 80.125 1.4382
20.625 80.375 1.1527
20.625 80.625 2.1376
20.625 80.875 2.8591
20.625 81.125 2.7764
20.625 81.375 1.9037
20.625 81.625 1.3245
20.625 81.875 2.3046
20.625 82.125 1.4927
20.625 82.375 0.57505
20.625 82.625 -0.17626
20.625 82.875 -0.081586
20.625 83.125 -0.031073
20.625 83.375 0.21325
20.625 83.625 -0.3867
20.625 83.875 -0.45481
20.625 84.125 -0.41747
20.625 84.375 0.1946
20.625 84.625 -0.54895
20.625 84.875 -0.12151
20.625 85.125 0.44536
20.625 85.375 0.76306
20.625 85.625 -0.054521
20.625 85.875 0.93647
20.625 86.125 0.85266
20.625 86.375 1.2289
20.625 86.625 1.231
20.625 86.875 1.266
20.875 70.625 0.0035779
20.875 70.875 0.043477
20.875 71.125 -0.23409
20.875 71.375 0.52777
20.875 72.875 -0.72294
20.875 73.125 -0.87649
20.875 73.375 -0.30113
20.875 73.625 0.22499
20.875 73.875 -0.15373
20.875 74.125 -0.5706
20.875 74.375 -0.48159
20.875 74.625 -0.56353
20.875 74.875 -0.64748
20.875 75.125 -0.505
20.875 75.375 -0.60019
20.875 75.625 -0.6167
20.875 75.875 -0.65379
20.875 76.125 -0.48052
20.875 76.375 -0.66902
20.875 76.625 -0.77015
20.875 76.875 -0.76021
20.875 77.125 -0.80949
20.875 77.375 -0.78968
20.875 77.625 -0.89905
20.875 77.875 -0.69236
20.875 78.125 -0.70173
20.875 78.375 -0.77052
20.875 78.625 -1.0209
20.875 78.875 -0.68493
20.875 79.125 -0.95436
20.875 79.375 -0.73756
20.875 79.625 -0.45811
20.875 79.875 0.059378
20.875 80.125 0.40726
20.875 80.375 0.31895
20.875 80.625 1.0922
20.875 80.875 2.5229
20.875 81.125 1.5664
20.875 81.375 0.4931
20.875 81.625 1.3012
20.875 81.875 0.75392
20.875 82.125 0.20763
20.875 82.375 0.56007
20.875 82.625 -0.47708
20.875 82.875 -0.019577
20.875 83.125 -0.092749
20.875 83.375 -0.39016
20.875 83.625 -0.45103
20.875 83.875 -0.41676
20.875 84.125 -0.5615
20.875 84.375 0.22345
20.875 84.625 1.319
20.875 84.875 -0.30222
20.875 85.125 -0.11537
20.875 85.375 1.0105
20.875 85.625 0.26246
20.875 85.875 1.3746
20.875 86.125 1.128
20.875 86.375 0.1731
20.875 86.625 0.66048
21.125 70.375 -0.4058
21.125 70.625 -0.42902
21.125 70.875 -0.418
21.125 71.125 -0.18168
21.125 71.375 -0.069067
21.125 71.625 0.52986
21.125 71.875 -0.06754
21.125 72.875 -0.83142
21.125 73.125 -1.0978
21.125 73.375 0.84987
21.125 73.625 -0.60565
21.125 73.875 -0.73422
21.125 74.125 -0.81156
21.125 74.375 -0.52213
21.125 74.625 -0.48732
21.125 74.875 -0.56683
21.125 75.125 -0.62222
21.125 75.375 -0.41252
21.125 75.625 -0.23139
21.125 75.875 -0.44518
21.125 76.125 -0.47657
21.125 76.375 -1.0322
21.125 76.625 -0.91907
21.125 76.875 -0.84166
21.125 77.125 -0.83261
21.125 77.375 -0.72815
21.125 77.625 -0.78553
21.125 77.875 -0.88627
21.125 78.125 -0.93445
21.125 78.375 -1.0321
21.125 78.625 -1.0419
21.125 78.875 -0.51938
21.125 79.125 -0.64616
21.125 79.375 -0.47292
21.125 79.625 -0.10154
21.125 79.875 -0.34858
21.125 80.125 -0.34261
21.125 80.375 -0.16787
21.125 80.625 0.54754
21.125 80.875 1.6916
21.125 81.125 0.52968
21.125 81.375 0.87276
21.125 81.625 0.12154
21.125 81.875 0.27261
21.125 82.125 0.40924
21.125 82.375 0.24234
21.125 82.625 0.16855
21.125 82.875 -0.31564
21.125 83.125 -0.49949
21.125 83.375 -0.44818
21.125 83.625 -0.4269
21.125 83.875 -0.2743
21.125 84.125 0.39514
21.125 84.375 0.60858
21.125 84.625 -0.28815
21.125 84.875 0.46361
21.125 85.125 1.4181
21.125 85.375 2.0437
21.125 85.625 1.4094
21.125 85.875 0.44353
21.125 86.125 0.61337
21.125 86.375 0.58041
21.125 86.625 1.5174
21.375 70.125 -0.65508
21.375 70.375 -0.75162
21.375 70.625 -0.40319
21.375 70.875 -0.38932
21.375 71.125 -0.29459
21.375 71.375 -0.14285
21.375 71.625 0.077154
21.375 71.875 -0.18641
21.375 72.875 -0.53192
21.375 73.125 -0.059828
21.375 73.375 0.31834
21.375 73.625 -0.47689
21.375 73.875 -0.74212
21.375 74.125 -0.72564
21.375 74.375 -0.70765
21.375 74.625 -0.53272
21.375 74.875 -0.30294
21.375 75.125 -0.41878
21.375 75.375 -0.35143
21.375 75.625 -0.29565
21.375 75.875 -0.45423
21.375 76.125 -0.28417
21.375 76.375 -0.91294
21.375 76.625 -0.87846
21.375 76.875 -1.0374
21.375 77.125 -0.97728
21.375 77.375 -0.70344
21.375 77.625 -0.74764
21.375 77.875 -0.93138
21.375 78.125 -0.80026
21.375 78.375 -0.89239
21.375 78.625 -1.0636
21.375 78.875 -0.66843
21.375 79.125 -0.82068
21.375 79.375 -0.53329
21.375 79.625 0.47041
21.375 79.875 -0.18807
21.375 80.125 -0.49975
21.375 80.375 -0.40379
21.375 80.625 -0.10791
21.375 80.875 -0.40006
21.375 81.125 -0.21401
21.375 81.375 1.1138
21.375 81.625 1.0381
21.375 81.875 0.77686
21.375 82.125 -0.081731
21.375 82.375 -0.43007
21.375 82.625 -0.35789
21.375 82.875 -0.37898
21.375 83.125 -0.19611
21.375 83.375 -0.60278
21.375 83.625 -0.58785
21.375 83.875 -0.43205
21.375 84.125 -0.16105
21.375 84.375 -0.29401
21.375 84.625 -0.17989
21.375 84.875 -0.070402
21.375 85.125 1.1133
21.375 85.375 1.7122
21.375 85.625 1.5058
21.375 85.875 1.2544
21.375 86.125 1.6743
21.375 86.375 1.2007
21.375 86.625 1.8457
21.375 86.875 0.79581
21.625 69.875 -0.41458
21.625 70.125 -0.64684
21.625 70.375 -0.5208
21.625 70.625 -0.23303
21.625 70.875 -0.42515
21.625 71.125 -0.30321
21.625 71.375 0.097643
21.625 71.625 0.4891
21.625 71.875 -0.12197
21.625 72.125 -0.035344
21.625 72.875 0.12831
21.625 73.125 -0.18632
21.625 73.375 -0.24894
21.625 73.625 -0.63278
21.625 73.875 -0.84543
21.625 74.125 -0.71413
21.625 74.375 -0.74656
21.625 74.625 -0.55306
21.625 74.875 -0.057752
21.625 75.125 0.094603
21.625 75.375 -0.13754
21.625 75.625 -0.32861
21.625 75.875 -0.47874
21.625 76.125 -0.41547
21.625 76.375 -0.66923
21.625 76.625 -0.84108
21.625 76.875 -0.8726
21.625 77.125 -0.74086
21.625 77.375 -0.65395
21.625 77.625 -0.79413
21.625 77.875 -0.51263
21.625 78.125 -0.51675
21.625 78.375 -0.82828
21.625 78.625 -0.96762
21.625 78.875 -0.95291
21.625 79.125 -1.2901
21.625 79.375 -0.90766
21.625 79.625 0.023217
21.625 79.875 -0.040628
21.625 80.125 -0.16229
21.625 80.375 1.0423
21.625 80.625 -0.41695
21.625 80.875 -0.58729
21.625 81.125 -1.0086
21.625 81.375 -0.23382
21.625 81.625 0.36866
21.625 81.875 0.79627
21.625 82.125 -0.30832
21.625 82.375 -0.69943
21.625 82.625 -0.69286
21.625 82.875 -0.71224
21.625 83.125 -0.5635
21.625 83.375 -0.49019
21.625 83.625 -0.52801
21.625 83.875 -0.54903
21.625 84.125 -0.48984
21.625 84.375 -0.10077
21.625 84.625 0.36119
21.625 84.875 0.68377
21.625 85.125 0.54673
21.625 85.375 1.9678
21.625 85.625 2.0584
21.625 85.875 2.6807
21.625 86.125 1.744
21.625 86.375 2.1984
21.625 86.625 1.569
21.625 86.875 0.43974
21.625 87.125 0.25068
21.625 87.375 0.46921
21.875 69.375 -0.38396
21.875 69.625 -0.33749
21.875 69.875 -0.42378
21.875 70.125 -0.5167
21.875 70.375 -0.34114
21.875 70.625 -0.04701
21.875 70.875 -0.28913
21.875 71.125 -0.41125
21.875 71.375 -0.11996
21.875 71.625 0.47216
21.875 71.875 -0.24985
21.875 72.125 -0.35502
21.875 72.625 -0.91497
21.875 72.875 -0.48386
21.875 73.125 -0.45852
21.875 73.375 -0.56772
21.875 73.625 -0.58834
21.875 73.875 -0.93466
21.875 74.125 -1.0979
21.875 74.375 -0.898
21.875 74.625 -0.56493
21.875 74.875 -0.4542
21.875 75.125 -0.451
21.875 75.375 -0.35097
21.875 75.625 -0.27739
21.875 75.875 -0.50367
21.875 76.125 -0.46702
21.875 76.375 -0.43333
21.875 76.625 -0.52736
21.875 76.875 -0.60312
21.875 77.125 -0.6526
21.875 77.375 -0.47741
21.875 77.625 -0.65635
21.875 77.875 -0.73238
21.875 78.125 -0.57058
21.875 78.375 -0.37604
21.875 78.625 -0.71836
21.875 78.875 -0.71754
21.875 79.125 -0.92383
21.875 79.375 -0.85577
21.875 79.625 -0.24721
21.875 79.875 0.11495
21.875 80.125 1.2204
21.875 80.375 2.0411
21.875 80.625 1.0245
21.875 80.875 0.010021
21.875 81.125 -0.77703
21.875 81.375 -0.50466
21.875 81.625 -0.27083
21.875 81.875 -0.50512
21.875 82.125 -0.43039
21.875 82.375 -0.37522
21.875 82.625 -0.59045
21.875 82.875 -1.0322
21.875 83.125 -0.7196
21.875 83.375 -0.57912
21.875 83.625 -0.50725
21.875 83.875 0.6091
21.875 84.125 0.094056
21.875 84.375 -0.027847
21.875 84.625 0.56123
21.875 84.875 0.90567
21.875 85.125 0.67397
21.875 85.375 0.85653
21.875 85.625 1.6011
21.875 85.875 3.4094
21.875 86.125 3.4628
21.875 86.375 2.211
21.875 86.625 1.8022
21.875 86.875 1.0148
21.875 87.125 0.44346
21.875 87.375 0.27224
21.875 87.625 0.90081
21.875 87.875 0.88505
21.875 88.375 0.21551
21.875 88.625 0.26003
21.875 88.875 0.18413
22.125 69.125 -0.36609
22.125 69.375 -0.47015
22.125 69.625 -0.37954
22.125 69.875 -0.42341
22.125 70.125 -0.41888
22.125 70.375 -0.44295
22.125 70.625 -0.48598
22.125 70.875 -0.19056
22.125 71.125 -0.40824
22.125 71.375 -0.15807
22.125 71.625 0.11983
22.125 71.875 -0.45826
22.125 72.125 -0.39021
22.125 72.625 -0.016258
22.125 72.875 -0.56676
22.125 73.125 -0.79577
22.125 73.375 -0.58999
22.125 73.625 -0.68727
22.125 73.875 -0.76631
22.125 74.125 -0.71041
22.125 74.375 -0.73403
22.125 74.625 -0.77057
22.125 74.875 -0.57545
22.125 75.125 -0.47012
22.125 75.375 -0.69948
22.125 75.625 -0.62795
22.125 75.875 -0.57908
22.125 76.125 -0.66968
22.125 76.375 -0.55743
22.125 76.625 -0.61856
22.125 76.875 -0.70194
22.125 77.125 -0.65718
22.125 77.375 -0.67976
22.125 77.625 -0.77228
22.125 77.875 -0.55133
22.125 78.125 -0.47081
22.125 78.375 -0.65555
22.125 78.625 -0.34728
22.125 78.875 -0.47318
22.125 79.125 -0.45915
22.125 79.375 -0.63751
22.125 79.625 -0.27573
22.125 79.875 0.255
22.125 80.125 0.86865
22.125 80.375 1.669
22.125 80.625 1.075
22.125 80.875 0.043457
22.125 81.125 -0.89218
22.125 81.375 1.5141
22.125 81.625 -0.42921
22.125 81.875 -0.038736
22.125 82.125 -0.35907
22.125 82.375 -0.34242
22.125 82.625 -0.87486
22.125 82.875 -1.0976
22.125 83.125 -1.0351
22.125 83.375 -0.73685
22.125 83.625 -0.61272
22.125 83.875 -0.032941
22.125 84.125 -0.046038
22.125 84.375 0.0050664
22.125 84.625 -0.047382
22.125 84.875 0.97307
22.125 85.125 0.73914
22.125 85.375 0.9683
22.125 85.625 1.4625
22.125 85.875 2.7162
22.125 86.125 4.4242
22.125 86.375 4.1928
22.125 86.625 0.20114
22.125 86.875 0.36408
22.125 87.125 0.54395
22.125 87.375 0.22938
22.125 87.625 0.41018
22.125 87.875 0.81311
22.125 88.125 0.22666
22.125 88.375 0.23594
22.125 92.875 1.285
22.375 69.125 -0.12803
22.375 69.875 -0.25768
22.375 70.125 -0.46902
22.375 70.375 -0.6297
22.375 70.625 -0.36417
22.375 70.875 -0.25702
22.375 71.125 -0.15751
22.375 71.375 -0.16851
22.375 71.625 -0.4422
22.375 71.875 -0.28562
22.375 72.125 0.35276
22.375 72.625 0.69394
22.375 72.875 -0.58969
22.375 73.125 -0.53549
22.375 73.375 -0.54465
22.375 73.625 -0.49546
22.375 73.875 -0.56335
22.375 74.125 -0.86165
22.375 74.375 -0.72641
22.375 74.625 -0.82279
22.375 74.875 -0.82304
22.375 75.125 -0.75394
22.375 75.375 -0.72865
22.375 75.625 -0.8681
22.375 75.875 -0.51758
22.375 76.125 -0.6454
22.375 76.375 -0.86383
22.375 76.625 -0.5665
22.375 76.875 -0.69984
22.375 77.125 -0.61614
22.375 77.375 -0.73068
22.375 77.625 -0.74769
22.375 77.875 -0.088692
22.375 78.125 0.0090254
22.375 78.375 -0.16904
22.375 78.625 -0.34948
22.375 78.875 -0.095432
22.375 79.125 -0.08177
22.375 79.375 -0.017406
22.375 79.625 0.085997
22.375 79.875 0.46737
22.375 80.125 1.1924
22.375 80.375 1.7961
22.375 80.625 0.92802
22.375 80.875 0.52197
22.375 81.125 0.22494
22.375 81.375 0.94636
22.375 81.625 -0.1357
22.375 81.875 0.24179
22.375 82.125 -0.7138
22.375 82.375 -0.52637
22.375 82.625 -0.85627
22.375 82.875 -1.1346
22.375 83.125 -1.3042
22.375 83.375 -1.279
22.375 83.625 -1.111
22.375 83.875 -0.56365
22.375 84.125 -0.58799
22.375 84.375 -0.33713
22.375 84.625 0.2644
22.375 84.875 1.0695
22.375 85.125 0.8247
22.375 85.375 1.1039
22.375 85.625 0.80455
22.375 85.875 1.4922
22.375 86.125 2.6022
22.375 86.375 0.39285
22.375 86.625 -0.15009
22.375 86.875 0.66526
22.375 87.125 0.60836
22.375 87.375 -0.10819
22.375 87.625 0.0082741
22.375 87.875 1.4342
22.375 88.125 0.41789
22.375 88.375 0.15479
22.375 88.625 0.13618
22.375 88.875 0.086151
22.375 92.875 0.99735
22.625 70.375 -0.18064
22.625 70.625 -0.13088
22.625 70.875 -0.26467
22.625 71.125 -0.27994
22.625 71.375 -0.26897
22.625 71.625 -0.2796
22.625 71.875 -0.45638
22.625 72.125 -0.060917
22.625 72.375 0.86197
22.625 72.625 1.2372
22.625 72.875 -0.43292
22.625 73.125 -0.50517
22.625 73.375 -0.29436
22.625 73.625 -0.53677
22.625 73.875 -0.50903
22.625 74.125 -0.50901
22.625 74.375 -0.68245
22.625 74.625 -0.73729
22.625 74.875 -0.80062
22.625 75.125 -0.8068
22.625 75.375 -0.67391
22.625 75.625 -0.78089
22.625 75.875 -0.72693
22.625 76.125 -0.71972
22.625 76.375 -0.86456
22.625 76.625 -0.60393
22.625 76.875 -0.28284
22.625 77.125 -0.43969
22.625 77.375 -0.79737
22.625 77.625 -0.75727
22.625 77.875 -0.080354
22.625 78.125 0.25767
22.625 78.375 0.2019
22.625 78.625 0.37252
22.625 78.875 0.031391
22.625 79.125 0.08729
22.625 79.375 0.16027
22.625 79.625 0.27083
22.625 79.875 0.50952
22.625 80.125 0.51166
22.625 80.375 0.17245
22.625 80.625 -0.25368
22.625 80.875 -0.30427
22.625 81.125 -0.050517
22.625 81.375 0.2998
22.625 81.625 -0.41675
22.625 81.875 -0.087743
22.625 82.125 -0.75248
22.625 82.375 -0.56838
22.625 82.625 -0.78163
22.625 82.875 -1.3912
22.625 83.125 -1.4533
22.625 83.375 -0.98484
22.625 83.625 -0.61706
22.625 83.875 -1.0389
22.625 84.125 -0.79909
22.625 84.375 -0.10102
22.625 84.625 0.70011
22.625 84.875 1.2257
22.625 85.125 0.91942
22.625 85.375 1.0505
22.625 85.625 1.3317
22.625 85.875 1.3613
22.625 86.125 1.6013
22.625 86.375 0.014571
22.625 86.625 -0.40207
22.625 86.875 0.16253
22.625 87.125 0.22963
22.625 87.375 -0.06033
22.625 87.625 0.22449
22.625 87.875 1.6764
22.625 88.125 1.1201
22.625 88.375 0.15865
22.625 88.625 0.15926
22.625 88.875 0.059264
22.625 92.625 0.14794
22.625 92.875 0.90361
22.875 69.375 0.32409
22.875 69.625 0.31946
22.875 69.875 0.23924
22.875 70.625 0.24817
22.875 70.875 -0.090185
22.875 71.125 -0.27304
22.875 71.375 -0.26385
22.875 71.625 -0.27122
22.875 71.875 -0.4164
22.875 72.125 -0.47393
22.875 72.375 0.18343
22.875 72.625 0.2458
22.875 72.875 -0.3335
22.875 73.125 -0.01535
22.875 73.375 -0.41174
22.875 73.625 -0.5794
22.875 73.875 -0.66398
22.875 74.125 -0.6399
22.875 74.375 -0.77953
22.875 74.625 -0.80511
22.875 74.875 -0.67452
22.875 75.125 -0.77773
22.875 75.375 -0.54078
22.875 75.625 -0.60502
22.875 75.875 -0.70963
22.875 76.125 -0.65397
22.875 76.375 -0.84204
22.875 76.625 -0.63714
22.875 76.875 -0.68135
22.875 77.125 -0.19536
22.875 77.375 -1.0874
22.875 77.625 -0.69271
22.875 77.875 -0.36475
22.875 78.125 -0.011864
22.875 78.375 0.38123
22.875 78.625 0.50427
22.875 78.875 0.35552
22.875 79.125 0.066135
22.875 79.375 -0.19736
22.875 79.625 -0.16008
22.875 79.875 0.22809
22.875 80.125 0.4216
22.875 80.375 -0.10709
22.875 80.625 -0.36496
22.875 80.875 -0.05317
22.875 81.125 -0.087242
22.875 81.375 -0.64484
22.875 81.625 -0.70341
22.875 81.875 -0.21812
22.875 82.125 -0.4793
22.875 82.375 -0.2898
22.875 82.625 -0.47661
22.875 82.875 -0.83585
22.875 83.125 -1.4302
22.875 83.375 -0.72874
22.875 83.625 -0.12207
22.875 83.875 -0.80816
22.875 84.125 -1.1096
22.875 84.375 -0.37879
22.875 84.625 0.97776
22.875 84.875 0.6269
22.875 85.125 1.3837
22.875 85.375 2.2788
22.875 85.625 1.3401
22.875 85.875 0.49478
22.875 86.125 0.52958
22.875 86.375 1.0073
22.875 86.625 0.69794
22.875 86.875 0.66011
22.875 87.125 0.29464
22.875 87.375 -0.011622
22.875 87.625 0.031238
22.875 87.875 -0.14704
22.875 88.125 0.042356
22.875 88.375 0.11361
22.875 88.625 0.27021
22.875 92.625 0.20114
22.875 92.875 0.56127
23.125 68.875 0.175
23.125 69.125 -0.12527
23.125 69.375 0.13797
23.125 69.625 0.36524
23.125 69.875 0.52132
23.125 70.125 -0.11578
23.125 70.875 -0.086345
23.125 71.125 -0.091359
23.125 71.375 -0.010695
23.125 71.625 -0.1506
23.125 71.875 -0.22034
23.125 72.125 0.50476
23.125 72.375 -0.30042
23.125 72.625 -0.090748
23.125 72.875 -0.33089
23.125 73.125 -0.50053
23.125 73.375 -0.36763
23.125 73.625 -0.45211
23.125 73.875 -0.6517
23.125 74.125 -0.81482
23.125 74.375 -0.84944
23.125 74.625 -0.94478
23.125 74.875 -0.72831
23.125 75.125 -0.73743
23.125 75.375 -0.76659
23.125 75.625 -0.76263
23.125 75.875 -0.69602
23.125 76.125 -0.58783
23.125 76.375 -0.23524
23.125 76.625 -0.33917
23.125 76.875 -0.30614
23.125 77.125 0.0020758
23.125 77.375 -0.52453
23.125 77.625 -0.54551
23.125 77.875 -0.36254
23.125 78.125 -0.37843
23.125 78.375 0.013074
23.125 78.625 -0.2414
23.125 78.875 -0.035918
23.125 79.125 0.048592
23.125 79.375 0.26609
23.125 79.625 -0.39968
23.125 79.875 -0.019421
23.125 80.125 -0.017394
23.125 80.375 -0.31832
23.125 80.625 0.58275
23.125 80.875 1.3852
23.125 81.125 1.5746
23.125 81.375 1.5141
23.125 81.625 0.47647
23.125 81.875 -0.26778
23.125 82.125 -0.30238
23.125 82.375 -0.2541
23.125 82.625 0.18448
23.125 82.875 -0.034819
23.125 83.125 0.60489
23.125 83.375 1.3745
23.125 83.625 2.1173
23.125 83.875 0.90523
23.125 84.125 -0.60272
23.125 84.375 -0.17303
23.125 84.625 -0.55443
23.125 84.875 0.45041
23.125 85.125 0.66881
23.125 85.375 2.0118
23.125 85.625 1.108
23.125 85.875 -0.42515
23.125 86.125 -0.24801
23.125 86.375 1.1557
23.125 86.625 0.84206
23.125 86.875 2.0691
23.125 87.125 0.74782
23.125 87.375 -0.05195
23.125 87.625 -0.34615
23.125 87.875 -0.68451
23.125 88.125 -0.46544
23.125 88.375 -0.086873
23.125 88.625 0.13635
23.125 91.625 -0.35207
23.125 92.625 -0.13787
23.125 92.875 -0.21973
23.125 93.125 -0.25708
23.375 68.875 0.01819
23.375 69.125 -0.042932
23.375 69.375 0.049449
23.375 69.625 0.5438
23.375 69.875 0.43742
23.375 70.125 -0.0048271
23.375 70.375 -0.12707
23.375 70.625 -0.021997
23.375 70.875 0.16872
23.375 71.125 0.35236
23.375 71.375 -0.068137
23.375 71.625 0.028111
23.375 71.875 0.21765
23.375 72.125 -0.1316
23.375 72.375 -0.24226
23.375 72.625 -0.25639
23.375 72.875 -0.23147
23.375 73.125 -0.23891
23.375 73.375 -0.49711
23.375 73.625 -0.55542
23.375 73.875 -0.62694
23.375 74.125 -0.76287
23.375 74.375 -0.67684
23.375 74.625 -0.80417
23.375 74.875 -0.65198
23.375 75.125 -0.64735
23.375 75.375 -0.56472
23.375 75.625 -0.73101
23.375 75.875 -0.49104
23.375 76.125 0.44992
23.375 76.375 0.32863
23.375 76.625 -0.35227
23.375 76.875 -0.67752
23.375 77.125 -0.21159
23.375 77.375 -0.38199
23.375 77.625 -0.4815
23.375 77.875 -0.26218
23.375 78.125 -0.20642
23.375 78.375 -0.22618
23.375 78.625 -0.26294
23.375 78.875 0.39905
23.375 79.125 0.12985
23.375 79.375 0.16504
23.375 79.625 0.48523
23.375 79.875 0.26338
23.375 80.125 -0.0072751
23.375 80.375 0.73101
23.375 80.625 1.4451
23.375 80.875 1.3868
23.375 81.125 1.1139
23.375 81.375 0.81586
23.375 81.625 0.23396
23.375 81.875 -0.059506
23.375 82.125 0.65825
23.375 82.375 0.59439
23.375 82.625 0.29801
23.375 82.875 0.29294
23.375 83.125 0.78817
23.375 83.375 1.3126
23.375 83.625 2.1808
23.375 83.875 1.4538
23.375 84.125 -0.87628
23.375 84.375 -0.21667
23.375 84.625 -0.53012
23.375 84.875 0.45433
23.375 85.125 1.5412
23.375 85.375 1.6982
23.375 85.625 1.8733
23.375 85.875 0.1527
23.375 86.125 -0.64601
23.375 86.375 0.68283
23.375 86.625 1.6819
23.375 86.875 2.1489
23.375 87.125 1.0779
23.375 87.375 0.54382
23.375 87.625 -0.79401
23.375 87.875 -0.70251
23.375 88.125 -0.58723
23.375 88.375 -0.46183
23.375 88.625 -0.24333
23.375 91.375 -1.055
23.375 91.625 -0.43045
23.375 92.625 -0.053155
23.375 92.875 -0.30132
23.375 93.125 -0.77887
23.625 68.625 -0.063568
23.625 68.875 -0.056775
23.625 69.125 -0.1921
23.625 69.375 -0.12041
23.625 69.625 0.027454
23.625 69.875 -0.074023
23.625 70.125 -0.070933
23.625 70.375 -0.11675
23.625 70.625 0.11713
23.625 70.875 0.51349
23.625 71.125 0.37287
23.625 71.375 0.4983
23.625 71.625 -0.29632
23.625 71.875 -0.28008
23.625 72.125 -0.31794
23.625 72.375 -0.26483
23.625 72.625 -0.29861
23.625 72.875 -0.43611
23.625 73.125 -0.52635
23.625 73.375 -0.52215
23.625 73.625 -0.50875
23.625 73.875 -0.38936
23.625 74.125 0.25987
23.625 74.375 0.1097
23.625 74.625 -0.60633
23.625 74.875 -0.65004
23.625 75.125 -0.63472
23.625 75.375 -0.06883
23.625 75.625 -0.099016
23.625 75.875 0.73223
23.625 76.125 1.0531
23.625 76.375 0.56146
23.625 76.625 -0.38208
23.625 76.875 -0.87892
23.625 77.125 -0.34166
23.625 77.375 -0.32864
23.625 77.625 -0.33657
23.625 77.875 -0.16718
23.625 78.125 -0.16889
23.625 78.375 0.0056417
23.625 78.625 0.41518
23.625 78.875 0.37919
23.625 79.125 0.4478
23.625 79.375 0.32567
23.625 79.625 0.38918
23.625 79.875 0.76561
23.625 80.125 0.17572
23.625 80.375 1.0215
23.625 80.625 2.226
23.625 80.875 2.1882
23.625 81.125 0.71445
23.625 81.375 0.75231
23.625 81.625 0.89953
23.625 81.875 0.93884
23.625 82.125 0.69852
23.625 82.375 1.0943
23.625 82.625 0.90946
23.625 82.875 0.7589
23.625 83.125 0.87839
23.625 83.375 0.7387
23.625 83.625 1.0032
23.625 83.875 0.2818
23.625 84.125 0.62454
23.625 84.375 0.43403
23.625 84.625 0.67471
23.625 84.875 0.60662
23.625 85.125 1.0125
23.625 85.375 1.4521
23.625 85.625 1.375
23.625 85.875 3.5028
23.625 86.125 -1.2107
23.625 86.375 0.89453
23.625 86.625 1.6142
23.625 86.875 0.10192
23.625 87.125 0.44043
23.625 87.375 -0.83539
23.625 87.625 0.33755
23.625 87.875 -0.80729
23.625 88.125 -0.66507
23.625 88.375 -0.55921
23.625 91.375 -0.61126
23.625 91.625 -0.46739
23.625 91.875 0.44227
23.625 92.375 -0.3435
23.625 92.625 -0.10567
23.625 92.875 -0.37675
23.625 93.125 -1.1012
23.875 68.875 -0.11622
23.875 69.125 -0.12201
23.875 69.375 -0.081359
23.875 69.625 0.008119
23.875 69.875 0.0054598
23.875 70.125 -0.023262
23.875 70.375 -0.14039
23.875 70.625 -0.18169
23.875 70.875 -0.088203
23.875 71.125 -0.16593
23.875 71.375 0.32908
23.875 71.625 0.48659
23.875 71.875 -0.32732
23.875 72.125 -0.33091
23.875 72.375 -0.25331
23.875 72.625 -0.38337
23.875 72.875 -0.47243
23.875 73.125 -0.39178
23.875 73.375 -0.11005
23.875 73.625 -0.034136
23.875 73.875 0.042733
23.875 74.125 -0.31182
23.875 74.375 -0.13932
23.875 74.625 -0.24856
23.875 74.875 -0.26669
23.875 75.125 -0.35664
23.875 75.375 0.24007
23.875 75.625 -0.2403
23.875 75.875 0.60927
23.875 76.125 1.2746
23.875 76.375 0.89259
23.875 76.625 0.01493
23.875 76.875 0.61226
23.875 77.125 0.61096
23.875 77.375 -0.20319
23.875 77.625 -0.11144
23.875 77.875 0.35652
23.875 78.125 0.52284
23.875 78.375 0.63161
23.875 78.625 0.57137
23.875 78.875 0.57253
23.875 79.125 0.85638
23.875 79.375 0.84333
23.875 79.625 0.54982
23.875 79.875 0.91577
23.875 80.125 1.3728
23.875 80.375 0.72106
23.875 80.625 1.4293
23.875 80.875 1.2645
23.875 81.125 0.69233
23.875 81.375 0.80816
23.875 81.625 0.66219
23.875 81.875 1.1168
23.875 82.125 1.0417
23.875 82.375 1.2415
23.875 82.625 1.4116
23.875 82.875 1.3173
23.875 83.125 0.90326
23.875 83.375 0.27145
23.875 83.625 0.82465
23.875 83.875 0.67726
23.875 84.125 0.2928
23.875 84.375 -0.0022636
23.875 84.625 -0.39023
23.875 84.875 -0.10857
23.875 85.125 -0.95582
23.875 85.375 -0.31778
23.875 85.625 0.59499
23.875 85.875 -0.2448
23.875 86.125 -0.20838
23.875 86.375 1.8422
23.875 86.625 0.52325
23.875 86.875 -0.030841
23.875 87.125 0.39866
23.875 87.375 -0.3089
23.875 87.625 -0.19049
23.875 87.875 -0.50772
23.875 88.125 -0.75052
23.875 88.375 -0.74471
23.875 91.375 -0.17643
23.875 91.625 -0.29727
23.875 91.875 0.57566
23.875 92.125 0.8884
23.875 92.375 0.023513
23.875 92.625 -0.11784
23.875 92.875 -0.91391
23.875 93.125 -1.5421
23.875 93.375 -1.4118
24.125 68.875 -0.075903
24.125 69.125 -0.099623
24.125 69.375 0.14325
24.125 69.625 0.19655
24.125 69.875 -0.050645
24.125 70.125 -0.1007
24.125 70.375 -0.11474
24.125 70.625 -0.23545
24.125 70.875 -0.26567
24.125 71.125 -0.30485
24.125 71.375 -0.48455
24.125 71.625 -0.37209
24.125 71.875 -0.45488
24.125 72.125 -0.36919
24.125 72.375 -0.29789
24.125 72.625 -0.11817
24.125 72.875 -0.27926
24.125 73.125 -0.33105
24.125 73.375 -0.43392
24.125 73.625 0.050383
24.125 73.875 -0.15524
24.125 74.125 -0.27712
24.125 74.375 -0.27623
24.125 74.625 0.25017
24.125 74.875 -0.13922
24.125 75.125 -0.56994
24.125 75.375 0.30846
24.125 75.625 0.13287
24.125 75.875 0.064091
24.125 76.125 -0.021318
24.125 76.375 0.73679
24.125 76.625 1.202
24.125 76.875 0.86454
24.125 77.125 0.23611
24.125 77.375 -0.092805
24.125 77.625 -0.12825
24.125 77.875 0.31355
24.125 78.125 1.3609
24.125 78.375 1.4671
24.125 78.625 0.42608
24.125 78.875 0.16504
24.125 79.125 0.40197
24.125 79.375 0.95225
24.125 79.625 0.46387
24.125 79.875 1.2674
24.125 80.125 1.4049
24.125 80.375 0.97013
24.125 80.625 2.0152
24.125 80.875 1.6295
24.125 81.125 0.21472
24.125 81.375 0.57652
24.125 81.625 1.0106
24.125 81.875 0.96905
24.125 82.125 1.1835
24.125 82.375 1.2964
24.125 82.625 1.0838
24.125 82.875 0.15687
24.125 83.125 0.46163
24.125 83.375 -0.57507
24.125 83.625 -0.64905
24.125 83.875 0.15692
24.125 84.125 0.37325
24.125 84.375 0.24695
24.125 84.625 -0.17185
24.125 84.875 -0.32525
24.125 85.125 -1.0021
24.125 85.375 -0.69044
24.125 85.625 -0.7783
24.125 85.875 -0.18876
24.125 86.125 0.17134
24.125 86.375 -0.20645
24.125 86.625 0.26711
24.125 86.875 -0.097676
24.125 87.125 -0.11555
24.125 87.375 0.28382
24.125 87.625 -0.24342
24.125 87.875 -0.32441
24.125 88.125 -0.59179
24.125 88.375 -0.64702
24.125 91.875 0.30113
24.125 92.125 0.15766
24.125 92.375 0.070384
24.125 92.625 -0.39017
24.125 92.875 -0.73817
24.125 93.125 -1.6797
24.125 93.375 -0.90284
24.125 93.625 -0.76578
24.125 93.875 -0.85324
24.125 94.125 -0.69261
24.375 71.375 -0.58212
24.375 71.625 -0.55629
24.375 71.875 -0.47749
24.375 72.125 -0.42655
24.375 72.375 -0.42268
24.375 72.625 -0.24322
24.375 72.875 -0.37513
24.375 73.125 -0.33486
24.375 73.375 -0.38861
24.375 73.625 -0.53593
24.375 73.875 -0.42572
24.375 74.125 -0.44503
24.375 74.375 -0.30483
24.375 74.625 -0.42635
24.375 74.875 -0.52459
24.375 75.125 -0.5282
24.375 75.375 0.073399
24.375 75.625 0.37879
24.375 75.875 1.0561
24.375 76.125 -0.74857
24.375 76.375 -0.07143
24.375 76.625 0.45714
24.375 76.875 0.59409
24.375 77.125 0.27791
24.375 77.375 0.10086
24.375 77.625 0.23891
24.375 77.875 0.81678
24.375 78.125 1.8872
24.375 78.375 1.615
24.375 78.625 -0.0063348
24.375 78.875 0.46093
24.375 79.125 0.51823
24.375 79.375 0.72675
24.375 79.625 1.0835
24.375 79.875 1.4157
24.375 80.125 1.3689
24.375 80.375 1.8891
24.375 80.625 2.6453
24.375 80.875 1.4499
24.375 81.125 0.54555
24.375 81.375 0.41512
24.375 81.625 1.1079
24.375 81.875 1.4572
24.375 82.125 1.086
24.375 82.375 1.0277
24.375 82.625 1.1401
24.375 82.875 1.2787
24.375 83.125 0.57973
24.375 83.375 0.24989
24.375 83.625 -0.4701
24.375 83.875 -0.15131
24.375 84.125 0.51578
24.375 84.375 1.1752
24.375 84.625 0.42608
24.375 84.875 0.24258
24.375 85.125 0.37371
24.375 85.375 -0.31566
24.375 85.625 -0.62204
24.375 85.875 -0.80868
24.375 86.125 -0.78389
24.375 86.375 -0.72893
24.375 86.625 0.242
24.375 86.875 -0.10264
24.375 87.125 -0.32538
24.375 87.375 -0.97743
24.375 87.625 -0.63928
24.375 87.875 -0.74835
24.375 88.125 -0.74441
24.375 92.375 -0.24166
24.375 92.625 -0.51464
24.375 92.875 -0.9216
24.375 93.125 -1.6609
24.375 93.375 -1.1176
24.375 93.625 -1.0197
24.375 93.875 -0.81451
24.375 94.125 -0.53291
24.625 71.125 -0.75866
24.625 71.375 -0.71726
24.625 71.625 -0.56916
24.625 71.875 -0.77974
24.625 72.125 -0.47202
24.625 72.375 -0.46128
24.625 72.625 -0.38286
24.625 72.875 -0.33992
24.625 73.125 -0.35859
24.625 73.375 -0.32843
24.625 73.625 -0.68069
24.625 73.875 -0.51442
24.625 74.125 -0.6223
24.625 74.375 -0.51681
24.625 74.625 -0.37272
24.625 74.875 -0.55475
24.625 75.125 -0.72275
24.625 75.375 -0.52123
24.625 75.625 -0.39505
24.625 75.875 -0.22846
24.625 76.125 -0.42523
24.625 76.375 -0.020486
24.625 76.625 0.067485
24.625 76.875 0.40871
24.625 77.125 0.74217
24.625 77.375 0.48994
24.625 77.625 0.051993
24.625 77.875 1.0462
24.625 78.125 1.9806
24.625 78.375 1.2599
24.625 78.625 0.39982
24.625 78.875 0.51626
24.625 79.125 0.76574
24.625 79.375 1.1668
24.625 79.625 1.5726
24.625 79.875 1.2608
24.625 80.125 1.522
24.625 80.375 2.3635
24.625 80.625 3.2621
24.625 80.875 -0.015374
24.625 81.125 -0.0061773
24.625 81.375 2.0924
24.625 81.625 1.4859
24.625 81.875 1.4279
24.625 82.125 -0.076525
24.625 82.375 0.6393
24.625 82.625 1.7051
24.625 82.875 1.3749
24.625 83.125 0.23648
24.625 83.375 -0.10023
24.625 83.625 0.52418
24.625 83.875 -0.41264
24.625 84.125 1.4227
24.625 84.375 1.2946
24.625 84.625 -0.77607
24.625 84.875 -0.44776
24.625 85.125 -0.42557
24.625 85.375 -0.16943
24.625 85.625 -1.2987
24.625 85.875 -0.71425
24.625 86.125 -0.88429
24.625 86.375 -0.22045
24.625 86.625 1.3838
24.625 86.875 -0.20228
24.625 87.125 -1.1724
24.625 87.375 -1.0351
24.625 87.625 -0.74073
24.625 87.875 -0.65223
24.625 92.375 -0.61682
24.625 92.625 -0.91473
24.625 92.875 -1.3058
24.625 93.125 -0.92143
24.625 93.375 -0.8317
24.625 93.625 -1.1141
24.625 93.875 -0.5517
24.625 94.125 -0.43906
24.625 94.375 -0.205
24.875 71.125 -0.67794
24.875 71.375 -0.71676
24.875 71.625 -0.73367
24.875 71.875 -0.73725
24.875 72.125 -0.67162
24.875 72.375 -0.44287
24.875 72.625 -0.33103
24.875 72.875 -0.28249
24.875 73.125 -0.4677
24.875 73.375 -0.57982
24.875 73.625 -0.71087
24.875 73.875 -0.43703
24.875 74.125 -0.40972
24.875 74.375 -0.52659
24.875 74.625 -0.32828
24.875 74.875 -0.60273
24.875 75.125 -0.81627
24.875 75.375 -0.80215
24.875 75.625 -0.57715
24.875 75.875 -0.45734
24.875 76.125 -0.57047
24.875 76.375 -0.17736
24.875 76.625 0.56381
24.875 76.875 1.2691
24.875 77.125 1.56
24.875 77.375 1.3468
24.875 77.625 0.48456
24.875 77.875 0.80883
24.875 78.125 1.4107
24.875 78.375 0.57493
24.875 78.625 0.089967
24.875 78.875 2.3882
24.875 79.125 1.8202
24.875 79.375 2.2273
24.875 79.625 1.9914
24.875 79.875 1.8805
24.875 80.125 1.6672
24.875 80.375 2.3746
24.875 80.625 2.829
24.875 80.875 0.69358
24.875 81.125 0.64375
24.875 81.375 0.58166
24.875 81.625 1.3878
24.875 81.875 0.58979
24.875 82.125 -0.025835
24.875 82.375 -0.39475
24.875 82.625 0.56564
24.875 82.875 -0.47038
24.875 83.125 -0.54788
24.875 83.375 -0.48361
24.875 83.625 0.3319
24.875 83.875 -0.33142
24.875 84.125 0.046575
24.875 84.375 -0.80346
24.875 84.625 -0.90174
24.875 84.875 -0.86919
24.875 85.125 -0.29946
24.875 85.375 -0.64025
24.875 85.625 -0.31006
24.875 85.875 -0.22656
24.875 86.125 -0.70786
24.875 86.375 0.24033
24.875 86.625 0.48493
24.875 86.875 -0.93289
24.875 87.125 -1.048
24.875 87.375 -0.87206
24.875 87.625 -0.52371
24.875 87.875 -0.59757
24.875 88.125 -0.72711
24.875 92.625 -0.88651
24.875 92.875 -0.75185
24.875 93.125 -0.51148
24.875 93.375 -1.1642
24.875 93.625 -0.61608
24.875 93.875 -0.38783
24.875 94.125 -0.56458
24.875 94.375 -0.35407
25.125 71.125 -0.68357
25.125 71.375 -0.65809
25.125 71.625 -0.6674
25.125 71.875 -0.70404
25.125 72.125 -0.53985
25.125 72.375 -0.041524
25.125 72.625 -0.13688
25.125 72.875 -0.24386
25.125 73.125 -0.31146
25.125 73.375 -0.3864
25.125 73.625 -0.55957
25.125 73.875 -0.53928
25.125 74.125 -0.49372
25.125 74.375 -0.62983
25.125 74.625 -0.50085
25.125 74.875 -0.45394
25.125 75.125 -0.76281
25.125 75.375 -0.24006
25.125 75.625 -0.33309
25.125 75.875 -0.60945
25.125 76.125 -0.65535
25.125 76.375 -0.40887
25.125 76.625 1.0557
25.125 76.875 1.247
25.125 77.125 1.3573
25.125 77.375 1.347
25.125 77.625 1.9396
25.125 77.875 1.6155
25.125 78.125 1.2786
25.125 78.375 0.7939
25.125 78.625 0.36844
25.125 78.875 0.34474
25.125 79.125 1.7301
25.125 79.375 1.8544
25.125 79.625 0.73472
25.125 79.875 2.7115
25.125 80.125 2.9316
25.125 80.375 3.2678
25.125 80.625 3.3495
25.125 80.875 1.8265
25.125 81.125 -0.42773
25.125 81.375 0.40692
25.125 81.625 -0.60987
25.125 81.875 0.33896
25.125 82.125 0.4729
25.125 82.375 1.3195
25.125 82.625 1.3064
25.125 82.875 -0.23805
25.125 83.125 -0.824
25.125 83.375 -0.68469
25.125 83.625 0.62065
25.125 83.875 0.10983
25.125 84.125 0.25525
25.125 84.375 -0.69539
25.125 84.625 -0.76881
25.125 84.875 -0.79313
25.125 85.125 -0.26554
25.125 85.375 -0.84096
25.125 85.625 1.1766
25.125 85.875 0.60393
25.125 86.125 -0.66855
25.125 86.375 0.39023
25.125 86.625 0.43834
25.125 86.875 -0.70069
25.125 87.125 -0.84285
25.125 87.375 -0.79678
25.125 87.625 -0.6056
25.125 87.875 -0.60564
25.125 88.125 -0.69127
25.125 88.375 -0.77673
25.125 92.375 -0.52791
25.125 92.625 -0.7371
25.125 92.875 -0.57378
25.125 93.125 -0.36698
25.125 93.375 -1.1259
25.125 93.625 -0.97353
25.125 93.875 -0.61863
25.125 94.125 -0.69408
25.125 94.375 -0.63017
25.375 70.875 -0.47918
25.375 71.125 -0.68053
25.375 71.375 -0.76036
25.375 71.625 -0.75568
25.375 71.875 -0.86884
25.375 72.125 -0.55325
25.375 72.375 -0.059961
25.375 72.625 -0.21368
25.375 72.875 -0.2987
25.375 73.125 -0.34505
25.375 73.375 -0.37885
25.375 73.625 -0.30994
25.375 73.875 -0.5274
25.375 74.125 -0.5668
25.375 74.375 -0.65571
25.375 74.625 -0.59084
25.375 74.875 -0.58895
25.375 75.125 -0.47496
25.375 75.375 -0.18388
25.375 75.625 0.1011
25.375 75.875 -0.2892
25.375 76.125 -0.1575
25.375 76.375 0.89578
25.375 76.625 1.0449
25.375 76.875 1.5496
25.375 77.125 2.5493
25.375 77.375 2.4237
25.375 77.625 1.8673
25.375 77.875 2.2184
25.375 78.125 1.0838
25.375 78.375 1.0173
25.375 78.625 -0.32339
25.375 78.875 -0.66031
25.375 79.125 1.5076
25.375 79.375 3.3858
25.375 79.625 1.6391
25.375 79.875 3.0518
25.375 80.125 3.2642
25.375 80.375 3.9529
25.375 80.625 3.7941
25.375 80.875 -0.68182
25.375 81.125 -0.66442
25.375 81.375 1.0969
25.375 81.625 1.208
25.375 81.875 -0.73768
25.375 82.125 -0.81398
25.375 82.375 -0.86762
25.375 82.625 -0.80757
25.375 82.875 -0.69772
25.375 83.125 -0.68373
25.375 83.375 1.5656
25.375 83.625 0.53583
25.375 83.875 0.88369
25.375 84.125 0.64561
25.375 84.375 -0.52047
25.375 84.625 -0.6682
25.375 84.875 -0.23233
25.375 85.125 -0.65697
25.375 85.375 -0.97739
25.375 85.625 -0.44098
25.375 85.875 1.412
25.375 86.125 1.1441
25.375 86.375 0.70203
25.375 86.625 -0.21451
25.375 86.875 -0.25008
25.375 87.125 -0.61214
25.375 87.375 -0.72577
25.375 87.625 -0.50449
25.375 87.875 -0.6977
25.375 88.125 -0.82227
25.375 88.375 -0.97773
25.375 88.625 -1.027
25.375 90.125 -1.2344
25.375 90.375 -0.98595
25.375 90.625 -0.59174
25.375 90.875 -0.68784
25.375 91.125 -0.55785
25.375 91.375 -0.31234
25.375 91.625 -0.58933
25.375 91.875 -0.56825
25.375 92.125 -0.20795
25.375 92.375 1.3578
25.375 92.625 0.040834
25.375 92.875 -0.068307
25.375 93.125 -0.18215
25.375 93.375 -0.71672
25.375 93.625 -0.43414
25.375 93.875 -0.6384
25.375 94.125 -0.54304
25.375 94.375 0.039247
25.625 70.875 -0.4538
25.625 71.125 -0.80424
25.625 71.375 -0.7707
25.625 71.625 -0.84532
25.625 71.875 -0.85539
25.625 72.125 -0.66316
25.625 72.375 -0.64457
25.625 72.625 -0.40214
25.625 72.875 -0.53299
25.625 73.125 -0.39227
25.625 73.375 -0.48182
25.625 73.625 -0.49903
25.625 73.875 -0.25707
25.625 74.125 -0.20733
25.625 74.375 -0.54589
25.625 74.625 -0.52264
25.625 74.875 -0.025519
25.625 75.125 -0.3478
25.625 75.375 -0.33116
25.625 75.625 0.36956
25.625 75.875 0.06363
25.625 76.125 0.41396
25.625 76.375 0.80054
25.625 76.625 0.96077
25.625 76.875 2.46
25.625 77.125 4.605
25.625 77.375 3.1161
25.625 77.625 0.97054
25.625 77.875 0.30159
25.625 78.125 1.2059
25.625 78.375 0.92866
25.625 78.625 0.044244
25.625 78.875 -0.50908
25.625 79.125 3.4295
25.625 79.375 3.5905
25.625 79.625 2.4233
25.625 79.875 1.999
25.625 80.125 4.1021
25.625 80.375 3.4917
25.625 80.625 -0.54533
25.625 80.875 -0.62805
25.625 81.125 1.2944
25.625 81.375 1.7657
25.625 81.625 -0.28284
25.625 81.875 -0.36038
25.625 82.125 -0.7198
25.625 82.375 -0.1845
25.625 82.625 -0.96743
25.625 82.875 -0.77893
25.625 83.125 -0.49407
25.625 83.375 1.7051
25.625 83.625 1.1526
25.625 83.875 -0.35591
25.625 84.125 -0.8401
25.625 84.375 -0.92365
25.625 84.625 -0.24336
25.625 84.875 -0.42631
25.625 85.125 -0.9562
25.625 85.375 -0.78664
25.625 85.625 -0.5521
25.625 85.875 -0.67512
25.625 86.125 -0.84984
25.625 86.375 -0.7824
25.625 86.625 -0.54346
25.625 86.875 -0.3034
25.625 87.125 -0.48222
25.625 87.375 -0.9067
25.625 87.625 -0.84375
25.625 87.875 -0.86523
25.625 88.125 -1.1364
25.625 90.125 -1.0023
25.625 90.375 -0.9418
25.625 90.625 -0.80162
25.625 90.875 -0.068901
25.625 91.125 0.63431
25.625 91.375 0.077661
25.625 91.625 -0.32667
25.625 91.875 -0.40076
25.625 92.125 0.46712
25.625 92.375 0.61085
25.625 92.625 -0.7848
25.625 92.875 0.30448
25.625 93.125 -0.032372
25.625 93.375 0.33042
25.625 93.625 -0.63157
25.625 93.875 0.52852
25.625 94.125 1.6231
25.625 94.375 2.0262
25.625 94.625 2.558
25.625 94.875 3.0173
25.875 70.375 -0.43403
25.875 70.625 -0.45362
25.875 70.875 -0.67416
25.875 71.125 -0.64022
25.875 71.375 -0.82655
25.875 71.625 -0.8136
25.875 71.875 -0.78024
25.875 72.125 -0.64278
25.875 72.375 -0.43387
25.875 72.625 -0.55617
25.875 72.875 -0.41876
25.875 73.125 -0.34461
25.875 73.375 -0.4413
25.875 73.625 -0.47819
25.875 73.875 -0.3141
25.875 74.125 -0.29028
25.875 74.375 -0.43873
25.875 74.625 -0.2124
25.875 74.875 -0.31941
25.875 75.125 -0.60714
25.875 75.375 -0.69839
25.875 75.625 -0.32379
25.875 75.875 -0.066604
25.875 76.125 -0.27377
25.875 76.375 1.799
25.875 76.625 1.1558
25.875 76.875 1.1278
25.875 77.125 2.0656
25.875 77.375 2.1473
25.875 77.625 1.5428
25.875 77.875 -0.0085825
25.875 78.125 1.8822
25.875 78.375 1.5911
25.875 78.625 1.0736
25.875 78.875 0.25037
25.875 79.125 1.3899
25.875 79.375 0.59379
25.875 79.625 0.10492
25.875 79.875 1.8742
25.875 80.125 1.4695
25.875 80.375 1.1557
25.875 80.625 -0.65238
25.875 80.875 -0.63406
25.875 81.125 -0.54078
25.875 81.375 1.62
25.875 81.625 -0.30335
25.875 81.875 0.58692
25.875 82.125 -0.70733
25.875 82.375 -0.39746
25.875 82.625 -0.50314
25.875 82.875 0.83631
25.875 83.125 -0.77205
25.875 83.375 -0.93784
25.875 83.625 -0.10732
25.875 83.875 -0.7614
25.875 84.125 0.47234
25.875 84.375 -1.1375
25.875 84.625 -0.59685
25.875 84.875 -0.95584
25.875 85.125 -0.76318
25.875 85.375 -0.87209
25.875 85.625 -0.73373
25.875 85.875 -0.6956
25.875 86.125 -0.541
25.875 86.375 -0.80577
25.875 86.625 0.13828
25.875 86.875 -0.35718
25.875 87.125 -1.0065
25.875 87.375 -1.1549
25.875 87.625 -1.4109
25.875 87.875 -1.0215
25.875 90.125 -0.46375
25.875 90.375 -0.61956
25.875 90.625 -1.0048
25.875 90.875 -0.46789
25.875 91.125 -0.031508
25.875 91.375 -0.38826
25.875 91.625 -0.47524
25.875 91.875 -0.35452
25.875 92.125 0.16751
25.875 92.375 0.25936
25.875 92.625 -0.39523
25.875 92.875 0.10681
25.875 93.125 -1.0276
25.875 93.375 -0.70576
25.875 93.625 -0.065793
25.875 93.875 2.8764
25.875 94.125 3.5897
25.875 94.375 3.0094
25.875 94.625 2.939
25.875 94.875 2.8274
26.125 70.375 -0.46316
26.125 70.625 -0.6266
26.125 70.875 -0.67685
26.125 71.125 -0.73154
26.125 71.375 -0.89474
26.125 71.625 -0.8032
26.125 71.875 -0.5818
26.125 72.125 -0.45205
26.125 72.375 -0.6636
26.125 72.625 -0.52704
26.125 72.875 -0.54932
26.125 73.125 -0.53759
26.125 73.375 -0.48904
26.125 73.625 -0.39116
26.125 73.875 -0.26313
26.125 74.125 -0.23523
26.125 74.375 -0.16501
26.125 74.625 -0.43588
26.125 74.875 -0.38446
26.125 75.125 -0.26221
26.125 75.375 -0.5075
26.125 75.625 -0.4833
26.125 75.875 -0.58027
26.125 76.125 -0.51933
26.125 76.375 0.86769
26.125 76.625 1.2547
26.125 76.875 -0.017369
26.125 77.125 2.5479
26.125 77.375 1.4802
26.125 77.625 1.1511
26.125 77.875 0.19881
26.125 78.125 0.81392
26.125 78.375 3.019
26.125 78.625 1.6907
26.125 78.875 2.2136
26.125 79.125 1.8311
26.125 79.375 1.5255
26.125 79.625 -0.53415
26.125 79.875 -0.45379
26.125 80.125 2.137
26.125 80.375 0.74947
26.125 80.625 -0.70867
26.125 80.875 3.1102
26.125 81.125 0.59215
26.125 81.375 -0.73089
26.125 81.625 1.0113
26.125 81.875 0.64704
26.125 82.125 -0.63209
26.125 82.375 -0.64236
26.125 82.625 -0.16766
26.125 82.875 0.20827
26.125 83.125 -0.85223
26.125 83.375 -1.1796
26.125 83.625 -1.2073
26.125 83.875 -0.28311
26.125 84.125 0.38968
26.125 84.375 -0.72107
26.125 84.625 -0.64495
26.125 84.875 -1.1212
26.125 85.125 0.063936
26.125 85.375 -1.0224
26.125 85.625 -0.45846
26.125 85.875 3.3578
26.125 86.125 -0.72029
26.125 86.375 -0.80977
26.125 86.625 -0.42999
26.125 86.875 -0.44324
26.125 87.125 -0.93011
26.125 87.375 -1.0512
26.125 87.625 -0.48223
26.125 87.875 -0.35967
26.125 88.125 -0.67541
26.125 89.375 -1.2119
26.125 89.875 -0.68768
26.125 90.125 -0.32744
26.125 90.375 -0.6456
26.125 90.625 -0.9049
26.125 90.875 -0.58243
26.125 91.125 0.20385
26.125 91.375 -0.39442
26.125 91.625 -0.61349
26.125 91.875 -0.50804
26.125 92.125 -0.073022
26.125 92.375 -0.0088768
26.125 92.625 -0.3968
26.125 92.875 -0.42208
26.125 93.125 -0.67256
26.125 93.375 -0.014947
26.125 93.625 -0.36091
26.125 93.875 3.5377
26.125 94.125 3.3389
26.125 94.375 2.8603
26.125 94.625 2.105
26.125 94.875 1.6602
26.375 70.375 -0.68372
26.375 70.625 -0.70342
26.375 70.875 -0.64909
26.375 71.125 -0.50307
26.375 71.375 -0.60199
26.375 71.625 -0.49702
26.375 71.875 -0.46281
26.375 72.125 -0.46417
26.375 72.375 -0.63617
26.375 72.625 -0.76342
26.375 72.875 -0.57107
26.375 73.125 -0.59274
26.375 73.375 -0.61872
26.375 73.625 -0.1817
26.375 73.875 0.096043
26.375 74.125 -0.21663
26.375 74.375 0.21091
26.375 74.625 -0.56567
26.375 74.875 -0.54375
26.375 75.125 -0.485
26.375 75.375 -0.42164
26.375 75.625 -0.42776
26.375 75.875 -0.40705
26.375 76.125 -0.24878
26.375 76.375 -0.14288
26.375 76.625 0.47557
26.375 76.875 0.056088
26.375 77.125 0.65093
26.375 77.375 2.5611
26.375 77.625 1.2521
26.375 77.875 -0.37155
26.375 78.125 0.37828
26.375 78.375 -0.056466
26.375 78.625 1.1166
26.375 78.875 1.4155
26.375 79.125 1.4341
26.375 79.375 -0.60558
26.375 79.625 -0.60224
26.375 79.875 2.9471
26.375 80.125 3.6125
26.375 80.375 0.10895
26.375 80.625 -0.41879
26.375 80.875 0.41875
26.375 81.125 -0.67281
26.375 81.375 -0.68269
26.375 81.625 -0.71385
26.375 81.875 -0.72465
26.375 82.125 -0.59024
26.375 82.375 -0.14455
26.375 82.625 -0.82447
26.375 82.875 -0.14361
26.375 83.125 -0.54485
26.375 83.375 -0.57821
26.375 83.625 -0.73965
26.375 83.875 -0.56226
26.375 84.125 -0.3288
26.375 84.375 -0.63268
26.375 84.625 -0.89614
26.375 84.875 -0.98362
26.375 85.125 -0.83288
26.375 85.375 -1.1333
26.375 85.625 -0.80363
26.375 85.875 -0.76525
26.375 86.125 -0.85402
26.375 86.375 -1.339
26.375 86.625 -1.2459
26.375 86.875 -0.59385
26.375 87.125 -0.88883
26.375 87.625 -1.0272
26.375 87.875 -0.99179
26.375 88.125 -0.79552
26.375 88.375 -0.70791
26.375 88.875 -0.48257
26.375 89.375 -1.0855
26.375 89.625 -1.0285
26.375 89.875 -0.94847
26.375 90.125 -0.95555
26.375 90.375 -0.88387
26.375 90.625 -1.0244
26.375 90.875 -0.95628
26.375 91.125 -1.0802
26.375 91.375 -0.25911
26.375 91.625 -0.75178
26.375 91.875 -0.87462
26.375 92.125 -0.85455
26.375 92.375 -0.20131
26.375 92.625 -0.33635
26.375 92.875 -0.79782
26.375 93.125 -0.72453
26.375 93.375 -0.8058
26.375 93.625 -0.74102
26.375 93.875 2.6934
26.375 94.125 3.0344
26.375 94.375 1.736
26.375 94.625 1.0663
26.375 94.875 0.012103
26.625 69.875 -0.61457
26.625 70.125 -0.51522
26.625 70.375 -0.63597
26.625 70.625 -0.75157
26.625 70.875 -0.77614
26.625 71.125 -0.72114
26.625 71.375 -0.28213
26.625 71.625 -0.36224
26.625 71.875 -0.38515
26.625 72.125 -0.56631
26.625 72.375 -0.83437
26.625 72.625 -0.80821
26.625 72.875 -0.69107
26.625 73.125 -0.2783
26.625 73.375 -0.28204
26.625 73.625 -0.15826
26.625 73.875 -0.068478
26.625 74.125 -0.19807
26.625 74.375 0.13859
26.625 74.625 -0.34104
26.625 74.875 -0.30516
26.625 75.125 -0.37831
26.625 75.375 -0.21872
26.625 75.625 -0.2828
26.625 75.875 -0.398
26.625 76.125 0.39908
26.625 76.375 0.10711
26.625 76.625 -0.32495
26.625 76.875 -0.11289
26.625 77.125 1.9022
26.625 77.375 2.4818
26.625 77.625 1.0413
26.625 77.875 -0.48073
26.625 78.125 0.071421
26.625 78.375 1.0489
26.625 78.625 2.2101
26.625 78.875 0.31968
26.625 79.125 -0.57216
26.625 79.375 0.55972
26.625 79.625 2.5489
26.625 79.875 0.67298
26.625 80.125 -0.56346
26.625 80.375 1.5402
26.625 80.625 0.067253
26.625 80.875 0.34883
26.625 81.125 0.53991
26.625 81.375 -0.53292
26.625 81.625 -0.70547
26.625 81.875 1.2183
26.625 82.125 -0.11424
26.625 82.375 2.1529
26.625 82.625 -1.1156
26.625 82.875 0.065764
26.625 83.125 0.050108
26.625 83.375 -0.88155
26.625 83.625 -0.69175
26.625 83.875 -0.78226
26.625 84.125 0.34884
26.625 84.375 -0.43004
26.625 84.625 -0.81274
26.625 84.875 -0.93191
26.625 85.125 -0.79272
26.625 85.375 -1.1751
26.625 85.625 -0.96747
26.625 86.125 -1.3878
26.625 88.375 -1.1204
26.625 88.625 -0.40873
26.625 88.875 -0.63557
26.625 89.125 -1.0344
26.625 89.375 -1.219
26.625 89.625 -1.149
26.625 89.875 -1.1203
26.625 90.125 -1.1743
26.625 90.375 -0.81712
26.625 90.625 -0.9326
26.625 90.875 -0.80906
26.625 91.125 -0.78097
26.625 91.375 -0.62009
26.625 91.625 -0.63269
26.625 91.875 -1.2472
26.625 92.125 -0.31159
26.625 92.375 -0.35509
26.625 92.625 -0.80778
26.625 92.875 -0.96312
26.625 93.125 -0.88396
26.625 93.375 -1.0859
26.625 93.625 -0.85665
26.625 93.875 -0.49974
26.625 94.125 -0.22347
26.625 94.375 -0.063162
26.625 94.625 -0.15273
26.625 94.875 -0.23894
26.625 95.125 -0.66221
26.875 69.625 -0.58591
26.875 69.875 -0.67749
26.875 70.125 -0.52438
26.875 70.375 -0.59401
26.875 70.625 -0.81833
26.875 70.875 -0.79519
26.875 71.125 -0.79609
26.875 71.375 -0.49928
26.875 71.625 -0.36999
26.875 71.875 -0.46865
26.875 72.125 -0.4444
26.875 72.375 -0.54258
26.875 72.625 -0.50433
26.875 72.875 -0.13548
26.875 73.125 0.17425
26.875 73.375 -0.15251
26.875 73.625 -0.088206
26.875 73.875 -0.09237
26.875 74.125 -0.1824
26.875 74.375 0.035399
26.875 74.625 0.043956
26.875 74.875 0.051441
26.875 75.125 -0.30802
26.875 75.375 -0.29796
26.875 75.625 -0.58457
26.875 75.875 -0.32639
26.875 76.125 0.73593
26.875 76.375 0.10209
26.875 76.625 -0.27385
26.875 76.875 0.096633
26.875 77.125 0.81941
26.875 77.375 -0.091896
26.875 77.625 0.031456
26.875 77.875 -0.0052283
26.875 78.125 -0.23139
26.875 78.375 0.33686
26.875 78.625 1.0512
26.875 78.875 1.0093
26.875 79.125 3.09
26.875 79.375 3.71
26.875 79.625 2.5626
26.875 79.875 2.7965
26.875 80.125 -0.23822
26.875 80.375 0.64533
26.875 80.625 1.553
26.875 80.875 0.42553
26.875 81.125 0.56704
26.875 81.375 0.62884
26.875 81.625 -0.66499
26.875 81.875 0.19871
26.875 82.125 0.90902
26.875 82.375 -1.0959
26.875 82.625 -1.0343
26.875 82.875 -0.22773
26.875 83.125 -0.25516
26.875 83.375 -0.94854
26.875 83.625 -0.71179
26.875 83.875 -0.79178
26.875 84.125 0.36405
26.875 84.375 -0.26387
26.875 84.625 -0.39059
26.875 84.875 -0.85312
26.875 88.375 0.054295
26.875 88.625 -0.76488
26.875 88.875 -0.60621
26.875 92.375 -0.65799
26.875 92.625 -0.52347
26.875 92.875 -0.99608
26.875 93.125 -0.90626
26.875 93.375 -1.0914
26.875 93.625 -1.1802
26.875 93.875 -1.2879
26.875 94.125 -1.1734
26.875 94.375 -0.42014
26.875 94.625 -0.78148
26.875 94.875 -0.61492
26.875 95.125 -0.6991
26.875 95.375 -1.0898
26.875 95.625 -1.1825
27.125 69.875 -0.808
27.125 70.125 -0.82314
27.125 70.375 -0.74503
27.125 70.625 -0.68881
27.125 70.875 -0.8387
27.125 71.125 -0.69767
27.125 71.375 -0.66649
27.125 71.625 -0.65389
27.125 71.875 -0.38093
27.125 72.125 -0.47692
27.125 72.375 -0.48421
27.125 72.625 -0.42969
27.125 72.875 -0.14577
27.125 73.125 -0.1191
27.125 73.375 -0.13056
27.125 73.625 -0.10311
27.125 73.875 0.01403
27.125 74.125 0.042943
27.125 74.375 -0.15317
27.125 74.625 -0.0054727
27.125 74.875 -0.35582
27.125 75.125 -0.27488
27.125 75.375 -0.29772
27.125 75.625 0.14025
27.125 75.875 -0.15632
27.125 76.125 -0.19813
27.125 76.375 0.11213
27.125 76.625 0.020313
27.125 76.875 0.44751
27.125 77.125 0.18157
27.125 77.375 -0.3104
27.125 77.625 0.36591
27.125 77.875 -0.48387
27.125 78.125 0.85764
27.125 78.375 -0.062693
27.125 78.625 -0.71613
27.125 78.875 0.076934
27.125 79.125 1.6037
27.125 79.375 -0.19068
27.125 79.625 0.62197
27.125 79.875 2.7056
27.125 80.125 2.3968
27.125 80.375 2.5137
27.125 80.625 -0.03442
27.125 80.875 -0.67727
27.125 81.125 1.7341
27.125 81.375 1.7884
27.125 81.625 0.65103
27.125 81.875 0.46508
27.125 82.125 0.57145
27.125 82.375 -0.79589
27.125 82.625 0.21184
27.125 82.875 0.11576
27.125 83.125 -0.37251
27.125 83.375 0.15169
27.125 83.625 0.53223
27.125 83.875 -0.35563
27.125 84.125 -0.95193
27.125 84.375 -0.49212
27.125 84.625 -0.64341
27.125 88.125 0.69954
27.125 88.375 0.94894
27.125 88.625 -0.17293
27.125 92.125 -0.92103
27.125 92.375 0.19018
27.125 92.625 0.55608
27.125 92.875 -0.67086
27.125 93.125 -1.1355
27.125 93.375 -0.87314
27.125 93.625 -0.99082
27.125 93.875 -0.27353
27.125 94.125 -0.52652
27.125 94.375 -0.45258
27.125 94.625 -1.4647
27.125 94.875 -1.4211
27.125 95.125 -0.081831
27.125 95.375 -1.5173
27.125 95.625 -1.4254
27.125 95.875 -1.1516
27.375 70.125 -0.74561
27.375 70.375 -0.76068
27.375 70.625 -0.86259
27.375 70.875 -0.69345
27.375 71.125 -0.63253
27.375 71.375 -0.51297
27.375 71.625 -0.86987
27.375 71.875 -0.47576
27.375 72.125 -0.49752
27.375 72.375 -0.37536
27.375 72.625 -0.58594
27.375 72.875 -0.46869
27.375 73.125 -0.14798
27.375 73.375 -0.1245
27.375 73.625 -0.069331
27.375 73.875 -0.1578
27.375 74.125 -0.057774
27.375 74.375 -0.11987
27.375 74.625 0.0082056
27.375 74.875 -0.054272
27.375 75.125 -0.31769
27.375 75.375 -0.54082
27.375 75.625 0.23738
27.375 75.875 0.11351
27.375 76.125 -0.47141
27.375 76.375 -0.29853
27.375 76.625 -0.25098
27.375 76.875 0.19568
27.375 77.125 -0.1098
27.375 77.375 -0.50561
27.375 77.625 -0.35827
27.375 77.875 -0.053446
27.375 78.125 0.34149
27.375 78.375 -0.37785
27.375 78.625 0.01257
27.375 78.875 2.9933
27.375 79.125 3.3873
27.375 79.375 -0.4184
27.375 79.625 -0.51937
27.375 79.875 2.8787
27.375 80.125 0.16146
27.375 80.375 -0.21179
27.375 80.625 -0.64136
27.375 80.875 -0.68088
27.375 81.125 0.51785
27.375 81.375 0.69418
27.375 81.625 -0.67558
27.375 81.875 0.18778
27.375 82.125 0.81304
27.375 82.375 -0.11701
27.375 82.625 0.36417
27.375 82.875 -0.32874
27.375 83.125 -0.49128
27.375 83.625 0.60654
27.375 84.125 -0.34018
27.375 84.375 -0.53722
27.375 88.125 2.1173
27.375 88.375 -0.048649
27.375 88.625 -0.23129
27.375 92.125 -0.88224
27.375 92.375 0.071473
27.375 92.625 0.22754
27.375 92.875 -0.55061
27.375 93.125 -1.5923
27.375 93.375 -1.5758
27.375 93.625 -0.74291
27.375 93.875 -0.62249
27.375 94.125 -0.58112
27.375 94.375 -1.0692
27.375 94.625 -0.9625
27.375 94.875 -0.55603
27.375 95.125 -1.1106
27.375 95.375 -1.5933
27.375 95.625 -1.1881
27.375 95.875 -1.0541
27.375 96.125 -1.2263
27.375 96.375 -0.93043
27.375 96.625 -0.78907
27.375 96.875 -0.82097
27.625 70.125 -0.73679
27.625 70.375 -0.80746
27.625 70.625 -0.84269
27.625 70.875 -0.68245
27.625 71.125 -0.78164
27.625 71.375 -0.56658
27.625 71.625 -0.56919
27.625 71.875 -0.39528
27.625 72.125 -0.29689
27.625 72.375 -0.18289
27.625 72.625 -0.50496
27.625 72.875 -0.4776
27.625 73.125 -0.40558
27.625 73.375 -0.033238
27.625 73.625 1.0117
27.625 73.875 0.13793
27.625 74.125 0.31907
27.625 74.375 0.16995
27.625 74.625 -0.0015399
27.625 74.875 0.17984
27.625 75.125 -0.24903
27.625 75.375 -0.14642
27.625 75.625 -0.0214
27.625 75.875 -0.48855
27.625 76.125 -0.55726
27.625 76.375 -0.387
27.625 76.625 0.69505
27.625 76.875 0.58656
27.625 77.125 -0.64415
27.625 77.375 -0.71127
27.625 77.625 -0.81733
27.625 77.875 -0.79146
27.625 78.125 0.77388
27.625 78.375 0.15014
27.625 78.625 -0.40623
27.625 78.875 2.367
27.625 79.125 1.9084
27.625 79.375 -0.48737
27.625 79.625 -0.39107
27.625 79.875 4.2622
27.625 80.125 2.6835
27.625 80.375 -0.15372
27.625 80.625 -0.56751
27.625 80.875 -0.26004
27.625 81.125 0.82661
27.625 81.375 1.6439
27.625 81.625 0.26363
27.625 81.875 0.19633
27.625 82.125 0.41206
27.625 82.375 -0.0021302
27.625 82.625 0.093135
27.625 88.375 0.24266
27.625 88.625 -0.21994
27.625 91.625 -0.7694
27.625 91.875 -0.93707
27.625 92.125 -0.81216
27.625 92.375 -0.33324
27.625 92.625 -0.315
27.625 92.875 -0.84001
27.625 93.125 -1.4147
27.625 93.375 -1.374
27.625 93.625 -1.2855
27.625 93.875 -1.5325
27.625 94.125 -1.4214
27.625 94.375 -1.0871
27.625 94.625 -1.283
27.625 94.875 -1.1698
27.625 95.125 -1.2001
27.625 95.375 -1.2191
27.625 95.625 -1.0175
27.625 95.875 -0.86515
27.625 96.125 -1.1741
27.625 96.375 -1.0065
27.625 96.625 -0.99728
27.625 96.875 -0.96332
27.875 70.375 -0.74099
27.875 71.875 -0.60605
27.875 72.125 -0.43659
27.875 72.375 -0.44554
27.875 72.625 -0.54208
27.875 72.875 -0.83354
27.875 73.125 -0.51015
27.875 73.375 0.015064
27.875 73.625 0.7448
27.875 73.875 0.82505
27.875 74.125 -0.020077
27.875 74.375 -0.22612
27.875 74.625 -0.22416
27.875 74.875 0.062903
27.875 75.125 -0.03271
27.875 75.375 0.22355
27.875 75.625 0.022444
27.875 75.875 -0.60728
27.875 76.125 -0.46809
27.875 76.375 -0.18795
27.875 76.625 -0.26575
27.875 76.875 -0.29674
27.875 77.125 -0.10544
27.875 77.375 -0.5039
27.875 77.625 -0.95269
27.875 77.875 -0.52067
27.875 78.125 0.45533
27.875 78.375 2.2018
27.875 78.625 1.1997
27.875 78.875 0.30892
27.875 79.125 -0.43969
27.875 79.375 1.365
27.875 79.625 3.1929
27.875 79.875 5.2629
27.875 80.125 4.5066
27.875 80.375 0.95702
27.875 80.625 -0.21469
27.875 80.875 -0.35622
27.875 81.125 0.98196
27.875 81.375 2.4115
27.875 81.625 1.9788
27.875 88.375 0.71328
27.875 88.625 0.63881
27.875 92.875 -0.99518
27.875 93.125 -1.3714
27.875 93.375 -1.4082
27.875 93.625 -1.3942
27.875 93.875 -1.5898
27.875 94.125 -1.4932
27.875 94.375 -1.3443
27.875 94.625 -1.2482
27.875 94.875 -1.3006
27.875 95.125 -1.2278
27.875 95.375 -1.2912
27.875 95.625 -1.0396
27.875 95.875 -1.237
27.875 96.125 -1.0165
27.875 96.375 -1.0597
27.875 96.625 -0.9128
27.875 96.875 -0.83238
27.875 97.125 -0.79655
28.125 72.125 -0.49934
28.125 72.375 -0.60234
28.125 72.625 -0.48167
28.125 72.875 -0.084565
28.125 73.125 0.78832
28.125 73.375 0.85882
28.125 73.625 0.39649
28.125 73.875 0.3232
28.125 74.125 -0.037043
28.125 74.375 -0.19642
28.125 74.625 -0.010444
28.125 74.875 0.12693
28.125 75.125 -0.0094201
28.125 75.375 -0.17542
28.125 75.625 0.058358
28.125 75.875 -0.29608
28.125 76.125 -0.11759
28.125 76.375 -0.44295
28.125 76.625 -0.035076
28.125 76.875 0.97182
28.125 77.125 -0.20528
28.125 77.375 -0.28252
28.125 77.625 -0.49109
28.125 77.875 -0.12433
28.125 78.125 1.3712
28.125 78.375 2.3948
28.125 78.625 0.33732
28.125 78.875 2.6671
28.125 79.125 2.3545
28.125 79.375 0.718
28.125 79.625 1.3762
28.125 79.875 3.8452
28.125 80.125 2.7769
28.125 80.375 1.9506
28.125 80.625 2.1559
28.125 80.875 0.87976
28.125 81.125 0.75756
28.125 81.375 1.9196
28.125 92.875 -0.98926
28.125 93.125 -1.4454
28.125 93.375 -1.4144
28.125 93.625 -1.4348
28.125 93.875 -1.3969
28.125 94.125 -1.2674
28.125 94.375 -1.21
28.125 94.625 -0.8914
28.125 94.875 -1.3126
28.125 95.125 -1.3349
28.125 95.375 -1.3132
28.125 95.625 -1.2563
28.125 95.875 -1.1659
28.125 96.125 -1.0576
28.125 96.375 -0.93704
28.125 96.625 -0.90707
28.125 96.875 -0.86449
28.125 97.125 -0.65933
28.375 72.375 -0.6669
28.375 72.625 -0.76418
28.375 72.875 -0.76572
28.375 73.125 -0.024019
28.375 73.375 -0.30964
28.375 73.625 -0.364
28.375 73.875 -0.17491
28.375 74.125 0.00797
28.375 74.375 -0.16362
28.375 74.625 -0.16377
28.375 74.875 -0.24956
28.375 75.125 -0.33514
28.375 75.375 -0.014646
28.375 75.625 0.4537
28.375 75.875 0.11052
28.375 76.125 -0.098896
28.375 76.375 -0.39783
28.375 76.625 -0.21396
28.375 76.875 0.74488
28.375 77.125 -0.46001
28.375 77.375 -0.49807
28.375 77.625 -0.49028
28.375 77.875 -0.43583
28.375 78.125 4.0277
28.375 78.375 1.8431
28.375 78.625 0.068442
28.375 78.875 -0.68703
28.375 79.125 2.573
28.375 79.375 0.71861
28.375 79.625 -0.56733
28.375 79.875 0.1485
28.375 80.125 1.1731
28.375 80.375 1.306
28.375 80.625 1.7469
28.375 80.875 1.1086
28.375 81.125 1.7624
28.375 93.375 -1.4342
28.375 93.625 -1.1518
28.375 93.875 -0.78579
28.375 94.125 -0.69815
28.375 94.375 -0.74313
28.375 94.625 -0.88957
28.375 94.875 -1.1449
28.375 95.125 -1.095
28.375 95.375 -1.2457
28.375 95.625 -1.0994
28.375 95.875 -0.95475
28.375 96.125 -0.94991
28.375 96.625 -0.89573
28.625 72.375 -0.33706
28.625 72.625 -0.54959
28.625 72.875 -0.63147
28.625 73.125 -0.42409
28.625 73.375 -0.29262
28.625 73.625 -0.298
28.625 73.875 -0.52387
28.625 74.125 -0.52781
28.625 74.375 -0.40174
28.625 74.625 -0.37892
28.625 74.875 -0.37664
28.625 75.125 -0.35134
28.625 75.375 -0.39173
28.625 75.625 -0.55972
28.625 75.875 -0.27282
28.625 76.125 -0.30525
28.625 76.375 -0.43855
28.625 76.625 -0.24607
28.625 76.875 -0.16826
28.625 77.125 -0.59544
28.625 77.375 -0.5864
28.625 77.625 -0.70782
28.625 77.875 -0.69409
28.625 78.125 1.4418
28.625 78.375 1.8308
28.625 78.625 -0.65014
28.625 78.875 0.018738
28.625 79.125 1.1128
28.625 79.375 -0.017977
28.625 79.625 0.44382
28.625 79.875 0.34899
28.625 80.125 1.1806
28.625 80.375 1.5733
28.625 80.625 1.5402
28.625 93.625 -0.30554
28.625 93.875 -0.39068
28.625 94.125 -0.4234
28.625 94.375 -0.40393
28.625 94.625 -0.38983
28.625 94.875 -0.6291
28.625 95.125 -0.91043
28.625 95.375 -0.95405
28.625 95.625 -1.0564
28.625 95.875 -0.98008
28.625 96.125 -0.93034
28.625 96.375 1.6795
28.875 72.875 -0.61413
28.875 73.125 -0.63723
28.875 73.375 0.14655
28.875 73.625 -0.067837
28.875 73.875 -0.30451
28.875 74.125 -0.6944
28.875 74.375 -0.67498
28.875 74.625 -0.67762
28.875 74.875 -0.46025
28.875 75.125 -0.48883
28.875 75.375 -0.53369
28.875 75.625 -0.51731
28.875 75.875 -0.38027
28.875 76.125 -0.30353
28.875 76.375 -0.4082
28.875 76.625 -0.62246
28.875 76.875 -0.55821
28.875 77.125 0.20129
28.875 77.375 1.0456
28.875 77.625 0.65575
28.875 77.875 2.2821
28.875 78.125 1.78
28.875 78.375 1.1483
28.875 78.625 -0.62991
28.875 78.875 -0.27707
28.875 79.125 1.4988
28.875 79.375 1.5965
28.875 79.625 1.2996
28.875 79.875 1.5204
28.875 94.125 -0.28612
28.875 94.375 -0.23403
28.875 94.625 -0.26443
28.875 94.875 -0.18443
28.875 95.125 -0.43527
28.875 95.375 -1.0066
28.875 95.625 -1.0975
28.875 95.875 -1.0368
28.875 96.125 -0.87183
28.875 96.375 2.131
29.125 73.125 -0.58423
29.125 73.375 0.18624
29.125 73.625 -0.24336
29.125 73.875 0.034599
29.125 74.125 -0.43548
29.125 74.375 -0.64236
29.125 74.625 -0.57846
29.125 74.875 -0.51762
29.125 75.125 -0.29885
29.125 75.375 -0.22433
29.125 75.625 -0.25769
29.125 75.875 -0.39974
29.125 76.125 -0.35455
29.125 76.375 -0.53149
29.125 76.625 -0.51927
29.125 76.875 -0.56389
29.125 77.125 -0.248
29.125 77.375 0.43574
29.125 77.625 1.0317
29.125 77.875 3.5695
29.125 78.125 3.2046
29.125 78.375 2.3309
29.125 78.625 1.4979
29.125 78.875 0.40278
29.125 79.125 1.8647
29.125 79.375 1.9863
29.125 79.625 0.38169
29.125 79.875 1.2689
29.125 80.125 1.3897
29.125 94.375 -0.21834
29.125 94.625 -0.19399
29.125 94.875 -0.12553
29.125 95.625 -1.0987
29.125 95.875 -0.69973
29.125 96.125 0.75236
29.375 73.375 -0.5146
29.375 73.625 -0.029449
29.375 73.875 -0.14087
29.375 74.125 -0.17288
29.375 74.375 -0.49146
29.375 74.625 -0.34502
29.375 74.875 -0.62041
29.375 75.125 -0.43311
29.375 75.375 -0.46632
29.375 75.625 -0.35107
29.375 75.875 -0.37878
29.375 76.125 -0.12386
29.375 76.375 -0.4792
29.375 76.625 -0.37719
29.375 76.875 -0.6752
29.375 77.125 -0.81657
29.375 77.375 0.058238
29.375 77.625 1.0331
29.375 77.875 2.7757
29.375 78.125 0.79432
29.375 78.375 2.0286
29.375 78.625 -0.31273
29.375 78.875 -0.1542
29.375 79.125 1.9396
29.375 79.375 1.9033
29.375 79.625 -0.32898
29.375 79.875 1.235
29.375 80.125 1.0024
29.375 96.125 0.16664
29.625 73.375 -0.57719
29.625 73.625 0.13631
29.625 73.875 0.2161
29.625 74.125 -0.058708
29.625 74.375 -0.68096
29.625 74.625 -0.64892
29.625 74.875 -0.59318
29.625 75.125 -0.53518
29.625 75.375 -0.3867
29.625 75.625 0.30424
29.625 75.875 -0.31424
29.625 76.125 -0.42102
29.625 76.375 -0.48558
29.625 76.625 -0.48472
29.625 76.875 -0.47212
29.625 77.125 -0.75581
29.625 77.375 -0.48215
29.625 77.625 -0.08273
29.625 77.875 0.76341
29.625 78.125 0.83908
29.625 78.375 -0.13042
29.625 78.625 -1.1752
29.625 78.875 -0.74716
29.625 79.125 0.73729
29.625 79.375 1.6116
29.625 79.625 0.25513
29.625 79.875 0.74183
29.625 80.125 0.53347
29.875 73.625 0.099508
29.875 73.875 -0.19572
29.875 74.125 -0.64966
29.875 74.375 -0.92001
29.875 74.625 -0.48633
29.875 74.875 -0.48848
29.875 75.125 -0.75007
29.875 75.375 -0.46137
29.875 75.625 -0.24527
29.875 75.875 -0.43169
29.875 76.125 -0.45373
29.875 76.375 -0.59554
29.875 76.625 -0.49936
29.875 76.875 -0.93527
29.875 77.125 -0.73937
29.875 77.375 -0.48352
29.875 77.625 -0.34748
29.875 77.875 1.0004
29.875 78.125 -0.81217
29.875 78.375 0.5668
29.875 78.625 -0.31918
29.875 78.875 0.41131
29.875 79.125 0.098938
29.875 79.375 0.20236
29.875 79.625 1.6852
29.875 79.875 0.76063
29.875 80.125 0.53773
29.875 80.375 0.54449
30.125 74.125 -0.85414
30.125 74.375 -0.88055
30.125 74.625 -0.73743
30.125 74.875 -0.61825
30.125 75.125 -0.52866
30.125 75.375 -0.36462
30.125 75.625 -0.45442
30.125 75.875 -0.42213
30.125 76.125 -0.65352
30.125 76.375 -0.85754
30.125 76.625 -0.78172
30.125 76.875 -0.54784
30.125 77.125 -0.82077
30.125 77.375 -1.1168
30.125 77.625 0.012513
30.125 77.875 0.34978
30.125 78.125 0.78343
30.125 78.375 1.4337
30.125 78.625 1.039
30.125 78.875 2.204
30.125 79.125 1.4421
30.125 79.375 1.1801
30.125 79.625 1.783
30.125 79.875 0.79916
30.125 80.125 0.66449
30.125 80.375 0.62526
30.125 80.625 0.60823
30.375 74.125 -0.59951
30.375 74.375 -0.46863
30.375 74.625 -0.69253
30.375 74.875 -0.78635
30.375 75.125 -0.47413
30.375 75.375 -0.3292
30.375 75.625 -0.3634
30.375 75.875 -0.52728
30.375 76.125 -0.67816
30.375 76.375 -0.86833
30.375 76.625 -1.1351
30.375 76.875 -0.96252
30.375 77.125 0.58633
30.375 77.375 -0.057701
30.375 77.625 0.37769
30.375 77.875 -0.067121
30.375 78.125 -0.099276
30.375 78.375 -0.33507
30.375 78.625 1.5021
30.375 78.875 2.1723
30.375 79.125 1.7933
30.375 79.375 1.3319
30.375 79.625 1.8149
30.375 79.875 1.5145
30.375 80.125 1.0051
30.375 80.375 0.6817
30.375 80.625 0.55073
30.625 74.375 -0.42235
30.625 74.625 -0.48427
30.625 74.875 -0.53083
30.625 75.125 -0.51481
30.625 75.375 -0.43673
30.625 75.625 -0.42153
30.625 75.875 -0.75147
30.625 76.125 -0.73655
30.625 76.375 -0.87659
30.625 76.625 0.084426
30.625 76.875 0.33831
30.625 77.125 0.2445
30.625 77.375 0.32395
30.625 77.625 0.35171
30.625 77.875 0.61842
30.625 78.125 0.30389
30.625 78.375 -0.47287
30.625 78.625 -0.30086
30.625 78.875 2.1747
30.625 79.125 1.8787
30.625 79.375 1.3815
30.625 79.625 2.2058
30.625 79.875 1.9728
30.625 80.125 1.2309
30.875 74.625 -0.43088
30.875 74.875 -0.48956
30.875 75.125 -0.44929
30.875 75.375 -0.65021
30.875 75.625 -0.52077
30.875 75.875 -0.62465
30.875 76.125 -0.82109
30.875 76.375 -0.71795
30.875 76.625 1.3003
30.875 76.875 -0.41262
30.875 77.125 0.7879
30.875 77.375 -0.26458
30.875 77.625 0.46945
30.875 77.875 0.37652
30.875 78.125 0.040689
30.875 78.375 -0.28208
30.875 78.625 -0.18136
30.875 78.875 0.75651
30.875 79.125 2.0579
30.875 79.375 1.6387
30.875 79.625 1.3218
30.875 79.875 1.5915
31.125 74.875 -0.75234
31.125 75.125 -0.54713
31.125 75.375 -0.60552
31.125 75.625 -0.53801
31.125 75.875 -0.45842
31.125 76.125 0.41176
31.125 76.375 -0.059568
31.125 76.625 -0.23404
31.125 76.875 0.50072
31.125 77.125 0.76834
31.125 77.375 -0.13727
31.125 77.625 0.38276
31.125 77.875 0.10384
31.125 78.125 -0.44777
31.125 78.375 -0.50787
31.125 78.625 -0.6242
31.125 78.875 0.71681
31.125 79.125 1.3092
31.375 74.875 -0.86578
31.375 75.125 -0.70818
31.375 75.375 -0.69096
31.375 75.625 -0.52596
31.375 75.875 -0.25678
31.375 76.125 -0.62104
31.375 76.375 -0.18882
31.375 76.625 0.34489
31.375 76.875 0.61208
31.375 77.125 0.5335
31.375 77.375 0.37273
31.375 77.625 3.1985
31.375 77.875 -0.056807
31.375 78.125 -0.22307
31.375 78.375 -0.48681
31.375 78.625 -0.33419
31.625 74.875 -0.6177
31.625 75.125 -0.25926
31.625 75.375 -0.34975
31.625 75.625 -0.26913
31.625 75.875 -0.08612
31.625 76.125 -0.32228
31.625 76.375 0.32224
31.625 76.625 -0.37643
31.625 76.875 -0.35759
31.625 77.125 -0.11324
31.625 77.375 1.6351
31.625 77.625 1.6272
31.625 77.875 0.50907
31.625 78.125 -0.10039
31.625 78.375 -0.19351
31.625 78.625 0.11797
31.875 74.875 0.025672
31.875 75.125 0.15081
31.875 75.375 -0.90633
31.875 75.625 -0.30514
31.875 75.875 0.21245
31.875 76.125 0.27277
31.875 76.375 0.55407
31.875 76.625 0.80016
31.875 76.875 -0.37855
31.875 77.125 -0.24582
31.875 77.375 0.12492
31.875 77.625 0.70852
31.875 77.875 -0.1295
31.875 78.125 -0.095614
31.875 78.375 -0.2376
31.875 78.625 -0.35474
32.125 75.375 1.8498
32.125 75.625 0.7144
32.125 75.875 0.66554
32.125 76.125 1.311
32.125 76.375 -0.2822
32.125 76.625 -0.019732
32.125 76.875 -0.5336
32.125 77.125 -0.0033572
32.125 77.375 -0.36044
32.125 77.625 -0.36182
32.125 77.875 -0.098901
32.125 78.125 -0.31117
32.125 78.375 -0.34667
32.375 75.375 1.9353
32.375 75.625 1.0252
32.375 75.875 0.064412
32.375 76.125 -0.62046
32.375 76.375 -0.44455
32.375 76.625 -0.58027
32.375 76.875 -0.46314
32.375 77.125 -0.17243
32.375 77.375 -0.26877
32.375 77.625 -0.4337
32.375 77.875 -0.46267
32.375 78.125 -0.45447
32.375 78.375 -0.48046
32.625 74.875 0.47722
32.625 75.125 0.22807
32.625 75.375 0.45979
32.625 75.625 0.25549
32.625 75.875 0.21053
32.625 76.125 -0.050351
32.625 76.375 -0.51281
32.625 76.625 -0.74592
32.625 76.875 -0.485
32.625 77.125 -0.25176
32.625 77.375 -0.36158
32.625 77.625 -0.30064
32.625 77.875 -0.3165
32.625 78.125 -0.6046
32.625 78.375 -0.49734
32.625 78.625 -0.53772
32.625 78.875 -0.46916
32.625 79.125 -0.34956
32.625 79.375 -0.36138
32.875 74.375 0.7625
32.875 74.625 0.73754
32.875 74.875 0.38277
32.875 75.125 -0.29009
32.875 75.375 -0.40378
32.875 75.625 -0.46711
32.875 75.875 -0.31388
32.875 76.125 -0.39115
32.875 76.375 -0.36321
32.875 76.625 -0.43132
32.875 76.875 -0.37553
32.875 77.125 -0.44698
32.875 77.375 -0.38724
32.875 77.625 -0.38143
32.875 77.875 -0.35863
32.875 78.125 -0.26281
32.875 78.375 -0.4286
32.875 78.625 -0.51618
32.875 78.875 -0.49138
32.875 79.125 -0.46549
32.875 79.375 -0.4636
33.125 73.875 0.17886
33.125 74.125 0.31655
33.125 74.375 0.88701
33.125 74.625 1.2791
33.125 74.875 0.25343
33.125 75.125 -0.38084
33.125 75.375 -0.46144
33.125 75.625 -0.53985
33.125 75.875 -0.5722
33.125 76.125 -0.5379
33.125 76.375 -0.74039
33.125 76.625 -0.65393
33.125 76.875 -0.5648
33.125 77.125 -0.65782
33.125 77.375 -0.43566
33.125 77.625 -0.40034
33.125 77.875 -0.36995
33.125 78.125 -0.34233
33.125 78.375 -0.38256
33.125 78.625 -0.42568
33.125 78.875 -0.51123
33.125 79.125 -0.55018
33.375 73.875 0.57009
33.375 74.125 0.31473
33.375 74.375 -0.21226
33.375 74.625 -0.36211
33.375 74.875 -0.41397
33.375 75.125 -0.41021
33.375 75.375 -0.28903
33.375 75.625 -0.42199
33.375 75.875 -0.50611
33.375 76.125 -0.53768
33.375 76.375 -0.56631
33.375 76.625 -0.76042
33.375 76.875 -0.69347
33.375 77.125 -0.49002
33.375 77.375 -0.45814
33.375 77.625 -0.43395
33.375 77.875 -0.35989
33.375 78.125 -0.36184
33.375 78.375 -0.36445
33.375 78.625 -0.41166
33.375 78.875 -0.47385
33.625 73.875 1.0243
33.625 74.125 0.11541
33.625 74.375 -0.51464
33.625 74.625 -0.49183
33.625 74.875 -0.3358
33.625 75.125 -0.22559
33.625 75.375 -0.2194
33.625 75.625 -0.27808
33.625 75.875 -0.52262
33.625 76.125 -0.68524
33.625 76.375 -0.67222
33.625 76.625 -0.68229
33.625 76.875 -0.45472
33.625 77.125 -0.51746
33.625 77.375 -0.49705
33.625 77.625 -0.51102
33.625 77.875 -0.44457
33.625 78.125 -0.38843
33.625 78.375 -0.39873
33.625 78.625 -0.34403
33.625 78.875 -0.42805
33.875 73.875 0.092378
33.875 74.125 -0.27743
33.875 74.375 -0.19177
33.875 74.625 -0.032504
33.875 74.875 0.050288
33.875 75.125 0.79935
33.875 75.375 0.023416
33.875 75.625 -0.54441
33.875 75.875 -0.71287
33.875 76.125 -0.80208
33.875 76.375 -0.58665
33.875 76.625 -0.52149
33.875 76.875 -0.51553
33.875 77.125 -0.51652
33.875 77.375 -0.51956
33.875 77.625 -0.48255
33.875 77.875 -0.45213
33.875 78.125 -0.42787
33.875 78.375 -0.40842
33.875 78.625 -0.38416
33.875 78.875 -0.39201
34.125 73.625 -0.48765
34.125 73.875 -0.3694
34.125 74.125 -0.10377
34.125 74.375 -0.2808
34.125 74.625 -0.29244
34.125 74.875 -0.50669
34.125 75.125 0.41541
34.125 75.375 -0.41336
34.125 75.625 -1.0193
34.125 75.875 -0.96415
34.125 76.125 -0.96983
34.125 76.375 -0.58791
34.125 76.625 -0.57721
34.125 76.875 -0.52421
34.125 77.125 -0.48861
34.125 77.375 -0.50593
34.125 77.625 -0.50409
34.125 77.875 -0.50364
34.125 78.125 -0.44361
34.125 78.375 -0.42813
34.125 78.625 -0.40212
34.125 78.875 -0.40067
34.125 79.125 -0.38582
34.125 79.375 -0.39126
34.375 73.625 -0.69183
34.375 73.875 -0.51211
34.375 74.125 -0.66235
34.375 74.375 -0.52013
34.375 74.625 -0.35108
34.375 74.875 -0.50806
34.375 75.125 -0.29913
34.375 75.375 -0.91
34.375 75.625 -1.2603
34.375 75.875 -1.1777
34.375 76.125 -1.0149
34.375 76.375 -0.72245
34.375 76.625 -0.5949
34.375 76.875 -0.56739
34.375 77.125 -0.55494
34.375 77.375 -0.55778
34.375 77.625 -0.51752
34.375 77.875 -0.55448
34.375 78.125 -0.48476
34.375 78.375 -0.47798
34.375 78.625 -0.44027
34.375 78.875 -0.38588
34.375 79.125 -0.39806
34.375 79.375 -0.40669
34.625 73.875 -0.61016
34.625 74.125 -0.56853
34.625 74.375 -0.5803
34.625 74.625 -0.3679
34.625 74.875 -0.674
34.625 75.125 -0.38863
34.625 75.375 -1.1313
34.625 75.625 -1.1353
34.625 75.875 -1.1095
34.625 76.125 -0.99924
34.625 76.375 -0.76859
34.625 76.625 -0.61678
34.625 76.875 -0.63473
34.625 77.125 -0.56135
34.625 77.375 -0.54269
34.625 77.625 -0.50427
34.625 77.875 -0.5398
34.625 78.125 -0.53849
34.625 78.375 -0.4821
34.625 78.625 -0.44368
34.625 78.875 -0.40925
34.625 79.125 -0.38677
34.625 79.375 -0.37744
34.625 79.625 -0.40176
34.875 74.125 -0.61378
34.875 74.375 -0.50576
34.875 74.625 -0.3856
34.875 74.875 -0.39369
34.875 75.125 -0.96378
34.875 75.375 -1.2847
34.875 75.625 -1.1862
34.875 75.875 -1.1142
34.875 76.125 -0.8975
34.875 76.375 -0.76948
34.875 76.625 -0.75498
34.875 76.875 -0.68173
34.875 77.125 -0.61895
34.875 77.375 -0.62507
34.875 77.625 -0.62751
34.875 77.875 -0.50262
34.875 78.125 -0.53731
34.875 78.375 -0.53008
34.875 78.625 -0.50303
34.875 78.875 -0.41829
34.875 79.125 -0.39824
34.875 79.375 -0.40545
34.875 79.625 -0.39337
34.875 79.875 -0.41386
35.125 74.375 -0.91706
35.125 74.625 -1.0364
35.125 74.875 -0.82285
35.125 75.125 -1.1307
35.125 75.375 -1.4589
35.125 75.625 -1.1477
35.125 75.875 -1.0425
35.125 76.125 -0.93308
35.125 76.375 -0.79439
35.125 76.625 -0.76666
35.125 76.875 -0.76544
35.125 77.125 -0.73754
35.125 77.375 -0.64751
35.125 77.625 -0.61912
35.125 77.875 -0.6278
35.125 78.125 -0.58222
35.125 78.375 -0.56849
35.125 78.625 -0.49089
35.125 78.875 -0.46669
35.125 79.125 -0.42276
35.125 79.375 -0.41592
35.125 79.625 -0.41371
35.125 79.875 -0.41672
35.375 73.875 -0.66681
35.375 74.125 -0.74492
35.375 74.375 -0.87597
35.375 74.625 -0.84303
35.375 74.875 -0.54094
35.375 75.125 -1.1529
35.375 75.375 -1.0448
35.375 75.625 -0.98117
35.375 75.875 -1.2372
35.375 76.125 -0.96825
35.375 76.375 -0.89646
35.375 76.625 -0.85632
35.375 76.875 -0.72039
35.375 77.125 -0.78809
35.375 77.375 -0.61868
35.375 77.625 -0.67917
35.375 77.875 -0.61727
35.375 78.125 -0.58652
35.375 78.375 -0.56795
35.375 78.625 -0.50732
35.375 78.875 -0.4733
35.375 79.125 -0.44787
35.375 79.375 -0.44449
35.375 79.625 -0.44284
35.375 79.875 -0.41434
35.375 80.125 -0.45222
35.625 73.375 -0.61256
35.625 73.625 -0.63803
35.625 73.875 -0.73872
35.625 74.125 -0.70183
35.625 74.375 -0.59784
35.625 74.625 -0.62479
35.625 74.875 0.61707
35.625 75.125 -1.1784
35.625 75.375 -1.1346
35.625 75.625 -1.1393
35.625 75.875 -1.1873
35.625 76.125 -1.0746
35.625 76.375 -1.081
35.625 76.625 -0.82765
35.625 76.875 -0.79792
35.625 77.125 -0.9799
35.625 78.375 -0.56885
35.625 78.625 -0.51276
35.625 78.875 -0.50263
35.625 79.125 -0.4679
35.625 79.375 -0.45829
35.625 79.625 -0.45008
35.625 79.875 -0.55204
35.625 80.125 -0.55185
35.875 73.125 -0.58251
35.875 73.375 -0.58539
35.875 73.625 -0.7634
35.875 73.875 -1.0704
35.875 74.125 -0.74703
35.875 74.375 -0.77681
35.875 74.625 -0.5209
35.875 74.875 -0.32571
35.875 75.125 -1.1416
35.875 75.375 -1.3227
35.875 75.625 -1.0664
35.875 75.875 -1.2198
35.875 76.125 -1.0313
35.875 76.375 -1.3437
35.875 76.625 -1.2922
35.875 79.375 -0.47707
36.125 72.625 -0.28624
36.125 72.875 -0.29153
36.125 73.125 -0.28145
36.125 73.375 -0.26472
36.125 73.625 -0.25358
36.125 73.875 -0.33144
36.125 74.125 -0.49889
36.125 74.375 -0.55268
36.125 74.625 -1.0403
36.125 74.875 -0.89343
36.125 75.125 -1.0663
36.125 75.375 -1.0927
36.125 75.625 -1.1311
36.125 75.875 -1.6974
36.125 76.125 -1.7103
36.125 76.375 -1.1904
36.125 76.625 -1.0688
36.375 73.125 -0.25482
36.375 73.375 -0.31051
36.375 73.625 -0.28968
36.375 73.875 -0.26271
36.375 74.125 -0.41606
36.375 74.375 -0.48024
36.375 74.625 -0.35486
36.375 74.875 -0.63029
36.375 75.125 -1.6337
36.375 75.375 -1.1384
36.375 75.625 -0.94002
36.375 75.875 -1.4177
36.375 76.125 -1.3791
36.625 73.375 -0.25414
36.625 73.625 -0.20807
36.625 73.875 -0.32467
36.625 74.125 -0.26456
36.625 74.375 -0.27762
36.625 74.625 -0.45789
36.625 74.875 -0.72179
36.625 75.125 -0.5907
36.625 75.375 -0.92036
36.625 75.625 -0.96337
36.875 73.875 -0.15528
36.875 74.375 -0.35278
36.875 74.625 -0.45281
36.875 74.875 -0.51346
36.875 75.125 -0.64528
36.875 75.375 -0.4791
