8.125 77.375 -0.11515
8.375 77.125 -1.5526
8.375 77.375 0.88676
8.375 77.625 0.33985
8.375 77.875 0.19375
8.625 76.875 -0.47607
8.625 77.125 -1.471
8.625 77.375 0.3898
8.625 77.625 0.25773
8.625 77.875 0.7136
8.875 76.875 -1.5901
8.875 77.125 -0.63675
8.875 77.375 0.19104
8.875 77.625 -0.40004
8.875 77.875 -0.73261
9.125 76.625 -1.6011
9.125 76.875 -1.6746
9.125 77.125 -0.90727
9.125 77.375 -0.15199
9.125 77.625 -0.17537
9.125 77.875 -0.96436
9.125 78.125 -0.75384
NaN NaN NaN
9.375 76.625 -0.78303
9.375 76.875 -0.2628
9.375 77.125 -2.0678
9.375 77.375 -0.22185
9.375 77.625 0.42177
9.375 77.875 -0.20972
9.375 78.125 -0.7091
9.375 78.375 -0.3919
9.375 78.625 -0.82002
NaN NaN NaN
9.625 76.375 -2.2857
9.625 76.625 -1.3395
9.625 76.875 -0.58699
9.625 77.125 -1.0685
9.625 77.375 0.82561
9.625 77.625 0.21867
9.625 77.875 -0.78186
9.625 78.125 -0.42156
9.625 78.375 -0.74069
9.625 78.625 -0.72622
9.875 76.625 -2.3897
9.875 76.875 0.26631
9.875 77.125 -0.13836
9.875 77.375 -0.10121
9.875 77.625 -0.43944
9.875 77.875 -0.46552
9.875 78.125 -1.4852
9.875 78.375 -0.92394
9.875 78.625 -0.99088
9.875 78.875 -1.8283
10.125 76.375 -1.9098
10.125 76.625 -0.6893
10.125 76.875 1.0237
10.125 77.125 -0.7855
10.125 77.375 1.5473
10.125 77.625 0.44892
10.125 77.875 -0.27615
10.125 78.125 -1.1883
10.125 78.375 -0.60315
10.125 78.625 -1.5346
10.125 78.875 -1.546
10.125 79.125 -1.8326
10.375 76.375 -0.92254
10.375 76.625 -0.36896
10.375 76.875 0.99038
10.375 77.125 0.24286
10.375 77.375 0.10183
10.375 77.625 -0.28784
10.375 77.875 -0.49794
10.375 78.125 -0.83445
10.375 78.375 -0.78392
10.375 78.625 -1.5349
10.375 78.875 -1.4507
10.375 79.125 -2.0198
NaN NaN NaN
NaN NaN NaN
10.625 76.125 -5.1818
10.625 76.375 -4.6661
10.625 76.625 -3.4979
10.625 76.875 -2.2687
10.625 77.125 -1.3472
10.625 77.375 -0.34598
10.625 77.625 -0.4237
10.625 77.875 -0.40642
10.625 78.125 -2.0922
10.625 78.375 -2.0221
10.625 78.625 -1.87
10.625 78.875 -1.854
10.625 79.125 -1.7089
10.625 79.375 -1.3088
10.625 79.625 -1.2039
10.875 76.125 -2.1626
10.875 76.375 0.09912
10.875 76.625 -1.6428
10.875 76.875 -0.79796
10.875 77.125 -2.1911
10.875 77.375 -1.1441
10.875 77.625 -1.4916
10.875 77.875 -1.687
10.875 78.125 -2.435
10.875 78.375 -2.3489
10.875 78.625 -2.2718
10.875 78.875 -1.6943
10.875 79.125 -1.5609
10.875 79.375 -1.4011
10.875 79.625 -1.1605
11.125 76.125 -5.792
11.125 76.375 -4.2006
11.125 76.625 -0.23813
11.125 76.875 -0.80241
11.125 77.125 -2.0143
11.125 77.375 -2.4923
11.125 77.625 -1.8621
11.125 77.875 -1.1744
11.125 78.125 -2.2893
11.125 78.375 -2.392
11.125 78.625 -2.1037
11.125 78.875 -1.9669
11.125 79.125 -1.5664
11.125 79.375 -1.5145
11.125 79.625 -0.95696
11.375 75.875 -3.4195
11.375 76.125 -4.48
11.375 76.375 -1.6234
11.375 76.625 -0.79151
11.375 76.875 -0.78488
11.375 77.125 -0.58148
11.375 77.375 -1.8838
11.375 77.625 -1.3648
11.375 77.875 -1.8838
11.375 78.125 -2.4432
11.375 78.375 -1.7255
11.375 78.625 -1.4956
11.375 78.875 -0.53372
11.375 79.125 -0.7993
11.375 79.375 -1.6277
11.375 79.625 -1.7196
11.625 75.875 -0.38875
11.625 76.125 -0.70794
11.625 76.375 0.83478
11.625 76.625 -0.1081
11.625 76.875 -1.2265
11.625 77.125 0.13925
11.625 77.375 -0.45012
11.625 77.625 -1.0552
11.625 77.875 -2.293
11.625 78.125 -2.431
11.625 78.375 -0.65848
11.625 78.625 -1.3115
11.625 78.875 -1.2267
11.625 79.125 -1.6347
11.625 79.375 -1.5816
NaN NaN NaN
NaN NaN NaN
11.875 75.875 -1.1795
11.875 76.125 -0.49841
11.875 76.375 -0.27172
11.875 76.625 0.24106
11.875 76.875 -0.53868
11.875 77.125 -0.095909
11.875 77.375 -0.32118
11.875 77.625 -1.4741
11.875 77.875 -1.2673
11.875 78.125 -2.7106
11.875 78.375 -1.7562
11.875 78.625 -0.68739
11.875 78.875 -1.2833
11.875 79.125 -2.0742
11.875 79.375 -1.7451
11.875 79.625 -1.3535
12.125 75.375 -2.0421
12.125 75.625 -5.2751
12.125 75.875 -3.0883
12.125 76.125 -1.3699
12.125 76.375 -0.89677
12.125 76.625 -1.311
12.125 76.875 -0.21116
12.125 77.125 0.63917
12.125 77.375 -0.48027
12.125 77.625 -0.78686
12.125 77.875 -1.4697
12.125 78.125 -1.5561
12.125 78.375 -0.86659
12.125 78.625 -1.7012
12.125 78.875 -1.489
12.125 79.125 -1.0971
12.125 79.375 -0.87242
12.125 79.625 -1.5408
12.375 75.125 -6.3499
12.375 75.375 -6.5288
12.375 75.625 -1.474
12.375 75.875 -0.048532
12.375 76.125 -1.0792
12.375 76.375 -1.1587
12.375 76.625 -1.3552
12.375 76.875 -2.9621
12.375 77.125 -1.5587
12.375 77.375 -0.51014
12.375 77.625 -0.86317
12.375 77.875 -1.367
12.375 78.125 -1.069
12.375 78.375 -0.7931
12.375 78.625 -1.2707
12.375 78.875 -1.6595
12.375 79.125 -1.6634
12.375 79.375 -1.5112
12.375 79.625 -0.59771
12.375 79.875 -1.7434
12.625 75.125 -2.8657
12.625 75.375 -3.9486
12.625 75.625 -5.3138
12.625 75.875 -0.65859
12.625 76.125 -1.7174
12.625 76.375 -0.96767
12.625 76.625 -0.6295
12.625 76.875 -1.6563
12.625 77.125 -2.5657
12.625 77.375 -2.3624
12.625 77.625 -0.47319
12.625 77.875 -0.3584
12.625 78.125 -1.107
12.625 78.375 -0.49449
12.625 78.625 -0.32342
12.625 78.875 -1.1587
12.625 79.125 -1.9838
12.625 79.375 -0.94915
12.625 79.625 -1.0061
12.625 79.875 -1.5389
12.875 75.125 -2.3606
12.875 75.375 -1.0499
12.875 75.625 -3.8974
12.875 75.875 -2.4045
12.875 76.125 -1.3091
12.875 76.375 -1.1601
12.875 76.625 -1.9387
12.875 76.875 -2.1096
12.875 77.125 -1.3144
12.875 77.375 -1.053
12.875 77.625 -1.3743
12.875 77.875 -0.049101
12.875 78.125 -0.33344
12.875 78.375 -0.93681
12.875 78.625 -0.66608
12.875 78.875 -1.5482
12.875 79.125 -1.7033
12.875 79.375 -1.4472
12.875 79.625 -1.186
12.875 79.875 -1.7394
NaN NaN NaN
13.125 75.125 -1.4906
13.125 75.375 -1.2818
13.125 75.625 -0.89394
13.125 75.875 -1.7139
13.125 76.125 -2.0122
13.125 76.375 -0.29715
13.125 76.625 -0.44979
13.125 76.875 -0.76651
13.125 77.125 -1.0266
13.125 77.375 -1.2324
13.125 77.625 -0.19916
13.125 77.875 -0.7894
13.125 78.125 -0.47656
13.125 78.375 -1.4754
13.125 78.625 -1.4102
13.125 78.875 -1.2449
13.125 79.125 -1.6029
13.125 79.375 -1.973
13.125 79.625 -1.8716
13.125 79.875 -2.1681
13.125 80.125 -2.0816
NaN NaN NaN
13.375 75.125 -1.0648
13.375 75.375 -1.5819
13.375 75.625 -0.41004
13.375 75.875 0.21759
13.375 76.125 0.42651
13.375 76.375 -0.45931
13.375 76.625 -0.6965
13.375 76.875 -1.1579
13.375 77.125 -1.5171
13.375 77.375 -1.1812
13.375 77.625 -0.95022
13.375 77.875 -1.1544
13.375 78.125 -0.92989
13.375 78.375 -0.94122
13.375 78.625 -1.107
13.375 78.875 -1.2792
13.375 79.125 -1.9612
13.375 79.375 -1.8139
13.375 79.625 -1.9312
13.375 79.875 -1.8372
13.375 80.125 -1.8881
13.625 74.875 -2.9395
13.625 75.125 -0.60203
13.625 75.375 -0.62704
13.625 75.625 -0.78012
13.625 75.875 -2.6654
13.625 76.125 -1.0734
13.625 76.375 -1.2715
13.625 76.625 -1.0091
13.625 76.875 -1.3254
13.625 77.125 -0.43698
13.625 77.375 -1.3973
13.625 77.625 -1.3524
13.625 77.875 -1.3987
13.625 78.125 -1.6234
13.625 78.375 -1.5581
13.625 78.625 -1.7225
13.625 78.875 -1.4812
13.625 79.125 -1.3532
13.625 79.375 -2.1253
13.625 79.625 -1.7656
13.625 79.875 -1.3174
13.625 80.125 -1.7049
13.875 74.875 -1.1915
13.875 75.125 -0.10822
13.875 75.375 -0.34871
13.875 75.625 -0.86323
13.875 75.875 -0.8844
13.875 76.125 -1.3887
13.875 76.375 -1.2725
13.875 76.625 -0.53818
13.875 76.875 -1.5766
13.875 77.125 -1.3178
13.875 77.375 -1.4927
13.875 77.625 -1.7022
13.875 77.875 -1.5745
13.875 78.125 -1.7513
13.875 78.375 -1.8412
13.875 78.625 -1.3604
13.875 78.875 -1.2019
13.875 79.125 -1.3765
13.875 79.375 -1.2852
13.875 79.625 -2.187
13.875 79.875 -1.5936
14.125 74.625 -1.3022
14.125 74.875 -1.6408
14.125 75.125 -0.66885
14.125 75.375 -1.5516
14.125 75.625 -1.432
14.125 75.875 -1.0543
14.125 76.125 -1.0996
14.125 76.375 -1.2102
14.125 76.625 -1.2181
14.125 76.875 -0.034899
14.125 77.125 -1.1711
14.125 77.375 -1.5387
14.125 77.625 -1.4456
14.125 77.875 -1.2266
14.125 78.125 -1.1578
14.125 78.375 -1.6951
14.125 78.625 -1.4824
14.125 78.875 -1.5305
14.125 79.125 -1.4376
14.125 79.375 -1.6818
14.125 79.625 -1.3203
14.125 79.875 -1.214
14.375 74.625 -1.8685
14.375 74.875 -1.7926
14.375 75.125 -1.4346
14.375 75.375 -1.0056
14.375 75.625 -0.85873
14.375 75.875 -0.65398
14.375 76.125 -0.7147
14.375 76.375 -0.52719
14.375 76.625 -0.79366
14.375 76.875 -0.25343
14.375 77.125 -1.2022
14.375 77.375 -1.3391
14.375 77.625 -1.3785
14.375 77.875 -1.2745
14.375 78.125 -1.3103
14.375 78.375 -1.6689
14.375 78.625 -1.5391
14.375 78.875 -1.7716
14.375 79.125 -1.6357
14.375 79.375 -1.0434
14.375 79.625 -1.0504
14.375 79.875 -1.0903
NaN NaN NaN
14.625 74.625 -1.726
14.625 74.875 -1.8009
14.625 75.125 -2.221
14.625 75.375 -1.4868
14.625 75.625 -1.6851
14.625 75.875 -0.86999
14.625 76.125 -0.62201
14.625 76.375 -0.8234
14.625 76.625 -0.56135
14.625 76.875 -0.34064
14.625 77.125 -0.89484
14.625 77.375 -1.2865
14.625 77.625 -0.96215
14.625 77.875 -1.0243
14.625 78.125 -1.7295
14.625 78.375 -1.5397
14.625 78.625 -1.9697
14.625 78.875 -1.6814
14.625 79.125 -2.0888
14.625 79.375 -1.7515
14.625 79.625 -1.7862
14.625 79.875 -1.6148
14.875 74.375 -5.4155
14.875 74.625 -1.2814
14.875 74.875 -1.7552
14.875 75.125 -1.4045
14.875 75.375 -1.9393
14.875 75.625 -2.1941
14.875 75.875 -1.9934
14.875 76.125 -0.94917
14.875 76.375 -1.299
14.875 76.625 -1.4105
14.875 76.875 -0.27317
14.875 77.125 -0.80418
14.875 77.375 -1.4805
14.875 77.625 -1.3185
14.875 77.875 -1.2303
14.875 78.125 -1.6501
14.875 78.375 -1.2752
14.875 78.625 -1.654
14.875 78.875 -1.5425
14.875 79.125 -1.5471
14.875 79.375 -1.5286
14.875 79.625 -1.7769
14.875 79.875 -1.4427
15.125 74.125 -2.5894
15.125 74.375 -5.0356
15.125 74.625 -1.1008
15.125 74.875 -1.5035
15.125 75.125 -1.3703
15.125 75.375 -1.4826
15.125 75.625 -0.65362
15.125 75.875 -1.279
15.125 76.125 -1.4285
15.125 76.375 -1.331
15.125 76.625 -1.1935
15.125 76.875 -1.3926
15.125 77.125 -1.5254
15.125 77.375 -1.3862
15.125 77.625 -0.96728
15.125 77.875 -1.4969
15.125 78.125 -0.90575
15.125 78.375 -1.2025
15.125 78.625 -1.1301
15.125 78.875 -0.48769
15.125 79.125 -0.51285
15.125 79.375 -0.84527
15.125 79.625 -1.4908
15.125 79.875 -1.5192
15.375 73.875 -3.8126
15.375 74.125 -3.2175
15.375 74.375 -1.4974
15.375 74.625 -5.3204
15.375 74.875 -1.0363
15.375 75.125 -1.4508
15.375 75.375 -0.99776
15.375 75.625 -0.91351
15.375 75.875 -0.69411
15.375 76.125 -1.6604
15.375 76.375 -1.3818
15.375 76.625 -1.5515
15.375 76.875 -1.2616
15.375 77.125 -1.4896
15.375 77.375 -1.7007
15.375 77.625 -1.8546
15.375 77.875 -2.0199
15.375 78.125 -1.9847
15.375 78.375 -1.0468
15.375 78.625 -1.3812
15.375 78.875 -1.4437
15.375 79.125 -1.4337
15.375 79.375 -1.8207
15.375 79.625 -2.1192
15.375 79.875 -1.9822
15.625 73.875 -1.3748
15.625 74.125 -3.0912
15.625 74.375 -3.4227
15.625 74.625 -0.68124
15.625 74.875 -2.0764
15.625 75.125 -1.0382
15.625 75.375 -1.0824
15.625 75.625 -0.96569
15.625 75.875 -0.76439
15.625 76.125 -1.6964
15.625 76.375 -1.7626
15.625 76.625 -1.4696
15.625 76.875 -1.1295
15.625 77.125 -1.9332
15.625 77.375 -1.6994
15.625 77.625 -1.5776
15.625 77.875 -1.8648
15.625 78.125 -1.7061
15.625 78.375 -1.7531
15.625 78.625 -1.8812
15.625 78.875 -1.4282
15.625 79.125 -1.7103
15.625 79.375 -0.86622
15.625 79.625 -1.6406
15.625 79.875 -2.0995
15.625 80.125 -1.7971
15.875 73.875 -3.0278
15.875 74.125 -1.1466
15.875 74.375 -1.5002
15.875 74.625 -1.6959
15.875 74.875 -2.058
15.875 75.125 -1.5431
15.875 75.375 -1.3703
15.875 75.625 -1.3963
15.875 75.875 -1.4389
15.875 76.125 -1.6421
15.875 76.375 -1.8748
15.875 76.625 -2.0946
15.875 76.875 -1.05
15.875 77.125 -2.3723
15.875 77.375 -2.0648
15.875 77.625 -2.0751
15.875 77.875 -1.2355
15.875 78.125 -1.2231
15.875 78.375 -1.7736
15.875 78.625 -1.853
15.875 78.875 -1.5942
15.875 79.125 -1.0665
15.875 79.375 -2.2344
15.875 79.625 -2.1676
15.875 79.875 -2.9687
15.875 80.125 -0.82054
15.875 80.375 -1.7369
NaN NaN NaN
15.875 80.875 -1.0288
16.125 73.625 -2.9793
16.125 73.875 -5.3579
16.125 74.125 -4.3312
16.125 74.375 -3.2869
16.125 74.625 -1.8304
16.125 74.875 -0.86754
16.125 75.125 -1.7739
16.125 75.375 -1.6471
16.125 75.625 -1.5874
16.125 75.875 -1.8787
16.125 76.125 -1.6473
16.125 76.375 -1.8699
16.125 76.625 -1.8834
16.125 76.875 -1.9453
16.125 77.125 -1.9888
16.125 77.375 -2.1198
16.125 77.625 -1.7798
16.125 77.875 -1.3835
16.125 78.125 -1.2082
16.125 78.375 -1.3354
16.125 78.625 -1.662
16.125 78.875 -1.8402
16.125 79.125 -1.774
16.125 79.375 -1.4994
16.125 79.625 -1.6894
16.125 79.875 -0.61571
16.125 80.125 -0.51661
16.125 80.375 -0.1272
16.125 80.625 -0.41543
16.125 80.875 -0.54289
16.375 73.625 -1.6371
16.375 73.875 -6.0167
16.375 74.125 -6.6119
16.375 74.375 -4.3348
16.375 74.625 -2.1849
16.375 74.875 -1.6461
16.375 75.125 -1.5036
16.375 75.375 -1.688
16.375 75.625 -1.6505
16.375 75.875 -2.2735
16.375 76.125 -1.7473
16.375 76.375 -1.9247
16.375 76.625 -1.7572
16.375 76.875 -1.9073
16.375 77.125 -1.8297
16.375 77.375 -1.7068
16.375 77.625 -2.1286
16.375 77.875 -1.5534
16.375 78.125 -1.0205
16.375 78.375 -1.0512
16.375 78.625 -2.1216
16.375 78.875 -2.8531
16.375 79.125 -1.0903
16.375 79.375 -1.8246
16.375 79.625 -1.9709
16.375 79.875 -0.98996
16.375 80.125 -0.36884
16.375 80.375 -0.9298
16.375 80.625 -1.1457
16.375 80.875 -0.9422
16.375 81.125 -1.17
NaN NaN NaN
NaN NaN NaN
16.625 73.625 -4.8481
16.625 73.875 -5.624
16.625 74.125 -5.9835
16.625 74.375 -5.245
16.625 74.625 -2.6834
16.625 74.875 -2.2953
16.625 75.125 -1.3287
16.625 75.375 -1.9314
16.625 75.625 -1.7639
16.625 75.875 -1.7924
16.625 76.125 -1.9314
16.625 76.375 -1.8442
16.625 76.625 -1.9221
16.625 76.875 -1.7174
16.625 77.125 -1.5035
16.625 77.375 -1.5994
16.625 77.625 -2.089
16.625 77.875 -1.0819
16.625 78.125 -1.1333
16.625 78.375 -1.569
16.625 78.625 -2.1069
16.625 78.875 -2.5178
16.625 79.125 -2.4998
16.625 79.375 -0.87496
16.625 79.625 -0.65237
16.625 79.875 -0.99503
16.625 80.125 -0.11309
16.625 80.375 -0.70705
16.625 80.625 -0.76026
16.625 80.875 -1.7492
16.625 81.125 -1.0159
16.625 81.375 -0.84481
16.625 81.625 -1.9891
16.625 81.875 -1.384
16.625 82.125 -0.7612
16.875 73.375 -3.3679
16.875 73.625 -5.5018
16.875 73.875 -6.1048
16.875 74.125 -5.6526
16.875 74.375 -0.92354
16.875 74.625 -1.8894
16.875 74.875 -1.1263
16.875 75.125 -1.1997
16.875 75.375 -2.1791
16.875 75.625 -1.2515
16.875 75.875 -1.3902
16.875 76.125 -1.7565
16.875 76.375 -2.1273
16.875 76.625 -2.1828
16.875 76.875 -1.9516
16.875 77.125 -1.6852
16.875 77.375 -1.5685
16.875 77.625 -1.9889
16.875 77.875 -1.4525
16.875 78.125 -1.833
16.875 78.375 -2.0787
16.875 78.625 -1.4997
16.875 78.875 -2.3522
16.875 79.125 -2.4983
16.875 79.375 -1.2874
16.875 79.625 -1.3809
16.875 79.875 -0.90506
16.875 80.125 -0.50582
16.875 80.375 -0.62397
16.875 80.625 -0.99218
16.875 80.875 -0.73809
16.875 81.125 -2.3456
16.875 81.375 -1.6343
16.875 81.625 -1.3087
16.875 81.875 -1.0848
16.875 82.125 -0.87556
17.125 73.375 -4.4738
17.125 73.625 -5.4841
17.125 73.875 -6.0226
17.125 74.125 -4.5859
17.125 74.375 -1.6616
17.125 74.625 -2.2491
17.125 74.875 -1.4385
17.125 75.125 -1.5187
17.125 75.375 -1.5361
17.125 75.625 -0.92439
17.125 75.875 -1.8811
17.125 76.125 -2.3289
17.125 76.375 -1.9618
17.125 76.625 -2.0156
17.125 76.875 -1.711
17.125 77.125 -1.9949
17.125 77.375 -1.7131
17.125 77.625 -1.5842
17.125 77.875 -1.3006
17.125 78.125 -2.5362
17.125 78.375 -2.123
17.125 78.625 -1.6836
17.125 78.875 -0.85944
17.125 79.125 -0.60144
17.125 79.375 -0.25378
17.125 79.625 -0.80747
17.125 79.875 -0.88503
17.125 80.125 -0.14935
17.125 80.375 -0.54219
17.125 80.625 -0.83247
17.125 80.875 -1.0139
17.125 81.125 -1.0739
17.125 81.375 -1.5856
17.125 81.625 -0.84464
17.125 81.875 -0.50795
17.125 82.125 -0.94389
17.125 82.375 -2.394
17.375 73.375 -4.4209
17.375 73.625 -5.3629
17.375 73.875 -5.7778
17.375 74.125 -5.4669
17.375 74.375 -1.363
17.375 74.625 -2.6714
17.375 74.875 -1.8305
17.375 75.125 -1.742
17.375 75.375 -2.1563
17.375 75.625 -1.4658
17.375 75.875 -2.7054
17.375 76.125 -1.9047
17.375 76.375 -1.7837
17.375 76.625 -1.769
17.375 76.875 -1.2631
17.375 77.125 -1.6882
17.375 77.375 -1.8624
17.375 77.625 -1.4687
17.375 77.875 -1.4349
17.375 78.125 -1.2835
17.375 78.375 -1.3502
17.375 78.625 -2.2562
17.375 78.875 -0.46163
17.375 79.125 -0.0069829
17.375 79.375 -0.36917
17.375 79.625 -0.60717
17.375 79.875 -1.0062
17.375 80.125 -0.46688
17.375 80.375 -0.95343
17.375 80.625 -0.22055
17.375 80.875 -0.70136
17.375 81.125 -0.19524
17.375 81.375 -2.5204
17.375 81.625 -0.75054
17.375 81.875 -0.73945
17.375 82.125 -0.91297
17.375 82.375 -0.78742
NaN NaN NaN
17.625 73.375 -3.3272
17.625 73.625 -5.3327
17.625 73.875 -6.2469
17.625 74.125 -4.9222
17.625 74.375 -1.8197
17.625 74.625 -2.4938
17.625 74.875 -1.7208
17.625 75.125 -1.9343
17.625 75.375 -1.6069
17.625 75.625 -1.8983
17.625 75.875 -2.4015
17.625 76.125 -1.8732
17.625 76.375 -1.4493
17.625 76.625 -1.5647
17.625 76.875 -1.0333
17.625 77.125 -1.4232
17.625 77.375 -1.7108
17.625 77.625 -1.9882
17.625 77.875 -1.8436
17.625 78.125 -1.4443
17.625 78.375 -0.28996
17.625 78.625 -0.38963
17.625 78.875 -0.92018
17.625 79.125 -0.51623
17.625 79.375 -1.2606
17.625 79.625 -1.1015
17.625 79.875 -1.3714
17.625 80.125 -0.85767
17.625 80.375 -2.3253
17.625 80.625 -0.99344
17.625 80.875 -0.074128
17.625 81.125 0.1112
17.625 81.375 -0.27675
17.625 81.625 -2.9832
17.625 81.875 -2.7978
17.625 82.125 -2.2241
17.625 82.375 -1.0887
17.625 82.625 -1.1045
17.625 82.875 -0.2782
17.625 83.125 -0.44162
17.875 73.375 -1.8596
17.875 73.625 -5.3229
17.875 73.875 -3.1684
17.875 74.125 -3.7081
17.875 74.375 -1.6391
17.875 74.625 -2.3084
17.875 74.875 -1.8329
17.875 75.125 -2.322
17.875 75.375 -2.3556
17.875 75.625 -2.259
17.875 75.875 -1.8857
17.875 76.125 -1.7553
17.875 76.375 -1.8103
17.875 76.625 -1.5973
17.875 76.875 -1.9159
17.875 77.125 -1.6308
17.875 77.375 -1.3646
17.875 77.625 -0.66274
17.875 77.875 -0.36394
17.875 78.125 0.559
17.875 78.375 0.50744
17.875 78.625 1.0274
17.875 78.875 0.57775
17.875 79.125 -0.28014
17.875 79.375 -1.0144
17.875 79.625 -1.4594
17.875 79.875 -1.4792
17.875 80.125 -1.2359
17.875 80.375 -2.5268
17.875 80.625 -0.86643
17.875 80.875 -0.96282
17.875 81.125 -0.56931
17.875 81.375 -0.74386
17.875 81.625 -1.1513
17.875 81.875 -5.8617
17.875 82.125 -5.2679
17.875 82.375 -1.2775
17.875 82.625 -1.3609
17.875 82.875 -0.92947
17.875 83.125 -0.3698
17.875 83.375 -0.68744
NaN NaN NaN
18.125 73.375 -5.7819
18.125 73.625 -5.0735
18.125 73.875 -0.75138
18.125 74.125 -2.2951
18.125 74.375 -1.5686
18.125 74.625 -1.9133
18.125 74.875 -2.2901
18.125 75.125 -3.1228
18.125 75.375 -3.0455
18.125 75.625 -2.7234
18.125 75.875 -2.5972
18.125 76.125 -1.645
18.125 76.375 -1.1711
18.125 76.625 -2.3603
18.125 76.875 -1.9623
18.125 77.125 -1.3129
18.125 77.375 -0.43285
18.125 77.625 -0.15592
18.125 77.875 -0.648
18.125 78.125 0.17401
18.125 78.375 -0.48385
18.125 78.625 0.52648
18.125 78.875 -0.49799
18.125 79.125 -0.06219
18.125 79.375 -0.36231
18.125 79.625 -0.41701
18.125 79.875 -0.94797
18.125 80.125 -0.72101
18.125 80.375 -2.8315
18.125 80.625 -1.1955
18.125 80.875 -1.0379
18.125 81.125 -3.8575
18.125 81.375 -0.8704
18.125 81.625 -0.93769
18.125 81.875 -0.7966
18.125 82.125 -2.8877
18.125 82.375 -1.4675
18.125 82.625 -0.45532
18.125 82.875 -2.1207
18.125 83.125 -0.98324
18.125 83.375 -0.99379
18.125 83.625 -0.064302
18.375 73.125 -3.6862
18.375 73.375 -5.6756
18.375 73.625 -2.7413
18.375 73.875 -1.4905
18.375 74.125 -1.8896
18.375 74.375 -1.954
18.375 74.625 -2.0368
18.375 74.875 -2.9024
18.375 75.125 -2.5192
18.375 75.375 -1.4079
18.375 75.625 -1.6496
18.375 75.875 -2.2979
18.375 76.125 -1.555
18.375 76.375 -1.6416
18.375 76.625 -1.8007
18.375 76.875 -1.9386
18.375 77.125 -1.9282
18.375 77.375 -2.1042
18.375 77.625 -0.95441
18.375 77.875 -1.0662
18.375 78.125 -0.78618
18.375 78.375 0.39789
18.375 78.625 0.72493
18.375 78.875 -0.16011
18.375 79.125 -0.13804
18.375 79.375 0.18724
18.375 79.625 -0.035559
18.375 79.875 -0.33467
18.375 80.125 -0.0050176
18.375 80.375 -0.26879
18.375 80.625 -0.47927
18.375 80.875 -1.112
18.375 81.125 -2.972
18.375 81.375 -3.1055
18.375 81.625 -3.1565
18.375 81.875 -2.5814
18.375 82.125 -2.418
18.375 82.375 -2.3582
18.375 82.625 -1.444
18.375 82.875 -2.1313
18.375 83.125 -0.11446
18.375 83.375 -0.25929
18.375 83.625 -1.0169
18.375 83.875 -0.872
18.625 73.125 -3.751
18.625 73.375 -1.4843
18.625 73.625 -1.7478
18.625 73.875 -2.0251
18.625 74.125 -2.8079
18.625 74.375 -1.6434
18.625 74.625 -2.1282
18.625 74.875 -1.8397
18.625 75.125 -2.1361
18.625 75.375 -2.5179
18.625 75.625 -1.7744
18.625 75.875 -1.8263
18.625 76.125 -2.1466
18.625 76.375 -2.0102
18.625 76.625 -1.5456
18.625 76.875 -1.8779
18.625 77.125 -1.8813
18.625 77.375 -1.626
18.625 77.625 -0.50064
18.625 77.875 -0.4597
18.625 78.125 -1.3676
18.625 78.375 0.17711
18.625 78.625 -1.8479
18.625 78.875 -0.052575
18.625 79.125 -0.425
18.625 79.375 -1.1238
18.625 79.625 -1.0693
18.625 79.875 -0.69582
18.625 80.125 -0.87749
18.625 80.375 -1.5604
18.625 80.625 -0.53163
18.625 80.875 -0.37876
18.625 81.125 -0.52412
18.625 81.375 -1.5762
18.625 81.625 -4.0679
18.625 81.875 -4.9031
18.625 82.125 -3.1304
18.625 82.375 -2.0597
18.625 82.625 -3.0571
18.625 82.875 -3.0298
18.625 83.125 -1.1304
18.625 83.375 -1.6619
18.625 83.625 -1.7271
18.625 83.875 -1.3985
18.625 84.125 -1.1793
18.875 73.125 -0.50804
18.875 73.375 -5.9157
18.875 73.625 -1.5129
18.875 73.875 -1.2847
18.875 74.125 -2.4049
18.875 74.375 -2.0894
18.875 74.625 -1.9383
18.875 74.875 -1.6885
18.875 75.125 -2.6787
18.875 75.375 -2.2388
18.875 75.625 -2.1661
18.875 75.875 -2.3908
18.875 76.125 -1.455
18.875 76.375 -1.7683
18.875 76.625 -1.5659
18.875 76.875 -1.401
18.875 77.125 -1.3151
18.875 77.375 -2.0296
18.875 77.625 -1.2116
18.875 77.875 -1.0992
18.875 78.125 -0.86174
18.875 78.375 -1.9666
18.875 78.625 0.18252
18.875 78.875 -0.22148
18.875 79.125 -0.25427
18.875 79.375 -0.6178
18.875 79.625 -0.56974
18.875 79.875 -0.21188
18.875 80.125 -3.1224
18.875 80.375 -3.9353
18.875 80.625 -4.1638
18.875 80.875 -1.1789
18.875 81.125 -0.30925
18.875 81.375 -1.0603
18.875 81.625 -4.4944
18.875 81.875 -1.0364
18.875 82.125 -2.0233
18.875 82.375 -2.0529
18.875 82.625 -4.9762
18.875 82.875 -2.2207
18.875 83.125 -0.48877
18.875 83.375 -1.7696
18.875 83.625 -1.4594
18.875 83.875 -0.71418
18.875 84.125 -1.0187
18.875 84.375 -0.64659
19.125 73.125 -4.763
19.125 73.375 -2.9701
19.125 73.625 -4.1644
19.125 73.875 -1.7013
19.125 74.125 -2.1541
19.125 74.375 -2.0487
19.125 74.625 -1.9706
19.125 74.875 -1.6248
19.125 75.125 -2.0617
19.125 75.375 -2.402
19.125 75.625 -2.4369
19.125 75.875 -2.2795
19.125 76.125 -1.7344
19.125 76.375 -1.5275
19.125 76.625 -1.4301
19.125 76.875 -1.942
19.125 77.125 -1.5208
19.125 77.375 -0.63688
19.125 77.625 -1.5766
19.125 77.875 -1.7959
19.125 78.125 -1.9481
19.125 78.375 -1.1787
19.125 78.625 -0.3969
19.125 78.875 -1.1014
19.125 79.125 -1.1416
19.125 79.375 -0.5521
19.125 79.625 -0.44148
19.125 79.875 -0.33898
19.125 80.125 -3.2963
19.125 80.375 -3.6175
19.125 80.625 -0.27659
19.125 80.875 -1.1885
19.125 81.125 0.0039878
19.125 81.375 -0.22147
19.125 81.625 -0.88068
19.125 81.875 -1.2579
19.125 82.125 -1.0568
19.125 82.375 -0.55531
19.125 82.625 -1.5783
19.125 82.875 -0.81986
19.125 83.125 -1.4999
19.125 83.375 -1.181
19.125 83.625 -1.7967
19.125 83.875 -1.348
19.125 84.125 -1.3831
19.125 84.375 -1.5981
19.125 84.625 -1.1285
19.375 72.875 -1.9974
19.375 73.125 -4.4898
19.375 73.375 -2.8458
19.375 73.625 -3.5279
19.375 73.875 -2.3014
19.375 74.125 -1.4858
19.375 74.375 -1.675
19.375 74.625 -1.6467
19.375 74.875 -1.2393
19.375 75.125 -2.1294
19.375 75.375 -2.0673
19.375 75.625 -2.2378
19.375 75.875 -2.24
19.375 76.125 -1.9439
19.375 76.375 -2.5316
19.375 76.625 -2.5871
19.375 76.875 -2.3631
19.375 77.125 -1.6018
19.375 77.375 -2.1363
19.375 77.625 -2.1148
19.375 77.875 -1.4144
19.375 78.125 -1.4597
19.375 78.375 -0.77709
19.375 78.625 -0.44055
19.375 78.875 -0.47346
19.375 79.125 -0.84219
19.375 79.375 0.079518
19.375 79.625 -0.61989
19.375 79.875 -2.9135
19.375 80.125 -0.19026
19.375 80.375 -0.25949
19.375 80.625 -0.97565
19.375 80.875 -0.19344
19.375 81.125 0.048949
19.375 81.375 0.18338
19.375 81.625 -0.75737
19.375 81.875 -4.2611
19.375 82.125 -2.7103
19.375 82.375 0.0945
19.375 82.625 -0.15747
19.375 82.875 -0.86757
19.375 83.125 -1.0088
19.375 83.375 -0.99117
19.375 83.625 -1.3254
19.375 83.875 -0.80644
19.375 84.125 -1.5849
19.375 84.375 -1.3876
19.375 84.625 -0.94784
19.375 84.875 -0.036511
19.625 72.875 -2.2354
19.625 73.125 -3.2723
19.625 73.375 -3.6433
19.625 73.625 -3.8125
19.625 73.875 -1.7531
19.625 74.125 -2.0052
19.625 74.375 -1.8828
19.625 74.625 -1.7951
19.625 74.875 -2.2238
19.625 75.125 -1.8442
19.625 75.375 -2.3625
19.625 75.625 -3.0733
19.625 75.875 -1.9704
19.625 76.125 -2.208
19.625 76.375 -2.4607
19.625 76.625 -3.1432
19.625 76.875 -2.8868
19.625 77.125 -2.7386
19.625 77.375 -1.3437
19.625 77.625 -1.4765
19.625 77.875 -1.74
19.625 78.125 -1.8911
19.625 78.375 -1.2052
19.625 78.625 -0.21863
19.625 78.875 -0.39387
19.625 79.125 -1.2007
19.625 79.375 -1.919
19.625 79.625 -0.86173
19.625 79.875 -0.51581
19.625 80.125 0.13529
19.625 80.375 -0.30698
19.625 80.625 -0.22057
19.625 80.875 -0.41328
19.625 81.125 -0.2141
19.625 81.375 -0.36068
19.625 81.625 -0.52793
19.625 81.875 -4.2099
19.625 82.125 -0.99576
19.625 82.375 -0.36667
19.625 82.625 0.19191
19.625 82.875 -1.4432
19.625 83.125 -0.7243
19.625 83.375 -0.96528
19.625 83.625 -0.22761
19.625 83.875 -1.0561
19.625 84.125 -1.9125
19.625 84.375 -0.85318
19.625 84.625 -1.0582
19.625 84.875 -0.67644
19.625 85.125 -0.039553
19.625 85.375 -0.45496
19.875 72.875 -2.0228
19.875 73.125 -3.079
19.875 73.375 -3.3388
19.875 73.625 -4.0415
19.875 73.875 -2.8538
19.875 74.125 -1.979
19.875 74.375 -1.7541
19.875 74.625 -1.8241
19.875 74.875 -1.3734
19.875 75.125 -1.9784
19.875 75.375 -2.5749
19.875 75.625 -1.9561
19.875 75.875 -0.89032
19.875 76.125 -0.91264
19.875 76.375 -0.63823
19.875 76.625 -1.8149
19.875 76.875 -1.2285
19.875 77.125 -1.8362
19.875 77.375 -1.7029
19.875 77.625 -1.7556
19.875 77.875 -1.3701
19.875 78.125 -1.7953
19.875 78.375 -1.9333
19.875 78.625 -1.4685
19.875 78.875 -0.78153
19.875 79.125 -0.78366
19.875 79.375 -1.7101
19.875 79.625 -1.0645
19.875 79.875 -0.33957
19.875 80.125 -0.14948
19.875 80.375 -0.51625
19.875 80.625 -0.38915
19.875 80.875 -0.070932
19.875 81.125 0.041875
19.875 81.375 -0.089625
19.875 81.625 -3.73
19.875 81.875 -0.44245
19.875 82.125 -0.40042
19.875 82.375 0.41151
19.875 82.625 -0.61023
19.875 82.875 -1.3108
19.875 83.125 -0.5323
19.875 83.375 -0.59118
19.875 83.625 0.044234
19.875 83.875 -0.82698
19.875 84.125 -1.8212
19.875 84.375 -1.0438
19.875 84.625 -1.9139
19.875 84.875 -1.4511
19.875 85.125 0.44528
19.875 85.375 -0.25963
NaN NaN NaN
NaN NaN NaN
NaN NaN NaN
20.125 72.875 -1.6258
20.125 73.125 -3.4816
20.125 73.375 -3.6207
20.125 73.625 -3.6864
20.125 73.875 -2.5455
20.125 74.125 0.11595
20.125 74.375 -1.2164
20.125 74.625 -1.7003
20.125 74.875 -1.3231
20.125 75.125 -1.6
20.125 75.375 -1.2412
20.125 75.625 -1.3472
20.125 75.875 -1.522
20.125 76.125 -1.1811
20.125 76.375 -1.0964
20.125 76.625 -1.3033
20.125 76.875 -1.0808
20.125 77.125 -1.2896
20.125 77.375 -1.6086
20.125 77.625 -1.6183
20.125 77.875 -1.7019
20.125 78.125 -1.8204
20.125 78.375 -2.1161
20.125 78.625 -1.0473
20.125 78.875 -1.0613
20.125 79.125 -1.0084
20.125 79.375 -0.86126
20.125 79.625 0.11487
20.125 79.875 0.11989
20.125 80.125 -1.1877
20.125 80.375 -0.052266
20.125 80.625 0.049211
20.125 80.875 -0.057238
20.125 81.125 -0.57459
20.125 81.375 -0.11944
20.125 81.625 0.14299
20.125 81.875 0.083547
20.125 82.125 0.63482
20.125 82.375 0.10948
20.125 82.625 -0.040293
20.125 82.875 -4.6509
20.125 83.125 -2.376
20.125 83.375 -2.8099
20.125 83.625 -0.57646
20.125 83.875 -0.60263
20.125 84.125 -0.57784
20.125 84.375 -0.79569
20.125 84.625 -0.5093
20.125 84.875 -0.63212
20.125 85.125 -0.95863
20.125 85.375 -3.9985
20.125 85.625 -2.466
20.125 85.875 -0.5114
20.125 86.125 -1.8818
NaN NaN NaN
20.375 73.125 -0.4899
20.375 73.375 -3.3624
20.375 73.625 -4.1751
20.375 73.875 -2.696
20.375 74.125 -1.4666
20.375 74.375 -1.6087
20.375 74.625 -2.0847
20.375 74.875 -1.4907
20.375 75.125 -0.47077
20.375 75.375 0.15777
20.375 75.625 -0.55856
20.375 75.875 -0.78347
20.375 76.125 -1.155
20.375 76.375 -1.4919
20.375 76.625 -1.3525
20.375 76.875 -1.2369
20.375 77.125 -2.217
20.375 77.375 -1.6254
20.375 77.625 -1.4511
20.375 77.875 -1.8633
20.375 78.125 -1.5855
20.375 78.375 -1.8072
20.375 78.625 -1.7676
20.375 78.875 -1.1564
20.375 79.125 -0.75479
20.375 79.375 -0.7689
20.375 79.625 -0.40752
20.375 79.875 0.20242
20.375 80.125 -0.068699
20.375 80.375 -0.30486
20.375 80.625 -0.011292
20.375 80.875 0.078526
20.375 81.125 -0.18286
20.375 81.375 0.04526
20.375 81.625 0.12181
20.375 81.875 0.55819
20.375 82.125 0.010136
20.375 82.375 0.39347
20.375 82.625 0.016193
20.375 82.875 -2.4185
20.375 83.125 -4.7013
20.375 83.375 -5.1157
20.375 83.625 -0.98292
20.375 83.875 -1.211
20.375 84.125 -0.51236
20.375 84.375 -0.8107
20.375 84.625 -0.92254
20.375 84.875 -0.60393
20.375 85.125 -0.8836
20.375 85.375 -0.77225
20.375 85.625 -0.87337
20.375 85.875 -0.37111
20.375 86.125 -0.72206
20.375 86.375 -1.4532
NaN NaN NaN
20.625 73.125 -1.4471
20.625 73.375 -1.1342
20.625 73.625 -0.28354
20.625 73.875 -1.5772
20.625 74.125 -1.1033
20.625 74.375 -1.8564
20.625 74.625 -1.282
20.625 74.875 -0.12371
20.625 75.125 -1.8146
20.625 75.375 -2.5031
20.625 75.625 -2.0343
20.625 75.875 -2.1151
20.625 76.125 -1.3029
20.625 76.375 -1.4498
20.625 76.625 -2.0625
20.625 76.875 -1.1939
20.625 77.125 -0.8719
20.625 77.375 -1.2019
20.625 77.625 -1.1403
20.625 77.875 -1.3866
20.625 78.125 -0.82151
20.625 78.375 -1.0422
20.625 78.625 -1.6907
20.625 78.875 -1.1911
20.625 79.125 -0.87899
20.625 79.375 -1.1544
20.625 79.625 -0.18276
20.625 79.875 -0.034467
20.625 80.125 -0.97283
20.625 80.375 -5.4134
20.625 80.625 -0.35778
20.625 80.875 -4.4931
20.625 81.125 -1.4401
20.625 81.375 -0.26678
20.625 81.625 0.34735
20.625 81.875 0.25794
20.625 82.125 -1.2096
20.625 82.375 0.13069
20.625 82.625 -0.4887
20.625 82.875 -0.81254
20.625 83.125 -0.29619
20.625 83.375 -4.4498
20.625 83.625 -0.74198
20.625 83.875 -0.98263
20.625 84.125 -1.5202
20.625 84.375 -0.76928
20.625 84.625 -0.82362
20.625 84.875 -0.24444
20.625 85.125 -0.075131
20.625 85.375 -2.3762
20.625 85.625 -2.6526
20.625 85.875 -0.92969
20.625 86.125 -0.92649
20.625 86.375 -0.60848
20.625 86.625 -0.58564
NaN NaN NaN
20.875 70.625 0.64615
20.875 70.875 0.50761
20.875 71.125 0.16724
20.875 71.375 -0.055988
20.875 72.875 -0.54468
20.875 73.125 -0.5984
20.875 73.375 -0.82955
20.875 73.625 -0.53806
20.875 73.875 -0.82343
20.875 74.125 -1.3013
20.875 74.375 -1.4962
20.875 74.625 -1.3409
20.875 74.875 -1.5022
20.875 75.125 -1.7831
20.875 75.375 -1.899
20.875 75.625 -1.757
20.875 75.875 -1.679
20.875 76.125 -1.5384
20.875 76.375 -1.736
20.875 76.625 -1.6944
20.875 76.875 -1.3918
20.875 77.125 -1.5926
20.875 77.375 -1.5675
20.875 77.625 -1.5611
20.875 77.875 -1.1986
20.875 78.125 -0.91378
20.875 78.375 -0.97855
20.875 78.625 -0.91907
20.875 78.875 -0.73022
20.875 79.125 -1.765
20.875 79.375 -1.1723
20.875 79.625 -0.58021
20.875 79.875 -0.16429
20.875 80.125 -0.72027
20.875 80.375 -0.29391
20.875 80.625 -0.83471
20.875 80.875 0.22629
20.875 81.125 -1.5647
20.875 81.375 -1.2735
20.875 81.625 -5.927
20.875 81.875 0.0038085
20.875 82.125 -0.74491
20.875 82.375 -0.79168
20.875 82.625 -1.7814
20.875 82.875 -0.56513
20.875 83.125 -1.0621
20.875 83.375 -3.0333
20.875 83.625 -0.46275
20.875 83.875 -0.49427
20.875 84.125 -4.6471
20.875 84.375 -3.0492
20.875 84.625 -0.80856
20.875 84.875 -1.5984
20.875 85.125 -1.1849
20.875 85.375 -1.3592
20.875 85.625 -0.75705
20.875 85.875 -0.80744
20.875 86.125 -1.2539
20.875 86.375 -0.69729
20.875 86.625 -0.46088
21.125 70.375 -0.069136
21.125 70.625 -0.42839
21.125 70.875 -0.80913
21.125 71.125 -0.35695
21.125 71.375 -0.05281
NaN NaN NaN
NaN NaN NaN
21.125 72.875 -1.1741
21.125 73.125 -1.7601
21.125 73.375 -0.4256
21.125 73.625 -0.75494
21.125 73.875 -1.3423
21.125 74.125 -1.4935
21.125 74.375 -1.326
21.125 74.625 -1.1758
21.125 74.875 -1.8977
21.125 75.125 -1.8117
21.125 75.375 -1.8753
21.125 75.625 -0.8914
21.125 75.875 -1.0154
21.125 76.125 -0.73059
21.125 76.375 -1.6303
21.125 76.625 -2.2424
21.125 76.875 -1.8904
21.125 77.125 -1.7504
21.125 77.375 -1.454
21.125 77.625 -1.7106
21.125 77.875 -1.9589
21.125 78.125 -1.7927
21.125 78.375 -1.6253
21.125 78.625 -1.2712
21.125 78.875 -0.6025
21.125 79.125 -0.6305
21.125 79.375 -0.88887
21.125 79.625 0.065439
21.125 79.875 -0.11864
21.125 80.125 -1.8787
21.125 80.375 -2.7844
21.125 80.625 -1.9853
21.125 80.875 -2.0068
21.125 81.125 -0.62685
21.125 81.375 0.26944
21.125 81.625 -5.3347
21.125 81.875 -0.40073
21.125 82.125 -1.1356
21.125 82.375 -0.95433
21.125 82.625 -0.63344
21.125 82.875 -0.39501
21.125 83.125 -1.5731
21.125 83.375 -1.6753
21.125 83.625 -1.137
21.125 83.875 -0.24898
21.125 84.125 -0.76515
21.125 84.375 -0.095585
21.125 84.625 -1.4026
21.125 84.875 -1.7655
21.125 85.125 -0.64655
21.125 85.375 -1.3076
21.125 85.625 -0.39893
21.125 85.875 -0.8996
21.125 86.125 -1.7597
21.125 86.375 -1.2481
21.125 86.625 -0.68527
21.375 70.125 -1.059
21.375 70.375 -0.60638
21.375 70.625 -0.24369
21.375 70.875 -0.62027
21.375 71.125 -0.064238
21.375 71.375 -0.74243
21.375 71.625 -0.42289
21.375 71.875 -0.023456
21.375 72.875 -1.1548
21.375 73.125 -0.38325
21.375 73.375 -0.039464
21.375 73.625 -0.23515
21.375 73.875 -1.0376
21.375 74.125 -1.5242
21.375 74.375 -1.5129
21.375 74.625 -1.2878
21.375 74.875 -0.35496
21.375 75.125 -0.47651
21.375 75.375 -0.96926
21.375 75.625 -0.26266
21.375 75.875 -0.73426
21.375 76.125 -0.69111
21.375 76.375 -1.2476
21.375 76.625 -1.5713
21.375 76.875 -2.2442
21.375 77.125 -1.4634
21.375 77.375 -0.88392
21.375 77.625 -1.4529
21.375 77.875 -1.7575
21.375 78.125 -1.7133
21.375 78.375 -1.7941
21.375 78.625 -1.4056
21.375 78.875 -0.80361
21.375 79.125 -1.3635
21.375 79.375 -0.74547
21.375 79.625 -1.009
21.375 79.875 -4.4299
21.375 80.125 -3.4378
21.375 80.375 -0.90309
21.375 80.625 -1.9278
21.375 80.875 -0.61629
21.375 81.125 -3.8602
21.375 81.375 0.95521
21.375 81.625 -2.9648
21.375 81.875 0.28272
21.375 82.125 -0.57605
21.375 82.375 -2.297
21.375 82.625 -1.9377
21.375 82.875 -0.91737
21.375 83.125 -3.7675
21.375 83.375 -1.1053
21.375 83.625 -0.61491
21.375 83.875 -0.46531
21.375 84.125 -0.22531
21.375 84.375 -0.41129
21.375 84.625 -0.7021
21.375 84.875 -1.0256
21.375 85.125 -0.26584
21.375 85.375 -1.2942
21.375 85.625 -0.61054
21.375 85.875 -0.65287
21.375 86.125 -1.1427
21.375 86.375 -0.32171
21.375 86.625 -0.75138
21.375 86.875 -0.69536
21.625 69.875 -1.0218
21.625 70.125 -1.2161
21.625 70.375 -0.34788
21.625 70.625 -0.49594
21.625 70.875 -0.33878
21.625 71.125 -0.5643
21.625 71.375 -0.51655
21.625 71.625 -0.73097
21.625 71.875 -0.7778
21.625 72.125 -0.8353
21.625 72.875 0.022555
21.625 73.125 -0.094152
21.625 73.375 -0.11655
21.625 73.625 -0.53762
21.625 73.875 -1.0831
21.625 74.125 -1.2778
21.625 74.375 -1.2805
21.625 74.625 -0.55275
21.625 74.875 -0.18228
21.625 75.125 0.06041
21.625 75.375 -0.38621
21.625 75.625 -0.44936
21.625 75.875 -1.1873
21.625 76.125 -1.284
21.625 76.375 -0.88519
21.625 76.625 -1.264
21.625 76.875 -0.99898
21.625 77.125 -0.51899
21.625 77.375 -0.12972
21.625 77.625 -0.7113
21.625 77.875 0.00017066
21.625 78.125 -0.036956
21.625 78.375 -1.6585
21.625 78.625 -1.5016
21.625 78.875 -1.3361
21.625 79.125 -2.5695
21.625 79.375 -3.51
21.625 79.625 -0.059543
21.625 79.875 -2.5836
21.625 80.125 -3.747
21.625 80.375 -0.4855
21.625 80.625 -2.9273
21.625 80.875 -0.033698
21.625 81.125 -3.0486
21.625 81.375 0.6191
21.625 81.625 -3.1071
21.625 81.875 -3.4695
21.625 82.125 -3.9317
21.625 82.375 -1.6112
21.625 82.625 -0.72183
21.625 82.875 -5.5739
21.625 83.125 -3.2986
21.625 83.375 -4.1328
21.625 83.625 -1.9133
21.625 83.875 -0.78786
21.625 84.125 -0.13897
21.625 84.375 -0.70405
21.625 84.625 -0.58141
21.625 84.875 -0.12271
21.625 85.125 -0.46045
21.625 85.375 -0.8005
21.625 85.625 -0.56366
21.625 85.875 -0.60689
21.625 86.125 -0.76483
21.625 86.375 -0.15179
21.625 86.625 -0.7078
21.625 86.875 -0.73492
21.625 87.125 -0.62096
NaN NaN NaN
NaN NaN NaN
21.875 69.625 -0.75585
21.875 69.875 -0.94814
21.875 70.125 -1.0097
21.875 70.375 -0.37688
21.875 70.625 -0.37758
21.875 70.875 -1.0496
21.875 71.125 -0.94978
21.875 71.375 -0.75417
21.875 71.625 -0.54748
21.875 71.875 -0.87479
21.875 72.125 -0.47125
NaN NaN NaN
21.875 72.875 -0.86916
21.875 73.125 -0.60829
21.875 73.375 -0.64015
21.875 73.625 -1.256
21.875 73.875 -1.7169
21.875 74.125 -2.1843
21.875 74.375 -2.1247
21.875 74.625 -1.5764
21.875 74.875 -0.96241
21.875 75.125 -0.88963
21.875 75.375 -0.45281
21.875 75.625 -0.33035
21.875 75.875 -0.64813
21.875 76.125 -1.0988
21.875 76.375 -0.28185
21.875 76.625 -0.12779
21.875 76.875 -0.34629
21.875 77.125 -0.34043
21.875 77.375 -0.22958
21.875 77.625 0.042523
21.875 77.875 -0.93095
21.875 78.125 0.11008
21.875 78.375 -0.01638
21.875 78.625 -1.1571
21.875 78.875 -0.66714
21.875 79.125 -1.1842
21.875 79.375 -0.90333
21.875 79.625 -0.062921
21.875 79.875 0.070887
21.875 80.125 0.06705
21.875 80.375 0.39572
21.875 80.625 0.18735
21.875 80.875 -2.6574
21.875 81.125 -0.14741
21.875 81.375 -0.5185
21.875 81.625 -1.3381
21.875 81.875 -1.9079
21.875 82.125 -3.7828
21.875 82.375 -3.7485
21.875 82.625 -0.88574
21.875 82.875 -6.7405
21.875 83.125 -2.3531
21.875 83.375 -4.3364
21.875 83.625 -1.1348
21.875 83.875 -1.4384
21.875 84.125 -0.92669
21.875 84.375 -0.52236
21.875 84.625 -0.64404
21.875 84.875 -0.77913
21.875 85.125 -0.36086
21.875 85.375 0.12125
21.875 85.625 -0.43062
21.875 85.875 -1.7119
21.875 86.125 -0.51979
21.875 86.375 -0.39193
21.875 86.625 -0.47581
21.875 86.875 -0.20104
21.875 87.125 -0.70772
21.875 87.375 -1.2116
21.875 87.625 -1.1644
21.875 87.875 -1.1815
21.875 88.375 0.19641
NaN NaN NaN
NaN NaN NaN
22.125 69.125 -0.90432
22.125 69.375 -1.5127
22.125 69.625 -1.1468
22.125 69.875 -1.1228
22.125 70.125 -1.277
22.125 70.375 -0.66644
22.125 70.625 -0.43845
22.125 70.875 -0.87252
22.125 71.125 -1.1538
22.125 71.375 -0.37283
22.125 71.625 -0.22333
22.125 71.875 -0.64683
22.125 72.125 -0.2137
NaN NaN NaN
22.125 72.875 -1.4465
22.125 73.125 -1.2189
22.125 73.375 -0.83474
22.125 73.625 -1.1222
22.125 73.875 -1.9382
22.125 74.125 -1.3954
22.125 74.375 -1.6404
22.125 74.625 -1.4028
22.125 74.875 -0.70825
22.125 75.125 -0.71631
22.125 75.375 -1.1281
22.125 75.625 -0.93454
22.125 75.875 -0.85327
22.125 76.125 -0.89576
22.125 76.375 -0.47042
22.125 76.625 -0.55726
22.125 76.875 -0.93448
22.125 77.125 -0.36179
22.125 77.375 -0.58722
22.125 77.625 -0.82318
22.125 77.875 -0.54945
22.125 78.125 -0.34433
22.125 78.375 -0.44207
22.125 78.625 0.19264
22.125 78.875 0.0221
22.125 79.125 -0.41666
22.125 79.375 -0.22661
22.125 79.625 -0.13842
22.125 79.875 0.47193
22.125 80.125 0.43803
22.125 80.375 0.15518
22.125 80.625 0.61247
22.125 80.875 -0.35237
22.125 81.125 -0.49958
22.125 81.375 0.046701
22.125 81.625 -0.48841
22.125 81.875 0.16343
22.125 82.125 -0.52742
22.125 82.375 -0.81399
22.125 82.625 -1.011
22.125 82.875 -3.2484
22.125 83.125 -0.86028
22.125 83.375 -0.37208
22.125 83.625 -1.7651
22.125 83.875 -1.0176
22.125 84.125 -0.65157
22.125 84.375 -2.089
22.125 84.625 -0.9609
22.125 84.875 -0.26231
22.125 85.125 -0.27026
22.125 85.375 0.16405
22.125 85.625 0.12405
22.125 85.875 -0.3207
22.125 86.125 -0.86856
22.125 86.375 0.086405
22.125 86.625 -0.87276
22.125 86.875 -1.1273
22.125 87.125 -1.6395
22.125 87.375 -1.6993
22.125 87.625 -0.90787
22.125 87.875 -3.9422
22.125 88.125 -4.0039
22.125 88.375 -0.08373
NaN NaN NaN
22.375 69.125 0.88412
22.375 69.875 -0.70611
22.375 70.125 -1.2021
22.375 70.375 -1.064
22.375 70.625 -0.5279
22.375 70.875 -0.83279
22.375 71.125 -0.51399
22.375 71.375 -0.94677
22.375 71.625 -1.4738
22.375 71.875 0.081914
22.375 72.125 0.40836
NaN NaN NaN
22.375 72.875 -0.67013
22.375 73.125 -0.78577
22.375 73.375 -0.66874
22.375 73.625 -0.81174
22.375 73.875 -1.4405
22.375 74.125 -1.0781
22.375 74.375 -1.2241
22.375 74.625 -1.4647
22.375 74.875 -1.4537
22.375 75.125 -1.5744
22.375 75.375 -0.94586
22.375 75.625 -1.3402
22.375 75.875 -0.4127
22.375 76.125 -0.70262
22.375 76.375 -1.3773
22.375 76.625 -0.53122
22.375 76.875 -0.50803
22.375 77.125 -0.39783
22.375 77.375 -0.89681
22.375 77.625 -1.171
22.375 77.875 0.021097
22.375 78.125 -2.5187
22.375 78.375 -0.052356
22.375 78.625 0.1904
22.375 78.875 0.71324
22.375 79.125 0.62472
22.375 79.375 0.60656
22.375 79.625 -0.13459
22.375 79.875 -0.28603
22.375 80.125 0.582
22.375 80.375 0.98322
22.375 80.625 0.68649
22.375 80.875 0.52282
22.375 81.125 -2.4528
22.375 81.375 0.32018
22.375 81.625 -0.0056733
22.375 81.875 -0.041478
22.375 82.125 -0.24264
22.375 82.375 -0.089232
22.375 82.625 -1.28
22.375 82.875 -1.1948
22.375 83.125 -1.2373
22.375 83.375 -0.51496
22.375 83.625 -2.7639
22.375 83.875 -1.9808
22.375 84.125 -2.051
22.375 84.375 -0.39417
22.375 84.625 -0.061488
22.375 84.875 -0.18317
22.375 85.125 0.01258
22.375 85.375 0.22005
22.375 85.625 -0.13484
22.375 85.875 -0.060524
22.375 86.125 -0.64583
22.375 86.375 -0.15748
22.375 86.625 -0.82278
22.375 86.875 -2.1304
22.375 87.125 -1.0323
22.375 87.375 -1.3263
22.375 87.625 -0.5679
22.375 87.875 -2.0622
22.375 88.125 -0.47437
22.375 88.375 -0.25652
22.375 88.625 0.12791
22.375 88.875 0.10214
NaN NaN NaN
22.625 70.375 -0.33372
22.625 70.625 -0.5155
22.625 70.875 -0.7825
22.625 71.125 -0.35483
22.625 71.375 0.056657
22.625 71.625 -0.95257
22.625 71.875 -1.4009
22.625 72.125 -0.15124
22.625 72.375 0.35543
22.625 72.625 0.08296
22.625 72.875 -0.8208
22.625 73.125 -0.893
22.625 73.375 -0.59761
22.625 73.625 -1.3039
22.625 73.875 -1.6518
22.625 74.125 -1.4997
22.625 74.375 -0.95271
22.625 74.625 -1.283
22.625 74.875 -1.542
22.625 75.125 -1.1993
22.625 75.375 -1.0243
22.625 75.625 -1.2078
22.625 75.875 -0.059518
22.625 76.125 -0.43196
22.625 76.375 -0.943
22.625 76.625 -0.64511
22.625 76.875 -0.17982
22.625 77.125 -0.28895
22.625 77.375 -0.94056
22.625 77.625 -0.62086
22.625 77.875 0.19506
22.625 78.125 0.32169
22.625 78.375 0.53671
22.625 78.625 0.84776
22.625 78.875 0.63137
22.625 79.125 0.69655
22.625 79.375 0.63107
22.625 79.625 0.57386
22.625 79.875 0.67328
22.625 80.125 -0.013183
22.625 80.375 0.06688
22.625 80.625 -1.0507
22.625 80.875 -0.20301
22.625 81.125 0.11183
22.625 81.375 -0.34351
22.625 81.625 -0.71404
22.625 81.875 -0.11576
22.625 82.125 -0.82822
22.625 82.375 -1.8599
22.625 82.625 -1.1957
22.625 82.875 0.26343
22.625 83.125 -0.54217
22.625 83.375 -0.57176
22.625 83.625 -1.3386
22.625 83.875 -2.1549
22.625 84.125 -2.3426
22.625 84.375 -2.0899
22.625 84.625 -0.20196
22.625 84.875 -0.36967
22.625 85.125 0.33786
22.625 85.375 0.58922
22.625 85.625 0.04116
22.625 85.875 0.23771
22.625 86.125 -0.40891
22.625 86.375 -0.036887
22.625 86.625 -0.75605
22.625 86.875 -1.0343
22.625 87.125 -1.2042
22.625 87.375 -0.86412
22.625 87.625 -0.50944
22.625 87.875 -0.88161
22.625 88.125 -0.17166
22.625 88.375 -0.32305
22.625 88.625 0.19133
22.625 88.875 0.22966
22.625 92.625 0.59457
22.625 92.875 1.541
NaN NaN NaN
NaN NaN NaN
NaN NaN NaN
22.875 70.625 -0.34785
22.875 70.875 -0.70317
22.875 71.125 -1.1958
22.875 71.375 -1.1983
22.875 71.625 -1.2241
22.875 71.875 -1.1439
22.875 72.125 -1.9397
22.875 72.375 0.28364
22.875 72.625 -0.10817
22.875 72.875 -0.52684
22.875 73.125 -0.37308
22.875 73.375 -0.48734
22.875 73.625 -1.1916
22.875 73.875 -1.6909
22.875 74.125 -1.2205
22.875 74.375 -1.2587
22.875 74.625 -1.5471
22.875 74.875 -1.0649
22.875 75.125 -1.1657
22.875 75.375 -0.29284
22.875 75.625 -0.66684
22.875 75.875 -0.57108
22.875 76.125 -0.66357
22.875 76.375 -0.9187
22.875 76.625 -0.35546
22.875 76.875 -0.76432
22.875 77.125 -0.06796
22.875 77.375 -1.4017
22.875 77.625 -0.23385
22.875 77.875 0.10554
22.875 78.125 -0.017059
22.875 78.375 0.8357
22.875 78.625 0.85868
22.875 78.875 0.84246
22.875 79.125 0.90392
22.875 79.375 0.7597
22.875 79.625 0.58533
22.875 79.875 0.34602
22.875 80.125 0.74123
22.875 80.375 0.49032
22.875 80.625 -1.2166
22.875 80.875 0.021772
22.875 81.125 -0.9008
22.875 81.375 -0.81288
22.875 81.625 -0.28086
22.875 81.875 -0.58401
22.875 82.125 -1.3858
22.875 82.375 -1.2059
22.875 82.625 -1.5618
22.875 82.875 -1.3111
22.875 83.125 -0.74074
22.875 83.375 -0.60394
22.875 83.625 -0.67827
22.875 83.875 -0.78452
22.875 84.125 -2.9114
22.875 84.375 -0.38667
22.875 84.625 0.19152
22.875 84.875 -2.6395
22.875 85.125 -4.6249
22.875 85.375 0.98134
22.875 85.625 -0.45495
22.875 85.875 0.38033
22.875 86.125 0.13852
22.875 86.375 -1.1923
22.875 86.625 -0.056501
22.875 86.875 0.18838
22.875 87.125 0.13701
22.875 87.375 -0.076828
22.875 87.625 -0.16241
22.875 87.875 -0.61261
22.875 88.125 -1.2053
22.875 88.375 -0.37462
22.875 88.625 0.05833
22.875 92.625 0.57684
22.875 92.875 0.99402
23.125 68.875 -0.74845
23.125 69.125 -1.0742
23.125 69.375 -0.92158
23.125 69.625 -0.94493
23.125 69.875 -1.1003
23.125 70.125 -0.97791
23.125 70.875 -0.0066839
23.125 71.125 -1.2326
23.125 71.375 -1.3911
23.125 71.625 0.0058024
23.125 71.875 -0.48857
23.125 72.125 -0.94913
23.125 72.375 -0.99503
23.125 72.625 -0.15886
23.125 72.875 -0.2432
23.125 73.125 -0.63497
23.125 73.375 -0.45183
23.125 73.625 -0.21926
23.125 73.875 -1.6391
23.125 74.125 -1.459
23.125 74.375 -1.4099
23.125 74.625 -1.4654
23.125 74.875 -0.90729
23.125 75.125 -1.0521
23.125 75.375 -1.3191
23.125 75.625 -0.95627
23.125 75.875 -0.52481
23.125 76.125 -0.21525
23.125 76.375 0.11053
23.125 76.625 -0.091224
23.125 76.875 -0.28349
23.125 77.125 -0.17614
23.125 77.375 0.041993
23.125 77.625 -0.47321
23.125 77.875 0.23776
23.125 78.125 -0.15827
23.125 78.375 0.67984
23.125 78.625 0.041282
23.125 78.875 0.71991
23.125 79.125 0.72993
23.125 79.375 0.48522
23.125 79.625 0.31188
23.125 79.875 0.90592
23.125 80.125 0.73805
23.125 80.375 0.47359
23.125 80.625 0.66829
23.125 80.875 1.0592
23.125 81.125 0.012227
23.125 81.375 -0.39446
23.125 81.625 -1.6638
23.125 81.875 -0.56998
23.125 82.125 -0.74419
23.125 82.375 -1.0229
23.125 82.625 -0.044016
23.125 82.875 -1.361
23.125 83.125 -0.78322
23.125 83.375 -0.1845
23.125 83.625 -0.27232
23.125 83.875 0.1031
23.125 84.125 -0.4595
23.125 84.375 -0.079325
23.125 84.625 -0.4875
23.125 84.875 -1.7819
23.125 85.125 -3.0092
23.125 85.375 0.65284
23.125 85.625 0.86203
23.125 85.875 -0.17925
23.125 86.125 -0.21842
23.125 86.375 -2.3711
23.125 86.625 -0.46381
23.125 86.875 -0.57223
23.125 87.125 0.26206
23.125 87.375 -0.16647
23.125 87.625 -0.52436
23.125 87.875 -0.4238
23.125 88.125 -1.2857
23.125 88.375 -0.96861
23.125 88.625 -0.3271
NaN NaN NaN
23.125 92.625 -2.8407
23.125 92.875 -1.7972
NaN NaN NaN
23.375 68.875 -1.0518
23.375 69.125 -0.94092
23.375 69.375 -0.95631
23.375 69.625 -0.11339
23.375 69.875 -0.15085
23.375 70.125 -0.42092
23.375 70.375 -0.83884
23.375 70.625 -0.90012
23.375 70.875 -1.3286
23.375 71.125 -1.101
23.375 71.375 -0.14084
23.375 71.625 -1.414
23.375 71.875 -0.11001
23.375 72.125 -0.95892
23.375 72.375 -0.53701
23.375 72.625 -0.84724
23.375 72.875 -0.339
23.375 73.125 -0.46039
23.375 73.375 0.0087422
23.375 73.625 -0.48329
23.375 73.875 -0.45149
23.375 74.125 -1.4563
23.375 74.375 -0.95142
23.375 74.625 -0.88818
23.375 74.875 -0.74434
23.375 75.125 -0.48069
23.375 75.375 -0.092347
23.375 75.625 -0.87933
23.375 75.875 -0.16619
23.375 76.125 0.38203
23.375 76.375 -0.10578
23.375 76.625 -0.21463
23.375 76.875 -0.26172
23.375 77.125 0.21228
23.375 77.375 0.15582
23.375 77.625 -0.031985
23.375 77.875 0.2369
23.375 78.125 0.27601
23.375 78.375 0.19883
23.375 78.625 0.53361
23.375 78.875 0.72349
23.375 79.125 0.47226
23.375 79.375 0.4893
23.375 79.625 0.61068
23.375 79.875 0.77898
23.375 80.125 0.64287
23.375 80.375 0.9295
23.375 80.625 0.34784
23.375 80.875 0.34295
23.375 81.125 0.28184
23.375 81.375 0.26095
23.375 81.625 0.41681
23.375 81.875 -0.28281
23.375 82.125 0.043393
23.375 82.375 -0.66537
23.375 82.625 -0.52386
23.375 82.875 -0.81707
23.375 83.125 -1.113
23.375 83.375 -0.94504
23.375 83.625 -0.7298
23.375 83.875 -0.26302
23.375 84.125 -0.98545
23.375 84.375 -0.25412
23.375 84.625 -0.51152
23.375 84.875 -0.27521
23.375 85.125 -0.79571
23.375 85.375 0.97572
23.375 85.625 0.72519
23.375 85.875 -0.093803
23.375 86.125 -0.78761
23.375 86.375 -2.0864
23.375 86.625 0.095507
23.375 86.875 -1.1214
23.375 87.125 -2.2486
23.375 87.375 -0.10721
23.375 87.625 -0.49342
23.375 87.875 -1.2261
23.375 88.125 -1.4924
23.375 88.375 -0.71788
23.375 88.625 -0.71687
23.375 91.375 -0.47752
23.375 91.625 -1.007
23.375 92.625 -1.4474
23.375 92.875 -0.61121
23.375 93.125 -0.31022
23.625 68.625 -0.87818
23.625 68.875 -0.8621
23.625 69.125 -0.228
23.625 69.375 -0.0074035
23.625 69.625 -1.3403
23.625 69.875 -0.1385
23.625 70.125 -0.28492
23.625 70.375 0.22632
23.625 70.625 0.44061
23.625 70.875 -0.3139
23.625 71.125 -1.6655
23.625 71.375 0.11014
23.625 71.625 -1.1596
23.625 71.875 -1.284
23.625 72.125 -1.1045
23.625 72.375 -1.4206
23.625 72.625 -0.86617
23.625 72.875 -0.85663
23.625 73.125 -0.69274
23.625 73.375 -1.3454
23.625 73.625 -1.1872
23.625 73.875 -0.55619
23.625 74.125 0.47839
23.625 74.375 0.082794
23.625 74.625 -0.48406
23.625 74.875 -0.55178
23.625 75.125 -0.38675
23.625 75.375 0.62037
23.625 75.625 0.46787
23.625 75.875 0.6222
23.625 76.125 0.72199
23.625 76.375 0.54976
23.625 76.625 0.13933
23.625 76.875 -0.74857
23.625 77.125 0.11033
23.625 77.375 0.10114
23.625 77.625 0.36805
23.625 77.875 0.47264
23.625 78.125 0.31055
23.625 78.375 0.45231
23.625 78.625 0.76969
23.625 78.875 0.68001
23.625 79.125 0.38249
23.625 79.375 0.32983
23.625 79.625 0.54028
23.625 79.875 1.0724
23.625 80.125 0.78124
23.625 80.375 0.3869
23.625 80.625 0.82796
23.625 80.875 0.72602
23.625 81.125 0.37678
23.625 81.375 0.75813
23.625 81.625 0.5453
23.625 81.875 0.48066
23.625 82.125 -0.43836
23.625 82.375 0.15636
23.625 82.625 -0.52619
23.625 82.875 -0.35442
23.625 83.125 -0.028013
23.625 83.375 -0.21107
23.625 83.625 -0.60002
23.625 83.875 -0.55625
23.625 84.125 -1.2938
23.625 84.375 -0.25157
23.625 84.625 -0.17293
23.625 84.875 0.13951
23.625 85.125 0.067131
23.625 85.375 -0.39738
23.625 85.625 0.58397
23.625 85.875 -0.51545
23.625 86.125 -3.6124
23.625 86.375 -1.7291
23.625 86.625 -0.26319
23.625 86.875 -2.3368
23.625 87.125 -0.64699
23.625 87.375 -0.98155
23.625 87.625 -1.0386
23.625 87.875 -0.44852
23.625 88.125 -1.7262
23.625 88.375 -1.1829
23.625 91.375 -0.74025
23.625 91.625 -1.2387
NaN NaN NaN
23.625 92.375 -2.2972
23.625 92.625 -1.2681
23.625 92.875 -1.3179
23.625 93.125 -6.4525
23.875 68.875 -0.34483
23.875 69.125 -0.27172
23.875 69.375 -0.39218
23.875 69.625 -0.4258
23.875 69.875 0.33003
23.875 70.125 -0.74803
23.875 70.375 0.1718
23.875 70.625 0.19345
23.875 70.875 -0.035338
23.875 71.125 -0.5956
23.875 71.375 -0.4909
23.875 71.625 -1.0058
23.875 71.875 -0.55897
23.875 72.125 -0.64537
23.875 72.375 -1.1722
23.875 72.625 -0.61459
23.875 72.875 -0.55154
23.875 73.125 -0.60218
23.875 73.375 -1.5601
23.875 73.625 -1.1631
23.875 73.875 0.42859
23.875 74.125 0.0624
23.875 74.375 0.2459
23.875 74.625 0.028706
23.875 74.875 0.49632
23.875 75.125 0.10302
23.875 75.375 0.75637
23.875 75.625 0.39248
23.875 75.875 0.22516
23.875 76.125 0.66494
23.875 76.375 0.82343
23.875 76.625 0.17313
23.875 76.875 0.56188
23.875 77.125 0.61015
23.875 77.375 0.27442
23.875 77.625 0.31818
23.875 77.875 0.62222
23.875 78.125 0.82406
23.875 78.375 0.69127
23.875 78.625 0.56445
23.875 78.875 0.74511
23.875 79.125 0.88435
23.875 79.375 0.77795
23.875 79.625 0.73984
23.875 79.875 0.73088
23.875 80.125 0.60043
23.875 80.375 0.63778
23.875 80.625 0.8025
23.875 80.875 0.61588
23.875 81.125 0.080832
23.875 81.375 0.2474
23.875 81.625 -0.011543
23.875 81.875 0.29773
23.875 82.125 0.16246
23.875 82.375 0.48253
23.875 82.625 0.18411
23.875 82.875 0.60822
23.875 83.125 -0.065082
23.875 83.375 -0.43145
23.875 83.625 -0.46099
23.875 83.875 -0.45422
23.875 84.125 -0.33275
23.875 84.375 -0.81116
23.875 84.625 -0.77351
23.875 84.875 -0.32209
23.875 85.125 -0.8114
23.875 85.375 -0.29991
23.875 85.625 -1.0263
23.875 85.875 -0.70167
23.875 86.125 -0.76868
23.875 86.375 -0.22448
23.875 86.625 -0.17392
23.875 86.875 -2.3045
23.875 87.125 -0.60741
23.875 87.375 -0.82466
23.875 87.625 -1.2272
23.875 87.875 0.32962
23.875 88.125 0.23448
23.875 88.375 -0.88834
23.875 91.375 -0.85848
23.875 91.625 -0.94732
23.875 91.875 -0.55696
23.875 92.125 -1.4679
23.875 92.375 -1.6447
23.875 92.625 -1.6013
23.875 92.875 -3.3606
23.875 93.125 -5.2174
23.875 93.375 -1.0635
24.125 68.875 -0.39204
24.125 69.125 -0.28127
24.125 69.375 0.25642
24.125 69.625 -1.284
24.125 69.875 -0.73996
24.125 70.125 -1.1045
24.125 70.375 -0.7364
24.125 70.625 0.072869
24.125 70.875 -1.793
24.125 71.125 -1.2049
24.125 71.375 -0.91608
24.125 71.625 -1.2492
24.125 71.875 -0.63415
24.125 72.125 -0.51759
24.125 72.375 -0.25887
24.125 72.625 -0.14486
24.125 72.875 -0.91257
24.125 73.125 -0.82125
24.125 73.375 -1.3038
24.125 73.625 -1.9461
24.125 73.875 0.012634
24.125 74.125 -0.096521
24.125 74.375 -0.3392
24.125 74.625 0.37272
24.125 74.875 0.41499
24.125 75.125 -0.34018
24.125 75.375 0.69745
24.125 75.625 0.83308
24.125 75.875 0.87014
24.125 76.125 0.8663
24.125 76.375 1.0563
24.125 76.625 0.99086
24.125 76.875 0.72312
24.125 77.125 0.42068
24.125 77.375 0.0015179
24.125 77.625 -0.15931
24.125 77.875 0.5201
24.125 78.125 0.57772
24.125 78.375 0.72284
24.125 78.625 0.4666
24.125 78.875 0.51956
24.125 79.125 0.74058
24.125 79.375 0.97502
24.125 79.625 0.38191
24.125 79.875 0.53153
24.125 80.125 0.79921
24.125 80.375 0.38466
24.125 80.625 0.07506
24.125 80.875 0.66407
24.125 81.125 -0.17802
24.125 81.375 0.24932
24.125 81.625 0.16038
24.125 81.875 0.73676
24.125 82.125 0.68752
24.125 82.375 0.30146
24.125 82.625 -0.096368
24.125 82.875 -0.4593
24.125 83.125 -0.31864
24.125 83.375 -1.3252
24.125 83.625 -0.52699
24.125 83.875 -0.26819
24.125 84.125 -0.26534
24.125 84.375 -0.68006
24.125 84.625 -0.91543
24.125 84.875 -1.3062
24.125 85.125 -1.9018
24.125 85.375 0.001038
24.125 85.625 -0.8561
24.125 85.875 -0.51312
24.125 86.125 -0.30801
24.125 86.375 -0.59663
24.125 86.625 -0.69244
24.125 86.875 -0.61391
24.125 87.125 -1.0422
24.125 87.375 -0.3049
24.125 87.625 -1.0337
24.125 87.875 -0.70328
24.125 88.125 -0.17496
24.125 88.375 0.3239
24.125 91.875 0.26341
24.125 92.125 -3.298
24.125 92.375 -2.8943
24.125 92.625 -1.7715
24.125 92.875 -1.3247
24.125 93.125 -5.416
24.125 93.375 -4.356
24.125 93.625 -2.7501
24.125 93.875 -1.7141
NaN NaN NaN
24.375 71.375 -1.5612
24.375 71.625 0.11836
24.375 71.875 -1.0312
24.375 72.125 -0.96766
24.375 72.375 -1.4371
24.375 72.625 -1.2269
24.375 72.875 -0.39601
24.375 73.125 -0.56156
24.375 73.375 -1.2945
24.375 73.625 -1.6049
24.375 73.875 -1.0356
24.375 74.125 -0.82757
24.375 74.375 0.065028
24.375 74.625 -0.40522
24.375 74.875 -0.51024
24.375 75.125 -0.49098
24.375 75.375 0.11085
24.375 75.625 0.76
24.375 75.875 0.55591
24.375 76.125 -0.94993
24.375 76.375 0.47313
24.375 76.625 0.92985
24.375 76.875 0.89237
24.375 77.125 0.50678
24.375 77.375 0.020698
24.375 77.625 -0.57443
24.375 77.875 0.47701
24.375 78.125 0.62801
24.375 78.375 0.28776
24.375 78.625 0.16432
24.375 78.875 0.68194
24.375 79.125 0.86125
24.375 79.375 0.73991
24.375 79.625 0.64186
24.375 79.875 0.27885
24.375 80.125 -2.6734
24.375 80.375 0.75178
24.375 80.625 0.76731
24.375 80.875 0.64316
24.375 81.125 0.36875
24.375 81.375 0.21153
24.375 81.625 0.57873
24.375 81.875 0.64081
24.375 82.125 0.46424
24.375 82.375 0.19501
24.375 82.625 0.090272
24.375 82.875 0.080738
24.375 83.125 0.049939
24.375 83.375 -0.20215
24.375 83.625 -1.8846
24.375 83.875 -0.66781
24.375 84.125 -0.38543
24.375 84.375 -1.1713
24.375 84.625 -0.11243
24.375 84.875 -2.7555
24.375 85.125 -0.79706
24.375 85.375 -1.7803
24.375 85.625 -0.10715
24.375 85.875 -1.3975
24.375 86.125 -2.5307
24.375 86.375 -0.35561
24.375 86.625 -1.1289
24.375 86.875 -0.68515
24.375 87.125 -2.5089
24.375 87.375 -1.3156
24.375 87.625 -2.5101
24.375 87.875 -1.844
24.375 88.125 -1.2982
24.375 92.375 -2.1557
24.375 92.625 -3.3138
24.375 92.875 -2.6466
24.375 93.125 -3.817
24.375 93.375 -3.8382
24.375 93.625 -2.0285
24.375 93.875 -1.2739
24.375 94.125 -0.59207
24.625 71.125 -2.2836
24.625 71.375 -1.4221
24.625 71.625 -1.4402
24.625 71.875 -1.3713
24.625 72.125 -1.2053
24.625 72.375 -1.4066
24.625 72.625 -1.7051
24.625 72.875 -1.3947
24.625 73.125 -1.2024
24.625 73.375 -1.4091
24.625 73.625 -1.5267
24.625 73.875 -1.5274
24.625 74.125 -0.9656
24.625 74.375 -0.45201
24.625 74.625 -0.2547
24.625 74.875 -0.71569
24.625 75.125 -0.86463
24.625 75.375 -0.25555
24.625 75.625 0.24544
24.625 75.875 0.31277
24.625 76.125 -0.2481
24.625 76.375 0.21662
24.625 76.625 0.10761
24.625 76.875 0.59497
24.625 77.125 0.75751
24.625 77.375 0.47638
24.625 77.625 0.17047
24.625 77.875 0.10367
24.625 78.125 0.71458
24.625 78.375 0.5237
24.625 78.625 0.57032
24.625 78.875 0.78774
24.625 79.125 0.86261
24.625 79.375 0.72971
24.625 79.625 1.113
24.625 79.875 0.54577
24.625 80.125 -2.3933
24.625 80.375 -2.4185
24.625 80.625 -1.9156
24.625 80.875 0.37747
24.625 81.125 0.57874
24.625 81.375 0.51978
24.625 81.625 0.83334
24.625 81.875 0.6881
24.625 82.125 -0.66858
24.625 82.375 -0.17719
24.625 82.625 0.34655
24.625 82.875 0.57978
24.625 83.125 0.57459
24.625 83.375 0.18435
24.625 83.625 -0.12989
24.625 83.875 -0.36042
24.625 84.125 -0.18889
24.625 84.375 0.21033
24.625 84.625 -1.018
24.625 84.875 -0.61938
24.625 85.125 -0.8064
24.625 85.375 -0.89615
24.625 85.625 -2.917
24.625 85.875 -3.0186
24.625 86.125 -1.4492
24.625 86.375 0.0055358
24.625 86.625 -0.57392
24.625 86.875 -0.2297
24.625 87.125 -1.7711
24.625 87.375 -2.8989
24.625 87.625 -1.7911
24.625 87.875 -1.577
24.625 92.375 -1.7779
24.625 92.625 -2.2183
24.625 92.875 -2.58
24.625 93.125 -2.5242
24.625 93.375 -2.1953
24.625 93.625 -1.8041
24.625 93.875 -1.4231
24.625 94.125 -0.63964
NaN NaN NaN
24.875 71.125 -1.7961
24.875 71.375 -0.57885
24.875 71.625 -1.2009
24.875 71.875 -1.4491
24.875 72.125 -1.5534
24.875 72.375 -1.8437
24.875 72.625 -1.8993
24.875 72.875 -2.0301
24.875 73.125 -2.2926
24.875 73.375 -0.93949
24.875 73.625 -1.1878
24.875 73.875 -1.0288
24.875 74.125 -1.3068
24.875 74.375 -0.64694
24.875 74.625 -0.80659
24.875 74.875 -0.75515
24.875 75.125 -1.0837
24.875 75.375 -0.91406
24.875 75.625 -0.6807
24.875 75.875 0.27129
24.875 76.125 -0.54649
24.875 76.375 0.57309
24.875 76.625 1.2165
24.875 76.875 1.0319
24.875 77.125 0.39776
24.875 77.375 0.51502
24.875 77.625 0.67078
24.875 77.875 0.5427
24.875 78.125 1.2634
24.875 78.375 0.66025
24.875 78.625 0.5622
24.875 78.875 0.93807
24.875 79.125 1.3008
24.875 79.375 1.3185
24.875 79.625 1.2915
24.875 79.875 1.0711
24.875 80.125 -2.3655
24.875 80.375 -2.1025
24.875 80.625 0.78686
24.875 80.875 0.809
24.875 81.125 0.92678
24.875 81.375 -0.53879
24.875 81.625 0.28985
24.875 81.875 0.36568
24.875 82.125 -0.49014
24.875 82.375 -0.72964
24.875 82.625 0.39363
24.875 82.875 -0.81212
24.875 83.125 -0.12653
24.875 83.375 -0.39788
24.875 83.625 -0.08373
24.875 83.875 -0.71802
24.875 84.125 -0.41692
24.875 84.375 -0.28684
24.875 84.625 -0.84281
24.875 84.875 -0.20556
24.875 85.125 -0.75541
24.875 85.375 -1.1651
24.875 85.625 -0.9046
24.875 85.875 -1.1112
24.875 86.125 -1.3116
24.875 86.375 -0.61414
24.875 86.625 0.27092
24.875 86.875 -1.5262
24.875 87.125 -1.8797
24.875 87.375 -2.462
24.875 87.625 -1.6208
24.875 87.875 -1.1173
24.875 88.125 -1.8449
24.875 92.625 -4.1665
24.875 92.875 -2.0865
24.875 93.125 -1.9731
24.875 93.375 -1.2825
24.875 93.625 -1.1932
24.875 93.875 -0.13872
24.875 94.125 -0.43427
24.875 94.375 -0.57626
25.125 71.125 -1.6738
25.125 71.375 -1.1229
25.125 71.625 -1.8533
25.125 71.875 -2.1237
25.125 72.125 -1.4088
25.125 72.375 -1.3822
25.125 72.625 -1.626
25.125 72.875 -1.6655
25.125 73.125 -1.7514
25.125 73.375 -1.7278
25.125 73.625 -1.1446
25.125 73.875 -1.0931
25.125 74.125 -1.3451
25.125 74.375 -1.1751
25.125 74.625 -0.72585
25.125 74.875 -0.3136
25.125 75.125 -0.79908
25.125 75.375 0.30008
25.125 75.625 -0.043635
25.125 75.875 -0.65375
25.125 76.125 -0.48122
25.125 76.375 -0.022848
25.125 76.625 1.0028
25.125 76.875 1.2707
25.125 77.125 0.58731
25.125 77.375 0.23175
25.125 77.625 0.42906
25.125 77.875 0.82965
25.125 78.125 1.3099
25.125 78.375 0.86444
25.125 78.625 0.80899
25.125 78.875 1.0445
25.125 79.125 1.1851
25.125 79.375 1.051
25.125 79.625 1.0407
25.125 79.875 1.5149
25.125 80.125 1.057
25.125 80.375 0.66663
25.125 80.625 0.44557
25.125 80.875 -0.11235
25.125 81.125 0.48073
25.125 81.375 0.31257
25.125 81.625 -2.1362
25.125 81.875 0.1525
25.125 82.125 0.08245
25.125 82.375 0.099313
25.125 82.625 -0.95355
25.125 82.875 -0.0089399
25.125 83.125 -0.53594
25.125 83.375 -0.45482
25.125 83.625 0.088614
25.125 83.875 -1.6281
25.125 84.125 -0.91985
25.125 84.375 -0.25613
25.125 84.625 -1.0321
25.125 84.875 -1.398
25.125 85.125 -0.66612
25.125 85.375 -1.064
25.125 85.625 -0.74637
25.125 85.875 -0.21599
25.125 86.125 -0.96138
25.125 86.375 -0.075479
25.125 86.625 -0.36685
25.125 86.875 -0.27799
25.125 87.125 -1.5588
25.125 87.375 -1.6135
25.125 87.625 -1.6454
25.125 87.875 -1.398
25.125 88.125 -0.12483
25.125 88.375 -0.98901
25.125 92.375 -2.3699
25.125 92.625 -1.1615
25.125 92.875 -1.8944
25.125 93.125 -2.1244
25.125 93.375 -1.5293
25.125 93.625 -1.1064
25.125 93.875 -0.18548
25.125 94.125 -0.86406
25.125 94.375 0.14454
25.375 70.875 -0.29784
25.375 71.125 -0.27191
25.375 71.375 -0.41024
25.375 71.625 -1.7111
25.375 71.875 -2.0939
25.375 72.125 -1.0932
25.375 72.375 -1.3564
25.375 72.625 -1.2403
25.375 72.875 -1.5759
25.375 73.125 -1.7332
25.375 73.375 -1.454
25.375 73.625 -1.2739
25.375 73.875 -1.1634
25.375 74.125 -0.96729
25.375 74.375 -1.0619
25.375 74.625 -0.57284
25.375 74.875 -1.0225
25.375 75.125 -0.92262
25.375 75.375 0.038531
25.375 75.625 1.2473
25.375 75.875 0.44468
25.375 76.125 0.23804
25.375 76.375 0.60333
25.375 76.625 0.27871
25.375 76.875 0.50161
25.375 77.125 1.5287
25.375 77.375 1.5789
25.375 77.625 0.80968
25.375 77.875 1.0742
25.375 78.125 1.0181
25.375 78.375 1.1883
25.375 78.625 0.42078
25.375 78.875 0.59893
25.375 79.125 0.74652
25.375 79.375 1.2481
25.375 79.625 1.3351
25.375 79.875 0.89609
25.375 80.125 0.62742
25.375 80.375 1.2604
25.375 80.625 0.7857
25.375 80.875 -0.43673
25.375 81.125 0.28521
25.375 81.375 0.20261
25.375 81.625 -1.0596
25.375 81.875 -1.8269
25.375 82.125 -1.4047
25.375 82.375 -1.2091
25.375 82.625 -1.4916
25.375 82.875 -1.2692
25.375 83.125 -1.5372
25.375 83.375 0.37152
25.375 83.625 -0.0033894
25.375 83.875 0.088644
25.375 84.125 -0.013303
25.375 84.375 0.31771
25.375 84.625 -0.77042
25.375 84.875 -0.27152
25.375 85.125 -1.437
25.375 85.375 -1.1559
25.375 85.625 -0.34169
25.375 85.875 0.18197
25.375 86.125 0.75006
25.375 86.375 0.27885
25.375 86.625 -1.6593
25.375 86.875 -0.68446
25.375 87.125 -1.891
25.375 87.375 -1.6774
25.375 87.625 -1.366
25.375 87.875 -1.1716
25.375 88.125 -1.2432
25.375 88.375 -2.2065
25.375 88.625 -1.7845
25.375 90.125 -0.62364
25.375 90.375 -1.0526
25.375 90.625 -0.012654
25.375 90.875 -0.386
25.375 91.125 -0.56259
25.375 91.375 0.097721
25.375 91.625 0.34
25.375 91.875 0.02722
25.375 92.125 -2.476
25.375 92.375 -2.0671
25.375 92.625 -2.3379
25.375 92.875 -1.5358
25.375 93.125 -1.0397
25.375 93.375 -1.2069
25.375 93.625 -0.027826
25.375 93.875 -1.1291
25.375 94.125 -0.62864
25.375 94.375 1.1017
25.625 70.875 -0.51298
25.625 71.125 -0.32687
25.625 71.375 -0.4594
25.625 71.625 -1.0086
25.625 71.875 -0.54153
25.625 72.125 0.32543
25.625 72.375 0.4071
25.625 72.625 -1.3511
25.625 72.875 -1.3038
25.625 73.125 -1.6948
25.625 73.375 -1.2912
25.625 73.625 -1.1638
25.625 73.875 -0.70657
25.625 74.125 0.1733
25.625 74.375 -1.0669
25.625 74.625 -0.86986
25.625 74.875 0.17836
25.625 75.125 -0.91854
25.625 75.375 -0.53514
25.625 75.625 1.0285
25.625 75.875 0.88517
25.625 76.125 0.7991
25.625 76.375 0.79589
25.625 76.625 0.2817
25.625 76.875 0.46336
25.625 77.125 0.065952
25.625 77.375 0.3386
25.625 77.625 0.42339
25.625 77.875 0.23668
25.625 78.125 0.65792
25.625 78.375 0.46292
25.625 78.625 0.54472
25.625 78.875 0.49619
25.625 79.125 0.9675
25.625 79.375 1.2932
25.625 79.625 1.1711
25.625 79.875 0.98721
25.625 80.125 0.62016
25.625 80.375 0.7878
25.625 80.625 0.2514
25.625 80.875 -0.74633
25.625 81.125 -1.1597
25.625 81.375 -2.1283
25.625 81.625 -1.1511
25.625 81.875 -0.68524
25.625 82.125 -1.5598
25.625 82.375 -1.8817
25.625 82.625 -1.6873
25.625 82.875 -1.9138
25.625 83.125 -1.1541
25.625 83.375 -1.1059
25.625 83.625 -0.63909
25.625 83.875 -0.59471
25.625 84.125 -1.3311
25.625 84.375 -1.6546
25.625 84.625 -0.64801
25.625 84.875 -0.82058
25.625 85.125 -1.9036
25.625 85.375 -1.4492
25.625 85.625 -0.74005
25.625 85.875 -0.11503
25.625 86.125 -0.99652
25.625 86.375 -0.5756
25.625 86.625 -0.30931
25.625 86.875 -1.3359
25.625 87.125 -1.6705
25.625 87.375 -2.0728
25.625 87.625 -1.6324
25.625 87.875 -1.3617
25.625 88.125 -2.5742
25.625 90.125 -2.4415
25.625 90.375 -0.58379
25.625 90.625 -0.56864
25.625 90.875 -1.0876
25.625 91.125 -1.1282
25.625 91.375 -0.10258
25.625 91.625 0.29906
25.625 91.875 0.90929
25.625 92.125 -2.5414
25.625 92.375 -2.1764
25.625 92.625 -4.6399
25.625 92.875 -1.331
25.625 93.125 -1.9336
25.625 93.375 -1.4484
25.625 93.625 -0.54327
25.625 93.875 0.11585
25.625 94.125 1.4909
25.625 94.375 -2.688
NaN NaN NaN
NaN NaN NaN
25.875 70.375 -0.35398
25.875 70.625 -0.51572
25.875 70.875 -0.55301
25.875 71.125 -0.82127
25.875 71.375 -0.73298
25.875 71.625 -1.5374
25.875 71.875 -1.1893
25.875 72.125 0.30998
25.875 72.375 0.18704
25.875 72.625 -0.9614
25.875 72.875 -1.0593
25.875 73.125 -1.5544
25.875 73.375 -1.0015
25.875 73.625 -0.72605
25.875 73.875 -0.98452
25.875 74.125 0.18684
25.875 74.375 -0.85409
25.875 74.625 -0.40639
25.875 74.875 -0.87303
25.875 75.125 -1.0878
25.875 75.375 -0.87268
25.875 75.625 -0.63373
25.875 75.875 0.13116
25.875 76.125 -0.051897
25.875 76.375 0.77002
25.875 76.625 0.36277
25.875 76.875 0.40052
25.875 77.125 -0.15925
25.875 77.375 0.6349
25.875 77.625 0.10094
25.875 77.875 -0.12765
25.875 78.125 0.53204
25.875 78.375 1.0899
25.875 78.625 0.83586
25.875 78.875 0.74249
25.875 79.125 1.0471
25.875 79.375 0.83139
25.875 79.625 0.82605
25.875 79.875 0.7913
25.875 80.125 0.6973
25.875 80.375 -1.1567
25.875 80.625 -0.51285
25.875 80.875 -0.88693
25.875 81.125 -0.99909
25.875 81.375 -2.0609
25.875 81.625 0.038405
25.875 81.875 -0.28233
25.875 82.125 -1.5203
25.875 82.375 -0.68551
25.875 82.625 -1.8006
25.875 82.875 -0.018684
25.875 83.125 -1.7728
25.875 83.375 -2.0694
25.875 83.625 -0.12769
25.875 83.875 -1.4606
25.875 84.125 0.6
25.875 84.375 -2.0522
25.875 84.625 -1.3266
25.875 84.875 -1.6189
25.875 85.125 -0.49365
25.875 85.375 -1.1673
25.875 85.625 -0.59544
25.875 85.875 -0.89412
25.875 86.125 -0.93943
25.875 86.375 -0.36431
25.875 86.625 -0.2947
25.875 86.875 -0.83713
25.875 87.125 -2.1542
25.875 87.375 -1.8316
25.875 87.625 -2.3617
25.875 87.875 -1.7486
25.875 90.125 -1.6038
25.875 90.375 -1.3775
25.875 90.625 -0.98973
25.875 90.875 -0.93852
25.875 91.125 -0.14168
25.875 91.375 -0.11881
25.875 91.625 -0.47276
25.875 91.875 -2.1116
25.875 92.125 -2.1592
25.875 92.375 -1.0513
25.875 92.625 -1.1745
25.875 92.875 -1.4782
25.875 93.125 -2.7547
25.875 93.375 -2.2089
25.875 93.625 -1.604
25.875 93.875 -1.3729
25.875 94.125 -1.1537
25.875 94.375 -1.294
25.875 94.625 -1.6137
25.875 94.875 -0.72996
26.125 70.375 -0.78069
26.125 70.625 -1.2759
26.125 70.875 -1.5022
26.125 71.125 -1.2184
26.125 71.375 -0.60296
26.125 71.625 -0.86757
26.125 71.875 -0.36853
26.125 72.125 -0.3203
26.125 72.375 -0.69844
26.125 72.625 -1.3434
26.125 72.875 -1.0281
26.125 73.125 -0.91476
26.125 73.375 -1.2946
26.125 73.625 -0.16336
26.125 73.875 -0.5868
26.125 74.125 -1.2856
26.125 74.375 -0.88692
26.125 74.625 -0.95714
26.125 74.875 -0.78497
26.125 75.125 0.28713
26.125 75.375 -0.94554
26.125 75.625 -0.81593
26.125 75.875 -0.5042
26.125 76.125 -0.64905
26.125 76.375 0.37638
26.125 76.625 0.39256
26.125 76.875 0.47122
26.125 77.125 0.78844
26.125 77.375 0.35222
26.125 77.625 -0.079835
26.125 77.875 -0.66719
26.125 78.125 0.60508
26.125 78.375 0.7343
26.125 78.625 0.41725
26.125 78.875 0.82726
26.125 79.125 1.0763
26.125 79.375 0.64022
26.125 79.625 0.21125
26.125 79.875 -1.1473
26.125 80.125 0.48319
26.125 80.375 0.2489
26.125 80.625 -1.3685
26.125 80.875 0.10196
26.125 81.125 0.00021283
26.125 81.375 -1.364
26.125 81.625 -0.76707
26.125 81.875 -0.04861
26.125 82.125 -1.4843
26.125 82.375 -0.95547
26.125 82.625 -1.0812
26.125 82.875 -0.40466
26.125 83.125 -1.3809
26.125 83.375 -1.9951
26.125 83.625 -1.3359
26.125 83.875 -0.59587
26.125 84.125 0.1356
26.125 84.375 -1.5827
26.125 84.625 -1.1017
26.125 84.875 -1.4518
26.125 85.125 -0.19613
26.125 85.375 -1.599
26.125 85.625 -0.85772
26.125 85.875 0.91611
26.125 86.125 -0.73397
26.125 86.375 -0.88412
26.125 86.625 -0.83011
26.125 86.875 -0.96961
26.125 87.125 -1.5027
26.125 87.375 -1.3969
26.125 87.625 -1.3607
26.125 87.875 -1.2545
26.125 88.125 -1.8677
26.125 89.375 -1.9583
26.125 89.875 -2.0354
26.125 90.125 -1.6777
26.125 90.375 -1.4244
26.125 90.625 -1.2439
26.125 90.875 -1.0613
26.125 91.125 -1.2009
26.125 91.375 -0.80459
26.125 91.625 -1.9836
26.125 91.875 -1.4748
26.125 92.125 -1.1543
26.125 92.375 -1.0211
26.125 92.625 -0.89873
26.125 92.875 -1.8253
26.125 93.125 -1.9059
26.125 93.375 -1.4273
26.125 93.625 -0.27958
26.125 93.875 -0.94818
26.125 94.125 -0.10381
26.125 94.375 -1.4432
26.125 94.625 -1.0364
26.125 94.875 0.44506
26.375 70.375 -1.2574
26.375 70.625 -1.6001
26.375 70.875 -1.5232
26.375 71.125 -1.4829
26.375 71.375 -1.2879
26.375 71.625 -1.0169
26.375 71.875 -0.073222
26.375 72.125 -0.37142
26.375 72.375 -0.71225
26.375 72.625 -1.0685
26.375 72.875 -1.1328
26.375 73.125 -0.98278
26.375 73.375 -1.0702
26.375 73.625 -0.80987
26.375 73.875 -0.87014
26.375 74.125 -0.7007
26.375 74.375 -0.44654
26.375 74.625 -1.206
26.375 74.875 -1.0495
26.375 75.125 -0.33409
26.375 75.375 -0.39239
26.375 75.625 -0.76136
26.375 75.875 -0.38388
26.375 76.125 0.036283
26.375 76.375 -0.63915
26.375 76.625 -0.17971
26.375 76.875 0.43041
26.375 77.125 0.64108
26.375 77.375 0.71237
26.375 77.625 -0.097201
26.375 77.875 -0.67322
26.375 78.125 -0.24263
26.375 78.375 0.36313
26.375 78.625 0.4192
26.375 78.875 0.8631
26.375 79.125 0.45144
26.375 79.375 -0.77695
26.375 79.625 -1.7111
26.375 79.875 -0.61139
26.375 80.125 0.52413
26.375 80.375 -1.0526
26.375 80.625 -1.334
26.375 80.875 -0.91105
26.375 81.125 -1.414
26.375 81.375 -1.9759
26.375 81.625 -1.7679
26.375 81.875 -0.93228
26.375 82.125 -1.4388
26.375 82.375 -1.1267
26.375 82.625 -0.98765
26.375 82.875 -1.0244
26.375 83.125 -0.52654
26.375 83.375 -1.4138
26.375 83.625 -1.8506
26.375 83.875 -1.3587
26.375 84.125 -0.62965
26.375 84.375 -0.67106
26.375 84.625 -0.90109
26.375 84.875 -2.0784
26.375 85.125 -1.1133
26.375 85.375 -0.98679
26.375 85.625 -1.1513
26.375 85.875 -0.39767
26.375 86.125 -1.1184
26.375 86.375 -2.3267
26.375 86.625 -1.3921
26.375 86.875 -0.13796
26.375 87.125 -0.55458
26.375 87.625 0.91788
26.375 87.875 -0.85374
26.375 88.125 -0.17623
26.375 88.375 -0.69152
26.375 88.875 -1.6986
26.375 89.375 -2.3894
26.375 89.625 -1.6217
26.375 89.875 -2.7351
26.375 90.125 -1.7332
26.375 90.375 -1.3237
26.375 90.625 -1.8499
26.375 90.875 -1.7012
26.375 91.125 -1.8208
26.375 91.375 -0.89885
26.375 91.625 -1.464
26.375 91.875 -1.193
26.375 92.125 -0.55709
26.375 92.375 -0.8518
26.375 92.625 -1.1737
26.375 92.875 -0.91238
26.375 93.125 -1.4217
26.375 93.375 -1.5539
26.375 93.625 -0.43285
26.375 93.875 -1.1437
26.375 94.125 -1.6925
26.375 94.375 -0.10167
26.375 94.625 -0.18041
26.375 94.875 -0.065295
26.625 69.875 -1.1352
26.625 70.125 -1.1036
26.625 70.375 -0.80415
26.625 70.625 -1.0933
26.625 70.875 -0.98887
26.625 71.125 -1.4199
26.625 71.375 -1.168
26.625 71.625 -1.1441
26.625 71.875 -0.9994
26.625 72.125 0.12067
26.625 72.375 -1.0498
26.625 72.625 -1.2395
26.625 72.875 -1.015
26.625 73.125 -0.83842
26.625 73.375 -0.99805
26.625 73.625 -0.82879
26.625 73.875 -0.84842
26.625 74.125 -0.81446
26.625 74.375 -0.58653
26.625 74.625 -0.85915
26.625 74.875 -0.79155
26.625 75.125 -0.85027
26.625 75.375 -0.38071
26.625 75.625 -0.21187
26.625 75.875 -0.11233
26.625 76.125 -0.073916
26.625 76.375 -0.70525
26.625 76.625 -0.34104
26.625 76.875 -0.22982
26.625 77.125 0.72484
26.625 77.375 0.93711
26.625 77.625 -0.22895
26.625 77.875 -1.3043
26.625 78.125 0.13501
26.625 78.375 0.63989
26.625 78.625 0.27403
26.625 78.875 0.8517
26.625 79.125 -1.4792
26.625 79.375 -1.4614
26.625 79.625 -1.3355
26.625 79.875 -1.4354
26.625 80.125 -1.3267
26.625 80.375 -1.0937
26.625 80.625 -1.4724
26.625 80.875 -0.11376
26.625 81.125 0.0075273
26.625 81.375 -0.77031
26.625 81.625 -0.90126
26.625 81.875 -0.12779
26.625 82.125 -0.90357
26.625 82.375 -0.578
26.625 82.625 -1.7725
26.625 82.875 -0.49352
26.625 83.125 0.37082
26.625 83.375 -0.94025
26.625 83.625 -1.1919
26.625 83.875 -2.4891
26.625 84.125 0.11039
26.625 84.375 -0.63504
26.625 84.625 -0.62946
26.625 84.875 -1.6927
26.625 85.125 -1.1724
26.625 85.375 -1.2185
26.625 85.625 -0.7553
26.625 86.125 -0.2976
26.625 88.375 -0.33391
26.625 88.625 -0.73599
26.625 88.875 -1.9389
26.625 89.125 -1.8219
26.625 89.375 -2.1716
26.625 89.625 -2.0221
26.625 89.875 -1.71
26.625 90.125 -2.1358
26.625 90.375 -2.2478
26.625 90.625 -2.9469
26.625 90.875 -2.4581
26.625 91.125 -0.84184
26.625 91.375 -0.79178
26.625 91.625 -0.56179
26.625 91.875 -0.98612
26.625 92.125 -0.94286
26.625 92.375 -1.1692
26.625 92.625 -1.3659
26.625 92.875 -1.379
26.625 93.125 -1.6011
26.625 93.375 -2.9978
26.625 93.625 -1.2031
26.625 93.875 -1.8233
26.625 94.125 -1.6849
26.625 94.375 -1.3955
26.625 94.625 -0.83962
26.625 94.875 -0.36702
26.625 95.125 0.56131
26.875 69.625 -1.014
26.875 69.875 -0.90134
26.875 70.125 -1.0511
26.875 70.375 -1.1499
26.875 70.625 -1.0429
26.875 70.875 -1.0865
26.875 71.125 -1.4171
26.875 71.375 -1.0553
26.875 71.625 -1.1429
26.875 71.875 -1.0292
26.875 72.125 -1.0727
26.875 72.375 -0.92013
26.875 72.625 -1.0396
26.875 72.875 -0.61304
26.875 73.125 0.22377
26.875 73.375 -0.83803
26.875 73.625 -0.19758
26.875 73.875 -0.24729
26.875 74.125 -0.68248
26.875 74.375 -0.32095
26.875 74.625 -0.19385
26.875 74.875 -0.18045
26.875 75.125 -0.8736
26.875 75.375 -0.49011
26.875 75.625 -0.6619
26.875 75.875 -0.17118
26.875 76.125 -0.26469
26.875 76.375 -0.45229
26.875 76.625 -0.66503
26.875 76.875 -0.14392
26.875 77.125 -0.1306
26.875 77.375 0.28904
26.875 77.625 -0.23084
26.875 77.875 -0.56594
26.875 78.125 -0.76241
26.875 78.375 -0.93158
26.875 78.625 -1.3637
26.875 78.875 1.1428
26.875 79.125 -0.25277
26.875 79.375 -1.3454
26.875 79.625 -1.3345
26.875 79.875 -0.61758
26.875 80.125 -2.0012
26.875 80.375 -1.1413
26.875 80.625 -1.3132
26.875 80.875 0.40295
26.875 81.125 1.0628
26.875 81.375 0.74725
26.875 81.625 0.054205
26.875 81.875 -0.6775
26.875 82.125 0.43003
26.875 82.375 -1.6885
26.875 82.625 -1.2382
26.875 82.875 0.38808
26.875 83.125 -0.079178
26.875 83.375 -1.6048
26.875 83.625 -2.2656
26.875 83.875 -2.2063
26.875 84.125 -0.30167
26.875 84.375 -0.55227
26.875 84.625 -0.55237
26.875 84.875 -0.099007
26.875 88.375 1.0977
26.875 88.625 -2.3586
26.875 88.875 -1.6246
26.875 92.375 -1.0517
26.875 92.625 -1.2994
26.875 92.875 -1.2087
26.875 93.125 -0.86861
26.875 93.375 -2.5745
26.875 93.625 -2.0187
26.875 93.875 -2.12
26.875 94.125 -2.5769
26.875 94.375 -1.333
26.875 94.625 -1.1602
26.875 94.875 -0.63748
26.875 95.125 -0.29702
26.875 95.375 0.90792
26.875 95.625 -0.55052
27.125 69.875 -0.66317
27.125 70.125 -0.54163
27.125 70.375 -0.48599
27.125 70.625 -0.69843
27.125 70.875 -1.2418
27.125 71.125 -1.1365
27.125 71.375 -1.0658
27.125 71.625 -1.0994
27.125 71.875 -1.2283
27.125 72.125 -0.84927
27.125 72.375 -0.91179
27.125 72.625 -0.51053
27.125 72.875 -0.68743
27.125 73.125 -0.37278
27.125 73.375 -0.80251
27.125 73.625 -0.37953
27.125 73.875 -0.31226
27.125 74.125 -0.32464
27.125 74.375 -0.79093
27.125 74.625 -0.38817
27.125 74.875 -1.3064
27.125 75.125 -1.234
27.125 75.375 -0.71319
27.125 75.625 -0.0091455
27.125 75.875 0.029182
27.125 76.125 -0.45764
27.125 76.375 -0.67008
27.125 76.625 -0.71149
27.125 76.875 -0.31422
27.125 77.125 -0.33028
27.125 77.375 -0.25678
27.125 77.625 -0.13855
27.125 77.875 -0.51864
27.125 78.125 0.66611
27.125 78.375 -0.10406
27.125 78.625 -1.0432
27.125 78.875 -0.59284
27.125 79.125 0.11089
27.125 79.375 -0.97442
27.125 79.625 0.37686
27.125 79.875 1.3191
27.125 80.125 1.0325
27.125 80.375 0.86697
27.125 80.625 0.65582
27.125 80.875 -1.4811
27.125 81.125 0.31684
27.125 81.375 1.1785
27.125 81.625 0.93437
27.125 81.875 0.42509
27.125 82.125 -0.30416
27.125 82.375 -1.0025
27.125 82.625 0.46705
27.125 82.875 -0.036611
27.125 83.125 -0.77175
27.125 83.375 0.064835
27.125 83.625 -0.28798
27.125 83.875 -0.41208
27.125 84.125 -0.42529
27.125 84.375 -0.37637
27.125 84.625 0.12163
27.125 88.125 0.18691
27.125 88.375 0.54082
27.125 88.625 -0.65168
27.125 92.125 -0.87855
27.125 92.375 -2.3545
27.125 92.625 -0.84944
27.125 92.875 -1.1568
27.125 93.125 -2.0411
27.125 93.375 -0.99943
27.125 93.625 -1.1782
27.125 93.875 -0.24262
27.125 94.125 -1.5017
27.125 94.375 -1.5134
27.125 94.625 -1.6296
27.125 94.875 -1.0889
27.125 95.125 -0.82837
27.125 95.375 -0.23579
27.125 95.625 -0.43009
27.125 95.875 -1.2201
27.375 70.125 -0.49629
27.375 70.375 -0.77301
27.375 70.625 -0.7859
27.375 70.875 -0.7364
27.375 71.125 -1.0474
27.375 71.375 -0.97166
27.375 71.625 -1.2123
27.375 71.875 -0.89356
27.375 72.125 -0.012559
27.375 72.375 -0.69011
27.375 72.625 -0.52113
27.375 72.875 -0.62478
27.375 73.125 -0.62019
27.375 73.375 -0.62843
27.375 73.625 -0.23243
27.375 73.875 -0.15554
27.375 74.125 -0.14119
27.375 74.375 -0.60084
27.375 74.625 -0.088094
27.375 74.875 0.26843
27.375 75.125 -1.1479
27.375 75.375 -1.1795
27.375 75.625 -0.11426
27.375 75.875 -0.10575
27.375 76.125 -0.80227
27.375 76.375 -0.63169
27.375 76.625 -0.63462
27.375 76.875 -0.39089
27.375 77.125 -0.37879
27.375 77.375 -1.2817
27.375 77.625 -0.82577
27.375 77.875 -0.16577
27.375 78.125 0.46065
27.375 78.375 -0.62686
27.375 78.625 0.14652
27.375 78.875 -0.17621
27.375 79.125 -0.85879
27.375 79.375 0.70017
27.375 79.625 0.36578
27.375 79.875 -1.3583
27.375 80.125 -0.82286
27.375 80.375 0.041554
27.375 80.625 -0.92778
27.375 80.875 -0.86907
27.375 81.125 0.2838
27.375 81.375 0.76957
27.375 81.625 -1.5005
27.375 81.875 0.11018
27.375 82.125 0.21841
27.375 82.375 0.098392
27.375 82.625 -0.13479
27.375 82.875 -0.27058
27.375 83.125 0.27986
27.375 83.625 2.1832
27.375 84.125 0.2159
27.375 84.375 -0.085832
27.375 88.125 -0.95055
27.375 88.375 -0.18308
27.375 88.625 -1.8352
27.375 92.125 0.65753
27.375 92.375 0.89668
27.375 92.625 2.2372
27.375 92.875 -0.68654
27.375 93.125 -1.9571
27.375 93.375 -0.7271
27.375 93.625 0.67498
27.375 93.875 -0.16904
27.375 94.125 -2.0854
27.375 94.375 -0.99699
27.375 94.625 -0.8671
27.375 94.875 -1.3252
27.375 95.125 -1.1537
27.375 95.375 -0.93312
27.375 95.625 -1.4078
27.375 95.875 -1.5665
27.375 96.125 -1.5264
27.375 96.375 -1.2585
NaN NaN NaN
27.375 96.875 0.073221
27.625 70.125 -0.4816
27.625 70.375 -0.69689
27.625 70.625 -0.81969
27.625 70.875 -0.92613
27.625 71.125 -0.93168
27.625 71.375 -1.0218
27.625 71.625 -1.1454
27.625 71.875 -0.56133
27.625 72.125 -0.76995
27.625 72.375 -0.65359
27.625 72.625 -0.79943
27.625 72.875 -0.32888
27.625 73.125 -0.61397
27.625 73.375 -1.6476
27.625 73.625 -0.82891
27.625 73.875 0.92713
27.625 74.125 -0.10432
27.625 74.375 -0.50044
27.625 74.625 -0.38181
27.625 74.875 -0.4905
27.625 75.125 -0.37152
27.625 75.375 -0.77635
27.625 75.625 -0.074098
27.625 75.875 -0.76074
27.625 76.125 -0.9159
27.625 76.375 -1.111
27.625 76.625 -0.54216
27.625 76.875 -0.40333
27.625 77.125 -0.88855
27.625 77.375 -1.186
27.625 77.625 -1.4689
27.625 77.875 -0.92886
27.625 78.125 0.63353
27.625 78.375 0.86852
27.625 78.625 -0.88661
27.625 78.875 0.1194
27.625 79.125 -1.216
27.625 79.375 -2.1444
27.625 79.625 -0.99414
27.625 79.875 0.28776
27.625 80.125 0.66603
27.625 80.375 -0.19453
27.625 80.625 -1.6888
27.625 80.875 -0.60399
27.625 81.125 0.12238
27.625 81.375 1.1424
27.625 81.625 0.80288
27.625 81.875 0.1273
27.625 82.125 -0.1386
27.625 82.375 0.065877
27.625 82.625 0.052812
27.625 88.375 -0.26627
27.625 88.625 -0.49705
27.625 91.625 -0.4662
27.625 91.875 -0.1153
27.625 92.125 -3.4274
27.625 92.375 0.54347
27.625 92.625 -2.5732
27.625 92.875 -2.2416
27.625 93.125 -2.0339
27.625 93.375 0.23829
27.625 93.625 1.1988
27.625 93.875 -0.093633
27.625 94.125 -1.4138
27.625 94.375 -0.88969
27.625 94.625 -1.3803
27.625 94.875 -2.2635
27.625 95.125 -2.349
27.625 95.375 -1.417
27.625 95.625 -1.6321
27.625 95.875 -2.0379
27.625 96.125 -3.8465
27.625 96.375 -1.0363
27.625 96.625 -1.0044
27.625 96.875 -0.83067
27.875 70.375 -0.3942
27.875 71.875 -0.54159
27.875 72.125 -0.54571
27.875 72.375 -0.33416
27.875 72.625 -0.41462
27.875 72.875 -0.48699
27.875 73.125 0.035751
27.875 73.375 -0.019283
27.875 73.625 -0.96675
27.875 73.875 -1.0118
27.875 74.125 -0.28679
27.875 74.375 -0.6916
27.875 74.625 -0.5742
27.875 74.875 -0.39232
27.875 75.125 -1.0022
27.875 75.375 -0.56152
27.875 75.625 -0.81023
27.875 75.875 -1.2722
27.875 76.125 -1.0615
27.875 76.375 -0.014489
27.875 76.625 -0.59787
27.875 76.875 -1.0041
27.875 77.125 -0.80871
27.875 77.375 -1.2849
27.875 77.625 -1.1833
27.875 77.875 -1.2183
27.875 78.125 -0.89259
27.875 78.375 0.65338
27.875 78.625 0.73357
27.875 78.875 -0.16123
27.875 79.125 0.40604
27.875 79.375 -0.59986
27.875 79.625 -0.30349
27.875 79.875 0.54788
27.875 80.125 0.69496
27.875 80.375 0.4038
27.875 80.625 -1.2739
27.875 80.875 -2.3333
27.875 81.125 1.2858
27.875 81.375 0.67856
27.875 81.625 1.9418
27.875 88.375 0.95212
27.875 88.625 0.34954
27.875 92.875 -1.4743
27.875 93.125 -0.36616
27.875 93.375 -0.29411
27.875 93.625 -1.1843
27.875 93.875 0.33056
27.875 94.125 -3.3707
27.875 94.375 -1.5557
27.875 94.625 -0.61607
27.875 94.875 -0.71962
27.875 95.125 -1.0914
27.875 95.375 -1.8784
27.875 95.625 -1.6116
27.875 95.875 -2.0163
27.875 96.125 -2.7044
27.875 96.375 0.061312
27.875 96.625 -0.03423
NaN NaN NaN
27.875 97.125 0.30292
28.125 72.125 -0.95689
28.125 72.375 -0.96116
28.125 72.625 -0.49295
28.125 72.875 0.41722
28.125 73.125 0.82798
28.125 73.375 0.18234
28.125 73.625 -0.44844
28.125 73.875 -0.35704
28.125 74.125 -0.45135
28.125 74.375 -0.62147
28.125 74.625 -1.039
28.125 74.875 -0.7941
28.125 75.125 -1.5223
28.125 75.375 -0.26935
28.125 75.625 -0.28598
28.125 75.875 -0.63911
28.125 76.125 -0.74916
28.125 76.375 -0.85466
28.125 76.625 -0.3873
28.125 76.875 -1.1397
28.125 77.125 -1.367
28.125 77.375 -1.5681
28.125 77.625 -1.115
28.125 77.875 -1.1444
28.125 78.125 -1.113
28.125 78.375 0.92554
28.125 78.625 -1.4708
28.125 78.875 -0.39303
28.125 79.125 0.47505
28.125 79.375 -0.69672
28.125 79.625 0.97268
28.125 79.875 1.6544
28.125 80.125 0.92321
28.125 80.375 0.13818
28.125 80.625 -0.29908
28.125 80.875 -0.37986
28.125 81.125 -0.4679
28.125 81.375 1.2601
28.125 92.875 -0.93062
28.125 93.125 -1.4984
28.125 93.375 -1.0791
28.125 93.625 -0.79717
28.125 93.875 -0.95452
28.125 94.125 -0.84655
28.125 94.375 -0.48721
28.125 94.625 -0.0041492
28.125 94.875 -0.25219
28.125 95.125 -0.3877
28.125 95.375 -1.8815
28.125 95.625 -1.5298
28.125 95.875 -1.2917
28.125 96.125 -2.6223
28.125 96.375 -1.8591
NaN NaN NaN
NaN NaN NaN
NaN NaN NaN
28.375 72.375 -1.0665
28.375 72.625 -0.43568
28.375 72.875 -0.49589
28.375 73.125 0.17754
28.375 73.375 -0.77975
28.375 73.625 -0.98889
28.375 73.875 -0.51869
28.375 74.125 -0.27871
28.375 74.375 -0.38952
28.375 74.625 -0.74298
28.375 74.875 -0.85527
28.375 75.125 -0.73209
28.375 75.375 -0.25998
28.375 75.625 -0.33794
28.375 75.875 -0.39035
28.375 76.125 -0.060312
28.375 76.375 -0.70197
28.375 76.625 -0.28638
28.375 76.875 0.044761
28.375 77.125 -1.992
28.375 77.375 -1.4672
28.375 77.625 -1.2766
28.375 77.875 -1.1044
28.375 78.125 0.58752
28.375 78.375 1.1892
28.375 78.625 -1.0574
28.375 78.875 0.36531
28.375 79.125 0.25197
28.375 79.375 0.97769
28.375 79.625 -1.0385
28.375 79.875 -1.4069
28.375 80.125 0.96877
28.375 80.375 0.24061
28.375 80.625 -0.37649
28.375 80.875 1.6359
28.375 81.125 0.77991
28.375 93.375 -1.6578
28.375 93.625 -1.8366
28.375 93.875 -1.5069
28.375 94.125 -0.32091
28.375 94.375 0.23007
28.375 94.625 0.10193
28.375 94.875 0.13386
28.375 95.125 0.30567
28.375 95.375 1.0804
28.375 95.625 -0.45516
28.375 95.875 -1.3952
28.375 96.125 -1.4392
NaN NaN NaN
28.625 72.375 -0.93186
28.625 72.625 -1.0623
28.625 72.875 -0.5025
28.625 73.125 -0.38485
28.625 73.375 -0.57199
28.625 73.625 -0.8044
28.625 73.875 -0.70205
28.625 74.125 -0.77679
28.625 74.375 -0.72599
28.625 74.625 -1.0389
28.625 74.875 -0.98207
28.625 75.125 -0.70438
28.625 75.375 -0.41315
28.625 75.625 -0.00379
28.625 75.875 -0.66188
28.625 76.125 -0.3127
28.625 76.375 -0.79243
28.625 76.625 -0.7788
28.625 76.875 -0.66915
28.625 77.125 -0.70052
28.625 77.375 -0.82833
28.625 77.625 -1.0043
28.625 77.875 -1.2843
28.625 78.125 0.48503
28.625 78.375 0.91072
28.625 78.625 -1.2202
28.625 78.875 0.83463
28.625 79.125 0.7098
28.625 79.375 0.61093
28.625 79.625 0.3444
28.625 79.875 -1.0359
28.625 80.125 1.0782
28.625 80.375 0.1863
28.625 80.625 -0.08189
28.625 93.625 -0.93467
28.625 93.875 1.3463
28.625 94.125 -0.19411
28.625 94.375 0.03898
28.625 94.625 0.56043
28.625 94.875 0.55194
28.625 95.125 0.53653
28.625 95.375 -0.12111
28.625 95.625 0.99328
28.625 95.875 -0.71573
28.625 96.125 0.75896
NaN NaN NaN
28.875 72.875 -1.017
28.875 73.125 -0.52338
28.875 73.375 -0.19036
28.875 73.625 0.021794
28.875 73.875 -0.66245
28.875 74.125 -0.98579
28.875 74.375 -0.97107
28.875 74.625 -1.3135
28.875 74.875 -0.78073
28.875 75.125 -0.57433
28.875 75.375 -0.8949
28.875 75.625 -0.62285
28.875 75.875 -0.62815
28.875 76.125 -0.80044
28.875 76.375 -1.2065
28.875 76.625 -1.1785
28.875 76.875 -1.1096
28.875 77.125 -1.0017
28.875 77.375 -0.50641
28.875 77.625 -0.82285
28.875 77.875 0.15088
28.875 78.125 0.60194
28.875 78.375 0.81985
28.875 78.625 0.29105
28.875 78.875 -0.13929
28.875 79.125 -0.46855
28.875 79.375 0.75495
28.875 79.625 -0.8474
28.875 79.875 -1.3639
28.875 94.125 -0.77059
28.875 94.375 0.50312
28.875 94.625 -0.93865
28.875 94.875 0.49567
28.875 95.125 -0.48521
28.875 95.375 -0.28349
28.875 95.625 -0.81205
28.875 95.875 -0.31733
28.875 96.125 0.68629
NaN NaN NaN
29.125 73.125 -0.5163
29.125 73.375 0.20645
29.125 73.625 0.16119
29.125 73.875 -0.45529
29.125 74.125 -0.45693
29.125 74.375 -0.77647
29.125 74.625 -0.91287
29.125 74.875 -1.2148
29.125 75.125 -1.4263
29.125 75.375 -0.75316
29.125 75.625 -0.80857
29.125 75.875 -1.3289
29.125 76.125 -1.134
29.125 76.375 -1.0905
29.125 76.625 -0.86076
29.125 76.875 -1.0324
29.125 77.125 -1.36
29.125 77.375 -1.2131
29.125 77.625 0.52559
29.125 77.875 0.70305
29.125 78.125 1.5297
29.125 78.375 1.0712
29.125 78.625 -1.7635
29.125 78.875 0.28256
29.125 79.125 -1.4288
29.125 79.375 -0.796
29.125 79.625 0.40876
29.125 79.875 0.33655
29.125 80.125 0.38931
29.125 94.375 -0.0063113
29.125 94.625 0.11696
29.125 94.875 0.076121
29.125 95.625 -1.8973
29.125 95.875 -0.87972
29.125 96.125 3.1539
29.375 73.375 0.19604
29.375 73.625 -0.29861
29.375 73.875 -0.22584
29.375 74.125 -0.89193
29.375 74.375 -0.61716
29.375 74.625 -0.59117
29.375 74.875 -0.58429
29.375 75.125 -0.67367
29.375 75.375 -0.51903
29.375 75.625 -0.70483
29.375 75.875 -0.92379
29.375 76.125 -0.63041
29.375 76.375 -1.3585
29.375 76.625 -0.84211
29.375 76.875 -0.33138
29.375 77.125 -1.1496
29.375 77.375 -1.7353
29.375 77.625 1.1119
29.375 77.875 1.002
29.375 78.125 0.18231
29.375 78.375 1.0382
29.375 78.625 -0.49924
29.375 78.875 1.1916
29.375 79.125 0.96603
29.375 79.375 -0.39274
29.375 79.625 -1.3513
29.375 79.875 -2.1508
29.375 80.125 -2.2561
NaN NaN NaN
29.625 73.375 -0.24292
29.625 73.625 -0.14232
29.625 73.875 -1.5398
29.625 74.125 -1.0437
29.625 74.375 -0.76921
29.625 74.625 -1.3344
29.625 74.875 -0.77564
29.625 75.125 -0.67615
29.625 75.375 -0.70718
29.625 75.625 -0.11179
29.625 75.875 -1.2026
29.625 76.125 -0.70348
29.625 76.375 -0.5383
29.625 76.625 -0.045404
29.625 76.875 -0.4047
29.625 77.125 -1.1266
29.625 77.375 -2.0309
29.625 77.625 -1.6381
29.625 77.875 0.33217
29.625 78.125 0.39891
29.625 78.375 -1.86
29.625 78.625 -1.1298
29.625 78.875 0.82645
29.625 79.125 0.50807
29.625 79.375 0.78154
29.625 79.625 0.53344
29.625 79.875 0.25328
29.625 80.125 -1.7683
29.875 73.625 -0.40505
29.875 73.875 -0.48475
29.875 74.125 -0.13663
29.875 74.375 -1.0812
29.875 74.625 -0.86381
29.875 74.875 0.43506
29.875 75.125 -0.95925
29.875 75.375 -0.66035
29.875 75.625 -0.75866
29.875 75.875 -0.84075
29.875 76.125 -0.62027
29.875 76.375 -0.43824
29.875 76.625 -0.61936
29.875 76.875 -1.264
29.875 77.125 -1.7917
29.875 77.375 -1.758
29.875 77.625 -1.818
29.875 77.875 -1.1006
29.875 78.125 -2.1109
29.875 78.375 0.52606
29.875 78.625 1.014
29.875 78.875 1.0209
29.875 79.125 0.57016
29.875 79.375 0.18398
29.875 79.625 0.22032
29.875 79.875 0.46762
29.875 80.125 -0.45584
29.875 80.375 -0.55753
30.125 74.125 -0.32708
30.125 74.375 -0.45127
30.125 74.625 -0.50628
30.125 74.875 0.27784
30.125 75.125 -0.47133
30.125 75.375 -0.38858
30.125 75.625 -0.66243
30.125 75.875 -1.0789
30.125 76.125 -0.32766
30.125 76.375 -0.74451
30.125 76.625 -0.76993
30.125 76.875 -1.4565
30.125 77.125 -0.57768
30.125 77.375 -1.7182
30.125 77.625 -1.5227
30.125 77.875 -1.2702
30.125 78.125 -1.9219
30.125 78.375 0.95011
30.125 78.625 0.92003
30.125 78.875 1.4394
30.125 79.125 0.9346
30.125 79.375 1.3263
30.125 79.625 0.90617
30.125 79.875 -0.093059
30.125 80.125 0.29406
30.125 80.375 -0.063114
30.125 80.625 -0.11629
30.375 74.125 -0.80038
30.375 74.375 -0.079173
30.375 74.625 -0.68252
30.375 74.875 0.17424
30.375 75.125 -0.73873
30.375 75.375 -0.53063
30.375 75.625 -0.75234
30.375 75.875 -1.1847
30.375 76.125 -1.2533
30.375 76.375 -1.2009
30.375 76.625 -1.8083
30.375 76.875 -1.7241
30.375 77.125 -0.92465
30.375 77.375 -0.72485
30.375 77.625 -0.37703
30.375 77.875 -1.6012
30.375 78.125 -2.1539
30.375 78.375 -2.2943
30.375 78.625 -2.0483
30.375 78.875 1.7039
30.375 79.125 0.85134
30.375 79.375 0.98804
30.375 79.625 0.060453
30.375 79.875 0.4045
30.375 80.125 0.64159
30.375 80.375 -0.35792
30.375 80.625 -1.7131
30.625 74.375 -0.78388
30.625 74.625 -1.1379
30.625 74.875 0.15962
30.625 75.125 -0.86208
30.625 75.375 0.26153
30.625 75.625 -0.77741
30.625 75.875 -1.148
30.625 76.125 -0.97861
30.625 76.375 0.35441
30.625 76.625 -0.81289
30.625 76.875 -0.56541
30.625 77.125 -0.34912
30.625 77.375 0.036179
30.625 77.625 0.53214
30.625 77.875 0.80837
30.625 78.125 0.56942
30.625 78.375 0.36335
30.625 78.625 0.69853
30.625 78.875 1.3018
30.625 79.125 0.66201
30.625 79.375 0.7591
30.625 79.625 0.65359
30.625 79.875 0.86485
30.625 80.125 -0.40375
30.875 74.625 -1.4854
30.875 74.875 -0.89974
30.875 75.125 -0.84801
30.875 75.375 -1.6714
30.875 75.625 -0.51824
30.875 75.875 -0.72141
30.875 76.125 -0.3947
30.875 76.375 -0.82591
30.875 76.625 0.50529
30.875 76.875 -0.30242
30.875 77.125 0.8013
30.875 77.375 0.64829
30.875 77.625 1.1528
30.875 77.875 1.085
30.875 78.125 0.8863
30.875 78.375 0.75801
30.875 78.625 1.1319
30.875 78.875 0.69225
30.875 79.125 -0.30136
30.875 79.375 -0.24407
30.875 79.625 0.54778
30.875 79.875 1.0207
31.125 74.875 0.019708
31.125 75.125 -1.1208
31.125 75.375 -1.5935
31.125 75.625 -0.62679
31.125 75.875 -0.55453
31.125 76.125 -0.53437
31.125 76.375 -0.32827
31.125 76.625 -0.056596
31.125 76.875 -0.39636
31.125 77.125 0.6177
31.125 77.375 0.85898
31.125 77.625 1.0478
31.125 77.875 0.47668
31.125 78.125 0.97681
31.125 78.375 0.54331
31.125 78.625 -0.035704
31.125 78.875 0.32892
31.125 79.125 1.1881
31.375 74.875 -0.86349
31.375 75.125 -0.96474
31.375 75.375 -2.0808
31.375 75.625 -1.0718
31.375 75.875 -0.36333
31.375 76.125 -0.36359
31.375 76.375 -0.45513
31.375 76.625 -0.46444
31.375 76.875 -0.8456
31.375 77.125 0.94262
31.375 77.375 1.5876
31.375 77.625 0.88577
31.375 77.875 1.2525
31.375 78.125 0.84531
31.375 78.375 1.6312
31.375 78.625 0.84843
31.625 74.875 -1.1849
31.625 75.125 -0.51314
31.625 75.375 -0.30953
31.625 75.625 -0.65633
31.625 75.875 -1.6351
31.625 76.125 -0.69291
31.625 76.375 -0.41216
31.625 76.625 -0.4206
31.625 76.875 0.092935
31.625 77.125 0.38694
31.625 77.375 1.951
31.625 77.625 1.7783
31.625 77.875 1.6302
31.625 78.125 2.4573
31.625 78.375 0.80509
31.625 78.625 1.1002
31.875 74.875 -0.34298
31.875 75.125 -0.10215
31.875 75.375 -0.80566
31.875 75.625 -0.34491
31.875 75.875 -0.5145
31.875 76.125 -0.94101
31.875 76.375 -0.43928
31.875 76.625 0.11096
31.875 76.875 0.059798
31.875 77.125 0.23265
31.875 77.375 1.3596
31.875 77.625 1.4912
31.875 77.875 0.71971
31.875 78.125 0.63408
31.875 78.375 0.90875
31.875 78.625 1.256
32.125 75.375 0.25247
32.125 75.625 0.028626
32.125 75.875 0.072109
32.125 76.125 -1.1564
32.125 76.375 -0.81808
32.125 76.625 0.20172
32.125 76.875 0.5981
32.125 77.125 0.98917
32.125 77.375 -1.0235
32.125 77.625 -0.35006
32.125 77.875 0.54212
32.125 78.125 -0.18734
32.125 78.375 0.28635
32.375 75.375 0.34842
32.375 75.625 0.20203
32.375 75.875 -0.022267
32.375 76.125 0.14627
32.375 76.375 0.21806
32.375 76.625 -0.50534
32.375 76.875 1.0343
32.375 77.125 1.2537
32.375 77.375 0.1322
32.375 77.625 0.052171
32.375 77.875 0.26784
32.375 78.125 0.55255
32.375 78.375 -1.5661
32.625 74.875 -0.2053
32.625 75.125 0.083797
32.625 75.375 -0.095542
32.625 75.625 -0.1223
32.625 75.875 0.30031
32.625 76.125 0.74509
32.625 76.375 -0.47747
32.625 76.625 -1.4476
32.625 76.875 -1.013
32.625 77.125 -0.52582
32.625 77.375 0.14444
32.625 77.625 0.81735
32.625 77.875 0.37878
32.625 78.125 0.81558
32.625 78.375 -1.1561
32.625 78.625 -1.3325
32.625 78.875 2.3924
32.625 79.125 2.0514
32.625 79.375 -0.95108
32.875 74.375 0.43735
32.875 74.625 0.28422
32.875 74.875 0.15148
32.875 75.125 0.56486
32.875 75.375 0.61479
32.875 75.625 0.27381
32.875 75.875 0.12206
32.875 76.125 1.1223
32.875 76.375 -0.071735
32.875 76.625 -1.4878
32.875 76.875 -0.43609
32.875 77.125 -0.57098
32.875 77.375 0.47385
32.875 77.625 0.52227
32.875 77.875 0.2975
32.875 78.125 -1.0368
32.875 78.375 -0.58059
32.875 78.625 -0.88823
32.875 78.875 -0.48589
32.875 79.125 -0.57139
32.875 79.375 -0.20697
33.125 73.875 0.058781
33.125 74.125 0.48586
33.125 74.375 0.5075
33.125 74.625 0.56837
33.125 74.875 1.1735
33.125 75.125 0.95786
33.125 75.375 0.51951
33.125 75.625 0.85922
33.125 75.875 -0.72564
33.125 76.125 -0.30109
33.125 76.375 -0.79078
33.125 76.625 -0.55846
33.125 76.875 -0.1168
33.125 77.125 0.48818
33.125 77.375 -0.57632
33.125 77.625 -0.39283
33.125 77.875 -0.64641
33.125 78.125 -0.39165
33.125 78.375 -0.92695
33.125 78.625 0.47077
33.125 78.875 0.12551
33.125 79.125 0.23402
33.375 73.875 0.83353
33.375 74.125 1.4069
33.375 74.375 1.1243
33.375 74.625 0.93751
33.375 74.875 0.87499
33.375 75.125 0.017067
33.375 75.375 0.15251
33.375 75.625 0.54086
33.375 75.875 -0.48995
33.375 76.125 -0.42644
33.375 76.375 0.59306
33.375 76.625 -0.84147
33.375 76.875 1.0541
33.375 77.125 -0.15943
33.375 77.375 -0.10928
33.375 77.625 -0.2508
33.375 77.875 -0.77087
33.375 78.125 0.10361
33.375 78.375 1.6311
33.375 78.625 0.33702
33.375 78.875 0.26344
33.625 73.875 0.48476
33.625 74.125 1.5302
33.625 74.375 0.75868
33.625 74.625 0.37726
33.625 74.875 0.45089
33.625 75.125 0.57433
33.625 75.375 0.1723
33.625 75.625 1.1142
33.625 75.875 1.5678
33.625 76.125 -0.72835
33.625 76.375 2.4157
33.625 76.625 0.68291
33.625 76.875 0.89403
33.625 77.125 0.71277
33.625 77.375 1.0615
33.625 77.625 1.6265
33.625 77.875 1.9923
33.625 78.125 3.1346
33.625 78.375 1.4233
33.625 78.625 0.14953
33.625 78.875 -0.33118
33.875 73.875 0.27386
33.875 74.125 0.068267
33.875 74.375 1.1596
33.875 74.625 0.74284
33.875 74.875 0.57655
33.875 75.125 0.66323
33.875 75.375 0.49242
33.875 75.625 -0.27258
33.875 75.875 1.7414
33.875 76.125 1.3177
33.875 76.375 1.2755
33.875 76.625 1.5036
33.875 76.875 1.6913
33.875 77.125 1.6718
33.875 77.375 -0.76317
33.875 77.625 0.78921
33.875 77.875 0.69202
33.875 78.125 2.563
33.875 78.375 2.0324e-05
33.875 78.625 1.5684
33.875 78.875 2.1099
34.125 73.625 -0.23756
34.125 73.875 -0.6556
34.125 74.125 0.7512
34.125 74.375 0.28801
34.125 74.625 0.019613
34.125 74.875 -0.84853
34.125 75.125 1.3444
34.125 75.375 -0.24053
34.125 75.625 1.1272
34.125 75.875 1.1563
34.125 76.125 1.115
34.125 76.375 1.2577
34.125 76.625 1.814
34.125 76.875 0.96796
34.125 77.125 -0.92432
34.125 77.375 -0.28299
34.125 77.625 0.49034
34.125 77.875 0.99614
34.125 78.125 0.69559
34.125 78.375 1.024
34.125 78.625 -0.41787
34.125 78.875 2.5926
34.125 79.125 -0.0046275
34.125 79.375 0.89176
34.375 73.625 0.3996
34.375 73.875 -0.16734
34.375 74.125 -0.81451
34.375 74.375 0.88121
34.375 74.625 -0.74504
34.375 74.875 -0.22002
34.375 75.125 -0.46171
34.375 75.375 -0.26158
34.375 75.625 1.3753
34.375 75.875 0.68935
34.375 76.125 1.2494
34.375 76.375 0.45857
34.375 76.625 0.97915
34.375 76.875 1.3273
34.375 77.125 2.117
34.375 77.375 0.71657
34.375 77.625 -0.29147
34.375 77.875 1.2709
34.375 78.125 0.92111
34.375 78.375 0.25736
34.375 78.625 2.0308
34.375 78.875 -0.44231
34.375 79.125 -0.40505
34.375 79.375 -0.021391
34.625 73.875 -0.24114
34.625 74.125 0.28712
34.625 74.375 -0.41862
34.625 74.625 -0.43282
34.625 74.875 -0.1165
34.625 75.125 0.54156
34.625 75.375 0.44747
34.625 75.625 0.36077
34.625 75.875 0.21099
34.625 76.125 -0.56638
34.625 76.375 -0.249
34.625 76.625 2.1841
34.625 76.875 1.595
34.625 77.125 3.8062
34.625 77.375 -1.0779
34.625 77.625 1.834
34.625 77.875 2.1548
34.625 78.125 1.2235
34.625 78.375 1.7095
34.625 78.625 1.1993
34.625 78.875 0.35347
34.625 79.125 0.19182
34.625 79.375 -0.57399
34.625 79.625 0.12306
34.875 74.125 1.6652
34.875 74.375 1.0527
34.875 74.625 0.74476
34.875 74.875 -0.24067
34.875 75.125 -0.23566
34.875 75.375 -0.46278
34.875 75.625 0.27181
34.875 75.875 -0.255
34.875 76.125 -0.099088
34.875 76.375 -0.50173
34.875 76.625 -0.24291
34.875 76.875 1.3174
34.875 77.125 1.6938
34.875 77.375 -1.0363
34.875 77.625 1.0841
34.875 77.875 1.6307
34.875 78.125 1.2716
34.875 78.375 1.4237
34.875 78.625 0.82949
34.875 78.875 -0.68605
34.875 79.125 0.44767
34.875 79.375 -0.025226
34.875 79.625 0.753
34.875 79.875 0.51061
35.125 74.375 2.094
35.125 74.625 0.44949
35.125 74.875 -0.15189
35.125 75.125 -0.33841
35.125 75.375 -0.077835
35.125 75.625 -0.3948
35.125 75.875 0.93492
35.125 76.125 -0.79823
35.125 76.375 0.67822
35.125 76.625 0.30455
35.125 76.875 1.4763
35.125 77.125 1.2582
35.125 77.375 1.1825
35.125 77.625 0.094551
35.125 77.875 1.6699
35.125 78.125 -1.2074
35.125 78.375 -1.0531
35.125 78.625 1.5392
35.125 78.875 0.44076
35.125 79.125 1.5077
35.125 79.375 -0.11195
35.125 79.625 -0.45448
35.125 79.875 0.97836
35.375 73.875 2.076
35.375 74.125 1.3431
35.375 74.375 1.9249
35.375 74.625 0.61299
35.375 74.875 1.0513
35.375 75.125 -0.16416
35.375 75.375 -0.077123
35.375 75.625 4.8363
35.375 75.875 4.1647
35.375 76.125 5.3787
35.375 76.375 0.50193
35.375 76.625 1.7616
35.375 76.875 1.7806
35.375 77.125 1.6397
35.375 77.375 -1.5536
35.375 77.625 -0.902
35.375 77.875 -1.2143
35.375 78.125 -1.8888
35.375 78.375 1.0148
35.375 78.625 0.23763
35.375 78.875 0.53296
35.375 79.125 2.9759
35.375 79.375 3.8835
35.375 79.625 -1.1135
35.375 79.875 -0.78556
NaN NaN NaN
35.625 73.375 -0.37844
35.625 73.625 1.4454
35.625 73.875 -0.36299
35.625 74.125 1.6936
35.625 74.375 0.060063
35.625 74.625 1.8435
35.625 74.875 -0.3599
35.625 75.125 0.11807
35.625 75.375 2.7787
35.625 75.625 6.4588
35.625 75.875 6.2203
35.625 76.125 4.7148
35.625 76.375 2.6464
35.625 76.625 -0.8669
35.625 76.875 -0.82715
35.625 77.125 1.2202
35.625 78.375 -0.060494
35.625 78.625 0.68615
35.625 78.875 0.67473
35.625 79.125 2.1615
35.625 79.375 0.68814
35.625 79.625 0.63876
35.625 79.875 1.7017
35.625 80.125 1.3463
35.875 73.125 0.07735
35.875 73.375 -0.56232
35.875 73.625 -1.2385
35.875 73.875 -1.5608
35.875 74.125 0.57702
35.875 74.375 0.022232
35.875 74.625 -0.60244
35.875 74.875 -0.36084
35.875 75.125 2.1748
35.875 75.375 0.40605
35.875 75.625 0.8387
35.875 75.875 -0.29561
35.875 76.125 0.64726
35.875 76.375 0.088804
35.875 76.625 0.88176
35.875 79.375 3.2817
36.125 72.625 0.1761
36.125 72.875 1.1104
36.125 73.125 -1.1292
36.125 73.375 -0.89092
36.125 73.625 -0.78623
36.125 73.875 -0.59291
36.125 74.125 -0.67151
36.125 74.375 -0.1687
36.125 74.625 -0.48277
36.125 74.875 -0.11877
36.125 75.125 3.0576
36.125 75.375 2.0332
36.125 75.625 -1.8046
36.125 75.875 0.073705
36.125 76.125 -0.71338
36.125 76.375 -0.87709
36.125 76.625 -2.0616
36.375 73.125 0.030612
36.375 73.375 0.65711
36.375 73.625 0.44883
36.375 73.875 0.687
36.375 74.125 0.33778
36.375 74.375 0.19447
36.375 74.625 1.1952
36.375 74.875 -2.1717
36.375 75.125 -0.021848
36.375 75.375 -0.66189
36.375 75.625 1.3786
36.375 75.875 0.51713
36.375 76.125 1.0891
36.625 73.375 -0.16619
36.625 73.625 -0.19821
36.625 73.875 -0.42819
36.625 74.125 -1.0812
36.625 74.375 0.54528
36.625 74.625 1.2465
36.625 74.875 2.211
36.625 75.125 0.64809
36.625 75.375 0.66111
36.625 75.625 -0.7959
36.875 73.875 1.6775
36.875 74.375 1.7056
36.875 74.625 1.329
36.875 74.875 1.7461
36.875 75.125 -0.23924
36.875 75.375 -1.6686
