8.125 77.375 1.5208
8.375 77.125 -0.55691
8.375 77.375 1.0773
8.375 77.625 1.9076
8.375 77.875 2.1488
8.625 76.875 -0.50569
8.625 77.125 1.322
8.625 77.375 0.93009
8.625 77.625 -0.90098
8.625 77.875 1.5858
8.875 76.875 -0.74985
8.875 77.125 1.9951
8.875 77.375 1.6123
8.875 77.625 -1.3107
8.875 77.875 -1.2587
9.125 76.625 0.49734
9.125 76.875 -0.72944
9.125 77.125 0.88541
9.125 77.375 -0.35892
9.125 77.625 -1.1178
9.125 77.875 -1.0559
9.125 78.125 -0.27578
NaN NaN NaN
9.375 76.625 -0.37776
9.375 76.875 -0.39644
9.375 77.125 0.08708
9.375 77.375 0.63453
9.375 77.625 -0.027777
9.375 77.875 0.079893
9.375 78.125 -0.30023
9.375 78.375 0.3811
9.375 78.625 -0.50942
NaN NaN NaN
9.625 76.375 -0.71124
9.625 76.625 0.52809
9.625 76.875 -0.17104
9.625 77.125 1.3999
9.625 77.375 0.20991
9.625 77.625 -0.375
9.625 77.875 0.2177
9.625 78.125 -0.072551
9.625 78.375 0.23345
9.625 78.625 0.11726
9.875 76.625 -1.0435
9.875 76.875 -0.22826
9.875 77.125 0.27721
9.875 77.375 -1.1044
9.875 77.625 -0.0444
9.875 77.875 -0.056522
9.875 78.125 -0.66981
9.875 78.375 -0.38077
9.875 78.625 0.11335
9.875 78.875 -0.86526
10.125 76.375 0.066624
10.125 76.625 0.16281
10.125 76.875 1.2939
10.125 77.125 0.40502
10.125 77.375 1.2887
10.125 77.625 -0.42903
10.125 77.875 -0.25871
10.125 78.125 -0.10163
10.125 78.375 0.39232
10.125 78.625 -0.77328
10.125 78.875 -0.73908
10.125 79.125 -0.76753
10.375 76.375 -1.0361
10.375 76.625 -0.032524
10.375 76.875 0.78123
10.375 77.125 0.80568
10.375 77.375 0.83129
10.375 77.625 0.81965
10.375 77.875 -1.0376
10.375 78.125 -0.27193
10.375 78.375 -0.20977
10.375 78.625 0.1573
10.375 78.875 -0.41056
10.375 79.125 -0.64916
NaN NaN NaN
NaN NaN NaN
10.625 76.125 -2.2408
10.625 76.375 -1.8814
10.625 76.625 -0.11924
10.625 76.875 0.23686
10.625 77.125 1.5247
10.625 77.375 1.9603
10.625 77.625 1.1121
10.625 77.875 -0.74014
10.625 78.125 -0.98181
10.625 78.375 -0.13424
10.625 78.625 0.29538
10.625 78.875 0.016704
10.625 79.125 0.43467
10.625 79.375 0.74811
10.625 79.625 1.0795
10.875 76.125 -1.9736
10.875 76.375 0.81201
10.875 76.625 1.1295
10.875 76.875 0.49862
10.875 77.125 0.1495
10.875 77.375 0.38359
10.875 77.625 0.32011
10.875 77.875 -0.88899
10.875 78.125 -1.0598
10.875 78.375 -0.1758
10.875 78.625 0.70782
10.875 78.875 0.77299
10.875 79.125 0.95862
10.875 79.375 0.21852
10.875 79.625 0.63097
11.125 76.125 -2.3395
11.125 76.375 -0.28975
11.125 76.625 0.30784
11.125 76.875 -0.86412
11.125 77.125 -0.18024
11.125 77.375 -0.10298
11.125 77.625 -0.70643
11.125 77.875 -0.47968
11.125 78.125 -0.25362
11.125 78.375 1.0334
11.125 78.625 0.72882
11.125 78.875 0.2396
11.125 79.125 0.47352
11.125 79.375 1.4817
11.125 79.625 -0.082341
11.375 75.875 -2.2136
11.375 76.125 -2.2509
11.375 76.375 0.22527
11.375 76.625 0.26238
11.375 76.875 0.79007
11.375 77.125 0.057625
11.375 77.375 -0.37063
11.375 77.625 -0.90389
11.375 77.875 -1.1834
11.375 78.125 -1.0693
11.375 78.375 -0.53162
11.375 78.625 -1.099
11.375 78.875 0.1668
11.375 79.125 -0.22413
11.375 79.375 -0.3787
11.375 79.625 -0.56441
11.625 75.875 -0.4544
11.625 76.125 0.35902
11.625 76.375 0.29249
11.625 76.625 1.0283
11.625 76.875 -0.16033
11.625 77.125 -0.36672
11.625 77.375 -0.74175
11.625 77.625 -0.83672
11.625 77.875 -1.4161
11.625 78.125 -1.5081
11.625 78.375 -1.8379
11.625 78.625 -1.1137
11.625 78.875 -0.41161
11.625 79.125 -0.20347
11.625 79.375 -0.77421
NaN NaN NaN
NaN NaN NaN
11.875 75.875 -0.47676
11.875 76.125 -0.17822
11.875 76.375 -0.45305
11.875 76.625 0.98484
11.875 76.875 -1.6152
11.875 77.125 -1.0177
11.875 77.375 -1.4408
11.875 77.625 -0.64607
11.875 77.875 -0.61445
11.875 78.125 -1.4751
11.875 78.375 -0.79349
11.875 78.625 -0.86137
11.875 78.875 -0.72945
11.875 79.125 -0.63776
11.875 79.375 -0.75971
11.875 79.625 -0.46568
12.125 75.375 -2.1692
12.125 75.625 -2.1543
12.125 75.875 0.10575
12.125 76.125 -0.78212
12.125 76.375 -0.17112
12.125 76.625 -0.13111
12.125 76.875 -1.1668
12.125 77.125 -0.48068
12.125 77.375 -1.8061
12.125 77.625 -0.89034
12.125 77.875 -0.78424
12.125 78.125 -0.78443
12.125 78.375 -0.085306
12.125 78.625 -0.53783
12.125 78.875 -0.71204
12.125 79.125 -0.39743
12.125 79.375 -0.7077
12.125 79.625 -0.44969
12.375 75.125 -2.4039
12.375 75.375 -2.3735
12.375 75.625 -0.21869
12.375 75.875 0.8143
12.375 76.125 0.15004
12.375 76.375 0.67979
12.375 76.625 0.21607
12.375 76.875 -1.5961
12.375 77.125 -0.97077
12.375 77.375 -1.478
12.375 77.625 -1.202
12.375 77.875 -1.5001
12.375 78.125 -0.5958
12.375 78.375 -0.57675
12.375 78.625 -0.26164
12.375 78.875 -0.71034
12.375 79.125 -1.0558
12.375 79.375 -1.1008
12.375 79.625 -0.97994
12.375 79.875 -1.0058
12.625 75.125 -2.0256
12.625 75.375 -2.1454
12.625 75.625 -2.2049
12.625 75.875 -0.80914
12.625 76.125 -0.36452
12.625 76.375 0.75324
12.625 76.625 0.49309
12.625 76.875 -0.54882
12.625 77.125 -1.4118
12.625 77.375 -1.4883
12.625 77.625 -0.52901
12.625 77.875 -0.98341
12.625 78.125 -1.2569
12.625 78.375 -0.012011
12.625 78.625 -0.17349
12.625 78.875 -0.14413
12.625 79.125 -0.5806
12.625 79.375 -0.52943
12.625 79.625 -1.5125
12.625 79.875 -1.4808
12.875 75.125 -1.4373
12.875 75.375 -0.33976
12.875 75.625 -2.1876
12.875 75.875 -0.5931
12.875 76.125 -0.19059
12.875 76.375 0.65509
12.875 76.625 0.16622
12.875 76.875 -0.9754
12.875 77.125 -0.57396
12.875 77.375 -0.47393
12.875 77.625 -1.4766
12.875 77.875 -1.1228
12.875 78.125 -1.5774
12.875 78.375 -1.1044
12.875 78.625 -0.69378
12.875 78.875 -1.4991
12.875 79.125 -0.23576
12.875 79.375 -0.61109
12.875 79.625 -0.28808
12.875 79.875 -0.12633
NaN NaN NaN
13.125 75.125 -1.0853
13.125 75.375 -1.4075
13.125 75.625 -1.1528
13.125 75.875 -0.43375
13.125 76.125 0.028203
13.125 76.375 1.0485
13.125 76.625 0.1851
13.125 76.875 -0.75807
13.125 77.125 -0.61186
13.125 77.375 -0.98885
13.125 77.625 -0.93477
13.125 77.875 -1.5387
13.125 78.125 -2.1891
13.125 78.375 -1.4191
13.125 78.625 -1.5881
13.125 78.875 -1.1826
13.125 79.125 -0.28505
13.125 79.375 -0.58323
13.125 79.625 -0.14059
13.125 79.875 -1.2945
13.125 80.125 -1.4915
NaN NaN NaN
13.375 75.125 -0.90506
13.375 75.375 -1.0369
13.375 75.625 -1.1813
13.375 75.875 -0.35345
13.375 76.125 0.24427
13.375 76.375 -0.00027406
13.375 76.625 0.032962
13.375 76.875 -0.60262
13.375 77.125 -0.094691
13.375 77.375 -1.3819
13.375 77.625 -1.0374
13.375 77.875 -1.5513
13.375 78.125 -1.8971
13.375 78.375 -1.8367
13.375 78.625 -2.0988
13.375 78.875 -1.7375
13.375 79.125 -1.6076
13.375 79.375 -1.3935
13.375 79.625 -0.084797
13.375 79.875 -1.2829
13.375 80.125 -1.4028
13.625 74.875 -2.0363
13.625 75.125 -0.28468
13.625 75.375 -0.57173
13.625 75.625 -0.92769
13.625 75.875 -0.99495
13.625 76.125 -0.63758
13.625 76.375 -0.78683
13.625 76.625 -1.364
13.625 76.875 -1.6623
13.625 77.125 -0.25982
13.625 77.375 -1.7875
13.625 77.625 -1.4243
13.625 77.875 -1.7443
13.625 78.125 -1.7616
13.625 78.375 -1.6311
13.625 78.625 -1.4147
13.625 78.875 -0.33382
13.625 79.125 -0.23649
13.625 79.375 -1.0453
13.625 79.625 -1.4111
13.625 79.875 -0.87285
13.625 80.125 -1.2499
13.875 74.875 -0.4866
13.875 75.125 0.70342
13.875 75.375 0.037272
13.875 75.625 -0.85625
13.875 75.875 -0.16983
13.875 76.125 -1.0335
13.875 76.375 -1.3186
13.875 76.625 0.02926
13.875 76.875 -1.4175
13.875 77.125 -1.6686
13.875 77.375 -1.2441
13.875 77.625 -1.7869
13.875 77.875 -2.108
13.875 78.125 -2.2119
13.875 78.375 -1.2897
13.875 78.625 -0.83245
13.875 78.875 -0.69414
13.875 79.125 -0.0086347
13.875 79.375 -1.707
13.875 79.625 -1.4487
13.875 79.875 -1.3548
14.125 74.625 -1.0951
14.125 74.875 -0.63925
14.125 75.125 0.22043
14.125 75.375 -1.3521
14.125 75.625 -0.99114
14.125 75.875 -0.57793
14.125 76.125 -0.61407
14.125 76.375 -0.57386
14.125 76.625 -1.1142
14.125 76.875 -0.58207
14.125 77.125 -0.27389
14.125 77.375 -0.91617
14.125 77.625 -1.3252
14.125 77.875 -1.4539
14.125 78.125 -1.4454
14.125 78.375 -1.4985
14.125 78.625 -1.5129
14.125 78.875 -1.3028
14.125 79.125 0.99103
14.125 79.375 1.0331
14.125 79.625 -0.79884
14.125 79.875 -0.72379
14.375 74.625 -1.8183
14.375 74.875 -0.67108
14.375 75.125 -0.96044
14.375 75.375 -1.2209
14.375 75.625 -0.10231
14.375 75.875 -0.33061
14.375 76.125 0.55466
14.375 76.375 -0.3093
14.375 76.625 -0.64068
14.375 76.875 -1.9076
14.375 77.125 -0.79888
14.375 77.375 -1.1046
14.375 77.625 -1.0907
14.375 77.875 -1.1893
14.375 78.125 -1.479
14.375 78.375 -1.5815
14.375 78.625 -1.6458
14.375 78.875 -1.7957
14.375 79.125 0.067495
14.375 79.375 -0.13063
14.375 79.625 0.58469
14.375 79.875 0.49314
NaN NaN NaN
14.625 74.625 -2.0302
14.625 74.875 -2.1198
14.625 75.125 -1.3216
14.625 75.375 -1.2202
14.625 75.625 -1.7888
14.625 75.875 -0.54202
14.625 76.125 -0.91254
14.625 76.375 -1.0127
14.625 76.625 -0.70777
14.625 76.875 0.41183
14.625 77.125 -0.20822
14.625 77.375 -1.0735
14.625 77.625 -1.074
14.625 77.875 -2.225
14.625 78.125 -1.6715
14.625 78.375 -1.4958
14.625 78.625 -1.8196
14.625 78.875 -1.6415
14.625 79.125 -0.52272
14.625 79.375 -0.29566
14.625 79.625 0.63207
14.625 79.875 0.72183
14.875 74.375 -2.3455
14.875 74.625 -1.8712
14.875 74.875 -1.8716
14.875 75.125 -0.10926
14.875 75.375 -1.5057
14.875 75.625 -1.3547
14.875 75.875 -1.6658
14.875 76.125 -1.5617
14.875 76.375 -2.134
14.875 76.625 -1.4584
14.875 76.875 0.77538
14.875 77.125 -1.4648
14.875 77.375 -1.8321
14.875 77.625 -1.7949
14.875 77.875 -2.0726
14.875 78.125 -1.98
14.875 78.375 -1.3101
14.875 78.625 -1.5142
14.875 78.875 -1.9342
14.875 79.125 -0.96545
14.875 79.375 -1.372
14.875 79.625 -0.75137
14.875 79.875 -0.59173
15.125 74.125 -2.1271
15.125 74.375 -2.4262
15.125 74.625 -0.32312
15.125 74.875 -2.2914
15.125 75.125 -1.1362
15.125 75.375 -0.39352
15.125 75.625 -0.34794
15.125 75.875 -1.441
15.125 76.125 -1.5185
15.125 76.375 -0.64989
15.125 76.625 -1.8318
15.125 76.875 -1.4834
15.125 77.125 -2.054
15.125 77.375 -1.6237
15.125 77.625 -1.7877
15.125 77.875 -1.5719
15.125 78.125 -2.0963
15.125 78.375 -1.4845
15.125 78.625 -0.60806
15.125 78.875 0.3543
15.125 79.125 -0.91924
15.125 79.375 -1.3572
15.125 79.625 -1.6749
15.125 79.875 -1.4404
15.375 73.875 -2.3892
15.375 74.125 -2.3344
15.375 74.375 -1.3586
15.375 74.625 -2.2951
15.375 74.875 -0.056183
15.375 75.125 -1.2899
15.375 75.375 0.051592
15.375 75.625 -0.46993
15.375 75.875 -0.9717
15.375 76.125 -1.1685
15.375 76.375 -0.21459
15.375 76.625 -1.1721
15.375 76.875 -1.3302
15.375 77.125 -2.1962
15.375 77.375 -2.3152
15.375 77.625 -2.1226
15.375 77.875 -2.1483
15.375 78.125 -2.0638
15.375 78.375 -1.3211
15.375 78.625 -0.62103
15.375 78.875 -2.2252
15.375 79.125 -1.9425
15.375 79.375 -1.7509
15.375 79.625 -1.6535
15.375 79.875 -1.4635
15.625 73.875 -1.2696
15.625 74.125 -2.3642
15.625 74.375 -2.4077
15.625 74.625 -0.22628
15.625 74.875 -2.1342
15.625 75.125 -0.88263
15.625 75.375 -0.85094
15.625 75.625 -0.59276
15.625 75.875 -1.6436
15.625 76.125 -1.8184
15.625 76.375 -0.76376
15.625 76.625 -0.63779
15.625 76.875 0.14176
15.625 77.125 -1.991
15.625 77.375 -2.3053
15.625 77.625 -2.1974
15.625 77.875 -2.1324
15.625 78.125 -1.467
15.625 78.375 -1.5012
15.625 78.625 -1.2678
15.625 78.875 -1.0231
15.625 79.125 -2.0302
15.625 79.375 -2.0411
15.625 79.625 -1.7491
15.625 79.875 -1.7755
15.625 80.125 -1.0424
15.875 73.875 -2.0837
15.875 74.125 -2.1642
15.875 74.375 -2.3404
15.875 74.625 -1.6547
15.875 74.875 -2.1483
15.875 75.125 -1.4946
15.875 75.375 -0.95644
15.875 75.625 -1.4788
15.875 75.875 -1.8358
15.875 76.125 -2.0792
15.875 76.375 -1.696
15.875 76.625 -1.0654
15.875 76.875 -0.1841
15.875 77.125 -1.8161
15.875 77.375 -1.9249
15.875 77.625 -2.2654
15.875 77.875 -1.6652
15.875 78.125 -1.8343
15.875 78.375 -1.6587
15.875 78.625 -1.8546
15.875 78.875 -0.81505
15.875 79.125 -1.9243
15.875 79.375 -1.5548
15.875 79.625 -1.6632
15.875 79.875 -1.8496
15.875 80.125 -2.0067
15.875 80.375 -1.5946
NaN NaN NaN
15.875 80.875 -1.7487
16.125 73.625 -2.3207
16.125 73.875 -2.4193
16.125 74.125 -2.3575
16.125 74.375 -2.3333
16.125 74.625 -1.6046
16.125 74.875 0.03259
16.125 75.125 -2.1826
16.125 75.375 -2.2373
16.125 75.625 -1.2491
16.125 75.875 -1.0115
16.125 76.125 -1.0609
16.125 76.375 -1.1093
16.125 76.625 -1.5252
16.125 76.875 -1.7462
16.125 77.125 -1.3414
16.125 77.375 -0.99527
16.125 77.625 -1.2614
16.125 77.875 -1.166
16.125 78.125 -1.4175
16.125 78.375 -0.97294
16.125 78.625 -1.5053
16.125 78.875 -1.7419
16.125 79.125 -1.0055
16.125 79.375 -1.5288
16.125 79.625 -1.6715
16.125 79.875 -1.5942
16.125 80.125 -1.3365
16.125 80.375 -1.059
16.125 80.625 -1.4727
16.125 80.875 -1.0569
16.375 73.625 -1.4054
16.375 73.875 -2.4144
16.375 74.125 -2.4307
16.375 74.375 -2.3889
16.375 74.625 -1.8225
16.375 74.875 -0.30467
16.375 75.125 -0.18701
16.375 75.375 -0.68458
16.375 75.625 -1.5408
16.375 75.875 -1.6977
16.375 76.125 -1.0806
16.375 76.375 -1.0812
16.375 76.625 -1.6438
16.375 76.875 -1.5949
16.375 77.125 -0.83626
16.375 77.375 -1.2146
16.375 77.625 -1.9439
16.375 77.875 -1.49
16.375 78.125 -1.1209
16.375 78.375 -0.65893
16.375 78.625 -2.1478
16.375 78.875 -2.1405
16.375 79.125 -1.2086
16.375 79.375 -0.99626
16.375 79.625 -1.7531
16.375 79.875 -1.4309
16.375 80.125 -1.5637
16.375 80.375 -1.63
16.375 80.625 -1.7424
16.375 80.875 -1.67
16.375 81.125 -1.9418
NaN NaN NaN
NaN NaN NaN
16.625 73.625 -2.4007
16.625 73.875 -2.4211
16.625 74.125 -2.4258
16.625 74.375 -2.3847
16.625 74.625 -1.7665
16.625 74.875 -1.431
16.625 75.125 -0.27748
16.625 75.375 -1.9626
16.625 75.625 -1.6615
16.625 75.875 -1.9067
16.625 76.125 -1.7768
16.625 76.375 -2.2562
16.625 76.625 -2.1816
16.625 76.875 -1.7746
16.625 77.125 -1.0264
16.625 77.375 -1.4203
16.625 77.625 -2.3463
16.625 77.875 -1.9168
16.625 78.125 -1.5911
16.625 78.375 -1.9979
16.625 78.625 -1.9559
16.625 78.875 -1.6838
16.625 79.125 -2.0257
16.625 79.375 -0.28761
16.625 79.625 -0.43783
16.625 79.875 -1.0829
16.625 80.125 -1.2826
16.625 80.375 -1.225
16.625 80.625 -1.228
16.625 80.875 -1.8653
16.625 81.125 -2.1488
16.625 81.375 -1.6964
16.625 81.625 -1.069
16.625 81.875 -1.5278
16.625 82.125 -1.055
16.875 73.375 -2.2769
16.875 73.625 -2.4283
16.875 73.875 -2.4258
16.875 74.125 -2.4282
16.875 74.375 -1.6666
16.875 74.625 -1.746
16.875 74.875 -1.8594
16.875 75.125 -1.1814
16.875 75.375 -1.4635
16.875 75.625 -1.2905
16.875 75.875 -1.337
16.875 76.125 -1.7031
16.875 76.375 -2.1641
16.875 76.625 -2.1021
16.875 76.875 -2.0735
16.875 77.125 -1.8165
16.875 77.375 -1.5426
16.875 77.625 -1.8205
16.875 77.875 -0.86237
16.875 78.125 -1.2622
16.875 78.375 -1.7873
16.875 78.625 -0.91495
16.875 78.875 -2.2324
16.875 79.125 -1.9695
16.875 79.375 -0.75848
16.875 79.625 -1.3694
16.875 79.875 -0.76962
16.875 80.125 -1.1292
16.875 80.375 -1.2106
16.875 80.625 -1.4929
16.875 80.875 -1.718
16.875 81.125 -1.5498
16.875 81.375 -1.7693
16.875 81.625 -1.9067
16.875 81.875 -1.0639
16.875 82.125 -0.9648
17.125 73.375 -2.4168
17.125 73.625 -2.4266
17.125 73.875 -2.4308
17.125 74.125 -2.4194
17.125 74.375 -2.035
17.125 74.625 -2.1052
17.125 74.875 -1.8636
17.125 75.125 -2.2115
17.125 75.375 -1.9344
17.125 75.625 -1.3365
17.125 75.875 -2.0874
17.125 76.125 -2.2341
17.125 76.375 -1.5722
17.125 76.625 -1.8646
17.125 76.875 -1.2059
17.125 77.125 -1.7482
17.125 77.375 -1.5579
17.125 77.625 -1.6108
17.125 77.875 -0.45045
17.125 78.125 -1.9707
17.125 78.375 -2.1598
17.125 78.625 -1.1245
17.125 78.875 -0.7903
17.125 79.125 -0.62814
17.125 79.375 -0.83821
17.125 79.625 -1.0026
17.125 79.875 -0.78679
17.125 80.125 -0.6612
17.125 80.375 -1.3463
17.125 80.625 -1.557
17.125 80.875 -1.8629
17.125 81.125 -1.6729
17.125 81.375 -1.3658
17.125 81.625 -1.0093
17.125 81.875 -1.2936
17.125 82.125 -0.77497
17.125 82.375 -1.3439
17.375 73.375 -2.4142
17.375 73.625 -2.4337
17.375 73.875 -2.436
17.375 74.125 -2.433
17.375 74.375 -1.7907
17.375 74.625 -2.325
17.375 74.875 -2.0921
17.375 75.125 -2.3066
17.375 75.375 -2.3421
17.375 75.625 -1.6582
17.375 75.875 -2.1561
17.375 76.125 -2.0552
17.375 76.375 -2.0008
17.375 76.625 -1.8691
17.375 76.875 -0.9404
17.375 77.125 -1.0031
17.375 77.375 -1.3281
17.375 77.625 -0.94159
17.375 77.875 -0.55548
17.375 78.125 -0.61475
17.375 78.375 -0.89723
17.375 78.625 -1.3593
17.375 78.875 -0.1734
17.375 79.125 -0.49851
17.375 79.375 0.31286
17.375 79.625 -1.3766
17.375 79.875 -0.51735
17.375 80.125 -0.45878
17.375 80.375 -1.2667
17.375 80.625 -1.5691
17.375 80.875 -1.9219
17.375 81.125 -1.4455
17.375 81.375 -1.6865
17.375 81.625 -1.2903
17.375 81.875 -1.4685
17.375 82.125 -1.2559
17.375 82.375 -1.1225
NaN NaN NaN
17.625 73.375 -2.3319
17.625 73.625 -2.4224
17.625 73.875 -2.4215
17.625 74.125 -2.3935
17.625 74.375 -1.8054
17.625 74.625 -2.3526
17.625 74.875 -1.9015
17.625 75.125 -2.2167
17.625 75.375 -1.7322
17.625 75.625 -1.6494
17.625 75.875 -1.824
17.625 76.125 -2.1123
17.625 76.375 -2.0488
17.625 76.625 -1.8499
17.625 76.875 -1.161
17.625 77.125 -1.1343
17.625 77.375 -0.77183
17.625 77.625 -1.3556
17.625 77.875 -0.95843
17.625 78.125 -0.50929
17.625 78.375 -0.45783
17.625 78.625 -0.72056
17.625 78.875 -0.87701
17.625 79.125 -0.8298
17.625 79.375 -1.2223
17.625 79.625 -1.3586
17.625 79.875 -0.7627
17.625 80.125 -0.62977
17.625 80.375 -2.2178
17.625 80.625 -1.7528
17.625 80.875 -1.2981
17.625 81.125 -0.65737
17.625 81.375 -0.23734
17.625 81.625 -2.1662
17.625 81.875 -1.9819
17.625 82.125 -1.6033
17.625 82.375 -1.8875
17.625 82.625 -1.704
17.625 82.875 -2.0511
17.625 83.125 -2.008
17.875 73.375 -0.79153
17.875 73.625 -2.4168
17.875 73.875 -2.3274
17.875 74.125 -2.0517
17.875 74.375 -0.87724
17.875 74.625 -1.8573
17.875 74.875 -1.5332
17.875 75.125 -2.2949
17.875 75.375 -1.9736
17.875 75.625 -1.7083
17.875 75.875 -1.7219
17.875 76.125 -1.8439
17.875 76.375 -1.898
17.875 76.625 -1.6891
17.875 76.875 -1.3208
17.875 77.125 -0.39862
17.875 77.375 -0.49945
17.875 77.625 -0.30095
17.875 77.875 -0.36865
17.875 78.125 0.33331
17.875 78.375 0.5219
17.875 78.625 0.11021
17.875 78.875 -0.78837
17.875 79.125 -1.296
17.875 79.375 -1.2938
17.875 79.625 -1.378
17.875 79.875 -0.92536
17.875 80.125 -1.295
17.875 80.375 -2.0773
17.875 80.625 -1.6811
17.875 80.875 -1.3254
17.875 81.125 -1.2521
17.875 81.375 -1.3363
17.875 81.625 -1.1789
17.875 81.875 -2.2362
17.875 82.125 -2.2763
17.875 82.375 -1.7732
17.875 82.625 -1.7911
17.875 82.875 -1.0231
17.875 83.125 -1.5685
17.875 83.375 -1.2076
NaN NaN NaN
18.125 73.375 -2.4283
18.125 73.625 -2.395
18.125 73.875 0.47926
18.125 74.125 -1.6379
18.125 74.375 -0.6172
18.125 74.625 -1.5853
18.125 74.875 -1.8886
18.125 75.125 -2.169
18.125 75.375 -2.0015
18.125 75.625 -1.9507
18.125 75.875 -2.1946
18.125 76.125 -1.4891
18.125 76.375 -1.5921
18.125 76.625 -1.6824
18.125 76.875 -1.0436
18.125 77.125 0.70544
18.125 77.375 -0.11464
18.125 77.625 0.37472
18.125 77.875 -0.070075
18.125 78.125 0.58938
18.125 78.375 0.0047507
18.125 78.625 -0.47191
18.125 78.875 -0.55359
18.125 79.125 -0.9079
18.125 79.375 -1.4492
18.125 79.625 -0.19248
18.125 79.875 -0.83157
18.125 80.125 -1.1624
18.125 80.375 -2.0909
18.125 80.625 -1.3743
18.125 80.875 -1.0985
18.125 81.125 -2.1965
18.125 81.375 -1.612
18.125 81.625 -1.644
18.125 81.875 -0.79354
18.125 82.125 -2.1068
18.125 82.375 -1.891
18.125 82.625 -2.1786
18.125 82.875 -1.9555
18.125 83.125 -1.2825
18.125 83.375 -1.3892
18.125 83.625 -1.7411
18.375 73.125 -2.2782
18.375 73.375 -2.4179
18.375 73.625 -2.2881
18.375 73.875 -0.16227
18.375 74.125 -2.0217
18.375 74.375 -1.1812
18.375 74.625 -2.1691
18.375 74.875 -2.3982
18.375 75.125 -1.8393
18.375 75.375 -0.86786
18.375 75.625 -1.5015
18.375 75.875 -1.9183
18.375 76.125 -1.3809
18.375 76.375 -1.5816
18.375 76.625 -1.3478
18.375 76.875 -0.70528
18.375 77.125 -1.2731
18.375 77.375 -0.87014
18.375 77.625 -0.11166
18.375 77.875 -0.04511
18.375 78.125 0.26761
18.375 78.375 0.12411
18.375 78.625 -0.092788
18.375 78.875 -1.192
18.375 79.125 -1.3237
18.375 79.375 -0.38814
18.375 79.625 0.0054769
18.375 79.875 -0.9363
18.375 80.125 -0.41602
18.375 80.375 -0.46676
18.375 80.625 -0.69274
18.375 80.875 -1.2805
18.375 81.125 -1.9654
18.375 81.375 -2.1849
18.375 81.625 -2.2572
18.375 81.875 -2.2021
18.375 82.125 -2.1122
18.375 82.375 -2.299
18.375 82.625 -1.5205
18.375 82.875 -2.3868
18.375 83.125 -0.97322
18.375 83.375 -1.1474
18.375 83.625 -1.5726
18.375 83.875 -1.7077
18.625 73.125 -2.2874
18.625 73.375 -1.1783
18.625 73.625 -2.042
18.625 73.875 -0.63038
18.625 74.125 -2.2636
18.625 74.375 -1.0598
18.625 74.625 -1.9935
18.625 74.875 -1.7832
18.625 75.125 -2.1849
18.625 75.375 -1.6968
18.625 75.625 -1.5796
18.625 75.875 -1.4658
18.625 76.125 -1.8938
18.625 76.375 -1.6104
18.625 76.625 -0.68719
18.625 76.875 -0.69245
18.625 77.125 -1.0457
18.625 77.375 -0.7318
18.625 77.625 -0.015528
18.625 77.875 0.057966
18.625 78.125 -0.38614
18.625 78.375 -0.29055
18.625 78.625 -1.7501
18.625 78.875 -0.35458
18.625 79.125 -0.066605
18.625 79.375 -1.1625
18.625 79.625 -1.0153
18.625 79.875 -0.9209
18.625 80.125 -1.4218
18.625 80.375 -1.6165
18.625 80.625 -0.61862
18.625 80.875 -0.48839
18.625 81.125 -0.5262
18.625 81.375 -1.6556
18.625 81.625 -2.2686
18.625 81.875 -2.3469
18.625 82.125 -2.1508
18.625 82.375 -1.6051
18.625 82.625 -2.1939
18.625 82.875 -2.2945
18.625 83.125 -1.8588
18.625 83.375 -1.7804
18.625 83.625 -1.0949
18.625 83.875 -1.7247
18.625 84.125 -2.0141
18.875 73.125 0.17752
18.875 73.375 -2.4241
18.875 73.625 -1.5403
18.875 73.875 0.62698
18.875 74.125 -2.1659
18.875 74.375 -1.5507
18.875 74.625 -1.7653
18.875 74.875 -1.5373
18.875 75.125 -2.075
18.875 75.375 -1.8577
18.875 75.625 -1.853
18.875 75.875 -1.8371
18.875 76.125 -1.335
18.875 76.375 -1.3012
18.875 76.625 -1.3049
18.875 76.875 -0.72876
18.875 77.125 -0.2923
18.875 77.375 -1.2671
18.875 77.625 -0.49218
18.875 77.875 -0.13965
18.875 78.125 -0.39478
18.875 78.375 -1.9796
18.875 78.625 -0.39567
18.875 78.875 -0.48295
18.875 79.125 -0.41877
18.875 79.375 -1.3769
18.875 79.625 -0.69523
18.875 79.875 -1.4198
18.875 80.125 -2.2673
18.875 80.375 -2.2965
18.875 80.625 -2.2625
18.875 80.875 -0.38864
18.875 81.125 -0.4835
18.875 81.375 -1.509
18.875 81.625 -2.3193
18.875 81.875 -1.6574
18.875 82.125 -1.3151
18.875 82.375 -0.53277
18.875 82.625 -2.417
18.875 82.875 -2.3083
18.875 83.125 -1.8444
18.875 83.375 -0.90479
18.875 83.625 -0.55541
18.875 83.875 -0.12313
18.875 84.125 -1.1797
18.875 84.375 -0.97027
19.125 73.125 -2.4143
19.125 73.375 -2.127
19.125 73.625 -2.3465
19.125 73.875 -1.5221
19.125 74.125 -1.7985
19.125 74.375 -1.5901
19.125 74.625 -1.7239
19.125 74.875 -1.9145
19.125 75.125 -1.8078
19.125 75.375 -1.6568
19.125 75.625 -1.7854
19.125 75.875 -1.2128
19.125 76.125 -1.5352
19.125 76.375 -1.1562
19.125 76.625 -0.94469
19.125 76.875 -1.0479
19.125 77.125 -0.80203
19.125 77.375 -0.38072
19.125 77.625 -0.87599
19.125 77.875 -1.2438
19.125 78.125 -1.6446
19.125 78.375 -1.7258
19.125 78.625 -1.043
19.125 78.875 -1.8412
19.125 79.125 -0.50098
19.125 79.375 -0.56992
19.125 79.625 -0.53322
19.125 79.875 -0.82542
19.125 80.125 -2.2291
19.125 80.375 -2.2776
19.125 80.625 -0.17386
19.125 80.875 -0.99235
19.125 81.125 -0.061626
19.125 81.375 -0.79041
19.125 81.625 -1.2253
19.125 81.875 -1.8589
19.125 82.125 -0.75088
19.125 82.375 -1.2114
19.125 82.625 -2.0854
19.125 82.875 -1.7325
19.125 83.125 -1.0596
19.125 83.375 -0.859
19.125 83.625 -0.48435
19.125 83.875 -0.39785
19.125 84.125 -0.17825
19.125 84.375 -1.2245
19.125 84.625 0.023043
19.375 72.875 -2.2482
19.375 73.125 -2.4204
19.375 73.375 -2.3574
19.375 73.625 -2.3704
19.375 73.875 -1.9516
19.375 74.125 -1.0176
19.375 74.375 -1.542
19.375 74.625 -1.4391
19.375 74.875 -1.9422
19.375 75.125 -1.8811
19.375 75.375 -1.1953
19.375 75.625 -1.6941
19.375 75.875 -2.0616
19.375 76.125 -1.8875
19.375 76.375 -1.8805
19.375 76.625 -1.839
19.375 76.875 -1.6677
19.375 77.125 -0.89732
19.375 77.375 -1.7958
19.375 77.625 -1.746
19.375 77.875 -0.77942
19.375 78.125 -1.0385
19.375 78.375 -1.3447
19.375 78.625 -0.99985
19.375 78.875 -0.44053
19.375 79.125 -0.72506
19.375 79.375 -0.53242
19.375 79.625 -1.0467
19.375 79.875 -2.2865
19.375 80.125 -1.1898
19.375 80.375 -0.69605
19.375 80.625 -1.5658
19.375 80.875 -0.45047
19.375 81.125 -0.97653
19.375 81.375 -1.0112
19.375 81.625 -1.2422
19.375 81.875 -2.3267
19.375 82.125 -1.9636
19.375 82.375 -1.3355
19.375 82.625 -1.4804
19.375 82.875 -2.2358
19.375 83.125 -0.9747
19.375 83.375 -0.81934
19.375 83.625 -0.60043
19.375 83.875 -2.0341
19.375 84.125 -0.30891
19.375 84.375 0.60509
19.375 84.625 1.0307
19.375 84.875 1.0807
19.625 72.875 -2.3332
19.625 73.125 -2.3871
19.625 73.375 -2.4169
19.625 73.625 -2.4182
19.625 73.875 -2.3189
19.625 74.125 -2.064
19.625 74.375 -0.66652
19.625 74.625 -1.8003
19.625 74.875 -1.6869
19.625 75.125 -1.3965
19.625 75.375 -1.3944
19.625 75.625 -1.9079
19.625 75.875 -1.7099
19.625 76.125 -1.8522
19.625 76.375 -1.6005
19.625 76.625 -2.0695
19.625 76.875 -2.187
19.625 77.125 -1.7715
19.625 77.375 -0.95947
19.625 77.625 -0.80879
19.625 77.875 -1.1795
19.625 78.125 -1.4388
19.625 78.375 -1.0963
19.625 78.625 -0.72266
19.625 78.875 -0.47996
19.625 79.125 -1.5979
19.625 79.375 -1.6915
19.625 79.625 -1.6518
19.625 79.875 -1.4611
19.625 80.125 -1.0673
19.625 80.375 -1.2639
19.625 80.625 -0.98785
19.625 80.875 -0.78573
19.625 81.125 -1.0677
19.625 81.375 -1.5774
19.625 81.625 -1.4702
19.625 81.875 -2.3501
19.625 82.125 -1.7938
19.625 82.375 -1.1533
19.625 82.625 -0.6742
19.625 82.875 -1.0788
19.625 83.125 -0.6153
19.625 83.375 0.64133
19.625 83.625 1.1417
19.625 83.875 1.3584
19.625 84.125 0.15941
19.625 84.375 1.0893
19.625 84.625 1.1106
19.625 84.875 0.74553
19.625 85.125 -0.40584
19.625 85.375 0.73573
19.875 72.875 -2.2727
19.875 73.125 -2.3903
19.875 73.375 -2.3873
19.875 73.625 -2.422
19.875 73.875 -2.3616
19.875 74.125 -1.0743
19.875 74.375 -0.020023
19.875 74.625 -0.70168
19.875 74.875 0.024407
19.875 75.125 -1.4437
19.875 75.375 -1.793
19.875 75.625 -1.134
19.875 75.875 -0.43815
19.875 76.125 -0.83932
19.875 76.375 -0.42446
19.875 76.625 -1.4572
19.875 76.875 -1.1509
19.875 77.125 -1.0533
19.875 77.375 -1.0403
19.875 77.625 -1.357
19.875 77.875 -0.91687
19.875 78.125 -1.1642
19.875 78.375 -1.1107
19.875 78.625 -1.4676
19.875 78.875 -0.33436
19.875 79.125 -0.6188
19.875 79.375 -1.8918
19.875 79.625 -1.681
19.875 79.875 -1.4535
19.875 80.125 -1.3092
19.875 80.375 -1.5749
19.875 80.625 -1.4676
19.875 80.875 -1.2356
19.875 81.125 -1.0305
19.875 81.375 -1.5709
19.875 81.625 -2.3634
19.875 81.875 -1.8083
19.875 82.125 -0.76891
19.875 82.375 -0.47347
19.875 82.625 -0.25605
19.875 82.875 -0.58235
19.875 83.125 0.22117
19.875 83.375 0.98132
19.875 83.625 1.2356
19.875 83.875 -0.41565
19.875 84.125 -0.45415
19.875 84.375 1.1924
19.875 84.625 0.37553
19.875 84.875 -1.4378
19.875 85.125 -0.40483
19.875 85.375 0.2668
NaN NaN NaN
NaN NaN NaN
NaN NaN NaN
20.125 72.875 -2.3314
20.125 73.125 -2.3863
20.125 73.375 -2.3846
20.125 73.625 -2.4078
20.125 73.875 -2.2456
20.125 74.125 0.18464
20.125 74.375 0.05928
20.125 74.625 -0.41399
20.125 74.875 -0.14331
20.125 75.125 -0.67742
20.125 75.375 -1.08
20.125 75.625 -1.2118
20.125 75.875 -1.1827
20.125 76.125 -1.324
20.125 76.375 -1.5698
20.125 76.625 -1.4967
20.125 76.875 -1.2232
20.125 77.125 -1.5083
20.125 77.375 -1.1513
20.125 77.625 -1.4151
20.125 77.875 -1.3982
20.125 78.125 -1.4998
20.125 78.375 -1.7408
20.125 78.625 -1.2843
20.125 78.875 -0.98342
20.125 79.125 -1.4729
20.125 79.375 -1.7278
20.125 79.625 -1.0701
20.125 79.875 -1.3705
20.125 80.125 -1.8724
20.125 80.375 -1.5184
20.125 80.625 -1.6127
20.125 80.875 -1.0707
20.125 81.125 -1.2102
20.125 81.375 -0.47025
20.125 81.625 -0.23123
20.125 81.875 0.52607
20.125 82.125 0.61151
20.125 82.375 -0.71629
20.125 82.625 0.38276
20.125 82.875 -2.2472
20.125 83.125 -1.7044
20.125 83.375 -2.0645
20.125 83.625 0.41452
20.125 83.875 0.43502
20.125 84.125 -0.11941
20.125 84.375 -1.0759
20.125 84.625 0.27021
20.125 84.875 -0.028985
20.125 85.125 -0.3179
20.125 85.375 -2.1907
20.125 85.625 -0.76123
20.125 85.875 -0.2901
20.125 86.125 -1.4844
NaN NaN NaN
20.375 73.125 -0.27602
20.375 73.375 -2.3978
20.375 73.625 -2.4088
20.375 73.875 -2.1687
20.375 74.125 -1.6768
20.375 74.375 -1.0581
20.375 74.625 -1.058
20.375 74.875 -0.67449
20.375 75.125 -0.21083
20.375 75.375 1.2098
20.375 75.625 -0.028406
20.375 75.875 -0.78347
20.375 76.125 -0.65235
20.375 76.375 -1.2641
20.375 76.625 -1.6158
20.375 76.875 -1.3911
20.375 77.125 -1.8427
20.375 77.375 -1.3939
20.375 77.625 -0.4845
20.375 77.875 -1.7732
20.375 78.125 -1.9733
20.375 78.375 -1.8295
20.375 78.625 -1.6792
20.375 78.875 -1.6895
20.375 79.125 -1.5118
20.375 79.375 -1.3759
20.375 79.625 -1.4677
20.375 79.875 -1.4075
20.375 80.125 -1.0746
20.375 80.375 -1.5809
20.375 80.625 -1.1514
20.375 80.875 -0.60716
20.375 81.125 -0.56095
20.375 81.375 -0.43322
20.375 81.625 -0.51216
20.375 81.875 0.85394
20.375 82.125 0.52437
20.375 82.375 0.91519
20.375 82.625 1.0699
20.375 82.875 -0.85969
20.375 83.125 -2.2758
20.375 83.375 -2.3473
20.375 83.625 -0.66545
20.375 83.875 -0.90989
20.375 84.125 0.63167
20.375 84.375 -1.4145
20.375 84.625 -0.74766
20.375 84.875 0.40316
20.375 85.125 0.1003
20.375 85.375 -0.63939
20.375 85.625 0.85975
20.375 85.875 0.37422
20.375 86.125 0.34766
20.375 86.375 0.3551
NaN NaN NaN
20.625 73.125 -1.3993
20.625 73.375 -0.13322
20.625 73.625 -0.13745
20.625 73.875 -1.5052
20.625 74.125 -0.1829
20.625 74.375 -1.0297
20.625 74.625 -0.90228
20.625 74.875 -0.10068
20.625 75.125 -2.2018
20.625 75.375 -2.3105
20.625 75.625 -1.9388
20.625 75.875 -1.6117
20.625 76.125 -0.50122
20.625 76.375 -0.85257
20.625 76.625 -1.6661
20.625 76.875 -1.5139
20.625 77.125 -1.8877
20.625 77.375 -1.2627
20.625 77.625 -0.88948
20.625 77.875 -1.5769
20.625 78.125 -0.28305
20.625 78.375 -1.1993
20.625 78.625 -1.6969
20.625 78.875 -1.8409
20.625 79.125 -1.6688
20.625 79.375 -1.3818
20.625 79.625 -1.0219
20.625 79.875 -1.1956
20.625 80.125 -1.5823
20.625 80.375 -2.3353
20.625 80.625 -1.3241
20.625 80.875 -2.3446
20.625 81.125 -1.2828
20.625 81.375 -0.4676
20.625 81.625 -0.13556
20.625 81.875 0.31295
20.625 82.125 -1.4258
20.625 82.375 0.81765
20.625 82.625 0.57104
20.625 82.875 -0.87232
20.625 83.125 -1.5812
20.625 83.375 -2.3116
20.625 83.625 -0.21729
20.625 83.875 -0.42887
20.625 84.125 -0.35116
20.625 84.375 -0.17713
20.625 84.625 0.55806
20.625 84.875 0.17411
20.625 85.125 -0.032306
20.625 85.375 -1.5447
20.625 85.625 -1.8736
20.625 85.875 0.15861
20.625 86.125 0.23756
20.625 86.375 0.9049
20.625 86.625 0.99632
NaN NaN NaN
20.875 70.625 0.43629
20.875 70.875 0.35904
20.875 71.125 0.17537
20.875 71.375 -0.39179
20.875 72.875 -0.0039745
20.875 73.125 -0.75252
20.875 73.375 -0.73353
20.875 73.625 -0.39911
20.875 73.875 1.1398
20.875 74.125 -1.6434
20.875 74.375 -2.2949
20.875 74.625 -1.0377
20.875 74.875 -0.61603
20.875 75.125 -2.2866
20.875 75.375 -2.1915
20.875 75.625 -1.7001
20.875 75.875 -1.2212
20.875 76.125 -1.3736
20.875 76.375 -1.7631
20.875 76.625 -1.337
20.875 76.875 -1.7107
20.875 77.125 -1.7959
20.875 77.375 -1.7029
20.875 77.625 -1.5443
20.875 77.875 -1.2517
20.875 78.125 -0.75346
20.875 78.375 -0.77774
20.875 78.625 -1.5517
20.875 78.875 -1.5045
20.875 79.125 -2.2801
20.875 79.375 -1.7085
20.875 79.625 -1.5632
20.875 79.875 -1.0121
20.875 80.125 -1.0297
20.875 80.375 -1.563
20.875 80.625 -0.034023
20.875 80.875 0.35008
20.875 81.125 -1.3411
20.875 81.375 -1.8252
20.875 81.625 -2.3285
20.875 81.875 -0.14991
20.875 82.125 -0.24454
20.875 82.375 -0.21056
20.875 82.625 -1.3622
20.875 82.875 -1.2508
20.875 83.125 -2.1457
20.875 83.375 -2.2551
20.875 83.625 -0.81472
20.875 83.875 0.37243
20.875 84.125 -2.2927
20.875 84.375 -2.1039
20.875 84.625 -0.59714
20.875 84.875 -0.040493
20.875 85.125 -0.44741
20.875 85.375 -1.1724
20.875 85.625 -0.27048
20.875 85.875 0.24779
20.875 86.125 -0.50151
20.875 86.375 0.88255
20.875 86.625 0.987
21.125 70.375 0.42088
21.125 70.625 -0.2329
21.125 70.875 -1.6394
21.125 71.125 -0.93821
21.125 71.375 0.12896
NaN NaN NaN
NaN NaN NaN
21.125 72.875 -1.327
21.125 73.125 -0.96848
21.125 73.375 0.1169
21.125 73.625 -1.2985
21.125 73.875 -1.971
21.125 74.125 -1.4806
21.125 74.375 -2.392
21.125 74.625 -2.0688
21.125 74.875 -2.2091
21.125 75.125 -2.2841
21.125 75.375 -2.2805
21.125 75.625 -0.37933
21.125 75.875 0.093701
21.125 76.125 0.36806
21.125 76.375 -1.4978
21.125 76.625 -1.3204
21.125 76.875 -1.6988
21.125 77.125 -1.2015
21.125 77.375 -1.329
21.125 77.625 -1.247
21.125 77.875 -1.1289
21.125 78.125 -1.9029
21.125 78.375 -1.9296
21.125 78.625 -1.8438
21.125 78.875 -1.3708
21.125 79.125 -1.1392
21.125 79.375 -1.7385
21.125 79.625 -0.024536
21.125 79.875 -1.3335
21.125 80.125 -2.2565
21.125 80.375 -2.3707
21.125 80.625 -1.5406
21.125 80.875 -1.3755
21.125 81.125 -0.34662
21.125 81.375 0.92333
21.125 81.625 -2.2314
21.125 81.875 -0.30582
21.125 82.125 -1.3533
21.125 82.375 -0.85589
21.125 82.625 -1.764
21.125 82.875 -0.68595
21.125 83.125 -1.446
21.125 83.375 -2.0676
21.125 83.625 -1.5209
21.125 83.875 0.39789
21.125 84.125 -1.2158
21.125 84.375 -0.071063
21.125 84.625 -0.89653
21.125 84.875 -2.119
21.125 85.125 -0.39037
21.125 85.375 0.076178
21.125 85.625 -0.2456
21.125 85.875 -0.32702
21.125 86.125 0.093204
21.125 86.375 0.098145
21.125 86.625 0.00038761
21.375 70.125 -1.2629
21.375 70.375 -0.81176
21.375 70.625 0.018623
21.375 70.875 -1.8107
21.375 71.125 -0.56992
21.375 71.375 -1.8164
21.375 71.625 -1.7529
21.375 71.875 -1.4715
21.375 72.875 -1.5479
21.375 73.125 -0.25699
21.375 73.375 0.1077
21.375 73.625 -0.549
21.375 73.875 -2.0078
21.375 74.125 -2.0757
21.375 74.375 -1.9403
21.375 74.625 -1.9158
21.375 74.875 -0.89958
21.375 75.125 0.29381
21.375 75.375 -1.3794
21.375 75.625 0.070541
21.375 75.875 -0.45918
21.375 76.125 -0.34297
21.375 76.375 -1.002
21.375 76.625 -1.0375
21.375 76.875 -1.3634
21.375 77.125 -1.192
21.375 77.375 0.010021
21.375 77.625 -1.033
21.375 77.875 -1.5918
21.375 78.125 -1.434
21.375 78.375 -1.9016
21.375 78.625 -1.3229
21.375 78.875 -0.80507
21.375 79.125 -0.96915
21.375 79.375 -0.94039
21.375 79.625 -2.0436
21.375 79.875 -2.4154
21.375 80.125 -2.4089
21.375 80.375 -2.1519
21.375 80.625 -2.227
21.375 80.875 -2.0325
21.375 81.125 -2.3765
21.375 81.375 0.51655
21.375 81.625 -2.0544
21.375 81.875 0.70631
21.375 82.125 0.76754
21.375 82.375 -2.1804
21.375 82.625 -2.2239
21.375 82.875 -2.0272
21.375 83.125 -2.3659
21.375 83.375 -1.6468
21.375 83.625 -1.0849
21.375 83.875 -0.81764
21.375 84.125 0.70778
21.375 84.375 -0.62512
21.375 84.625 -1.5486
21.375 84.875 0.1415
21.375 85.125 0.5212
21.375 85.375 0.45399
21.375 85.625 -0.11964
21.375 85.875 -0.061068
21.375 86.125 -1.0533
21.375 86.375 0.42214
21.375 86.625 0.32268
21.375 86.875 0.61597
21.625 69.875 -1.6871
21.625 70.125 -1.8624
21.625 70.375 -1.9587
21.625 70.625 -1.54
21.625 70.875 -0.52302
21.625 71.125 -1.3928
21.625 71.375 -1.4429
21.625 71.625 -2.0159
21.625 71.875 -2.1977
21.625 72.125 -1.9173
21.625 72.875 -0.7615
21.625 73.125 -0.63024
21.625 73.375 -0.90028
21.625 73.625 -1.25
21.625 73.875 -1.7793
21.625 74.125 -1.3376
21.625 74.375 -1.2498
21.625 74.625 -1.0429
21.625 74.875 0.52068
21.625 75.125 0.2623
21.625 75.375 0.13496
21.625 75.625 -0.84948
21.625 75.875 -1.0265
21.625 76.125 -0.2261
21.625 76.375 -0.63874
21.625 76.625 -1.066
21.625 76.875 -1.0866
21.625 77.125 -0.30405
21.625 77.375 0.135
21.625 77.625 -1.3857
21.625 77.875 0.0041262
21.625 78.125 0.26717
21.625 78.375 -1.582
21.625 78.625 -1.645
21.625 78.875 -0.92775
21.625 79.125 -2.0456
21.625 79.375 -2.3736
21.625 79.625 -1.5531
21.625 79.875 -2.4043
21.625 80.125 -2.4282
21.625 80.375 -1.8026
21.625 80.625 -2.3497
21.625 80.875 -1.3001
21.625 81.125 -2.3908
21.625 81.375 -0.556
21.625 81.625 -2.1169
21.625 81.875 -2.0866
21.625 82.125 -2.2661
21.625 82.375 0.28025
21.625 82.625 -1.0281
21.625 82.875 -2.4057
21.625 83.125 -2.3481
21.625 83.375 -2.3569
21.625 83.625 -2.1386
21.625 83.875 -1.0045
21.625 84.125 0.64505
21.625 84.375 0.019933
21.625 84.625 0.43284
21.625 84.875 -0.1343
21.625 85.125 0.51144
21.625 85.375 0.26661
21.625 85.625 -0.73839
21.625 85.875 -1.3766
21.625 86.125 0.03886
21.625 86.375 0.50448
21.625 86.625 0.077532
21.625 86.875 -0.088901
21.625 87.125 0.21078
NaN NaN NaN
NaN NaN NaN
21.875 69.625 -2.0784
21.875 69.875 -2.1143
21.875 70.125 -1.9961
21.875 70.375 -0.94017
21.875 70.625 -1.8899
21.875 70.875 -2.2098
21.875 71.125 -1.826
21.875 71.375 -1.8087
21.875 71.625 -1.9363
21.875 71.875 -2.2207
21.875 72.125 -0.5981
NaN NaN NaN
21.875 72.875 -1.7075
21.875 73.125 -0.73342
21.875 73.375 -1.0294
21.875 73.625 -1.4848
21.875 73.875 -1.8723
21.875 74.125 -2.0468
21.875 74.375 -2.2933
21.875 74.625 -2.2326
21.875 74.875 -0.42142
21.875 75.125 -1.017
21.875 75.375 -0.51408
21.875 75.625 -0.21843
21.875 75.875 -0.51055
21.875 76.125 -0.43156
21.875 76.375 -0.95856
21.875 76.625 -0.63794
21.875 76.875 -0.76223
21.875 77.125 -0.3519
21.875 77.375 0.38845
21.875 77.625 -0.62239
21.875 77.875 -0.93035
21.875 78.125 -0.42282
21.875 78.375 -0.51505
21.875 78.625 -1.166
21.875 78.875 -0.42116
21.875 79.125 -1.4048
21.875 79.375 -1.6972
21.875 79.625 -1.4867
21.875 79.875 -1.4005
21.875 80.125 -1.0014
21.875 80.375 -0.3533
21.875 80.625 -0.31873
21.875 80.875 -2.3281
21.875 81.125 -1.2782
21.875 81.375 -1.0126
21.875 81.625 -0.62818
21.875 81.875 -0.81187
21.875 82.125 -2.3181
21.875 82.375 -2.194
21.875 82.625 -0.45083
21.875 82.875 -2.4229
21.875 83.125 -1.8661
21.875 83.375 -2.2175
21.875 83.625 -1.6721
21.875 83.875 -0.70747
21.875 84.125 0.30726
21.875 84.375 0.76595
21.875 84.625 0.5909
21.875 84.875 0.32598
21.875 85.125 1.0903
21.875 85.375 1.0711
21.875 85.625 -0.94378
21.875 85.875 -1.3373
21.875 86.125 0.49493
21.875 86.375 0.80608
21.875 86.625 -0.09696
21.875 86.875 0.033957
21.875 87.125 0.25572
21.875 87.375 -1.3623
21.875 87.625 -0.84642
21.875 87.875 -0.099869
21.875 88.375 0.43722
NaN NaN NaN
NaN NaN NaN
22.125 69.125 -1.7602
22.125 69.375 -2.1025
22.125 69.625 -2.2298
22.125 69.875 -2.2347
22.125 70.125 -2.063
22.125 70.375 -1.4099
22.125 70.625 -0.70378
22.125 70.875 -2.1509
22.125 71.125 -2.272
22.125 71.375 -1.7963
22.125 71.625 -1.7903
22.125 71.875 -1.479
22.125 72.125 0.45114
NaN NaN NaN
22.125 72.875 -1.4696
22.125 73.125 -2.088
22.125 73.375 -1.6281
22.125 73.625 -1.4629
22.125 73.875 -1.8488
22.125 74.125 -1.8948
22.125 74.375 -2.0878
22.125 74.625 -2.059
22.125 74.875 -0.93734
22.125 75.125 -1.0237
22.125 75.375 -1.9777
22.125 75.625 -0.56468
22.125 75.875 0.093003
22.125 76.125 -0.5961
22.125 76.375 -1.2603
22.125 76.625 -0.21226
22.125 76.875 -0.13811
22.125 77.125 -0.21356
22.125 77.375 -0.56754
22.125 77.625 -0.94704
22.125 77.875 -0.72559
22.125 78.125 -0.90659
22.125 78.375 -1.0159
22.125 78.625 -0.92649
22.125 78.875 0.038388
22.125 79.125 -0.44812
22.125 79.375 -0.98779
22.125 79.625 0.1706
22.125 79.875 -0.39661
22.125 80.125 -0.058549
22.125 80.375 -0.52736
22.125 80.625 0.10535
22.125 80.875 -1.4896
22.125 81.125 -1.5965
22.125 81.375 -1.3489
22.125 81.625 -1.2401
22.125 81.875 0.12287
22.125 82.125 -0.40743
22.125 82.375 -0.10759
22.125 82.625 -0.67683
22.125 82.875 -1.8549
22.125 83.125 -0.57347
22.125 83.375 -0.2988
22.125 83.625 -0.74194
22.125 83.875 -0.068746
22.125 84.125 0.1497
22.125 84.375 0.28069
22.125 84.625 0.53581
22.125 84.875 0.69324
22.125 85.125 0.94151
22.125 85.375 0.78143
22.125 85.625 -0.36659
22.125 85.875 -0.61659
22.125 86.125 -0.20049
22.125 86.375 0.79992
22.125 86.625 -0.034866
22.125 86.875 -0.12516
22.125 87.125 -0.33993
22.125 87.375 -1.114
22.125 87.625 -1.3481
22.125 87.875 -1.9011
22.125 88.125 -2.1085
22.125 88.375 0.84447
NaN NaN NaN
22.375 69.125 -1.3438
22.375 69.875 -1.7118
22.375 70.125 -1.8516
22.375 70.375 -1.9563
22.375 70.625 -1.9054
22.375 70.875 -2.0187
22.375 71.125 -1.8358
22.375 71.375 -1.9538
22.375 71.625 -2.3148
22.375 71.875 0.86174
22.375 72.125 0.23651
NaN NaN NaN
22.375 72.875 -1.9612
22.375 73.125 -1.8804
22.375 73.375 -0.17107
22.375 73.625 -1.1141
22.375 73.875 -2.0953
22.375 74.125 -2.2023
22.375 74.375 -1.9341
22.375 74.625 -2.0596
22.375 74.875 -1.8689
22.375 75.125 -1.8649
22.375 75.375 -0.35212
22.375 75.625 -0.6316
22.375 75.875 1.1752
22.375 76.125 0.90577
22.375 76.375 0.24118
22.375 76.625 1.1653
22.375 76.875 0.72466
22.375 77.125 0.15334
22.375 77.375 -0.49518
22.375 77.625 -0.77519
22.375 77.875 -0.092323
22.375 78.125 -2.1571
22.375 78.375 -1.0584
22.375 78.625 -1.1068
22.375 78.875 -0.16095
22.375 79.125 0.10326
22.375 79.375 0.21891
22.375 79.625 -0.12364
22.375 79.875 -0.36225
22.375 80.125 0.31172
22.375 80.375 -0.31775
22.375 80.625 -0.1339
22.375 80.875 -0.14284
22.375 81.125 -2.2099
22.375 81.375 1.0221
22.375 81.625 -0.43681
22.375 81.875 -0.33391
22.375 82.125 0.20382
22.375 82.375 0.053117
22.375 82.625 -1.0517
22.375 82.875 -1.4715
22.375 83.125 -1.2863
22.375 83.375 -1.3314
22.375 83.625 -1.3515
22.375 83.875 -0.34584
22.375 84.125 -1.3813
22.375 84.375 -0.20346
22.375 84.625 -0.11691
22.375 84.875 -0.6248
22.375 85.125 -0.095012
22.375 85.375 0.60374
22.375 85.625 -0.55272
22.375 85.875 -1.1608
22.375 86.125 -0.35974
22.375 86.375 0.19639
22.375 86.625 -0.0020556
22.375 86.875 -1.0146
22.375 87.125 0.25988
22.375 87.375 -0.29249
22.375 87.625 -0.20473
22.375 87.875 -1.5956
22.375 88.125 -1.117
22.375 88.375 -0.14962
22.375 88.625 0.13904
22.375 88.875 0.069118
NaN NaN NaN
22.625 70.375 -0.78966
22.625 70.625 -1.6468
22.625 70.875 -2.0286
22.625 71.125 -1.3792
22.625 71.375 -1.1071
22.625 71.625 -2.1493
22.625 71.875 -2.1305
22.625 72.125 -0.51109
22.625 72.375 -0.11358
22.625 72.625 0.61043
22.625 72.875 -1.9587
22.625 73.125 -2.1457
22.625 73.375 -0.83512
22.625 73.625 -2.104
22.625 73.875 -2.2134
22.625 74.125 -2.181
22.625 74.375 -1.3473
22.625 74.625 -2.0313
22.625 74.875 -1.9157
22.625 75.125 -1.5966
22.625 75.375 0.4476
22.625 75.625 -0.56864
22.625 75.875 0.44248
22.625 76.125 0.34621
22.625 76.375 0.090815
22.625 76.625 1.0412
22.625 76.875 0.71982
22.625 77.125 0.30349
22.625 77.375 -0.46379
22.625 77.625 -0.21265
22.625 77.875 0.5048
22.625 78.125 0.16318
22.625 78.375 -0.38915
22.625 78.625 -0.31495
22.625 78.875 0.0040694
22.625 79.125 0.3074
22.625 79.375 0.098444
22.625 79.625 -0.3845
22.625 79.875 -0.67156
22.625 80.125 -0.091857
22.625 80.375 -0.44042
22.625 80.625 -1.2834
22.625 80.875 -0.5431
22.625 81.125 0.48194
22.625 81.375 -0.60367
22.625 81.625 -0.081442
22.625 81.875 -0.15771
22.625 82.125 -0.39188
22.625 82.375 -1.1868
22.625 82.625 -1.6678
22.625 82.875 -1.4975
22.625 83.125 -1.8709
22.625 83.375 -1.1147
22.625 83.625 -1.0752
22.625 83.875 -1.4849
22.625 84.125 -1.5029
22.625 84.375 -1.3517
22.625 84.625 -0.8489
22.625 84.875 -1.3841
22.625 85.125 0.42481
22.625 85.375 0.39284
22.625 85.625 -1.2969
22.625 85.875 -0.21364
22.625 86.125 -1.2523
22.625 86.375 -0.91245
22.625 86.625 -0.81368
22.625 86.875 -0.030713
22.625 87.125 -0.48014
22.625 87.375 -0.28694
22.625 87.625 0.37299
22.625 87.875 -1.1603
22.625 88.125 1.1244
22.625 88.375 -0.12226
22.625 88.625 0.15786
22.625 88.875 0.15593
22.625 92.625 0.28508
22.625 92.875 1.606
NaN NaN NaN
NaN NaN NaN
NaN NaN NaN
22.875 70.625 -1.3753
22.875 70.875 -1.8588
22.875 71.125 -2.0417
22.875 71.375 -1.9444
22.875 71.625 -2.1799
22.875 71.875 -2.0338
22.875 72.125 -2.2623
22.875 72.375 -0.21844
22.875 72.625 -1.2304
22.875 72.875 -1.8029
22.875 73.125 -1.7367
22.875 73.375 -0.048894
22.875 73.625 -1.9339
22.875 73.875 -2.2392
22.875 74.125 -1.952
22.875 74.375 -1.5989
22.875 74.625 -1.7219
22.875 74.875 -1.3665
22.875 75.125 -1.0384
22.875 75.375 0.6993
22.875 75.625 0.40504
22.875 75.875 -0.081855
22.875 76.125 -0.55171
22.875 76.375 0.24995
22.875 76.625 0.58654
22.875 76.875 -0.67907
22.875 77.125 0.031134
22.875 77.375 -1.1494
22.875 77.625 -0.55058
22.875 77.875 0.045166
22.875 78.125 0.071864
22.875 78.375 0.12205
22.875 78.625 0.052625
22.875 78.875 0.28009
22.875 79.125 0.2591
22.875 79.375 -0.34195
22.875 79.625 -1.1455
22.875 79.875 -0.73638
22.875 80.125 -0.54951
22.875 80.375 -0.49273
22.875 80.625 -1.1861
22.875 80.875 -0.25488
22.875 81.125 -0.64917
22.875 81.375 -0.8755
22.875 81.625 -0.78478
22.875 81.875 -0.31881
22.875 82.125 -0.62833
22.875 82.375 -0.55432
22.875 82.625 -1.5251
22.875 82.875 -0.83496
22.875 83.125 -1.8102
22.875 83.375 -1.2853
22.875 83.625 -0.65081
22.875 83.875 -0.37133
22.875 84.125 -1.783
22.875 84.375 -1.5372
22.875 84.625 -0.7895
22.875 84.875 -2.3221
22.875 85.125 -2.4285
22.875 85.375 1.0637
22.875 85.625 -0.70319
22.875 85.875 -0.011914
22.875 86.125 -0.26494
22.875 86.375 -1.3066
22.875 86.625 0.0076459
22.875 86.875 0.71588
22.875 87.125 1.0721
22.875 87.375 1.1158
22.875 87.625 0.89578
22.875 87.875 -1.5905
22.875 88.125 -0.57804
22.875 88.375 0.37011
22.875 88.625 0.67178
22.875 92.625 0.43985
22.875 92.875 0.78481
23.125 68.875 -1.2662
23.125 69.125 -1.6957
23.125 69.375 -1.7141
23.125 69.625 -1.7699
23.125 69.875 -1.6592
23.125 70.125 -1.8168
23.125 70.875 0.3921
23.125 71.125 -2.1958
23.125 71.375 -2.324
23.125 71.625 0.078988
23.125 71.875 -0.68492
23.125 72.125 -2.0551
23.125 72.375 -1.8284
23.125 72.625 -0.49557
23.125 72.875 -0.45023
23.125 73.125 -0.93177
23.125 73.375 -0.71633
23.125 73.625 -0.0935
23.125 73.875 -2.0984
23.125 74.125 -1.8565
23.125 74.375 -1.3096
23.125 74.625 -1.3924
23.125 74.875 -0.7096
23.125 75.125 -0.89032
23.125 75.375 -1.3966
23.125 75.625 -0.44538
23.125 75.875 0.3278
23.125 76.125 -0.0623
23.125 76.375 -0.11648
23.125 76.625 -0.22433
23.125 76.875 0.083142
23.125 77.125 -0.081977
23.125 77.375 -0.40862
23.125 77.625 -0.62958
23.125 77.875 0.31476
23.125 78.125 0.13018
23.125 78.375 -0.043729
23.125 78.625 -0.51284
23.125 78.875 0.0053787
23.125 79.125 -0.086333
23.125 79.375 0.20113
23.125 79.625 -1.1995
23.125 79.875 -0.127
23.125 80.125 -0.13387
23.125 80.375 -0.29505
23.125 80.625 0.01138
23.125 80.875 0.6492
23.125 81.125 -0.086271
23.125 81.375 -0.31623
23.125 81.625 -2.0229
23.125 81.875 -0.23599
23.125 82.125 -0.67709
23.125 82.375 -1.5637
23.125 82.625 -0.79501
23.125 82.875 -1.1174
23.125 83.125 -1.587
23.125 83.375 -0.071232
23.125 83.625 0.48393
23.125 83.875 0.9892
23.125 84.125 -1.3181
23.125 84.375 -1.3715
23.125 84.625 -1.9456
23.125 84.875 -2.1602
23.125 85.125 -2.2907
23.125 85.375 1.4487
23.125 85.625 0.46398
23.125 85.875 -0.71922
23.125 86.125 -0.9048
23.125 86.375 -1.3942
23.125 86.625 0.11534
23.125 86.875 0.097784
23.125 87.125 0.36629
23.125 87.375 1.2608
23.125 87.625 -0.72303
23.125 87.875 -1.752
23.125 88.125 -0.32516
23.125 88.375 -0.030417
23.125 88.625 0.10985
NaN NaN NaN
23.125 92.625 -2.4148
23.125 92.875 -2.3122
NaN NaN NaN
23.375 68.875 -1.4306
23.375 69.125 -1.4251
23.375 69.375 -1.6249
23.375 69.625 -0.95401
23.375 69.875 -0.85401
23.375 70.125 -1.4173
23.375 70.375 -2.0752
23.375 70.625 -1.9824
23.375 70.875 -2.205
23.375 71.125 -2.1717
23.375 71.375 -1.5278
23.375 71.625 -2.1136
23.375 71.875 -1.0989
23.375 72.125 -1.6905
23.375 72.375 -1.4387
23.375 72.625 -1.3086
23.375 72.875 -1.1252
23.375 73.125 -0.74445
23.375 73.375 -0.030723
23.375 73.625 -0.11298
23.375 73.875 -0.81121
23.375 74.125 -1.3636
23.375 74.375 -0.47254
23.375 74.625 -0.44758
23.375 74.875 -0.37727
23.375 75.125 0.043657
23.375 75.375 1.1104
23.375 75.625 -0.83407
23.375 75.875 0.22498
23.375 76.125 0.98438
23.375 76.375 0.24364
23.375 76.625 -0.63726
23.375 76.875 -0.718
23.375 77.125 -0.12988
23.375 77.375 -0.43678
23.375 77.625 -0.47604
23.375 77.875 0.55675
23.375 78.125 0.23045
23.375 78.375 -0.31788
23.375 78.625 -0.20068
23.375 78.875 0.22121
23.375 79.125 -0.38588
23.375 79.375 -0.11547
23.375 79.625 0.39548
23.375 79.875 -0.36792
23.375 80.125 -0.73362
23.375 80.375 -0.55623
23.375 80.625 -0.0067204
23.375 80.875 0.14903
23.375 81.125 0.35674
23.375 81.375 0.27743
23.375 81.625 -0.12639
23.375 81.875 -0.39471
23.375 82.125 -1.1737
23.375 82.375 -0.38287
23.375 82.625 -0.81683
23.375 82.875 -0.93729
23.375 83.125 0.32478
23.375 83.375 -0.49715
23.375 83.625 -0.62957
23.375 83.875 -1.058
23.375 84.125 -2.0495
23.375 84.375 -1.4544
23.375 84.625 -1.4691
23.375 84.875 -0.77948
23.375 85.125 -2.2836
23.375 85.375 0.2464
23.375 85.625 -0.0033867
23.375 85.875 -0.66918
23.375 86.125 -0.44662
23.375 86.375 -0.94547
23.375 86.625 0.41738
23.375 86.875 -0.71977
23.375 87.125 -1.3713
23.375 87.375 -1.1893
23.375 87.625 -2.1219
23.375 87.875 -1.7106
23.375 88.125 -1.1156
23.375 88.375 -0.46536
23.375 88.625 -0.29835
23.375 91.375 -0.14445
23.375 91.625 -0.22312
23.375 92.625 -2.1875
23.375 92.875 -1.5889
23.375 93.125 -1.8337
23.625 68.625 -1.2059
23.625 68.875 -1.2059
23.625 69.125 -0.6735
23.625 69.375 -0.78465
23.625 69.625 -1.9357
23.625 69.875 -1.4502
23.625 70.125 0.088769
23.625 70.375 0.77066
23.625 70.625 0.44429
23.625 70.875 -0.95843
23.625 71.125 -1.955
23.625 71.375 0.62682
23.625 71.625 -1.5244
23.625 71.875 -1.5857
23.625 72.125 -1.7356
23.625 72.375 -2.0788
23.625 72.625 -1.2976
23.625 72.875 -1.4248
23.625 73.125 -1.3907
23.625 73.375 -1.9289
23.625 73.625 -1.2095
23.625 73.875 -1.0368
23.625 74.125 -0.41764
23.625 74.375 -0.60095
23.625 74.625 0.25603
23.625 74.875 -0.39126
23.625 75.125 -0.73894
23.625 75.375 0.58813
23.625 75.625 0.61377
23.625 75.875 1.2523
23.625 76.125 1.6925
23.625 76.375 1.001
23.625 76.625 -0.47378
23.625 76.875 -1.5043
23.625 77.125 -0.31683
23.625 77.375 -0.1749
23.625 77.625 -0.41691
23.625 77.875 0.21427
23.625 78.125 -0.098979
23.625 78.375 -0.23078
23.625 78.625 0.1844
23.625 78.875 0.33809
23.625 79.125 0.21747
23.625 79.375 0.53
23.625 79.625 0.41743
23.625 79.875 0.8045
23.625 80.125 -0.3408
23.625 80.375 -1.1377
23.625 80.625 0.11743
23.625 80.875 0.46012
23.625 81.125 -0.34145
23.625 81.375 0.1369
23.625 81.625 0.47796
23.625 81.875 -0.7329
23.625 82.125 -1.7072
23.625 82.375 -1.2728
23.625 82.625 -1.001
23.625 82.875 -0.14846
23.625 83.125 -0.33301
23.625 83.375 -0.0077806
23.625 83.625 0.097468
23.625 83.875 -1.2189
23.625 84.125 -1.5437
23.625 84.375 -0.44441
23.625 84.625 -0.24892
23.625 84.875 -0.0061142
23.625 85.125 -1.5652
23.625 85.375 -2.0287
23.625 85.625 -1.4206
23.625 85.875 0.38929
23.625 86.125 -2.165
23.625 86.375 -1.2353
23.625 86.625 0.65279
23.625 86.875 -1.2905
23.625 87.125 -1.0363
23.625 87.375 -1.7277
23.625 87.625 -1.7134
23.625 87.875 -1.9697
23.625 88.125 -1.8883
23.625 88.375 -1.0562
23.625 91.375 -1.6089
23.625 91.625 -1.477
NaN NaN NaN
23.625 92.375 -2.0796
23.625 92.625 -1.4063
23.625 92.875 -1.8585
23.625 93.125 -2.3634
23.875 68.875 -0.90358
23.875 69.125 -0.56277
23.875 69.375 -0.64853
23.875 69.625 -0.70736
23.875 69.875 0.31704
23.875 70.125 -1.6154
23.875 70.375 0.8278
23.875 70.625 1.0536
23.875 70.875 0.58341
23.875 71.125 -0.61295
23.875 71.375 0.12503
23.875 71.625 -1.4792
23.875 71.875 -1.0977
23.875 72.125 -1.2708
23.875 72.375 -1.7862
23.875 72.625 -1.1103
23.875 72.875 -1.1997
23.875 73.125 -1.2858
23.875 73.375 -2.1912
23.875 73.625 -1.8658
23.875 73.875 -0.44986
23.875 74.125 -0.2464
23.875 74.375 -0.40703
23.875 74.625 -0.40486
23.875 74.875 0.42732
23.875 75.125 0.5407
23.875 75.375 0.85578
23.875 75.625 0.67394
23.875 75.875 0.93475
23.875 76.125 0.81533
23.875 76.375 0.63547
23.875 76.625 -0.43951
23.875 76.875 0.72173
23.875 77.125 0.52001
23.875 77.375 0.7275
23.875 77.625 0.47271
23.875 77.875 0.080831
23.875 78.125 0.062451
23.875 78.375 -0.089912
23.875 78.625 -0.053605
23.875 78.875 0.29896
23.875 79.125 0.31889
23.875 79.375 0.9447
23.875 79.625 0.32531
23.875 79.875 -0.26987
23.875 80.125 -0.76733
23.875 80.375 -0.93932
23.875 80.625 0.0040398
23.875 80.875 0.25779
23.875 81.125 -0.35962
23.875 81.375 0.067862
23.875 81.625 0.36096
23.875 81.875 -1.1865
23.875 82.125 -1.058
23.875 82.375 -0.14223
23.875 82.625 -0.22584
23.875 82.875 -0.1849
23.875 83.125 -0.76512
23.875 83.375 -0.40624
23.875 83.625 -0.14478
23.875 83.875 -0.33432
23.875 84.125 -0.84611
23.875 84.375 -1.3584
23.875 84.625 -1.5623
23.875 84.875 -1.6475
23.875 85.125 -1.4885
23.875 85.375 -2.0737
23.875 85.625 -2.2279
23.875 85.875 -1.6764
23.875 86.125 -1.6093
23.875 86.375 -0.38317
23.875 86.625 0.068345
23.875 86.875 -1.8342
23.875 87.125 -0.80956
23.875 87.375 -0.86044
23.875 87.625 -2.3283
23.875 87.875 -1.8073
23.875 88.125 -1.6407
23.875 88.375 -1.1661
23.875 91.375 -1.9562
23.875 91.625 -0.73256
23.875 91.875 -2.2579
23.875 92.125 -2.159
23.875 92.375 -1.1847
23.875 92.625 -1.0946
23.875 92.875 -2.1317
23.875 93.125 -2.3217
23.875 93.375 -1.3853
24.125 68.875 -0.85553
24.125 69.125 -0.91699
24.125 69.375 -0.16032
24.125 69.625 -1.4199
24.125 69.875 -1.6445
24.125 70.125 -2.12
24.125 70.375 -1.0824
24.125 70.625 -0.54426
24.125 70.875 -0.91837
24.125 71.125 -1.1981
24.125 71.375 -0.82413
24.125 71.625 -1.4787
24.125 71.875 -0.99398
24.125 72.125 -1.319
24.125 72.375 -0.588
24.125 72.625 -0.91592
24.125 72.875 -0.73607
24.125 73.125 -1.4571
24.125 73.375 -2.0529
24.125 73.625 -2.2494
24.125 73.875 -0.68213
24.125 74.125 -0.74871
24.125 74.375 -0.82648
24.125 74.625 -0.32633
24.125 74.875 0.19517
24.125 75.125 -0.15107
24.125 75.375 1.3186
24.125 75.625 0.83632
24.125 75.875 -0.12179
24.125 76.125 -0.13259
24.125 76.375 0.86459
24.125 76.625 0.7244
24.125 76.875 1.3394
24.125 77.125 0.48975
24.125 77.375 0.636
24.125 77.625 1.3146
24.125 77.875 1.4117
24.125 78.125 0.18176
24.125 78.375 -0.13075
24.125 78.625 -0.0061746
24.125 78.875 -0.64666
24.125 79.125 -0.17147
24.125 79.375 0.33525
24.125 79.625 -0.69648
24.125 79.875 -0.31757
24.125 80.125 -0.52086
24.125 80.375 -1.5807
24.125 80.625 -0.43547
24.125 80.875 -0.1961
24.125 81.125 -0.25417
24.125 81.375 0.023637
24.125 81.625 -0.017025
24.125 81.875 0.31258
24.125 82.125 0.19049
24.125 82.375 -0.13499
24.125 82.625 -0.58332
24.125 82.875 -0.53454
24.125 83.125 -0.42153
24.125 83.375 -1.7516
24.125 83.625 -1.1275
24.125 83.875 -0.41031
24.125 84.125 -0.95657
24.125 84.375 -1.3921
24.125 84.625 -1.7613
24.125 84.875 -1.7153
24.125 85.125 -1.9883
24.125 85.375 -1.3112
24.125 85.625 -2.0249
24.125 85.875 -1.8559
24.125 86.125 -1.369
24.125 86.375 -1.8874
24.125 86.625 -1.172
24.125 86.875 -0.78012
24.125 87.125 -1.5766
24.125 87.375 -0.83535
24.125 87.625 -1.8761
24.125 87.875 -1.9454
24.125 88.125 -1.5196
24.125 88.375 -0.38767
24.125 91.875 -2.3185
24.125 92.125 -2.3579
24.125 92.375 -2.0596
24.125 92.625 -0.92642
24.125 92.875 -2.3066
24.125 93.125 -2.4164
24.125 93.375 -2.3842
24.125 93.625 -2.3806
24.125 93.875 -2.2968
NaN NaN NaN
24.375 71.375 -1.6766
24.375 71.625 -0.48467
24.375 71.875 -1.4973
24.375 72.125 -1.378
24.375 72.375 -1.1446
24.375 72.625 -1.3676
24.375 72.875 -0.46207
24.375 73.125 -0.51066
24.375 73.375 -0.87044
24.375 73.625 -2.0532
24.375 73.875 -1.1242
24.375 74.125 -0.64222
24.375 74.375 -0.21778
24.375 74.625 -1.1771
24.375 74.875 -0.98139
24.375 75.125 -0.23807
24.375 75.375 0.44011
24.375 75.625 0.8033
24.375 75.875 -0.40487
24.375 76.125 -1.7728
24.375 76.375 0.33693
24.375 76.625 1.4404
24.375 76.875 1.2269
24.375 77.125 0.4129
24.375 77.375 -0.024807
24.375 77.625 0.401
24.375 77.875 1.9996
24.375 78.125 0.32831
24.375 78.375 0.10339
24.375 78.625 -0.4614
24.375 78.875 0.13193
24.375 79.125 0.087265
24.375 79.375 -0.41868
24.375 79.625 -0.13557
24.375 79.875 -0.73692
24.375 80.125 -2.1187
24.375 80.375 0.61541
24.375 80.625 0.67394
24.375 80.875 -0.33548
24.375 81.125 -0.21159
24.375 81.375 -0.13565
24.375 81.625 0.31649
24.375 81.875 0.27222
24.375 82.125 -0.23608
24.375 82.375 -0.10179
24.375 82.625 -0.35164
24.375 82.875 -0.33851
24.375 83.125 -0.65884
24.375 83.375 -1.282
24.375 83.625 -1.8546
24.375 83.875 -1.083
24.375 84.125 -0.48475
24.375 84.375 -1.6352
24.375 84.625 -1.3734
24.375 84.875 -2.2227
24.375 85.125 -1.5196
24.375 85.375 -1.6137
24.375 85.625 -1.3704
24.375 85.875 -2.0074
24.375 86.125 -2.1863
24.375 86.375 -1.6165
24.375 86.625 -1.741
24.375 86.875 -0.99904
24.375 87.125 -1.3605
24.375 87.375 -2.4316
24.375 87.625 -2.0906
24.375 87.875 -1.9204
24.375 88.125 -1.3053
24.375 92.375 -2.0711
24.375 92.625 -2.3544
24.375 92.875 -2.4318
24.375 93.125 -2.4352
24.375 93.375 -2.412
24.375 93.625 -2.3304
24.375 93.875 -2.3272
24.375 94.125 -1.2821
24.625 71.125 -0.85616
24.625 71.375 -0.47644
24.625 71.625 -0.98563
24.625 71.875 -1.102
24.625 72.125 -1.0325
24.625 72.375 -1.016
24.625 72.625 -1.5621
24.625 72.875 -1.6678
24.625 73.125 -1.3829
24.625 73.375 -0.95332
24.625 73.625 -1.1281
24.625 73.875 -1.7529
24.625 74.125 -0.90459
24.625 74.375 -0.082419
24.625 74.625 -0.42561
24.625 74.875 -1.0232
24.625 75.125 -1.4511
24.625 75.375 -0.44615
24.625 75.625 -0.45125
24.625 75.875 -0.87313
24.625 76.125 -0.48279
24.625 76.375 0.23085
24.625 76.625 0.57595
24.625 76.875 1.2469
24.625 77.125 0.48095
24.625 77.375 -0.27754
24.625 77.625 -0.82845
24.625 77.875 -0.49947
24.625 78.125 0.14827
24.625 78.375 -0.33864
24.625 78.625 -0.27297
24.625 78.875 0.40732
24.625 79.125 0.19345
24.625 79.375 0.045461
24.625 79.625 0.55762
24.625 79.875 0.26246
24.625 80.125 -1.9982
24.625 80.375 -2.0498
24.625 80.625 -1.9607
24.625 80.875 -1.0167
24.625 81.125 -0.9387
24.625 81.375 0.49884
24.625 81.625 0.7546
24.625 81.875 0.79224
24.625 82.125 -0.44871
24.625 82.375 -0.7368
24.625 82.625 -0.13566
24.625 82.875 0.3699
24.625 83.125 0.19653
24.625 83.375 -0.81294
24.625 83.625 -0.4868
24.625 83.875 -0.90458
24.625 84.125 -0.77373
24.625 84.375 -0.81677
24.625 84.625 -1.9985
24.625 84.875 -1.0969
24.625 85.125 -0.95144
24.625 85.375 -1.6718
24.625 85.625 -2.2676
24.625 85.875 -2.2375
24.625 86.125 -1.7343
24.625 86.375 -0.85926
24.625 86.625 -1.085
24.625 86.875 -1.8437
24.625 87.125 -2.3786
24.625 87.375 -2.2235
24.625 87.625 -1.639
24.625 87.875 -0.7474
24.625 92.375 -0.5083
24.625 92.625 -1.8277
24.625 92.875 -2.2407
24.625 93.125 -2.3642
24.625 93.375 -2.3317
24.625 93.625 -2.0929
24.625 93.875 -0.79636
24.625 94.125 -0.71381
NaN NaN NaN
24.875 71.125 -1.5018
24.875 71.375 -0.38371
24.875 71.625 -0.70828
24.875 71.875 -1.0064
24.875 72.125 -1.3293
24.875 72.375 -1.2937
24.875 72.625 -1.6412
24.875 72.875 -1.8661
24.875 73.125 -2.0084
24.875 73.375 -0.84537
24.875 73.625 -1.4832
24.875 73.875 -0.77671
24.875 74.125 -0.76807
24.875 74.375 0.13099
24.875 74.625 -0.42242
24.875 74.875 -1.1927
24.875 75.125 -1.8385
24.875 75.375 -1.5538
24.875 75.625 -1.1554
24.875 75.875 0.025174
24.875 76.125 -0.61231
24.875 76.375 -0.11083
24.875 76.625 0.49091
24.875 76.875 1.0084
24.875 77.125 0.49539
24.875 77.375 0.56393
24.875 77.625 0.68305
24.875 77.875 0.59756
24.875 78.125 0.92926
24.875 78.375 -0.28452
24.875 78.625 -0.24238
24.875 78.875 0.58904
24.875 79.125 0.50021
24.875 79.375 0.5853
24.875 79.625 0.78048
24.875 79.875 1.3402
24.875 80.125 -1.991
24.875 80.375 -1.9709
24.875 80.625 -0.062465
24.875 80.875 -1.5138
24.875 81.125 -0.72564
24.875 81.375 -1.6248
24.875 81.625 0.4339
24.875 81.875 0.15744
24.875 82.125 -1.6333
24.875 82.375 -0.70865
24.875 82.625 0.75707
24.875 82.875 -1.3471
24.875 83.125 -1.2527
24.875 83.375 -0.98074
24.875 83.625 -0.32026
24.875 83.875 -1.0031
24.875 84.125 -1.2624
24.875 84.375 -1.4542
24.875 84.625 -1.5776
24.875 84.875 -1.471
24.875 85.125 -1.0513
24.875 85.375 -1.8863
24.875 85.625 -0.52458
24.875 85.875 -0.84352
24.875 86.125 -1.4068
24.875 86.375 -1.0089
24.875 86.625 -1.2288
24.875 86.875 -1.0995
24.875 87.125 -2.0095
24.875 87.375 -2.2075
24.875 87.625 -0.67063
24.875 87.875 -0.30166
24.875 88.125 1.8234
24.875 92.625 -2.2949
24.875 92.875 -0.6209
24.875 93.125 -2.3773
24.875 93.375 -1.5899
24.875 93.625 -1.7848
24.875 93.875 -1.1425
24.875 94.125 -1.0882
24.875 94.375 -0.41759
25.125 71.125 -1.3359
25.125 71.375 -0.50256
25.125 71.625 -0.90972
25.125 71.875 -1.3
25.125 72.125 -1.2588
25.125 72.375 -1.3464
25.125 72.625 -1.6002
25.125 72.875 -1.6182
25.125 73.125 -1.8579
25.125 73.375 -1.7796
25.125 73.625 -1.3402
25.125 73.875 -1.0823
25.125 74.125 -0.88332
25.125 74.375 -1.3926
25.125 74.625 -1.1581
25.125 74.875 -0.87877
25.125 75.125 -1.4914
25.125 75.375 -0.38688
25.125 75.625 -0.55267
25.125 75.875 -1.1963
25.125 76.125 -0.67797
25.125 76.375 -0.24931
25.125 76.625 0.66755
25.125 76.875 1.0409
25.125 77.125 0.78747
25.125 77.375 0.16991
25.125 77.625 0.4795
25.125 77.875 0.92829
25.125 78.125 1.1932
25.125 78.375 0.19542
25.125 78.625 0.15067
25.125 78.875 0.18013
25.125 79.125 0.20175
25.125 79.375 0.13515
25.125 79.625 0.73659
25.125 79.875 0.8679
25.125 80.125 -0.44572
25.125 80.375 -0.34135
25.125 80.625 -0.45928
25.125 80.875 -1.3589
25.125 81.125 -1.4521
25.125 81.375 -0.6293
25.125 81.625 -2.1962
25.125 81.875 -0.1917
25.125 82.125 -0.59466
25.125 82.375 0.31
25.125 82.625 -1.6339
25.125 82.875 -1.2893
25.125 83.125 -1.6101
25.125 83.375 -1.2026
25.125 83.625 -0.11036
25.125 83.875 -2.0279
25.125 84.125 -1.5682
25.125 84.375 -0.63593
25.125 84.625 -0.9943
25.125 84.875 -1.5432
25.125 85.125 -1.133
25.125 85.375 -1.294
25.125 85.625 0.1132
25.125 85.875 -0.26912
25.125 86.125 -0.13591
25.125 86.375 -0.89748
25.125 86.625 0.083834
25.125 86.875 -0.80608
25.125 87.125 -0.83741
25.125 87.375 -1.4782
25.125 87.625 -0.77168
25.125 87.875 -0.16348
25.125 88.125 -2.1883
25.125 88.375 1.6178
25.125 92.375 -2.092
25.125 92.625 -1.602
25.125 92.875 -2.3136
25.125 93.125 -1.599
25.125 93.375 -2.0878
25.125 93.625 -1.2754
25.125 93.875 -1.0248
25.125 94.125 -1.4812
25.125 94.375 -0.97004
25.375 70.875 -0.14236
25.375 71.125 -0.27013
25.375 71.375 -0.18382
25.375 71.625 -0.56779
25.375 71.875 -0.81851
25.375 72.125 -0.92839
25.375 72.375 -1.2793
25.375 72.625 -1.3315
25.375 72.875 -1.4008
25.375 73.125 -1.5033
25.375 73.375 -1.3726
25.375 73.625 -1.4411
25.375 73.875 -1.3521
25.375 74.125 -0.97294
25.375 74.375 -1.2427
25.375 74.625 -0.87671
25.375 74.875 -0.59587
25.375 75.125 -1.0843
25.375 75.375 -1.0556
25.375 75.625 0.15592
25.375 75.875 -0.31714
25.375 76.125 -0.2475
25.375 76.375 -0.32452
25.375 76.625 -0.064533
25.375 76.875 0.7706
25.375 77.125 0.66857
25.375 77.375 0.58872
25.375 77.625 0.98491
25.375 77.875 1.4345
25.375 78.125 0.21148
25.375 78.375 0.41448
25.375 78.625 -1.0524
25.375 78.875 -1.3939
25.375 79.125 -0.21952
25.375 79.375 0.89794
25.375 79.625 0.49814
25.375 79.875 0.46584
25.375 80.125 0.32477
25.375 80.375 -0.16239
25.375 80.625 -0.27557
25.375 80.875 -2.0859
25.375 81.125 -1.1075
25.375 81.375 -0.90121
25.375 81.625 -1.9434
25.375 81.875 -1.856
25.375 82.125 -1.9048
25.375 82.375 -1.9823
25.375 82.625 -2.1395
25.375 82.875 -1.8528
25.375 83.125 -1.9231
25.375 83.375 -0.66563
25.375 83.625 -0.3048
25.375 83.875 -0.31422
25.375 84.125 -0.68996
25.375 84.375 -1.3235
25.375 84.625 -1.7479
25.375 84.875 0.010394
25.375 85.125 -1.6373
25.375 85.375 -2.2223
25.375 85.625 -0.061009
25.375 85.875 0.20802
25.375 86.125 0.47335
25.375 86.375 -0.4084
25.375 86.625 -2.0122
25.375 86.875 -0.55687
25.375 87.125 -1.4364
25.375 87.375 -0.481
25.375 87.625 0.61407
25.375 87.875 0.92474
25.375 88.125 -1.0085
25.375 88.375 0.51221
25.375 88.625 0.53774
25.375 90.125 0.22488
25.375 90.375 -0.98867
25.375 90.625 0.19862
25.375 90.875 -0.16957
25.375 91.125 -0.33692
25.375 91.375 -1.7952
25.375 91.625 -1.4948
25.375 91.875 -1.2944
25.375 92.125 -2.3989
25.375 92.375 -2.2863
25.375 92.625 -1.8777
25.375 92.875 -2.123
25.375 93.125 -2.0051
25.375 93.375 -1.5593
25.375 93.625 -1.2786
25.375 93.875 -1.1737
25.375 94.125 -0.60949
25.375 94.375 -0.12489
25.625 70.875 -0.27599
25.625 71.125 -0.4303
25.625 71.375 -0.35999
25.625 71.625 -0.18702
25.625 71.875 -0.3672
25.625 72.125 -0.16174
25.625 72.375 0.1962
25.625 72.625 -1.0015
25.625 72.875 -1.0899
25.625 73.125 -1.2192
25.625 73.375 -1.1001
25.625 73.625 -1.0538
25.625 73.875 -1.1285
25.625 74.125 -0.24478
25.625 74.375 -1.0231
25.625 74.625 -0.88915
25.625 74.875 0.45636
25.625 75.125 -1.2429
25.625 75.375 -1.0655
25.625 75.625 0.27331
25.625 75.875 0.71242
25.625 76.125 0.29732
25.625 76.375 -0.26614
25.625 76.625 0.17826
25.625 76.875 0.71694
25.625 77.125 -0.044598
25.625 77.375 0.5744
25.625 77.625 0.54764
25.625 77.875 1.2406
25.625 78.125 0.078151
25.625 78.375 -0.88818
25.625 78.625 -0.43364
25.625 78.875 -1.0267
25.625 79.125 1.2696
25.625 79.375 1.4736
25.625 79.625 0.20213
25.625 79.875 0.037746
25.625 80.125 -0.30878
25.625 80.375 -0.42572
25.625 80.625 -1.6193
25.625 80.875 -1.5433
25.625 81.125 -1.8155
25.625 81.375 -1.9273
25.625 81.625 -1.5818
25.625 81.875 -1.3414
25.625 82.125 -1.9405
25.625 82.375 -2.0758
25.625 82.625 -2.29
25.625 82.875 -2.1886
25.625 83.125 -1.8273
25.625 83.375 -1.9502
25.625 83.625 -1.4817
25.625 83.875 -1.6428
25.625 84.125 -1.9447
25.625 84.375 -2.1354
25.625 84.625 -0.50078
25.625 84.875 -0.39878
25.625 85.125 -1.2931
25.625 85.375 -1.6988
25.625 85.625 -1.2622
25.625 85.875 -0.19376
25.625 86.125 -0.96482
25.625 86.375 -0.74774
25.625 86.625 -1.2454
25.625 86.875 0.26944
25.625 87.125 -0.32329
25.625 87.375 -0.74206
25.625 87.625 0.076538
25.625 87.875 0.043362
25.625 88.125 0.49556
25.625 90.125 -2.0869
25.625 90.375 -0.70896
25.625 90.625 -0.37686
25.625 90.875 -2.2253
25.625 91.125 -1.4579
25.625 91.375 -1.8107
25.625 91.625 -1.1353
25.625 91.875 -1.5372
25.625 92.125 -2.2966
25.625 92.375 -2.1473
25.625 92.625 -2.264
25.625 92.875 -2.2787
25.625 93.125 -2.0759
25.625 93.375 -2.1794
25.625 93.625 -1.5508
25.625 93.875 -0.39379
25.625 94.125 0.67275
25.625 94.375 -2.0927
NaN NaN NaN
NaN NaN NaN
25.875 70.375 0.45009
25.875 70.625 -0.18146
25.875 70.875 -0.30719
25.875 71.125 -0.40311
25.875 71.375 -0.47036
25.875 71.625 -0.66231
25.875 71.875 -0.29275
25.875 72.125 0.24678
25.875 72.375 0.037624
25.875 72.625 -0.93816
25.875 72.875 -1.0297
25.875 73.125 -1.2467
25.875 73.375 -0.63223
25.875 73.625 -0.63652
25.875 73.875 -0.79756
25.875 74.125 -0.69139
25.875 74.375 -0.59703
25.875 74.625 0.29574
25.875 74.875 -0.5247
25.875 75.125 -0.35308
25.875 75.375 -1.3748
25.875 75.625 -0.80216
25.875 75.875 0.50657
25.875 76.125 -0.029969
25.875 76.375 -0.031426
25.875 76.625 0.28887
25.875 76.875 0.25129
25.875 77.125 -1.1013
25.875 77.375 -0.18305
25.875 77.625 0.853
25.875 77.875 0.35072
25.875 78.125 1.4406
25.875 78.375 1.1066
25.875 78.625 0.69272
25.875 78.875 -0.18241
25.875 79.125 -0.096351
25.875 79.375 -0.42603
25.875 79.625 -0.57494
25.875 79.875 -0.16108
25.875 80.125 -0.51386
25.875 80.375 -1.8022
25.875 80.625 -0.96227
25.875 80.875 -1.5389
25.875 81.125 -1.5161
25.875 81.375 -1.7196
25.875 81.625 -0.8122
25.875 81.875 -1.0877
25.875 82.125 -2.3022
25.875 82.375 -1.6653
25.875 82.625 -1.9757
25.875 82.875 -0.45802
25.875 83.125 -1.9356
25.875 83.375 -2.3909
25.875 83.625 -0.45688
25.875 83.875 -1.3849
25.875 84.125 0.18088
25.875 84.375 -1.9606
25.875 84.625 -0.91712
25.875 84.875 -0.95926
25.875 85.125 -0.81624
25.875 85.375 -1.1872
25.875 85.625 -0.3069
25.875 85.875 -1.0387
25.875 86.125 -1.4935
25.875 86.375 -0.29822
25.875 86.625 0.84104
25.875 86.875 0.39928
25.875 87.125 -1.0138
25.875 87.375 -0.38031
25.875 87.625 -0.8181
25.875 87.875 -1.6362
25.875 90.125 -0.89369
25.875 90.375 -0.97424
25.875 90.625 -1.1141
25.875 90.875 -1.7234
25.875 91.125 -1.1803
25.875 91.375 -0.6247
25.875 91.625 -1.7533
25.875 91.875 -2.3896
25.875 92.125 -2.3705
25.875 92.375 -1.999
25.875 92.625 -1.6218
25.875 92.875 -1.7913
25.875 93.125 -2.2115
25.875 93.375 -2.1887
25.875 93.625 -1.4563
25.875 93.875 -0.54961
25.875 94.125 -0.53558
25.875 94.375 -1.7668
25.875 94.625 -2.1968
25.875 94.875 0.62693
26.125 70.375 0.17317
26.125 70.625 -0.41788
26.125 70.875 -0.34934
26.125 71.125 0.28782
26.125 71.375 -0.082142
26.125 71.625 -0.20701
26.125 71.875 0.17626
26.125 72.125 -0.11308
26.125 72.375 -0.26247
26.125 72.625 -0.82864
26.125 72.875 -0.94667
26.125 73.125 -0.79618
26.125 73.375 -0.9271
26.125 73.625 -0.25994
26.125 73.875 -0.6591
26.125 74.125 -1.3891
26.125 74.375 -1.0603
26.125 74.625 -0.77776
26.125 74.875 0.45689
26.125 75.125 1.0819
26.125 75.375 -0.80333
26.125 75.625 -0.85823
26.125 75.875 -1.0267
26.125 76.125 -0.96092
26.125 76.375 -0.30095
26.125 76.625 0.28601
26.125 76.875 0.07803
26.125 77.125 -0.20409
26.125 77.375 -0.337
26.125 77.625 0.68261
26.125 77.875 0.23385
26.125 78.125 1.1764
26.125 78.375 1.0097
26.125 78.625 1.0891
26.125 78.875 -0.32068
26.125 79.125 0.32106
26.125 79.375 0.18056
26.125 79.625 -1.035
26.125 79.875 -1.4876
26.125 80.125 -0.51141
26.125 80.375 -0.96344
26.125 80.625 -1.9764
26.125 80.875 -0.46024
26.125 81.125 -0.78749
26.125 81.375 -1.8189
26.125 81.625 -0.86773
26.125 81.875 -0.15132
26.125 82.125 -1.8062
26.125 82.375 -1.5828
26.125 82.625 -1.4183
26.125 82.875 -0.91786
26.125 83.125 -1.6912
26.125 83.375 -2.2407
26.125 83.625 -1.7296
26.125 83.875 0.77998
26.125 84.125 0.82472
26.125 84.375 -1.0411
26.125 84.625 -0.62243
26.125 84.875 -1.2294
26.125 85.125 0.3517
26.125 85.375 -1.8055
26.125 85.625 -1.5032
26.125 85.875 1.1153
26.125 86.125 -0.84995
26.125 86.375 -0.94905
26.125 86.625 -0.15839
26.125 86.875 -1.1142
26.125 87.125 -0.74872
26.125 87.375 -1.1032
26.125 87.625 -1.0231
26.125 87.875 -1.2884
26.125 88.125 -1.3546
26.125 89.375 -0.94098
26.125 89.875 -1.1119
26.125 90.125 -0.62426
26.125 90.375 -0.41039
26.125 90.625 0.071686
26.125 90.875 -1.5043
26.125 91.125 -1.2768
26.125 91.375 -1.1828
26.125 91.625 -2.1657
26.125 91.875 -2.1828
26.125 92.125 -1.3991
26.125 92.375 -1.8766
26.125 92.625 -1.3885
26.125 92.875 -1.3041
26.125 93.125 -2.1498
26.125 93.375 -1.3548
26.125 93.625 -0.38494
26.125 93.875 -1.1198
26.125 94.125 -0.64545
26.125 94.375 -1.2806
26.125 94.625 -1.8748
26.125 94.875 0.24273
26.375 70.375 -1.1
26.375 70.625 -0.99438
26.375 70.875 -0.99929
26.375 71.125 -0.57515
26.375 71.375 -0.37386
26.375 71.625 -0.69964
26.375 71.875 0.074688
26.375 72.125 -0.17048
26.375 72.375 -0.28048
26.375 72.625 -0.81925
26.375 72.875 -1.0894
26.375 73.125 -1.211
26.375 73.375 -1.1461
26.375 73.625 -1.2943
26.375 73.875 -1.5796
26.375 74.125 -0.96584
26.375 74.375 -0.94119
26.375 74.625 -1.5346
26.375 74.875 -0.88624
26.375 75.125 -0.28643
26.375 75.375 -0.70357
26.375 75.625 -1.2367
26.375 75.875 -1.3623
26.375 76.125 -0.86727
26.375 76.375 -0.34041
26.375 76.625 0.21028
26.375 76.875 0.4197
26.375 77.125 0.24616
26.375 77.375 1.4623
26.375 77.625 0.62166
26.375 77.875 -0.97152
26.375 78.125 0.56513
26.375 78.375 0.54283
26.375 78.625 1.5531
26.375 78.875 0.99021
26.375 79.125 0.51339
26.375 79.375 -1.1077
26.375 79.625 -1.275
26.375 79.875 -0.98191
26.375 80.125 0.32154
26.375 80.375 -1.5226
26.375 80.625 -1.7212
26.375 80.875 -1.5494
26.375 81.125 -1.7739
26.375 81.375 -2.0427
26.375 81.625 -1.667
26.375 81.875 -0.71684
26.375 82.125 -1.6959
26.375 82.375 -1.6424
26.375 82.625 -1.2031
26.375 82.875 -1.2762
26.375 83.125 -0.78327
26.375 83.375 -1.7386
26.375 83.625 -0.27636
26.375 83.875 -0.39086
26.375 84.125 -0.16617
26.375 84.375 -0.21482
26.375 84.625 -1.072
26.375 84.875 -1.572
26.375 85.125 -1.6531
26.375 85.375 -1.6794
26.375 85.625 -1.7899
26.375 85.875 -0.39188
26.375 86.125 -1.3501
26.375 86.375 -2.0881
26.375 86.625 -1.8468
26.375 86.875 0.13361
26.375 87.125 0.094523
26.375 87.625 0.17261
26.375 87.875 -1.3115
26.375 88.125 -1.9791
26.375 88.375 -0.2998
26.375 88.875 0.6987
26.375 89.375 -0.33712
26.375 89.625 -0.83018
26.375 89.875 -1.7088
26.375 90.125 -0.59525
26.375 90.375 -0.1902
26.375 90.625 -1.1033
26.375 90.875 -2.0852
26.375 91.125 -1.7902
26.375 91.375 -1.3569
26.375 91.625 -1.5982
26.375 91.875 -1.44
26.375 92.125 -0.73553
26.375 92.375 -1.1141
26.375 92.625 -0.93132
26.375 92.875 -1.9059
26.375 93.125 -1.3104
26.375 93.375 -1.3275
26.375 93.625 -1.1944
26.375 93.875 -1.5977
26.375 94.125 -1.7131
26.375 94.375 0.043887
26.375 94.625 -0.19481
26.375 94.875 0.36913
26.625 69.875 -0.90628
26.625 70.125 -0.99349
26.625 70.375 -0.96179
26.625 70.625 -0.74406
26.625 70.875 -0.74462
26.625 71.125 -0.83451
26.625 71.375 -1.0548
26.625 71.625 -0.78245
26.625 71.875 0.17851
26.625 72.125 -0.2189
26.625 72.375 -0.56001
26.625 72.625 -1.0237
26.625 72.875 -0.75214
26.625 73.125 -0.92737
26.625 73.375 -0.81744
26.625 73.625 -1.0715
26.625 73.875 -1.1923
26.625 74.125 -1.0953
26.625 74.375 -0.50918
26.625 74.625 -0.74657
26.625 74.875 0.64788
26.625 75.125 -1.2762
26.625 75.375 -0.94889
26.625 75.625 -0.58312
26.625 75.875 -1.0597
26.625 76.125 -0.67158
26.625 76.375 -1.2053
26.625 76.625 -0.75666
26.625 76.875 0.24944
26.625 77.125 0.95493
26.625 77.375 1.6453
26.625 77.625 0.3278
26.625 77.875 -2.1561
26.625 78.125 0.40934
26.625 78.375 1.0797
26.625 78.625 -0.042997
26.625 78.875 0.5371
26.625 79.125 -1.4803
26.625 79.375 -0.69548
26.625 79.625 -0.54273
26.625 79.875 -1.0478
26.625 80.125 -1.5608
26.625 80.375 -1.3438
26.625 80.625 -1.7813
26.625 80.875 -1.2311
26.625 81.125 -1.1232
26.625 81.375 -2.0101
26.625 81.625 -0.99717
26.625 81.875 -0.17841
26.625 82.125 -1.8308
26.625 82.375 -1.8415
26.625 82.625 -2.1361
26.625 82.875 -1.6149
26.625 83.125 -0.17248
26.625 83.375 -1.4685
26.625 83.625 -1.1677
26.625 83.875 -1.812
26.625 84.125 -0.41853
26.625 84.375 -0.48035
26.625 84.625 -1.563
26.625 84.875 -1.9879
26.625 85.125 -1.8964
26.625 85.375 -1.4103
26.625 85.625 -1.2926
26.625 86.125 -1.8561
26.625 88.375 2.131
26.625 88.625 0.32684
26.625 88.875 -0.55607
26.625 89.125 -0.07835
26.625 89.375 -0.20698
26.625 89.625 -0.78471
26.625 89.875 -1.6997
26.625 90.125 -1.203
26.625 90.375 -2.1481
26.625 90.625 -2.3786
26.625 90.875 -1.9171
26.625 91.125 -1.4996
26.625 91.375 -1.5122
26.625 91.625 -1.8266
26.625 91.875 -1.1122
26.625 92.125 -1.103
26.625 92.375 -1.8211
26.625 92.625 -1.8923
26.625 92.875 -0.14039
26.625 93.125 -1.8788
26.625 93.375 -1.8126
26.625 93.625 -1.9069
26.625 93.875 -1.7502
26.625 94.125 -1.5758
26.625 94.375 -1.1023
26.625 94.625 -0.93168
26.625 94.875 -0.63395
26.625 95.125 -0.51223
26.875 69.625 -0.87107
26.875 69.875 -0.77667
26.875 70.125 -0.72553
26.875 70.375 -0.94074
26.875 70.625 -0.56976
26.875 70.875 -0.57069
26.875 71.125 -0.67012
26.875 71.375 -1.2183
26.875 71.625 -1.5881
26.875 71.875 -0.76162
26.875 72.125 -0.45878
26.875 72.375 -0.47294
26.875 72.625 -0.65899
26.875 72.875 -0.85896
26.875 73.125 0.2214
26.875 73.375 -0.36138
26.875 73.625 0.13829
26.875 73.875 -0.75167
26.875 74.125 -0.73141
26.875 74.375 -1.405
26.875 74.625 -0.75247
26.875 74.875 1.2348
26.875 75.125 0.61053
26.875 75.375 -0.62056
26.875 75.625 -1.595
26.875 75.875 -0.93165
26.875 76.125 -0.81076
26.875 76.375 -0.77619
26.875 76.625 -1.0106
26.875 76.875 -0.23998
26.875 77.125 0.51482
26.875 77.375 0.6093
26.875 77.625 0.50048
26.875 77.875 -1.2947
26.875 78.125 -1.3172
26.875 78.375 -1.2796
26.875 78.625 -1.7052
26.875 78.875 0.4909
26.875 79.125 -0.91299
26.875 79.375 -0.59467
26.875 79.625 -0.23794
26.875 79.875 -0.69597
26.875 80.125 -1.7723
26.875 80.375 -1.5478
26.875 80.625 -2.1554
26.875 80.875 -0.59178
26.875 81.125 -0.61903
26.875 81.375 -0.14984
26.875 81.625 -1.7403
26.875 81.875 -0.32661
26.875 82.125 0.29939
26.875 82.375 -2.1188
26.875 82.625 -1.5358
26.875 82.875 -0.84636
26.875 83.125 -1.3566
26.875 83.375 -1.8644
26.875 83.625 -1.9263
26.875 83.875 -1.8295
26.875 84.125 -0.59868
26.875 84.375 -2.0517
26.875 84.625 -1.6785
26.875 84.875 -1.7057
26.875 88.375 2.1229
26.875 88.625 -1.6559
26.875 88.875 -0.43109
26.875 92.375 -1.4248
26.875 92.625 -0.54566
26.875 92.875 -0.9656
26.875 93.125 0.67164
26.875 93.375 -1.88
26.875 93.625 -1.1627
26.875 93.875 -2.2157
26.875 94.125 -1.4732
26.875 94.375 -0.96716
26.875 94.625 -1.0848
26.875 94.875 -1.8429
26.875 95.125 -1.4359
26.875 95.375 -1.2962
26.875 95.625 -2.2425
27.125 69.875 -0.5988
27.125 70.125 -0.42727
27.125 70.375 -0.5077
27.125 70.625 -0.38453
27.125 70.875 -0.36061
27.125 71.125 -0.74379
27.125 71.375 -1.2568
27.125 71.625 -1.2609
27.125 71.875 -0.41448
27.125 72.125 -0.18107
27.125 72.375 -0.83022
27.125 72.625 -0.014895
27.125 72.875 -0.48607
27.125 73.125 0.1473
27.125 73.375 -0.17562
27.125 73.625 -0.19745
27.125 73.875 -0.28097
27.125 74.125 0.055895
27.125 74.375 -0.9885
27.125 74.625 -0.79697
27.125 74.875 -0.66905
27.125 75.125 -0.15591
27.125 75.375 -0.71555
27.125 75.625 -0.37957
27.125 75.875 -0.074145
27.125 76.125 -0.79326
27.125 76.375 -1.1551
27.125 76.625 -1.3642
27.125 76.875 -1.1899
27.125 77.125 1.1387
27.125 77.375 0.48085
27.125 77.625 0.16436
27.125 77.875 -0.52011
27.125 78.125 1.0764
27.125 78.375 -0.70273
27.125 78.625 -1.2942
27.125 78.875 -1.0618
27.125 79.125 -1.15
27.125 79.375 -1.2197
27.125 79.625 -0.077934
27.125 79.875 0.7047
27.125 80.125 -0.15858
27.125 80.375 -1.042
27.125 80.625 -1.7009
27.125 80.875 -2.0766
27.125 81.125 -0.70691
27.125 81.375 0.94071
27.125 81.625 -0.34176
27.125 81.875 0.070643
27.125 82.125 -0.68888
27.125 82.375 -1.9133
27.125 82.625 -0.070956
27.125 82.875 -0.79614
27.125 83.125 -1.8674
27.125 83.375 -0.0024467
27.125 83.625 -0.91567
27.125 83.875 -1.0205
27.125 84.125 -1.3014
27.125 84.375 -1.4017
27.125 84.625 -1.4811
27.125 88.125 -0.18495
27.125 88.375 -0.95084
27.125 88.625 -1.37
27.125 92.125 -1.9604
27.125 92.375 -2.2729
27.125 92.625 -1.6958
27.125 92.875 -0.39206
27.125 93.125 -0.16767
27.125 93.375 0.18462
27.125 93.625 -1.1085
27.125 93.875 -0.29563
27.125 94.125 -1.6725
27.125 94.375 -0.83014
27.125 94.625 -1.0385
27.125 94.875 -1.2668
27.125 95.125 -1.9045
27.125 95.375 -2.0463
27.125 95.625 -1.3186
27.125 95.875 -1.495
27.375 70.125 -0.5019
27.375 70.375 -0.51742
27.375 70.625 -0.47614
27.375 70.875 -0.39213
27.375 71.125 -1.1573
27.375 71.375 -1.2364
27.375 71.625 -1.2782
27.375 71.875 -0.39028
27.375 72.125 0.37486
27.375 72.375 0.08576
27.375 72.625 0.021893
27.375 72.875 -0.0048317
27.375 73.125 -0.29447
27.375 73.375 -0.43908
27.375 73.625 -0.080937
27.375 73.875 -0.054094
27.375 74.125 0.18409
27.375 74.375 -0.12561
27.375 74.625 0.5082
27.375 74.875 0.42062
27.375 75.125 -0.84812
27.375 75.375 -0.55612
27.375 75.625 0.20094
27.375 75.875 -0.1319
27.375 76.125 -1.1039
27.375 76.375 -0.65887
27.375 76.625 -1.231
27.375 76.875 1.0261
27.375 77.125 0.3018
27.375 77.375 -1.7757
27.375 77.625 -0.92228
27.375 77.875 -0.075918
27.375 78.125 1.0693
27.375 78.375 -0.54113
27.375 78.625 -0.18609
27.375 78.875 -0.77253
27.375 79.125 -0.84827
27.375 79.375 -0.47956
27.375 79.625 -0.23766
27.375 79.875 -0.9453
27.375 80.125 -1.4045
27.375 80.375 -1.8646
27.375 80.625 -2.1847
27.375 80.875 -1.8913
27.375 81.125 -0.45543
27.375 81.375 0.072817
27.375 81.625 -1.8055
27.375 81.875 -1.327
27.375 82.125 -1.2142
27.375 82.375 -0.9707
27.375 82.625 -0.47856
27.375 82.875 -0.61492
27.375 83.125 -0.69402
27.375 83.625 0.060604
27.375 84.125 -0.34721
27.375 84.375 -1.6148
27.375 88.125 -1.9192
27.375 88.375 -0.081084
27.375 88.625 -1.7446
27.375 92.125 -1.573
27.375 92.375 -1.6745
27.375 92.625 -1.2662
27.375 92.875 -0.87728
27.375 93.125 -1.3624
27.375 93.375 -1.4369
27.375 93.625 -0.18289
27.375 93.875 -1.2087
27.375 94.125 -2.3564
27.375 94.375 -2.0848
27.375 94.625 -1.8001
27.375 94.875 -1.7843
27.375 95.125 -0.90212
27.375 95.375 -1.2635
27.375 95.625 -2.1476
27.375 95.875 -2.0314
27.375 96.125 -1.5905
27.375 96.375 -2.0277
NaN NaN NaN
27.375 96.875 -0.16123
27.625 70.125 -0.52904
27.625 70.375 -0.60666
27.625 70.625 -0.4552
27.625 70.875 -0.74915
27.625 71.125 -0.95669
27.625 71.375 -1.0748
27.625 71.625 -0.79055
27.625 71.875 0.21251
27.625 72.125 0.26739
27.625 72.375 0.17089
27.625 72.625 -0.58938
27.625 72.875 -0.17293
27.625 73.125 -0.37328
27.625 73.375 -0.90178
27.625 73.625 -0.91638
27.625 73.875 1.0597
27.625 74.125 0.031074
27.625 74.375 -0.063286
27.625 74.625 -0.82922
27.625 74.875 -0.6846
27.625 75.125 -0.52461
27.625 75.375 -0.63121
27.625 75.625 -0.99768
27.625 75.875 -1.3776
27.625 76.125 -0.60295
27.625 76.375 -1.3418
27.625 76.625 -1.3658
27.625 76.875 -1.1509
27.625 77.125 -1.5159
27.625 77.375 -1.094
27.625 77.625 -1.8733
27.625 77.875 -0.16691
27.625 78.125 0.77327
27.625 78.375 0.24701
27.625 78.625 -1.3571
27.625 78.875 -0.50308
27.625 79.125 -1.4422
27.625 79.375 -1.8844
27.625 79.625 -0.81949
27.625 79.875 0.98802
27.625 80.125 -0.10518
27.625 80.375 -1.373
27.625 80.625 -2.2958
27.625 80.875 -1.7981
27.625 81.125 -0.59482
27.625 81.375 -0.051938
27.625 81.625 -0.72159
27.625 81.875 -0.82611
27.625 82.125 -1.0874
27.625 82.375 -1.1324
27.625 82.625 -0.3534
27.625 88.375 -1.2752
27.625 88.625 0.31575
27.625 91.625 -2.2961
27.625 91.875 -2.1559
27.625 92.125 -1.0961
27.625 92.375 -0.74927
27.625 92.625 -2.3614
27.625 92.875 -2.3851
27.625 93.125 -1.7243
27.625 93.375 -1.8437
27.625 93.625 -1.8459
27.625 93.875 -2.1774
27.625 94.125 -1.3038
27.625 94.375 -2.118
27.625 94.625 -2.0321
27.625 94.875 -2.0301
27.625 95.125 -2.2859
27.625 95.375 -1.7655
27.625 95.625 -1.8377
27.625 95.875 -2.1648
27.625 96.125 -1.8263
27.625 96.375 -2.1581
27.625 96.625 -1.7698
27.625 96.875 -1.607
27.875 70.375 -0.4957
27.875 71.875 0.0029541
27.875 72.125 -0.21764
27.875 72.375 -0.164
27.875 72.625 -0.075221
27.875 72.875 -0.11122
27.875 73.125 -0.24522
27.875 73.375 -0.17981
27.875 73.625 -1.3146
27.875 73.875 -1.0903
27.875 74.125 -0.37984
27.875 74.375 -1.1407
27.875 74.625 -1.3361
27.875 74.875 -1.3765
27.875 75.125 -1.7388
27.875 75.375 0.085039
27.875 75.625 -1.331
27.875 75.875 -0.99933
27.875 76.125 -1.3335
27.875 76.375 -0.73603
27.875 76.625 -1.0246
27.875 76.875 -1.6909
27.875 77.125 -1.0267
27.875 77.375 -1.7401
27.875 77.625 -1.5433
27.875 77.875 -1.4038
27.875 78.125 -0.75309
27.875 78.375 1.4025
27.875 78.625 0.79216
27.875 78.875 -0.92222
27.875 79.125 -0.4053
27.875 79.375 -1.1946
27.875 79.625 -0.64691
27.875 79.875 0.57561
27.875 80.125 0.32227
27.875 80.375 -1.1597
27.875 80.625 -1.9143
27.875 80.875 -2.1983
27.875 81.125 -1.0949
27.875 81.375 -0.16144
27.875 81.625 0.33833
27.875 88.375 0.63011
27.875 88.625 0.10826
27.875 92.875 -2.3603
27.875 93.125 -2.2252
27.875 93.375 -1.72
27.875 93.625 -1.9232
27.875 93.875 -1.969
27.875 94.125 -2.0642
27.875 94.375 -1.2642
27.875 94.625 -1.6978
27.875 94.875 -1.3043
27.875 95.125 -0.62894
27.875 95.375 -2.2071
27.875 95.625 -2.079
27.875 95.875 -2.3045
27.875 96.125 -2.3741
27.875 96.375 -1.6012
27.875 96.625 -0.66155
NaN NaN NaN
27.875 97.125 -0.28548
28.125 72.125 -0.61549
28.125 72.375 -0.59482
28.125 72.625 -0.27919
28.125 72.875 0.44957
28.125 73.125 0.43396
28.125 73.375 0.14611
28.125 73.625 0.11852
28.125 73.875 0.076488
28.125 74.125 -0.57007
28.125 74.375 -0.75641
28.125 74.625 -1.6352
28.125 74.875 -1.2106
28.125 75.125 -1.8492
28.125 75.375 -0.59555
28.125 75.625 -1.1183
28.125 75.875 -1.549
28.125 76.125 -1.3753
28.125 76.375 -0.36093
28.125 76.625 -0.35914
28.125 76.875 -1.4441
28.125 77.125 -1.8401
28.125 77.375 -1.9447
28.125 77.625 -1.5159
28.125 77.875 -1.4088
28.125 78.125 -1.2751
28.125 78.375 1.4087
28.125 78.625 -1.6597
28.125 78.875 -0.70109
28.125 79.125 -0.22507
28.125 79.375 -1.6511
28.125 79.625 -0.79005
28.125 79.875 1.1012
28.125 80.125 0.32795
28.125 80.375 -0.45788
28.125 80.625 -0.91328
28.125 80.875 -1.6865
28.125 81.125 -1.3287
28.125 81.375 -0.28279
28.125 92.875 -2.1795
28.125 93.125 -2.1443
28.125 93.375 -1.9651
28.125 93.625 -2.0075
28.125 93.875 -2.3675
28.125 94.125 -2.2761
28.125 94.375 -1.8288
28.125 94.625 -1.116
28.125 94.875 -1.3813
28.125 95.125 -1.7803
28.125 95.375 -1.9037
28.125 95.625 -1.6195
28.125 95.875 -2.0992
28.125 96.125 -2.3757
28.125 96.375 -0.21493
NaN NaN NaN
NaN NaN NaN
NaN NaN NaN
28.375 72.375 -0.7644
28.375 72.625 -0.30812
28.375 72.875 -0.15609
28.375 73.125 -0.094678
28.375 73.375 -0.077565
28.375 73.625 -0.47673
28.375 73.875 0.17969
28.375 74.125 -0.077573
28.375 74.375 -0.77887
28.375 74.625 -0.70469
28.375 74.875 -0.43597
28.375 75.125 -0.62403
28.375 75.375 -0.97611
28.375 75.625 -1.5516
28.375 75.875 -1.7069
28.375 76.125 -0.9176
28.375 76.375 -1.3649
28.375 76.625 0.068006
28.375 76.875 0.30508
28.375 77.125 -2.1586
28.375 77.375 -1.9029
28.375 77.625 -1.6724
28.375 77.875 -1.4732
28.375 78.125 0.54721
28.375 78.375 0.70094
28.375 78.625 -1.4086
28.375 78.875 -1.2065
28.375 79.125 -0.6992
28.375 79.375 -0.37286
28.375 79.625 -0.49003
28.375 79.875 -2.1222
28.375 80.125 -0.089321
28.375 80.375 -0.6104
28.375 80.625 -1.0478
28.375 80.875 -0.18641
28.375 81.125 -0.21523
28.375 93.375 -2.1683
28.375 93.625 -2.0823
28.375 93.875 -2.1833
28.375 94.125 -1.749
28.375 94.375 -1.4865
28.375 94.625 -1.4179
28.375 94.875 -0.74238
28.375 95.125 -1.4683
28.375 95.375 -0.51588
28.375 95.625 -1.8816
28.375 95.875 -1.972
28.375 96.125 -1.9931
NaN NaN NaN
28.625 72.375 -0.75497
28.625 72.625 -0.22708
28.625 72.875 -0.17623
28.625 73.125 0.081861
28.625 73.375 -0.1264
28.625 73.625 -0.42406
28.625 73.875 -0.40973
28.625 74.125 -0.27273
28.625 74.375 -0.28536
28.625 74.625 -0.68757
28.625 74.875 -0.60485
28.625 75.125 -0.83899
28.625 75.375 -0.60029
28.625 75.625 -1.1117
28.625 75.875 -1.2218
28.625 76.125 -0.96166
28.625 76.375 -1.2286
28.625 76.625 -0.84993
28.625 76.875 -0.66316
28.625 77.125 -1.0877
28.625 77.375 -1.504
28.625 77.625 -1.4017
28.625 77.875 -1.7758
28.625 78.125 -0.723
28.625 78.375 0.48934
28.625 78.625 -1.7991
28.625 78.875 -0.48434
28.625 79.125 0.43531
28.625 79.375 -0.34219
28.625 79.625 -0.33343
28.625 79.875 -1.9692
28.625 80.125 0.19032
28.625 80.375 -0.30097
28.625 80.625 -0.8165
28.625 93.625 -1.4487
28.625 93.875 0.73164
28.625 94.125 -0.46922
28.625 94.375 -2.0675
28.625 94.625 -0.99069
28.625 94.875 -1.5438
28.625 95.125 -1.9615
28.625 95.375 -1.878
28.625 95.625 -0.97693
28.625 95.875 -1.5245
28.625 96.125 -1.2702
NaN NaN NaN
28.875 72.875 -0.69514
28.875 73.125 -0.016964
28.875 73.375 -0.63076
28.875 73.625 -0.22201
28.875 73.875 -1.261
28.875 74.125 -0.95754
28.875 74.375 -1.1826
28.875 74.625 -0.63898
28.875 74.875 -1.4791
28.875 75.125 -1.017
28.875 75.375 -1.4282
28.875 75.625 -1.1482
28.875 75.875 -1.0512
28.875 76.125 -1.2224
28.875 76.375 -0.8406
28.875 76.625 -0.96532
28.875 76.875 -0.69646
28.875 77.125 -1.6285
28.875 77.375 -0.76353
28.875 77.625 -0.9553
28.875 77.875 -0.33061
28.875 78.125 -0.8613
28.875 78.375 -0.51473
28.875 78.625 -1.0904
28.875 78.875 -1.5597
28.875 79.125 -1.642
28.875 79.375 0.98621
28.875 79.625 -2.0057
28.875 79.875 -2.0035
28.875 94.125 -0.7073
28.875 94.375 -0.55338
28.875 94.625 -1.144
28.875 94.875 0.73904
28.875 95.125 -1.7606
28.875 95.375 -1.8977
28.875 95.625 -1.4445
28.875 95.875 -1.5493
28.875 96.125 -1.8537
NaN NaN NaN
29.125 73.125 0.075615
29.125 73.375 -0.41921
29.125 73.625 -0.36487
29.125 73.875 -0.31653
29.125 74.125 -0.9557
29.125 74.375 -1.1037
29.125 74.625 -1.0304
29.125 74.875 -1.2466
29.125 75.125 -1.7335
29.125 75.375 -0.79676
29.125 75.625 -1.0579
29.125 75.875 -1.4578
29.125 76.125 -1.4836
29.125 76.375 -1.573
29.125 76.625 -1.2572
29.125 76.875 -1.2623
29.125 77.125 -1.6604
29.125 77.375 -1.5485
29.125 77.625 0.14352
29.125 77.875 0.36898
29.125 78.125 -0.1999
29.125 78.375 -0.32009
29.125 78.625 -1.8089
29.125 78.875 -0.18908
29.125 79.125 -1.9882
29.125 79.375 -1.7705
29.125 79.625 -0.060238
29.125 79.875 -0.16036
29.125 80.125 0.15843
29.125 94.375 -0.42307
29.125 94.625 -0.74143
29.125 94.875 -0.29499
29.125 95.625 -0.59353
29.125 95.875 -0.13425
29.125 96.125 -1.7606
29.375 73.375 0.29518
29.375 73.625 -1.1477
29.375 73.875 -0.83886
29.375 74.125 -1.2683
29.375 74.375 -1.5006
29.375 74.625 -1.5079
29.375 74.875 -0.69063
29.375 75.125 -0.80315
29.375 75.375 -0.58342
29.375 75.625 -1.0633
29.375 75.875 -1.4759
29.375 76.125 -1.4196
29.375 76.375 -1.8119
29.375 76.625 -1.5875
29.375 76.875 -1.3748
29.375 77.125 -1.8441
29.375 77.375 -1.814
29.375 77.625 0.63344
29.375 77.875 0.51141
29.375 78.125 -0.80703
29.375 78.375 -0.65235
29.375 78.625 -1.8191
29.375 78.875 0.18718
29.375 79.125 0.16203
29.375 79.375 -1.9142
29.375 79.625 -1.8381
29.375 79.875 -1.7111
29.375 80.125 -1.6621
NaN NaN NaN
29.625 73.375 0.0401
29.625 73.625 -0.10295
29.625 73.875 -2.2581
29.625 74.125 -1.4392
29.625 74.375 -1.1594
29.625 74.625 -1.5869
29.625 74.875 -0.78467
29.625 75.125 -0.74798
29.625 75.375 -1.0472
29.625 75.625 -0.6724
29.625 75.875 -1.313
29.625 76.125 -1.2387
29.625 76.375 -1.7674
29.625 76.625 -0.89998
29.625 76.875 -1.2924
29.625 77.125 -1.8242
29.625 77.375 -1.9801
29.625 77.625 -2.0253
29.625 77.875 -0.20369
29.625 78.125 -1.1045
29.625 78.375 -2.0143
29.625 78.625 -2.2258
29.625 78.875 -0.87716
29.625 79.125 -0.44648
29.625 79.375 0.80329
29.625 79.625 0.19212
29.625 79.875 -0.53248
29.625 80.125 -1.4198
29.875 73.625 -0.78192
29.875 73.875 -1.4216
29.875 74.125 -0.99069
29.875 74.375 -1.6133
29.875 74.625 -2.0289
29.875 74.875 -2.1876
29.875 75.125 -1.3723
29.875 75.375 -0.70605
29.875 75.625 -0.55038
29.875 75.875 -1.7108
29.875 76.125 -1.8315
29.875 76.375 -1.9863
29.875 76.625 -1.6066
29.875 76.875 -2.1589
29.875 77.125 -1.9309
29.875 77.375 -1.8966
29.875 77.625 -2.0825
29.875 77.875 -1.9741
29.875 78.125 -2.2266
29.875 78.375 -0.09932
29.875 78.625 -1.0172
29.875 78.875 0.64676
29.875 79.125 -1.0706
29.875 79.375 -0.17236
29.875 79.625 -0.46476
29.875 79.875 -0.11535
29.875 80.125 -1.0129
29.875 80.375 -0.0087267
30.125 74.125 -1.5046
30.125 74.375 -1.8859
30.125 74.625 -2.1687
30.125 74.875 -2.1359
30.125 75.125 -1.3253
30.125 75.375 -0.44169
30.125 75.625 -1.81
30.125 75.875 -2.0859
30.125 76.125 -1.8023
30.125 76.375 -1.6788
30.125 76.625 -2.2831
30.125 76.875 -2.1568
30.125 77.125 -1.6511
30.125 77.375 -2.1
30.125 77.625 -1.9573
30.125 77.875 -1.979
30.125 78.125 -2.2788
30.125 78.375 1.4616
30.125 78.625 0.22968
30.125 78.875 1.9162
30.125 79.125 1.1421
30.125 79.375 0.41204
30.125 79.625 0.67785
30.125 79.875 0.10917
30.125 80.125 0.067886
30.125 80.375 0.16871
30.125 80.625 -0.19158
30.375 74.125 -0.0021898
30.375 74.375 -0.43941
30.375 74.625 -1.3841
30.375 74.875 -1.4946
30.375 75.125 -2.2307
30.375 75.375 -1.6379
30.375 75.625 -1.62
30.375 75.875 -2.1594
30.375 76.125 -2.3047
30.375 76.375 -1.8665
30.375 76.625 -2.3267
30.375 76.875 -2.1133
30.375 77.125 -1.5319
30.375 77.375 -1.4397
30.375 77.625 -0.95952
30.375 77.875 -1.9334
30.375 78.125 -2.2994
30.375 78.375 -2.3082
30.375 78.625 -2.1951
30.375 78.875 0.84622
30.375 79.125 -0.12122
30.375 79.375 -0.29142
30.375 79.625 0.71275
30.375 79.875 0.21981
30.375 80.125 -0.18202
30.375 80.375 -0.46677
30.375 80.625 -1.1435
30.625 74.375 -0.73069
30.625 74.625 -0.87628
30.625 74.875 -1.0691
30.625 75.125 -0.66465
30.625 75.375 -2.3629
30.625 75.625 -2.241
30.625 75.875 -2.3241
30.625 76.125 -2.2707
30.625 76.375 -2.2114
30.625 76.625 -1.9934
30.625 76.875 -1.6998
30.625 77.125 -1.2366
30.625 77.375 -1.2078
30.625 77.625 -0.77332
30.625 77.875 0.21682
30.625 78.125 -0.30321
30.625 78.375 -0.83856
30.625 78.625 -0.64372
30.625 78.875 0.25618
30.625 79.125 0.69325
30.625 79.375 -1.4578
30.625 79.625 1.5143
30.625 79.875 1.3808
30.625 80.125 0.7017
30.875 74.625 -1.4207
30.875 74.875 -1.6421
30.875 75.125 -1.6125
30.875 75.375 -1.4468
30.875 75.625 -1.9325
30.875 75.875 -1.7644
30.875 76.125 -2.0586
30.875 76.375 -1.0257
30.875 76.625 -0.67437
30.875 76.875 -1.571
30.875 77.125 0.66454
30.875 77.375 -0.069439
30.875 77.625 0.15472
30.875 77.875 0.74097
30.875 78.125 0.44625
30.875 78.375 0.29615
30.875 78.625 -0.77346
30.875 78.875 -1.0791
30.875 79.125 0.21365
30.875 79.375 -0.49966
30.875 79.625 -1.9465
30.875 79.875 0.11331
31.125 74.875 -1.977
31.125 75.125 -1.5822
31.125 75.375 -2.1673
31.125 75.625 -2.2661
31.125 75.875 -1.5408
31.125 76.125 -1.1994
31.125 76.375 -1.0182
31.125 76.625 -1.0887
31.125 76.875 -1.665
31.125 77.125 -0.96284
31.125 77.375 -0.13031
31.125 77.625 0.85591
31.125 77.875 0.24704
31.125 78.125 0.61218
31.125 78.375 0.67834
31.125 78.625 -0.26699
31.125 78.875 0.95255
31.125 79.125 1.3109
31.375 74.875 -0.79602
31.375 75.125 -1.3664
31.375 75.375 -1.7739
31.375 75.625 -1.6461
31.375 75.875 -0.19721
31.375 76.125 -1.7171
31.375 76.375 -1.442
31.375 76.625 -1.4143
31.375 76.875 -2.0331
31.375 77.125 -1.2552
31.375 77.375 1.2724
31.375 77.625 0.33882
31.375 77.875 0.89186
31.375 78.125 1.175
31.375 78.375 1.6848
31.375 78.625 2.1789
31.625 74.875 0.30291
31.625 75.125 -0.39311
31.625 75.375 -0.54517
31.625 75.625 -0.66098
31.625 75.875 -1.7365
31.625 76.125 -1.5987
31.625 76.375 -1.8095
31.625 76.625 -1.7865
31.625 76.875 -1.7162
31.625 77.125 -1.4512
31.625 77.375 1.6394
31.625 77.625 1.5799
31.625 77.875 1.6067
31.625 78.125 1.9982
31.625 78.375 2.0479
31.625 78.625 1.6098
31.875 74.875 1.1306
31.875 75.125 1.1683
31.875 75.375 -0.089508
31.875 75.625 -0.875
31.875 75.875 -0.95598
31.875 76.125 -1.5967
31.875 76.375 -1.7425
31.875 76.625 -1.9147
31.875 76.875 -0.6124
31.875 77.125 -0.5158
31.875 77.375 0.84006
31.875 77.625 1.2505
31.875 77.875 0.97833
31.875 78.125 1.2801
31.875 78.375 1.3766
31.875 78.625 1.8202
32.125 75.375 1.1791
32.125 75.625 -0.63288
32.125 75.875 -1.0213
32.125 76.125 -1.9489
32.125 76.375 -1.9352
32.125 76.625 -0.46026
32.125 76.875 -0.086391
32.125 77.125 0.39897
32.125 77.375 -0.19027
32.125 77.625 -1.4753
32.125 77.875 1.2642
32.125 78.125 1.2674
32.125 78.375 0.15186
32.375 75.375 0.76338
32.375 75.625 -0.37032
32.375 75.875 -1.1499
32.375 76.125 -1.4336
32.375 76.375 -0.61457
32.375 76.625 -0.76949
32.375 76.875 0.53112
32.375 77.125 -0.11684
32.375 77.375 0.07403
32.375 77.625 0.39527
32.375 77.875 0.46674
32.375 78.125 1.2111
32.375 78.375 0.7822
32.625 74.875 0.29026
32.625 75.125 -0.3744
32.625 75.375 -0.22639
32.625 75.625 -0.043685
32.625 75.875 -0.43603
32.625 76.125 -0.036019
32.625 76.375 -1.73
32.625 76.625 0.015498
32.625 76.875 1.5248
32.625 77.125 0.54677
32.625 77.375 1.0373
32.625 77.625 1.3478
32.625 77.875 0.58874
32.625 78.125 0.69182
32.625 78.375 1.1877
32.625 78.625 0.55295
32.625 78.875 1.4946
32.625 79.125 1.1936
32.625 79.375 1.6796
32.875 74.375 0.085964
32.875 74.625 -0.010344
32.875 74.875 1.3773
32.875 75.125 1.2792
32.875 75.375 0.61541
32.875 75.625 -0.55576
32.875 75.875 0.073415
32.875 76.125 0.55973
32.875 76.375 1.137
32.875 76.625 1.2495
32.875 76.875 1.7331
32.875 77.125 1.467
32.875 77.375 1.3081
32.875 77.625 1.1459
32.875 77.875 0.36061
32.875 78.125 0.48057
32.875 78.375 0.72683
32.875 78.625 0.69345
32.875 78.875 1.2702
32.875 79.125 1.4697
32.875 79.375 1.2356
33.125 73.875 0.95865
33.125 74.125 0.71403
33.125 74.375 0.86685
33.125 74.625 1.2414
33.125 74.875 2.0367
33.125 75.125 1.8454
33.125 75.375 1.0817
33.125 75.625 0.93206
33.125 75.875 0.71967
33.125 76.125 1.1932
33.125 76.375 0.01969
33.125 76.625 0.78582
33.125 76.875 0.74358
33.125 77.125 1.5149
33.125 77.375 -0.46266
33.125 77.625 -0.3421
33.125 77.875 -1.6114
33.125 78.125 -0.46479
33.125 78.375 -0.75396
33.125 78.625 1.1849
33.125 78.875 1.0491
33.125 79.125 1.3074
33.375 73.875 1.5444
33.375 74.125 1.7679
33.375 74.375 1.8072
33.375 74.625 0.81427
33.375 74.875 0.76596
33.375 75.125 0.8152
33.375 75.375 1.0378
33.375 75.625 0.87228
33.375 75.875 1.0647
33.375 76.125 0.77747
33.375 76.375 1.1686
33.375 76.625 0.7034
33.375 76.875 1.4881
33.375 77.125 1.482
33.375 77.375 2.0811
33.375 77.625 0.44782
33.375 77.875 -0.61997
33.375 78.125 1.9037
33.375 78.375 1.8735
33.375 78.625 1.0453
33.375 78.875 1.1476
33.625 73.875 0.24653
33.625 74.125 1.7712
33.625 74.375 0.86914
33.625 74.625 -0.58751
33.625 74.875 -0.55552
33.625 75.125 1.2134
33.625 75.375 0.67757
33.625 75.625 0.66618
33.625 75.875 -0.032418
33.625 76.125 -0.38583
33.625 76.375 0.21479
33.625 76.625 -0.63296
33.625 76.875 0.16613
33.625 77.125 1.0969
33.625 77.375 1.8802
33.625 77.625 1.5117
33.625 77.875 1.7853
33.625 78.125 1.8538
33.625 78.375 1.4453
33.625 78.625 0.64221
33.625 78.875 -0.90654
33.875 73.875 -0.38065
33.875 74.125 0.9806
33.875 74.375 0.85366
33.875 74.625 1.1466
33.875 74.875 1.0945
33.875 75.125 1.4752
33.875 75.375 1.2927
33.875 75.625 0.14395
33.875 75.875 -1.013
33.875 76.125 0.96545
33.875 76.375 0.63216
33.875 76.625 -0.88332
33.875 76.875 0.60403
33.875 77.125 1.2464
33.875 77.375 1.2805
33.875 77.625 0.84381
33.875 77.875 1.2398
33.875 78.125 1.7162
33.875 78.375 1.1803
33.875 78.625 -0.013443
33.875 78.875 -0.082617
34.125 73.625 1.3739
34.125 73.875 1.3795
34.125 74.125 1.2226
34.125 74.375 1.1072
34.125 74.625 1.2608
34.125 74.875 0.03807
34.125 75.125 1.9694
34.125 75.375 0.55833
34.125 75.625 -0.54086
34.125 75.875 0.80803
34.125 76.125 1.5209
34.125 76.375 -0.25625
34.125 76.625 1.8186
34.125 76.875 1.1988
34.125 77.125 0.030437
34.125 77.375 0.21627
34.125 77.625 0.69781
34.125 77.875 1.1137
34.125 78.125 1.3981
34.125 78.375 2.086
34.125 78.625 0.5297
34.125 78.875 1.7361
34.125 79.125 -0.12727
34.125 79.375 1.3303
34.375 73.625 1.6846
34.375 73.875 0.092501
34.375 74.125 -0.85692
34.375 74.375 1.9478
34.375 74.625 1.1887
34.375 74.875 1.4452
34.375 75.125 0.74575
34.375 75.375 -0.14232
34.375 75.625 0.22553
34.375 75.875 1.7253
34.375 76.125 -0.55603
34.375 76.375 1.7028
34.375 76.625 0.7535
34.375 76.875 0.69573
34.375 77.125 0.88492
34.375 77.375 0.73339
34.375 77.625 0.65822
34.375 77.875 1.4088
34.375 78.125 0.98045
34.375 78.375 1.3895
34.375 78.625 1.6933
34.375 78.875 -0.21846
34.375 79.125 -0.1003
34.375 79.375 -1.3696
34.625 73.875 -0.41645
34.625 74.125 0.3795
34.625 74.375 0.50761
34.625 74.625 0.49866
34.625 74.875 -0.0089106
34.625 75.125 0.85514
34.625 75.375 -0.14796
34.625 75.625 -0.62188
34.625 75.875 -0.50704
34.625 76.125 0.19467
34.625 76.375 0.27355
34.625 76.625 1.4718
34.625 76.875 1.1486
34.625 77.125 2.0907
34.625 77.375 -1.0951
34.625 77.625 1.3266
34.625 77.875 0.88509
34.625 78.125 0.8388
34.625 78.375 1.0932
34.625 78.625 1.3594
34.625 78.875 0.51806
34.625 79.125 0.51538
34.625 79.375 0.24645
34.625 79.625 0.41707
34.875 74.125 1.9101
34.875 74.375 1.0029
34.875 74.625 -0.31332
34.875 74.875 0.19739
34.875 75.125 0.2491
34.875 75.375 -0.54132
34.875 75.625 1.271
34.875 75.875 -0.13
34.875 76.125 -1.0902
34.875 76.375 -0.42116
34.875 76.625 -0.42154
34.875 76.875 -0.12368
34.875 77.125 -1.0388
34.875 77.375 -0.93122
34.875 77.625 0.89799
34.875 77.875 1.4389
34.875 78.125 1.5526
34.875 78.375 2.029
34.875 78.625 0.12331
34.875 78.875 0.17507
34.875 79.125 0.72391
34.875 79.375 1.1252
34.875 79.625 1.2912
34.875 79.875 0.81995
35.125 74.375 2.1867
35.125 74.625 -1.0482
35.125 74.875 -0.1221
35.125 75.125 -0.5397
35.125 75.375 1.1889
35.125 75.625 1.6798
35.125 75.875 2.3259
35.125 76.125 -0.79054
35.125 76.375 1.5947
35.125 76.625 -0.50729
35.125 76.875 0.79155
35.125 77.125 1.1417
35.125 77.375 0.92275
35.125 77.625 -1.0743
35.125 77.875 1.363
35.125 78.125 -0.65167
35.125 78.375 -0.91463
35.125 78.625 0.32153
35.125 78.875 0.37591
35.125 79.125 1.0071
35.125 79.375 0.080464
35.125 79.625 -0.47508
35.125 79.875 -0.60303
35.375 73.875 2.0914
35.375 74.125 2.1385
35.375 74.375 2.2757
35.375 74.625 2.0543
35.375 74.875 1.853
35.375 75.125 -0.12127
35.375 75.375 2.1443
35.375 75.625 2.3567
35.375 75.875 2.2388
35.375 76.125 2.3736
35.375 76.375 0.83659
35.375 76.625 1.9146
35.375 76.875 1.5161
35.375 77.125 1.2881
35.375 77.375 -1.371
35.375 77.625 -0.85582
35.375 77.875 -0.87853
35.375 78.125 -1.406
35.375 78.375 0.40815
35.375 78.625 0.27054
35.375 78.875 0.062142
35.375 79.125 1.0466
35.375 79.375 0.39252
35.375 79.625 0.30281
35.375 79.875 -0.18547
NaN NaN NaN
35.625 73.375 -0.87407
35.625 73.625 1.4516
35.625 73.875 -1.1765
35.625 74.125 2.0642
35.625 74.375 -0.9794
35.625 74.625 1.8687
35.625 74.875 1.9748
35.625 75.125 -1.7369
35.625 75.375 2.3795
35.625 75.625 2.2629
35.625 75.875 2.1991
35.625 76.125 2.4412
35.625 76.375 2.4107
35.625 76.625 -1.3008
35.625 76.875 -1.3113
35.625 77.125 0.81328
35.625 78.375 -0.6309
35.625 78.625 -0.46674
35.625 78.875 -0.21604
35.625 79.125 0.22169
35.625 79.375 0.2184
35.625 79.625 0.16908
35.625 79.875 1.4123
35.625 80.125 2.1384
35.875 73.125 -1.375
35.875 73.375 -0.9461
35.875 73.625 -1.8074
35.875 73.875 -2.1811
35.875 74.125 -1.7657
35.875 74.375 -1.639
35.875 74.625 1.0475
35.875 74.875 -1.3759
35.875 75.125 0.080256
35.875 75.375 0.20562
35.875 75.625 2.0435
35.875 75.875 1.8785
35.875 76.125 2.1384
35.875 76.375 0.70371
35.875 76.625 -0.044896
35.875 79.375 2.199
36.125 72.625 0.32523
36.125 72.875 0.65988
36.125 73.125 -1.2088
36.125 73.375 -1.0193
36.125 73.625 -0.87998
36.125 73.875 -0.35115
36.125 74.125 -1.3372
36.125 74.375 -1.4455
36.125 74.625 -1.9091
36.125 74.875 2.4257
36.125 75.125 -0.07656
36.125 75.375 0.29838
36.125 75.625 1.106
36.125 75.875 -1.6835
36.125 76.125 -1.2574
36.125 76.375 2.438
36.125 76.625 -1.3056
36.375 73.125 -1.7158
36.375 73.375 -1.8039
36.375 73.625 -0.40037
36.375 73.875 -0.15381
36.375 74.125 -0.61252
36.375 74.375 -1.4205
36.375 74.625 -1.6965
36.375 74.875 -1.985
36.375 75.125 2.4191
36.375 75.375 -2.0291
36.375 75.625 -1.2066
36.375 75.875 0.1447
36.375 76.125 2.2611
36.625 73.375 -0.73581
36.625 73.625 -1.4595
36.625 73.875 -0.53276
36.625 74.125 -0.54877
36.625 74.375 -2.1848
36.625 74.625 0.27652
36.625 74.875 -0.78393
36.625 75.125 -2.3098
36.625 75.375 -2.363
36.625 75.625 -2.3707
36.875 73.875 1.3761
36.875 74.375 1.3745
36.875 74.625 1.0467
36.875 74.875 1.3425
36.875 75.125 -1.8917
36.875 75.375 -2.1765
