8.125 77.375 0.61512
8.375 77.125 -1.1197
8.375 77.375 0.19522
8.375 77.625 0.83797
8.375 77.875 0.58443
8.625 76.875 -0.55105
8.625 77.125 -0.36189
8.625 77.375 -0.316
8.625 77.625 -0.41147
8.625 77.875 0.76561
8.875 76.875 -0.42175
8.875 77.125 -0.11593
8.875 77.375 -0.34161
8.875 77.625 -0.54004
8.875 77.875 -0.81808
9.125 76.625 0.3662
9.125 76.875 -0.20986
9.125 77.125 -0.53297
9.125 77.375 -0.57371
9.125 77.625 -0.58789
9.125 77.875 -0.35989
9.125 78.125 -0.038006
9.125 78.375 -0.89934
9.375 76.625 0.2045
9.375 76.875 -0.040415
9.375 77.125 -0.77478
9.375 77.375 -0.56281
9.375 77.625 -0.56572
9.375 77.875 -0.32393
9.375 78.125 -0.40974
9.375 78.375 -0.35938
9.375 78.625 -0.50715
9.375 78.875 0.39846
9.625 76.375 0.10744
9.625 76.625 0.18399
9.625 76.875 0.071725
9.625 77.125 -0.49493
9.625 77.375 -0.66251
9.625 77.625 -1.0449
9.625 77.875 0.14422
9.625 78.125 -0.71978
9.625 78.375 -0.4675
9.625 78.625 -0.32354
9.875 76.625 -0.25341
9.875 76.875 -0.16562
9.875 77.125 -0.58284
9.875 77.375 -0.9383
9.875 77.625 -0.61585
9.875 77.875 -0.6195
9.875 78.125 -1.1882
9.875 78.375 -0.15036
9.875 78.625 -0.19959
9.875 78.875 -0.93633
10.125 76.375 -0.70136
10.125 76.625 0.26795
10.125 76.875 1.2007
10.125 77.125 -1.302
10.125 77.375 -1.6133
10.125 77.625 -0.61753
10.125 77.875 -0.26724
10.125 78.125 -0.5616
10.125 78.375 0.23059
10.125 78.625 -0.98047
10.125 78.875 -0.53883
10.125 79.125 -0.31863
10.375 76.375 -1.042
10.375 76.625 -0.69081
10.375 76.875 0.14148
10.375 77.125 -0.33462
10.375 77.375 -0.57239
10.375 77.625 -0.34345
10.375 77.875 -0.97132
10.375 78.125 -0.35565
10.375 78.375 -0.61045
10.375 78.625 -0.49899
10.375 78.875 -0.62651
10.375 79.125 -0.55203
10.375 79.375 0.50178
10.375 79.625 -0.56683
10.625 76.125 -0.19108
10.625 76.375 -0.28238
10.625 76.625 -1.3344
10.625 76.875 -0.77944
10.625 77.125 -0.68407
10.625 77.375 -0.99995
10.625 77.625 -0.71017
10.625 77.875 -0.57419
10.625 78.125 -0.95795
10.625 78.375 -1.1211
10.625 78.625 -0.84131
10.625 78.875 -0.84879
10.625 79.125 0.6553
10.625 79.375 -0.032796
10.625 79.625 0.47673
10.875 76.125 0.1327
10.875 76.375 0.43165
10.875 76.625 -0.57629
10.875 76.875 -0.89723
10.875 77.125 -0.34593
10.875 77.375 -0.55183
10.875 77.625 -1.034
10.875 77.875 -1.1879
10.875 78.125 -1.5217
10.875 78.375 -0.48066
10.875 78.625 0.11528
10.875 78.875 0.17144
10.875 79.125 -0.94714
10.875 79.375 -0.93119
10.875 79.625 0.25491
11.125 76.125 -1.2141
11.125 76.375 -0.7385
11.125 76.625 2.6924
11.125 76.875 -1.3646
11.125 77.125 -0.27329
11.125 77.375 -0.35083
11.125 77.625 -0.65062
11.125 77.875 -0.77999
11.125 78.125 -1.7652
11.125 78.375 -0.043553
11.125 78.625 0.31173
11.125 78.875 0.35026
11.125 79.125 -0.018854
11.125 79.375 -0.12426
11.125 79.625 -0.23988
11.375 75.875 -0.4353
11.375 76.125 -0.19048
11.375 76.375 -0.73096
11.375 76.625 -0.20434
11.375 76.875 1.0491
11.375 77.125 -0.60027
11.375 77.375 -1.0634
11.375 77.625 -0.65064
11.375 77.875 -0.11108
11.375 78.125 -0.65229
11.375 78.375 -0.85676
11.375 78.625 -1.006
11.375 78.875 -0.2711
11.375 79.125 -0.34257
11.375 79.375 -0.61222
11.375 79.625 -0.71307
11.625 75.875 -0.65923
11.625 76.125 0.027712
11.625 76.375 -0.89788
11.625 76.625 0.17434
11.625 76.875 -1.5885
11.625 77.125 -1.6003
11.625 77.375 -0.48303
11.625 77.625 -1.0064
11.625 77.875 -1.1163
11.625 78.125 -0.7827
11.625 78.375 -0.91012
11.625 78.625 -0.57071
11.625 78.875 -0.37983
11.625 79.125 -0.089309
11.625 79.375 -0.56414
11.625 79.625 -0.32035
11.875 75.625 1.337
11.875 75.875 -0.8747
11.875 76.125 -1.191
11.875 76.375 -1.0089
11.875 76.625 -0.45888
11.875 76.875 -1.5008
11.875 77.125 -0.44002
11.875 77.375 -1.182
11.875 77.625 -0.9982
11.875 77.875 -0.9877
11.875 78.125 -0.7851
11.875 78.375 -0.83613
11.875 78.625 -0.97333
11.875 78.875 -1.0183
11.875 79.125 -0.55031
11.875 79.375 -0.70552
11.875 79.625 -0.37035
12.125 75.375 -2.2217
12.125 75.625 -0.16414
12.125 75.875 0.89321
12.125 76.125 -1.3133
12.125 76.375 -1.0612
12.125 76.625 -0.87065
12.125 76.875 -1.3052
12.125 77.125 -0.73266
12.125 77.375 -0.74421
12.125 77.625 -1.1688
12.125 77.875 -1.3718
12.125 78.125 -0.57093
12.125 78.375 -0.25845
12.125 78.625 -1.1766
12.125 78.875 -2.0161
12.125 79.125 -0.34417
12.125 79.375 -0.072518
12.125 79.625 -0.1911
12.375 75.125 -1.157
12.375 75.375 -1.3744
12.375 75.625 -0.61448
12.375 75.875 -0.16735
12.375 76.125 -0.94881
12.375 76.375 -0.4726
12.375 76.625 1.0745
12.375 76.875 -1.263
12.375 77.125 -1.9776
12.375 77.375 -1.0015
12.375 77.625 -0.71819
12.375 77.875 -0.78259
12.375 78.125 -1.0894
12.375 78.375 -0.8229
12.375 78.625 -0.95102
12.375 78.875 -1.368
12.375 79.125 -1.109
12.375 79.375 -1.0568
12.375 79.625 -0.78224
12.375 79.875 -1.0469
12.625 75.125 -2.0365
12.625 75.375 -1.6016
12.625 75.625 -2.1585
12.625 75.875 -1.0314
12.625 76.125 -1.005
12.625 76.375 0.43523
12.625 76.625 0.62442
12.625 76.875 -0.93237
12.625 77.125 -1.6069
12.625 77.375 -1.1047
12.625 77.625 -0.21731
12.625 77.875 -0.94204
12.625 78.125 -1.2027
12.625 78.375 -0.16693
12.625 78.625 -0.42072
12.625 78.875 -0.94105
12.625 79.125 -0.61172
12.625 79.375 -1.3361
12.625 79.625 -1.0731
12.625 79.875 -2.3702
12.875 75.125 -1.3729
12.875 75.375 0.16318
12.875 75.625 -3.5948
12.875 75.875 -0.87489
12.875 76.125 -1.0203
12.875 76.375 1.1959
12.875 76.625 -0.25057
12.875 76.875 -1.5062
12.875 77.125 -0.92616
12.875 77.375 -0.33357
12.875 77.625 -0.89749
12.875 77.875 -1.3081
12.875 78.125 -1.2826
12.875 78.375 -1.5975
12.875 78.625 -1.4591
12.875 78.875 -1.5928
12.875 79.125 -0.63116
12.875 79.375 -0.63064
12.875 79.625 -0.092653
12.875 79.875 -0.0776
13.125 74.875 0.28919
13.125 75.125 -1.716
13.125 75.375 -0.55788
13.125 75.625 -0.23985
13.125 75.875 -1.0019
13.125 76.125 -0.31466
13.125 76.375 -0.67814
13.125 76.625 -0.33908
13.125 76.875 -1.1121
13.125 77.125 -0.53823
13.125 77.375 -0.64125
13.125 77.625 -1.0342
13.125 77.875 -1.1218
13.125 78.125 -1.4223
13.125 78.375 -1.8696
13.125 78.625 -1.7668
13.125 78.875 -1.2881
13.125 79.125 -0.46368
13.125 79.375 -0.9563
13.125 79.625 0.29838
13.125 79.875 -0.63714
13.125 80.125 -1.1833
13.375 74.875 1.263
13.375 75.125 -1.187
13.375 75.375 -0.92065
13.375 75.625 -1.0591
13.375 75.875 -0.91202
13.375 76.125 0.1554
13.375 76.375 -0.052327
13.375 76.625 -0.52958
13.375 76.875 -0.56183
13.375 77.125 0.12142
13.375 77.375 -1.3588
13.375 77.625 -0.70415
13.375 77.875 -0.70099
13.375 78.125 -1.6101
13.375 78.375 -1.5763
13.375 78.625 -1.3267
13.375 78.875 -1.5215
13.375 79.125 -1.3004
13.375 79.375 -1.7187
13.375 79.625 -0.58351
13.375 79.875 -0.72343
13.375 80.125 -1.1699
13.625 74.875 -2.0631
13.625 75.125 -0.24566
13.625 75.375 -1.4292
13.625 75.625 -1.0637
13.625 75.875 -0.51331
13.625 76.125 -0.68694
13.625 76.375 -0.95823
13.625 76.625 -1.1621
13.625 76.875 -1.2328
13.625 77.125 -0.68617
13.625 77.375 -1.4492
13.625 77.625 -0.30858
13.625 77.875 -0.43905
13.625 78.125 -1.7072
13.625 78.375 -1.6755
13.625 78.625 -1.6097
13.625 78.875 -1.2391
13.625 79.125 -1.1979
13.625 79.375 -1.4378
13.625 79.625 -1.4201
13.625 79.875 -0.78545
13.625 80.125 -0.95216
13.875 74.875 -0.012063
13.875 75.125 0.23427
13.875 75.375 -0.30263
13.875 75.625 -0.61622
13.875 75.875 0.072263
13.875 76.125 -1.2382
13.875 76.375 -0.84595
13.875 76.625 -0.25267
13.875 76.875 -1.2711
13.875 77.125 -1.2091
13.875 77.375 -0.42428
13.875 77.625 -0.64507
13.875 77.875 -0.95491
13.875 78.125 -1.5017
13.875 78.375 -0.14134
13.875 78.625 -1.0966
13.875 78.875 -1.3339
13.875 79.125 -1.3987
13.875 79.375 -1.3948
13.875 79.625 -1.3196
13.875 79.875 -0.90427
14.125 74.625 -0.87783
14.125 74.875 -0.16958
14.125 75.125 -0.17818
14.125 75.375 -0.47011
14.125 75.625 -0.94168
14.125 75.875 -0.53029
14.125 76.125 -0.086396
14.125 76.375 -0.35537
14.125 76.625 -0.29263
14.125 76.875 -0.05775
14.125 77.125 -0.64561
14.125 77.375 -0.3683
14.125 77.625 -0.71794
14.125 77.875 -0.76489
14.125 78.125 -1.0254
14.125 78.375 -0.87349
14.125 78.625 -1.3576
14.125 78.875 -1.3828
14.125 79.125 -1.0285
14.125 79.375 -1.1175
14.125 79.625 -0.67963
14.125 79.875 -0.68696
14.375 74.625 -0.82677
14.375 74.875 0.56933
14.375 75.125 -1.0779
14.375 75.375 -0.61394
14.375 75.625 -0.22369
14.375 75.875 -0.31372
14.375 76.125 0.74501
14.375 76.375 0.73708
14.375 76.625 -0.19169
14.375 76.875 -1.1218
14.375 77.125 0.33514
14.375 77.375 -0.1158
14.375 77.625 -0.51398
14.375 77.875 -0.55944
14.375 78.125 -0.58695
14.375 78.375 -1.1906
14.375 78.625 -1.1231
14.375 78.875 -1.6033
14.375 79.125 -1.4449
14.375 79.375 -1.2154
14.375 79.625 -0.40041
14.375 79.875 -0.39536
14.625 74.375 0.56324
14.625 74.625 -2.4616
14.625 74.875 -1.3087
14.625 75.125 -0.70361
14.625 75.375 -0.45893
14.625 75.625 -0.51567
14.625 75.875 -0.070642
14.625 76.125 0.41228
14.625 76.375 -0.44778
14.625 76.625 -0.067741
14.625 76.875 0.31303
14.625 77.125 0.36349
14.625 77.375 -0.65523
14.625 77.625 -0.63283
14.625 77.875 -0.45679
14.625 78.125 -0.010996
14.625 78.375 -0.45617
14.625 78.625 -1.0755
14.625 78.875 -1.2686
14.625 79.125 -0.7961
14.625 79.375 -0.99613
14.625 79.625 -0.87797
14.625 79.875 -0.73021
14.875 74.375 -0.49536
14.875 74.625 -1.471
14.875 74.875 -1.213
14.875 75.125 -0.31784
14.875 75.375 -0.80687
14.875 75.625 -0.25216
14.875 75.875 -0.20746
14.875 76.125 -0.72465
14.875 76.375 -1.2409
14.875 76.625 -0.60525
14.875 76.875 0.60771
14.875 77.125 0.057441
14.875 77.375 -0.54227
14.875 77.625 -0.89998
14.875 77.875 -0.85869
14.875 78.125 -0.24069
14.875 78.375 -0.34307
14.875 78.625 -0.58193
14.875 78.875 -0.73855
14.875 79.125 -0.76499
14.875 79.375 -0.62793
14.875 79.625 -1.1155
14.875 79.875 -1.0833
15.125 74.125 -1.3112
15.125 74.375 0.51883
15.125 74.625 -0.62028
15.125 74.875 -0.08029
15.125 75.125 -0.37515
15.125 75.375 -0.36368
15.125 75.625 0.82387
15.125 75.875 0.53208
15.125 76.125 -0.67924
15.125 76.375 -0.91693
15.125 76.625 -1.2481
15.125 76.875 -0.33251
15.125 77.125 -0.85393
15.125 77.375 -0.73429
15.125 77.625 -0.20146
15.125 77.875 -0.63749
15.125 78.125 -1.25
15.125 78.375 -0.8633
15.125 78.625 -0.49307
15.125 78.875 -0.54859
15.125 79.125 -0.80503
15.125 79.375 -0.93767
15.125 79.625 -0.88218
15.125 79.875 -1.2465
15.375 73.875 -1.0138
15.375 74.125 -1.5941
15.375 74.375 0.21581
15.375 74.625 -0.73565
15.375 74.875 0.40681
15.375 75.125 -0.016621
15.375 75.375 0.29123
15.375 75.625 0.42402
15.375 75.875 -0.16086
15.375 76.125 -0.88577
15.375 76.375 -0.37131
15.375 76.625 -1.09
15.375 76.875 -0.66175
15.375 77.125 -0.37903
15.375 77.375 -0.84222
15.375 77.625 -0.027346
15.375 77.875 -1.2093
15.375 78.125 -1.3706
15.375 78.375 -0.71851
15.375 78.625 0.18249
15.375 78.875 -1.0218
15.375 79.125 -1.3538
15.375 79.375 -1.2644
15.375 79.625 -1.693
15.375 79.875 -1.6591
15.625 73.875 -1.0707
15.625 74.125 -1.1852
15.625 74.375 -1.462
15.625 74.625 -0.24249
15.625 74.875 -0.0095072
15.625 75.125 0.18143
15.625 75.375 -0.55414
15.625 75.625 -0.51159
15.625 75.875 0.11578
15.625 76.125 -0.18394
15.625 76.375 -0.43072
15.625 76.625 -0.48922
15.625 76.875 -0.12777
15.625 77.125 -0.33373
15.625 77.375 -0.4022
15.625 77.625 -0.307
15.625 77.875 -0.9166
15.625 78.125 -1.0213
15.625 78.375 -0.96791
15.625 78.625 -1.4152
15.625 78.875 -0.39511
15.625 79.125 -1.4247
15.625 79.375 -1.2717
15.625 79.625 -1.2083
15.625 79.875 -1.3797
15.625 80.125 -1.5367
15.875 73.875 0.7477
15.875 74.125 0.075059
15.875 74.375 -0.29319
15.875 74.625 -0.12051
15.875 74.875 0.33381
15.875 75.125 -0.22332
15.875 75.375 -0.17838
15.875 75.625 -0.49802
15.875 75.875 -0.3059
15.875 76.125 -0.25893
15.875 76.375 -0.65775
15.875 76.625 -0.09286
15.875 76.875 0.92353
15.875 77.125 -0.37911
15.875 77.375 0.34085
15.875 77.625 -1.497
15.875 77.875 -0.31478
15.875 78.125 -1.0273
15.875 78.375 -0.77673
15.875 78.625 -1.1831
15.875 78.875 -1.019
15.875 79.125 -1.1036
15.875 79.375 -0.21248
15.875 79.625 -1.3815
15.875 79.875 -1.7616
15.875 80.125 -1.9624
15.875 80.375 -0.95494
15.875 80.625 -1.124
15.875 80.875 -0.75725
16.125 73.625 0.33045
16.125 73.875 0.73476
16.125 74.125 0.32439
16.125 74.375 0.061651
16.125 74.625 0.54679
16.125 74.875 0.59718
16.125 75.125 -0.85237
16.125 75.375 -0.66503
16.125 75.625 -0.35765
16.125 75.875 -0.27846
16.125 76.125 -0.36922
16.125 76.375 -0.31774
16.125 76.625 -0.021359
16.125 76.875 -0.089609
16.125 77.125 -0.35353
16.125 77.375 0.30294
16.125 77.625 -0.74679
16.125 77.875 -0.27802
16.125 78.125 -0.11262
16.125 78.375 0.37427
16.125 78.625 -0.41951
16.125 78.875 -0.7525
16.125 79.125 -0.89991
16.125 79.375 -0.84623
16.125 79.625 -1.4494
16.125 79.875 -1.4378
16.125 80.125 -1.1676
16.125 80.375 0.070535
16.125 80.625 -0.4545
16.125 80.875 -0.35748
16.375 73.625 0.069876
16.375 73.875 0.4841
16.375 74.125 0.068028
16.375 74.375 0.42068
16.375 74.625 0.094408
16.375 74.875 0.72932
16.375 75.125 0.013169
16.375 75.375 -0.21713
16.375 75.625 -0.40818
16.375 75.875 -0.27147
16.375 76.125 0.56948
16.375 76.375 0.64108
16.375 76.625 0.17737
16.375 76.875 -0.67327
16.375 77.125 -0.27352
16.375 77.375 -0.17153
16.375 77.625 -0.60853
16.375 77.875 -0.26346
16.375 78.125 0.2904
16.375 78.375 0.19236
16.375 78.625 -0.74289
16.375 78.875 -0.16169
16.375 79.125 -0.011714
16.375 79.375 -1.0778
16.375 79.625 -1.912
16.375 79.875 -1.2517
16.375 80.125 -0.53559
16.375 80.375 -0.75205
16.375 80.625 -0.51532
16.375 80.875 -0.1322
16.375 81.125 -0.52762
16.375 81.375 -0.57561
16.375 81.625 0.41973
16.625 73.625 -0.46536
16.625 73.875 -1.0077
16.625 74.125 1.1987
16.625 74.375 -1.7294
16.625 74.625 0.27301
16.625 74.875 0.26264
16.625 75.125 0.30284
16.625 75.375 -0.89444
16.625 75.625 -0.51926
16.625 75.875 -0.62085
16.625 76.125 0.12448
16.625 76.375 0.1122
16.625 76.625 -0.09866
16.625 76.875 -0.45466
16.625 77.125 -0.26353
16.625 77.375 0.2604
16.625 77.625 -0.039885
16.625 77.875 0.19011
16.625 78.125 0.09969
16.625 78.375 -0.14231
16.625 78.625 -0.48792
16.625 78.875 -1.1088
16.625 79.125 -1.0228
16.625 79.375 -0.60175
16.625 79.625 -0.48268
16.625 79.875 -0.77963
16.625 80.125 -0.37416
16.625 80.375 -0.82881
16.625 80.625 -0.94674
16.625 80.875 -0.67356
16.625 81.125 -2.3117
16.625 81.375 -1.286
16.625 81.625 -0.72658
16.625 81.875 -0.9417
16.625 82.125 -0.77238
16.875 73.375 -0.072751
16.875 73.625 -1.0692
16.875 73.875 -0.88977
16.875 74.125 -1.6097
16.875 74.375 0.18108
16.875 74.625 -1.2147
16.875 74.875 -0.68755
16.875 75.125 -0.3912
16.875 75.375 -0.023308
16.875 75.625 0.010321
16.875 75.875 -0.64517
16.875 76.125 -1.1192
16.875 76.375 -0.80753
16.875 76.625 -1.1198
16.875 76.875 -0.43008
16.875 77.125 -0.35269
16.875 77.375 0.046078
16.875 77.625 -0.39534
16.875 77.875 0.05462
16.875 78.125 -0.94382
16.875 78.375 -1.2694
16.875 78.625 -0.44977
16.875 78.875 -2.2348
16.875 79.125 -1.7908
16.875 79.375 -1.0139
16.875 79.625 -0.84962
16.875 79.875 -0.24562
16.875 80.125 -0.45256
16.875 80.375 -0.96925
16.875 80.625 -1.0352
16.875 80.875 -1.3961
16.875 81.125 -0.84899
16.875 81.375 -1.324
16.875 81.625 -0.87872
16.875 81.875 -0.91958
16.875 82.125 -1.0164
17.125 73.375 0.21279
17.125 73.625 -0.096741
17.125 73.875 0.013597
17.125 74.125 -0.50203
17.125 74.375 -1.2544
17.125 74.625 -1.3844
17.125 74.875 -1.3312
17.125 75.125 -1.6316
17.125 75.375 -1.0855
17.125 75.625 -0.42534
17.125 75.875 -0.73918
17.125 76.125 -1.4526
17.125 76.375 -0.75899
17.125 76.625 -0.89312
17.125 76.875 -0.3497
17.125 77.125 -0.63525
17.125 77.375 -0.86292
17.125 77.625 -0.053099
17.125 77.875 0.14107
17.125 78.125 -0.072729
17.125 78.375 -1.2266
17.125 78.625 -1.2647
17.125 78.875 -1.0006
17.125 79.125 -0.13344
17.125 79.375 -0.68918
17.125 79.625 -1.0138
17.125 79.875 -0.68404
17.125 80.125 -0.26296
17.125 80.375 -0.55285
17.125 80.625 -1.2018
17.125 80.875 -1.4323
17.125 81.125 -1.3605
17.125 81.375 -1.0883
17.125 81.625 -1.6448
17.125 81.875 -1.333
17.125 82.125 -0.91244
17.125 82.375 -0.92908
17.375 73.375 -0.10637
17.375 73.625 -0.82538
17.375 73.875 0.31631
17.375 74.125 -1.7495
17.375 74.375 -2.4893
17.375 74.625 -1.6922
17.375 74.875 -1.2336
17.375 75.125 -2.207
17.375 75.375 -1.5586
17.375 75.625 -1.0738
17.375 75.875 -1.6552
17.375 76.125 -1.268
17.375 76.375 -1.0981
17.375 76.625 -0.86945
17.375 76.875 0.0027519
17.375 77.125 -0.70701
17.375 77.375 -1.1824
17.375 77.625 0.0068955
17.375 77.875 0.0024841
17.375 78.125 -0.29517
17.375 78.375 -0.98902
17.375 78.625 -1.9334
17.375 78.875 -0.10672
17.375 79.125 -0.44375
17.375 79.375 0.25005
17.375 79.625 -1.2112
17.375 79.875 -0.21765
17.375 80.125 0.21405
17.375 80.375 -0.11972
17.375 80.625 -0.79923
17.375 80.875 -1.3419
17.375 81.125 -1.5591
17.375 81.375 -0.95819
17.375 81.625 -1.7655
17.375 81.875 -1.4972
17.375 82.125 -0.90358
17.375 82.375 -1.1655
17.375 82.625 -1.4131
17.625 73.375 0.33841
17.625 73.625 -3.1905
17.625 73.875 -0.24381
17.625 74.125 -2.0063
17.625 74.375 -2.6077
17.625 74.625 -1.7316
17.625 74.875 -1.3449
17.625 75.125 -1.5823
17.625 75.375 -0.8563
17.625 75.625 -1.1275
17.625 75.875 -1.6155
17.625 76.125 -1.7103
17.625 76.375 -1.4261
17.625 76.625 -0.15849
17.625 76.875 0.097814
17.625 77.125 0.20491
17.625 77.375 -0.37729
17.625 77.625 -0.59915
17.625 77.875 -0.69869
17.625 78.125 -0.59792
17.625 78.375 -0.39086
17.625 78.625 -0.28396
17.625 78.875 -1.0206
17.625 79.125 -0.65128
17.625 79.375 -0.71358
17.625 79.625 -0.6568
17.625 79.875 -0.20597
17.625 80.125 0.039698
17.625 80.375 -0.3756
17.625 80.625 -1.2344
17.625 80.875 -0.66338
17.625 81.125 -0.68772
17.625 81.375 -0.43434
17.625 81.625 -0.79209
17.625 81.875 -1.1802
17.625 82.125 -1.434
17.625 82.375 -1.3203
17.625 82.625 -1.3913
17.625 82.875 -1.5453
17.625 83.125 -0.74873
17.875 73.375 0.45759
17.875 73.625 -0.42918
17.875 73.875 0.29084
17.875 74.125 -0.73624
17.875 74.375 -0.69981
17.875 74.625 -1.1271
17.875 74.875 -0.72159
17.875 75.125 -1.9152
17.875 75.375 -1.8298
17.875 75.625 -1.253
17.875 75.875 -1.7795
17.875 76.125 -1.9392
17.875 76.375 -1.7152
17.875 76.625 -0.98364
17.875 76.875 -0.51219
17.875 77.125 0.24818
17.875 77.375 -0.11601
17.875 77.625 0.16913
17.875 77.875 0.14927
17.875 78.125 0.96185
17.875 78.375 0.62578
17.875 78.625 0.50251
17.875 78.875 -0.95641
17.875 79.125 -0.91869
17.875 79.375 -0.96384
17.875 79.625 -0.95196
17.875 79.875 -0.5721
17.875 80.125 -0.47333
17.875 80.375 -1.4289
17.875 80.625 -1.24
17.875 80.875 -0.81378
17.875 81.125 -0.63918
17.875 81.375 0.27134
17.875 81.625 -0.39705
17.875 81.875 -1.5448
17.875 82.125 -1.9487
17.875 82.375 -1.884
17.875 82.625 -0.90431
17.875 82.875 -0.51261
17.875 83.125 -1.2052
17.875 83.375 -0.71898
18.125 73.125 1.1405
18.125 73.375 -0.56031
18.125 73.625 0.29808
18.125 73.875 0.5709
18.125 74.125 -0.21095
18.125 74.375 -0.010434
18.125 74.625 -0.44016
18.125 74.875 -0.38198
18.125 75.125 -1.0969
18.125 75.375 -1.4148
18.125 75.625 -1.406
18.125 75.875 -2.1287
18.125 76.125 -1.2638
18.125 76.375 -1.0276
18.125 76.625 -1.7232
18.125 76.875 -0.73646
18.125 77.125 1.2543
18.125 77.375 0.48624
18.125 77.625 0.71065
18.125 77.875 0.40009
18.125 78.125 0.94313
18.125 78.375 -0.060415
18.125 78.625 -0.033666
18.125 78.875 -0.49012
18.125 79.125 -0.5732
18.125 79.375 -0.46541
18.125 79.625 0.25968
18.125 79.875 -0.41975
18.125 80.125 -0.37993
18.125 80.375 -1.5238
18.125 80.625 -1.8355
18.125 80.875 -0.44922
18.125 81.125 -1.0644
18.125 81.375 0.1288
18.125 81.625 0.24052
18.125 81.875 0.47377
18.125 82.125 -0.96266
18.125 82.375 -1.8985
18.125 82.625 -1.6024
18.125 82.875 -1.3314
18.125 83.125 -0.70569
18.125 83.375 -0.85447
18.125 83.625 -0.97051
18.375 73.125 -0.0087556
18.375 73.375 -0.083629
18.375 73.625 0.49306
18.375 73.875 0.46201
18.375 74.125 -0.059232
18.375 74.375 0.034246
18.375 74.625 -1.1754
18.375 74.875 -1.8727
18.375 75.125 -1.3205
18.375 75.375 0.21544
18.375 75.625 -0.61278
18.375 75.875 -1.4895
18.375 76.125 -1.2045
18.375 76.375 -1.4432
18.375 76.625 -1.3532
18.375 76.875 -0.51049
18.375 77.125 -0.34542
18.375 77.375 -0.12879
18.375 77.625 -0.1657
18.375 77.875 0.44247
18.375 78.125 0.64214
18.375 78.375 1.0838
18.375 78.625 0.064883
18.375 78.875 -1.0011
18.375 79.125 0.17919
18.375 79.375 0.035703
18.375 79.625 0.15409
18.375 79.875 -0.079763
18.375 80.125 0.040151
18.375 80.375 0.17778
18.375 80.625 0.29209
18.375 80.875 -0.81468
18.375 81.125 -0.34666
18.375 81.375 0.027618
18.375 81.625 -0.14489
18.375 81.875 0.13509
18.375 82.125 0.87493
18.375 82.375 0.65233
18.375 82.625 -0.47317
18.375 82.875 -2.3186
18.375 83.125 -1.1938
18.375 83.375 -0.52643
18.375 83.625 -0.79214
18.375 83.875 -0.36565
18.625 73.125 1.7405
18.625 73.375 0.4718
18.625 73.625 0.6551
18.625 73.875 1.0271
18.625 74.125 -0.18559
18.625 74.375 0.16114
18.625 74.625 -0.73468
18.625 74.875 -1.5072
18.625 75.125 -2.2346
18.625 75.375 -1.4257
18.625 75.625 -1.0223
18.625 75.875 -1.0758
18.625 76.125 -1.6922
18.625 76.375 -0.7833
18.625 76.625 0.17101
18.625 76.875 -0.61175
18.625 77.125 -0.7373
18.625 77.375 -0.8574
18.625 77.625 0.15461
18.625 77.875 -0.21206
18.625 78.125 -0.2504
18.625 78.375 0.37877
18.625 78.625 -0.27397
18.625 78.875 0.20549
18.625 79.125 0.10659
18.625 79.375 -0.010261
18.625 79.625 -0.77615
18.625 79.875 0.16633
18.625 80.125 0.27572
18.625 80.375 0.20636
18.625 80.625 0.47619
18.625 80.875 0.04869
18.625 81.125 -0.40126
18.625 81.375 -0.62073
18.625 81.625 -0.74356
18.625 81.875 -0.43025
18.625 82.125 0.88198
18.625 82.375 1.1266
18.625 82.625 0.89275
18.625 82.875 -0.9361
18.625 83.125 -1.5139
18.625 83.375 -1.5177
18.625 83.625 -0.56986
18.625 83.875 -1.1836
18.625 84.125 -1.2123
18.875 73.125 0.77405
18.875 73.375 0.55443
18.875 73.625 0.82507
18.875 73.875 1.3321
18.875 74.125 -0.85611
18.875 74.375 -1.0097
18.875 74.625 -0.98256
18.875 74.875 -1.2303
18.875 75.125 -1.8228
18.875 75.375 -1.4975
18.875 75.625 -1.3211
18.875 75.875 -1.6505
18.875 76.125 -0.80737
18.875 76.375 -0.48615
18.875 76.625 -0.45017
18.875 76.875 -0.64593
18.875 77.125 -0.66993
18.875 77.375 -1.1966
18.875 77.625 -0.34563
18.875 77.875 0.057604
18.875 78.125 -0.35738
18.875 78.375 -5.1205
18.875 78.625 -0.039187
18.875 78.875 0.64232
18.875 79.125 0.20958
18.875 79.375 -0.082835
18.875 79.625 -0.47477
18.875 79.875 -0.16164
18.875 80.125 -0.37007
18.875 80.375 0.24756
18.875 80.625 0.78161
18.875 80.875 0.59171
18.875 81.125 0.2821
18.875 81.375 -0.31854
18.875 81.625 -0.7115
18.875 81.875 0.67839
18.875 82.125 1.0388
18.875 82.375 1.2218
18.875 82.625 0.5112
18.875 82.875 0.1245
18.875 83.125 -1.9108
18.875 83.375 -0.079693
18.875 83.625 0.18004
18.875 83.875 0.051092
18.875 84.125 -1.0931
18.875 84.375 -1.0331
19.125 73.125 0.64491
19.125 73.375 0.55211
19.125 73.625 0.72624
19.125 73.875 0.63748
19.125 74.125 -0.5314
19.125 74.375 -0.50863
19.125 74.625 -0.65749
19.125 74.875 -1.3174
19.125 75.125 -1.0483
19.125 75.375 -0.87552
19.125 75.625 -1.1193
19.125 75.875 -1.6922
19.125 76.125 -0.56606
19.125 76.375 -0.63288
19.125 76.625 -0.63912
19.125 76.875 -1.0171
19.125 77.125 -0.24497
19.125 77.375 -0.13804
19.125 77.625 -1.0538
19.125 77.875 -1.1995
19.125 78.125 -1.9279
19.125 78.375 -1.5062
19.125 78.625 -0.52921
19.125 78.875 0.42054
19.125 79.125 0.14009
19.125 79.375 0.17238
19.125 79.625 0.18193
19.125 79.875 -0.25323
19.125 80.125 -0.58598
19.125 80.375 -0.20272
19.125 80.625 0.47813
19.125 80.875 0.30018
19.125 81.125 -0.068729
19.125 81.375 -0.87244
19.125 81.625 -0.54094
19.125 81.875 -1.7395
19.125 82.125 0.5472
19.125 82.375 0.40239
19.125 82.625 0.38003
19.125 82.875 0.66605
19.125 83.125 -0.65632
19.125 83.375 0.016641
19.125 83.625 -0.28345
19.125 83.875 -0.81883
19.125 84.125 -0.38864
19.125 84.375 -0.0908
19.125 84.625 0.90879
19.375 72.875 0.088982
19.375 73.125 -0.54666
19.375 73.375 0.58937
19.375 73.625 1.1276
19.375 73.875 0.17418
19.375 74.125 0.13697
19.375 74.375 -0.2319
19.375 74.625 0.12333
19.375 74.875 -0.56925
19.375 75.125 -0.46159
19.375 75.375 -0.37364
19.375 75.625 -1.1885
19.375 75.875 -1.8602
19.375 76.125 -1.7032
19.375 76.375 -1.6208
19.375 76.625 -1.8662
19.375 76.875 -2.1039
19.375 77.125 -0.93367
19.375 77.375 -2.1828
19.375 77.625 -1.5353
19.375 77.875 -0.47279
19.375 78.125 -0.54234
19.375 78.375 -0.89637
19.375 78.625 -0.55978
19.375 78.875 0.040719
19.375 79.125 0.068615
19.375 79.375 0.15702
19.375 79.625 -0.11391
19.375 79.875 -0.64505
19.375 80.125 -0.40412
19.375 80.375 -0.26585
19.375 80.625 0.31049
19.375 80.875 0.37333
19.375 81.125 -0.5889
19.375 81.375 -0.67098
19.375 81.625 -0.63977
19.375 81.875 -0.28717
19.375 82.125 0.11291
19.375 82.375 -0.22421
19.375 82.625 -0.018599
19.375 82.875 0.85545
19.375 83.125 -0.35768
19.375 83.375 -0.4382
19.375 83.625 -0.69162
19.375 83.875 -2.3453
19.375 84.125 0.27616
19.375 84.375 0.57983
19.375 84.625 0.99665
19.375 84.875 1.4274
19.625 72.875 0.57377
19.625 73.125 0.51729
19.625 73.375 0.60641
19.625 73.625 0.61251
19.625 73.875 0.31556
19.625 74.125 0.31911
19.625 74.375 0.40306
19.625 74.625 0.062112
19.625 74.875 -0.08393
19.625 75.125 -0.091953
19.625 75.375 -0.55255
19.625 75.625 -1.3667
19.625 75.875 -1.3446
19.625 76.125 -1.224
19.625 76.375 -1.0208
19.625 76.625 -1.8996
19.625 76.875 -2.5014
19.625 77.125 -1.3995
19.625 77.375 -0.6371
19.625 77.625 -0.32224
19.625 77.875 -0.48766
19.625 78.125 -0.63424
19.625 78.375 -0.60341
19.625 78.625 0.55227
19.625 78.875 -0.041959
19.625 79.125 -1.2097
19.625 79.375 -2.1301
19.625 79.625 -1.2197
19.625 79.875 -1.0191
19.625 80.125 -0.59162
19.625 80.375 -0.79499
19.625 80.625 -0.40623
19.625 80.875 0.18133
19.625 81.125 -0.0090825
19.625 81.375 -0.50622
19.625 81.625 -0.090453
19.625 81.875 0.11743
19.625 82.125 -0.10754
19.625 82.375 0.72325
19.625 82.625 0.45948
19.625 82.875 0.24125
19.625 83.125 0.021504
19.625 83.375 0.94896
19.625 83.625 1.0224
19.625 83.875 0.98146
19.625 84.125 0.82438
19.625 84.375 0.66541
19.625 84.625 1.5753
19.625 84.875 1.0609
19.625 85.125 0.6196
19.625 85.375 1.6068
19.875 72.875 0.57055
19.875 73.125 0.54314
19.875 73.375 0.92573
19.875 73.625 0.92053
19.875 73.875 0.95492
19.875 74.125 0.50571
19.875 74.375 0.54566
19.875 74.625 0.42554
19.875 74.875 1.1267
19.875 75.125 0.085572
19.875 75.375 -0.50089
19.875 75.625 -0.49438
19.875 75.875 0.21661
19.875 76.125 0.64719
19.875 76.375 0.75909
19.875 76.625 -0.95511
19.875 76.875 -0.82657
19.875 77.125 -0.56338
19.875 77.375 -0.29451
19.875 77.625 -0.27386
19.875 77.875 -0.47673
19.875 78.125 -0.49142
19.875 78.375 -0.60521
19.875 78.625 -0.28548
19.875 78.875 0.08588
19.875 79.125 -0.11248
19.875 79.375 -2.0995
19.875 79.625 -1.6455
19.875 79.875 -0.85145
19.875 80.125 -1.1236
19.875 80.375 -1.8036
19.875 80.625 -0.89896
19.875 80.875 -0.30328
19.875 81.125 -0.12654
19.875 81.375 -1.7927
19.875 81.625 -0.21291
19.875 81.875 0.70341
19.875 82.125 0.35682
19.875 82.375 0.39276
19.875 82.625 0.4322
19.875 82.875 0.6543
19.875 83.125 0.89219
19.875 83.375 1.5382
19.875 83.625 1.7703
19.875 83.875 1.1753
19.875 84.125 0.5761
19.875 84.375 0.47633
19.875 84.625 1.5811
19.875 84.875 0.92185
19.875 85.125 0.65581
19.875 85.375 1.9967
19.875 85.625 1.3159
19.875 85.875 1.2014
19.875 86.125 1.3916
20.125 72.875 0.6931
20.125 73.125 0.76057
20.125 73.375 0.31332
20.125 73.625 1.4875
20.125 73.875 1.9219
20.125 74.125 2.7607
20.125 74.375 0.8827
20.125 74.625 0.82783
20.125 74.875 0.72361
20.125 75.125 0.16335
20.125 75.375 0.064143
20.125 75.625 -0.1787
20.125 75.875 -0.26622
20.125 76.125 0.26458
20.125 76.375 0.28842
20.125 76.625 -0.60867
20.125 76.875 -0.73441
20.125 77.125 -0.98772
20.125 77.375 0.001199
20.125 77.625 0.123
20.125 77.875 -0.24116
20.125 78.125 -0.74596
20.125 78.375 -0.55312
20.125 78.625 -0.58834
20.125 78.875 -0.46476
20.125 79.125 -1.7052
20.125 79.375 -2.8125
20.125 79.625 -0.53352
20.125 79.875 -0.50482
20.125 80.125 -0.62968
20.125 80.375 -1.6093
20.125 80.625 -1.0445
20.125 80.875 -0.68634
20.125 81.125 -0.5344
20.125 81.375 -0.0045369
20.125 81.625 0.26117
20.125 81.875 0.92446
20.125 82.125 1.0148
20.125 82.375 0.20729
20.125 82.625 0.5666
20.125 82.875 0.76751
20.125 83.125 1.1615
20.125 83.375 1.7542
20.125 83.625 1.7758
20.125 83.875 1.8013
20.125 84.125 1.9613
20.125 84.375 0.86763
20.125 84.625 1.7328
20.125 84.875 1.2511
20.125 85.125 1.7248
20.125 85.375 1.377
20.125 85.625 1.1886
20.125 85.875 0.9059
20.125 86.125 1.1338
20.125 86.375 1.105
20.375 73.125 0.94414
20.375 73.375 1.0303
20.375 73.625 0.91171
20.375 73.875 0.39304
20.375 74.125 0.94263
20.375 74.375 0.48239
20.375 74.625 0.17451
20.375 74.875 0.49932
20.375 75.125 1.404
20.375 75.375 1.8974
20.375 75.625 0.75155
20.375 75.875 0.62864
20.375 76.125 -0.074025
20.375 76.375 -0.96811
20.375 76.625 -1.2793
20.375 76.875 -1.6013
20.375 77.125 -1.441
20.375 77.375 -0.38784
20.375 77.625 0.14292
20.375 77.875 -0.5621
20.375 78.125 -0.80214
20.375 78.375 -1.1613
20.375 78.625 -1.2303
20.375 78.875 -0.99383
20.375 79.125 -0.72435
20.375 79.375 -0.96769
20.375 79.625 -0.60473
20.375 79.875 -0.28818
20.375 80.125 -0.1082
20.375 80.375 -1.3011
20.375 80.625 -0.69194
20.375 80.875 -0.24681
20.375 81.125 -0.15274
20.375 81.375 -0.048678
20.375 81.625 0.75752
20.375 81.875 0.99899
20.375 82.125 1.6625
20.375 82.375 2.0192
20.375 82.625 1.8285
20.375 82.875 1.5421
20.375 83.125 1.5717
20.375 83.375 1.4444
20.375 83.625 1.4296
20.375 83.875 1.8759
20.375 84.125 1.8095
20.375 84.375 -0.70586
20.375 84.625 0.82397
20.375 84.875 1.0893
20.375 85.125 1.5591
20.375 85.375 1.0016
20.375 85.625 1.3295
20.375 85.875 1.3178
20.375 86.125 1.1947
20.375 86.375 1.2789
20.375 86.625 1.6702
20.625 73.125 0.10586
20.625 73.375 0.73505
20.625 73.625 1.0924
20.625 73.875 2.1458
20.625 74.125 0.84786
20.625 74.375 0.38866
20.625 74.625 0.54188
20.625 74.875 0.8364
20.625 75.125 1.0517
20.625 75.375 1.0155
20.625 75.625 0.57169
20.625 75.875 -0.44332
20.625 76.125 -0.015808
20.625 76.375 -0.39114
20.625 76.625 -1.2119
20.625 76.875 -1.2303
20.625 77.125 -0.78621
20.625 77.375 -0.32712
20.625 77.625 0.094315
20.625 77.875 -0.39514
20.625 78.125 0.16872
20.625 78.375 -0.47484
20.625 78.625 -1.241
20.625 78.875 -1.3069
20.625 79.125 -1.2414
20.625 79.375 -1.3425
20.625 79.625 -0.055881
20.625 79.875 -0.01323
20.625 80.125 -0.10814
20.625 80.375 -0.40253
20.625 80.625 0.71897
20.625 80.875 0.56101
20.625 81.125 0.76709
20.625 81.375 0.77297
20.625 81.625 0.98345
20.625 81.875 1.2849
20.625 82.125 1.295
20.625 82.375 1.7006
20.625 82.625 1.5147
20.625 82.875 1.4684
20.625 83.125 1.2215
20.625 83.375 1.5016
20.625 83.625 1.6531
20.625 83.875 1.3343
20.625 84.125 1.6674
20.625 84.375 1.5783
20.625 84.625 1.3219
20.625 84.875 0.69297
20.625 85.125 2.1197
20.625 85.375 1.6091
20.625 85.625 0.18227
20.625 85.875 0.83884
20.625 86.125 1.0596
20.625 86.375 1.3281
20.625 86.625 1.5436
20.625 86.875 1.5772
20.875 70.625 0.21806
20.875 70.875 0.37904
20.875 71.125 0.26467
20.875 71.375 1.4884
20.875 72.875 0.85672
20.875 73.125 0.71602
20.875 73.375 0.79629
20.875 73.625 1.1704
20.875 73.875 1.2101
20.875 74.125 0.54819
20.875 74.375 0.61764
20.875 74.625 0.41341
20.875 74.875 0.32519
20.875 75.125 -0.049462
20.875 75.375 -0.36898
20.875 75.625 -0.68547
20.875 75.875 -0.2923
20.875 76.125 0.28579
20.875 76.375 -0.82993
20.875 76.625 -0.10986
20.875 76.875 -0.28528
20.875 77.125 -0.54055
20.875 77.375 -0.69544
20.875 77.625 -0.61307
20.875 77.875 -0.35687
20.875 78.125 -0.21339
20.875 78.375 -0.42864
20.875 78.625 -1.3619
20.875 78.875 -0.94603
20.875 79.125 -2.1731
20.875 79.375 -0.94313
20.875 79.625 0.080633
20.875 79.875 0.32969
20.875 80.125 0.74027
20.875 80.375 -0.14113
20.875 80.625 0.78163
20.875 80.875 0.75853
20.875 81.125 0.76028
20.875 81.375 -0.047182
20.875 81.625 1.4831
20.875 81.875 1.3845
20.875 82.125 1.2675
20.875 82.375 1.4514
20.875 82.625 1.1517
20.875 82.875 1.2594
20.875 83.125 1.429
20.875 83.375 1.0646
20.875 83.625 1.1258
20.875 83.875 1.1481
20.875 84.125 0.79534
20.875 84.375 0.89119
20.875 84.625 2.1997
20.875 84.875 1.0643
20.875 85.125 1.7918
20.875 85.375 1.3389
20.875 85.625 1.2049
20.875 85.875 1.5343
20.875 86.125 1.0021
20.875 86.375 0.89136
20.875 86.625 1.39
21.125 70.375 0.034857
21.125 70.625 -0.13543
21.125 70.875 -0.68922
21.125 71.125 0.88537
21.125 71.375 0.741
21.125 71.625 1.2918
21.125 71.875 -1.0723
21.125 72.875 -0.38702
21.125 73.125 -0.16174
21.125 73.375 0.65761
21.125 73.625 -0.35335
21.125 73.875 -0.85325
21.125 74.125 -0.70632
21.125 74.375 -0.34756
21.125 74.625 0.041173
21.125 74.875 0.72357
21.125 75.125 0.18931
21.125 75.375 0.3494
21.125 75.625 1.043
21.125 75.875 1.0459
21.125 76.125 1.0278
21.125 76.375 -1.15
21.125 76.625 -0.49507
21.125 76.875 -0.83031
21.125 77.125 -1.2874
21.125 77.375 -0.59172
21.125 77.625 -0.50282
21.125 77.875 0.15402
21.125 78.125 -0.88005
21.125 78.375 -1.1316
21.125 78.625 -1.2874
21.125 78.875 -0.40812
21.125 79.125 -0.7689
21.125 79.375 -0.2011
21.125 79.625 0.56262
21.125 79.875 1.4685
21.125 80.125 1.4728
21.125 80.375 0.10311
21.125 80.625 0.17996
21.125 80.875 0.24739
21.125 81.125 -0.23166
21.125 81.375 1.3897
21.125 81.625 0.6863
21.125 81.875 1.0649
21.125 82.125 1.138
21.125 82.375 1.1258
21.125 82.625 1.3777
21.125 82.875 1.4106
21.125 83.125 1.2706
21.125 83.375 1.3298
21.125 83.625 1.0213
21.125 83.875 1.0978
21.125 84.125 1.026
21.125 84.375 1.1377
21.125 84.625 1.6339
21.125 84.875 1.2856
21.125 85.125 1.7681
21.125 85.375 1.8849
21.125 85.625 1.8838
21.125 85.875 2.0294
21.125 86.125 1.0226
21.125 86.375 1.2356
21.125 86.625 1.2512
21.375 70.125 -0.71576
21.375 70.375 -0.607
21.375 70.625 0.03256
21.375 70.875 0.44814
21.375 71.125 0.51234
21.375 71.375 0.082333
21.375 71.625 0.020912
21.375 71.875 -0.57776
21.375 72.875 0.46423
21.375 73.125 0.52667
21.375 73.375 0.73796
21.375 73.625 0.5858
21.375 73.875 -0.5386
21.375 74.125 -0.85382
21.375 74.375 -1.0325
21.375 74.625 -0.21161
21.375 74.875 1.0709
21.375 75.125 0.94779
21.375 75.375 0.9947
21.375 75.625 1.1088
21.375 75.875 1.0202
21.375 76.125 1.3256
21.375 76.375 -0.45825
21.375 76.625 -0.86482
21.375 76.875 -1.1636
21.375 77.125 -1.0047
21.375 77.375 -0.1986
21.375 77.625 -0.55062
21.375 77.875 -1.1589
21.375 78.125 -0.48977
21.375 78.375 -0.57784
21.375 78.625 -1.3719
21.375 78.875 -0.52257
21.375 79.125 -0.57968
21.375 79.375 0.12378
21.375 79.625 0.55516
21.375 79.875 0.8918
21.375 80.125 0.54692
21.375 80.375 0.17246
21.375 80.625 -0.75591
21.375 80.875 -0.82577
21.375 81.125 -0.83342
21.375 81.375 0.50215
21.375 81.625 0.92144
21.375 81.875 1.1468
21.375 82.125 1.1603
21.375 82.375 1.4739
21.375 82.625 1.7609
21.375 82.875 1.7003
21.375 83.125 1.6304
21.375 83.375 1.215
21.375 83.625 1.0717
21.375 83.875 1.0372
21.375 84.125 0.75246
21.375 84.375 0.88029
21.375 84.625 0.81195
21.375 84.875 0.9191
21.375 85.125 1.6409
21.375 85.375 1.698
21.375 85.625 0.60633
21.375 85.875 0.78984
21.375 86.125 1.3817
21.375 86.375 1.2281
21.375 86.625 1.3262
21.375 86.875 1.418
21.625 69.875 -0.40243
21.625 70.125 -0.72374
21.625 70.375 0.21798
21.625 70.625 0.23307
21.625 70.875 0.52153
21.625 71.125 0.021099
21.625 71.375 0.69331
21.625 71.625 0.99608
21.625 71.875 0.67541
21.625 72.125 0.45534
21.625 72.875 0.64926
21.625 73.125 0.67361
21.625 73.375 0.16678
21.625 73.625 -0.16191
21.625 73.875 -1.0637
21.625 74.125 -0.95104
21.625 74.375 -1.233
21.625 74.625 -0.35294
21.625 74.875 0.82168
21.625 75.125 1.1172
21.625 75.375 1.2507
21.625 75.625 0.81856
21.625 75.875 0.70754
21.625 76.125 0.73482
21.625 76.375 0.15501
21.625 76.625 -0.69332
21.625 76.875 -0.58357
21.625 77.125 -0.031156
21.625 77.375 0.2959
21.625 77.625 -0.8205
21.625 77.875 0.29004
21.625 78.125 0.39646
21.625 78.375 -0.45611
21.625 78.625 -1.0144
21.625 78.875 -1.0459
21.625 79.125 -1.2977
21.625 79.375 -0.032084
21.625 79.625 0.7397
21.625 79.875 0.97485
21.625 80.125 0.92068
21.625 80.375 0.37001
21.625 80.625 -1.3319
21.625 80.875 -1.1502
21.625 81.125 -2.178
21.625 81.375 -1.0527
21.625 81.625 0.57126
21.625 81.875 1.0994
21.625 82.125 1.0117
21.625 82.375 0.61371
21.625 82.625 0.99827
21.625 82.875 0.33667
21.625 83.125 0.91447
21.625 83.375 0.71393
21.625 83.625 0.77305
21.625 83.875 0.80237
21.625 84.125 0.64561
21.625 84.375 0.84471
21.625 84.625 0.75177
21.625 84.875 1.1238
21.625 85.125 1.1938
21.625 85.375 1.4802
21.625 85.625 1.2863
21.625 85.875 1.0678
21.625 86.125 1.6762
21.625 86.375 1.4926
21.625 86.625 1.3635
21.625 86.875 0.90753
21.625 87.125 1.2594
21.625 87.375 1.5597
21.875 69.375 -0.9388
21.875 69.625 -1.2503
21.875 69.875 -0.51628
21.875 70.125 -0.40462
21.875 70.375 0.12397
21.875 70.625 0.30795
21.875 70.875 -0.51317
21.875 71.125 -1.2773
21.875 71.375 0.15981
21.875 71.625 0.81721
21.875 71.875 0.062323
21.875 72.125 0.15924
21.875 72.625 -1.6418
21.875 72.875 -0.25874
21.875 73.125 0.37114
21.875 73.375 -0.31952
21.875 73.625 -0.31997
21.875 73.875 -1.032
21.875 74.125 -1.9381
21.875 74.375 -1.2229
21.875 74.625 -0.19321
21.875 74.875 0.43692
21.875 75.125 0.48725
21.875 75.375 0.80025
21.875 75.625 0.94986
21.875 75.875 0.33729
21.875 76.125 0.53925
21.875 76.375 0.13847
21.875 76.625 0.065096
21.875 76.875 0.10799
21.875 77.125 0.11339
21.875 77.375 0.63118
21.875 77.625 -0.3544
21.875 77.875 -0.58878
21.875 78.125 -0.12613
21.875 78.375 0.096113
21.875 78.625 -0.80971
21.875 78.875 0.27509
21.875 79.125 -0.3004
21.875 79.375 0.058907
21.875 79.625 0.39718
21.875 79.875 0.4852
21.875 80.125 0.70156
21.875 80.375 0.63843
21.875 80.625 0.18884
21.875 80.875 -1.3163
21.875 81.125 -1.1557
21.875 81.375 0.74254
21.875 81.625 0.69482
21.875 81.875 0.4248
21.875 82.125 0.99099
21.875 82.375 0.56264
21.875 82.625 -0.11274
21.875 82.875 -0.25106
21.875 83.125 0.37499
21.875 83.375 0.72942
21.875 83.625 0.47215
21.875 83.875 1.5776
21.875 84.125 1.1674
21.875 84.375 1.1191
21.875 84.625 0.83996
21.875 84.875 1.3401
21.875 85.125 1.3499
21.875 85.375 1.4307
21.875 85.625 1.1716
21.875 85.875 1.166
21.875 86.125 1.7555
21.875 86.375 1.6644
21.875 86.625 1.007
21.875 86.875 1.2485
21.875 87.125 1.8397
21.875 87.375 1.6655
21.875 87.625 2.3451
21.875 87.875 1.8422
21.875 88.375 0.95565
21.875 88.625 0.97327
21.875 88.875 0.90416
22.125 69.125 -1.1666
22.125 69.375 -1.2903
22.125 69.625 -1.1006
22.125 69.875 -0.97614
22.125 70.125 -0.5651
22.125 70.375 -0.35358
22.125 70.625 -0.22929
22.125 70.875 0.15308
22.125 71.125 -1.3456
22.125 71.375 0.13949
22.125 71.625 1.0188
22.125 71.875 -0.79374
22.125 72.125 0.016374
22.125 72.625 0.045046
22.125 72.875 0.083868
22.125 73.125 -0.58391
22.125 73.375 -0.17424
22.125 73.625 -0.018202
22.125 73.875 -0.77753
22.125 74.125 -0.76674
22.125 74.375 -1.1985
22.125 74.625 -1.4511
22.125 74.875 0.070697
22.125 75.125 0.46452
22.125 75.375 -0.29663
22.125 75.625 0.036943
22.125 75.875 0.23935
22.125 76.125 -0.22006
22.125 76.375 -0.27396
22.125 76.625 0.18211
22.125 76.875 0.26982
22.125 77.125 0.24736
22.125 77.375 -0.16505
22.125 77.625 -0.65277
22.125 77.875 -0.22461
22.125 78.125 -0.5831
22.125 78.375 -1.1236
22.125 78.625 -1.0511
22.125 78.875 -0.16718
22.125 79.125 -0.21526
22.125 79.375 -0.4991
22.125 79.625 0.30029
22.125 79.875 0.31374
22.125 80.125 0.58317
22.125 80.375 0.45539
22.125 80.625 0.63552
22.125 80.875 -0.71174
22.125 81.125 -1.3226
22.125 81.375 1.0739
22.125 81.625 -0.10013
22.125 81.875 0.45194
22.125 82.125 0.66067
22.125 82.375 0.24555
22.125 82.625 -0.77271
22.125 82.875 -1.4902
22.125 83.125 -0.10988
22.125 83.375 0.62249
22.125 83.625 0.7934
22.125 83.875 1.0123
22.125 84.125 1.0579
22.125 84.375 0.76761
22.125 84.625 1.423
22.125 84.875 1.8125
22.125 85.125 1.4332
22.125 85.375 1.3265
22.125 85.625 0.0036701
22.125 85.875 -0.056886
22.125 86.125 1.8834
22.125 86.375 1.3775
22.125 86.625 1.2856
22.125 86.875 1.7588
22.125 87.125 1.7642
22.125 87.375 0.96055
22.125 87.625 1.027
22.125 87.875 1.3333
22.125 88.125 1.2386
22.125 88.375 0.99669
22.125 92.875 1.4267
22.375 69.125 -0.8603
22.375 69.875 -0.70239
22.375 70.125 -0.84222
22.375 70.375 -1.3455
22.375 70.625 -0.16531
22.375 70.875 -0.016977
22.375 71.125 0.43505
22.375 71.375 -0.032757
22.375 71.625 -0.43252
22.375 71.875 0.52076
22.375 72.125 0.74939
22.375 72.625 0.67407
22.375 72.875 -0.31015
22.375 73.125 0.18084
22.375 73.375 0.15493
22.375 73.625 0.34824
22.375 73.875 -0.54467
22.375 74.125 -1.4149
22.375 74.375 -0.89371
22.375 74.625 -1.2551
22.375 74.875 -0.93428
22.375 75.125 -0.28865
22.375 75.375 0.33546
22.375 75.625 -0.35182
22.375 75.875 0.33094
22.375 76.125 0.21001
22.375 76.375 -0.15129
22.375 76.625 1.0588
22.375 76.875 0.42988
22.375 77.125 0.43221
22.375 77.375 -0.16411
22.375 77.625 -0.3579
22.375 77.875 0.28189
22.375 78.125 0.073648
22.375 78.375 -0.3436
22.375 78.625 -0.88745
22.375 78.875 -0.021901
22.375 79.125 0.25203
22.375 79.375 0.4842
22.375 79.625 0.44763
22.375 79.875 0.37768
22.375 80.125 0.89084
22.375 80.375 0.085714
22.375 80.625 0.34347
22.375 80.875 0.046908
22.375 81.125 0.13643
22.375 81.375 1.1527
22.375 81.625 0.45137
22.375 81.875 0.69805
22.375 82.125 0.25023
22.375 82.375 0.10867
22.375 82.625 -1.3538
22.375 82.875 -2.237
22.375 83.125 -1.7328
22.375 83.375 -1.9934
22.375 83.625 -1.7627
22.375 83.875 0.22878
22.375 84.125 0.63587
22.375 84.375 0.83118
22.375 84.625 0.77959
22.375 84.875 0.91208
22.375 85.125 0.95698
22.375 85.375 1.2431
22.375 85.625 -0.30369
22.375 85.875 -1.2484
22.375 86.125 -0.44591
22.375 86.375 0.63454
22.375 86.625 0.78803
22.375 86.875 1.6351
22.375 87.125 1.7317
22.375 87.375 0.23355
22.375 87.625 0.28247
22.375 87.875 1.174
22.375 88.125 -0.38198
22.375 88.375 0.44245
22.375 88.625 0.4836
22.375 88.875 0.46907
22.375 92.875 1.4465
22.625 70.375 -0.15458
22.625 70.625 0.54438
22.625 70.875 -0.10516
22.625 71.125 -0.085805
22.625 71.375 -0.26476
22.625 71.625 -0.35737
22.625 71.875 -0.72735
22.625 72.125 0.3186
22.625 72.375 0.74343
22.625 72.625 1.1253
22.625 72.875 -0.23436
22.625 73.125 -0.15465
22.625 73.375 0.54538
22.625 73.625 -0.53809
22.625 73.875 -0.80233
22.625 74.125 -0.34161
22.625 74.375 -0.35197
22.625 74.625 -0.52754
22.625 74.875 -0.675
22.625 75.125 -0.523
22.625 75.375 0.5746
22.625 75.625 -0.38979
22.625 75.875 0.45294
22.625 76.125 0.32167
22.625 76.375 -0.17689
22.625 76.625 0.88623
22.625 76.875 0.87177
22.625 77.125 0.43882
22.625 77.375 -0.23681
22.625 77.625 -0.32308
22.625 77.875 0.47999
22.625 78.125 0.50624
22.625 78.375 0.061916
22.625 78.625 0.12948
22.625 78.875 0.064866
22.625 79.125 0.52763
22.625 79.375 0.45274
22.625 79.625 -0.062459
22.625 79.875 -0.16804
22.625 80.125 0.26988
22.625 80.375 -0.25657
22.625 80.625 -0.90015
22.625 80.875 -0.59986
22.625 81.125 0.76524
22.625 81.375 0.34538
22.625 81.625 0.19747
22.625 81.875 0.44583
22.625 82.125 0.35107
22.625 82.375 -0.50734
22.625 82.625 -1.3904
22.625 82.875 -1.9027
22.625 83.125 -2.701
22.625 83.375 -0.87221
22.625 83.625 -0.73531
22.625 83.875 -1.7719
22.625 84.125 0.068067
22.625 84.375 0.37533
22.625 84.625 0.28305
22.625 84.875 0.56286
22.625 85.125 0.82278
22.625 85.375 1.0233
22.625 85.625 0.41852
22.625 85.875 0.13112
22.625 86.125 -0.37736
22.625 86.375 0.065558
22.625 86.625 -0.12721
22.625 86.875 0.61266
22.625 87.125 1.1217
22.625 87.375 0.59313
22.625 87.625 0.91858
22.625 87.875 0.85794
22.625 88.125 1.0587
22.625 88.375 0.34953
22.625 88.625 0.43097
22.625 88.875 0.39589
22.625 92.625 0.027743
22.625 92.875 1.1183
22.875 69.375 -0.26672
22.875 69.625 -0.16459
22.875 69.875 -0.26482
22.875 70.625 0.66388
22.875 70.875 0.40155
22.875 71.125 -0.61791
22.875 71.375 -0.87271
22.875 71.625 -0.4394
22.875 71.875 -0.53113
22.875 72.125 -0.36593
22.875 72.375 0.2738
22.875 72.625 1.0242
22.875 72.875 -0.03574
22.875 73.125 0.94099
22.875 73.375 0.60486
22.875 73.625 -0.68205
22.875 73.875 -1.4034
22.875 74.125 -0.60152
22.875 74.375 -0.49935
22.875 74.625 -0.58533
22.875 74.875 -0.39921
22.875 75.125 -0.35576
22.875 75.375 0.87045
22.875 75.625 0.52097
22.875 75.875 0.30192
22.875 76.125 0.39863
22.875 76.375 -0.017337
22.875 76.625 0.13947
22.875 76.875 -0.48783
22.875 77.125 -0.17176
22.875 77.375 -1.0235
22.875 77.625 -0.77582
22.875 77.875 -0.32968
22.875 78.125 0.25459
22.875 78.375 0.095129
22.875 78.625 -0.089918
22.875 78.875 0.11732
22.875 79.125 0.14943
22.875 79.375 -0.17709
22.875 79.625 -0.94338
22.875 79.875 -0.40219
22.875 80.125 -0.62513
22.875 80.375 -0.19039
22.875 80.625 -0.47613
22.875 80.875 0.11062
22.875 81.125 0.087121
22.875 81.375 -0.67348
22.875 81.625 -0.53973
22.875 81.875 -0.30335
22.875 82.125 0.056367
22.875 82.375 -0.1885
22.875 82.625 -1.0723
22.875 82.875 -0.64885
22.875 83.125 -2.8531
22.875 83.375 -0.98395
22.875 83.625 0.66915
22.875 83.875 -0.66898
22.875 84.125 -1.0402
22.875 84.375 -0.52911
22.875 84.625 0.44152
22.875 84.875 0.38263
22.875 85.125 0.67972
22.875 85.375 1.0951
22.875 85.625 0.53868
22.875 85.875 0.20183
22.875 86.125 0.4326
22.875 86.375 0.12068
22.875 86.625 0.70566
22.875 86.875 0.91261
22.875 87.125 1.1869
22.875 87.375 0.8068
22.875 87.625 0.73353
22.875 87.875 -0.052439
22.875 88.125 0.38995
22.875 88.375 0.40965
22.875 88.625 0.4616
22.875 92.625 -0.025774
22.875 92.875 0.74683
23.125 68.875 -0.54039
23.125 69.125 -0.44818
23.125 69.375 -0.26323
23.125 69.625 -0.24155
23.125 69.875 -0.3698
23.125 70.125 -0.44801
23.125 70.875 -0.30052
23.125 71.125 0.072906
23.125 71.375 -0.43482
23.125 71.625 -0.34929
23.125 71.875 0.0060515
23.125 72.125 1.2649
23.125 72.375 0.12455
23.125 72.625 0.53582
23.125 72.875 -0.091592
23.125 73.125 -0.67245
23.125 73.375 0.63698
23.125 73.625 0.19641
23.125 73.875 -1.8493
23.125 74.125 -1.3294
23.125 74.375 -1.238
23.125 74.625 -1.3227
23.125 74.875 -0.4572
23.125 75.125 -0.07125
23.125 75.375 -0.9701
23.125 75.625 -0.28282
23.125 75.875 0.027375
23.125 76.125 -0.092637
23.125 76.375 -0.25122
23.125 76.625 -0.60137
23.125 76.875 0.1626
23.125 77.125 0.36266
23.125 77.375 -0.33371
23.125 77.625 -0.4763
23.125 77.875 -0.2025
23.125 78.125 -0.55092
23.125 78.375 -0.13623
23.125 78.625 -0.47818
23.125 78.875 -0.24563
23.125 79.125 0.074056
23.125 79.375 0.56864
23.125 79.625 -1.1105
23.125 79.875 0.27084
23.125 80.125 0.13075
23.125 80.375 -0.012673
23.125 80.625 0.31834
23.125 80.875 0.45298
23.125 81.125 0.64059
23.125 81.375 0.65749
23.125 81.625 -0.10661
23.125 81.875 0.49703
23.125 82.125 -0.25468
23.125 82.375 -0.41556
23.125 82.625 0.10933
23.125 82.875 -0.86556
23.125 83.125 -1.5809
23.125 83.375 1.0731
23.125 83.625 1.9605
23.125 83.875 1.466
23.125 84.125 -0.94313
23.125 84.375 -0.81281
23.125 84.625 -1.007
23.125 84.875 -0.40665
23.125 85.125 0.10311
23.125 85.375 0.93989
23.125 85.625 0.029708
23.125 85.875 -0.82219
23.125 86.125 -0.77076
23.125 86.375 0.46498
23.125 86.625 0.91067
23.125 86.875 0.8747
23.125 87.125 1.1459
23.125 87.375 1.2451
23.125 87.625 -0.22501
23.125 87.875 -0.81059
23.125 88.125 -0.23771
23.125 88.375 0.24163
23.125 88.625 0.51283
23.125 91.625 0.48463
23.125 92.625 -0.13526
23.125 92.875 -0.11253
23.125 93.125 0.11022
23.375 68.875 -0.48481
23.375 69.125 -0.32456
23.375 69.375 -0.24353
23.375 69.625 -0.18518
23.375 69.875 -0.22161
23.375 70.125 -0.054959
23.375 70.375 0.48809
23.375 70.625 0.64089
23.375 70.875 0.7372
23.375 71.125 -0.058642
23.375 71.375 -0.70286
23.375 71.625 -0.52208
23.375 71.875 0.44368
23.375 72.125 0.34656
23.375 72.375 0.0085278
23.375 72.625 0.019454
23.375 72.875 0.034255
23.375 73.125 -0.29322
23.375 73.375 -0.38781
23.375 73.625 -0.83777
23.375 73.875 -1.904
23.375 74.125 -1.515
23.375 74.375 -0.26798
23.375 74.625 -0.32325
23.375 74.875 0.11566
23.375 75.125 0.21534
23.375 75.375 0.53723
23.375 75.625 -0.25557
23.375 75.875 -0.11574
23.375 76.125 0.71594
23.375 76.375 0.35553
23.375 76.625 -0.58565
23.375 76.875 -0.77467
23.375 77.125 0.38024
23.375 77.375 -0.38308
23.375 77.625 -0.93251
23.375 77.875 0.089738
23.375 78.125 -0.19352
23.375 78.375 -0.3226
23.375 78.625 -0.35386
23.375 78.875 0.30306
23.375 79.125 0.21392
23.375 79.375 -0.19907
23.375 79.625 0.85223
23.375 79.875 0.071721
23.375 80.125 -0.25812
23.375 80.375 0.012937
23.375 80.625 0.75624
23.375 80.875 0.80908
23.375 81.125 0.62834
23.375 81.375 0.50262
23.375 81.625 0.40085
23.375 81.875 0.23398
23.375 82.125 -0.19408
23.375 82.375 0.5985
23.375 82.625 0.27777
23.375 82.875 -0.13439
23.375 83.125 0.24929
23.375 83.375 1.2505
23.375 83.625 1.6209
23.375 83.875 0.80103
23.375 84.125 -1.8871
23.375 84.375 -1.2472
23.375 84.625 -1.2922
23.375 84.875 -0.37855
23.375 85.125 0.16076
23.375 85.375 0.38492
23.375 85.625 0.22473
23.375 85.875 -0.71963
23.375 86.125 -1.4614
23.375 86.375 0.53841
23.375 86.625 0.22743
23.375 86.875 0.052528
23.375 87.125 1.0818
23.375 87.375 -0.035067
23.375 87.625 -1.037
23.375 87.875 -0.73288
23.375 88.125 -0.44624
23.375 88.375 -0.14068
23.375 88.625 0.1726
23.375 91.375 0.61213
23.375 91.625 0.38383
23.375 92.625 -0.40425
23.375 92.875 -0.62878
23.375 93.125 -2.1656
23.625 68.625 -0.49114
23.625 68.875 -0.49152
23.625 69.125 -0.44343
23.625 69.375 -0.35501
23.625 69.625 -0.29155
23.625 69.875 -0.64638
23.625 70.125 -0.44272
23.625 70.375 -0.018248
23.625 70.625 0.68106
23.625 70.875 0.73951
23.625 71.125 0.29235
23.625 71.375 0.84179
23.625 71.625 -0.4923
23.625 71.875 -0.53341
23.625 72.125 -0.36628
23.625 72.375 -0.43628
23.625 72.625 -0.091817
23.625 72.875 -0.41275
23.625 73.125 -0.61656
23.625 73.375 -0.70389
23.625 73.625 -0.83956
23.625 73.875 -0.90585
23.625 74.125 0.074219
23.625 74.375 -0.13493
23.625 74.625 0.28751
23.625 74.875 0.31007
23.625 75.125 -0.53855
23.625 75.375 0.47979
23.625 75.625 0.096243
23.625 75.875 0.72421
23.625 76.125 1.1693
23.625 76.375 1.1673
23.625 76.625 -0.16651
23.625 76.875 -1.9938
23.625 77.125 -0.063012
23.625 77.375 -0.12644
23.625 77.625 -0.73855
23.625 77.875 -0.2802
23.625 78.125 -0.39557
23.625 78.375 -0.22813
23.625 78.625 0.39304
23.625 78.875 0.64972
23.625 79.125 0.96568
23.625 79.375 0.98543
23.625 79.625 0.67667
23.625 79.875 1.0547
23.625 80.125 0.092624
23.625 80.375 -0.13
23.625 80.625 0.34753
23.625 80.875 0.41778
23.625 81.125 0.15633
23.625 81.375 0.23674
23.625 81.625 0.43518
23.625 81.875 -0.023977
23.625 82.125 -0.40471
23.625 82.375 0.58463
23.625 82.625 0.97393
23.625 82.875 0.73305
23.625 83.125 0.64482
23.625 83.375 0.61751
23.625 83.625 0.83696
23.625 83.875 -0.17845
23.625 84.125 -0.7799
23.625 84.375 0.27678
23.625 84.625 0.33579
23.625 84.875 -0.081181
23.625 85.125 -0.40951
23.625 85.375 0.11895
23.625 85.625 0.24145
23.625 85.875 1.0982
23.625 86.125 -3.8808
23.625 86.375 0.45198
23.625 86.625 1.1639
23.625 86.875 -0.78983
23.625 87.125 -0.07225
23.625 87.375 -0.49574
23.625 87.625 -0.01414
23.625 87.875 -0.67333
23.625 88.125 -0.64403
23.625 88.375 -0.45396
23.625 91.375 0.21968
23.625 91.625 0.61506
23.625 91.875 0.27953
23.625 92.375 -0.056554
23.625 92.625 -0.33227
23.625 92.875 -1.0768
23.625 93.125 -2.4222
23.875 68.875 -1.5282
23.875 69.125 -1.3855
23.875 69.375 -0.9966
23.875 69.625 -1.1678
23.875 69.875 -0.26895
23.875 70.125 -0.39909
23.875 70.375 -0.14466
23.875 70.625 -0.13985
23.875 70.875 0.14673
23.875 71.125 -0.16928
23.875 71.375 1.0081
23.875 71.625 1.1885
23.875 71.875 0.32847
23.875 72.125 -0.1418
23.875 72.375 -0.029742
23.875 72.625 -0.36358
23.875 72.875 -0.94567
23.875 73.125 -0.27194
23.875 73.375 -0.47196
23.875 73.625 -0.34913
23.875 73.875 -0.40139
23.875 74.125 0.085965
23.875 74.375 0.38458
23.875 74.625 0.16627
23.875 74.875 0.82425
23.875 75.125 0.26409
23.875 75.375 0.56643
23.875 75.625 0.21772
23.875 75.875 1.0323
23.875 76.125 1.4116
23.875 76.375 1.126
23.875 76.625 0.082372
23.875 76.875 0.70951
23.875 77.125 0.86897
23.875 77.375 0.18615
23.875 77.625 0.34257
23.875 77.875 0.04251
23.875 78.125 -0.12128
23.875 78.375 -0.13523
23.875 78.625 0.2723
23.875 78.875 0.73944
23.875 79.125 0.828
23.875 79.375 1.4342
23.875 79.625 0.51801
23.875 79.875 0.10252
23.875 80.125 0.064272
23.875 80.375 -0.66874
23.875 80.625 0.18226
23.875 80.875 0.36098
23.875 81.125 -0.098526
23.875 81.375 0.14076
23.875 81.625 0.28889
23.875 81.875 -0.13215
23.875 82.125 -0.26307
23.875 82.375 0.52962
23.875 82.625 0.68862
23.875 82.875 0.74083
23.875 83.125 -0.38871
23.875 83.375 -0.37761
23.875 83.625 0.35562
23.875 83.875 0.090926
23.875 84.125 -0.18575
23.875 84.375 -0.32952
23.875 84.625 -0.89408
23.875 84.875 -1.0704
23.875 85.125 -1.7403
23.875 85.375 -1.2232
23.875 85.625 -0.12331
23.875 85.875 -0.69428
23.875 86.125 -0.70428
23.875 86.375 0.68287
23.875 86.625 0.28622
23.875 86.875 0.0059425
23.875 87.125 0.29084
23.875 87.375 -0.23608
23.875 87.625 -0.7463
23.875 87.875 -0.65651
23.875 88.125 -0.80628
23.875 88.375 -0.88057
23.875 91.375 0.39723
23.875 91.625 0.73909
23.875 91.875 0.76688
23.875 92.125 0.24508
23.875 92.375 0.18443
23.875 92.625 -0.26534
23.875 92.875 -2.4306
23.875 93.125 -3.2453
23.875 93.375 -2.887
24.125 68.875 -0.55433
24.125 69.125 -1.4617
24.125 69.375 -0.48124
24.125 69.625 -0.17563
24.125 69.875 -0.40205
24.125 70.125 -0.23703
24.125 70.375 -0.43294
24.125 70.625 -0.73498
24.125 70.875 -0.70893
24.125 71.125 -0.62959
24.125 71.375 -0.1729
24.125 71.625 -0.11164
24.125 71.875 -0.088559
24.125 72.125 0.14252
24.125 72.375 -0.18243
24.125 72.625 0.093445
24.125 72.875 -0.30224
24.125 73.125 -0.61928
24.125 73.375 -0.73856
24.125 73.625 -0.023538
24.125 73.875 -0.054829
24.125 74.125 0.018011
24.125 74.375 0.22787
24.125 74.625 0.49276
24.125 74.875 0.099676
24.125 75.125 -0.45713
24.125 75.375 0.38666
24.125 75.625 0.12477
24.125 75.875 -0.24064
24.125 76.125 -0.092019
24.125 76.375 0.62018
24.125 76.625 0.71456
24.125 76.875 1.1973
24.125 77.125 0.29757
24.125 77.375 0.22408
24.125 77.625 0.43351
24.125 77.875 0.26577
24.125 78.125 -0.23403
24.125 78.375 0.013543
24.125 78.625 0.20257
24.125 78.875 -0.13456
24.125 79.125 0.088485
24.125 79.375 0.70362
24.125 79.625 -0.83433
24.125 79.875 0.42328
24.125 80.125 -0.2363
24.125 80.375 -0.4261
24.125 80.625 0.26119
24.125 80.875 0.69983
24.125 81.125 0.046318
24.125 81.375 0.24373
24.125 81.625 0.15694
24.125 81.875 0.15934
24.125 82.125 0.27515
24.125 82.375 0.32594
24.125 82.625 0.15741
24.125 82.875 0.24492
24.125 83.125 -0.14757
24.125 83.375 -1.4899
24.125 83.625 -1.1649
24.125 83.875 -0.30173
24.125 84.125 -0.44387
24.125 84.375 -0.44245
24.125 84.625 -0.95413
24.125 84.875 -1.5234
24.125 85.125 -1.7017
24.125 85.375 -1.6692
24.125 85.625 -2.1838
24.125 85.875 -0.96561
24.125 86.125 -0.42713
24.125 86.375 -1.4176
24.125 86.625 -0.062947
24.125 86.875 -0.12672
24.125 87.125 -0.75314
24.125 87.375 -0.39789
24.125 87.625 -0.25767
24.125 87.875 -0.37848
24.125 88.125 -0.51964
24.125 88.375 -0.51552
24.125 91.875 1.1312
24.125 92.125 0.84471
24.125 92.375 0.74783
24.125 92.625 0.30134
24.125 92.875 -1.9095
24.125 93.125 -3.506
24.125 93.375 -1.8307
24.125 93.625 -1.5565
24.125 93.875 -1.474
24.125 94.125 -1.2726
24.375 71.375 -0.46562
24.375 71.625 -0.16642
24.375 71.875 -0.32638
24.375 72.125 -0.052552
24.375 72.375 -0.55688
24.375 72.625 0.1239
24.375 72.875 -0.49529
24.375 73.125 -0.56086
24.375 73.375 -0.49187
24.375 73.625 -0.32448
24.375 73.875 -0.16947
24.375 74.125 -0.44458
24.375 74.375 0.49759
24.375 74.625 -0.0045025
24.375 74.875 -0.2878
24.375 75.125 -0.23885
24.375 75.375 0.10672
24.375 75.625 0.3166
24.375 75.875 0.47057
24.375 76.125 -0.94079
24.375 76.375 0.46063
24.375 76.625 1.0669
24.375 76.875 1.0974
24.375 77.125 0.26215
24.375 77.375 0.28194
24.375 77.625 0.66003
24.375 77.875 1.1685
24.375 78.125 0.65456
24.375 78.375 0.69444
24.375 78.625 -0.32376
24.375 78.875 0.44138
24.375 79.125 0.13699
24.375 79.375 -0.39475
24.375 79.625 -0.069388
24.375 79.875 0.031613
24.375 80.125 -0.1758
24.375 80.375 0.83376
24.375 80.625 0.88026
24.375 80.875 -0.16257
24.375 81.125 0.36579
24.375 81.375 0.22709
24.375 81.625 0.52174
24.375 81.875 0.91577
24.375 82.125 0.28859
24.375 82.375 0.20739
24.375 82.625 0.16537
24.375 82.875 0.30099
24.375 83.125 0.15271
24.375 83.375 -0.507
24.375 83.625 -0.56368
24.375 83.875 -0.56583
24.375 84.125 -0.21085
24.375 84.375 0.23719
24.375 84.625 -0.53528
24.375 84.875 -0.72096
24.375 85.125 -0.37759
24.375 85.375 -1.2583
24.375 85.625 -1.3305
24.375 85.875 -1.2988
24.375 86.125 -1.7357
24.375 86.375 -1.9022
24.375 86.625 -0.30936
24.375 86.875 -0.61296
24.375 87.125 -1.3294
24.375 87.375 -1.2975
24.375 87.625 -0.1933
24.375 87.875 -0.58625
24.375 88.125 -0.29868
24.375 92.375 0.26061
24.375 92.625 -0.33662
24.375 92.875 -1.6321
24.375 93.125 -3.3716
24.375 93.375 -1.9865
24.375 93.625 -1.8451
24.375 93.875 -1.338
24.375 94.125 -0.27343
24.625 71.125 -1.3355
24.625 71.375 -0.42558
24.625 71.625 -0.34152
24.625 71.875 -0.80924
24.625 72.125 -0.94192
24.625 72.375 -0.60842
24.625 72.625 -0.23096
24.625 72.875 -0.094343
24.625 73.125 -0.20859
24.625 73.375 0.0033173
24.625 73.625 -0.093459
24.625 73.875 -0.18071
24.625 74.125 0.055355
24.625 74.375 0.42702
24.625 74.625 0.29821
24.625 74.875 -0.31454
24.625 75.125 -0.63099
24.625 75.375 -0.31102
24.625 75.625 -0.26812
24.625 75.875 -0.085289
24.625 76.125 -0.17081
24.625 76.375 0.19305
24.625 76.625 0.57162
24.625 76.875 0.92308
24.625 77.125 0.15846
24.625 77.375 -0.19438
24.625 77.625 -0.26926
24.625 77.875 0.75854
24.625 78.125 0.76815
24.625 78.375 0.25559
24.625 78.625 0.21771
24.625 78.875 0.49187
24.625 79.125 0.12944
24.625 79.375 -0.14058
24.625 79.625 0.15857
24.625 79.875 1.0336
24.625 80.125 0.64528
24.625 80.375 1.1045
24.625 80.625 1.3876
24.625 80.875 -1.2585
24.625 81.125 -1.2175
24.625 81.375 0.98786
24.625 81.625 1.2445
24.625 81.875 1.2964
24.625 82.125 -0.5687
24.625 82.375 -0.058682
24.625 82.625 0.54967
24.625 82.875 0.65733
24.625 83.125 0.4713
24.625 83.375 -0.47735
24.625 83.625 -0.040931
24.625 83.875 -0.85903
24.625 84.125 0.14874
24.625 84.375 0.069101
24.625 84.625 -1.4752
24.625 84.875 -0.63149
24.625 85.125 -0.89976
24.625 85.375 -0.80822
24.625 85.625 -2.1536
24.625 85.875 -1.0805
24.625 86.125 -1.7651
24.625 86.375 -1.132
24.625 86.625 -0.22614
24.625 86.875 -0.35644
24.625 87.125 -1.8752
24.625 87.375 -2.4053
24.625 87.625 -1.0855
24.625 87.875 -0.53801
24.625 92.375 0.22682
24.625 92.625 -0.33997
24.625 92.875 -1.2783
24.625 93.125 -1.0154
24.625 93.375 -0.5734
24.625 93.625 -1.6588
24.625 93.875 -1.1291
24.625 94.125 -0.077582
24.625 94.375 -0.16136
24.875 71.125 -0.73492
24.875 71.375 -1.1336
24.875 71.625 -1.2922
24.875 71.875 -1.8744
24.875 72.125 -1.2502
24.875 72.375 -1.0438
24.875 72.625 -1.0575
24.875 72.875 -1.3855
24.875 73.125 -1.7917
24.875 73.375 -0.64093
24.875 73.625 -0.39115
24.875 73.875 0.27847
24.875 74.125 0.30571
24.875 74.375 0.16431
24.875 74.625 0.49156
24.875 74.875 -0.36545
24.875 75.125 -0.7905
24.875 75.375 -0.83597
24.875 75.625 -0.62659
24.875 75.875 0.048296
24.875 76.125 -0.22895
24.875 76.375 -0.039272
24.875 76.625 0.51338
24.875 76.875 0.86249
24.875 77.125 0.45619
24.875 77.375 0.49053
24.875 77.625 -0.032092
24.875 77.875 0.29847
24.875 78.125 1.4044
24.875 78.375 -0.10196
24.875 78.625 -0.063013
24.875 78.875 1.2123
24.875 79.125 0.71551
24.875 79.375 0.47646
24.875 79.625 0.65004
24.875 79.875 1.435
24.875 80.125 0.62849
24.875 80.375 0.71672
24.875 80.625 1.0373
24.875 80.875 -0.31262
24.875 81.125 -1.2746
24.875 81.375 -1.0866
24.875 81.625 1.2328
24.875 81.875 0.89334
24.875 82.125 -0.19744
24.875 82.375 -0.27104
24.875 82.625 1.7675
24.875 82.875 -1.0205
24.875 83.125 -0.85163
24.875 83.375 -0.873
24.875 83.625 -0.13796
24.875 83.875 -1.037
24.875 84.125 -0.90217
24.875 84.375 -1.9741
24.875 84.625 -2.0036
24.875 84.875 -0.67334
24.875 85.125 -0.60677
24.875 85.375 -1.0571
24.875 85.625 -0.048886
24.875 85.875 -0.473
24.875 86.125 -1.7442
24.875 86.375 -0.76393
24.875 86.625 -0.76346
24.875 86.875 -1.1637
24.875 87.125 -2.7336
24.875 87.375 -2.2613
24.875 87.625 -0.11053
24.875 87.875 -0.14931
24.875 88.125 0.20853
24.875 92.625 0.29307
24.875 92.875 -0.0077609
24.875 93.125 1.183
24.875 93.375 -1.3163
24.875 93.625 -0.65534
24.875 93.875 0.16724
24.875 94.125 -0.36192
24.875 94.375 0.10631
25.125 71.125 -0.72505
25.125 71.375 -1.3085
25.125 71.625 -1.7968
25.125 71.875 -2.1113
25.125 72.125 -1.4956
25.125 72.375 -0.55708
25.125 72.625 -0.87263
25.125 72.875 -1.3176
25.125 73.125 -1.3262
25.125 73.375 -0.68471
25.125 73.625 0.18885
25.125 73.875 -0.59997
25.125 74.125 -0.33084
25.125 74.375 -0.21692
25.125 74.625 -0.021797
25.125 74.875 -0.27366
25.125 75.125 -0.37123
25.125 75.375 0.12636
25.125 75.625 -0.15533
25.125 75.875 -0.61641
25.125 76.125 -0.56895
25.125 76.375 -0.095855
25.125 76.625 0.68071
25.125 76.875 0.8562
25.125 77.125 0.66281
25.125 77.375 0.64725
25.125 77.625 0.8188
25.125 77.875 0.89267
25.125 78.125 1.469
25.125 78.375 0.47311
25.125 78.625 0.34105
25.125 78.875 0.2881
25.125 79.125 0.52085
25.125 79.375 0.68928
25.125 79.625 0.46087
25.125 79.875 1.4772
25.125 80.125 0.11658
25.125 80.375 0.54626
25.125 80.625 1.1298
25.125 80.875 0.43778
25.125 81.125 -1.3937
25.125 81.375 -0.061226
25.125 81.625 -1.3814
25.125 81.875 -0.24585
25.125 82.125 0.12919
25.125 82.375 1.444
25.125 82.625 0.5061
25.125 82.875 -0.34058
25.125 83.125 -1.2191
25.125 83.375 -1.1344
25.125 83.625 0.028032
25.125 83.875 -0.61301
25.125 84.125 -0.5626
25.125 84.375 -1.1898
25.125 84.625 -1.5442
25.125 84.875 -1.1684
25.125 85.125 -0.28103
25.125 85.375 -0.83519
25.125 85.625 0.66734
25.125 85.875 0.52347
25.125 86.125 -0.067105
25.125 86.375 -0.30518
25.125 86.625 0.23299
25.125 86.875 -1.5172
25.125 87.125 -0.38009
25.125 87.375 -1.0304
25.125 87.625 -0.37492
25.125 87.875 0.27715
25.125 88.125 0.4608
25.125 88.375 0.13181
25.125 92.375 -0.74375
25.125 92.625 -0.21397
25.125 92.875 0.10219
25.125 93.125 1.035
25.125 93.375 -0.58111
25.125 93.625 -0.48965
25.125 93.875 -0.23045
25.125 94.125 0.18282
25.125 94.375 0.27125
25.375 70.875 -0.60315
25.375 71.125 -1.102
25.375 71.375 -1.2913
25.375 71.625 -1.3847
25.375 71.875 -2.1398
25.375 72.125 -0.75791
25.375 72.375 -0.46306
25.375 72.625 -0.76192
25.375 72.875 -0.79927
25.375 73.125 -0.70816
25.375 73.375 -0.25681
25.375 73.625 0.6767
25.375 73.875 -0.28262
25.375 74.125 -0.36622
25.375 74.375 -0.18506
25.375 74.625 0.030367
25.375 74.875 0.37525
25.375 75.125 0.27799
25.375 75.375 -0.096266
25.375 75.625 0.44185
25.375 75.875 0.15302
25.375 76.125 0.24152
25.375 76.375 0.050737
25.375 76.625 0.31405
25.375 76.875 0.41648
25.375 77.125 0.80834
25.375 77.375 0.97519
25.375 77.625 1.2461
25.375 77.875 1.3407
25.375 78.125 0.70325
25.375 78.375 0.88882
25.375 78.625 -0.7932
25.375 78.875 -1.4235
25.375 79.125 0.58269
25.375 79.375 1.5659
25.375 79.625 0.8135
25.375 79.875 1.3256
25.375 80.125 1.1445
25.375 80.375 1.064
25.375 80.625 1.0052
25.375 80.875 -1.3862
25.375 81.125 -1.116
25.375 81.375 0.63393
25.375 81.625 0.66835
25.375 81.875 -1.3601
25.375 82.125 -1.407
25.375 82.375 -2.0237
25.375 82.625 -1.5401
25.375 82.875 -0.9039
25.375 83.125 -1.1636
25.375 83.375 0.51445
25.375 83.625 0.38132
25.375 83.875 0.38301
25.375 84.125 -0.1105
25.375 84.375 -0.78104
25.375 84.625 -0.87856
25.375 84.875 0.20346
25.375 85.125 -0.88238
25.375 85.375 -1.4878
25.375 85.625 -0.31405
25.375 85.875 1.113
25.375 86.125 0.97755
25.375 86.375 0.38577
25.375 86.625 0.11197
25.375 86.875 -0.33207
25.375 87.125 -1.0093
25.375 87.375 -0.65774
25.375 87.625 0.46811
25.375 87.875 0.31714
25.375 88.125 0.34849
25.375 88.375 -0.089718
25.375 88.625 -0.15001
25.375 90.125 0.283
25.375 90.375 0.068485
25.375 90.625 0.22731
25.375 90.875 0.17756
25.375 91.125 0.34243
25.375 91.375 0.9243
25.375 91.625 -0.007521
25.375 91.875 -0.05108
25.375 92.125 -0.61139
25.375 92.375 -0.54707
25.375 92.625 -0.75773
25.375 92.875 0.47237
25.375 93.125 -0.25208
25.375 93.375 -0.38374
25.375 93.625 0.59431
25.375 93.875 -0.13116
25.375 94.125 0.44467
25.375 94.375 0.92528
25.625 70.875 -0.68927
25.625 71.125 -1.3171
25.625 71.375 -1.3872
25.625 71.625 -1.3408
25.625 71.875 -0.94226
25.625 72.125 -0.44852
25.625 72.375 -0.4716
25.625 72.625 -1.1051
25.625 72.875 -0.86284
25.625 73.125 -0.5477
25.625 73.375 -0.50123
25.625 73.625 0.014999
25.625 73.875 -0.054125
25.625 74.125 0.38598
25.625 74.375 0.079529
25.625 74.625 0.19663
25.625 74.875 1.1493
25.625 75.125 0.42185
25.625 75.375 -0.030971
25.625 75.625 0.50774
25.625 75.875 0.31918
25.625 76.125 0.14489
25.625 76.375 -0.0053978
25.625 76.625 -0.11781
25.625 76.875 0.21052
25.625 77.125 0.36968
25.625 77.375 0.9248
25.625 77.625 1.2178
25.625 77.875 0.97595
25.625 78.125 0.69121
25.625 78.375 0.14662
25.625 78.625 0.036132
25.625 78.875 -0.58833
25.625 79.125 1.5924
25.625 79.375 1.4693
25.625 79.625 0.82835
25.625 79.875 0.5928
25.625 80.125 0.99917
25.625 80.375 0.93235
25.625 80.625 -1.4657
25.625 80.875 -1.8256
25.625 81.125 0.27561
25.625 81.375 0.5449
25.625 81.625 -0.76306
25.625 81.875 -0.48395
25.625 82.125 -1.3651
25.625 82.375 -0.1448
25.625 82.625 -1.3141
25.625 82.875 -1.3431
25.625 83.125 -0.88993
25.625 83.375 0.20149
25.625 83.625 0.4866
25.625 83.875 -0.11577
25.625 84.125 -1.48
25.625 84.375 -1.1488
25.625 84.625 0.32735
25.625 84.875 0.022198
25.625 85.125 -1.0048
25.625 85.375 -0.83893
25.625 85.625 -0.41055
25.625 85.875 -0.68153
25.625 86.125 -0.67118
25.625 86.375 -0.36443
25.625 86.625 -0.97828
25.625 86.875 0.071809
25.625 87.125 -0.13405
25.625 87.375 -0.59519
25.625 87.625 -0.3013
25.625 87.875 -0.27941
25.625 88.125 -0.36269
25.625 90.125 1.0159
25.625 90.375 0.41534
25.625 90.625 -0.18996
25.625 90.875 0.72342
25.625 91.125 1.391
25.625 91.375 1.125
25.625 91.625 0.7236
25.625 91.875 -0.032377
25.625 92.125 -0.62859
25.625 92.375 -0.70196
25.625 92.625 -1.1803
25.625 92.875 -0.53403
25.625 93.125 -0.87512
25.625 93.375 -0.64927
25.625 93.625 0.32819
25.625 93.875 0.88172
25.625 94.125 1.197
25.625 94.375 1.3104
25.625 94.625 1.2822
25.625 94.875 0.91027
25.875 70.375 -0.068056
25.875 70.625 -0.28013
25.875 70.875 -0.47591
25.875 71.125 -0.38332
25.875 71.375 -1.3106
25.875 71.625 -1.1453
25.875 71.875 -0.62554
25.875 72.125 -0.33205
25.875 72.375 -0.51835
25.875 72.625 -1.1657
25.875 72.875 -1.0559
25.875 73.125 -0.63953
25.875 73.375 -0.28145
25.875 73.625 -0.082096
25.875 73.875 0.081521
25.875 74.125 0.10764
25.875 74.375 0.39982
25.875 74.625 0.90151
25.875 74.875 0.67765
25.875 75.125 -0.10075
25.875 75.375 -0.63165
25.875 75.625 0.085566
25.875 75.875 0.19159
25.875 76.125 -0.064037
25.875 76.375 -0.2106
25.875 76.625 -0.41196
25.875 76.875 -0.015184
25.875 77.125 0.17343
25.875 77.375 0.77233
25.875 77.625 1.0897
25.875 77.875 0.48912
25.875 78.125 1.1764
25.875 78.375 0.80985
25.875 78.625 1.0526
25.875 78.875 0.43218
25.875 79.125 0.5039
25.875 79.375 0.056753
25.875 79.625 -0.24262
25.875 79.875 0.49081
25.875 80.125 0.045231
25.875 80.375 -0.41139
25.875 80.625 -1.2677
25.875 80.875 -1.5799
25.875 81.125 -1.0969
25.875 81.375 1.0246
25.875 81.625 -0.2509
25.875 81.875 -0.15224
25.875 82.125 -1.6757
25.875 82.375 -0.67307
25.875 82.625 -0.83657
25.875 82.875 0.40899
25.875 83.125 -1.4637
25.875 83.375 -1.1316
25.875 83.625 0.57394
25.875 83.875 -1.0743
25.875 84.125 0.51448
25.875 84.375 -1.2985
25.875 84.625 -0.22775
25.875 84.875 -1.2578
25.875 85.125 -0.46951
25.875 85.375 -0.68155
25.875 85.625 -0.42964
25.875 85.875 -0.79683
25.875 86.125 -0.69114
25.875 86.375 -0.11512
25.875 86.625 0.45585
25.875 86.875 0.40629
25.875 87.125 -0.35364
25.875 87.375 -0.6576
25.875 87.625 -1.7466
25.875 87.875 -1.1324
25.875 90.125 -0.557
25.875 90.375 -0.59129
25.875 90.625 0.17164
25.875 90.875 0.20432
25.875 91.125 0.81751
25.875 91.375 0.89569
25.875 91.625 -0.58788
25.875 91.875 -0.9562
25.875 92.125 -0.57466
25.875 92.375 -0.82215
25.875 92.625 -0.87448
25.875 92.875 -0.98572
25.875 93.125 -2.5767
25.875 93.375 -2.3797
25.875 93.625 -0.55869
25.875 93.875 1.1086
25.875 94.125 1.2407
25.875 94.375 1.0399
25.875 94.625 0.70447
25.875 94.875 0.80217
26.125 70.375 -0.16459
26.125 70.625 -0.50077
26.125 70.875 -0.84602
26.125 71.125 -1.35
26.125 71.375 -1.1369
26.125 71.625 -0.7261
26.125 71.875 -0.57391
26.125 72.125 -0.19889
26.125 72.375 -0.82039
26.125 72.625 -0.90362
26.125 72.875 -0.87632
26.125 73.125 -0.94965
26.125 73.375 -0.67282
26.125 73.625 0.22631
26.125 73.875 0.21491
26.125 74.125 -0.37392
26.125 74.375 0.06196
26.125 74.625 -0.11542
26.125 74.875 0.56505
26.125 75.125 0.81815
26.125 75.375 -0.13497
26.125 75.625 -0.3221
26.125 75.875 -0.77059
26.125 76.125 -0.98698
26.125 76.375 -0.29718
26.125 76.625 0.24492
26.125 76.875 0.14752
26.125 77.125 -0.21219
26.125 77.375 0.41693
26.125 77.625 0.79085
26.125 77.875 0.49579
26.125 78.125 0.88654
26.125 78.375 1.6558
26.125 78.625 1.7031
26.125 78.875 1.0845
26.125 79.125 0.90729
26.125 79.375 0.45584
26.125 79.625 -0.88823
26.125 79.875 -0.3599
26.125 80.125 0.58898
26.125 80.375 -0.10454
26.125 80.625 -1.6968
26.125 80.875 0.77809
26.125 81.125 0.27922
26.125 81.375 -1.8746
26.125 81.625 0.24779
26.125 81.875 0.036407
26.125 82.125 -1.013
26.125 82.375 -1.1457
26.125 82.625 -0.49397
26.125 82.875 0.099566
26.125 83.125 -1.4691
26.125 83.375 -1.8096
26.125 83.625 -1.8332
26.125 83.875 -0.18938
26.125 84.125 0.60044
26.125 84.375 -0.80762
26.125 84.625 -0.26694
26.125 84.875 -1.8996
26.125 85.125 0.49485
26.125 85.375 -1.8629
26.125 85.625 -0.64565
26.125 85.875 0.93656
26.125 86.125 -0.19475
26.125 86.375 -0.53995
26.125 86.625 0.16368
26.125 86.875 0.24656
26.125 87.125 0.024569
26.125 87.375 -0.57827
26.125 87.625 -0.60128
26.125 87.875 -0.27527
26.125 88.125 -0.5119
26.125 89.375 -0.62271
26.125 89.875 -0.1571
26.125 90.125 -0.84705
26.125 90.375 -0.25043
26.125 90.625 -0.90654
26.125 90.875 -0.44592
26.125 91.125 -0.66966
26.125 91.375 0.19139
26.125 91.625 -1.6119
26.125 91.875 -1.3283
26.125 92.125 -0.2321
26.125 92.375 0.6822
26.125 92.625 0.78666
26.125 92.875 -0.80393
26.125 93.125 -1.8836
26.125 93.375 -0.44896
26.125 93.625 0.19547
26.125 93.875 1.5487
26.125 94.125 1.4417
26.125 94.375 0.9168
26.125 94.625 0.45582
26.125 94.875 0.48656
26.375 70.375 -0.95416
26.375 70.625 -0.85901
26.375 70.875 -0.66806
26.375 71.125 -0.84703
26.375 71.375 -1.1604
26.375 71.625 -0.58046
26.375 71.875 -0.39768
26.375 72.125 -0.33283
26.375 72.375 -0.79389
26.375 72.625 -1.4394
26.375 72.875 -0.7806
26.375 73.125 -1.3667
26.375 73.375 -1.2055
26.375 73.625 -0.30886
26.375 73.875 -0.16315
26.375 74.125 -0.28189
26.375 74.375 0.73583
26.375 74.625 -1.605
26.375 74.875 0.0035342
26.375 75.125 0.097427
26.375 75.375 0.046547
26.375 75.625 -0.2655
26.375 75.875 -0.48317
26.375 76.125 -0.51219
26.375 76.375 -0.28758
26.375 76.625 0.45771
26.375 76.875 0.33448
26.375 77.125 0.34617
26.375 77.375 1.2435
26.375 77.625 0.9328
26.375 77.875 -0.20832
26.375 78.125 0.70603
26.375 78.375 0.36901
26.375 78.625 1.4825
26.375 78.875 1.4807
26.375 79.125 1.391
26.375 79.375 -1.3073
26.375 79.625 -1.4926
26.375 79.875 0.98886
26.375 80.125 1.2729
26.375 80.375 -0.24366
26.375 80.625 -0.72038
26.375 80.875 0.5448
26.375 81.125 -0.6825
26.375 81.375 -2.7445
26.375 81.625 -2.2596
26.375 81.875 -1.2839
26.375 82.125 -1.0784
26.375 82.375 -0.3571
26.375 82.625 -0.86882
26.375 82.875 0.27404
26.375 83.125 -0.29898
26.375 83.375 -1.2626
26.375 83.625 -0.076254
26.375 83.875 0.089483
26.375 84.125 0.22883
26.375 84.375 -0.27906
26.375 84.625 -0.96392
26.375 84.875 -1.702
26.375 85.125 -0.86872
26.375 85.375 -1.1402
26.375 85.625 -0.5966
26.375 85.875 -0.3502
26.375 86.125 -0.56798
26.375 86.375 -2.0755
26.375 86.625 -1.8081
26.375 86.875 -0.15246
26.375 87.125 -0.5392
26.375 87.625 -0.86992
26.375 87.875 -1.2076
26.375 88.125 -0.80364
26.375 88.375 -0.64344
26.375 88.875 0.0013398
26.375 89.375 -0.18544
26.375 89.625 -0.47213
26.375 89.875 -0.45671
26.375 90.125 0.15096
26.375 90.375 0.1377
26.375 90.625 -0.20365
26.375 90.875 -0.49328
26.375 91.125 -1.8127
26.375 91.375 -0.71929
26.375 91.625 -1.6483
26.375 91.875 -1.312
26.375 92.125 0.25815
26.375 92.375 0.36342
26.375 92.625 0.30402
26.375 92.875 0.081219
26.375 93.125 -0.54273
26.375 93.375 -0.8447
26.375 93.625 0.067142
26.375 93.875 1.0293
26.375 94.125 1.1956
26.375 94.375 0.50803
26.375 94.625 0.34826
26.375 94.875 0.20248
26.625 69.875 -0.84619
26.625 70.125 -0.77609
26.625 70.375 -0.85028
26.625 70.625 -0.86106
26.625 70.875 -0.69799
26.625 71.125 -0.84117
26.625 71.375 -0.40594
26.625 71.625 -0.69232
26.625 71.875 -0.69592
26.625 72.125 -0.53691
26.625 72.375 -1.137
26.625 72.625 -1.4144
26.625 72.875 -1.4114
26.625 73.125 -0.98429
26.625 73.375 -1.2608
26.625 73.625 -0.51026
26.625 73.875 -0.21434
26.625 74.125 0.12755
26.625 74.375 0.21075
26.625 74.625 -0.31804
26.625 74.875 0.34318
26.625 75.125 -0.12005
26.625 75.375 0.18328
26.625 75.625 0.10538
26.625 75.875 -0.52746
26.625 76.125 0.13778
26.625 76.375 0.44826
26.625 76.625 -0.24741
26.625 76.875 0.49702
26.625 77.125 1.2714
26.625 77.375 1.3084
26.625 77.625 1.0486
26.625 77.875 -0.87585
26.625 78.125 0.6349
26.625 78.375 1.5234
26.625 78.625 1.342
26.625 78.875 0.76063
26.625 79.125 -0.87017
26.625 79.375 0.2849
26.625 79.625 0.86101
26.625 79.875 0.18207
26.625 80.125 -0.94555
26.625 80.375 0.73019
26.625 80.625 -0.080157
26.625 80.875 0.53407
26.625 81.125 0.79477
26.625 81.375 -0.060505
26.625 81.625 -0.87939
26.625 81.875 0.81751
26.625 82.125 -0.72412
26.625 82.375 0.50913
26.625 82.625 -2.4921
26.625 82.875 -0.58339
26.625 83.125 -0.30214
26.625 83.375 -1.3296
26.625 83.625 -1.0954
26.625 83.875 -1.0242
26.625 84.125 0.83393
26.625 84.375 -0.54095
26.625 84.625 -1.3029
26.625 84.875 -1.8951
26.625 85.125 -1.2938
26.625 85.375 -1.4596
26.625 85.625 -1.0662
26.625 86.125 -0.64922
26.625 88.375 -1.592
26.625 88.625 0.44547
26.625 88.875 -0.12503
26.625 89.125 -0.046552
26.625 89.375 -0.30026
26.625 89.625 -0.38073
26.625 89.875 -0.99312
26.625 90.125 -1.1056
26.625 90.375 -1.9071
26.625 90.625 -1.6785
26.625 90.875 -1.3553
26.625 91.125 -0.28884
26.625 91.375 0.43866
26.625 91.625 -1.9752
26.625 91.875 -0.75539
26.625 92.125 -0.088828
26.625 92.375 -0.23304
26.625 92.625 -0.64224
26.625 92.875 0.23157
26.625 93.125 0.1099
26.625 93.375 -0.55557
26.625 93.625 0.016488
26.625 93.875 0.20018
26.625 94.125 -0.98605
26.625 94.375 -0.25105
26.625 94.625 0.28228
26.625 94.875 0.5045
26.625 95.125 0.8147
26.875 69.625 -0.70076
26.875 69.875 -0.74126
26.875 70.125 -0.74449
26.875 70.375 -0.75953
26.875 70.625 -0.71495
26.875 70.875 -0.99967
26.875 71.125 -0.73038
26.875 71.375 -0.38824
26.875 71.625 0.24139
26.875 71.875 0.047558
26.875 72.125 0.44757
26.875 72.375 0.23081
26.875 72.625 -0.1095
26.875 72.875 0.42259
26.875 73.125 0.20559
26.875 73.375 0.23549
26.875 73.625 0.29489
26.875 73.875 0.37419
26.875 74.125 0.35298
26.875 74.375 0.56015
26.875 74.625 0.4834
26.875 74.875 0.87778
26.875 75.125 0.35176
26.875 75.375 -0.045308
26.875 75.625 -1.197
26.875 75.875 -0.39075
26.875 76.125 0.62095
26.875 76.375 0.70801
26.875 76.625 0.15894
26.875 76.875 0.64474
26.875 77.125 1.1527
26.875 77.375 0.58273
26.875 77.625 0.83196
26.875 77.875 0.32989
26.875 78.125 0.13915
26.875 78.375 0.94056
26.875 78.625 0.36522
26.875 78.875 0.64647
26.875 79.125 1.0799
26.875 79.375 1.2487
26.875 79.625 1.1958
26.875 79.875 0.97914
26.875 80.125 -0.84799
26.875 80.375 0.20782
26.875 80.625 0.66627
26.875 80.875 0.4032
26.875 81.125 0.19527
26.875 81.375 0.24248
26.875 81.625 -1.1206
26.875 81.875 0.52099
26.875 82.125 0.073442
26.875 82.375 -2.0105
26.875 82.625 -1.8483
26.875 82.875 -0.48135
26.875 83.125 -0.93918
26.875 83.375 -1.9924
26.875 83.625 -1.6316
26.875 83.875 -1.0907
26.875 84.125 0.55193
26.875 84.375 -0.3727
26.875 84.625 -0.5679
26.875 84.875 -1.7976
26.875 88.375 -0.40134
26.875 88.625 -0.33459
26.875 88.875 -0.20099
26.875 92.375 -0.77237
26.875 92.625 -0.018448
26.875 92.875 0.45962
26.875 93.125 0.31618
26.875 93.375 -0.78918
26.875 93.625 -1.3394
26.875 93.875 -1.5028
26.875 94.125 -1.6434
26.875 94.375 0.32673
26.875 94.625 0.29043
26.875 94.875 0.37807
26.875 95.125 0.18879
26.875 95.375 0.22284
26.875 95.625 0.16613
27.125 69.875 -0.58956
27.125 70.125 -0.49297
27.125 70.375 -0.36483
27.125 70.625 -0.96925
27.125 70.875 -2.4792
27.125 71.125 -0.392
27.125 71.375 -0.63609
27.125 71.625 -0.50238
27.125 71.875 0.16276
27.125 72.125 0.24833
27.125 72.375 0.090274
27.125 72.625 0.10996
27.125 72.875 0.59865
27.125 73.125 0.72203
27.125 73.375 0.46628
27.125 73.625 0.65335
27.125 73.875 0.57019
27.125 74.125 0.50731
27.125 74.375 0.21153
27.125 74.625 0.5513
27.125 74.875 0.30332
27.125 75.125 0.25048
27.125 75.375 0.26485
27.125 75.625 0.64176
27.125 75.875 0.27968
27.125 76.125 0.11089
27.125 76.375 0.85658
27.125 76.625 0.90022
27.125 76.875 0.30314
27.125 77.125 0.8033
27.125 77.375 0.32577
27.125 77.625 1.1733
27.125 77.875 0.1691
27.125 78.125 1.264
27.125 78.375 0.40606
27.125 78.625 -1.6019
27.125 78.875 0.009688
27.125 79.125 0.64448
27.125 79.375 -0.69101
27.125 79.625 0.29907
27.125 79.875 0.84417
27.125 80.125 -0.010596
27.125 80.375 0.052295
27.125 80.625 -0.88722
27.125 80.875 -1.595
27.125 81.125 0.39652
27.125 81.375 0.36989
27.125 81.625 0.0461
27.125 81.875 0.12932
27.125 82.125 -0.12737
27.125 82.375 -1.6024
27.125 82.625 -0.13153
27.125 82.875 -0.1586
27.125 83.125 -0.98767
27.125 83.375 0.4032
27.125 83.625 0.30568
27.125 83.875 -0.27301
27.125 84.125 -1.5435
27.125 84.375 -0.66285
27.125 84.625 -0.88474
27.125 88.125 1.0928
27.125 88.375 0.99777
27.125 88.625 0.14326
27.125 92.125 -1.5685
27.125 92.375 0.31813
27.125 92.625 0.56664
27.125 92.875 0.2126
27.125 93.125 -0.8424
27.125 93.375 -0.16486
27.125 93.625 -0.42338
27.125 93.875 0.46146
27.125 94.125 0.37501
27.125 94.375 0.32256
27.125 94.625 -0.43499
27.125 94.875 -0.47021
27.125 95.125 0.50358
27.125 95.375 0.52476
27.125 95.625 -0.16115
27.125 95.875 -0.3778
27.375 70.125 -0.38851
27.375 70.375 -0.327
27.375 70.625 -1.6691
27.375 70.875 -0.6833
27.375 71.125 -0.58691
27.375 71.375 -0.70449
27.375 71.625 -0.89078
27.375 71.875 -0.34738
27.375 72.125 -0.64973
27.375 72.375 -0.13523
27.375 72.625 -0.41329
27.375 72.875 -0.1293
27.375 73.125 0.63513
27.375 73.375 0.67056
27.375 73.625 0.59525
27.375 73.875 0.027369
27.375 74.125 0.02829
27.375 74.375 0.032855
27.375 74.625 0.29569
27.375 74.875 0.24624
27.375 75.125 0.30959
27.375 75.375 0.031526
27.375 75.625 1.0261
27.375 75.875 0.90026
27.375 76.125 -0.23608
27.375 76.375 0.40168
27.375 76.625 0.37375
27.375 76.875 1.006
27.375 77.125 0.34156
27.375 77.375 -1.3206
27.375 77.625 0.14249
27.375 77.875 0.55018
27.375 78.125 1.3269
27.375 78.375 0.025028
27.375 78.625 -0.27568
27.375 78.875 0.95891
27.375 79.125 0.40431
27.375 79.375 -1.2888
27.375 79.625 -1.348
27.375 79.875 0.75933
27.375 80.125 -1.0334
27.375 80.375 -1.6673
27.375 80.625 -1.4945
27.375 80.875 -2.6151
27.375 81.125 -0.11757
27.375 81.375 -0.095291
27.375 81.625 -2.4567
27.375 81.875 -0.94931
27.375 82.125 -0.61676
27.375 82.375 -0.79623
27.375 82.625 0.25175
27.375 82.875 -0.61717
27.375 83.125 -0.76075
27.375 83.625 0.23379
27.375 84.125 -0.57208
27.375 84.375 0.26168
27.375 88.125 0.72883
27.375 88.375 -0.020833
27.375 88.625 -1.874
27.375 92.125 -1.9042
27.375 92.375 0.33825
27.375 92.625 -1.7774
27.375 92.875 -0.48642
27.375 93.125 -6.0548
27.375 93.375 -4.0658
27.375 93.625 -0.053078
27.375 93.875 0.4527
27.375 94.125 1.2351
27.375 94.375 0.2494
27.375 94.625 0.30011
27.375 94.875 0.1865
27.375 95.125 0.41735
27.375 95.375 0.38407
27.375 95.625 -0.59566
27.375 95.875 -0.66904
27.375 96.125 -1.825
27.375 96.375 -0.63235
27.375 96.625 -0.30294
27.375 96.875 -0.67319
27.625 70.125 -0.36624
27.625 70.375 -0.44728
27.625 70.625 -0.54415
27.625 70.875 -0.64817
27.625 71.125 -0.91246
27.625 71.375 -0.84671
27.625 71.625 -0.74706
27.625 71.875 -0.31904
27.625 72.125 -0.13716
27.625 72.375 -0.16719
27.625 72.625 -0.62542
27.625 72.875 -0.3668
27.625 73.125 -0.34246
27.625 73.375 0.54932
27.625 73.625 1.2126
27.625 73.875 0.15318
27.625 74.125 0.73222
27.625 74.375 0.53579
27.625 74.625 0.52338
27.625 74.875 0.69517
27.625 75.125 0.12576
27.625 75.375 0.65336
27.625 75.625 0.88146
27.625 75.875 0.2427
27.625 76.125 0.12164
27.625 76.375 0.023662
27.625 76.625 0.94318
27.625 76.875 1.5797
27.625 77.125 -0.79562
27.625 77.375 -0.93301
27.625 77.625 -1.669
27.625 77.875 -0.26862
27.625 78.125 1.2811
27.625 78.375 0.69491
27.625 78.625 -1.0019
27.625 78.875 0.38219
27.625 79.125 -0.32374
27.625 79.375 -1.7652
27.625 79.625 -0.97207
27.625 79.875 1.2604
27.625 80.125 0.40814
27.625 80.375 -0.73236
27.625 80.625 -1.1638
27.625 80.875 -1.8358
27.625 81.125 -0.24199
27.625 81.375 0.029188
27.625 81.625 -1.0035
27.625 81.875 -1.4136
27.625 82.125 -0.9595
27.625 82.375 -0.9096
27.625 82.625 -0.036848
27.625 88.375 -1.1096
27.625 88.625 -1.7973
27.625 91.625 -1.0278
27.625 91.875 -2.095
27.625 92.125 -0.63379
27.625 92.375 -0.25994
27.625 92.625 0.34844
27.625 92.875 -1.1445
27.625 93.125 -3.7912
27.625 93.375 -3.2859
27.625 93.625 -2.1503
27.625 93.875 -3.6923
27.625 94.125 -1.4482
27.625 94.375 -0.090619
27.625 94.625 -0.77515
27.625 94.875 -1.544
27.625 95.125 -2.1094
27.625 95.375 -1.2396
27.625 95.625 -1.9998
27.625 95.875 -1.3973
27.625 96.125 -3.5774
27.625 96.375 -0.97681
27.625 96.625 -1.2052
27.625 96.875 -1.3154
27.875 70.375 -0.35052
27.875 71.875 -0.60905
27.875 72.125 -0.49362
27.875 72.375 -0.73413
27.875 72.625 -0.47256
27.875 72.875 -0.77876
27.875 73.125 -0.51615
27.875 73.375 0.060513
27.875 73.625 1.407
27.875 73.875 1.2869
27.875 74.125 0.62802
27.875 74.375 0.63929
27.875 74.625 0.38155
27.875 74.875 0.36674
27.875 75.125 0.64887
27.875 75.375 0.96022
27.875 75.625 0.71573
27.875 75.875 -0.12685
27.875 76.125 0.12489
27.875 76.375 0.49987
27.875 76.625 -0.020758
27.875 76.875 0.70432
27.875 77.125 0.75227
27.875 77.375 -0.62879
27.875 77.625 -2.1767
27.875 77.875 0.24369
27.875 78.125 1.3929
27.875 78.375 1.6638
27.875 78.625 1.2584
27.875 78.875 0.81722
27.875 79.125 -0.0092463
27.875 79.375 0.32762
27.875 79.625 0.61118
27.875 79.875 1.392
27.875 80.125 1.4795
27.875 80.375 0.095615
27.875 80.625 -1.6866
27.875 80.875 -2.6454
27.875 81.125 -0.48512
27.875 81.375 0.30419
27.875 81.625 0.16263
27.875 88.375 -0.19105
27.875 88.625 -0.37513
27.875 92.875 -1.4966
27.875 93.125 -3.0517
27.875 93.375 -5.6006
27.875 93.625 -3.1997
27.875 93.875 -5.9488
27.875 94.125 -3.4122
27.875 94.375 -1.5159
27.875 94.625 -1.3713
27.875 94.875 -0.43601
27.875 95.125 -0.45291
27.875 95.375 -3.861
27.875 95.625 -2.5802
27.875 95.875 -4.1168
27.875 96.125 -1.6087
27.875 96.375 -1.6838
27.875 96.625 -1.2269
27.875 96.875 -0.75576
27.875 97.125 -0.98722
28.125 72.125 -0.86749
28.125 72.375 -0.7914
28.125 72.625 -0.49886
28.125 72.875 0.063112
28.125 73.125 1.1246
28.125 73.375 1.2451
28.125 73.625 1.0912
28.125 73.875 0.45495
28.125 74.125 0.0875
28.125 74.375 0.24371
28.125 74.625 0.64663
28.125 74.875 0.872
28.125 75.125 0.92348
28.125 75.375 0.84842
28.125 75.625 1.1147
28.125 75.875 0.4707
28.125 76.125 0.92486
28.125 76.375 0.69566
28.125 76.625 1.4443
28.125 76.875 1.5848
28.125 77.125 0.66398
28.125 77.375 0.19899
28.125 77.625 -0.15714
28.125 77.875 0.7705
28.125 78.125 2.033
28.125 78.375 2.0183
28.125 78.625 0.5315
28.125 78.875 0.84897
28.125 79.125 0.33334
28.125 79.375 -0.54185
28.125 79.625 -0.36859
28.125 79.875 0.83178
28.125 80.125 1.07
28.125 80.375 0.49842
28.125 80.625 0.17679
28.125 80.875 -1.2174
28.125 81.125 -1.7208
28.125 81.375 -0.059667
28.125 92.875 -1.7664
28.125 93.125 -2.8898
28.125 93.375 -2.6257
28.125 93.625 -2.7485
28.125 93.875 -5.2424
28.125 94.125 -3.3676
28.125 94.375 -1.4927
28.125 94.625 -1.4228
28.125 94.875 -0.70951
28.125 95.125 -0.92217
28.125 95.375 -2.62
28.125 95.625 -3.9332
28.125 95.875 -4.2446
28.125 96.125 -1.3882
28.125 96.375 -0.99377
28.125 96.625 -0.86819
28.125 96.875 -0.74304
28.125 97.125 -0.34705
28.375 72.375 -1.0423
28.375 72.625 -1.1983
28.375 72.875 -0.5877
28.375 73.125 0.29428
28.375 73.375 0.078987
28.375 73.625 -0.049595
28.375 73.875 -0.083941
28.375 74.125 0.047114
28.375 74.375 0.047029
28.375 74.625 0.56929
28.375 74.875 0.35743
28.375 75.125 0.39944
28.375 75.375 1.0788
28.375 75.625 1.2949
28.375 75.875 1.524
28.375 76.125 0.61645
28.375 76.375 0.17511
28.375 76.625 0.5869
28.375 76.875 0.85489
28.375 77.125 0.32859
28.375 77.375 -0.15319
28.375 77.625 0.036157
28.375 77.875 0.11908
28.375 78.125 1.3896
28.375 78.375 0.99579
28.375 78.625 -0.13721
28.375 78.875 -0.90043
28.375 79.125 0.27694
28.375 79.375 0.14583
28.375 79.625 -1.7556
28.375 79.875 -0.17876
28.375 80.125 0.3388
28.375 80.375 0.41231
28.375 80.625 0.15522
28.375 80.875 -0.73659
28.375 81.125 -0.63872
28.375 93.375 -3.1042
28.375 93.625 -1.9949
28.375 93.875 -0.34273
28.375 94.125 -0.34462
28.375 94.375 -0.092327
28.375 94.625 -0.18703
28.375 94.875 -0.47764
28.375 95.125 -0.74872
28.375 95.375 -0.98998
28.375 95.625 -0.44094
28.375 95.875 -0.74607
28.375 96.125 -3.2258
28.375 96.625 -0.86824
28.625 72.375 -0.82984
28.625 72.625 -0.62258
28.625 72.875 -0.37211
28.625 73.125 -0.041514
28.625 73.375 0.28816
28.625 73.625 0.13753
28.625 73.875 -0.36785
28.625 74.125 -0.46616
28.625 74.375 -0.14569
28.625 74.625 0.19676
28.625 74.875 0.20252
28.625 75.125 0.31979
28.625 75.375 -0.19915
28.625 75.625 -0.13153
28.625 75.875 -0.062056
28.625 76.125 -0.079616
28.625 76.375 0.083252
28.625 76.625 0.6603
28.625 76.875 0.62709
28.625 77.125 -0.67584
28.625 77.375 -0.517
28.625 77.625 -0.47484
28.625 77.875 -1.6614
28.625 78.125 -0.0019597
28.625 78.375 0.74738
28.625 78.625 -0.93191
28.625 78.875 -0.51541
28.625 79.125 0.82412
28.625 79.375 0.049801
28.625 79.625 -0.10357
28.625 79.875 -0.39613
28.625 80.125 0.45533
28.625 80.375 1.4482
28.625 80.625 0.19202
28.625 93.625 0.27751
28.625 93.875 0.18881
28.625 94.125 0.19232
28.625 94.375 -5.0382
28.625 94.625 0.32493
28.625 94.875 0.25225
28.625 95.125 0.06309
28.625 95.375 -0.69098
28.625 95.625 -2.5331
28.625 95.875 -1.0371
28.625 96.125 -3.2456
28.625 96.375 3.1019
28.875 72.875 -0.49346
28.875 73.125 0.25208
28.875 73.375 0.95801
28.875 73.625 0.59491
28.875 73.875 0.11169
28.875 74.125 -0.60256
28.875 74.375 -0.87883
28.875 74.625 -0.71226
28.875 74.875 -0.12645
28.875 75.125 -0.78306
28.875 75.375 -0.34855
28.875 75.625 -0.29436
28.875 75.875 -0.064974
28.875 76.125 0.058752
28.875 76.375 -0.51963
28.875 76.625 -0.8862
28.875 76.875 -0.25128
28.875 77.125 1.1542
28.875 77.375 1.7594
28.875 77.625 1.5153
28.875 77.875 0.99182
28.875 78.125 -0.28022
28.875 78.375 -0.13443
28.875 78.625 -0.87425
28.875 78.875 -0.37487
28.875 79.125 0.913
28.875 79.375 0.69864
28.875 79.625 0.53116
28.875 79.875 0.58788
28.875 94.125 0.38608
28.875 94.375 0.43407
28.875 94.625 -0.81177
28.875 94.875 0.41744
28.875 95.125 0.3569
28.875 95.375 0.13158
28.875 95.625 -0.61412
28.875 95.875 -1.1438
28.875 96.125 -0.56474
28.875 96.375 3.1716
29.125 73.125 0.069824
29.125 73.375 1.9123
29.125 73.625 0.70984
29.125 73.875 0.46219
29.125 74.125 -0.22605
29.125 74.375 -0.83074
29.125 74.625 -0.63239
29.125 74.875 -0.65893
29.125 75.125 -0.79083
29.125 75.375 0.2033
29.125 75.625 0.23169
29.125 75.875 -0.67247
29.125 76.125 -0.80473
29.125 76.375 -1.7075
29.125 76.625 -0.4571
29.125 76.875 -0.66791
29.125 77.125 0.65797
29.125 77.375 1.3429
29.125 77.625 1.4803
29.125 77.875 1.4144
29.125 78.125 0.039492
29.125 78.375 0.055708
29.125 78.625 0.67838
29.125 78.875 0.089014
29.125 79.125 0.93556
29.125 79.375 0.96522
29.125 79.625 -0.10218
29.125 79.875 0.57904
29.125 80.125 0.82024
29.125 94.375 0.45309
29.125 94.625 0.42625
29.125 94.875 0.44723
29.125 95.625 -1.0602
29.125 95.875 -0.04539
29.125 96.125 2.5799
29.375 73.375 0.070416
29.375 73.625 0.52289
29.375 73.875 0.8553
29.375 74.125 0.573
29.375 74.375 -0.82286
29.375 74.625 -0.78846
29.375 74.875 0.046182
29.375 75.125 0.029877
29.375 75.375 -0.61255
29.375 75.625 -0.38218
29.375 75.875 -1.6752
29.375 76.125 -0.30446
29.375 76.375 -1.4383
29.375 76.625 -0.097699
29.375 76.875 -2.125
29.375 77.125 -1.4246
29.375 77.375 1.2938
29.375 77.625 1.3382
29.375 77.875 1.2393
29.375 78.125 -0.16413
29.375 78.375 -0.13516
29.375 78.625 -0.57758
29.375 78.875 -0.23003
29.375 79.125 0.60918
29.375 79.375 1.5979
29.375 79.625 -1.0204
29.375 79.875 0.74653
29.375 80.125 0.82143
29.375 96.125 2.3947
29.625 73.375 0.34184
29.625 73.625 0.55814
29.625 73.875 0.67111
29.625 74.125 0.48108
29.625 74.375 -0.3294
29.625 74.625 -1.4864
29.625 74.875 -0.85157
29.625 75.125 -0.29003
29.625 75.375 -0.69636
29.625 75.625 1.3793
29.625 75.875 -0.5766
29.625 76.125 -1.5219
29.625 76.375 -0.21233
29.625 76.625 -0.23023
29.625 76.875 -0.18343
29.625 77.125 -0.4112
29.625 77.375 -0.038911
29.625 77.625 0.90981
29.625 77.875 0.49264
29.625 78.125 0.32818
29.625 78.375 -0.44143
29.625 78.625 -2.0894
29.625 78.875 -0.90084
29.625 79.125 0.46196
29.625 79.375 0.87241
29.625 79.625 -0.18283
29.625 79.875 0.59573
29.625 80.125 0.73775
29.875 73.625 0.82036
29.875 73.875 0.23833
29.875 74.125 0.4959
29.875 74.375 -1.5849
29.875 74.625 -2.0335
29.875 74.875 -1.8389
29.875 75.125 -0.79832
29.875 75.375 -0.30678
29.875 75.625 -0.1637
29.875 75.875 -0.36799
29.875 76.125 -0.37159
29.875 76.375 -0.23838
29.875 76.625 0.34692
29.875 76.875 -1.8658
29.875 77.125 -0.7861
29.875 77.375 0.3202
29.875 77.625 0.58516
29.875 77.875 0.03578
29.875 78.125 -1.7577
29.875 78.375 0.7045
29.875 78.625 -0.13521
29.875 78.875 0.38161
29.875 79.125 0.2789
29.875 79.375 0.36756
29.875 79.625 1.0488
29.875 79.875 0.39318
29.875 80.125 0.58372
29.875 80.375 0.60952
30.125 74.125 -1.2625
30.125 74.375 -1.8618
30.125 74.625 -1.574
30.125 74.875 -1.35
30.125 75.125 -0.11101
30.125 75.375 0.12078
30.125 75.625 -0.20689
30.125 75.875 -1.513
30.125 76.125 -0.27532
30.125 76.375 -1.1894
30.125 76.625 -1.1348
30.125 76.875 -0.4178
30.125 77.125 -0.8978
30.125 77.375 -1.2323
30.125 77.625 0.70671
30.125 77.875 0.64994
30.125 78.125 1.0454
30.125 78.375 1.5801
30.125 78.625 0.85754
30.125 78.875 1.198
30.125 79.125 1.2056
30.125 79.375 0.82978
30.125 79.625 1.1164
30.125 79.875 0.4066
30.125 80.125 0.41996
30.125 80.375 0.56998
30.125 80.625 0.60673
30.375 74.125 -1.3377
30.375 74.375 -1.1793
30.375 74.625 -0.36822
30.375 74.875 -0.067908
30.375 75.125 0.42113
30.375 75.375 0.53607
30.375 75.625 0.028726
30.375 75.875 -1.2275
30.375 76.125 -1.2379
30.375 76.375 -1.2746
30.375 76.625 -1.8879
30.375 76.875 -1.8429
30.375 77.125 0.71529
30.375 77.375 0.41488
30.375 77.625 0.72082
30.375 77.875 0.73746
30.375 78.125 0.41361
30.375 78.375 -1.0213
30.375 78.625 1.1066
30.375 78.875 0.96133
30.375 79.125 1.0108
30.375 79.375 0.62425
30.375 79.625 0.90163
30.375 79.875 0.93407
30.375 80.125 0.80095
30.375 80.375 0.55398
30.375 80.625 0.64491
30.625 74.375 -0.3899
30.625 74.625 -0.3453
30.625 74.875 -0.50768
30.625 75.125 0.054463
30.625 75.375 0.4884
30.625 75.625 0.22443
30.625 75.875 -1.0255
30.625 76.125 -1.6491
30.625 76.375 -1.9249
30.625 76.625 -0.33552
30.625 76.875 0.53025
30.625 77.125 0.77017
30.625 77.375 0.95397
30.625 77.625 0.63483
30.625 77.875 0.92612
30.625 78.125 0.85688
30.625 78.375 -0.15519
30.625 78.625 0.24726
30.625 78.875 0.87432
30.625 79.125 0.82396
30.625 79.375 0.44932
30.625 79.625 1.3048
30.625 79.875 1.5011
30.625 80.125 0.79207
30.875 74.625 -0.90772
30.875 74.875 -0.24834
30.875 75.125 0.69013
30.875 75.375 -1.0883
30.875 75.625 0.10808
30.875 75.875 -1.3022
30.875 76.125 -1.1356
30.875 76.375 -0.29335
30.875 76.625 0.94245
30.875 76.875 0.67307
30.875 77.125 1.1264
30.875 77.375 -0.059144
30.875 77.625 1.3369
30.875 77.875 1.0161
30.875 78.125 0.68071
30.875 78.375 0.18632
30.875 78.625 0.22627
30.875 78.875 1.428
30.875 79.125 -0.40207
30.875 79.375 0.22264
30.875 79.625 -0.85976
30.875 79.875 1.0353
31.125 74.875 -1.0296
31.125 75.125 0.50254
31.125 75.375 -1.9632
31.125 75.625 -1.5678
31.125 75.875 -0.20008
31.125 76.125 0.6125
31.125 76.375 -0.37142
31.125 76.625 0.070918
31.125 76.875 1.21
31.125 77.125 1.4767
31.125 77.375 1.2677
31.125 77.625 1.9123
31.125 77.875 0.93509
31.125 78.125 -0.52978
31.125 78.375 -0.32293
31.125 78.625 -0.44818
31.125 78.875 0.5544
31.125 79.125 0.73973
31.375 74.875 -1.6568
31.375 75.125 -0.62134
31.375 75.375 -2.1589
31.375 75.625 -0.55544
31.375 75.875 0.28843
31.375 76.125 -0.59593
31.375 76.375 0.24566
31.375 76.625 0.28999
31.375 76.875 1.083
31.375 77.125 1.5098
31.375 77.375 1.9446
31.375 77.625 2.4693
31.375 77.875 0.1359
31.375 78.125 -0.88698
31.375 78.375 -0.85737
31.375 78.625 -0.43982
31.625 74.875 0.053883
31.625 75.125 0.69916
31.625 75.375 0.49005
31.625 75.625 0.69884
31.625 75.875 0.72795
31.625 76.125 -0.79713
31.625 76.375 0.35681
31.625 76.625 0.43982
31.625 76.875 -3.7942
31.625 77.125 -0.7698
31.625 77.375 2.4493
31.625 77.625 2.1245
31.625 77.875 0.465
31.625 78.125 -0.41455
31.625 78.375 -1.7059
31.625 78.625 -0.64052
31.875 74.875 1.1916
31.875 75.125 0.99329
31.875 75.375 -1.377
31.875 75.625 0.50876
31.875 75.875 0.49077
31.875 76.125 0.53744
31.875 76.375 0.37145
31.875 76.625 0.50874
31.875 76.875 0.72209
31.875 77.125 1.1681
31.875 77.375 1.798
31.875 77.625 1.4592
31.875 77.875 -1.331
31.875 78.125 -0.36736
31.875 78.375 -0.68779
31.875 78.625 -0.8735
32.125 75.375 1.0821
32.125 75.625 0.81427
32.125 75.875 0.37496
32.125 76.125 0.33495
32.125 76.375 0.28029
32.125 76.625 0.59437
32.125 76.875 0.54046
32.125 77.125 1.0122
32.125 77.375 0.13973
32.125 77.625 0.39698
32.125 77.875 0.04906
32.125 78.125 -0.77941
32.125 78.375 -0.90728
32.375 75.375 1.2597
32.375 75.625 0.94819
32.375 75.875 0.65367
32.375 76.125 -0.61582
32.375 76.375 -0.20565
32.375 76.625 -0.69023
32.375 76.875 -0.50696
32.375 77.125 0.57637
32.375 77.375 0.23274
32.375 77.625 -0.29099
32.375 77.875 -0.50117
32.375 78.125 -0.83027
32.375 78.375 -0.88961
32.625 74.875 1.3462
32.625 75.125 1.2356
32.625 75.375 0.91361
32.625 75.625 1.0546
32.625 75.875 0.67939
32.625 76.125 0.2509
32.625 76.375 -0.98252
32.625 76.625 -1.1962
32.625 76.875 -0.32132
32.625 77.125 0.36379
32.625 77.375 -0.065135
32.625 77.625 0.017989
32.625 77.875 -0.25365
32.625 78.125 -1.0906
32.625 78.375 -0.77606
32.625 78.625 -1.1228
32.625 78.875 -1.3961
32.625 79.125 -1.246
32.625 79.375 -0.91055
32.875 74.375 1.3993
32.875 74.625 1.4219
32.875 74.875 1.4542
32.875 75.125 1.3327
32.875 75.375 0.52093
32.875 75.625 -0.10332
32.875 75.875 0.07141
32.875 76.125 0.3156
32.875 76.375 0.20848
32.875 76.625 -0.1705
32.875 76.875 -0.11176
32.875 77.125 -0.28698
32.875 77.375 -0.11604
32.875 77.625 -0.23669
32.875 77.875 -0.30789
32.875 78.125 0.0079883
32.875 78.375 -0.71369
32.875 78.625 -1.0226
32.875 78.875 -1.2705
32.875 79.125 -1.3238
32.875 79.375 -1.2687
33.125 73.875 0.94721
33.125 74.125 0.90503
33.125 74.375 1.3917
33.125 74.625 1.7267
33.125 74.875 1.745
33.125 75.125 0.85354
33.125 75.375 -0.25732
33.125 75.625 -0.9609
33.125 75.875 -0.28077
33.125 76.125 0.24243
33.125 76.375 -0.49045
33.125 76.625 -0.36151
33.125 76.875 -0.37845
33.125 77.125 -1.0299
33.125 77.375 -0.6746
33.125 77.625 -0.4982
33.125 77.875 -0.47796
33.125 78.125 -0.29702
33.125 78.375 -0.44145
33.125 78.625 -0.70231
33.125 78.875 -1.0534
33.125 79.125 -1.2783
33.375 73.875 1.1959
33.375 74.125 1.1563
33.375 74.375 0.7863
33.375 74.625 0.10317
33.375 74.875 0.0078441
33.375 75.125 -0.27853
33.375 75.375 0.97016
33.375 75.625 -3.9389
33.375 75.875 -0.11589
33.375 76.125 0.029487
33.375 76.375 0.0076514
33.375 76.625 -0.52583
33.375 76.875 -0.75028
33.375 77.125 -0.71114
33.375 77.375 -0.79428
33.375 77.625 -0.819
33.375 77.875 -0.83313
33.375 78.125 -0.70733
33.375 78.375 -0.71675
33.375 78.625 -0.7318
33.375 78.875 -0.95295
33.625 73.875 1.1451
33.625 74.125 0.96618
33.625 74.375 -0.75824
33.625 74.625 -0.77007
33.625 74.875 0.091199
33.625 75.125 0.72269
33.625 75.375 0.81252
33.625 75.625 0.34642
33.625 75.875 -0.2779
33.625 76.125 -0.79133
33.625 76.375 -0.18401
33.625 76.625 -1.0469
33.625 76.875 -0.70278
33.625 77.125 -0.74825
33.625 77.375 -0.74069
33.625 77.625 -0.71198
33.625 77.875 -1.318
33.625 78.125 -0.80637
33.625 78.375 -0.80548
33.625 78.625 -0.60633
33.625 78.875 -0.84965
33.875 73.875 1.1855
33.875 74.125 0.52396
33.875 74.375 -0.58219
33.875 74.625 1.1479
33.875 74.875 1.4958
33.875 75.125 2.2854
33.875 75.375 1.6883
33.875 75.625 -0.51518
33.875 75.875 -0.77603
33.875 76.125 -1.1891
33.875 76.375 -1.1773
33.875 76.625 -1.105
33.875 76.875 -1.0651
33.875 77.125 -1.0682
33.875 77.375 -0.91614
33.875 77.625 -0.7784
33.875 77.875 -0.77457
33.875 78.125 -0.83479
33.875 78.375 -0.85214
33.875 78.625 -0.81237
33.875 78.875 -0.79137
34.125 73.625 -0.45728
34.125 73.875 0.26544
34.125 74.125 0.88974
34.125 74.375 0.28167
34.125 74.625 0.5313
34.125 74.875 -0.10962
34.125 75.125 1.9153
34.125 75.375 0.38402
34.125 75.625 -2.2183
34.125 75.875 -1.3101
34.125 76.125 -1.4794
34.125 76.375 -1.01
34.125 76.625 -1.116
34.125 76.875 -1.0446
34.125 77.125 -1.0485
34.125 77.375 -0.97658
34.125 77.625 -1.0133
34.125 77.875 -0.83789
34.125 78.125 -0.88402
34.125 78.375 -1.4844
34.125 78.625 -0.74892
34.125 78.875 -0.80877
34.125 79.125 -0.75979
34.125 79.375 -0.65065
34.375 73.625 -0.010227
34.375 73.875 -0.82741
34.375 74.125 -1.0432
34.375 74.375 -0.063486
34.375 74.625 0.32695
34.375 74.875 0.94859
34.375 75.125 0.89104
34.375 75.375 -1.0753
34.375 75.625 -2.9843
34.375 75.875 -2.5493
34.375 76.125 -1.2594
34.375 76.375 -0.92847
34.375 76.625 -1.3438
34.375 76.875 -2.1436
34.375 77.125 -1.1884
34.375 77.375 -1.0945
34.375 77.625 -1.0242
34.375 77.875 -1.0297
34.375 78.125 -0.85874
34.375 78.375 -0.83372
34.375 78.625 -0.8323
34.375 78.875 -0.85232
34.375 79.125 -0.79345
34.375 79.375 -0.81236
34.625 73.875 -1.321
34.625 74.125 -0.64539
34.625 74.375 -0.48807
34.625 74.625 -0.2294
34.625 74.875 -0.46598
34.625 75.125 0.49821
34.625 75.375 -1.6763
34.625 75.625 -1.5507
34.625 75.875 -1.2519
34.625 76.125 -1.1244
34.625 76.375 -0.91342
34.625 76.625 -1.0821
34.625 76.875 -1.2472
34.625 77.125 -1.0791
34.625 77.375 -0.99876
34.625 77.625 -1.5941
34.625 77.875 -3.6149
34.625 78.125 -0.94502
34.625 78.375 -0.88132
34.625 78.625 -0.84416
34.625 78.875 -0.63526
34.625 79.125 -0.65084
34.625 79.375 -0.71441
34.625 79.625 -0.81158
34.875 74.125 -0.76435
34.875 74.375 -0.45501
34.875 74.625 0.29329
34.875 74.875 0.45765
34.875 75.125 -0.81743
34.875 75.375 -1.9661
34.875 75.625 -1.5969
34.875 75.875 -1.2423
34.875 76.125 -1.0877
34.875 76.375 -0.78715
34.875 76.625 -1.0776
34.875 76.875 -1.0769
34.875 77.125 -1.0753
34.875 77.375 -0.99242
34.875 77.625 -1.3208
34.875 77.875 -3.6799
34.875 78.125 -0.99334
34.875 78.375 -1.0678
34.875 78.625 -1.005
34.875 78.875 -0.64752
34.875 79.125 -0.64213
34.875 79.375 -0.64477
34.875 79.625 -0.76268
34.875 79.875 -0.86207
35.125 74.375 -1.5877
35.125 74.625 -1.5768
35.125 74.875 -0.93752
35.125 75.125 -1.5887
35.125 75.375 -3.3024
35.125 75.625 -1.5132
35.125 75.875 -1.1355
35.125 76.125 -0.9845
35.125 76.375 -0.8274
35.125 76.625 -1.014
35.125 76.875 -1.0975
35.125 77.125 -1.043
35.125 77.375 -1.184
35.125 77.625 -1.3693
35.125 77.875 -1.331
35.125 78.125 -1.1772
35.125 78.375 -1.2207
35.125 78.625 -0.811
35.125 78.875 -0.77657
35.125 79.125 -0.69302
35.125 79.375 -0.72575
35.125 79.625 -0.77663
35.125 79.875 -0.85583
35.375 73.875 -0.79138
35.375 74.125 -1.3135
35.375 74.375 -1.1696
35.375 74.625 -0.68205
35.375 74.875 -0.56886
35.375 75.125 -1.6207
35.375 75.375 -1.8621
35.375 75.625 -1.5863
35.375 75.875 -2.6481
35.375 76.125 -1.1661
35.375 76.375 -1.0332
35.375 76.625 -1.2583
35.375 76.875 -3.4991
35.375 77.125 -1.3225
35.375 77.375 -3.3596
35.375 77.625 -1.3206
35.375 77.875 -1.2432
35.375 78.125 -1.1461
35.375 78.375 -1.1619
35.375 78.625 -0.84459
35.375 78.875 -0.79357
35.375 79.125 -0.76315
35.375 79.375 -0.78675
35.375 79.625 -0.86883
35.375 79.875 -0.81498
35.375 80.125 -0.91991
35.625 73.375 -0.64885
35.625 73.625 -0.40884
35.625 73.875 -0.77418
35.625 74.125 -0.75839
35.625 74.375 -0.54744
35.625 74.625 -0.56404
35.625 74.875 0.94986
35.625 75.125 -1.8559
35.625 75.375 -1.3307
35.625 75.625 -2.1324
35.625 75.875 -1.1081
35.625 76.125 -1.1428
35.625 76.375 -1.4383
35.625 76.625 -3.8793
35.625 76.875 -3.9824
35.625 77.125 -0.86967
35.625 78.375 -0.90828
35.625 78.625 -0.81259
35.625 78.875 -0.93619
35.625 79.125 -0.89063
35.625 79.375 -0.85072
35.625 79.625 -0.9153
35.625 79.875 -0.3736
35.625 80.125 -0.38897
35.875 73.125 0.74029
35.875 73.375 -0.80861
35.875 73.625 -0.94129
35.875 73.875 -1.9065
35.875 74.125 -0.93868
35.875 74.375 -1.0055
35.875 74.625 0.025833
35.875 74.875 0.11585
35.875 75.125 -0.32659
35.875 75.375 -1.9248
35.875 75.625 -2.1435
35.875 75.875 -2.4839
35.875 76.125 -1.4762
35.875 76.375 0.22253
35.875 76.625 0.080578
35.875 79.375 0.56428
36.125 72.625 -0.39051
36.125 72.875 -0.75047
36.125 73.125 -0.8972
36.125 73.375 -0.82441
36.125 73.625 -0.51443
36.125 73.875 -0.4485
36.125 74.125 -0.6793
36.125 74.375 -0.59438
36.125 74.625 1.0416
36.125 74.875 -2.0988
36.125 75.125 -1.8372
36.125 75.375 -2.4895
36.125 75.625 -1.4044
36.125 75.875 0.030038
36.125 76.125 0.070085
36.125 76.375 0.44944
36.125 76.625 0.28279
36.375 73.125 -0.34735
36.375 73.375 -0.52513
36.375 73.625 -0.12873
36.375 73.875 5.0999e-05
36.375 74.125 -0.92025
36.375 74.375 -0.81665
36.375 74.625 0.2144
36.375 74.875 -0.76137
36.375 75.125 -1.5033
36.375 75.375 -3.3602
36.375 75.625 -1.7457
36.375 75.875 0.046426
36.375 76.125 0.55395
36.625 73.375 -0.54758
36.625 73.625 -0.61379
36.625 73.875 -0.94469
36.625 74.125 -1.0026
36.625 74.375 -2.1818
36.625 74.625 -1.0904
36.625 74.875 -1.6237
36.625 75.125 -0.86364
36.625 75.375 -1.4897
36.625 75.625 -1.2273
36.875 73.875 0.033207
36.875 74.375 0.38016
36.875 74.625 -1.0305
36.875 74.875 -0.93532
36.875 75.125 -1.5931
36.875 75.375 -2.3788
