8.125 77.375 -0.91788
8.375 77.125 -1.9219
8.375 77.375 0.38276
8.375 77.625 0.60417
8.375 77.875 0.27677
8.625 76.875 -0.90989
8.625 77.125 -0.92307
8.625 77.375 -0.090511
8.625 77.625 0.11335
8.625 77.875 1.0996
8.875 76.875 -1.7204
8.875 77.125 -0.16305
8.875 77.375 0.001149
8.875 77.625 -0.31179
8.875 77.875 -0.60208
9.125 76.625 -1.2592
9.125 76.875 -1.4379
9.125 77.125 -0.73849
9.125 77.375 -0.15623
9.125 77.625 -0.21967
9.125 77.875 -0.66318
9.125 78.125 -0.57287
NaN NaN NaN
9.375 76.625 -0.58491
9.375 76.875 -0.22438
9.375 77.125 -1.8
9.375 77.375 -0.14056
9.375 77.625 1.1169
9.375 77.875 -0.061697
9.375 78.125 -0.14301
9.375 78.375 0.044788
9.375 78.625 -0.66413
NaN NaN NaN
9.625 76.375 -1.9705
9.625 76.625 -0.87341
9.625 76.875 -0.50815
9.625 77.125 -0.96053
9.625 77.375 0.70586
9.625 77.625 0.095845
9.625 77.875 -1.0067
9.625 78.125 -0.23292
9.625 78.375 -0.62403
9.625 78.625 -0.35624
9.875 76.625 -2.0795
9.875 76.875 0.22686
9.875 77.125 -0.14124
9.875 77.375 -0.21816
9.875 77.625 0.12974
9.875 77.875 -0.31464
9.875 78.125 -1.2557
9.875 78.375 -0.80785
9.875 78.625 -0.76349
9.875 78.875 -1.7529
10.125 76.375 -1.6372
10.125 76.625 -0.49353
10.125 76.875 1.0273
10.125 77.125 -1.0842
10.125 77.375 1.6168
10.125 77.625 0.46003
10.125 77.875 -0.018354
10.125 78.125 -1.6361
10.125 78.375 -0.52651
10.125 78.625 -1.3973
10.125 78.875 -1.2096
10.125 79.125 -1.3996
10.375 76.375 -0.93539
10.375 76.625 -0.39592
10.375 76.875 1.0886
10.375 77.125 0.31942
10.375 77.375 0.21339
10.375 77.625 -0.039109
10.375 77.875 -0.3418
10.375 78.125 -1.0054
10.375 78.375 -0.69671
10.375 78.625 -1.5178
10.375 78.875 -1.3689
10.375 79.125 -1.8291
NaN NaN NaN
NaN NaN NaN
10.625 76.125 -4.7594
10.625 76.375 -4.246
10.625 76.625 -3.0969
10.625 76.875 -1.3908
10.625 77.125 -1.0218
10.625 77.375 0.10625
10.625 77.625 -0.36367
10.625 77.875 -0.1042
10.625 78.125 -1.8048
10.625 78.375 -1.9609
10.625 78.625 -1.76
10.625 78.875 -2.0732
10.625 79.125 -1.1951
10.625 79.375 -0.95432
10.625 79.625 -1.293
10.875 76.125 -1.9538
10.875 76.375 0.2776
10.875 76.625 -1.1544
10.875 76.875 -0.675
10.875 77.125 -1.7831
10.875 77.375 -0.61582
10.875 77.625 -1.6655
10.875 77.875 -1.5116
10.875 78.125 -2.1136
10.875 78.375 -2.1074
10.875 78.625 -2.1511
10.875 78.875 -1.6055
10.875 79.125 -1.3209
10.875 79.375 -0.91127
10.875 79.625 -1.3257
11.125 76.125 -5.5674
11.125 76.375 -3.7241
11.125 76.625 -0.10634
11.125 76.875 -0.83661
11.125 77.125 -1.8372
11.125 77.375 -2.0805
11.125 77.625 -1.7231
11.125 77.875 -1.3098
11.125 78.125 -2.2052
11.125 78.375 -2.3537
11.125 78.625 -1.9891
11.125 78.875 -1.9521
11.125 79.125 -1.3378
11.125 79.375 -1.1366
11.125 79.625 -1.0699
11.375 75.875 -3.7259
11.375 76.125 -4.658
11.375 76.375 -1.5438
11.375 76.625 -0.74874
11.375 76.875 -0.72997
11.375 77.125 -0.49945
11.375 77.375 -2.1261
11.375 77.625 -1.2864
11.375 77.875 -1.693
11.375 78.125 -2.2144
11.375 78.375 -2.0473
11.375 78.625 -1.4885
11.375 78.875 -0.094842
11.375 79.125 -0.54807
11.375 79.375 -1.3263
11.375 79.625 -1.4895
11.625 75.875 -0.50933
11.625 76.125 -0.36777
11.625 76.375 0.77634
11.625 76.625 -0.13925
11.625 76.875 -0.82785
11.625 77.125 0.1552
11.625 77.375 -0.266
11.625 77.625 -0.91457
11.625 77.875 -2.0682
11.625 78.125 -2.1922
11.625 78.375 -0.84637
11.625 78.625 -1.5754
11.625 78.875 -0.89239
11.625 79.125 -1.3885
11.625 79.375 -1.0826
NaN NaN NaN
NaN NaN NaN
11.875 75.875 -0.77067
11.875 76.125 -0.68884
11.875 76.375 -0.22282
11.875 76.625 0.34825
11.875 76.875 -0.40074
11.875 77.125 0.063661
11.875 77.375 -0.22355
11.875 77.625 -1.2144
11.875 77.875 -0.96036
11.875 78.125 -2.5759
11.875 78.375 -1.5485
11.875 78.625 -0.40597
11.875 78.875 -1.0891
11.875 79.125 -1.8168
11.875 79.375 -1.5392
11.875 79.625 -1.2425
12.125 75.375 -2.0309
12.125 75.625 -5.2243
12.125 75.875 -3.1453
12.125 76.125 -1.2683
12.125 76.375 -0.78647
12.125 76.625 -1.248
12.125 76.875 -0.32517
12.125 77.125 0.63656
12.125 77.375 -0.49366
12.125 77.625 -1.1732
12.125 77.875 -1.2012
12.125 78.125 -1.4297
12.125 78.375 -0.60695
12.125 78.625 -1.5865
12.125 78.875 -1.3827
12.125 79.125 -0.98216
12.125 79.375 -0.51852
12.125 79.625 -1.183
12.375 75.125 -6.1017
12.375 75.375 -6.3466
12.375 75.625 -1.453
12.375 75.875 0.03139
12.375 76.125 -0.63676
12.375 76.375 -1.1638
12.375 76.625 -1.197
12.375 76.875 -2.7265
12.375 77.125 -1.8442
12.375 77.375 -0.64869
12.375 77.625 -0.71715
12.375 77.875 -1.2074
12.375 78.125 -0.73074
12.375 78.375 -0.54617
12.375 78.625 -1.2039
12.375 78.875 -1.3872
12.375 79.125 -1.5316
12.375 79.375 -1.4038
12.375 79.625 -0.29721
12.375 79.875 -1.7474
12.625 75.125 -2.6216
12.625 75.375 -4.1033
12.625 75.625 -5.7417
12.625 75.875 -0.49415
12.625 76.125 -1.3957
12.625 76.375 -0.8296
12.625 76.625 -0.6073
12.625 76.875 -1.5661
12.625 77.125 -2.4397
12.625 77.375 -2.2549
12.625 77.625 -0.50458
12.625 77.875 -0.36421
12.625 78.125 -0.90846
12.625 78.375 -0.19537
12.625 78.625 0.053997
12.625 78.875 -0.96533
12.625 79.125 -1.8082
12.625 79.375 -0.74488
12.625 79.625 -0.81485
12.625 79.875 -1.5316
12.875 75.125 -2.1994
12.875 75.375 -1.0488
12.875 75.625 -5.1411
12.875 75.875 -2.4034
12.875 76.125 -0.98973
12.875 76.375 -1.1129
12.875 76.625 -1.8809
12.875 76.875 -1.956
12.875 77.125 -1.2443
12.875 77.375 -1.0051
12.875 77.625 -1.2352
12.875 77.875 -0.24384
12.875 78.125 -0.40784
12.875 78.375 -0.78153
12.875 78.625 -0.35534
12.875 78.875 -1.492
12.875 79.125 -1.488
12.875 79.375 -1.1706
12.875 79.625 -0.90601
12.875 79.875 -1.1415
NaN NaN NaN
13.125 75.125 -1.7176
13.125 75.375 -1.462
13.125 75.625 -1.1844
13.125 75.875 -2.2491
13.125 76.125 -2.0228
13.125 76.375 -0.18325
13.125 76.625 -0.40025
13.125 76.875 -0.82456
13.125 77.125 -1.0267
13.125 77.375 -1.4053
13.125 77.625 -0.17018
13.125 77.875 -0.97509
13.125 78.125 -0.38928
13.125 78.375 -1.3542
13.125 78.625 -1.2459
13.125 78.875 -1.1126
13.125 79.125 -1.3711
13.125 79.375 -1.6543
13.125 79.625 -1.4256
13.125 79.875 -1.8736
13.125 80.125 -1.8913
NaN NaN NaN
13.375 75.125 -1.1863
13.375 75.375 -1.9028
13.375 75.625 0.015198
13.375 75.875 0.46473
13.375 76.125 0.46915
13.375 76.375 -0.47197
13.375 76.625 -0.60664
13.375 76.875 -1.061
13.375 77.125 -1.4659
13.375 77.375 -1.2007
13.375 77.625 -0.96754
13.375 77.875 -1.1896
13.375 78.125 -1.0752
13.375 78.375 -0.825
13.375 78.625 -1.4027
13.375 78.875 -1.3125
13.375 79.125 -1.8357
13.375 79.375 -1.5025
13.375 79.625 -1.4679
13.375 79.875 -1.5696
13.375 80.125 -1.9742
13.625 74.875 -3.5659
13.625 75.125 -0.80656
13.625 75.375 -0.19662
13.625 75.625 -0.85584
13.625 75.875 -2.8833
13.625 76.125 -1.356
13.625 76.375 -1.1127
13.625 76.625 -0.94447
13.625 76.875 -1.4238
13.625 77.125 -0.43811
13.625 77.375 -1.3607
13.625 77.625 -1.405
13.625 77.875 -1.5309
13.625 78.125 -1.604
13.625 78.375 -1.518
13.625 78.625 -1.7556
13.625 78.875 -1.3623
13.625 79.125 -1.4136
13.625 79.375 -1.8036
13.625 79.625 -1.4427
13.625 79.875 -1.0024
13.625 80.125 -1.5799
13.875 74.875 -1.8558
13.875 75.125 -0.14966
13.875 75.375 -0.36241
13.875 75.625 -0.95119
13.875 75.875 -0.9704
13.875 76.125 -1.2703
13.875 76.375 -1.0947
13.875 76.625 -0.56399
13.875 76.875 -1.6261
13.875 77.125 -1.4052
13.875 77.375 -1.5168
13.875 77.625 -1.7927
13.875 77.875 -1.5066
13.875 78.125 -1.7548
13.875 78.375 -1.7639
13.875 78.625 -1.2526
13.875 78.875 -1.3765
13.875 79.125 -1.2865
13.875 79.375 -1.201
13.875 79.625 -1.9798
13.875 79.875 -1.4409
14.125 74.625 -1.7104
14.125 74.875 -1.8123
14.125 75.125 -0.74628
14.125 75.375 -1.8088
14.125 75.625 -1.2723
14.125 75.875 -1.0532
14.125 76.125 -1.1166
14.125 76.375 -1.2118
14.125 76.625 -1.4073
14.125 76.875 -0.31654
14.125 77.125 -1.1962
14.125 77.375 -1.5078
14.125 77.625 -1.6102
14.125 77.875 -1.2362
14.125 78.125 -1.15
14.125 78.375 -1.6213
14.125 78.625 -1.4162
14.125 78.875 -1.2676
14.125 79.125 -1.4392
14.125 79.375 -1.6624
14.125 79.625 -1.0412
14.125 79.875 -0.9711
14.375 74.625 -2.1889
14.375 74.875 -2.2393
14.375 75.125 -1.826
14.375 75.375 -0.99127
14.375 75.625 -0.74534
14.375 75.875 -0.68535
14.375 76.125 -0.6567
14.375 76.375 -0.47979
14.375 76.625 -0.77993
14.375 76.875 -0.29769
14.375 77.125 -1.2399
14.375 77.375 -1.4604
14.375 77.625 -1.218
14.375 77.875 -1.1072
14.375 78.125 -1.2065
14.375 78.375 -1.5198
14.375 78.625 -1.3314
14.375 78.875 -1.5234
14.375 79.125 -0.95212
14.375 79.375 -1.0578
14.375 79.625 -0.79445
14.375 79.875 -1.0047
NaN NaN NaN
14.625 74.625 -1.658
14.625 74.875 -2.2727
14.625 75.125 -2.4462
14.625 75.375 -1.6517
14.625 75.625 -1.7834
14.625 75.875 -0.81379
14.625 76.125 -0.6026
14.625 76.375 -0.91064
14.625 76.625 -0.56271
14.625 76.875 -0.38542
14.625 77.125 -1.0415
14.625 77.375 -1.2759
14.625 77.625 -0.92612
14.625 77.875 -0.88829
14.625 78.125 -1.6065
14.625 78.375 -1.4597
14.625 78.625 -1.8283
14.625 78.875 -1.5734
14.625 79.125 -1.8631
14.625 79.375 -1.2829
14.625 79.625 -1.3204
14.625 79.875 -1.4419
14.875 74.375 -5.6621
14.875 74.625 -1.3986
14.875 74.875 -2.1159
14.875 75.125 -1.5909
14.875 75.375 -2.1767
14.875 75.625 -2.3979
14.875 75.875 -2.0901
14.875 76.125 -0.89541
14.875 76.375 -1.2696
14.875 76.625 -1.2706
14.875 76.875 -0.10824
14.875 77.125 -0.87108
14.875 77.375 -1.5239
14.875 77.625 -1.2902
14.875 77.875 -1.1879
14.875 78.125 -1.5694
14.875 78.375 -1.2224
14.875 78.625 -1.5282
14.875 78.875 -1.2722
14.875 79.125 -1.3999
14.875 79.375 -1.2288
14.875 79.625 -1.3383
14.875 79.875 -1.3563
15.125 74.125 -3.1274
15.125 74.375 -5.5939
15.125 74.625 -0.83982
15.125 74.875 -1.4641
15.125 75.125 -1.6734
15.125 75.375 -1.7297
15.125 75.625 -0.6847
15.125 75.875 -1.3734
15.125 76.125 -1.4747
15.125 76.375 -1.3844
15.125 76.625 -1.1443
15.125 76.875 -1.3446
15.125 77.125 -1.4967
15.125 77.375 -1.4405
15.125 77.625 -0.98296
15.125 77.875 -1.3985
15.125 78.125 -0.91945
15.125 78.375 -1.2157
15.125 78.625 -0.92497
15.125 78.875 -0.40702
15.125 79.125 -0.36496
15.125 79.375 -0.74525
15.125 79.625 -1.2395
15.125 79.875 -1.5252
15.375 73.875 -3.6744
15.375 74.125 -3.8897
15.375 74.375 -1.9992
15.375 74.625 -6.0535
15.375 74.875 -0.84037
15.375 75.125 -1.6757
15.375 75.375 -1.1868
15.375 75.625 -1.0816
15.375 75.875 -0.89069
15.375 76.125 -1.6863
15.375 76.375 -1.2119
15.375 76.625 -1.6336
15.375 76.875 -1.2048
15.375 77.125 -1.232
15.375 77.375 -1.9611
15.375 77.625 -1.9663
15.375 77.875 -2.1758
15.375 78.125 -2.0535
15.375 78.375 -0.9609
15.375 78.625 -1.2988
15.375 78.875 -1.3696
15.375 79.125 -1.1541
15.375 79.375 -1.519
15.375 79.625 -1.9805
15.375 79.875 -1.9037
15.625 73.875 -1.5392
15.625 74.125 -3.6218
15.625 74.375 -4.691
15.625 74.625 -0.64815
15.625 74.875 -2.525
15.625 75.125 -1.2777
15.625 75.375 -1.2183
15.625 75.625 -1.0999
15.625 75.875 -0.94053
15.625 76.125 -1.9362
15.625 76.375 -1.7994
15.625 76.625 -1.3802
15.625 76.875 -1.1317
15.625 77.125 -2.1435
15.625 77.375 -1.9154
15.625 77.625 -1.6691
15.625 77.875 -1.8207
15.625 78.125 -1.7831
15.625 78.375 -1.8806
15.625 78.625 -1.7814
15.625 78.875 -1.3144
15.625 79.125 -1.7169
15.625 79.375 -0.53643
15.625 79.625 -1.6102
15.625 79.875 -1.9501
15.625 80.125 -1.7931
15.875 73.875 -3.3497
15.875 74.125 -1.3268
15.875 74.375 -2.387
15.875 74.625 -1.9274
15.875 74.875 -2.5053
15.875 75.125 -1.7021
15.875 75.375 -1.3413
15.875 75.625 -1.5027
15.875 75.875 -1.5295
15.875 76.125 -1.9306
15.875 76.375 -2.0426
15.875 76.625 -2.0559
15.875 76.875 -0.82965
15.875 77.125 -2.4421
15.875 77.375 -2.1533
15.875 77.625 -2.1934
15.875 77.875 -1.3119
15.875 78.125 -1.1361
15.875 78.375 -1.7788
15.875 78.625 -1.8578
15.875 78.875 -1.7415
15.875 79.125 -0.94074
15.875 79.375 -2.3338
15.875 79.625 -2.0645
15.875 79.875 -2.7978
15.875 80.125 -0.86703
15.875 80.375 -1.6012
NaN NaN NaN
15.875 80.875 -0.93263
16.125 73.625 -3.3422
16.125 73.875 -5.9851
16.125 74.125 -5.6931
16.125 74.375 -4.0873
16.125 74.625 -2.1431
16.125 74.875 -0.87634
16.125 75.125 -1.9117
16.125 75.375 -1.7179
16.125 75.625 -1.6694
16.125 75.875 -2.0073
16.125 76.125 -1.7881
16.125 76.375 -2.0547
16.125 76.625 -2.024
16.125 76.875 -2.049
16.125 77.125 -2.13
16.125 77.375 -2.2042
16.125 77.625 -1.8967
16.125 77.875 -1.3644
16.125 78.125 -1.1335
16.125 78.375 -1.4045
16.125 78.625 -1.7657
16.125 78.875 -1.857
16.125 79.125 -1.8703
16.125 79.375 -1.5326
16.125 79.625 -1.6135
16.125 79.875 -0.36247
16.125 80.125 -0.66632
16.125 80.375 -0.20462
16.125 80.625 -0.082812
16.125 80.875 -0.34034
16.375 73.625 -1.8984
16.375 73.875 -6.8373
16.375 74.125 -7.294
16.375 74.375 -4.7509
16.375 74.625 -2.3729
16.375 74.875 -1.7542
16.375 75.125 -1.5756
16.375 75.375 -1.7604
16.375 75.625 -1.7581
16.375 75.875 -2.434
16.375 76.125 -1.813
16.375 76.375 -2.001
16.375 76.625 -1.9821
16.375 76.875 -1.996
16.375 77.125 -1.8499
16.375 77.375 -1.7637
16.375 77.625 -2.1073
16.375 77.875 -1.6171
16.375 78.125 -1.0532
16.375 78.375 -1.1548
16.375 78.625 -2.5669
16.375 78.875 -3.1707
16.375 79.125 -1.205
16.375 79.375 -1.9118
16.375 79.625 -1.8778
16.375 79.875 -0.91569
16.375 80.125 -0.35906
16.375 80.375 -0.84802
16.375 80.625 -0.97942
16.375 80.875 -1.1416
16.375 81.125 -0.89405
NaN NaN NaN
NaN NaN NaN
16.625 73.625 -5.4104
16.625 73.875 -6.3951
16.625 74.125 -6.8186
16.625 74.375 -5.5314
16.625 74.625 -2.7127
16.625 74.875 -2.53
16.625 75.125 -1.4603
16.625 75.375 -2.2325
16.625 75.625 -1.8479
16.625 75.875 -1.9824
16.625 76.125 -1.7455
16.625 76.375 -2.0285
16.625 76.625 -2.1902
16.625 76.875 -1.9106
16.625 77.125 -1.4822
16.625 77.375 -1.6282
16.625 77.625 -2.0955
16.625 77.875 -1.1368
16.625 78.125 -1.2487
16.625 78.375 -1.9357
16.625 78.625 -2.8035
16.625 78.875 -2.6892
16.625 79.125 -2.7492
16.625 79.375 -0.84491
16.625 79.625 -0.54015
16.625 79.875 -0.90296
16.625 80.125 -0.1091
16.625 80.375 -0.54851
16.625 80.625 -0.40074
16.625 80.875 -1.9741
16.625 81.125 -1.0316
16.625 81.375 -0.80345
16.625 81.625 -2.1248
16.625 81.875 -1.2953
16.625 82.125 -1.0053
16.875 73.375 -2.8883
16.875 73.625 -5.985
16.875 73.875 -6.6269
16.875 74.125 -6.4073
16.875 74.375 -0.97177
16.875 74.625 -2.0267
16.875 74.875 -0.84626
16.875 75.125 -1.2411
16.875 75.375 -2.3411
16.875 75.625 -1.3102
16.875 75.875 -1.704
16.875 76.125 -1.7924
16.875 76.375 -2.1893
16.875 76.625 -2.5004
16.875 76.875 -2.1526
16.875 77.125 -1.8387
16.875 77.375 -1.7288
16.875 77.625 -2.1587
16.875 77.875 -1.5045
16.875 78.125 -1.9658
16.875 78.375 -2.2105
16.875 78.625 -1.5789
16.875 78.875 -2.4224
16.875 79.125 -2.5543
16.875 79.375 -1.3278
16.875 79.625 -1.4261
16.875 79.875 -0.86213
16.875 80.125 -0.30545
16.875 80.375 -0.51839
16.875 80.625 -0.81257
16.875 80.875 -0.64639
16.875 81.125 -2.6383
16.875 81.375 -2.0717
16.875 81.625 -1.6601
16.875 81.875 -0.66801
16.875 82.125 -0.6136
17.125 73.375 -4.8586
17.125 73.625 -5.965
17.125 73.875 -6.5016
17.125 74.125 -5.3611
17.125 74.375 -2.2272
17.125 74.625 -2.462
17.125 74.875 -1.5663
17.125 75.125 -1.6112
17.125 75.375 -1.7429
17.125 75.625 -0.89269
17.125 75.875 -1.9867
17.125 76.125 -2.4621
17.125 76.375 -2.1809
17.125 76.625 -2.1076
17.125 76.875 -1.9071
17.125 77.125 -2.1037
17.125 77.375 -1.7586
17.125 77.625 -1.7115
17.125 77.875 -1.3321
17.125 78.125 -2.8603
17.125 78.375 -2.7313
17.125 78.625 -1.7054
17.125 78.875 -0.82382
17.125 79.125 -0.54784
17.125 79.375 0.034122
17.125 79.625 -0.63915
17.125 79.875 -0.72472
17.125 80.125 -0.066382
17.125 80.375 -0.45466
17.125 80.625 -0.6602
17.125 80.875 -1.0149
17.125 81.125 -1.0746
17.125 81.375 -1.6962
17.125 81.625 -0.71789
17.125 81.875 -0.43128
17.125 82.125 -0.49755
17.125 82.375 -2.4731
17.375 73.375 -4.8417
17.375 73.625 -6.1924
17.375 73.875 -6.3871
17.375 74.125 -5.8657
17.375 74.375 -2.0799
17.375 74.625 -3.4202
17.375 74.875 -1.9997
17.375 75.125 -2.0504
17.375 75.375 -2.4725
17.375 75.625 -1.6355
17.375 75.875 -2.8721
17.375 76.125 -2.0104
17.375 76.375 -1.8756
17.375 76.625 -1.8194
17.375 76.875 -1.2849
17.375 77.125 -1.7117
17.375 77.375 -1.8916
17.375 77.625 -1.4828
17.375 77.875 -1.3821
17.375 78.125 -1.2382
17.375 78.375 -1.3675
17.375 78.625 -2.2689
17.375 78.875 -0.36396
17.375 79.125 0.074826
17.375 79.375 -0.28409
17.375 79.625 -0.55104
17.375 79.875 -0.81491
17.375 80.125 -0.35002
17.375 80.375 -0.93514
17.375 80.625 -0.15812
17.375 80.875 -0.54034
17.375 81.125 0.01734
17.375 81.375 -2.8717
17.375 81.625 -0.84171
17.375 81.875 -0.42485
17.375 82.125 -0.62923
17.375 82.375 -0.46348
NaN NaN NaN
17.625 73.375 -3.8754
17.625 73.625 -5.9288
17.625 73.875 -7.0827
17.625 74.125 -5.5678
17.625 74.375 -2.4607
17.625 74.625 -2.7459
17.625 74.875 -1.8988
17.625 75.125 -2.131
17.625 75.375 -1.681
17.625 75.625 -2.0649
17.625 75.875 -2.6274
17.625 76.125 -1.9447
17.625 76.375 -1.546
17.625 76.625 -1.5622
17.625 76.875 -1.1584
17.625 77.125 -1.6989
17.625 77.375 -1.7393
17.625 77.625 -2.0182
17.625 77.875 -1.9272
17.625 78.125 -1.4455
17.625 78.375 -0.20711
17.625 78.625 -0.45498
17.625 78.875 -0.82638
17.625 79.125 -0.4657
17.625 79.375 -1.2497
17.625 79.625 -1.129
17.625 79.875 -1.2203
17.625 80.125 -0.68362
17.625 80.375 -2.5677
17.625 80.625 -1.2014
17.625 80.875 0.048141
17.625 81.125 0.21457
17.625 81.375 -0.057106
17.625 81.625 -3.1929
17.625 81.875 -2.8112
17.625 82.125 -2.4102
17.625 82.375 -0.97605
17.625 82.625 -1.2048
17.625 82.875 -0.20291
17.625 83.125 -0.34056
17.875 73.375 -1.4142
17.875 73.625 -5.8846
17.875 73.875 -3.8329
17.875 74.125 -4.1223
17.875 74.375 -1.8844
17.875 74.625 -2.3488
17.875 74.875 -1.9684
17.875 75.125 -2.6796
17.875 75.375 -2.5332
17.875 75.625 -2.3627
17.875 75.875 -2.0102
17.875 76.125 -1.768
17.875 76.375 -1.8875
17.875 76.625 -1.6055
17.875 76.875 -1.9567
17.875 77.125 -1.7596
17.875 77.375 -1.3838
17.875 77.625 -0.61828
17.875 77.875 -0.4065
17.875 78.125 0.64864
17.875 78.375 0.49835
17.875 78.625 0.97133
17.875 78.875 0.47793
17.875 79.125 -0.36145
17.875 79.375 -1.0143
17.875 79.625 -1.4883
17.875 79.875 -1.569
17.875 80.125 -1.1806
17.875 80.375 -2.561
17.875 80.625 -0.82347
17.875 80.875 -0.73214
17.875 81.125 -0.29788
17.875 81.375 -0.58557
17.875 81.625 -0.68951
17.875 81.875 -6.0829
17.875 82.125 -5.2447
17.875 82.375 -1.0653
17.875 82.625 -1.2763
17.875 82.875 -0.82931
17.875 83.125 -0.33185
17.875 83.375 -0.56376
NaN NaN NaN
18.125 73.375 -6.0337
18.125 73.625 -5.5345
18.125 73.875 -0.7994
18.125 74.125 -2.5224
18.125 74.375 -1.6167
18.125 74.625 -2.0976
18.125 74.875 -2.535
18.125 75.125 -3.2976
18.125 75.375 -3.2396
18.125 75.625 -2.8528
18.125 75.875 -2.7414
18.125 76.125 -1.7055
18.125 76.375 -1.3707
18.125 76.625 -2.4752
18.125 76.875 -2.1162
18.125 77.125 -1.4406
18.125 77.375 -0.44556
18.125 77.625 -0.002361
18.125 77.875 -0.74977
18.125 78.125 0.30362
18.125 78.375 -0.52202
18.125 78.625 0.52385
18.125 78.875 -0.50629
18.125 79.125 -0.093506
18.125 79.375 -0.38513
18.125 79.625 -0.20707
18.125 79.875 -0.80838
18.125 80.125 -0.47465
18.125 80.375 -3.3246
18.125 80.625 -1.0392
18.125 80.875 -0.49908
18.125 81.125 -4.5556
18.125 81.375 -0.96224
18.125 81.625 -1.2696
18.125 81.875 -0.50841
18.125 82.125 -3.342
18.125 82.375 -1.2438
18.125 82.625 -0.90866
18.125 82.875 -2.4848
18.125 83.125 -0.66742
18.125 83.375 -0.64628
18.125 83.625 0.079599
18.375 73.125 -3.8752
18.375 73.375 -5.9917
18.375 73.625 -3.4166
18.375 73.875 -1.4785
18.375 74.125 -2.1579
18.375 74.375 -2.005
18.375 74.625 -2.4559
18.375 74.875 -3.225
18.375 75.125 -2.8046
18.375 75.375 -1.4397
18.375 75.625 -1.735
18.375 75.875 -2.513
18.375 76.125 -1.543
18.375 76.375 -1.7144
18.375 76.625 -2.0596
18.375 76.875 -1.9943
18.375 77.125 -2.0092
18.375 77.375 -2.1616
18.375 77.625 -1.014
18.375 77.875 -0.93464
18.375 78.125 -0.89503
18.375 78.375 0.39611
18.375 78.625 0.78935
18.375 78.875 0.036256
18.375 79.125 -0.38733
18.375 79.375 0.26975
18.375 79.625 0.066079
18.375 79.875 -0.012765
18.375 80.125 0.28988
18.375 80.375 -0.027669
18.375 80.625 -0.41063
18.375 80.875 -1.01
18.375 81.125 -3.5736
18.375 81.375 -3.7144
18.375 81.625 -3.74
18.375 81.875 -3.1222
18.375 82.125 -2.8072
18.375 82.375 -2.8212
18.375 82.625 -1.8192
18.375 82.875 -2.426
18.375 83.125 -0.048165
18.375 83.375 -0.14111
18.375 83.625 -0.70844
18.375 83.875 -0.76112
18.625 73.125 -4.0713
18.625 73.375 -1.3034
18.625 73.625 -2.0279
18.625 73.875 -2.3535
18.625 74.125 -3.1728
18.625 74.375 -1.6894
18.625 74.625 -2.3752
18.625 74.875 -1.9408
18.625 75.125 -2.2473
18.625 75.375 -2.6554
18.625 75.625 -1.8845
18.625 75.875 -1.9151
18.625 76.125 -2.3153
18.625 76.375 -2.251
18.625 76.625 -1.6283
18.625 76.875 -1.8635
18.625 77.125 -1.9442
18.625 77.375 -1.6754
18.625 77.625 -0.44928
18.625 77.875 -0.4185
18.625 78.125 -1.3205
18.625 78.375 0.20989
18.625 78.625 -2.0426
18.625 78.875 0.019373
18.625 79.125 -0.47817
18.625 79.375 -1.2323
18.625 79.625 -1.103
18.625 79.875 -0.54015
18.625 80.125 -0.86284
18.625 80.375 -1.6331
18.625 80.625 -0.45322
18.625 80.875 -0.2865
18.625 81.125 -0.60235
18.625 81.375 -2.0151
18.625 81.625 -4.8372
18.625 81.875 -5.3988
18.625 82.125 -3.9597
18.625 82.375 -2.8646
18.625 82.625 -3.603
18.625 82.875 -3.3304
18.625 83.125 -1.1431
18.625 83.375 -1.6062
18.625 83.625 -1.6751
18.625 83.875 -1.3645
18.625 84.125 -1.2283
18.875 73.125 -0.58829
18.875 73.375 -6.1702
18.875 73.625 -1.9254
18.875 73.875 -1.6865
18.875 74.125 -2.5578
18.875 74.375 -2.0838
18.875 74.625 -1.9927
18.875 74.875 -1.8341
18.875 75.125 -2.798
18.875 75.375 -2.4789
18.875 75.625 -2.3091
18.875 75.875 -2.6743
18.875 76.125 -1.5547
18.875 76.375 -1.8543
18.875 76.625 -1.7268
18.875 76.875 -1.5374
18.875 77.125 -1.3394
18.875 77.375 -2.4174
18.875 77.625 -1.1691
18.875 77.875 -0.94832
18.875 78.125 -0.57888
18.875 78.375 -2.0232
18.875 78.625 0.45346
18.875 78.875 0.3901
18.875 79.125 -0.16949
18.875 79.375 -0.5962
18.875 79.625 -0.46143
18.875 79.875 -0.070035
18.875 80.125 -3.4904
18.875 80.375 -4.4334
18.875 80.625 -4.7029
18.875 80.875 -0.27435
18.875 81.125 -0.32717
18.875 81.375 -1.2336
18.875 81.625 -4.9049
18.875 81.875 -1.2144
18.875 82.125 -2.0068
18.875 82.375 -1.9907
18.875 82.625 -5.2088
18.875 82.875 -2.783
18.875 83.125 -0.73648
18.875 83.375 -1.382
18.875 83.625 -1.2183
18.875 83.875 -0.47905
18.875 84.125 -0.80718
18.875 84.375 -0.37796
19.125 73.125 -5.2624
19.125 73.375 -2.9101
19.125 73.625 -4.5145
19.125 73.875 -1.9204
19.125 74.125 -2.3766
19.125 74.375 -2.1647
19.125 74.625 -2.1321
19.125 74.875 -1.8098
19.125 75.125 -2.1795
19.125 75.375 -2.5782
19.125 75.625 -2.6144
19.125 75.875 -2.5678
19.125 76.125 -1.8119
19.125 76.375 -1.548
19.125 76.625 -1.5287
19.125 76.875 -2.1301
19.125 77.125 -1.774
19.125 77.375 -0.56159
19.125 77.625 -1.6788
19.125 77.875 -1.8691
19.125 78.125 -1.9744
19.125 78.375 -1.1222
19.125 78.625 -0.48891
19.125 78.875 -1.2439
19.125 79.125 -0.70266
19.125 79.375 -0.50475
19.125 79.625 -0.38551
19.125 79.875 -0.32688
19.125 80.125 -3.6142
19.125 80.375 -4.2763
19.125 80.625 -0.078381
19.125 80.875 -0.71034
19.125 81.125 0.16636
19.125 81.375 -0.17671
19.125 81.625 -0.90202
19.125 81.875 -1.4668
19.125 82.125 -0.95501
19.125 82.375 -0.36621
19.125 82.625 -1.359
19.125 82.875 -0.5628
19.125 83.125 -0.95658
19.125 83.375 -0.65943
19.125 83.625 -1.451
19.125 83.875 -0.82373
19.125 84.125 -0.56779
19.125 84.375 -2.0321
19.125 84.625 -1.1227
19.375 72.875 -2.2152
19.375 73.125 -4.981
19.375 73.375 -2.8719
19.375 73.625 -3.7127
19.375 73.875 -2.6671
19.375 74.125 -1.5606
19.375 74.375 -1.8091
19.375 74.625 -1.7553
19.375 74.875 -1.398
19.375 75.125 -2.2677
19.375 75.375 -2.1833
19.375 75.625 -2.3154
19.375 75.875 -2.5568
19.375 76.125 -2.1609
19.375 76.375 -2.6618
19.375 76.625 -2.6841
19.375 76.875 -2.5318
19.375 77.125 -1.7647
19.375 77.375 -2.0506
19.375 77.625 -2.2219
19.375 77.875 -1.4685
19.375 78.125 -1.4826
19.375 78.375 -0.72015
19.375 78.625 -0.39411
19.375 78.875 -0.33085
19.375 79.125 -0.52724
19.375 79.375 0.13499
19.375 79.625 -0.58034
19.375 79.875 -3.3137
19.375 80.125 -0.0010121
19.375 80.375 0.023436
19.375 80.625 -1.0947
19.375 80.875 0.018645
19.375 81.125 0.16246
19.375 81.375 0.066207
19.375 81.625 -0.69353
19.375 81.875 -4.4611
19.375 82.125 -2.4187
19.375 82.375 8.3161e-06
19.375 82.625 0.086807
19.375 82.875 -0.73945
19.375 83.125 -0.90436
19.375 83.375 -0.65798
19.375 83.625 -0.8056
19.375 83.875 -0.4244
19.375 84.125 -1.1365
19.375 84.375 -0.4439
19.375 84.625 -0.47562
19.375 84.875 0.46688
19.625 72.875 -2.5777
19.625 73.125 -3.4512
19.625 73.375 -4.0881
19.625 73.625 -4.197
19.625 73.875 -1.9168
19.625 74.125 -2.305
19.625 74.375 -2.0391
19.625 74.625 -1.93
19.625 74.875 -2.3826
19.625 75.125 -1.7615
19.625 75.375 -2.4638
19.625 75.625 -3.1397
19.625 75.875 -2.1325
19.625 76.125 -2.3498
19.625 76.375 -2.5776
19.625 76.625 -3.3527
19.625 76.875 -3.0494
19.625 77.125 -2.9141
19.625 77.375 -1.4058
19.625 77.625 -1.6657
19.625 77.875 -1.8286
19.625 78.125 -1.9375
19.625 78.375 -1.2529
19.625 78.625 -0.34461
19.625 78.875 -0.46968
19.625 79.125 -1.2391
19.625 79.375 -2.0188
19.625 79.625 -0.81615
19.625 79.875 -0.32436
19.625 80.125 0.22983
19.625 80.375 0.037198
19.625 80.625 0.089035
19.625 80.875 -0.12046
19.625 81.125 -0.048487
19.625 81.375 -0.3462
19.625 81.625 -0.62296
19.625 81.875 -4.2765
19.625 82.125 -1.1309
19.625 82.375 -0.571
19.625 82.625 0.021627
19.625 82.875 -1.3794
19.625 83.125 -0.52678
19.625 83.375 -0.27093
19.625 83.625 -0.10355
19.625 83.875 -0.45608
19.625 84.125 -1.678
19.625 84.375 -0.31568
19.625 84.625 -0.77239
19.625 84.875 -0.24634
19.625 85.125 0.085961
19.625 85.375 -0.73098
19.875 72.875 -2.2188
19.875 73.125 -3.3362
19.875 73.375 -3.5782
19.875 73.625 -4.4615
19.875 73.875 -3.4096
19.875 74.125 -1.9935
19.875 74.375 -1.8499
19.875 74.625 -2.1101
19.875 74.875 -1.615
19.875 75.125 -2.1018
19.875 75.375 -2.6624
19.875 75.625 -2.0455
19.875 75.875 -0.95825
19.875 76.125 -0.9535
19.875 76.375 -0.73569
19.875 76.625 -1.9741
19.875 76.875 -1.2649
19.875 77.125 -1.9382
19.875 77.375 -1.7997
19.875 77.625 -1.7777
19.875 77.875 -1.365
19.875 78.125 -1.8566
19.875 78.375 -1.997
19.875 78.625 -1.4589
19.875 78.875 -0.68546
19.875 79.125 -0.6485
19.875 79.375 -1.7374
19.875 79.625 -0.99129
19.875 79.875 -0.31536
19.875 80.125 0.046877
19.875 80.375 0.0038595
19.875 80.625 0.10835
19.875 80.875 0.31693
19.875 81.125 0.14691
19.875 81.375 0.082718
19.875 81.625 -4.1068
19.875 81.875 -0.94342
19.875 82.125 -0.42689
19.875 82.375 0.55615
19.875 82.625 -0.45836
19.875 82.875 -1.5958
19.875 83.125 -0.32381
19.875 83.375 -0.41904
19.875 83.625 0.49679
19.875 83.875 -0.61222
19.875 84.125 -1.6734
19.875 84.375 -0.80368
19.875 84.625 -1.7371
19.875 84.875 -1.5916
19.875 85.125 0.66661
19.875 85.375 -0.090241
NaN NaN NaN
NaN NaN NaN
NaN NaN NaN
20.125 72.875 -1.957
20.125 73.125 -3.773
20.125 73.375 -4.0645
20.125 73.625 -4.1571
20.125 73.875 -3.0614
20.125 74.125 -0.12118
20.125 74.375 -1.1431
20.125 74.625 -1.8466
20.125 74.875 -1.3662
20.125 75.125 -1.6897
20.125 75.375 -1.1789
20.125 75.625 -1.4383
20.125 75.875 -1.6202
20.125 76.125 -1.179
20.125 76.375 -1.104
20.125 76.625 -1.3326
20.125 76.875 -0.96826
20.125 77.125 -1.3262
20.125 77.375 -1.699
20.125 77.625 -1.6583
20.125 77.875 -1.8266
20.125 78.125 -1.8719
20.125 78.375 -2.2833
20.125 78.625 -1.0018
20.125 78.875 -0.9335
20.125 79.125 -1.0046
20.125 79.375 -0.83647
20.125 79.625 0.29727
20.125 79.875 0.29507
20.125 80.125 -1.3014
20.125 80.375 -0.13571
20.125 80.625 0.027079
20.125 80.875 -0.010043
20.125 81.125 -0.5877
20.125 81.375 -0.25248
20.125 81.625 0.16085
20.125 81.875 0.27207
20.125 82.125 0.62978
20.125 82.375 0.22749
20.125 82.625 0.10096
20.125 82.875 -5.1559
20.125 83.125 -2.9783
20.125 83.375 -3.3292
20.125 83.625 -0.5138
20.125 83.875 -0.45654
20.125 84.125 -0.55128
20.125 84.375 -0.82419
20.125 84.625 -0.19336
20.125 84.875 -0.17603
20.125 85.125 -0.55949
20.125 85.375 -4.5051
20.125 85.625 -2.6877
20.125 85.875 -0.36234
20.125 86.125 -2.246
NaN NaN NaN
20.375 73.125 -0.36557
20.375 73.375 -3.8147
20.375 73.625 -4.6369
20.375 73.875 -3.1886
20.375 74.125 -1.6676
20.375 74.375 -1.8528
20.375 74.625 -2.2255
20.375 74.875 -1.5134
20.375 75.125 -0.4092
20.375 75.375 0.17309
20.375 75.625 -0.54588
20.375 75.875 -1.0315
20.375 76.125 -1.1953
20.375 76.375 -1.6943
20.375 76.625 -1.0833
20.375 76.875 -1.4621
20.375 77.125 -2.1953
20.375 77.375 -1.6348
20.375 77.625 -1.5028
20.375 77.875 -1.8642
20.375 78.125 -1.7604
20.375 78.375 -1.7915
20.375 78.625 -1.6324
20.375 78.875 -1.2233
20.375 79.125 -0.80796
20.375 79.375 -0.82377
20.375 79.625 -0.24192
20.375 79.875 0.31642
20.375 80.125 -0.050114
20.375 80.375 -0.66527
20.375 80.625 -0.22225
20.375 80.875 0.055125
20.375 81.125 -0.34498
20.375 81.375 0.095172
20.375 81.625 0.13148
20.375 81.875 0.60101
20.375 82.125 -0.035516
20.375 82.375 0.30576
20.375 82.625 -0.1125
20.375 82.875 -2.644
20.375 83.125 -4.9865
20.375 83.375 -5.6436
20.375 83.625 -1.0869
20.375 83.875 -0.85158
20.375 84.125 -0.2143
20.375 84.375 -0.64582
20.375 84.625 -1.1297
20.375 84.875 -0.35567
20.375 85.125 -0.93292
20.375 85.375 -0.47789
20.375 85.625 -0.65011
20.375 85.875 -0.061575
20.375 86.125 -0.55064
20.375 86.375 -1.2149
NaN NaN NaN
20.625 73.125 -1.6013
20.625 73.375 -1.1255
20.625 73.625 0.067902
20.625 73.875 -1.8005
20.625 74.125 -1.2508
20.625 74.375 -1.9819
20.625 74.625 -1.4019
20.625 74.875 -0.074095
20.625 75.125 -1.9759
20.625 75.375 -2.7512
20.625 75.625 -2.1628
20.625 75.875 -2.359
20.625 76.125 -1.4064
20.625 76.375 -1.6497
20.625 76.625 -2.2065
20.625 76.875 -1.3304
20.625 77.125 -0.97768
20.625 77.375 -1.1784
20.625 77.625 -1.0997
20.625 77.875 -1.3286
20.625 78.125 -0.74324
20.625 78.375 -1.0013
20.625 78.625 -1.9444
20.625 78.875 -1.309
20.625 79.125 -0.87067
20.625 79.375 -1.205
20.625 79.625 -0.090493
20.625 79.875 -0.0037779
20.625 80.125 -1.2965
20.625 80.375 -5.3921
20.625 80.625 -0.72379
20.625 80.875 -4.8088
20.625 81.125 -1.3917
20.625 81.375 -0.069697
20.625 81.625 0.46208
20.625 81.875 0.45244
20.625 82.125 -1.419
20.625 82.375 0.37475
20.625 82.625 -0.49024
20.625 82.875 -0.7754
20.625 83.125 -0.54098
20.625 83.375 -4.9084
20.625 83.625 -0.67137
20.625 83.875 -0.62629
20.625 84.125 -1.7189
20.625 84.375 -0.65331
20.625 84.625 -0.79971
20.625 84.875 -0.22124
20.625 85.125 -0.17299
20.625 85.375 -2.801
20.625 85.625 -3.2635
20.625 85.875 -0.91355
20.625 86.125 -0.62951
20.625 86.375 -0.30783
20.625 86.625 -0.46472
NaN NaN NaN
20.875 70.625 0.70888
20.875 70.875 0.56335
20.875 71.125 0.32482
20.875 71.375 -0.15886
20.875 72.875 -0.51869
20.875 73.125 -0.70843
20.875 73.375 -1.0338
20.875 73.625 -0.40236
20.875 73.875 -0.77564
20.875 74.125 -1.5289
20.875 74.375 -1.6885
20.875 74.625 -1.4227
20.875 74.875 -1.3661
20.875 75.125 -1.8862
20.875 75.375 -2.0687
20.875 75.625 -1.9034
20.875 75.875 -1.7987
20.875 76.125 -1.6303
20.875 76.375 -1.8417
20.875 76.625 -1.7708
20.875 76.875 -1.6547
20.875 77.125 -1.7355
20.875 77.375 -1.6606
20.875 77.625 -1.6053
20.875 77.875 -1.3642
20.875 78.125 -0.93381
20.875 78.375 -0.83302
20.875 78.625 -0.88916
20.875 78.875 -0.72041
20.875 79.125 -1.9409
20.875 79.375 -1.2101
20.875 79.625 -0.55733
20.875 79.875 -0.11151
20.875 80.125 -0.60433
20.875 80.375 -0.5179
20.875 80.625 -0.65358
20.875 80.875 0.33068
20.875 81.125 -1.7667
20.875 81.375 -1.2809
20.875 81.625 -6.3154
20.875 81.875 0.020003
20.875 82.125 -0.77449
20.875 82.375 -0.91561
20.875 82.625 -1.6121
20.875 82.875 -0.63245
20.875 83.125 -1.5633
20.875 83.375 -3.4353
20.875 83.625 -0.45041
20.875 83.875 -0.36887
20.875 84.125 -5.0784
20.875 84.375 -3.6607
20.875 84.625 -0.57481
20.875 84.875 -1.4919
20.875 85.125 -1.1448
20.875 85.375 -1.8432
20.875 85.625 -0.67475
20.875 85.875 -0.49727
20.875 86.125 -0.9091
20.875 86.375 -0.37733
20.875 86.625 -0.26801
21.125 70.375 0.0065061
21.125 70.625 -0.35418
21.125 70.875 -0.57219
21.125 71.125 -0.35995
21.125 71.375 -0.091345
NaN NaN NaN
NaN NaN NaN
21.125 72.875 -1.2406
21.125 73.125 -1.8618
21.125 73.375 -0.39819
21.125 73.625 -0.74347
21.125 73.875 -1.4529
21.125 74.125 -1.6302
21.125 74.375 -1.5293
21.125 74.625 -1.2978
21.125 74.875 -2.0236
21.125 75.125 -1.9829
21.125 75.375 -2.1557
21.125 75.625 -0.9391
21.125 75.875 -1.0877
21.125 76.125 -0.82734
21.125 76.375 -1.7697
21.125 76.625 -2.3656
21.125 76.875 -2.3387
21.125 77.125 -2.0913
21.125 77.375 -1.5384
21.125 77.625 -1.8178
21.125 77.875 -2.1593
21.125 78.125 -1.9696
21.125 78.375 -1.6908
21.125 78.625 -1.3567
21.125 78.875 -0.71433
21.125 79.125 -0.66043
21.125 79.375 -1.0271
21.125 79.625 -0.019063
21.125 79.875 -0.15463
21.125 80.125 -2.432
21.125 80.375 -3.3205
21.125 80.625 -1.9305
21.125 80.875 -1.9081
21.125 81.125 -0.18638
21.125 81.375 0.4361
21.125 81.625 -5.4691
21.125 81.875 -0.3748
21.125 82.125 -1.3086
21.125 82.375 -0.68216
21.125 82.625 -0.88041
21.125 82.875 -0.46021
21.125 83.125 -1.3715
21.125 83.375 -1.9239
21.125 83.625 -1.1492
21.125 83.875 -0.11386
21.125 84.125 -1.0003
21.125 84.375 0.25129
21.125 84.625 -1.5633
21.125 84.875 -2.5209
21.125 85.125 -0.65594
21.125 85.375 -1.1424
21.125 85.625 -0.29785
21.125 85.875 -0.71187
21.125 86.125 -1.3779
21.125 86.375 -1.2348
21.125 86.625 -0.55524
21.375 70.125 -0.92731
21.375 70.375 -0.47551
21.375 70.625 -0.025764
21.375 70.875 -0.71723
21.375 71.125 0.15298
21.375 71.375 -1.01
21.375 71.625 -0.52024
21.375 71.875 -0.02097
21.375 72.875 -1.2532
21.375 73.125 -0.39678
21.375 73.375 -0.023545
21.375 73.625 -0.20026
21.375 73.875 -1.0814
21.375 74.125 -1.6399
21.375 74.375 -1.5955
21.375 74.625 -1.3697
21.375 74.875 -0.4029
21.375 75.125 -0.49703
21.375 75.375 -1.1174
21.375 75.625 -0.38811
21.375 75.875 -0.76078
21.375 76.125 -0.80817
21.375 76.375 -1.2793
21.375 76.625 -1.695
21.375 76.875 -2.4959
21.375 77.125 -1.5558
21.375 77.375 -0.87023
21.375 77.625 -1.467
21.375 77.875 -1.9367
21.375 78.125 -1.813
21.375 78.375 -1.9703
21.375 78.625 -1.509
21.375 78.875 -0.8264
21.375 79.125 -1.2105
21.375 79.375 -0.76563
21.375 79.625 -1.2416
21.375 79.875 -4.6693
21.375 80.125 -3.9849
21.375 80.375 -1.3401
21.375 80.625 -2.6233
21.375 80.875 0.40266
21.375 81.125 -4.0723
21.375 81.375 1.0729
21.375 81.625 -3.5253
21.375 81.875 0.48608
21.375 82.125 -0.3276
21.375 82.375 -2.6427
21.375 82.625 -2.3772
21.375 82.875 -1.317
21.375 83.125 -3.9359
21.375 83.375 -1.2671
21.375 83.625 -0.71001
21.375 83.875 -0.70771
21.375 84.125 -0.077668
21.375 84.375 -0.39543
21.375 84.625 -1.056
21.375 84.875 -1.0185
21.375 85.125 -0.20117
21.375 85.375 -0.96582
21.375 85.625 -0.37093
21.375 85.875 -0.35277
21.375 86.125 -0.8495
21.375 86.375 -0.18691
21.375 86.625 -0.35771
21.375 86.875 -0.55306
21.625 69.875 -1.0943
21.625 70.125 -1.2509
21.625 70.375 -0.54114
21.625 70.625 -0.61586
21.625 70.875 -0.18947
21.625 71.125 -0.4197
21.625 71.375 -0.64024
21.625 71.625 -0.89631
21.625 71.875 -0.83175
21.625 72.125 -0.91608
21.625 72.875 -0.0021048
21.625 73.125 -0.13596
21.625 73.375 -0.19165
21.625 73.625 -0.60287
21.625 73.875 -1.1728
21.625 74.125 -1.3484
21.625 74.375 -1.2853
21.625 74.625 -0.66714
21.625 74.875 -0.25745
21.625 75.125 0.086867
21.625 75.375 -0.30703
21.625 75.625 -0.47261
21.625 75.875 -1.0866
21.625 76.125 -1.2375
21.625 76.375 -0.74556
21.625 76.625 -1.1887
21.625 76.875 -1.0223
21.625 77.125 -0.61612
21.625 77.375 -0.22702
21.625 77.625 -0.91624
21.625 77.875 -0.09182
21.625 78.125 -0.13884
21.625 78.375 -1.7788
21.625 78.625 -1.4072
21.625 78.875 -1.2823
21.625 79.125 -2.4791
21.625 79.375 -3.8183
21.625 79.625 -0.18094
21.625 79.875 -2.972
21.625 80.125 -4.0256
21.625 80.375 -0.69088
21.625 80.625 -3.2787
21.625 80.875 -0.14231
21.625 81.125 -3.9106
21.625 81.375 0.47252
21.625 81.625 -3.3686
21.625 81.875 -3.7687
21.625 82.125 -4.2891
21.625 82.375 -1.6935
21.625 82.625 -0.65175
21.625 82.875 -5.5978
21.625 83.125 -3.3315
21.625 83.375 -4.3426
21.625 83.625 -2.238
21.625 83.875 -1.0652
21.625 84.125 -0.18231
21.625 84.375 -0.72668
21.625 84.625 -0.46866
21.625 84.875 -0.34108
21.625 85.125 -0.18763
21.625 85.375 -0.38133
21.625 85.625 -0.4356
21.625 85.875 -0.70911
21.625 86.125 -0.70921
21.625 86.375 -0.04523
21.625 86.625 -0.75257
21.625 86.875 -0.75564
21.625 87.125 -0.59888
NaN NaN NaN
NaN NaN NaN
21.875 69.625 -0.87259
21.875 69.875 -1.0686
21.875 70.125 -1.0347
21.875 70.375 -0.3523
21.875 70.625 -0.57342
21.875 70.875 -1.2326
21.875 71.125 -0.81962
21.875 71.375 -0.83503
21.875 71.625 -0.68616
21.875 71.875 -0.9933
21.875 72.125 -0.49485
NaN NaN NaN
21.875 72.875 -0.84618
21.875 73.125 -0.56859
21.875 73.375 -0.58663
21.875 73.625 -1.4254
21.875 73.875 -1.8451
21.875 74.125 -2.2955
21.875 74.375 -2.2715
21.875 74.625 -1.7492
21.875 74.875 -1.0115
21.875 75.125 -0.81172
21.875 75.375 -0.33836
21.875 75.625 -0.30832
21.875 75.875 -0.59111
21.875 76.125 -1.0114
21.875 76.375 -0.37217
21.875 76.625 -0.13751
21.875 76.875 -0.40271
21.875 77.125 -0.26638
21.875 77.375 -0.22809
21.875 77.625 0.11351
21.875 77.875 -0.83608
21.875 78.125 0.075501
21.875 78.375 -0.067857
21.875 78.625 -1.1016
21.875 78.875 -0.64875
21.875 79.125 -1.2854
21.875 79.375 -0.96135
21.875 79.625 -0.10141
21.875 79.875 0.065211
21.875 80.125 0.15364
21.875 80.375 0.66093
21.875 80.625 0.42976
21.875 80.875 -2.915
21.875 81.125 -0.044275
21.875 81.375 -0.55265
21.875 81.625 -1.1678
21.875 81.875 -1.9355
21.875 82.125 -4.0558
21.875 82.375 -3.7921
21.875 82.625 -0.83448
21.875 82.875 -6.7272
21.875 83.125 -1.6258
21.875 83.375 -4.661
21.875 83.625 -1.1223
21.875 83.875 -1.1991
21.875 84.125 -0.51159
21.875 84.375 -0.42777
21.875 84.625 -0.61363
21.875 84.875 -0.75481
21.875 85.125 -0.22226
21.875 85.375 0.18681
21.875 85.625 -0.56825
21.875 85.875 -1.9682
21.875 86.125 -0.4979
21.875 86.375 -0.12913
21.875 86.625 -0.44937
21.875 86.875 0.14526
21.875 87.125 -0.66821
21.875 87.375 -1.7472
21.875 87.625 -1.614
21.875 87.875 -1.285
21.875 88.375 -0.10102
NaN NaN NaN
NaN NaN NaN
22.125 69.125 -0.97689
22.125 69.375 -1.5517
22.125 69.625 -1.1843
22.125 69.875 -1.2238
22.125 70.125 -1.3286
22.125 70.375 -0.59935
22.125 70.625 -0.39996
22.125 70.875 -1.1079
22.125 71.125 -1.1909
22.125 71.375 -0.43587
22.125 71.625 -0.3474
22.125 71.875 -0.60436
22.125 72.125 -0.1557
NaN NaN NaN
22.125 72.875 -1.725
22.125 73.125 -1.2481
22.125 73.375 -0.79986
22.125 73.625 -1.0698
22.125 73.875 -1.9542
22.125 74.125 -1.5419
22.125 74.375 -1.6728
22.125 74.625 -1.4016
22.125 74.875 -0.66286
22.125 75.125 -0.72308
22.125 75.375 -1.0694
22.125 75.625 -0.97949
22.125 75.875 -0.88187
22.125 76.125 -0.92387
22.125 76.375 -0.50145
22.125 76.625 -0.55259
22.125 76.875 -0.7362
22.125 77.125 -0.36122
22.125 77.375 -0.45967
22.125 77.625 -0.69596
22.125 77.875 -0.49425
22.125 78.125 -0.58594
22.125 78.375 -0.52101
22.125 78.625 0.053614
22.125 78.875 0.085969
22.125 79.125 -0.39016
22.125 79.375 -0.25187
22.125 79.625 -0.14725
22.125 79.875 0.53969
22.125 80.125 0.55676
22.125 80.375 0.3075
22.125 80.625 0.77786
22.125 80.875 -0.50276
22.125 81.125 -0.66986
22.125 81.375 -0.054119
22.125 81.625 -0.26101
22.125 81.875 0.091163
22.125 82.125 -0.48507
22.125 82.375 -1.0631
22.125 82.625 -1.1041
22.125 82.875 -3.346
22.125 83.125 -0.85505
22.125 83.375 -0.59318
22.125 83.625 -2.0348
22.125 83.875 -0.46536
22.125 84.125 -0.46996
22.125 84.375 -2.0241
22.125 84.625 -1.0243
22.125 84.875 -0.30442
22.125 85.125 -0.17603
22.125 85.375 0.2521
22.125 85.625 0.23408
22.125 85.875 -0.074965
22.125 86.125 -0.65307
22.125 86.375 0.15086
22.125 86.625 -0.75884
22.125 86.875 -1.0797
22.125 87.125 -1.4289
22.125 87.375 -2.0437
22.125 87.625 -1.5314
22.125 87.875 -4.6106
22.125 88.125 -4.5538
22.125 88.375 -0.1851
NaN NaN NaN
22.375 69.125 0.69333
22.375 69.875 -0.81814
22.375 70.125 -1.2747
22.375 70.375 -1.1262
22.375 70.625 -0.64027
22.375 70.875 -0.97341
22.375 71.125 -0.66574
22.375 71.375 -1.0562
22.375 71.625 -1.5094
22.375 71.875 0.081936
22.375 72.125 0.22634
NaN NaN NaN
22.375 72.875 -0.35221
22.375 73.125 -0.76183
22.375 73.375 -0.42555
22.375 73.625 -0.32427
22.375 73.875 -1.252
22.375 74.125 -1.0939
22.375 74.375 -1.1397
22.375 74.625 -1.5273
22.375 74.875 -1.4536
22.375 75.125 -1.6435
22.375 75.375 -1.004
22.375 75.625 -1.3543
22.375 75.875 -0.36768
22.375 76.125 -0.75746
22.375 76.375 -1.4797
22.375 76.625 -0.44204
22.375 76.875 -0.51846
22.375 77.125 -0.36952
22.375 77.375 -0.87796
22.375 77.625 -1.0233
22.375 77.875 -0.067808
22.375 78.125 -2.8138
22.375 78.375 -0.056009
22.375 78.625 0.12769
22.375 78.875 0.57961
22.375 79.125 0.54233
22.375 79.375 0.69603
22.375 79.625 -0.093185
22.375 79.875 -0.033145
22.375 80.125 0.80173
22.375 80.375 1.0898
22.375 80.625 0.82485
22.375 80.875 0.6213
22.375 81.125 -2.9005
22.375 81.375 0.50555
22.375 81.625 0.16757
22.375 81.875 -0.026109
22.375 82.125 -0.10495
22.375 82.375 -0.32255
22.375 82.625 -1.4636
22.375 82.875 -1.1329
22.375 83.125 -1.2402
22.375 83.375 -0.53025
22.375 83.625 -2.7812
22.375 83.875 -1.9154
22.375 84.125 -2.1001
22.375 84.375 -0.38712
22.375 84.625 0.016963
22.375 84.875 -0.19111
22.375 85.125 0.23259
22.375 85.375 0.38744
22.375 85.625 -0.092592
22.375 85.875 0.085723
22.375 86.125 -0.10345
22.375 86.375 -0.026624
22.375 86.625 -0.88907
22.375 86.875 -2.3602
22.375 87.125 -0.43249
22.375 87.375 -1.1457
22.375 87.625 -0.50314
22.375 87.875 -2.4469
22.375 88.125 -0.46498
22.375 88.375 0.066635
22.375 88.625 0.34048
22.375 88.875 0.2704
NaN NaN NaN
22.625 70.375 -0.39385
22.625 70.625 -0.65023
22.625 70.875 -0.8484
22.625 71.125 -0.36316
22.625 71.375 -0.078235
22.625 71.625 -1.014
22.625 71.875 -1.5232
22.625 72.125 -0.10657
22.625 72.375 0.34523
22.625 72.625 0.011859
22.625 72.875 -0.91406
22.625 73.125 -1.0115
22.625 73.375 -0.5699
22.625 73.625 -1.2971
22.625 73.875 -1.8771
22.625 74.125 -1.5858
22.625 74.375 -0.92831
22.625 74.625 -1.3662
22.625 74.875 -1.6269
22.625 75.125 -1.306
22.625 75.375 -1.035
22.625 75.625 -1.2673
22.625 75.875 -0.10343
22.625 76.125 -0.52624
22.625 76.375 -0.97372
22.625 76.625 -0.62102
22.625 76.875 -0.20704
22.625 77.125 -0.33059
22.625 77.375 -0.97257
22.625 77.625 -0.61963
22.625 77.875 0.30755
22.625 78.125 0.47174
22.625 78.375 0.60532
22.625 78.625 0.8993
22.625 78.875 0.55305
22.625 79.125 0.70978
22.625 79.375 0.64043
22.625 79.625 0.55698
22.625 79.875 0.6575
22.625 80.125 0.51906
22.625 80.375 0.26592
22.625 80.625 -0.83558
22.625 80.875 -0.0061769
22.625 81.125 0.39805
22.625 81.375 -0.030399
22.625 81.625 -0.28734
22.625 81.875 -0.0047184
22.625 82.125 -0.7577
22.625 82.375 -1.7805
22.625 82.625 -1.3697
22.625 82.875 0.43343
22.625 83.125 -0.8321
22.625 83.375 -0.71694
22.625 83.625 -1.2479
22.625 83.875 -2.1856
22.625 84.125 -2.2284
22.625 84.375 -1.6729
22.625 84.625 -0.14174
22.625 84.875 -0.7119
22.625 85.125 0.31398
22.625 85.375 0.6624
22.625 85.625 0.12244
22.625 85.875 0.34208
22.625 86.125 0.17848
22.625 86.375 -0.067151
22.625 86.625 -0.76776
22.625 86.875 -0.92889
22.625 87.125 -1.1104
22.625 87.375 -1.1414
22.625 87.625 -0.31404
22.625 87.875 -1.0672
22.625 88.125 -0.014824
22.625 88.375 -0.12867
22.625 88.625 0.45505
22.625 88.875 0.39781
22.625 92.625 0.61879
22.625 92.875 1.5311
NaN NaN NaN
NaN NaN NaN
NaN NaN NaN
22.875 70.625 -0.50177
22.875 70.875 -0.7382
22.875 71.125 -1.2496
22.875 71.375 -1.2786
22.875 71.625 -1.3117
22.875 71.875 -1.2529
22.875 72.125 -2.0285
22.875 72.375 0.28041
22.875 72.625 -0.23656
22.875 72.875 -0.72835
22.875 73.125 -0.52787
22.875 73.375 -0.57722
22.875 73.625 -1.3936
22.875 73.875 -1.7738
22.875 74.125 -1.1608
22.875 74.375 -1.3011
22.875 74.625 -1.5942
22.875 74.875 -1.0727
22.875 75.125 -1.2352
22.875 75.375 -0.33194
22.875 75.625 -0.61309
22.875 75.875 -0.62137
22.875 76.125 -0.57921
22.875 76.375 -0.85439
22.875 76.625 -0.31367
22.875 76.875 -0.81496
22.875 77.125 -0.12693
22.875 77.375 -1.5636
22.875 77.625 -0.31935
22.875 77.875 0.083504
22.875 78.125 0.0018904
22.875 78.375 0.83453
22.875 78.625 0.87853
22.875 78.875 0.865
22.875 79.125 0.93956
22.875 79.375 0.79076
22.875 79.625 0.73865
22.875 79.875 0.54146
22.875 80.125 0.83143
22.875 80.375 0.54015
22.875 80.625 -1.0175
22.875 80.875 0.24999
22.875 81.125 -0.77774
22.875 81.375 -0.69653
22.875 81.625 -0.24159
22.875 81.875 -0.44123
22.875 82.125 -1.588
22.875 82.375 -1.1772
22.875 82.625 -1.312
22.875 82.875 -1.421
22.875 83.125 -0.77991
22.875 83.375 -0.50727
22.875 83.625 -0.54241
22.875 83.875 -0.71533
22.875 84.125 -3.0958
22.875 84.375 -0.48494
22.875 84.625 0.061553
22.875 84.875 -3.2817
22.875 85.125 -5.4414
22.875 85.375 0.94789
22.875 85.625 0.11456
22.875 85.875 0.36318
22.875 86.125 0.24776
22.875 86.375 -1.4303
22.875 86.625 -0.40429
22.875 86.875 0.17247
22.875 87.125 0.14453
22.875 87.375 0.10317
22.875 87.625 -0.064883
22.875 87.875 -0.73815
22.875 88.125 -1.0531
22.875 88.375 -0.27895
22.875 88.625 0.34122
22.875 92.625 0.67875
22.875 92.875 1.0088
23.125 68.875 -0.81918
23.125 69.125 -1.0868
23.125 69.375 -0.90773
23.125 69.625 -0.94837
23.125 69.875 -1.1355
23.125 70.125 -1.019
23.125 70.875 0.17772
23.125 71.125 -1.2389
23.125 71.375 -1.5031
23.125 71.625 0.20913
23.125 71.875 -0.34921
23.125 72.125 -1.0459
23.125 72.375 -0.99536
23.125 72.625 -0.25733
23.125 72.875 0.040319
23.125 73.125 -0.55459
23.125 73.375 -0.52912
23.125 73.625 -0.091535
23.125 73.875 -1.7737
23.125 74.125 -1.4777
23.125 74.375 -1.4236
23.125 74.625 -1.5115
23.125 74.875 -0.91613
23.125 75.125 -1.0675
23.125 75.375 -1.2924
23.125 75.625 -0.88074
23.125 75.875 -0.44771
23.125 76.125 -0.25511
23.125 76.375 0.087785
23.125 76.625 -0.1437
23.125 76.875 -0.30738
23.125 77.125 -0.19795
23.125 77.375 0.017357
23.125 77.625 -0.60954
23.125 77.875 0.21162
23.125 78.125 -0.26592
23.125 78.375 0.71854
23.125 78.625 -0.051223
23.125 78.875 0.83636
23.125 79.125 0.83207
23.125 79.375 0.6571
23.125 79.625 0.29183
23.125 79.875 0.93471
23.125 80.125 0.82429
23.125 80.375 0.40319
23.125 80.625 0.82796
23.125 80.875 1.0725
23.125 81.125 0.075393
23.125 81.375 -0.069062
23.125 81.625 -2.0787
23.125 81.875 -0.54385
23.125 82.125 -0.7252
23.125 82.375 -1.3103
23.125 82.625 -0.1188
23.125 82.875 -1.1621
23.125 83.125 -0.70619
23.125 83.375 -0.34829
23.125 83.625 -0.25637
23.125 83.875 0.12836
23.125 84.125 -0.50681
23.125 84.375 0.11699
23.125 84.625 -0.42557
23.125 84.875 -1.5147
23.125 85.125 -3.6134
23.125 85.375 0.74663
23.125 85.625 0.916
23.125 85.875 -0.14353
23.125 86.125 -0.39392
23.125 86.375 -2.5892
23.125 86.625 -0.43721
23.125 86.875 -0.91828
23.125 87.125 -0.12768
23.125 87.375 -0.10133
23.125 87.625 -0.45257
23.125 87.875 -0.2679
23.125 88.125 -0.95321
23.125 88.375 -0.85846
23.125 88.625 -0.23904
NaN NaN NaN
23.125 92.625 -4.2144
23.125 92.875 -3.0229
NaN NaN NaN
23.375 68.875 -1.0337
23.375 69.125 -0.95995
23.375 69.375 -0.92485
23.375 69.625 -0.007608
23.375 69.875 -0.14488
23.375 70.125 -0.38945
23.375 70.375 -0.94584
23.375 70.625 -0.93974
23.375 70.875 -1.3189
23.375 71.125 -1.2068
23.375 71.375 -0.16316
23.375 71.625 -1.482
23.375 71.875 -0.24153
23.375 72.125 -1.0807
23.375 72.375 -0.61018
23.375 72.625 -0.76183
23.375 72.875 -0.32079
23.375 73.125 -0.47353
23.375 73.375 -0.016279
23.375 73.625 -0.41697
23.375 73.875 -0.52629
23.375 74.125 -1.5026
23.375 74.375 -0.92198
23.375 74.625 -0.84517
23.375 74.875 -0.74095
23.375 75.125 -0.46201
23.375 75.375 -0.21433
23.375 75.625 -0.91615
23.375 75.875 -0.089579
23.375 76.125 0.37021
23.375 76.375 -0.15694
23.375 76.625 -0.37389
23.375 76.875 -0.33076
23.375 77.125 0.10826
23.375 77.375 0.083314
23.375 77.625 -0.044696
23.375 77.875 0.23914
23.375 78.125 0.36168
23.375 78.375 0.24592
23.375 78.625 0.53774
23.375 78.875 0.84405
23.375 79.125 0.61076
23.375 79.375 0.49742
23.375 79.625 0.84802
23.375 79.875 0.71967
23.375 80.125 0.59907
23.375 80.375 0.81291
23.375 80.625 0.31887
23.375 80.875 0.48381
23.375 81.125 0.45773
23.375 81.375 0.22821
23.375 81.625 0.3399
23.375 81.875 -0.16206
23.375 82.125 -0.015768
23.375 82.375 -0.67944
23.375 82.625 -0.66765
23.375 82.875 -0.65994
23.375 83.125 -1.1181
23.375 83.375 -1.0904
23.375 83.625 -0.59797
23.375 83.875 -0.52738
23.375 84.125 -0.76484
23.375 84.375 -0.23321
23.375 84.625 -0.67461
23.375 84.875 -0.40985
23.375 85.125 -1.6324
23.375 85.375 0.78127
23.375 85.625 0.61153
23.375 85.875 0.005187
23.375 86.125 -0.9066
23.375 86.375 -2.4158
23.375 86.625 0.082273
23.375 86.875 -1.0435
23.375 87.125 -2.1374
23.375 87.375 -0.32911
23.375 87.625 -0.89599
23.375 87.875 -1.2025
23.375 88.125 -1.441
23.375 88.375 -0.5217
23.375 88.625 -0.57099
23.375 91.375 -0.51008
23.375 91.625 -1.0537
23.375 92.625 -2
23.375 92.875 -1.0274
23.375 93.125 -0.80076
23.625 68.625 -0.90316
23.625 68.875 -0.82922
23.625 69.125 -0.24348
23.625 69.375 -0.051098
23.625 69.625 -1.3632
23.625 69.875 -0.053971
23.625 70.125 -0.33497
23.625 70.375 0.18882
23.625 70.625 0.56422
23.625 70.875 -0.39834
23.625 71.125 -1.6824
23.625 71.375 0.11066
23.625 71.625 -1.3127
23.625 71.875 -1.3844
23.625 72.125 -1.2237
23.625 72.375 -1.5317
23.625 72.625 -0.88203
23.625 72.875 -0.86632
23.625 73.125 -0.65345
23.625 73.375 -1.5175
23.625 73.625 -1.3967
23.625 73.875 -0.48073
23.625 74.125 0.52919
23.625 74.375 0.092808
23.625 74.625 -0.42002
23.625 74.875 -0.56872
23.625 75.125 -0.25212
23.625 75.375 0.59171
23.625 75.625 0.48751
23.625 75.875 0.55797
23.625 76.125 0.76793
23.625 76.375 0.49771
23.625 76.625 0.015987
23.625 76.875 -0.9251
23.625 77.125 -0.019478
23.625 77.375 0.096034
23.625 77.625 0.28668
23.625 77.875 0.48874
23.625 78.125 0.39703
23.625 78.375 0.42079
23.625 78.625 0.84765
23.625 78.875 0.73603
23.625 79.125 0.60281
23.625 79.375 0.38449
23.625 79.625 0.63694
23.625 79.875 1.2152
23.625 80.125 0.9063
23.625 80.375 0.082714
23.625 80.625 0.91256
23.625 80.875 0.81539
23.625 81.125 0.4768
23.625 81.375 0.71311
23.625 81.625 0.44121
23.625 81.875 0.30247
23.625 82.125 -0.48669
23.625 82.375 0.036132
23.625 82.625 -0.54019
23.625 82.875 -0.37467
23.625 83.125 -0.27028
23.625 83.375 -0.27865
23.625 83.625 -0.55885
23.625 83.875 -0.78233
23.625 84.125 -1.465
23.625 84.375 -0.061009
23.625 84.625 -0.25764
23.625 84.875 -0.10461
23.625 85.125 -0.26799
23.625 85.375 -1.0165
23.625 85.625 0.32035
23.625 85.875 -0.15044
23.625 86.125 -3.8241
23.625 86.375 -2.1286
23.625 86.625 -0.0024148
23.625 86.875 -2.5925
23.625 87.125 -0.52544
23.625 87.375 -1.0032
23.625 87.625 -0.5368
23.625 87.875 -0.56489
23.625 88.125 -2.0292
23.625 88.375 -0.9971
23.625 91.375 -1.1138
23.625 91.625 -1.4757
NaN NaN NaN
23.625 92.375 -2.8878
23.625 92.625 -1.8741
23.625 92.875 -1.6621
23.625 93.125 -6.7779
23.875 68.875 0.02377
23.875 69.125 0.29108
23.875 69.375 0.13641
23.875 69.625 0.18218
23.875 69.875 0.24711
23.875 70.125 -0.62201
23.875 70.375 0.29561
23.875 70.625 0.44885
23.875 70.875 0.49734
23.875 71.125 -0.54862
23.875 71.375 -0.511
23.875 71.625 -1.0847
23.875 71.875 -0.56537
23.875 72.125 -0.67491
23.875 72.375 -1.218
23.875 72.625 -0.51011
23.875 72.875 -0.54921
23.875 73.125 -0.62787
23.875 73.375 -1.7116
23.875 73.625 -1.3339
23.875 73.875 0.49379
23.875 74.125 0.11515
23.875 74.375 0.32068
23.875 74.625 -0.052502
23.875 74.875 0.72082
23.875 75.125 0.12213
23.875 75.375 0.65161
23.875 75.625 0.24986
23.875 75.875 0.18876
23.875 76.125 0.58134
23.875 76.375 0.75983
23.875 76.625 0.1064
23.875 76.875 0.5601
23.875 77.125 0.53358
23.875 77.375 0.18089
23.875 77.625 0.23445
23.875 77.875 0.39441
23.875 78.125 0.73895
23.875 78.375 0.66603
23.875 78.625 0.55363
23.875 78.875 0.7979
23.875 79.125 1.0329
23.875 79.375 0.91072
23.875 79.625 0.92219
23.875 79.875 0.90101
23.875 80.125 0.63834
23.875 80.375 0.53991
23.875 80.625 0.64399
23.875 80.875 0.59629
23.875 81.125 0.25588
23.875 81.375 0.51531
23.875 81.625 -0.17375
23.875 81.875 0.027354
23.875 82.125 0.18045
23.875 82.375 0.5172
23.875 82.625 0.055145
23.875 82.875 0.22486
23.875 83.125 -0.094937
23.875 83.375 -0.40636
23.875 83.625 -0.54304
23.875 83.875 -0.4595
23.875 84.125 -0.32857
23.875 84.375 -0.6549
23.875 84.625 -0.7514
23.875 84.875 -0.41274
23.875 85.125 -0.94786
23.875 85.375 -0.20163
23.875 85.625 -1.8537
23.875 85.875 -0.61275
23.875 86.125 -0.39376
23.875 86.375 -0.23065
23.875 86.625 -0.11127
23.875 86.875 -2.5298
23.875 87.125 -0.53247
23.875 87.375 -0.75951
23.875 87.625 -1.3232
23.875 87.875 0.3592
23.875 88.125 0.062614
23.875 88.375 -0.69345
23.875 91.375 -1.0577
23.875 91.625 -1.0624
23.875 91.875 -1.6681
23.875 92.125 -2.748
23.875 92.375 -2.4514
23.875 92.625 -2.2402
23.875 92.875 -3.866
23.875 93.125 -5.0082
23.875 93.375 -1.0996
24.125 68.875 -0.22608
24.125 69.125 0.3428
24.125 69.375 0.4289
24.125 69.625 -1.0345
24.125 69.875 -0.63129
24.125 70.125 -1.0907
24.125 70.375 -0.74746
24.125 70.625 0.1948
24.125 70.875 -1.6218
24.125 71.125 -1.0124
24.125 71.375 -0.94403
24.125 71.625 -1.2565
24.125 71.875 -0.64426
24.125 72.125 -0.55684
24.125 72.375 -0.22263
24.125 72.625 -0.16629
24.125 72.875 -0.77756
24.125 73.125 -0.72583
24.125 73.375 -1.4923
24.125 73.625 -2.0831
24.125 73.875 -0.066973
24.125 74.125 -0.056282
24.125 74.375 -0.28211
24.125 74.625 0.47795
24.125 74.875 0.39713
24.125 75.125 -0.33903
24.125 75.375 0.66023
24.125 75.625 0.77288
24.125 75.875 0.72382
24.125 76.125 0.67704
24.125 76.375 0.98634
24.125 76.625 0.9884
24.125 76.875 0.75404
24.125 77.125 0.35989
24.125 77.375 -0.11379
24.125 77.625 -0.35988
24.125 77.875 0.43853
24.125 78.125 0.41165
24.125 78.375 0.83649
24.125 78.625 0.48038
24.125 78.875 0.47155
24.125 79.125 0.82461
24.125 79.375 1.0013
24.125 79.625 0.2434
24.125 79.875 0.68814
24.125 80.125 0.62355
24.125 80.375 0.13567
24.125 80.625 -0.1435
24.125 80.875 0.43772
24.125 81.125 -0.0079732
24.125 81.375 0.25316
24.125 81.625 0.25393
24.125 81.875 0.81521
24.125 82.125 0.58071
24.125 82.375 0.39417
24.125 82.625 -0.22252
24.125 82.875 -0.30081
24.125 83.125 -0.35766
24.125 83.375 -1.2319
24.125 83.625 -0.70289
24.125 83.875 -0.28439
24.125 84.125 -0.30602
24.125 84.375 -0.85923
24.125 84.625 -1.1375
24.125 84.875 -1.322
24.125 85.125 -2.0736
24.125 85.375 -0.28518
24.125 85.625 -1.1819
24.125 85.875 -0.45371
24.125 86.125 -0.12506
24.125 86.375 -0.93227
24.125 86.625 -0.43312
24.125 86.875 -0.60877
24.125 87.125 -0.86497
24.125 87.375 -0.36396
24.125 87.625 -0.99152
24.125 87.875 -0.78029
24.125 88.125 -0.30943
24.125 88.375 -0.011374
24.125 91.875 -2.1424
24.125 92.125 -4.2986
24.125 92.375 -3.716
24.125 92.625 -2.0045
24.125 92.875 -2.144
24.125 93.125 -5.8919
24.125 93.375 -4.5685
24.125 93.625 -5.0855
24.125 93.875 -2.256
NaN NaN NaN
24.375 71.375 -1.4488
24.375 71.625 -0.10723
24.375 71.875 -1.018
24.375 72.125 -0.98893
24.375 72.375 -1.4412
24.375 72.625 -1.2043
24.375 72.875 -0.41268
24.375 73.125 -0.54991
24.375 73.375 -1.1919
24.375 73.625 -1.766
24.375 73.875 -1.0665
24.375 74.125 -0.85808
24.375 74.375 0.13009
24.375 74.625 -0.4384
24.375 74.875 -0.55752
24.375 75.125 -0.52341
24.375 75.375 0.018376
24.375 75.625 0.84466
24.375 75.875 0.40596
24.375 76.125 -1.1527
24.375 76.375 0.36443
24.375 76.625 0.85658
24.375 76.875 1.0336
24.375 77.125 0.51338
24.375 77.375 -0.08477
24.375 77.625 -0.79009
24.375 77.875 0.6153
24.375 78.125 0.83067
24.375 78.375 0.49651
24.375 78.625 0.15124
24.375 78.875 0.63435
24.375 79.125 0.78837
24.375 79.375 0.5675
24.375 79.625 0.72167
24.375 79.875 -0.1024
24.375 80.125 -2.7768
24.375 80.375 0.61969
24.375 80.625 0.70487
24.375 80.875 0.4813
24.375 81.125 0.42095
24.375 81.375 0.17534
24.375 81.625 0.45824
24.375 81.875 0.72563
24.375 82.125 0.35655
24.375 82.375 0.20257
24.375 82.625 -0.03356
24.375 82.875 0.046204
24.375 83.125 -0.14012
24.375 83.375 -0.23049
24.375 83.625 -1.8019
24.375 83.875 -0.56977
24.375 84.125 -0.22209
24.375 84.375 -1.415
24.375 84.625 -0.045797
24.375 84.875 -3.1115
24.375 85.125 -0.77603
24.375 85.375 -1.622
24.375 85.625 -0.25781
24.375 85.875 -1.4606
24.375 86.125 -2.7725
24.375 86.375 -0.34815
24.375 86.625 -1.0113
24.375 86.875 -0.56352
24.375 87.125 -2.5235
24.375 87.375 -1.5743
24.375 87.625 -2.5304
24.375 87.875 -2.3996
24.375 88.125 -1.5418
24.375 92.375 -3.1928
24.375 92.625 -3.8157
24.375 92.875 -2.909
24.375 93.125 -4.3465
24.375 93.375 -5.4297
24.375 93.625 -2.7392
24.375 93.875 -2.3027
24.375 94.125 -0.89338
24.625 71.125 -2.2887
24.625 71.375 -1.2464
24.625 71.625 -1.4151
24.625 71.875 -1.3555
24.625 72.125 -1.1083
24.625 72.375 -1.3399
24.625 72.625 -1.6778
24.625 72.875 -1.5304
24.625 73.125 -1.2602
24.625 73.375 -1.4174
24.625 73.625 -1.5891
24.625 73.875 -1.5237
24.625 74.125 -0.94367
24.625 74.375 -0.4535
24.625 74.625 -0.22405
24.625 74.875 -0.6984
24.625 75.125 -0.88992
24.625 75.375 -0.22012
24.625 75.625 0.29805
24.625 75.875 0.061778
24.625 76.125 -0.37613
24.625 76.375 -0.022958
24.625 76.625 -0.23458
24.625 76.875 0.64564
24.625 77.125 0.74961
24.625 77.375 0.41014
24.625 77.625 0.24147
24.625 77.875 0.3338
24.625 78.125 0.91977
24.625 78.375 0.62276
24.625 78.625 0.59941
24.625 78.875 0.78848
24.625 79.125 0.87845
24.625 79.375 0.74328
24.625 79.625 1.2879
24.625 79.875 0.74827
24.625 80.125 -2.624
24.625 80.375 -2.6228
24.625 80.625 -2.2184
24.625 80.875 0.43131
24.625 81.125 0.44294
24.625 81.375 0.55741
24.625 81.625 0.88004
24.625 81.875 0.65761
24.625 82.125 -0.60319
24.625 82.375 -0.16432
24.625 82.625 0.22609
24.625 82.875 0.61017
24.625 83.125 0.58539
24.625 83.375 0.029926
24.625 83.625 -0.23192
24.625 83.875 -0.45936
24.625 84.125 -0.10389
24.625 84.375 0.24847
24.625 84.625 -1.2357
24.625 84.875 -0.56053
24.625 85.125 -0.67974
24.625 85.375 -0.87866
24.625 85.625 -3.232
24.625 85.875 -2.6625
24.625 86.125 -1.4869
24.625 86.375 0.033961
24.625 86.625 -0.52764
24.625 86.875 -0.16963
24.625 87.125 -1.7552
24.625 87.375 -2.9469
24.625 87.625 -2.0908
24.625 87.875 -1.5741
24.625 92.375 -2.3157
24.625 92.625 -2.739
24.625 92.875 -2.9814
24.625 93.125 -3.4396
24.625 93.375 -3.9262
24.625 93.625 -2.2138
24.625 93.875 -1.8032
24.625 94.125 -0.75071
NaN NaN NaN
24.875 71.125 -1.7181
24.875 71.375 -0.73679
24.875 71.625 -1.2029
24.875 71.875 -1.3569
24.875 72.125 -1.486
24.875 72.375 -1.764
24.875 72.625 -1.8775
24.875 72.875 -2.0431
24.875 73.125 -2.3198
24.875 73.375 -1.0003
24.875 73.625 -1.2042
24.875 73.875 -1.0174
24.875 74.125 -1.3955
24.875 74.375 -0.71645
24.875 74.625 -0.81027
24.875 74.875 -0.67046
24.875 75.125 -1.1119
24.875 75.375 -0.95928
24.875 75.625 -0.80645
24.875 75.875 0.17999
24.875 76.125 -0.41504
24.875 76.375 0.59525
24.875 76.625 1.1895
24.875 76.875 0.9516
24.875 77.125 0.58965
24.875 77.375 0.4953
24.875 77.625 0.61735
24.875 77.875 0.52781
24.875 78.125 1.1632
24.875 78.375 0.61439
24.875 78.625 0.51559
24.875 78.875 0.89912
24.875 79.125 1.224
24.875 79.375 1.4903
24.875 79.625 1.4522
24.875 79.875 1.1769
24.875 80.125 -2.5521
24.875 80.375 -2.3818
24.875 80.625 0.6459
24.875 80.875 0.35205
24.875 81.125 0.92018
24.875 81.375 -0.97973
24.875 81.625 0.51704
24.875 81.875 0.35441
24.875 82.125 -0.57903
24.875 82.375 -0.60625
24.875 82.625 0.1609
24.875 82.875 -0.40111
24.875 83.125 -0.26842
24.875 83.375 -0.4428
24.875 83.625 -0.29174
24.875 83.875 -0.79097
24.875 84.125 -0.25524
24.875 84.375 -0.37699
24.875 84.625 -0.72181
24.875 84.875 -0.40923
24.875 85.125 -0.80566
24.875 85.375 -0.85732
24.875 85.625 -0.87929
24.875 85.875 -1.037
24.875 86.125 -1.2058
24.875 86.375 -0.59753
24.875 86.625 0.094206
24.875 86.875 -1.4142
24.875 87.125 -1.9551
24.875 87.375 -2.8187
24.875 87.625 -1.7448
24.875 87.875 -1.1283
24.875 88.125 -1.6646
24.875 92.625 -4.9109
24.875 92.875 -2.5923
24.875 93.125 -2.5412
24.875 93.375 -1.5741
24.875 93.625 -1.6457
24.875 93.875 -0.23921
24.875 94.125 -0.59844
24.875 94.375 -0.65428
25.125 71.125 -1.6342
25.125 71.375 -1.0898
25.125 71.625 -1.6902
25.125 71.875 -2.0056
25.125 72.125 -1.432
25.125 72.375 -1.4031
25.125 72.625 -1.6328
25.125 72.875 -1.7023
25.125 73.125 -1.74
25.125 73.375 -1.7061
25.125 73.625 -1.1013
25.125 73.875 -1.1879
25.125 74.125 -1.3138
25.125 74.375 -1.1799
25.125 74.625 -0.75695
25.125 74.875 -0.3752
25.125 75.125 -0.76692
25.125 75.375 0.37909
25.125 75.625 -0.095078
25.125 75.875 -0.682
25.125 76.125 -0.52208
25.125 76.375 0.057149
25.125 76.625 1.055
25.125 76.875 1.1722
25.125 77.125 0.47477
25.125 77.375 0.078839
25.125 77.625 0.36606
25.125 77.875 0.83847
25.125 78.125 1.2652
25.125 78.375 0.8921
25.125 78.625 0.80549
25.125 78.875 0.9834
25.125 79.125 1.1463
25.125 79.375 1.0449
25.125 79.625 1.1305
25.125 79.875 1.708
25.125 80.125 1.0818
25.125 80.375 0.6401
25.125 80.625 0.016602
25.125 80.875 -0.2614
25.125 81.125 0.4533
25.125 81.375 0.31148
25.125 81.625 -2.2981
25.125 81.875 0.15348
25.125 82.125 0.066846
25.125 82.375 0.21239
25.125 82.625 -1.235
25.125 82.875 -0.18313
25.125 83.125 -0.57122
25.125 83.375 -0.33233
25.125 83.625 0.24022
25.125 83.875 -2.0105
25.125 84.125 -1.0392
25.125 84.375 -0.43556
25.125 84.625 -1.2299
25.125 84.875 -1.6662
25.125 85.125 -0.57082
25.125 85.375 -1.3632
25.125 85.625 -0.98884
25.125 85.875 -0.28705
25.125 86.125 -0.55908
25.125 86.375 -0.16031
25.125 86.625 -0.68924
25.125 86.875 -0.29411
25.125 87.125 -1.4544
25.125 87.375 -1.8617
25.125 87.625 -1.5887
25.125 87.875 -1.4697
25.125 88.125 -0.26931
25.125 88.375 -0.78066
25.125 92.375 -3.088
25.125 92.625 -1.5061
25.125 92.875 -2.3392
25.125 93.125 -2.1557
25.125 93.375 -1.8723
25.125 93.625 -1.3123
25.125 93.875 -0.4597
25.125 94.125 -1.2445
25.125 94.375 -0.34848
25.375 70.875 -0.29231
25.375 71.125 -0.19319
25.375 71.375 -0.30385
25.375 71.625 -1.6453
25.375 71.875 -2.0318
25.375 72.125 -1.1457
25.375 72.375 -1.4254
25.375 72.625 -1.3065
25.375 72.875 -1.6071
25.375 73.125 -1.698
25.375 73.375 -1.4465
25.375 73.625 -1.291
25.375 73.875 -1.2572
25.375 74.125 -1.0274
25.375 74.375 -1.0684
25.375 74.625 -0.48252
25.375 74.875 -1.0516
25.375 75.125 -1.0227
25.375 75.375 0.1239
25.375 75.625 1.3318
25.375 75.875 0.4753
25.375 76.125 0.26847
25.375 76.375 0.64536
25.375 76.625 0.28913
25.375 76.875 0.45957
25.375 77.125 1.5455
25.375 77.375 1.7089
25.375 77.625 0.75923
25.375 77.875 1.101
25.375 78.125 0.87481
25.375 78.375 1.1089
25.375 78.625 0.39695
25.375 78.875 0.28484
25.375 79.125 0.6751
25.375 79.375 1.1292
25.375 79.625 1.3886
25.375 79.875 0.87248
25.375 80.125 0.58537
25.375 80.375 1.1532
25.375 80.625 0.64489
25.375 80.875 -0.73681
25.375 81.125 0.46121
25.375 81.375 0.0032844
25.375 81.625 -1.3151
25.375 81.875 -1.9994
25.375 82.125 -1.5321
25.375 82.375 -1.5274
25.375 82.625 -1.7403
25.375 82.875 -1.3054
25.375 83.125 -1.6458
25.375 83.375 0.27798
25.375 83.625 0.010558
25.375 83.875 0.016391
25.375 84.125 0.27858
25.375 84.375 0.6029
25.375 84.625 -0.80693
25.375 84.875 -0.27745
25.375 85.125 -1.5635
25.375 85.375 -1.4218
25.375 85.625 -0.16691
25.375 85.875 -0.17538
25.375 86.125 0.64411
25.375 86.375 0.060583
25.375 86.625 -1.9642
25.375 86.875 -0.63424
25.375 87.125 -1.5973
25.375 87.375 -1.8315
25.375 87.625 -1.169
25.375 87.875 -1.3241
25.375 88.125 -1.469
25.375 88.375 -1.9891
25.375 88.625 -1.3105
25.375 90.125 -0.6649
25.375 90.375 -1.0902
25.375 90.625 -0.0026049
25.375 90.875 -0.4965
25.375 91.125 -0.79298
25.375 91.375 -0.65046
25.375 91.625 -0.073859
25.375 91.875 -0.95153
25.375 92.125 -3.574
25.375 92.375 -3.9743
25.375 92.625 -3.343
25.375 92.875 -2.0849
25.375 93.125 -1.3876
25.375 93.375 -1.373
25.375 93.625 -0.36164
25.375 93.875 -1.3781
25.375 94.125 -1.2152
25.375 94.375 0.62086
25.625 70.875 -0.47296
25.625 71.125 -0.16234
25.625 71.375 -0.38161
25.625 71.625 -1.0391
25.625 71.875 -0.64621
25.625 72.125 0.10722
25.625 72.375 0.30232
25.625 72.625 -1.3639
25.625 72.875 -1.2702
25.625 73.125 -1.6313
25.625 73.375 -1.3239
25.625 73.625 -1.1242
25.625 73.875 -0.67171
25.625 74.125 0.17861
25.625 74.375 -1.0329
25.625 74.625 -0.91454
25.625 74.875 0.29069
25.625 75.125 -0.97096
25.625 75.375 -0.53787
25.625 75.625 1.3716
25.625 75.875 1.1722
25.625 76.125 0.94252
25.625 76.375 0.95856
25.625 76.625 0.42588
25.625 76.875 0.51321
25.625 77.125 0.016796
25.625 77.375 0.18454
25.625 77.625 0.2317
25.625 77.875 0.16491
25.625 78.125 0.5864
25.625 78.375 0.34069
25.625 78.625 0.55471
25.625 78.875 0.48841
25.625 79.125 0.94523
25.625 79.375 1.3711
25.625 79.625 1.2219
25.625 79.875 0.82601
25.625 80.125 0.53867
25.625 80.375 0.45206
25.625 80.625 -0.07723
25.625 80.875 -0.46879
25.625 81.125 -1.4265
25.625 81.375 -2.3256
25.625 81.625 -1.4619
25.625 81.875 -0.97954
25.625 82.125 -1.6726
25.625 82.375 -2.1219
25.625 82.625 -1.8454
25.625 82.875 -2.0067
25.625 83.125 -1.1935
25.625 83.375 -1.3959
25.625 83.625 -0.78542
25.625 83.875 -0.5536
25.625 84.125 -1.4762
25.625 84.375 -1.3927
25.625 84.625 -0.15523
25.625 84.875 -0.81172
25.625 85.125 -1.8616
25.625 85.375 -1.6959
25.625 85.625 -0.89375
25.625 85.875 -0.035531
25.625 86.125 -1.2543
25.625 86.375 -0.42581
25.625 86.625 -0.49607
25.625 86.875 -1.1165
25.625 87.125 -1.7068
25.625 87.375 -2.1767
25.625 87.625 -1.6166
25.625 87.875 -1.3406
25.625 88.125 -2.5144
25.625 90.125 -3.0768
25.625 90.375 -0.82906
25.625 90.625 -0.71701
25.625 90.875 -1.4383
25.625 91.125 -1.4596
25.625 91.375 -0.55998
25.625 91.625 -0.43583
25.625 91.875 0.088861
25.625 92.125 -4.1419
25.625 92.375 -3.16
25.625 92.625 -6.3117
25.625 92.875 -2.0279
25.625 93.125 -2.1522
25.625 93.375 -1.7989
25.625 93.625 -0.89778
25.625 93.875 -0.089612
25.625 94.125 0.95633
25.625 94.375 -3.3187
NaN NaN NaN
NaN NaN NaN
25.875 70.375 -0.34964
25.875 70.625 -0.49608
25.875 70.875 -0.56948
25.875 71.125 -0.7565
25.875 71.375 -0.64695
25.875 71.625 -1.4214
25.875 71.875 -1.1242
25.875 72.125 0.10456
25.875 72.375 0.38941
25.875 72.625 -1.0494
25.875 72.875 -1.2033
25.875 73.125 -1.5373
25.875 73.375 -1.0245
25.875 73.625 -0.79068
25.875 73.875 -1.0432
25.875 74.125 0.10596
25.875 74.375 -0.85819
25.875 74.625 -0.48566
25.875 74.875 -0.9291
25.875 75.125 -1.115
25.875 75.375 -0.90994
25.875 75.625 -0.65957
25.875 75.875 0.34701
25.875 76.125 -0.11313
25.875 76.375 0.79677
25.875 76.625 0.43626
25.875 76.875 0.28329
25.875 77.125 -0.12791
25.875 77.375 0.68073
25.875 77.625 0.21349
25.875 77.875 -0.20812
25.875 78.125 0.73072
25.875 78.375 1.1462
25.875 78.625 0.8691
25.875 78.875 0.7417
25.875 79.125 0.90201
25.875 79.375 0.82165
25.875 79.625 0.83899
25.875 79.875 0.79941
25.875 80.125 0.61687
25.875 80.375 -1.3631
25.875 80.625 -0.77351
25.875 80.875 -1.1
25.875 81.125 -1.1159
25.875 81.375 -2.3004
25.875 81.625 0.30525
25.875 81.875 -0.14486
25.875 82.125 -1.7307
25.875 82.375 -0.92701
25.875 82.625 -1.9957
25.875 82.875 0.20222
25.875 83.125 -1.753
25.875 83.375 -2.1946
25.875 83.625 -0.34894
25.875 83.875 -1.6174
25.875 84.125 0.80008
25.875 84.375 -2.2042
25.875 84.625 -1.332
25.875 84.875 -1.6072
25.875 85.125 -0.49441
25.875 85.375 -1.2384
25.875 85.625 -0.77254
25.875 85.875 -1.2238
25.875 86.125 -1.0481
25.875 86.375 -0.0010823
25.875 86.625 -0.18868
25.875 86.875 -0.87723
25.875 87.125 -2.0892
25.875 87.375 -1.9302
25.875 87.625 -2.4212
25.875 87.875 -1.6548
25.875 90.125 -1.7104
25.875 90.375 -1.5862
25.875 90.625 -1.4241
25.875 90.875 -1.3737
25.875 91.125 -0.46927
25.875 91.375 -0.58316
25.875 91.625 -0.80971
25.875 91.875 -4.0962
25.875 92.125 -3.9423
25.875 92.375 -1.8458
25.875 92.625 -1.439
25.875 92.875 -1.8157
25.875 93.125 -3.1378
25.875 93.375 -2.5586
25.875 93.625 -1.7756
25.875 93.875 -1.4147
25.875 94.125 -1.0591
25.875 94.375 -1.8654
25.875 94.625 -2.7058
25.875 94.875 -0.78844
26.125 70.375 -0.76634
26.125 70.625 -1.3263
26.125 70.875 -1.464
26.125 71.125 -1.1518
26.125 71.375 -0.61383
26.125 71.625 -0.78367
26.125 71.875 -0.076574
26.125 72.125 -0.32521
26.125 72.375 -0.80431
26.125 72.625 -1.3916
26.125 72.875 -1.0778
26.125 73.125 -0.94923
26.125 73.375 -1.4391
26.125 73.625 -0.26089
26.125 73.875 -0.55031
26.125 74.125 -1.3016
26.125 74.375 -0.93086
26.125 74.625 -1.0198
26.125 74.875 -0.7608
26.125 75.125 0.58078
26.125 75.375 -1.0353
26.125 75.625 -0.8462
26.125 75.875 -0.66968
26.125 76.125 -0.74973
26.125 76.375 0.31366
26.125 76.625 0.39983
26.125 76.875 0.37835
26.125 77.125 0.79471
26.125 77.375 0.32472
26.125 77.625 0.0071589
26.125 77.875 -0.86411
26.125 78.125 0.6112
26.125 78.375 0.9713
26.125 78.625 0.44807
26.125 78.875 0.5314
26.125 79.125 1.0347
26.125 79.375 0.57841
26.125 79.625 -0.049976
26.125 79.875 -1.3864
26.125 80.125 0.29123
26.125 80.375 0.068429
26.125 80.625 -1.6999
26.125 80.875 0.13372
26.125 81.125 -0.29714
26.125 81.375 -1.6418
26.125 81.625 -0.80052
26.125 81.875 -0.097286
26.125 82.125 -1.4643
26.125 82.375 -1.1711
26.125 82.625 -1.1862
26.125 82.875 -0.54399
26.125 83.125 -1.4164
26.125 83.375 -2.1304
26.125 83.625 -1.5353
26.125 83.875 -0.66863
26.125 84.125 0.45201
26.125 84.375 -1.6022
26.125 84.625 -1.0877
26.125 84.875 -1.608
26.125 85.125 -0.12576
26.125 85.375 -1.7775
26.125 85.625 -0.71068
26.125 85.875 0.68742
26.125 86.125 -0.85993
26.125 86.375 -0.64774
26.125 86.625 -0.68316
26.125 86.875 -0.86927
26.125 87.125 -1.4939
26.125 87.375 -1.3048
26.125 87.625 -1.4317
26.125 87.875 -1.0938
26.125 88.125 -1.5624
26.125 89.375 -1.8266
26.125 89.875 -1.8738
26.125 90.125 -1.5606
26.125 90.375 -1.4804
26.125 90.625 -1.4036
26.125 90.875 -1.3941
26.125 91.125 -1.381
26.125 91.375 -0.82563
26.125 91.625 -2.6985
26.125 91.875 -2.6652
26.125 92.125 -1.1429
26.125 92.375 -1.4362
26.125 92.625 -2.2093
26.125 92.875 -1.855
26.125 93.125 -2.0198
26.125 93.375 -1.8001
26.125 93.625 -0.70923
26.125 93.875 -1.034
26.125 94.125 0.18082
26.125 94.375 -1.5
26.125 94.625 -1.8247
26.125 94.875 0.09545
26.375 70.375 -1.2179
26.375 70.625 -1.6418
26.375 70.875 -1.5054
26.375 71.125 -1.5106
26.375 71.375 -1.2899
26.375 71.625 -1.071
26.375 71.875 -0.25085
26.375 72.125 -0.4802
26.375 72.375 -0.69461
26.375 72.625 -1.072
26.375 72.875 -1.1972
26.375 73.125 -1.0259
26.375 73.375 -1.0987
26.375 73.625 -0.75927
26.375 73.875 -0.76559
26.375 74.125 -0.76851
26.375 74.375 -0.55873
26.375 74.625 -1.2503
26.375 74.875 -1.0944
26.375 75.125 -0.32605
26.375 75.375 -0.34385
26.375 75.625 -0.7965
26.375 75.875 -0.41586
26.375 76.125 -0.17963
26.375 76.375 -0.90229
26.375 76.625 -0.24284
26.375 76.875 0.43665
26.375 77.125 0.63058
26.375 77.375 0.96777
26.375 77.625 -0.015408
26.375 77.875 -0.69511
26.375 78.125 -0.17177
26.375 78.375 0.52478
26.375 78.625 0.5764
26.375 78.875 0.83128
26.375 79.125 0.38781
26.375 79.375 -1.1655
26.375 79.625 -1.8454
26.375 79.875 -0.77554
26.375 80.125 0.57001
26.375 80.375 -1.3997
26.375 80.625 -1.6864
26.375 80.875 -1.1886
26.375 81.125 -1.4579
26.375 81.375 -2.1665
26.375 81.625 -2.0294
26.375 81.875 -0.88776
26.375 82.125 -1.6008
26.375 82.375 -1.3492
26.375 82.625 -1.1058
26.375 82.875 -1.0608
26.375 83.125 -0.6165
26.375 83.375 -1.2796
26.375 83.625 -1.9513
26.375 83.875 -1.3641
26.375 84.125 -0.47442
26.375 84.375 -0.66481
26.375 84.625 -0.97223
26.375 84.875 -2.2184
26.375 85.125 -1.2547
26.375 85.375 -1.0042
26.375 85.625 -0.82522
26.375 85.875 -0.64572
26.375 86.125 -1.0685
26.375 86.375 -2.3831
26.375 86.625 -1.7908
26.375 86.875 -0.37493
26.375 87.125 -0.61424
26.375 87.625 0.52306
26.375 87.875 -0.78405
26.375 88.125 0.0085009
26.375 88.375 -0.78383
26.375 88.875 -1.2251
26.375 89.375 -2.7494
26.375 89.625 -1.5984
26.375 89.875 -2.7501
26.375 90.125 -1.6595
26.375 90.375 -1.3246
26.375 90.625 -1.956
26.375 90.875 -2.4914
26.375 91.125 -1.8006
26.375 91.375 -0.9484
26.375 91.625 -1.4403
26.375 91.875 -1.2356
26.375 92.125 -0.71254
26.375 92.375 -1.1
26.375 92.625 -1.4967
26.375 92.875 -0.88699
26.375 93.125 -1.6251
26.375 93.375 -1.9318
26.375 93.625 -0.7367
26.375 93.875 -1.4681
26.375 94.125 -2.452
26.375 94.375 0.087821
26.375 94.625 -0.10429
26.375 94.875 -0.71137
26.625 69.875 -1.1593
26.625 70.125 -1.089
26.625 70.375 -0.79102
26.625 70.625 -1.0277
26.625 70.875 -0.99985
26.625 71.125 -1.4828
26.625 71.375 -1.1725
26.625 71.625 -1.2093
26.625 71.875 -1.0349
26.625 72.125 -0.50002
26.625 72.375 -1.0313
26.625 72.625 -1.3419
26.625 72.875 -1.0345
26.625 73.125 -0.86531
26.625 73.375 -1.0286
26.625 73.625 -0.79796
26.625 73.875 -0.83572
26.625 74.125 -0.78802
26.625 74.375 -0.61323
26.625 74.625 -0.88746
26.625 74.875 -0.80641
26.625 75.125 -0.92506
26.625 75.375 -0.24899
26.625 75.625 -0.075076
26.625 75.875 -0.25633
26.625 76.125 -0.27108
26.625 76.375 -0.68006
26.625 76.625 -0.27967
26.625 76.875 -0.24181
26.625 77.125 0.87568
26.625 77.375 0.86323
26.625 77.625 -0.13655
26.625 77.875 -1.5079
26.625 78.125 0.24822
26.625 78.375 0.67314
26.625 78.625 0.14698
26.625 78.875 0.94466
26.625 79.125 -1.788
26.625 79.375 -1.6632
26.625 79.625 -1.5425
26.625 79.875 -1.6767
26.625 80.125 -1.4859
26.625 80.375 -1.3948
26.625 80.625 -1.9459
26.625 80.875 -0.020523
26.625 81.125 0.080406
26.625 81.375 -0.87837
26.625 81.625 -0.82472
26.625 81.875 0.17311
26.625 82.125 -0.83346
26.625 82.375 -0.70534
26.625 82.625 -1.7542
26.625 82.875 -0.11276
26.625 83.125 0.56797
26.625 83.375 -0.8662
26.625 83.625 -1.334
26.625 83.875 -2.5461
26.625 84.125 0.17703
26.625 84.375 -0.77432
26.625 84.625 -0.71499
26.625 84.875 -1.9599
26.625 85.125 -2.0003
26.625 85.375 -1.3531
26.625 85.625 -0.72309
26.625 86.125 -0.098378
26.625 88.375 -0.16375
26.625 88.625 -0.66437
26.625 88.875 -1.7869
26.625 89.125 -1.7346
26.625 89.375 -2.1442
26.625 89.625 -1.8664
26.625 89.875 -1.7952
26.625 90.125 -1.8907
26.625 90.375 -2.0325
26.625 90.625 -3.0178
26.625 90.875 -2.5467
26.625 91.125 -0.99624
26.625 91.375 -1.1818
26.625 91.625 -0.71378
26.625 91.875 -0.97392
26.625 92.125 -1.0844
26.625 92.375 -1.373
26.625 92.625 -1.5672
26.625 92.875 -1.388
26.625 93.125 -1.7098
26.625 93.375 -3.4184
26.625 93.625 -1.6919
26.625 93.875 -2.8997
26.625 94.125 -2.2657
26.625 94.375 -1.4708
26.625 94.625 -1.2896
26.625 94.875 -0.60323
26.625 95.125 -0.048823
26.875 69.625 -0.91803
26.875 69.875 -0.87
26.875 70.125 -1.0292
26.875 70.375 -1.159
26.875 70.625 -0.87663
26.875 70.875 -1.1697
26.875 71.125 -1.3992
26.875 71.375 -1.2203
26.875 71.625 -1.5095
26.875 71.875 -1.0492
26.875 72.125 -1.297
26.875 72.375 -1.1041
26.875 72.625 -1.0027
26.875 72.875 -0.66141
26.875 73.125 0.15839
26.875 73.375 -0.90218
26.875 73.625 -0.27514
26.875 73.875 -0.24163
26.875 74.125 -0.64327
26.875 74.375 -0.45367
26.875 74.625 -0.084288
26.875 74.875 -0.15318
26.875 75.125 -0.80054
26.875 75.375 -0.541
26.875 75.625 -0.57578
26.875 75.875 -0.30463
26.875 76.125 -0.39041
26.875 76.375 -0.29531
26.875 76.625 -0.3801
26.875 76.875 -0.24569
26.875 77.125 -0.13223
26.875 77.375 0.40124
26.875 77.625 -0.20683
26.875 77.875 -0.50116
26.875 78.125 -0.95648
26.875 78.375 -1.2026
26.875 78.625 -1.6079
26.875 78.875 1.2215
26.875 79.125 -0.55281
26.875 79.375 -1.57
26.875 79.625 -1.4799
26.875 79.875 -0.79921
26.875 80.125 -2.1151
26.875 80.375 -1.4485
26.875 80.625 -1.5869
26.875 80.875 0.53068
26.875 81.125 1.1337
26.875 81.375 1.109
26.875 81.625 -0.0079456
26.875 81.875 -0.92801
26.875 82.125 0.54429
26.875 82.375 -1.7948
26.875 82.625 -1.3028
26.875 82.875 0.31639
26.875 83.125 0.049994
26.875 83.375 -1.4608
26.875 83.625 -2.3668
26.875 83.875 -2.3063
26.875 84.125 -0.34542
26.875 84.375 -0.71226
26.875 84.625 -0.61517
26.875 84.875 -0.60103
26.875 88.375 1.342
26.875 88.625 -2.226
26.875 88.875 -1.3999
26.875 92.375 -1.8761
26.875 92.625 -1.1969
26.875 92.875 -1.6579
26.875 93.125 -0.72232
26.875 93.375 -3.0375
26.875 93.625 -1.9985
26.875 93.875 -2.9243
26.875 94.125 -2.5669
26.875 94.375 -1.7022
26.875 94.625 -1.5638
26.875 94.875 -1.5327
26.875 95.125 -0.53464
26.875 95.375 0.33054
26.875 95.625 -1.5095
27.125 69.875 -0.67873
27.125 70.125 -0.60781
27.125 70.375 -0.52696
27.125 70.625 -0.70274
27.125 70.875 -1.1542
27.125 71.125 -1.1766
27.125 71.375 -1.0924
27.125 71.625 -1.1333
27.125 71.875 -1.1735
27.125 72.125 -0.86635
27.125 72.375 -1.1441
27.125 72.625 -0.49088
27.125 72.875 -0.92173
27.125 73.125 -0.54152
27.125 73.375 -0.98064
27.125 73.625 -0.72213
27.125 73.875 -0.42884
27.125 74.125 -0.42173
27.125 74.375 -0.94372
27.125 74.625 -0.51911
27.125 74.875 -1.3512
27.125 75.125 -1.2857
27.125 75.375 -0.77236
27.125 75.625 -0.053722
27.125 75.875 -0.029724
27.125 76.125 -0.43461
27.125 76.375 -0.66115
27.125 76.625 -0.88578
27.125 76.875 -0.62633
27.125 77.125 -0.35916
27.125 77.375 -0.13632
27.125 77.625 -0.21383
27.125 77.875 -0.49355
27.125 78.125 0.86252
27.125 78.375 -0.27942
27.125 78.625 -1.2471
27.125 78.875 -0.83888
27.125 79.125 -0.17532
27.125 79.375 -1.1778
27.125 79.625 0.45586
27.125 79.875 1.5365
27.125 80.125 1.1849
27.125 80.375 0.821
27.125 80.625 0.59383
27.125 80.875 -1.9311
27.125 81.125 0.67915
27.125 81.375 1.4754
27.125 81.625 1.1859
27.125 81.875 0.68213
27.125 82.125 -0.16485
27.125 82.375 -0.71033
27.125 82.625 0.77814
27.125 82.875 0.16961
27.125 83.125 -0.7443
27.125 83.375 0.20104
27.125 83.625 -0.45544
27.125 83.875 -0.47964
27.125 84.125 -0.66899
27.125 84.375 -0.40562
27.125 84.625 -0.071667
27.125 88.125 0.15844
27.125 88.375 -0.10729
27.125 88.625 -1.0114
27.125 92.125 -0.41746
27.125 92.375 -2.6273
27.125 92.625 -1.4743
27.125 92.875 -1.2669
27.125 93.125 -2.2703
27.125 93.375 -1.2361
27.125 93.625 -1.2904
27.125 93.875 -0.33367
27.125 94.125 -2.0386
27.125 94.375 -1.8083
27.125 94.625 -1.9272
27.125 94.875 -1.6147
27.125 95.125 -1.692
27.125 95.375 -0.97727
27.125 95.625 -1.1962
27.125 95.875 -1.5544
27.375 70.125 -0.51068
27.375 70.375 -0.78336
27.375 70.625 -0.65312
27.375 70.875 -0.81741
27.375 71.125 -1.0219
27.375 71.375 -1.0035
27.375 71.625 -1.2216
27.375 71.875 -1.0233
27.375 72.125 -0.21995
27.375 72.375 -0.65423
27.375 72.625 -0.53637
27.375 72.875 -0.70963
27.375 73.125 -0.80109
27.375 73.375 -0.73241
27.375 73.625 -0.4984
27.375 73.875 -0.20408
27.375 74.125 -0.12593
27.375 74.375 -0.73763
27.375 74.625 -0.2245
27.375 74.875 0.3146
27.375 75.125 -1.2517
27.375 75.375 -1.2712
27.375 75.625 -0.17159
27.375 75.875 -0.16241
27.375 76.125 -0.9118
27.375 76.375 -0.5017
27.375 76.625 -0.8642
27.375 76.875 -0.50499
27.375 77.125 -0.39821
27.375 77.375 -1.4119
27.375 77.625 -0.8929
27.375 77.875 -0.18513
27.375 78.125 0.32811
27.375 78.375 -0.72186
27.375 78.625 0.13246
27.375 78.875 -0.42411
27.375 79.125 -1.2362
27.375 79.375 0.70315
27.375 79.625 -0.059298
27.375 79.875 -1.4912
27.375 80.125 -0.85777
27.375 80.375 -0.072447
27.375 80.625 -1.2407
27.375 80.875 -1.0089
27.375 81.125 0.39736
27.375 81.375 0.93445
27.375 81.625 -1.6246
27.375 81.875 0.19359
27.375 82.125 0.47681
27.375 82.375 0.46114
27.375 82.625 0.050924
27.375 82.875 -0.18779
27.375 83.125 0.099262
27.375 83.625 1.7904
27.375 84.125 0.18605
27.375 84.375 -0.34507
27.375 88.125 -0.6999
27.375 88.375 -0.4423
27.375 88.625 -1.5769
27.375 92.125 0.36619
27.375 92.375 0.037425
27.375 92.625 1.2035
27.375 92.875 -0.52668
27.375 93.125 -1.4854
27.375 93.375 -1.5276
27.375 93.625 0.30102
27.375 93.875 -0.42405
27.375 94.125 -3.133
27.375 94.375 -1.6315
27.375 94.625 -1.1932
27.375 94.875 -1.3535
27.375 95.125 -1.2926
27.375 95.375 -1.1101
27.375 95.625 -2.2544
27.375 95.875 -1.8229
27.375 96.125 -1.6374
27.375 96.375 -1.3986
NaN NaN NaN
27.375 96.875 0.44213
27.625 70.125 -0.49444
27.625 70.375 -0.77658
27.625 70.625 -0.83671
27.625 70.875 -0.96234
27.625 71.125 -0.97413
27.625 71.375 -1.0384
27.625 71.625 -1.1966
27.625 71.875 -0.60362
27.625 72.125 -0.9114
27.625 72.375 -0.69265
27.625 72.625 -0.92893
27.625 72.875 -0.46471
27.625 73.125 -0.69219
27.625 73.375 -1.6327
27.625 73.625 -0.90545
27.625 73.875 0.94543
27.625 74.125 -0.27982
27.625 74.375 -0.58719
27.625 74.625 -0.55174
27.625 74.875 -0.50225
27.625 75.125 -0.43051
27.625 75.375 -0.63945
27.625 75.625 -0.28211
27.625 75.875 -0.72994
27.625 76.125 -0.8584
27.625 76.375 -1.2376
27.625 76.625 -0.80004
27.625 76.875 -0.59494
27.625 77.125 -1.0181
27.625 77.375 -1.2722
27.625 77.625 -1.6294
27.625 77.875 -0.94515
27.625 78.125 1.0752
27.625 78.375 1.0912
27.625 78.625 -1.0411
27.625 78.875 -0.029265
27.625 79.125 -1.4271
27.625 79.375 -2.2776
27.625 79.625 -1.0512
27.625 79.875 0.20875
27.625 80.125 0.95334
27.625 80.375 -0.50303
27.625 80.625 -1.8906
27.625 80.875 -0.8002
27.625 81.125 0.37065
27.625 81.375 1.2293
27.625 81.625 0.86091
27.625 81.875 0.24098
27.625 82.125 -0.13005
27.625 82.375 0.2681
27.625 82.625 0.32145
27.625 88.375 -0.3933
27.625 88.625 -0.71465
27.625 91.625 -0.8197
27.625 91.875 -0.46918
27.625 92.125 -2.6011
27.625 92.375 0.36567
27.625 92.625 -2.9315
27.625 92.875 -2.699
27.625 93.125 -2.7912
27.625 93.375 -0.9159
27.625 93.625 0.19303
27.625 93.875 -0.37844
27.625 94.125 -1.5932
27.625 94.375 -1.6064
27.625 94.625 -1.982
27.625 94.875 -2.3183
27.625 95.125 -2.3034
27.625 95.375 -1.7254
27.625 95.625 -1.7002
27.625 95.875 -2.4125
27.625 96.125 -3.5615
27.625 96.375 -1.1647
27.625 96.625 -1.3647
27.625 96.875 -1.1558
27.875 70.375 -0.35617
27.875 71.875 -0.49433
27.875 72.125 -0.64105
27.875 72.375 -0.4298
27.875 72.625 -0.49822
27.875 72.875 -0.59578
27.875 73.125 -0.21604
27.875 73.375 -0.14323
27.875 73.625 -1.1472
27.875 73.875 -1.0432
27.875 74.125 -0.46542
27.875 74.375 -0.835
27.875 74.625 -0.67035
27.875 74.875 -0.44618
27.875 75.125 -1.0955
27.875 75.375 -0.63989
27.875 75.625 -1.0467
27.875 75.875 -1.2649
27.875 76.125 -1.1739
27.875 76.375 -0.084266
27.875 76.625 -0.86362
27.875 76.875 -1.1309
27.875 77.125 -0.7296
27.875 77.375 -1.4296
27.875 77.625 -1.4422
27.875 77.875 -1.3851
27.875 78.125 -1.0698
27.875 78.375 1.124
27.875 78.625 1.0495
27.875 78.875 -0.2479
27.875 79.125 0.48304
27.875 79.375 -0.75825
27.875 79.625 0.026838
27.875 79.875 0.55009
27.875 80.125 0.72911
27.875 80.375 0.19402
27.875 80.625 -1.486
27.875 80.875 -2.6451
27.875 81.125 1.7192
27.875 81.375 1.2028
27.875 81.625 2.2257
27.875 88.375 0.57722
27.875 88.625 0.41315
27.875 92.875 -2.1547
27.875 93.125 -1.557
27.875 93.375 -0.9418
27.875 93.625 -1.4402
27.875 93.875 1.4098
27.875 94.125 -4.0244
27.875 94.375 -1.8106
27.875 94.625 -0.75023
27.875 94.875 -0.68732
27.875 95.125 -0.98702
27.875 95.375 -2.4333
27.875 95.625 -1.7315
27.875 95.875 -2.5374
27.875 96.125 -2.694
27.875 96.375 -0.58607
27.875 96.625 -0.12926
NaN NaN NaN
27.875 97.125 0.023308
28.125 72.125 -0.9878
28.125 72.375 -0.75382
28.125 72.625 -0.47424
28.125 72.875 0.52008
28.125 73.125 0.74054
28.125 73.375 0.33825
28.125 73.625 -0.48652
28.125 73.875 -0.32896
28.125 74.125 -0.50154
28.125 74.375 -0.64263
28.125 74.625 -1.1837
28.125 74.875 -0.86583
28.125 75.125 -1.5467
28.125 75.375 -0.36412
28.125 75.625 -0.52535
28.125 75.875 -0.85678
28.125 76.125 -0.85018
28.125 76.375 -0.88785
28.125 76.625 -0.49058
28.125 76.875 -1.2571
28.125 77.125 -1.4152
28.125 77.375 -1.7046
28.125 77.625 -1.237
28.125 77.875 -1.3354
28.125 78.125 -1.2425
28.125 78.375 1.3316
28.125 78.625 -1.5514
28.125 78.875 -0.46463
28.125 79.125 0.58575
28.125 79.375 -0.78497
28.125 79.625 0.75784
28.125 79.875 2.0163
28.125 80.125 1.2033
28.125 80.375 -0.18169
28.125 80.625 -0.48558
28.125 80.875 -0.49339
28.125 81.125 -0.17558
28.125 81.375 1.1965
28.125 92.875 -1.2932
28.125 93.125 -2.3497
28.125 93.375 -0.85763
28.125 93.625 -0.78631
28.125 93.875 -0.6473
28.125 94.125 -0.56449
28.125 94.375 -0.31734
28.125 94.625 -0.42578
28.125 94.875 -0.40385
28.125 95.125 -0.85287
28.125 95.375 -2.1784
28.125 95.625 -1.4831
28.125 95.875 -1.7095
28.125 96.125 -2.7871
28.125 96.375 -1.9813
NaN NaN NaN
NaN NaN NaN
NaN NaN NaN
28.375 72.375 -1.0712
28.375 72.625 -0.64344
28.375 72.875 -0.46064
28.375 73.125 0.17379
28.375 73.375 -0.69889
28.375 73.625 -0.98154
28.375 73.875 -0.62763
28.375 74.125 -0.3297
28.375 74.375 -0.43083
28.375 74.625 -0.8505
28.375 74.875 -0.91551
28.375 75.125 -0.8888
28.375 75.375 -0.51788
28.375 75.625 -0.68745
28.375 75.875 -0.70717
28.375 76.125 -0.31453
28.375 76.375 -0.85249
28.375 76.625 -0.42819
28.375 76.875 0.075569
28.375 77.125 -1.9622
28.375 77.375 -1.6592
28.375 77.625 -1.5
28.375 77.875 -1.254
28.375 78.125 0.82354
28.375 78.375 1.5192
28.375 78.625 -1.2692
28.375 78.875 0.75383
28.375 79.125 0.21639
28.375 79.375 1.1815
28.375 79.625 -1.2966
28.375 79.875 -1.6076
28.375 80.125 1.1646
28.375 80.375 0.14754
28.375 80.625 -0.51367
28.375 80.875 1.6458
28.375 81.125 0.74633
28.375 93.375 -2.1174
28.375 93.625 -1.8857
28.375 93.875 -1.5335
28.375 94.125 -0.073867
28.375 94.375 0.071635
28.375 94.625 -0.19894
28.375 94.875 -0.0094819
28.375 95.125 -0.13606
28.375 95.375 1.0953
28.375 95.625 -0.76746
28.375 95.875 -1.6099
28.375 96.125 -1.4972
NaN NaN NaN
28.625 72.375 -0.91704
28.625 72.625 -1.089
28.625 72.875 -0.53103
28.625 73.125 -0.55314
28.625 73.375 -0.60202
28.625 73.625 -1.1211
28.625 73.875 -0.78295
28.625 74.125 -0.81092
28.625 74.375 -0.75315
28.625 74.625 -1.0298
28.625 74.875 -1.0342
28.625 75.125 -0.87139
28.625 75.375 -0.60676
28.625 75.625 -0.45333
28.625 75.875 -0.94022
28.625 76.125 -0.56932
28.625 76.375 -0.97046
28.625 76.625 -0.82724
28.625 76.875 -0.69898
28.625 77.125 -0.77516
28.625 77.375 -1.0303
28.625 77.625 -1.1562
28.625 77.875 -1.4447
28.625 78.125 0.26957
28.625 78.375 1.3569
28.625 78.625 -1.3973
28.625 78.875 1.0732
28.625 79.125 0.63849
28.625 79.375 0.78412
28.625 79.625 0.39447
28.625 79.875 -1.2676
28.625 80.125 1.2376
28.625 80.375 0.033526
28.625 80.625 -0.24745
28.625 93.625 -0.99019
28.625 93.875 0.77161
28.625 94.125 -0.36894
28.625 94.375 -0.43033
28.625 94.625 0.30182
28.625 94.875 0.25161
28.625 95.125 -0.12496
28.625 95.375 -1.0814
28.625 95.625 0.3037
28.625 95.875 -0.6644
28.625 96.125 -0.20939
NaN NaN NaN
28.875 72.875 -1.2002
28.875 73.125 -0.7321
28.875 73.375 -0.35867
28.875 73.625 -0.0037912
28.875 73.875 -0.85441
28.875 74.125 -0.89837
28.875 74.375 -1.0187
28.875 74.625 -1.3056
28.875 74.875 -1.0134
28.875 75.125 -0.78154
28.875 75.375 -1.1069
28.875 75.625 -1.1269
28.875 75.875 -0.76349
28.875 76.125 -0.99596
28.875 76.375 -1.2449
28.875 76.625 -1.1495
28.875 76.875 -1.0763
28.875 77.125 -1.0697
28.875 77.375 -0.6175
28.875 77.625 -0.98184
28.875 77.875 0.19705
28.875 78.125 0.60809
28.875 78.375 1.0132
28.875 78.625 0.44624
28.875 78.875 -0.23464
28.875 79.125 -0.75437
28.875 79.375 0.85091
28.875 79.625 -0.9823
28.875 79.875 -1.5134
28.875 94.125 -0.9623
28.875 94.375 0.49342
28.875 94.625 -1.0468
28.875 94.875 0.24227
28.875 95.125 -1.0808
28.875 95.375 -1.3986
28.875 95.625 -1.2114
28.875 95.875 -0.0092079
28.875 96.125 0.33389
NaN NaN NaN
29.125 73.125 -0.59106
29.125 73.375 0.10891
29.125 73.625 0.26789
29.125 73.875 -0.57908
29.125 74.125 -0.51827
29.125 74.375 -0.93003
29.125 74.625 -1.0032
29.125 74.875 -1.1764
29.125 75.125 -1.7698
29.125 75.375 -1.1336
29.125 75.625 -0.93149
29.125 75.875 -1.4768
29.125 76.125 -1.2377
29.125 76.375 -1.1258
29.125 76.625 -0.91503
29.125 76.875 -1.0621
29.125 77.125 -1.3814
29.125 77.375 -1.2813
29.125 77.625 0.68453
29.125 77.875 0.76449
29.125 78.125 1.7534
29.125 78.375 1.7233
29.125 78.625 -1.9033
29.125 78.875 0.44915
29.125 79.125 -1.6114
29.125 79.375 -0.96293
29.125 79.625 0.56689
29.125 79.875 0.35807
29.125 80.125 0.5448
29.125 94.375 -0.079514
29.125 94.625 0.20514
29.125 94.875 -0.1641
29.125 95.625 -2.1188
29.125 95.875 -1.0244
29.125 96.125 2.3179
29.375 73.375 -0.095902
29.375 73.625 -0.26027
29.375 73.875 -0.028751
29.375 74.125 -0.93896
29.375 74.375 -0.83341
29.375 74.625 -0.68296
29.375 74.875 -0.46327
29.375 75.125 -0.74784
29.375 75.375 -0.66725
29.375 75.625 -0.82308
29.375 75.875 -0.95754
29.375 76.125 -0.73478
29.375 76.375 -1.2464
29.375 76.625 -0.87033
29.375 76.875 -0.69668
29.375 77.125 -1.0341
29.375 77.375 -1.7781
29.375 77.625 1.4124
29.375 77.875 1.0798
29.375 78.125 0.51324
29.375 78.375 1.4472
29.375 78.625 -0.62663
29.375 78.875 1.4869
29.375 79.125 1.0362
29.375 79.375 -0.40266
29.375 79.625 -1.6036
29.375 79.875 -2.265
29.375 80.125 -2.5263
NaN NaN NaN
29.625 73.375 -0.43238
29.625 73.625 -0.26183
29.625 73.875 -1.7049
29.625 74.125 -1.1153
29.625 74.375 -0.82394
29.625 74.625 -1.3952
29.625 74.875 -0.75629
29.625 75.125 -0.77761
29.625 75.375 -0.77003
29.625 75.625 -0.15622
29.625 75.875 -1.177
29.625 76.125 -0.71464
29.625 76.375 -0.59675
29.625 76.625 -0.35809
29.625 76.875 -0.42083
29.625 77.125 -1.0923
29.625 77.375 -2.1651
29.625 77.625 -1.6794
29.625 77.875 0.48437
29.625 78.125 0.46278
29.625 78.375 -2.3653
29.625 78.625 -2.0217
29.625 78.875 0.80959
29.625 79.125 0.38585
29.625 79.375 0.75872
29.625 79.625 0.31107
29.625 79.875 -0.06245
29.625 80.125 -2.3718
29.875 73.625 -0.54004
29.875 73.875 -0.76858
29.875 74.125 -0.28639
29.875 74.375 -1.1787
29.875 74.625 -0.93041
29.875 74.875 0.40212
29.875 75.125 -0.96307
29.875 75.375 -0.64131
29.875 75.625 -0.84829
29.875 75.875 -0.86957
29.875 76.125 -0.70545
29.875 76.375 -0.48187
29.875 76.625 -0.70286
29.875 76.875 -1.2182
29.875 77.125 -1.8241
29.875 77.375 -1.7845
29.875 77.625 -1.988
29.875 77.875 -1.3362
29.875 78.125 -2.6009
29.875 78.375 0.59614
29.875 78.625 1.0124
29.875 78.875 1.0184
29.875 79.125 0.57482
29.875 79.375 0.56121
29.875 79.625 0.1491
29.875 79.875 0.46156
29.875 80.125 -1.2215
29.875 80.375 -1.3007
30.125 74.125 -0.76618
30.125 74.375 -0.66702
30.125 74.625 -0.56564
30.125 74.875 0.26175
30.125 75.125 -0.60281
30.125 75.375 -0.57158
30.125 75.625 -0.76616
30.125 75.875 -1.1928
30.125 76.125 -0.49112
30.125 76.375 -0.69665
30.125 76.625 -0.90819
30.125 76.875 -1.5162
30.125 77.125 -0.6589
30.125 77.375 -1.8025
30.125 77.625 -1.7675
30.125 77.875 -1.504
30.125 78.125 -2.9078
30.125 78.375 0.77093
30.125 78.625 0.88534
30.125 78.875 1.5489
30.125 79.125 0.98287
30.125 79.375 1.2669
30.125 79.625 0.98199
30.125 79.875 0.27824
30.125 80.125 0.19413
30.125 80.375 -0.20048
30.125 80.625 0.17581
30.375 74.125 -0.77484
30.375 74.375 0.061126
30.375 74.625 -0.79825
30.375 74.875 -0.070402
30.375 75.125 -0.81146
30.375 75.375 -0.48992
30.375 75.625 -0.7223
30.375 75.875 -1.2415
30.375 76.125 -1.2864
30.375 76.375 -1.2248
30.375 76.625 -1.7442
30.375 76.875 -2.0505
30.375 77.125 -1.1106
30.375 77.375 -0.83103
30.375 77.625 -0.48906
30.375 77.875 -1.867
30.375 78.125 -3.0621
30.375 78.375 -2.8391
30.375 78.625 -2.5373
30.375 78.875 1.5262
30.375 79.125 0.71701
30.375 79.375 0.85143
30.375 79.625 -0.11609
30.375 79.875 0.68022
30.375 80.125 0.64116
30.375 80.375 -0.74809
30.375 80.625 -1.1258
30.625 74.375 -0.77981
30.625 74.625 -1.3108
30.625 74.875 -0.065894
30.625 75.125 -1.0011
30.625 75.375 0.10239
30.625 75.625 -0.75674
30.625 75.875 -1.0583
30.625 76.125 -0.95503
30.625 76.375 -0.38627
30.625 76.625 -1.4194
30.625 76.875 -0.93003
30.625 77.125 -0.63934
30.625 77.375 -0.1335
30.625 77.625 0.49401
30.625 77.875 0.8015
30.625 78.125 0.63318
30.625 78.375 0.36867
30.625 78.625 0.58759
30.625 78.875 1.0396
30.625 79.125 0.63344
30.625 79.375 0.51949
30.625 79.625 1.3139
30.625 79.875 1.0769
30.625 80.125 -0.49168
30.875 74.625 -1.4954
30.875 74.875 -1.1393
30.875 75.125 -0.83529
30.875 75.375 -1.7832
30.875 75.625 -0.56305
30.875 75.875 -0.55611
30.875 76.125 -0.63989
30.875 76.375 -1.012
30.875 76.625 0.63949
30.875 76.875 -0.53682
30.875 77.125 0.61919
30.875 77.375 0.50734
30.875 77.625 1.0843
30.875 77.875 1.1371
30.875 78.125 0.85199
30.875 78.375 0.62733
30.875 78.625 0.81928
30.875 78.875 0.72078
30.875 79.125 -0.36049
30.875 79.375 -0.85431
30.875 79.625 0.41918
30.875 79.875 0.87425
31.125 74.875 -0.42379
31.125 75.125 -0.97132
31.125 75.375 -1.672
31.125 75.625 -0.80996
31.125 75.875 -0.72507
31.125 76.125 -0.81771
31.125 76.375 -0.41813
31.125 76.625 -0.15908
31.125 76.875 -0.85813
31.125 77.125 0.077415
31.125 77.375 0.47859
31.125 77.625 0.84333
31.125 77.875 0.31548
31.125 78.125 0.94083
31.125 78.375 0.46936
31.125 78.625 -0.29654
31.125 78.875 0.23918
31.125 79.125 1.0048
31.375 74.875 -1.1752
31.375 75.125 -1.0816
31.375 75.375 -2.0801
31.375 75.625 -1.1633
31.375 75.875 -0.64093
31.375 76.125 -0.58154
31.375 76.375 -0.48279
31.375 76.625 -0.59704
31.375 76.875 -1.3908
31.375 77.125 0.32778
31.375 77.375 1.4946
31.375 77.625 0.39422
31.375 77.875 0.91871
31.375 78.125 0.66053
31.375 78.375 1.5992
31.375 78.625 0.85068
31.625 74.875 -1.1271
31.625 75.125 -0.5153
31.625 75.375 -0.26651
31.625 75.625 -0.55666
31.625 75.875 -1.9501
31.625 76.125 -0.8796
31.625 76.375 -0.67891
31.625 76.625 -1.105
31.625 76.875 -0.56035
31.625 77.125 0.54038
31.625 77.375 1.8437
31.625 77.625 1.6679
31.625 77.875 1.462
31.625 78.125 2.3892
31.625 78.375 0.67525
31.625 78.625 0.61079
31.875 74.875 -0.31497
31.875 75.125 -0.16136
31.875 75.375 -0.8681
31.875 75.625 -0.32296
31.875 75.875 -0.65467
31.875 76.125 -1.1313
31.875 76.375 -0.68678
31.875 76.625 -0.25658
31.875 76.875 -0.19862
31.875 77.125 0.037838
31.875 77.375 0.8663
31.875 77.625 0.79409
31.875 77.875 0.3722
31.875 78.125 0.47461
31.875 78.375 0.79687
31.875 78.625 1.6844
32.125 75.375 0.20789
32.125 75.625 -0.3001
32.125 75.875 -0.11116
32.125 76.125 -1.769
32.125 76.375 -1.4294
32.125 76.625 -0.52254
32.125 76.875 0.60199
32.125 77.125 0.70488
32.125 77.375 -0.65271
32.125 77.625 -0.53401
32.125 77.875 0.37532
32.125 78.125 -0.3583
32.125 78.375 0.33234
32.375 75.375 0.44043
32.375 75.625 -0.068293
32.375 75.875 -0.29294
32.375 76.125 -0.34026
32.375 76.375 -0.17119
32.375 76.625 0.18532
32.375 76.875 0.68549
32.375 77.125 0.79417
32.375 77.375 -0.082383
32.375 77.625 0.0035398
32.375 77.875 0.223
32.375 78.125 0.1542
32.375 78.375 -1.9127
32.625 74.875 -0.21222
32.625 75.125 -0.090715
32.625 75.375 -0.20211
32.625 75.625 -0.17544
32.625 75.875 0.018499
32.625 76.125 0.56694
32.625 76.375 -0.85472
32.625 76.625 -0.6045
32.625 76.875 -1.2519
32.625 77.125 -0.92093
32.625 77.375 -0.2624
32.625 77.625 0.44208
32.625 77.875 0.21753
32.625 78.125 0.40195
32.625 78.375 -1.0391
32.625 78.625 -1.4015
32.625 78.875 2.0557
32.625 79.125 1.9812
32.625 79.375 -1.0255
32.875 74.375 0.48892
32.875 74.625 0.35551
32.875 74.875 -0.07853
32.875 75.125 0.36712
32.875 75.375 0.27648
32.875 75.625 0.071811
32.875 75.875 0.016886
32.875 76.125 0.66974
32.875 76.375 0.52532
32.875 76.625 -0.65497
32.875 76.875 -0.41275
32.875 77.125 -0.19094
32.875 77.375 0.51547
32.875 77.625 0.50166
32.875 77.875 0.14162
32.875 78.125 -1.1213
32.875 78.375 -0.58344
32.875 78.625 -0.80214
32.875 78.875 -0.21321
32.875 79.125 -0.68745
32.875 79.375 -0.14936
33.125 73.875 0.020595
33.125 74.125 0.35455
33.125 74.375 0.41947
33.125 74.625 0.56532
33.125 74.875 1.1564
33.125 75.125 0.62721
33.125 75.375 0.22833
33.125 75.625 0.5905
33.125 75.875 -0.8562
33.125 76.125 -0.1438
33.125 76.375 -1.0507
33.125 76.625 -0.088715
33.125 76.875 0.027595
33.125 77.125 0.86432
33.125 77.375 -0.66587
33.125 77.625 -0.56801
33.125 77.875 -0.784
33.125 78.125 -0.51238
33.125 78.375 -0.95761
33.125 78.625 0.72443
33.125 78.875 0.298
33.125 79.125 0.22466
33.375 73.875 0.80942
33.375 74.125 1.2278
33.375 74.375 0.78564
33.375 74.625 0.86643
33.375 74.875 0.59122
33.375 75.125 -0.1467
33.375 75.375 -0.20429
33.375 75.625 0.29877
33.375 75.875 -0.51762
33.375 76.125 -0.072503
33.375 76.375 0.59767
33.375 76.625 -0.82118
33.375 76.875 1.0126
33.375 77.125 -0.27449
33.375 77.375 -0.12894
33.375 77.625 -0.34562
33.375 77.875 -0.86698
33.375 78.125 0.23383
33.375 78.375 2.1543
33.375 78.625 0.61175
33.375 78.875 0.13425
33.625 73.875 0.18569
33.625 74.125 1.3947
33.625 74.375 0.77103
33.625 74.625 0.082381
33.625 74.875 0.013985
33.625 75.125 0.47456
33.625 75.375 0.1542
33.625 75.625 0.935
33.625 75.875 0.37038
33.625 76.125 -0.74109
33.625 76.375 2.3662
33.625 76.625 0.40503
33.625 76.875 0.71501
33.625 77.125 0.52706
33.625 77.375 1.0808
33.625 77.625 2.6745
33.625 77.875 2.2929
33.625 78.125 3.8172
33.625 78.375 1.6209
33.625 78.625 0.063547
33.625 78.875 -0.3419
33.875 73.875 0.22772
33.875 74.125 -0.10565
33.875 74.375 1.0366
33.875 74.625 0.23153
33.875 74.875 0.29151
33.875 75.125 0.65853
33.875 75.375 0.30777
33.875 75.625 -0.35542
33.875 75.875 1.56
33.875 76.125 1.2492
33.875 76.375 0.83359
33.875 76.625 1.5221
33.875 76.875 1.6428
33.875 77.125 1.7753
33.875 77.375 -0.88407
33.875 77.625 0.62897
33.875 77.875 0.83184
33.875 78.125 3.0011
33.875 78.375 0.085333
33.875 78.625 1.371
33.875 78.875 1.962
34.125 73.625 -0.58904
34.125 73.875 -0.76857
34.125 74.125 0.57193
34.125 74.375 0.091265
34.125 74.625 -0.066656
34.125 74.875 -0.91577
34.125 75.125 1.2342
34.125 75.375 -0.40247
34.125 75.625 1.0223
34.125 75.875 1.1228
34.125 76.125 1.0974
34.125 76.375 1.2284
34.125 76.625 1.7767
34.125 76.875 1.3771
34.125 77.125 -1.0204
34.125 77.375 -0.45551
34.125 77.625 0.33033
34.125 77.875 0.93767
34.125 78.125 1.1683
34.125 78.375 2.2696
34.125 78.625 -0.4963
34.125 78.875 2.4392
34.125 79.125 0.23271
34.125 79.375 0.78855
34.375 73.625 0.093379
34.375 73.875 -0.93244
34.375 74.125 -0.89058
34.375 74.375 0.70111
34.375 74.625 -0.29588
34.375 74.875 -0.40462
34.375 75.125 -0.46412
34.375 75.375 -0.36542
34.375 75.625 1.2269
34.375 75.875 0.56965
34.375 76.125 1.2955
34.375 76.375 0.52955
34.375 76.625 0.37647
34.375 76.875 1.1041
34.375 77.125 1.7007
34.375 77.375 0.76609
34.375 77.625 -0.35862
34.375 77.875 1.6886
34.375 78.125 1.8444
34.375 78.375 0.50981
34.375 78.625 2.1478
34.375 78.875 -0.54966
34.375 79.125 -0.32789
34.375 79.375 -0.10829
34.625 73.875 -0.80353
34.625 74.125 0.12979
34.625 74.375 -0.67353
34.625 74.625 -0.69312
34.625 74.875 -0.49924
34.625 75.125 0.62684
34.625 75.375 0.53715
34.625 75.625 0.25595
34.625 75.875 -0.3524
34.625 76.125 -0.91299
34.625 76.375 -0.22852
34.625 76.625 2.0354
34.625 76.875 0.89099
34.625 77.125 3.9853
34.625 77.375 -1.357
34.625 77.625 2.3264
34.625 77.875 2.93
34.625 78.125 2.7023
34.625 78.375 2.9809
34.625 78.625 1.9808
34.625 78.875 0.21106
34.625 79.125 0.1026
34.625 79.375 -0.73334
34.625 79.625 0.16058
34.875 74.125 1.778
34.875 74.375 0.97608
34.875 74.625 -0.13845
34.875 74.875 -0.32941
34.875 75.125 -0.42341
34.875 75.375 -0.59967
34.875 75.625 0.56528
34.875 75.875 -0.38389
34.875 76.125 -0.48677
34.875 76.375 -0.55323
34.875 76.625 -0.82623
34.875 76.875 0.10717
34.875 77.125 2.3223
34.875 77.375 -1.0657
34.875 77.625 1.1337
34.875 77.875 3.0813
34.875 78.125 2.9362
34.875 78.375 2.8772
34.875 78.625 0.79517
34.875 78.875 -0.78515
34.875 79.125 0.38421
34.875 79.375 -0.06391
34.875 79.625 0.62971
34.875 79.875 0.71911
35.125 74.375 2.1948
35.125 74.625 -0.21651
35.125 74.875 -0.40546
35.125 75.125 -0.43039
35.125 75.375 -0.052561
35.125 75.625 -0.56741
35.125 75.875 0.80298
35.125 76.125 -0.79752
35.125 76.375 1.0212
35.125 76.625 -0.56158
35.125 76.875 1.4768
35.125 77.125 1.1683
35.125 77.375 1.2447
35.125 77.625 -0.01037
35.125 77.875 1.7134
35.125 78.125 -1.0731
35.125 78.375 -1.1978
35.125 78.625 0.97334
35.125 78.875 0.069537
35.125 79.125 1.3179
35.125 79.375 -0.16325
35.125 79.625 -0.47412
35.125 79.875 1.0876
35.375 73.875 1.3977
35.375 74.125 0.77075
35.375 74.375 1.4673
35.375 74.625 0.30973
35.375 74.875 0.64125
35.375 75.125 -0.45074
35.375 75.375 -0.36993
35.375 75.625 4.7074
35.375 75.875 4.0324
35.375 76.125 4.4059
35.375 76.375 0.45893
35.375 76.625 1.9082
35.375 76.875 1.841
35.375 77.125 1.7266
35.375 77.375 -1.5661
35.375 77.625 -0.94289
35.375 77.875 -1.2302
35.375 78.125 -1.885
35.375 78.375 0.733
35.375 78.625 -0.11338
35.375 78.875 0.57392
35.375 79.125 2.7814
35.375 79.375 3.4348
35.375 79.625 -1.0321
35.375 79.875 -0.72174
NaN NaN NaN
35.625 73.375 -0.66203
35.625 73.625 1.4321
35.625 73.875 -0.74292
35.625 74.125 1.9624
35.625 74.375 -0.18124
35.625 74.625 1.7538
35.625 74.875 -0.48036
35.625 75.125 -0.48398
35.625 75.375 2.5605
35.625 75.625 6.5533
35.625 75.875 5.7747
35.625 76.125 5.1695
35.625 76.375 2.7551
35.625 76.625 -0.88245
35.625 76.875 -0.83526
35.625 77.125 1.3301
35.625 78.375 -0.20466
35.625 78.625 0.66529
35.625 78.875 0.96416
35.625 79.125 1.8379
35.625 79.375 0.84694
35.625 79.625 0.046145
35.625 79.875 1.8281
35.625 80.125 1.8099
35.875 73.125 0.41361
35.875 73.375 -0.65473
35.875 73.625 -1.3216
35.875 73.875 -1.3672
35.875 74.125 0.047237
35.875 74.375 -0.3256
35.875 74.625 -0.8325
35.875 74.875 -0.71826
35.875 75.125 1.3282
35.875 75.375 0.8429
35.875 75.625 0.99445
35.875 75.875 0.33404
35.875 76.125 0.65848
35.875 76.375 -1.5793
35.875 76.625 0.73622
35.875 79.375 3.2428
36.125 72.625 0.092373
36.125 72.875 0.57789
36.125 73.125 -1.1953
36.125 73.375 -0.93036
36.125 73.625 -0.75371
36.125 73.875 -0.62138
36.125 74.125 -0.86346
36.125 74.375 -0.56716
36.125 74.625 -0.68319
36.125 74.875 -0.39201
36.125 75.125 0.77084
36.125 75.375 1.4969
36.125 75.625 -1.868
36.125 75.875 -0.50528
36.125 76.125 -0.093842
36.125 76.375 -1.1846
36.125 76.625 -2.1066
36.375 73.125 -0.044641
36.375 73.375 0.64629
36.375 73.625 0.355
36.375 73.875 -0.34161
36.375 74.125 0.067356
36.375 74.375 0.12915
36.375 74.625 1.4176
36.375 74.875 -2.0532
36.375 75.125 1.0555
36.375 75.375 -1.1517
36.375 75.625 1.5951
36.375 75.875 0.040031
36.375 76.125 0.74248
36.625 73.375 -0.13272
36.625 73.625 -0.33129
36.625 73.875 -0.56627
36.625 74.125 -1.1154
36.625 74.375 0.39661
36.625 74.625 0.79061
36.625 74.875 1.9988
36.625 75.125 0.2565
36.625 75.375 0.28347
36.625 75.625 -1.0567
36.875 73.875 1.5766
36.875 74.375 1.4671
36.875 74.625 1.0861
36.875 74.875 1.3721
36.875 75.125 -0.34283
36.875 75.375 -2.0975
