8.125 77.375 0.80099
8.375 77.125 -0.59747
8.375 77.375 0.40384
8.375 77.625 1.345
8.375 77.875 1.0706
8.625 76.875 -0.52602
8.625 77.125 0.85455
8.625 77.375 0.76831
8.625 77.625 -0.24356
8.625 77.875 1.1862
8.875 76.875 -1.3244
8.875 77.125 1.7757
8.875 77.375 0.21355
8.875 77.625 -0.16127
8.875 77.875 -1.9415
9.125 76.625 0.22607
9.125 76.875 -0.54041
9.125 77.125 0.65887
9.125 77.375 0.049979
9.125 77.625 -0.4007
9.125 77.875 -1.0495
9.125 78.125 -0.31998
NaN NaN NaN
9.375 76.625 -0.41539
9.375 76.875 -1.0041
9.375 77.125 -0.064758
9.375 77.375 0.65528
9.375 77.625 -0.092346
9.375 77.875 -0.21829
9.375 78.125 -0.51525
9.375 78.375 -0.44261
9.375 78.625 -1.1255
NaN NaN NaN
9.625 76.375 -0.19341
9.625 76.625 -0.14623
9.625 76.875 -0.49715
9.625 77.125 0.80867
9.625 77.375 0.32312
9.625 77.625 -0.43723
9.625 77.875 0.15406
9.625 78.125 -0.37457
9.625 78.375 -0.0014495
9.625 78.625 0.038675
9.875 76.625 -0.69668
9.875 76.875 -0.96371
9.875 77.125 0.70072
9.875 77.375 -0.70298
9.875 77.625 -0.48271
9.875 77.875 -0.20561
9.875 78.125 -0.61011
9.875 78.375 -0.12922
9.875 78.625 -0.083263
9.875 78.875 -0.10672
10.125 76.375 -0.20296
10.125 76.625 0.33932
10.125 76.875 1.3891
10.125 77.125 0.01022
10.125 77.375 0.69323
10.125 77.625 -0.195
10.125 77.875 -0.25035
10.125 78.125 -0.047353
10.125 78.375 0.48754
10.125 78.625 -0.51764
10.125 78.875 -0.46653
10.125 79.125 -0.21466
10.375 76.375 -1.2559
10.375 76.625 -0.057743
10.375 76.875 0.84311
10.375 77.125 0.45834
10.375 77.375 0.50003
10.375 77.625 0.17969
10.375 77.875 -1.1185
10.375 78.125 -0.3781
10.375 78.375 -0.17118
10.375 78.625 0.068616
10.375 78.875 -0.66593
10.375 79.125 -0.29441
NaN NaN NaN
NaN NaN NaN
10.625 76.125 -2.2628
10.625 76.375 -1.799
10.625 76.625 0.016474
10.625 76.875 0.37444
10.625 77.125 1.2037
10.625 77.375 1.6598
10.625 77.625 0.51243
10.625 77.875 -0.88938
10.625 78.125 -1.0782
10.625 78.375 -0.82414
10.625 78.625 0.43913
10.625 78.875 0.39575
10.625 79.125 0.96484
10.625 79.375 2.0505
10.625 79.625 2.1508
10.875 76.125 -1.5189
10.875 76.375 0.90504
10.875 76.625 0.8629
10.875 76.875 0.17131
10.875 77.125 -0.017207
10.875 77.375 -0.042094
10.875 77.625 -0.20826
10.875 77.875 -0.76418
10.875 78.125 -1.1544
10.875 78.375 -0.32892
10.875 78.625 0.64499
10.875 78.875 0.83141
10.875 79.125 0.98215
10.875 79.375 0.68111
10.875 79.625 1.5172
11.125 76.125 -2.1862
11.125 76.375 0.20553
11.125 76.625 -0.11011
11.125 76.875 -0.64439
11.125 77.125 -0.21379
11.125 77.375 -0.39418
11.125 77.625 -0.44069
11.125 77.875 -0.45285
11.125 78.125 -0.59241
11.125 78.375 0.48278
11.125 78.625 0.68991
11.125 78.875 0.21141
11.125 79.125 0.43406
11.125 79.375 1.1509
11.125 79.625 0.7263
11.375 75.875 -2.1372
11.375 76.125 -2.0915
11.375 76.375 0.43526
11.375 76.625 0.087057
11.375 76.875 0.26432
11.375 77.125 -0.025594
11.375 77.375 -0.35976
11.375 77.625 -0.57796
11.375 77.875 -0.91066
11.375 78.125 -0.77138
11.375 78.375 -0.24968
11.375 78.625 -0.76941
11.375 78.875 0.18026
11.375 79.125 -0.20603
11.375 79.375 0.13353
11.375 79.625 -0.044387
11.625 75.875 -0.35852
11.625 76.125 0.56654
11.625 76.375 0.21472
11.625 76.625 0.99135
11.625 76.875 -0.26304
11.625 77.125 -0.39731
11.625 77.375 -0.57097
11.625 77.625 -0.61979
11.625 77.875 -0.97316
11.625 78.125 -1.2032
11.625 78.375 -1.6777
11.625 78.625 -0.78148
11.625 78.875 -0.35991
11.625 79.125 0.089834
11.625 79.375 -0.20414
NaN NaN NaN
NaN NaN NaN
11.875 75.875 -0.56462
11.875 76.125 -0.038146
11.875 76.375 -0.22847
11.875 76.625 0.98189
11.875 76.875 -1.7323
11.875 77.125 -1.1348
11.875 77.375 -1.7063
11.875 77.625 -0.37668
11.875 77.875 -0.61462
11.875 78.125 -1.2675
11.875 78.375 -0.86224
11.875 78.625 -0.55011
11.875 78.875 -0.62986
11.875 79.125 -0.23648
11.875 79.375 -0.35998
11.875 79.625 -0.01237
12.125 75.375 -2.1984
12.125 75.625 -1.9808
12.125 75.875 0.037384
12.125 76.125 -0.5517
12.125 76.375 -0.13569
12.125 76.625 -0.22854
12.125 76.875 -1.1501
12.125 77.125 -0.49719
12.125 77.375 -1.5775
12.125 77.625 -0.58693
12.125 77.875 -1.4063
12.125 78.125 -0.57332
12.125 78.375 -0.10635
12.125 78.625 -0.46228
12.125 78.875 -0.68351
12.125 79.125 0.0058643
12.125 79.375 -0.30178
12.125 79.625 -0.067526
12.375 75.125 -2.3854
12.375 75.375 -2.3597
12.375 75.625 -0.33178
12.375 75.875 0.79472
12.375 76.125 0.35063
12.375 76.375 0.62323
12.375 76.625 0.23809
12.375 76.875 -1.1762
12.375 77.125 -1.1234
12.375 77.375 -1.0809
12.375 77.625 -0.97134
12.375 77.875 -1.3462
12.375 78.125 -0.45093
12.375 78.375 -0.42238
12.375 78.625 0.040236
12.375 78.875 0.041376
12.375 79.125 -0.18831
12.375 79.375 0.13613
12.375 79.625 -0.4312
12.375 79.875 -0.30109
12.625 75.125 -2.0408
12.625 75.375 -2.1882
12.625 75.625 -1.9834
12.625 75.875 -0.63348
12.625 76.125 -0.27293
12.625 76.375 0.83909
12.625 76.625 0.76693
12.625 76.875 -0.12446
12.625 77.125 -1.1177
12.625 77.375 -1.2315
12.625 77.625 -0.32551
12.625 77.875 -0.57937
12.625 78.125 -0.99654
12.625 78.375 0.25655
12.625 78.625 0.17081
12.625 78.875 0.69292
12.625 79.125 0.2351
12.625 79.375 0.11622
12.625 79.625 -0.3943
12.625 79.875 -0.60833
12.875 75.125 -1.3323
12.875 75.375 -0.34531
12.875 75.625 -1.8946
12.875 75.875 -0.26615
12.875 76.125 -0.17063
12.875 76.375 0.42322
12.875 76.625 0.15164
12.875 76.875 -0.6348
12.875 77.125 -0.42711
12.875 77.375 -0.41668
12.875 77.625 -1.6237
12.875 77.875 -1.6875
12.875 78.125 -0.61101
12.875 78.375 -0.40397
12.875 78.625 0.13915
12.875 78.875 -0.41774
12.875 79.125 0.25191
12.875 79.375 0.48597
12.875 79.625 0.34321
12.875 79.875 0.84487
NaN NaN NaN
13.125 75.125 -0.58074
13.125 75.375 -1.1354
13.125 75.625 -0.65611
13.125 75.875 -0.088802
13.125 76.125 0.43968
13.125 76.375 1.2859
13.125 76.625 0.80936
13.125 76.875 -0.36079
13.125 77.125 -0.45026
13.125 77.375 -0.85449
13.125 77.625 -0.67714
13.125 77.875 -1.498
13.125 78.125 -0.90021
13.125 78.375 -0.74869
13.125 78.625 -0.80019
13.125 78.875 -0.42853
13.125 79.125 0.25467
13.125 79.375 0.12178
13.125 79.625 0.75327
13.125 79.875 0.47026
13.125 80.125 0.29246
NaN NaN NaN
13.375 75.125 -0.63977
13.375 75.375 -0.61049
13.375 75.625 -0.57144
13.375 75.875 0.00099019
13.375 76.125 0.69786
13.375 76.375 0.36413
13.375 76.625 0.28012
13.375 76.875 -0.59986
13.375 77.125 -0.087344
13.375 77.375 -1.1132
13.375 77.625 -0.42931
13.375 77.875 -0.66592
13.375 78.125 -1.7952
13.375 78.375 -0.76734
13.375 78.625 -0.89843
13.375 78.875 -1.0497
13.375 79.125 -0.54447
13.375 79.375 -0.43218
13.375 79.625 0.025882
13.375 79.875 0.15387
13.375 80.125 -0.1238
13.625 74.875 -2.0154
13.625 75.125 -0.093954
13.625 75.375 -0.075419
13.625 75.625 -0.33331
13.625 75.875 -0.48674
13.625 76.125 -0.20704
13.625 76.375 -0.6473
13.625 76.625 -1.3329
13.625 76.875 -1.5722
13.625 77.125 -0.47523
13.625 77.375 -1.8589
13.625 77.625 -1.1534
13.625 77.875 -1.547
13.625 78.125 -1.1981
13.625 78.375 -0.6111
13.625 78.625 -0.50234
13.625 78.875 0.42596
13.625 79.125 0.42061
13.625 79.375 -0.82527
13.625 79.625 -0.71105
13.625 79.875 0.022748
13.625 80.125 0.3057
13.875 74.875 -0.34512
13.875 75.125 0.77203
13.875 75.375 0.17248
13.875 75.625 -0.56242
13.875 75.875 -0.17494
13.875 76.125 -0.6866
13.875 76.375 -0.72806
13.875 76.625 0.079418
13.875 76.875 -1.7516
13.875 77.125 -1.8061
13.875 77.375 -1.6413
13.875 77.625 -1.763
13.875 77.875 -2.2123
13.875 78.125 -1.9594
13.875 78.375 -0.44472
13.875 78.625 -0.00053463
13.875 78.875 0.35997
13.875 79.125 0.47638
13.875 79.375 -0.64624
13.875 79.625 -0.88827
13.875 79.875 0.043455
14.125 74.625 -1.0523
14.125 74.875 -0.52252
14.125 75.125 0.30842
14.125 75.375 -0.95505
14.125 75.625 -0.83063
14.125 75.875 -0.38198
14.125 76.125 -0.51763
14.125 76.375 -0.42981
14.125 76.625 -1.4711
14.125 76.875 -1.2975
14.125 77.125 -0.83366
14.125 77.375 -1.0646
14.125 77.625 -1.0995
14.125 77.875 -1.4251
14.125 78.125 -1.2118
14.125 78.375 -0.97774
14.125 78.625 -1.1729
14.125 78.875 -1.037
14.125 79.125 1.4733
14.125 79.375 0.67464
14.125 79.625 -0.032961
14.125 79.875 0.38056
14.375 74.625 -1.8119
14.375 74.875 -0.68953
14.375 75.125 -0.82994
14.375 75.375 -1.3907
14.375 75.625 -0.29886
14.375 75.875 -0.2283
14.375 76.125 0.51269
14.375 76.375 0.078601
14.375 76.625 -0.57354
14.375 76.875 -2.0192
14.375 77.125 -1.0198
14.375 77.375 -0.97528
14.375 77.625 -0.87193
14.375 77.875 -0.71707
14.375 78.125 -1.1855
14.375 78.375 -1.5631
14.375 78.625 -1.3021
14.375 78.875 -1.1517
14.375 79.125 1.0044
14.375 79.375 1.2276
14.375 79.625 0.70873
14.375 79.875 0.67832
NaN NaN NaN
14.625 74.625 -1.9524
14.625 74.875 -1.9436
14.625 75.125 -0.90469
14.625 75.375 -0.93354
14.625 75.625 -1.8325
14.625 75.875 -0.37493
14.625 76.125 -0.52396
14.625 76.375 -0.94736
14.625 76.625 -1.1391
14.625 76.875 -0.4444
14.625 77.125 -0.30489
14.625 77.375 -0.86953
14.625 77.625 -0.95412
14.625 77.875 -1.7417
14.625 78.125 -1.1284
14.625 78.375 -1.0198
14.625 78.625 -1.5637
14.625 78.875 -0.82572
14.625 79.125 0.84683
14.625 79.375 0.44528
14.625 79.625 0.52685
14.625 79.875 0.59331
14.875 74.375 -2.1895
14.875 74.625 -1.7669
14.875 74.875 -1.6843
14.875 75.125 -0.070371
14.875 75.375 -1.1854
14.875 75.625 -1.167
14.875 75.875 -1.72
14.875 76.125 -1.3681
14.875 76.375 -1.782
14.875 76.625 -1.3507
14.875 76.875 0.50496
14.875 77.125 -1.2353
14.875 77.375 -1.606
14.875 77.625 -1.7336
14.875 77.875 -2.1404
14.875 78.125 -1.4967
14.875 78.375 -0.57954
14.875 78.625 -1.2919
14.875 78.875 -1.1027
14.875 79.125 -0.29673
14.875 79.375 -0.99568
14.875 79.625 -0.59111
14.875 79.875 -0.3699
15.125 74.125 -1.632
15.125 74.375 -2.3547
15.125 74.625 -0.15195
15.125 74.875 -0.57545
15.125 75.125 -0.55001
15.125 75.375 -0.12287
15.125 75.625 -0.37626
15.125 75.875 -1.5485
15.125 76.125 -1.8173
15.125 76.375 -0.59776
15.125 76.625 -1.7897
15.125 76.875 -1.6796
15.125 77.125 -1.9036
15.125 77.375 -1.7334
15.125 77.625 -1.6303
15.125 77.875 -1.558
15.125 78.125 -1.9807
15.125 78.375 -0.40624
15.125 78.625 -0.26405
15.125 78.875 0.31048
15.125 79.125 -0.57104
15.125 79.375 -1.1932
15.125 79.625 -1.2724
15.125 79.875 -0.99817
15.375 73.875 -1.9265
15.375 74.125 -1.733
15.375 74.375 -1.0088
15.375 74.625 -2.0986
15.375 74.875 0.16777
15.375 75.125 -0.80965
15.375 75.375 0.62798
15.375 75.625 -0.056282
15.375 75.875 -1.1113
15.375 76.125 -0.75429
15.375 76.375 -0.13297
15.375 76.625 -1.4893
15.375 76.875 -1.6381
15.375 77.125 -2.0551
15.375 77.375 -2.1331
15.375 77.625 -2.1255
15.375 77.875 -2.0869
15.375 78.125 -1.9825
15.375 78.375 -1.1526
15.375 78.625 -0.036257
15.375 78.875 -1.6254
15.375 79.125 -1.7717
15.375 79.375 -1.6095
15.375 79.625 -1.6308
15.375 79.875 -1.2449
15.625 73.875 -1.6321
15.625 74.125 -2.1025
15.625 74.375 -2.3222
15.625 74.625 -0.139
15.625 74.875 -1.8942
15.625 75.125 -0.74147
15.625 75.375 -0.54416
15.625 75.625 -0.45336
15.625 75.875 -1.2461
15.625 76.125 -1.7648
15.625 76.375 -0.65874
15.625 76.625 -0.80863
15.625 76.875 -0.54131
15.625 77.125 -1.8209
15.625 77.375 -2.1439
15.625 77.625 -1.8123
15.625 77.875 -2.0041
15.625 78.125 -1.2263
15.625 78.375 -1.2888
15.625 78.625 -0.23904
15.625 78.875 0.15288
15.625 79.125 -1.7778
15.625 79.375 -1.8477
15.625 79.625 -1.3714
15.625 79.875 -1.245
15.625 80.125 -0.47175
15.875 73.875 -2.0073
15.875 74.125 -2.0642
15.875 74.375 -2.0153
15.875 74.625 -1.429
15.875 74.875 -2.0313
15.875 75.125 -1.4547
15.875 75.375 -0.98502
15.875 75.625 -1.4342
15.875 75.875 -1.8212
15.875 76.125 -2.1903
15.875 76.375 -1.3891
15.875 76.625 -1.1584
15.875 76.875 -0.60145
15.875 77.125 -1.8737
15.875 77.375 -1.6255
15.875 77.625 -2.0747
15.875 77.875 -1.2789
15.875 78.125 -1.6106
15.875 78.375 -1.4756
15.875 78.625 -1.6283
15.875 78.875 -0.38081
15.875 79.125 -1.6473
15.875 79.375 -1.0211
15.875 79.625 -1.4987
15.875 79.875 -1.4771
15.875 80.125 -1.3191
15.875 80.375 -1.1249
NaN NaN NaN
15.875 80.875 -1.2058
16.125 73.625 -2.2779
16.125 73.875 -2.3903
16.125 74.125 -2.1644
16.125 74.375 -2.1411
16.125 74.625 -1.3537
16.125 74.875 -0.0050004
16.125 75.125 -2.2563
16.125 75.375 -2.1
16.125 75.625 -0.95646
16.125 75.875 -0.95409
16.125 76.125 -1.1869
16.125 76.375 -1.1363
16.125 76.625 -1.0319
16.125 76.875 -1.6262
16.125 77.125 -1.1311
16.125 77.375 -0.71225
16.125 77.625 -0.83132
16.125 77.875 -0.47892
16.125 78.125 -0.54342
16.125 78.375 0.27252
16.125 78.625 -1.2177
16.125 78.875 -1.6106
16.125 79.125 -0.91018
16.125 79.375 -1.2015
16.125 79.625 -1.4761
16.125 79.875 -1.2979
16.125 80.125 -0.80507
16.125 80.375 -1.0327
16.125 80.625 -1.2604
16.125 80.875 -0.97122
16.375 73.625 -1.3535
16.375 73.875 -2.3914
16.375 74.125 -2.3642
16.375 74.375 -2.2475
16.375 74.625 -2.0227
16.375 74.875 -0.46096
16.375 75.125 -0.64804
16.375 75.375 -0.68148
16.375 75.625 -1.656
16.375 75.875 -1.8518
16.375 76.125 -1.049
16.375 76.375 -0.94242
16.375 76.625 -0.99883
16.375 76.875 -1.467
16.375 77.125 -0.50646
16.375 77.375 -0.66346
16.375 77.625 -1.1868
16.375 77.875 -0.94131
16.375 78.125 -0.2776
16.375 78.375 0.19194
16.375 78.625 -1.9775
16.375 78.875 -1.7742
16.375 79.125 -0.72368
16.375 79.375 -0.73248
16.375 79.625 -1.3031
16.375 79.875 -0.90737
16.375 80.125 -1.2614
16.375 80.375 -1.4938
16.375 80.625 -1.5099
16.375 80.875 -1.2778
16.375 81.125 -1.213
NaN NaN NaN
NaN NaN NaN
16.625 73.625 -2.3504
16.625 73.875 -2.4019
16.625 74.125 -2.3437
16.625 74.375 -2.2646
16.625 74.625 -1.7126
16.625 74.875 -1.6436
16.625 75.125 -0.4495
16.625 75.375 -1.891
16.625 75.625 -1.5435
16.625 75.875 -1.9635
16.625 76.125 -1.7767
16.625 76.375 -2.2824
16.625 76.625 -2.1904
16.625 76.875 -1.5039
16.625 77.125 -0.4968
16.625 77.375 -0.64599
16.625 77.625 -1.7074
16.625 77.875 -0.17064
16.625 78.125 -0.76245
16.625 78.375 -1.3186
16.625 78.625 -1.8065
16.625 78.875 -1.079
16.625 79.125 -1.7103
16.625 79.375 -0.054726
16.625 79.625 0.17401
16.625 79.875 -0.53005
16.625 80.125 -0.94768
16.625 80.375 -0.95433
16.625 80.625 -1.0837
16.625 80.875 -1.6689
16.625 81.125 -1.7022
16.625 81.375 -1.5312
16.625 81.625 -0.95442
16.625 81.875 -1.4412
16.625 82.125 -0.95172
16.875 73.375 -2.1014
16.875 73.625 -2.389
16.875 73.875 -2.3765
16.875 74.125 -2.4117
16.875 74.375 -1.0988
16.875 74.625 -1.7794
16.875 74.875 -1.7989
16.875 75.125 -1.3792
16.875 75.375 -1.4933
16.875 75.625 -1.2344
16.875 75.875 -1.3518
16.875 76.125 -1.6067
16.875 76.375 -2.0939
16.875 76.625 -1.9829
16.875 76.875 -1.9497
16.875 77.125 -1.4965
16.875 77.375 -0.9426
16.875 77.625 -1.218
16.875 77.875 -0.12814
16.875 78.125 -0.505
16.875 78.375 -0.78414
16.875 78.625 -0.44158
16.875 78.875 -1.9973
16.875 79.125 -1.6222
16.875 79.375 -0.2865
16.875 79.625 -1.0592
16.875 79.875 -0.32841
16.875 80.125 -0.74167
16.875 80.375 -0.90186
16.875 80.625 -1.2202
16.875 80.875 -1.5715
16.875 81.125 -1.4722
16.875 81.375 -1.509
16.875 81.625 -1.7569
16.875 81.875 -1.07
16.875 82.125 -0.96657
17.125 73.375 -2.3864
17.125 73.625 -2.401
17.125 73.875 -2.3551
17.125 74.125 -2.3463
17.125 74.375 -1.9716
17.125 74.625 -2.0777
17.125 74.875 -1.8292
17.125 75.125 -2.1123
17.125 75.375 -1.6182
17.125 75.625 -0.88785
17.125 75.875 -2.0397
17.125 76.125 -2.1529
17.125 76.375 -1.4792
17.125 76.625 -1.4645
17.125 76.875 -0.91896
17.125 77.125 -1.5051
17.125 77.375 -0.98027
17.125 77.625 -1.0401
17.125 77.875 0.083445
17.125 78.125 -1.773
17.125 78.375 -1.7968
17.125 78.625 -0.72368
17.125 78.875 -0.50351
17.125 79.125 -0.082159
17.125 79.375 -0.34959
17.125 79.625 -0.25175
17.125 79.875 -0.41868
17.125 80.125 -0.53398
17.125 80.375 -1.0797
17.125 80.625 -1.1958
17.125 80.875 -1.6041
17.125 81.125 -1.5472
17.125 81.375 -1.2913
17.125 81.625 -0.99769
17.125 81.875 -1.2381
17.125 82.125 -0.78896
17.125 82.375 -1.1519
17.375 73.375 -2.3977
17.375 73.625 -2.3977
17.375 73.875 -2.3829
17.375 74.125 -2.359
17.375 74.375 -1.4499
17.375 74.625 -2.0016
17.375 74.875 -1.8338
17.375 75.125 -2.2645
17.375 75.375 -2.3044
17.375 75.625 -1.6553
17.375 75.875 -2.0909
17.375 76.125 -1.8949
17.375 76.375 -1.8106
17.375 76.625 -1.6411
17.375 76.875 -0.32818
17.375 77.125 -0.41534
17.375 77.375 -0.87803
17.375 77.625 -0.35735
17.375 77.875 -0.3597
17.375 78.125 -0.33472
17.375 78.375 -0.55187
17.375 78.625 -1.1267
17.375 78.875 0.46968
17.375 79.125 0.4752
17.375 79.375 0.60769
17.375 79.625 -0.65008
17.375 79.875 -0.0009637
17.375 80.125 -0.14778
17.375 80.375 -0.85019
17.375 80.625 -1.1881
17.375 80.875 -1.7909
17.375 81.125 -1.4389
17.375 81.375 -1.5721
17.375 81.625 -1.0982
17.375 81.875 -1.3011
17.375 82.125 -0.99367
17.375 82.375 -0.89781
NaN NaN NaN
17.625 73.375 -2.325
17.625 73.625 -2.4098
17.625 73.875 -2.3511
17.625 74.125 -2.2996
17.625 74.375 -1.3025
17.625 74.625 -2.3706
17.625 74.875 -1.8482
17.625 75.125 -2.0622
17.625 75.375 -1.956
17.625 75.625 -1.667
17.625 75.875 -1.7539
17.625 76.125 -2.0423
17.625 76.375 -1.8831
17.625 76.625 -1.4509
17.625 76.875 -0.68967
17.625 77.125 -0.62348
17.625 77.375 -0.24561
17.625 77.625 -0.77679
17.625 77.875 -0.72024
17.625 78.125 -0.16324
17.625 78.375 -0.24013
17.625 78.625 -0.29045
17.625 78.875 -0.38001
17.625 79.125 -0.41069
17.625 79.375 -0.59692
17.625 79.625 -0.67309
17.625 79.875 -0.16909
17.625 80.125 -0.4315
17.625 80.375 -2.1111
17.625 80.625 -1.4575
17.625 80.875 -1.2389
17.625 81.125 -0.59007
17.625 81.375 -0.60121
17.625 81.625 -1.9764
17.625 81.875 -1.7231
17.625 82.125 -1.276
17.625 82.375 -1.6015
17.625 82.625 -1.0153
17.625 82.875 -1.5571
17.625 83.125 -1.3467
17.875 73.375 -0.67952
17.875 73.625 -2.3951
17.875 73.875 -2.2236
17.875 74.125 -2.0046
17.875 74.375 -1.1251
17.875 74.625 -1.7347
17.875 74.875 -1.231
17.875 75.125 -2.2236
17.875 75.375 -2.0945
17.875 75.625 -1.7056
17.875 75.875 -1.662
17.875 76.125 -1.739
17.875 76.375 -1.6472
17.875 76.625 -1.2518
17.875 76.875 -0.9702
17.875 77.125 0.0070612
17.875 77.375 -0.37633
17.875 77.625 -0.19321
17.875 77.875 -0.020521
17.875 78.125 0.76652
17.875 78.375 0.90423
17.875 78.625 0.54157
17.875 78.875 -0.38096
17.875 79.125 -0.72021
17.875 79.375 -0.79974
17.875 79.625 -1.0115
17.875 79.875 -0.62397
17.875 80.125 -1.2653
17.875 80.375 -1.9901
17.875 80.625 -1.5072
17.875 80.875 -1.1636
17.875 81.125 -1.3896
17.875 81.375 -1.2617
17.875 81.625 -1.0469
17.875 81.875 -1.926
17.875 82.125 -2.02
17.875 82.375 -1.6415
17.875 82.625 -1.3809
17.875 82.875 -0.64202
17.875 83.125 -1.1097
17.875 83.375 -0.86547
NaN NaN NaN
18.125 73.375 -2.3979
18.125 73.625 -2.3699
18.125 73.875 0.41018
18.125 74.125 -1.6847
18.125 74.375 -0.77059
18.125 74.625 -1.365
18.125 74.875 -1.71
18.125 75.125 -1.9992
18.125 75.375 -1.8355
18.125 75.625 -1.9265
18.125 75.875 -2.1474
18.125 76.125 -1.2815
18.125 76.375 -1.4034
18.125 76.625 -1.6778
18.125 76.875 -0.89778
18.125 77.125 0.84467
18.125 77.375 -0.1192
18.125 77.625 0.45845
18.125 77.875 0.14593
18.125 78.125 0.64737
18.125 78.375 0.23003
18.125 78.625 0.047313
18.125 78.875 -0.13472
18.125 79.125 -0.38439
18.125 79.375 -0.97551
18.125 79.625 -0.20909
18.125 79.875 -0.70686
18.125 80.125 -1.3356
18.125 80.375 -2.0529
18.125 80.625 -1.3453
18.125 80.875 -1.1231
18.125 81.125 -2.0792
18.125 81.375 -1.4856
18.125 81.625 -1.4519
18.125 81.875 -0.78661
18.125 82.125 -1.8958
18.125 82.375 -1.5796
18.125 82.625 -1.868
18.125 82.875 -1.4821
18.125 83.125 -0.84387
18.125 83.375 -0.67595
18.125 83.625 -1.0536
18.375 73.125 -2.0005
18.375 73.375 -2.3489
18.375 73.625 -2.1189
18.375 73.875 0.05359
18.375 74.125 -1.9765
18.375 74.375 -1.3935
18.375 74.625 -2.3742
18.375 74.875 -2.3947
18.375 75.125 -1.5386
18.375 75.375 -0.46563
18.375 75.625 -1.3639
18.375 75.875 -1.8679
18.375 76.125 -1.3594
18.375 76.375 -1.5372
18.375 76.625 -1.3377
18.375 76.875 -0.84647
18.375 77.125 -1.3087
18.375 77.375 -0.74768
18.375 77.625 -0.18429
18.375 77.875 0.056862
18.375 78.125 0.30941
18.375 78.375 0.38023
18.375 78.625 0.22658
18.375 78.875 -1.0971
18.375 79.125 -1.0865
18.375 79.375 0.23268
18.375 79.625 0.14132
18.375 79.875 -0.92363
18.375 80.125 -0.38228
18.375 80.375 -0.52931
18.375 80.625 -0.78254
18.375 80.875 -1.1804
18.375 81.125 -1.8688
18.375 81.375 -2.1724
18.375 81.625 -2.1443
18.375 81.875 -1.9577
18.375 82.125 -1.5757
18.375 82.375 -1.8702
18.375 82.625 -1.0625
18.375 82.875 -2.208
18.375 83.125 -0.83073
18.375 83.375 -0.72363
18.375 83.625 -0.8496
18.375 83.875 -0.72729
18.625 73.125 -2.0682
18.625 73.375 -0.3786
18.625 73.625 -1.6587
18.625 73.875 0.20076
18.625 74.125 -2.2471
18.625 74.375 -2.0378
18.625 74.625 -2.2213
18.625 74.875 -1.6998
18.625 75.125 -1.8405
18.625 75.375 -1.3748
18.625 75.625 -1.4749
18.625 75.875 -1.3033
18.625 76.125 -1.6884
18.625 76.375 -1.7668
18.625 76.625 -0.82277
18.625 76.875 -0.62064
18.625 77.125 -1.164
18.625 77.375 -0.85947
18.625 77.625 -0.096135
18.625 77.875 0.17759
18.625 78.125 -0.18181
18.625 78.375 0.29617
18.625 78.625 -1.3992
18.625 78.875 -0.10012
18.625 79.125 -0.11767
18.625 79.375 -1.1653
18.625 79.625 -0.94751
18.625 79.875 -1.0125
18.625 80.125 -1.6367
18.625 80.375 -1.7869
18.625 80.625 -0.87172
18.625 80.875 -0.75628
18.625 81.125 -1.1506
18.625 81.375 -1.7906
18.625 81.625 -2.1439
18.625 81.875 -2.2258
18.625 82.125 -1.8315
18.625 82.375 -1.0694
18.625 82.625 -1.7856
18.625 82.875 -2.0095
18.625 83.125 -1.1597
18.625 83.375 -1.4635
18.625 83.625 -0.55694
18.625 83.875 -1.0037
18.625 84.125 -1.1763
18.875 73.125 0.74208
18.875 73.375 -2.4091
18.875 73.625 -1.3692
18.875 73.875 1.0677
18.875 74.125 -2.2774
18.875 74.375 -1.6546
18.875 74.625 -1.7291
18.875 74.875 -1.757
18.875 75.125 -2.2374
18.875 75.375 -1.8141
18.875 75.625 -1.823
18.875 75.875 -1.7615
18.875 76.125 -1.336
18.875 76.375 -1.5098
18.875 76.625 -1.4863
18.875 76.875 -0.91105
18.875 77.125 -0.35
18.875 77.375 -1.3521
18.875 77.625 -0.21869
18.875 77.875 0.14523
18.875 78.125 -0.15143
18.875 78.375 -1.8455
18.875 78.625 -0.20023
18.875 78.875 -0.30838
18.875 79.125 -0.43893
18.875 79.375 -1.4399
18.875 79.625 -0.77706
18.875 79.875 -1.5404
18.875 80.125 -2.2873
18.875 80.375 -2.326
18.875 80.625 -2.231
18.875 80.875 -0.54109
18.875 81.125 -0.96049
18.875 81.375 -1.5659
18.875 81.625 -2.2353
18.875 81.875 -1.3124
18.875 82.125 -0.90337
18.875 82.375 -0.31547
18.875 82.625 -2.3031
18.875 82.875 -1.9893
18.875 83.125 -1.342
18.875 83.375 -0.7129
18.875 83.625 -0.32544
18.875 83.875 -0.10284
18.875 84.125 -1.0171
18.875 84.375 -0.98405
19.125 73.125 -2.3769
19.125 73.375 -2.075
19.125 73.625 -2.35
19.125 73.875 -1.4957
19.125 74.125 -1.9994
19.125 74.375 -1.786
19.125 74.625 -1.6782
19.125 74.875 -2.0543
19.125 75.125 -2.0244
19.125 75.375 -1.5547
19.125 75.625 -1.8128
19.125 75.875 -1.1349
19.125 76.125 -1.375
19.125 76.375 -1.2657
19.125 76.625 -1.1538
19.125 76.875 -1.3777
19.125 77.125 -0.83859
19.125 77.375 -0.41293
19.125 77.625 -0.72764
19.125 77.875 -0.93486
19.125 78.125 -1.2399
19.125 78.375 -1.4939
19.125 78.625 -0.84392
19.125 78.875 -1.7298
19.125 79.125 -0.66941
19.125 79.375 -0.51856
19.125 79.625 -0.36346
19.125 79.875 -0.80104
19.125 80.125 -2.2241
19.125 80.375 -2.2702
19.125 80.625 -0.27927
19.125 80.875 -1.0956
19.125 81.125 -0.26679
19.125 81.375 -0.99343
19.125 81.625 -1.1747
19.125 81.875 -1.6858
19.125 82.125 -0.51219
19.125 82.375 -0.84128
19.125 82.625 -1.7978
19.125 82.875 -1.1716
19.125 83.125 -1.1914
19.125 83.375 -0.93296
19.125 83.625 -0.72799
19.125 83.875 -0.50582
19.125 84.125 -0.36218
19.125 84.375 -1.179
19.125 84.625 -0.52146
19.375 72.875 -2.0799
19.375 73.125 -2.3881
19.375 73.375 -2.3024
19.375 73.625 -2.3055
19.375 73.875 -1.9065
19.375 74.125 -0.95211
19.375 74.375 -1.6221
19.375 74.625 -1.3469
19.375 74.875 -1.8843
19.375 75.125 -1.8663
19.375 75.375 -1.0759
19.375 75.625 -2.1462
19.375 75.875 -2.0659
19.375 76.125 -1.8748
19.375 76.375 -1.9177
19.375 76.625 -1.9736
19.375 76.875 -1.8818
19.375 77.125 -1.0314
19.375 77.375 -1.8848
19.375 77.625 -1.7678
19.375 77.875 -0.54232
19.375 78.125 -0.96525
19.375 78.375 -1.156
19.375 78.625 -0.88616
19.375 78.875 -0.36247
19.375 79.125 -0.81634
19.375 79.375 -0.49911
19.375 79.625 -0.84039
19.375 79.875 -2.1571
19.375 80.125 -1.2538
19.375 80.375 -0.83254
19.375 80.625 -1.5557
19.375 80.875 -0.47261
19.375 81.125 -1.1434
19.375 81.375 -1.0766
19.375 81.625 -1.0833
19.375 81.875 -2.2044
19.375 82.125 -1.6705
19.375 82.375 -1.3766
19.375 82.625 -1.1333
19.375 82.875 -1.637
19.375 83.125 -0.99917
19.375 83.375 -1.159
19.375 83.625 -0.99229
19.375 83.875 -1.9571
19.375 84.125 -0.73101
19.375 84.375 -0.0070752
19.375 84.625 0.27533
19.375 84.875 0.35253
19.625 72.875 -2.2774
19.625 73.125 -2.3364
19.625 73.375 -2.3972
19.625 73.625 -2.4008
19.625 73.875 -2.2129
19.625 74.125 -2.0936
19.625 74.375 -0.44235
19.625 74.625 -1.6174
19.625 74.875 -1.8818
19.625 75.125 -1.2849
19.625 75.375 -1.2403
19.625 75.625 -1.9607
19.625 75.875 -1.5397
19.625 76.125 -1.6882
19.625 76.375 -1.7289
19.625 76.625 -2.1199
19.625 76.875 -2.2731
19.625 77.125 -1.936
19.625 77.375 -0.93744
19.625 77.625 -0.78962
19.625 77.875 -1.2375
19.625 78.125 -1.3819
19.625 78.375 -0.9865
19.625 78.625 -0.33717
19.625 78.875 -0.27296
19.625 79.125 -1.5072
19.625 79.375 -1.6023
19.625 79.625 -1.3934
19.625 79.875 -1.291
19.625 80.125 -1.1748
19.625 80.375 -1.2684
19.625 80.625 -0.96607
19.625 80.875 -0.84207
19.625 81.125 -1.0763
19.625 81.375 -1.4124
19.625 81.625 -1.2556
19.625 81.875 -2.2758
19.625 82.125 -1.5906
19.625 82.375 -0.92862
19.625 82.625 -0.31678
19.625 82.875 -0.86305
19.625 83.125 -0.68668
19.625 83.375 -0.55786
19.625 83.625 0.68152
19.625 83.875 0.77102
19.625 84.125 -0.57177
19.625 84.375 0.3821
19.625 84.625 -0.18274
19.625 84.875 -0.30742
19.625 85.125 -1.2704
19.625 85.375 -0.34679
19.875 72.875 -2.1805
19.875 73.125 -2.3577
19.875 73.375 -2.3544
19.875 73.625 -2.4109
19.875 73.875 -2.3697
19.875 74.125 -0.99268
19.875 74.375 0.51397
19.875 74.625 -0.0173
19.875 74.875 0.64962
19.875 75.125 -1.1149
19.875 75.375 -1.5299
19.875 75.625 -1.0421
19.875 75.875 -0.080144
19.875 76.125 -0.53195
19.875 76.375 -0.36018
19.875 76.625 -1.3488
19.875 76.875 -1.1788
19.875 77.125 -1.0968
19.875 77.375 -1.028
19.875 77.625 -1.4131
19.875 77.875 -1.0304
19.875 78.125 -1.0777
19.875 78.375 -0.89547
19.875 78.625 -1.2649
19.875 78.875 -0.16873
19.875 79.125 -0.56192
19.875 79.375 -1.7724
19.875 79.625 -1.4171
19.875 79.875 -1.2827
19.875 80.125 -1.2177
19.875 80.375 -1.5205
19.875 80.625 -1.4142
19.875 80.875 -1.3432
19.875 81.125 -1.1272
19.875 81.375 -1.5258
19.875 81.625 -2.2967
19.875 81.875 -1.6523
19.875 82.125 -0.6948
19.875 82.375 -0.36088
19.875 82.625 -0.16114
19.875 82.875 -0.63884
19.875 83.125 0.069065
19.875 83.375 -0.0026026
19.875 83.625 0.30863
19.875 83.875 -1.1031
19.875 84.125 -0.88214
19.875 84.375 0.11244
19.875 84.625 -0.32649
19.875 84.875 -1.5863
19.875 85.125 -0.93599
19.875 85.375 -0.58977
NaN NaN NaN
NaN NaN NaN
NaN NaN NaN
20.125 72.875 -2.2552
20.125 73.125 -2.3234
20.125 73.375 -2.3698
20.125 73.625 -2.386
20.125 73.875 -2.1913
20.125 74.125 0.29668
20.125 74.375 0.48786
20.125 74.625 0.098632
20.125 74.875 0.41218
20.125 75.125 -1.0272
20.125 75.375 -1.0293
20.125 75.625 -1.0124
20.125 75.875 -1.0512
20.125 76.125 -1.1309
20.125 76.375 -1.1342
20.125 76.625 -1.1692
20.125 76.875 -1.3479
20.125 77.125 -1.6396
20.125 77.375 -1.429
20.125 77.625 -1.5617
20.125 77.875 -1.606
20.125 78.125 -1.6412
20.125 78.375 -1.7216
20.125 78.625 -1.0384
20.125 78.875 -0.77119
20.125 79.125 -1.2563
20.125 79.375 -1.4635
20.125 79.625 -0.94902
20.125 79.875 -1.2184
20.125 80.125 -1.7713
20.125 80.375 -1.4277
20.125 80.625 -1.4941
20.125 80.875 -1.1031
20.125 81.125 -1.3509
20.125 81.375 -0.46698
20.125 81.625 0.19392
20.125 81.875 0.49014
20.125 82.125 0.50623
20.125 82.375 -0.64156
20.125 82.625 0.2139
20.125 82.875 -2.2209
20.125 83.125 -1.7131
20.125 83.375 -2.0652
20.125 83.625 -0.63731
20.125 83.875 -0.5708
20.125 84.125 -0.90938
20.125 84.375 -1.1391
20.125 84.625 -0.48384
20.125 84.875 -0.8952
20.125 85.125 -1.3135
20.125 85.375 -2.1225
20.125 85.625 -1.0571
20.125 85.875 -0.65721
20.125 86.125 -1.3908
NaN NaN NaN
20.375 73.125 0.38203
20.375 73.375 -2.3877
20.375 73.625 -2.3721
20.375 73.875 -1.9098
20.375 74.125 -1.2759
20.375 74.375 -0.3162
20.375 74.625 -1.1741
20.375 74.875 -1.228
20.375 75.125 -0.25596
20.375 75.375 1.8229
20.375 75.625 0.097578
20.375 75.875 -0.46484
20.375 76.125 -0.64991
20.375 76.375 -0.84163
20.375 76.625 -1.3503
20.375 76.875 -1.2272
20.375 77.125 -1.5669
20.375 77.375 -1.5034
20.375 77.625 -0.43591
20.375 77.875 -1.9946
20.375 78.125 -2.0716
20.375 78.375 -1.6741
20.375 78.625 -1.5724
20.375 78.875 -1.4958
20.375 79.125 -1.0968
20.375 79.375 -1.2966
20.375 79.625 -1.4447
20.375 79.875 -1.3736
20.375 80.125 -0.79937
20.375 80.375 -1.3805
20.375 80.625 -0.98461
20.375 80.875 -0.31499
20.375 81.125 -0.25476
20.375 81.375 -0.071539
20.375 81.625 0.43081
20.375 81.875 0.94213
20.375 82.125 0.46094
20.375 82.375 0.71466
20.375 82.625 1.0457
20.375 82.875 -0.74288
20.375 83.125 -2.3037
20.375 83.375 -2.3125
20.375 83.625 -0.91815
20.375 83.875 -1.1549
20.375 84.125 -0.42014
20.375 84.375 -1.3057
20.375 84.625 -0.92341
20.375 84.875 -0.53968
20.375 85.125 -0.58496
20.375 85.375 -1.3218
20.375 85.625 -0.42134
20.375 85.875 -0.74156
20.375 86.125 -0.57331
20.375 86.375 -0.24803
NaN NaN NaN
20.625 73.125 -0.99738
20.625 73.375 -0.2041
20.625 73.625 -0.050492
20.625 73.875 -1.1233
20.625 74.125 0.77487
20.625 74.375 -0.28566
20.625 74.625 0.36937
20.625 74.875 0.41914
20.625 75.125 -2.2147
20.625 75.375 -2.2526
20.625 75.625 -1.6996
20.625 75.875 -1.2432
20.625 76.125 -0.42824
20.625 76.375 -0.61751
20.625 76.625 -1.4027
20.625 76.875 -1.4627
20.625 77.125 -2.1938
20.625 77.375 -1.1947
20.625 77.625 -0.81674
20.625 77.875 -1.4947
20.625 78.125 -0.40804
20.625 78.375 -0.94293
20.625 78.625 -1.5169
20.625 78.875 -1.6292
20.625 79.125 -1.4048
20.625 79.375 -1.0908
20.625 79.625 -0.83251
20.625 79.875 -0.9162
20.625 80.125 -1.2417
20.625 80.375 -2.253
20.625 80.625 -1.0022
20.625 80.875 -2.3024
20.625 81.125 -0.89758
20.625 81.375 -0.12308
20.625 81.625 -0.11527
20.625 81.875 0.57548
20.625 82.125 -0.92144
20.625 82.375 0.93602
20.625 82.625 0.53448
20.625 82.875 -0.97816
20.625 83.125 -1.6023
20.625 83.375 -2.1593
20.625 83.625 -0.55058
20.625 83.875 -0.84459
20.625 84.125 -1.0075
20.625 84.375 -0.89476
20.625 84.625 0.025579
20.625 84.875 -0.18911
20.625 85.125 -0.60755
20.625 85.375 -1.4539
20.625 85.625 -1.676
20.625 85.875 -1.0224
20.625 86.125 -0.59149
20.625 86.375 0.14605
20.625 86.625 0.33668
NaN NaN NaN
20.875 70.625 0.90038
20.875 70.875 0.8664
20.875 71.125 0.71521
20.875 71.375 0.36473
20.875 72.875 0.92959
20.875 73.125 -0.40324
20.875 73.375 -0.58179
20.875 73.625 -0.46056
20.875 73.875 1.0046
20.875 74.125 -1.186
20.875 74.375 -2.3178
20.875 74.625 0.38727
20.875 74.875 0.30937
20.875 75.125 -2.0172
20.875 75.375 -1.8308
20.875 75.625 -1.3393
20.875 75.875 -0.99159
20.875 76.125 -1.2176
20.875 76.375 -1.4159
20.875 76.625 -1.1317
20.875 76.875 -1.2625
20.875 77.125 -1.9253
20.875 77.375 -1.5354
20.875 77.625 -1.2616
20.875 77.875 -1.0556
20.875 78.125 -0.7258
20.875 78.375 -0.71814
20.875 78.625 -1.5802
20.875 78.875 -1.4473
20.875 79.125 -2.1005
20.875 79.375 -1.4949
20.875 79.625 -1.0113
20.875 79.875 -0.60139
20.875 80.125 -0.77501
20.875 80.375 -1.4385
20.875 80.625 -0.10125
20.875 80.875 0.48598
20.875 81.125 -0.64317
20.875 81.375 -1.359
20.875 81.625 -2.2746
20.875 81.875 -0.42919
20.875 82.125 0.058754
20.875 82.375 0.60379
20.875 82.625 -0.88197
20.875 82.875 -1.4501
20.875 83.125 -2.0441
20.875 83.375 -2.1166
20.875 83.625 -0.57709
20.875 83.875 -0.11844
20.875 84.125 -2.2207
20.875 84.375 -2.1038
20.875 84.625 -1.0202
20.875 84.875 -0.59393
20.875 85.125 -0.80506
20.875 85.375 -1.0451
20.875 85.625 -0.63784
20.875 85.875 -0.93064
20.875 86.125 -0.89479
20.875 86.375 0.21159
20.875 86.625 0.44971
21.125 70.375 1.1193
21.125 70.625 0.3484
21.125 70.875 -1.2389
21.125 71.125 -0.24475
21.125 71.375 0.80891
NaN NaN NaN
NaN NaN NaN
21.125 72.875 -0.9889
21.125 73.125 -0.8899
21.125 73.375 0.38024
21.125 73.625 -1.1338
21.125 73.875 -1.848
21.125 74.125 -1.1636
21.125 74.375 -2.1377
21.125 74.625 -1.1936
21.125 74.875 -1.9984
21.125 75.125 -2.1454
21.125 75.375 -2.1457
21.125 75.625 -0.11844
21.125 75.875 0.30237
21.125 76.125 0.77893
21.125 76.375 -1.1993
21.125 76.625 -1.1628
21.125 76.875 -1.4964
21.125 77.125 -1.1526
21.125 77.375 -1.1426
21.125 77.625 -1.0711
21.125 77.875 -0.93584
21.125 78.125 -1.6007
21.125 78.375 -1.6599
21.125 78.625 -1.5642
21.125 78.875 -1.2481
21.125 79.125 -1.2309
21.125 79.375 -1.4262
21.125 79.625 0.1074
21.125 79.875 -0.69196
21.125 80.125 -2.0099
21.125 80.375 -2.3426
21.125 80.625 -1.5202
21.125 80.875 -1.3057
21.125 81.125 -0.41908
21.125 81.375 0.30481
21.125 81.625 -2.0976
21.125 81.875 -0.89105
21.125 82.125 -1.3418
21.125 82.375 0.13914
21.125 82.625 -0.80385
21.125 82.875 -0.51964
21.125 83.125 -1.3146
21.125 83.375 -1.9773
21.125 83.625 -1.3228
21.125 83.875 0.13225
21.125 84.125 -1.3031
21.125 84.375 -0.68918
21.125 84.625 -1.2974
21.125 84.875 -1.8166
21.125 85.125 -0.62467
21.125 85.375 -0.3335
21.125 85.625 -0.608
21.125 85.875 -0.83973
21.125 86.125 -0.37731
21.125 86.375 -0.28124
21.125 86.625 -0.25997
21.375 70.125 -0.48352
21.375 70.375 -0.072209
21.375 70.625 1.1695
21.375 70.875 -0.96105
21.375 71.125 0.1407
21.375 71.375 -1.5144
21.375 71.625 -1.4433
21.375 71.875 -0.63812
21.375 72.875 -1.3306
21.375 73.125 -0.098719
21.375 73.375 -0.046604
21.375 73.625 -0.18752
21.375 73.875 -1.5099
21.375 74.125 -1.7789
21.375 74.375 -1.4129
21.375 74.625 -1.1578
21.375 74.875 0.30604
21.375 75.125 0.61393
21.375 75.375 -1.3212
21.375 75.625 0.33755
21.375 75.875 0.13575
21.375 76.125 0.0058982
21.375 76.375 -0.65491
21.375 76.625 -0.80473
21.375 76.875 -1.2534
21.375 77.125 -1.0505
21.375 77.375 0.15645
21.375 77.625 -1.0926
21.375 77.875 -1.3194
21.375 78.125 -1.0136
21.375 78.375 -1.8472
21.375 78.625 -0.80389
21.375 78.875 -0.3927
21.375 79.125 -0.88047
21.375 79.375 -0.8206
21.375 79.625 -1.7075
21.375 79.875 -2.3238
21.375 80.125 -2.34
21.375 80.375 -2.0535
21.375 80.625 -2.1909
21.375 80.875 -2.0146
21.375 81.125 -2.2758
21.375 81.375 0.33446
21.375 81.625 -2.0257
21.375 81.875 0.52097
21.375 82.125 0.59028
21.375 82.375 -1.8776
21.375 82.625 -1.8897
21.375 82.875 -1.6827
21.375 83.125 -2.2343
21.375 83.375 -0.88647
21.375 83.625 -0.94952
21.375 83.875 -0.88177
21.375 84.125 0.56735
21.375 84.375 -0.76336
21.375 84.625 -1.3355
21.375 84.875 -0.22976
21.375 85.125 0.31518
21.375 85.375 0.17078
21.375 85.625 -0.43994
21.375 85.875 -0.51094
21.375 86.125 -1.0988
21.375 86.375 0.068594
21.375 86.625 -0.22159
21.375 86.875 0.18122
21.625 69.875 -1.4609
21.625 70.125 -1.5285
21.625 70.375 -1.5657
21.625 70.625 -0.77699
21.625 70.875 0.25649
21.625 71.125 -0.66281
21.625 71.375 -0.81279
21.625 71.625 -1.4223
21.625 71.875 -1.8531
21.625 72.125 -1.5085
21.625 72.875 -0.28242
21.625 73.125 -0.55973
21.625 73.375 -1.0395
21.625 73.625 -0.89774
21.625 73.875 -1.2612
21.625 74.125 -0.8278
21.625 74.375 -0.88071
21.625 74.625 -0.28345
21.625 74.875 1.5663
21.625 75.125 0.87366
21.625 75.375 0.32463
21.625 75.625 -0.8826
21.625 75.875 -0.93676
21.625 76.125 -0.13945
21.625 76.375 -0.38904
21.625 76.625 -0.78567
21.625 76.875 -0.83312
21.625 77.125 -0.11091
21.625 77.375 0.26698
21.625 77.625 -1.2824
21.625 77.875 -0.17638
21.625 78.125 0.010118
21.625 78.375 -1.1706
21.625 78.625 -1.1113
21.625 78.875 -0.76483
21.625 79.125 -1.8303
21.625 79.375 -2.3765
21.625 79.625 -1.3935
21.625 79.875 -2.3436
21.625 80.125 -2.3842
21.625 80.375 -1.4409
21.625 80.625 -2.2872
21.625 80.875 -1.2597
21.625 81.125 -2.3235
21.625 81.375 -0.54516
21.625 81.625 -1.9333
21.625 81.875 -1.9075
21.625 82.125 -2.0735
21.625 82.375 0.14682
21.625 82.625 -0.71854
21.625 82.875 -2.3206
21.625 83.125 -2.1359
21.625 83.375 -2.257
21.625 83.625 -2.1709
21.625 83.875 -0.49114
21.625 84.125 0.68679
21.625 84.375 -0.030701
21.625 84.625 0.34063
21.625 84.875 -0.14895
21.625 85.125 0.31287
21.625 85.375 0.18078
21.625 85.625 -0.78183
21.625 85.875 -1.2484
21.625 86.125 -0.37705
21.625 86.375 -0.24524
21.625 86.625 -0.36257
21.625 86.875 -0.26533
21.625 87.125 0.019568
NaN NaN NaN
NaN NaN NaN
21.875 69.625 -1.9179
21.875 69.875 -2.0194
21.875 70.125 -1.7955
21.875 70.375 -0.12638
21.875 70.625 -1.3948
21.875 70.875 -2.0064
21.875 71.125 -1.3861
21.875 71.375 -1.2748
21.875 71.625 -1.082
21.875 71.875 -1.3041
21.875 72.125 0.63633
NaN NaN NaN
21.875 72.875 -1.6586
21.875 73.125 -0.58816
21.875 73.375 -0.79888
21.875 73.625 -1.3752
21.875 73.875 -1.8042
21.875 74.125 -1.833
21.875 74.375 -1.9734
21.875 74.625 -1.8377
21.875 74.875 0.46521
21.875 75.125 0.46549
21.875 75.375 -0.58555
21.875 75.625 -0.429
21.875 75.875 -0.16137
21.875 76.125 -0.22247
21.875 76.375 -0.60002
21.875 76.625 -0.37465
21.875 76.875 -0.57686
21.875 77.125 -0.15247
21.875 77.375 0.43838
21.875 77.625 -0.55772
21.875 77.875 -0.73285
21.875 78.125 -0.46412
21.875 78.375 -0.52526
21.875 78.625 -1.0571
21.875 78.875 -0.424
21.875 79.125 -1.7176
21.875 79.375 -2.0184
21.875 79.625 -1.6458
21.875 79.875 -1.3929
21.875 80.125 -1.021
21.875 80.375 -0.42067
21.875 80.625 -0.4034
21.875 80.875 -2.2441
21.875 81.125 -1.3386
21.875 81.375 -1.1459
21.875 81.625 -0.69719
21.875 81.875 -0.70642
21.875 82.125 -2.1835
21.875 82.375 -1.9204
21.875 82.625 -0.3571
21.875 82.875 -2.3607
21.875 83.125 -1.3382
21.875 83.375 -2.1494
21.875 83.625 -1.7214
21.875 83.875 -0.387
21.875 84.125 0.61658
21.875 84.375 0.99798
21.875 84.625 0.63657
21.875 84.875 0.37906
21.875 85.125 0.67873
21.875 85.375 0.78852
21.875 85.625 -0.4761
21.875 85.875 -1.1464
21.875 86.125 0.21206
21.875 86.375 0.34916
21.875 86.625 -0.26796
21.875 86.875 -0.12203
21.875 87.125 0.087915
21.875 87.375 -1.0952
21.875 87.625 -0.78767
21.875 87.875 -0.32321
21.875 88.375 0.076248
NaN NaN NaN
NaN NaN NaN
22.125 69.125 -1.2811
22.125 69.375 -1.8527
22.125 69.625 -2.1482
22.125 69.875 -2.1895
22.125 70.125 -1.9253
22.125 70.375 -0.86838
22.125 70.625 -0.19838
22.125 70.875 -1.9207
22.125 71.125 -2.1086
22.125 71.375 -1.2423
22.125 71.625 -1.0779
22.125 71.875 -0.47234
22.125 72.125 1.1162
NaN NaN NaN
22.125 72.875 -1.3299
22.125 73.125 -1.9808
22.125 73.375 -1.3059
22.125 73.625 -1.4132
22.125 73.875 -1.7817
22.125 74.125 -1.5826
22.125 74.375 -1.6912
22.125 74.625 -1.3788
22.125 74.875 -0.0023205
22.125 75.125 -0.26381
22.125 75.375 -1.9475
22.125 75.625 -0.46901
22.125 75.875 0.60258
22.125 76.125 -0.095176
22.125 76.375 -0.45195
22.125 76.625 0.20753
22.125 76.875 0.17903
22.125 77.125 -0.18278
22.125 77.375 -0.57166
22.125 77.625 -0.75396
22.125 77.875 -0.58773
22.125 78.125 -0.87362
22.125 78.375 -1.0418
22.125 78.625 -0.97139
22.125 78.875 -0.094342
22.125 79.125 -0.80791
22.125 79.375 -0.95071
22.125 79.625 -0.040149
22.125 79.875 -0.43342
22.125 80.125 -0.32139
22.125 80.375 -0.62384
22.125 80.625 -0.065153
22.125 80.875 -1.4078
22.125 81.125 -1.4916
22.125 81.375 -1.1824
22.125 81.625 -1.0742
22.125 81.875 0.029783
22.125 82.125 -0.49595
22.125 82.375 -0.062353
22.125 82.625 -0.73266
22.125 82.875 -1.6063
22.125 83.125 -0.74808
22.125 83.375 -0.71371
22.125 83.625 -1.0055
22.125 83.875 -0.20973
22.125 84.125 0.64806
22.125 84.375 1.0892
22.125 84.625 1.0337
22.125 84.875 0.92388
22.125 85.125 0.72157
22.125 85.375 0.5604
22.125 85.625 -0.40885
22.125 85.875 -0.55749
22.125 86.125 0.11446
22.125 86.375 0.63729
22.125 86.625 -0.047285
22.125 86.875 -0.036202
22.125 87.125 -0.23245
22.125 87.375 -1.004
22.125 87.625 -1.1672
22.125 87.875 -1.5741
22.125 88.125 -1.7981
22.125 88.375 0.53512
NaN NaN NaN
22.375 69.125 -0.72325
22.375 69.875 -1.2481
22.375 70.125 -1.5935
22.375 70.375 -1.7496
22.375 70.625 -1.6032
22.375 70.875 -1.7782
22.375 71.125 -1.4489
22.375 71.375 -1.5319
22.375 71.625 -2.2695
22.375 71.875 1.1618
22.375 72.125 0.8509
NaN NaN NaN
22.375 72.875 -1.6454
22.375 73.125 -1.7856
22.375 73.375 0.099134
22.375 73.625 -1.1794
22.375 73.875 -1.9611
22.375 74.125 -2.1535
22.375 74.375 -1.6026
22.375 74.625 -1.7428
22.375 74.875 -1.3844
22.375 75.125 -1.5414
22.375 75.375 0.37671
22.375 75.625 -0.13042
22.375 75.875 2.0088
22.375 76.125 1.6866
22.375 76.375 0.78761
22.375 76.625 1.578
22.375 76.875 0.90527
22.375 77.125 0.13128
22.375 77.375 -0.60375
22.375 77.625 -0.743
22.375 77.875 -0.14438
22.375 78.125 -1.9851
22.375 78.375 -1.022
22.375 78.625 -1.1411
22.375 78.875 -0.38463
22.375 79.125 -0.25124
22.375 79.375 -0.15486
22.375 79.625 -0.39482
22.375 79.875 -0.50672
22.375 80.125 -0.070153
22.375 80.375 -0.50325
22.375 80.625 -0.26231
22.375 80.875 -0.32966
22.375 81.125 -2.0061
22.375 81.375 0.46063
22.375 81.625 -0.67898
22.375 81.875 -0.6352
22.375 82.125 -0.25242
22.375 82.375 -0.21045
22.375 82.625 -1.1332
22.375 82.875 -1.4723
22.375 83.125 -1.5027
22.375 83.375 -1.3759
22.375 83.625 -1.4929
22.375 83.875 -0.51276
22.375 84.125 -1.0928
22.375 84.375 0.078764
22.375 84.625 0.17124
22.375 84.875 -0.29559
22.375 85.125 -0.11694
22.375 85.375 0.30257
22.375 85.625 -0.83498
22.375 85.875 -1.1633
22.375 86.125 -0.49808
22.375 86.375 0.189
22.375 86.625 -0.10223
22.375 86.875 -0.86224
22.375 87.125 0.13389
22.375 87.375 -0.37045
22.375 87.625 -0.33333
22.375 87.875 -1.4376
22.375 88.125 -1.1099
22.375 88.375 -0.43039
22.375 88.625 -0.12258
22.375 88.875 -0.16773
NaN NaN NaN
22.625 70.375 -0.34033
22.625 70.625 -1.2968
22.625 70.875 -1.755
22.625 71.125 -0.70506
22.625 71.375 -0.60308
22.625 71.625 -1.944
22.625 71.875 -1.724
22.625 72.125 0.2255
22.625 72.375 0.49891
22.625 72.625 1.1315
22.625 72.875 -1.818
22.625 73.125 -2.0943
22.625 73.375 -0.54044
22.625 73.625 -2.0142
22.625 73.875 -2.1805
22.625 74.125 -2.0871
22.625 74.375 -0.74259
22.625 74.625 -1.7783
22.625 74.875 -1.4109
22.625 75.125 -1.0587
22.625 75.375 0.86971
22.625 75.625 -0.10801
22.625 75.875 0.78894
22.625 76.125 0.87411
22.625 76.375 0.40189
22.625 76.625 1.3812
22.625 76.875 0.90314
22.625 77.125 0.43517
22.625 77.375 -0.46054
22.625 77.625 -0.40127
22.625 77.875 0.098193
22.625 78.125 -0.049778
22.625 78.375 -0.46408
22.625 78.625 -0.41538
22.625 78.875 -0.17777
22.625 79.125 0.0519
22.625 79.375 -0.22531
22.625 79.625 -0.75405
22.625 79.875 -0.75627
22.625 80.125 -0.34315
22.625 80.375 -0.64173
22.625 80.625 -1.2598
22.625 80.875 -0.65801
22.625 81.125 0.057593
22.625 81.375 -0.78515
22.625 81.625 -0.4096
22.625 81.875 -0.40578
22.625 82.125 -0.65101
22.625 82.375 -1.111
22.625 82.625 -1.5004
22.625 82.875 -1.4745
22.625 83.125 -1.7402
22.625 83.375 -1.2476
22.625 83.625 -1.2136
22.625 83.875 -1.4225
22.625 84.125 -1.1812
22.625 84.375 -1.031
22.625 84.625 -0.79099
22.625 84.875 -1.2474
22.625 85.125 0.15437
22.625 85.375 0.11007
22.625 85.625 -1.3142
22.625 85.875 -0.31801
22.625 86.125 -1.2526
22.625 86.375 -0.59153
22.625 86.625 -0.66077
22.625 86.875 -0.077315
22.625 87.125 -0.58306
22.625 87.375 -0.65827
22.625 87.625 0.19669
22.625 87.875 -1.0599
22.625 88.125 0.76783
22.625 88.375 -0.49161
22.625 88.625 -0.19066
22.625 88.875 -0.39194
22.625 92.625 -0.265
22.625 92.875 1.5817
NaN NaN NaN
NaN NaN NaN
NaN NaN NaN
22.875 70.625 -0.821
22.875 70.875 -1.3651
22.875 71.125 -1.8985
22.875 71.375 -1.8282
22.875 71.625 -1.999
22.875 71.875 -1.7706
22.875 72.125 -1.9578
22.875 72.375 0.45089
22.875 72.625 -0.72954
22.875 72.875 -1.4997
22.875 73.125 -1.4503
22.875 73.375 0.16079
22.875 73.625 -1.8336
22.875 73.875 -2.28
22.875 74.125 -1.7333
22.875 74.375 -1.0856
22.875 74.625 -1.5864
22.875 74.875 -0.54811
22.875 75.125 -0.091431
22.875 75.375 0.957
22.875 75.625 0.81931
22.875 75.875 0.17402
22.875 76.125 -0.36134
22.875 76.375 0.37518
22.875 76.625 0.72297
22.875 76.875 -0.32041
22.875 77.125 0.073645
22.875 77.375 -1.1665
22.875 77.625 -0.74196
22.875 77.875 -0.21816
22.875 78.125 -0.19331
22.875 78.375 -0.16029
22.875 78.625 -0.053266
22.875 78.875 0.13194
22.875 79.125 -0.012525
22.875 79.375 -0.45531
22.875 79.625 -0.94855
22.875 79.875 -0.83186
22.875 80.125 -0.78198
22.875 80.375 -0.65098
22.875 80.625 -1.028
22.875 80.875 -0.43189
22.875 81.125 -0.7461
22.875 81.375 -0.89537
22.875 81.625 -0.87374
22.875 81.875 -0.46172
22.875 82.125 -0.71288
22.875 82.375 -0.83319
22.875 82.625 -1.4132
22.875 82.875 -1.0151
22.875 83.125 -1.7443
22.875 83.375 -1.3558
22.875 83.625 -0.80069
22.875 83.875 -0.62822
22.875 84.125 -1.5574
22.875 84.375 -1.3316
22.875 84.625 -1.0326
22.875 84.875 -2.0892
22.875 85.125 -2.3111
22.875 85.375 0.60845
22.875 85.625 -0.58415
22.875 85.875 -0.41322
22.875 86.125 -0.82894
22.875 86.375 -1.2387
22.875 86.625 -0.033024
22.875 86.875 0.28698
22.875 87.125 0.32998
22.875 87.375 0.38733
22.875 87.625 0.64358
22.875 87.875 -1.5388
22.875 88.125 -0.65938
22.875 88.375 0.019047
22.875 88.625 0.28447
22.875 92.625 -0.020444
22.875 92.875 0.51913
23.125 68.875 -1.1054
23.125 69.125 -1.5896
23.125 69.375 -1.6296
23.125 69.625 -1.5425
23.125 69.875 -1.0449
23.125 70.125 -1.4299
23.125 70.875 1.0092
23.125 71.125 -2.1089
23.125 71.375 -2.2691
23.125 71.625 1.4562
23.125 71.875 -0.38895
23.125 72.125 -1.729
23.125 72.375 -1.4657
23.125 72.625 -0.15337
23.125 72.875 -0.09951
23.125 73.125 -0.59814
23.125 73.375 -0.5738
23.125 73.625 0.068141
23.125 73.875 -2.0568
23.125 74.125 -1.5967
23.125 74.375 -0.89508
23.125 74.625 -0.97472
23.125 74.875 -0.19286
23.125 75.125 0.027236
23.125 75.375 -0.54355
23.125 75.625 0.071621
23.125 75.875 0.572
23.125 76.125 0.36502
23.125 76.375 0.18806
23.125 76.625 -0.023258
23.125 76.875 0.071594
23.125 77.125 -0.19138
23.125 77.375 -0.55996
23.125 77.625 -0.84395
23.125 77.875 0.070443
23.125 78.125 0.031279
23.125 78.375 -0.33321
23.125 78.625 -0.42928
23.125 78.875 -0.19677
23.125 79.125 -0.28906
23.125 79.375 -0.0825
23.125 79.625 -1.0751
23.125 79.875 -0.43112
23.125 80.125 -0.56109
23.125 80.375 -0.57958
23.125 80.625 -0.28325
23.125 80.875 0.073934
23.125 81.125 -0.44657
23.125 81.375 -0.49952
23.125 81.625 -1.6203
23.125 81.875 -0.35185
23.125 82.125 -0.62927
23.125 82.375 -1.2574
23.125 82.625 -0.72578
23.125 82.875 -1.1256
23.125 83.125 -1.5537
23.125 83.375 -0.31955
23.125 83.625 0.20749
23.125 83.875 0.46872
23.125 84.125 -1.1948
23.125 84.375 -1.2979
23.125 84.625 -1.5236
23.125 84.875 -1.7234
23.125 85.125 -2.0828
23.125 85.375 0.69634
23.125 85.625 -0.12751
23.125 85.875 -1.1167
23.125 86.125 -1.0329
23.125 86.375 -1.1545
23.125 86.625 -0.029349
23.125 86.875 0.029883
23.125 87.125 -0.30177
23.125 87.375 0.83595
23.125 87.625 -0.77594
23.125 87.875 -2.1085
23.125 88.125 -0.91988
23.125 88.375 -0.50679
23.125 88.625 -0.39757
NaN NaN NaN
23.125 92.625 -2.2889
23.125 92.875 -1.8225
NaN NaN NaN
23.375 68.875 -1.2318
23.375 69.125 -1.1921
23.375 69.375 -1.3781
23.375 69.625 -0.46013
23.375 69.875 0.26889
23.375 70.125 -0.1871
23.375 70.375 -1.5249
23.375 70.625 -1.6438
23.375 70.875 -1.8098
23.375 71.125 -1.6118
23.375 71.375 -0.49991
23.375 71.625 -1.7476
23.375 71.875 -0.90938
23.375 72.125 -1.5192
23.375 72.375 -1.3918
23.375 72.625 -1.1636
23.375 72.875 -0.7048
23.375 73.125 -0.43565
23.375 73.375 0.13627
23.375 73.625 0.047611
23.375 73.875 -0.41935
23.375 74.125 -0.90614
23.375 74.375 -0.10759
23.375 74.625 0.053723
23.375 74.875 0.23112
23.375 75.125 0.66401
23.375 75.375 1.5517
23.375 75.625 -0.10724
23.375 75.875 0.60683
23.375 76.125 1.0691
23.375 76.375 0.53252
23.375 76.625 -0.27678
23.375 76.875 -0.39873
23.375 77.125 -0.09254
23.375 77.375 -0.51172
23.375 77.625 -0.67756
23.375 77.875 0.30279
23.375 78.125 0.26432
23.375 78.375 -0.30996
23.375 78.625 -0.35514
23.375 78.875 -0.17696
23.375 79.125 -0.52496
23.375 79.375 -0.29568
23.375 79.625 0.10999
23.375 79.875 -0.54762
23.375 80.125 -0.79763
23.375 80.375 -0.79896
23.375 80.625 -0.38192
23.375 80.875 -0.28418
23.375 81.125 -0.15704
23.375 81.375 -0.039261
23.375 81.625 -0.059907
23.375 81.875 -0.43479
23.375 82.125 -0.90341
23.375 82.375 -0.71874
23.375 82.625 -0.85792
23.375 82.875 -0.82776
23.375 83.125 -0.1768
23.375 83.375 -0.53343
23.375 83.625 -0.63093
23.375 83.875 -0.89459
23.375 84.125 -1.5679
23.375 84.375 -1.3526
23.375 84.625 -1.2002
23.375 84.875 -0.80867
23.375 85.125 -2.0005
23.375 85.375 0.26751
23.375 85.625 -0.48708
23.375 85.875 -0.83116
23.375 86.125 -0.59898
23.375 86.375 -0.85651
23.375 86.625 0.24178
23.375 86.875 -0.52978
23.375 87.125 -1.0526
23.375 87.375 -0.98084
23.375 87.625 -1.3301
23.375 87.875 -2.1277
23.375 88.125 -1.488
23.375 88.375 -1.0026
23.375 88.625 -0.8119
23.375 91.375 -0.61001
23.375 91.625 -0.72484
23.375 92.625 -1.8146
23.375 92.875 -1.5719
23.375 93.125 -1.8489
23.625 68.625 -0.85306
23.625 68.875 -0.87886
23.625 69.125 0.11278
23.625 69.375 0.37862
23.625 69.625 -0.39699
23.625 69.875 0.92365
23.625 70.125 1.51
23.625 70.375 1.8115
23.625 70.625 1.5157
23.625 70.875 -0.14533
23.625 71.125 -1.3336
23.625 71.375 1.2438
23.625 71.625 -1.2654
23.625 71.875 -1.4301
23.625 72.125 -1.5987
23.625 72.375 -2.2251
23.625 72.625 -1.1994
23.625 72.875 -1.1801
23.625 73.125 -0.9093
23.625 73.375 -1.4961
23.625 73.625 -0.54562
23.625 73.875 -0.33461
23.625 74.125 0.33702
23.625 74.375 -0.32802
23.625 74.625 0.60009
23.625 74.875 0.26722
23.625 75.125 -0.032305
23.625 75.375 1.2206
23.625 75.625 1.0075
23.625 75.875 1.3788
23.625 76.125 1.5715
23.625 76.375 1.1369
23.625 76.625 0.16646
23.625 76.875 -0.82801
23.625 77.125 -0.035763
23.625 77.375 -0.0022112
23.625 77.625 -0.31313
23.625 77.875 0.065757
23.625 78.125 -0.20111
23.625 78.375 -0.23143
23.625 78.625 0.041565
23.625 78.875 0.055092
23.625 79.125 -0.25129
23.625 79.375 0.008883
23.625 79.625 -0.071174
23.625 79.875 0.91661
23.625 80.125 -0.090329
23.625 80.375 -1.066
23.625 80.625 -0.37601
23.625 80.875 -0.098851
23.625 81.125 -0.47152
23.625 81.375 -0.013361
23.625 81.625 0.15669
23.625 81.875 -0.72284
23.625 82.125 -1.4816
23.625 82.375 -1.2054
23.625 82.625 -1.1011
23.625 82.875 -0.57376
23.625 83.125 -0.76621
23.625 83.375 -0.097609
23.625 83.625 0.015815
23.625 83.875 -0.93082
23.625 84.125 -1.3491
23.625 84.375 -0.6439
23.625 84.625 -0.21247
23.625 84.875 0.036131
23.625 85.125 -1.2868
23.625 85.375 -1.2832
23.625 85.625 -0.8992
23.625 85.875 0.10932
23.625 86.125 -1.8972
23.625 86.375 -0.85418
23.625 86.625 0.41425
23.625 86.875 -1.2786
23.625 87.125 -1.1512
23.625 87.375 -1.3354
23.625 87.625 -1.4614
23.625 87.875 -1.676
23.625 88.125 -2.1192
23.625 88.375 -1.6574
23.625 91.375 -1.225
23.625 91.625 -1.2418
NaN NaN NaN
23.625 92.375 -1.7483
23.625 92.625 -1.4194
23.625 92.875 -1.5332
23.625 93.125 -2.1997
23.875 68.875 -0.38435
23.875 69.125 0.53143
23.875 69.375 1.0719
23.875 69.625 1.2817
23.875 69.875 1.3211
23.875 70.125 0.9047
23.875 70.375 1.7293
23.875 70.625 1.9809
23.875 70.875 1.2518
23.875 71.125 0.47532
23.875 71.375 0.89896
23.875 71.625 -0.92754
23.875 71.875 -0.85417
23.875 72.125 -1.1101
23.875 72.375 -1.8718
23.875 72.625 -1.051
23.875 72.875 -0.98819
23.875 73.125 -1.0352
23.875 73.375 -2.0884
23.875 73.625 -1.5582
23.875 73.875 0.041662
23.875 74.125 0.17133
23.875 74.375 0.024475
23.875 74.625 -0.057535
23.875 74.875 0.78931
23.875 75.125 1.0214
23.875 75.375 1.2451
23.875 75.625 1.0604
23.875 75.875 1.1881
23.875 76.125 1.0213
23.875 76.375 0.92789
23.875 76.625 0.38889
23.875 76.875 1.0057
23.875 77.125 0.67194
23.875 77.375 0.62201
23.875 77.625 0.53226
23.875 77.875 0.22802
23.875 78.125 0.15461
23.875 78.375 -0.11876
23.875 78.625 -0.009633
23.875 78.875 0.15586
23.875 79.125 0.12523
23.875 79.375 0.58649
23.875 79.625 0.062561
23.875 79.875 -0.55851
23.875 80.125 -0.71014
23.875 80.375 -0.89229
23.875 80.625 -0.44234
23.875 80.875 -0.10476
23.875 81.125 -0.63124
23.875 81.375 -0.28013
23.875 81.625 -0.072037
23.875 81.875 -1.016
23.875 82.125 -1.0187
23.875 82.375 -0.6331
23.875 82.625 -0.72599
23.875 82.875 -0.77496
23.875 83.125 -0.91163
23.875 83.375 -0.49737
23.875 83.625 -0.29332
23.875 83.875 -0.3687
23.875 84.125 -0.88559
23.875 84.375 -1.2053
23.875 84.625 -1.3373
23.875 84.875 -1.3933
23.875 85.125 -1.4094
23.875 85.375 -1.6004
23.875 85.625 -1.9557
23.875 85.875 -1.1511
23.875 86.125 -1.2305
23.875 86.375 -0.43461
23.875 86.625 -0.33816
23.875 86.875 -1.4229
23.875 87.125 -0.87087
23.875 87.375 -0.80418
23.875 87.625 -2.2874
23.875 87.875 -1.6535
23.875 88.125 -1.643
23.875 88.375 -1.1055
23.875 91.375 -1.6979
23.875 91.625 -0.95729
23.875 91.875 -1.9937
23.875 92.125 -1.8606
23.875 92.375 -1.3656
23.875 92.625 -1.4175
23.875 92.875 -2.0305
23.875 93.125 -2.1459
23.875 93.375 -1.8798
24.125 68.875 -0.46481
24.125 69.125 0.18602
24.125 69.375 1.3921
24.125 69.625 0.67518
24.125 69.875 0.36572
24.125 70.125 -0.41216
24.125 70.375 0.48267
24.125 70.625 1.5691
24.125 70.875 0.51125
24.125 71.125 0.027814
24.125 71.375 0.16342
24.125 71.625 -1.174
24.125 71.875 -0.82082
24.125 72.125 -1.1694
24.125 72.375 -0.48516
24.125 72.625 -0.80386
24.125 72.875 -0.58938
24.125 73.125 -1.1349
24.125 73.375 -1.853
24.125 73.625 -2.066
24.125 73.875 -0.20761
24.125 74.125 -0.45998
24.125 74.375 -0.55243
24.125 74.625 0.091283
24.125 74.875 0.64474
24.125 75.125 0.53608
24.125 75.375 1.4684
24.125 75.625 1.069
24.125 75.875 0.078831
24.125 76.125 0.33299
24.125 76.375 1.1553
24.125 76.625 0.942
24.125 76.875 1.3256
24.125 77.125 0.57716
24.125 77.375 0.70032
24.125 77.625 1.1616
24.125 77.875 1.2592
24.125 78.125 0.39815
24.125 78.375 -0.086145
24.125 78.625 0.11196
24.125 78.875 -0.53531
24.125 79.125 -0.11917
24.125 79.375 0.23895
24.125 79.625 -0.71491
24.125 79.875 -0.51826
24.125 80.125 -0.63406
24.125 80.375 -1.3184
24.125 80.625 -0.54097
24.125 80.875 -0.29416
24.125 81.125 -0.66762
24.125 81.375 -0.63814
24.125 81.625 -0.46736
24.125 81.875 0.0011515
24.125 82.125 -0.25297
24.125 82.375 -0.71237
24.125 82.625 -0.65433
24.125 82.875 -0.58614
24.125 83.125 -0.50663
24.125 83.375 -1.3431
24.125 83.625 -1.0138
24.125 83.875 -0.55957
24.125 84.125 -1.0001
24.125 84.375 -1.2562
24.125 84.625 -1.5173
24.125 84.875 -1.3935
24.125 85.125 -1.6626
24.125 85.375 -0.93867
24.125 85.625 -1.6959
24.125 85.875 -1.4472
24.125 86.125 -1.2158
24.125 86.375 -1.6118
24.125 86.625 -1.1448
24.125 86.875 -1.0928
24.125 87.125 -1.2218
24.125 87.375 -0.87959
24.125 87.625 -1.732
24.125 87.875 -1.7965
24.125 88.125 -1.5166
24.125 88.375 -0.54243
24.125 91.875 -2.0918
24.125 92.125 -2.2879
24.125 92.375 -1.5554
24.125 92.625 -1.3409
24.125 92.875 -2.1066
24.125 93.125 -2.3101
24.125 93.375 -2.2709
24.125 93.625 -2.31
24.125 93.875 -2.2449
NaN NaN NaN
24.375 71.375 -0.7722
24.375 71.625 -0.281
24.375 71.875 -1.2484
24.375 72.125 -1.1969
24.375 72.375 -0.96633
24.375 72.625 -1.2015
24.375 72.875 -0.32465
24.375 73.125 -0.19066
24.375 73.375 -0.34059
24.375 73.625 -1.6552
24.375 73.875 -0.50939
24.375 74.125 -0.19941
24.375 74.375 0.11481
24.375 74.625 -0.5002
24.375 74.875 -0.3059
24.375 75.125 0.46407
24.375 75.375 0.97516
24.375 75.625 1.4711
24.375 75.875 -0.031687
24.375 76.125 -1.366
24.375 76.375 0.50425
24.375 76.625 1.3207
24.375 76.875 1.2662
24.375 77.125 0.53156
24.375 77.375 0.31377
24.375 77.625 0.78437
24.375 77.875 1.7983
24.375 78.125 0.72843
24.375 78.375 0.34453
24.375 78.625 -0.23836
24.375 78.875 0.29129
24.375 79.125 0.32824
24.375 79.375 -0.42508
24.375 79.625 -0.28717
24.375 79.875 -0.73648
24.375 80.125 -1.9193
24.375 80.375 -0.10106
24.375 80.625 0.032845
24.375 80.875 -0.70313
24.375 81.125 -0.58829
24.375 81.375 -0.7227
24.375 81.625 -0.35925
24.375 81.875 -0.099723
24.375 82.125 -0.51004
24.375 82.375 -0.44511
24.375 82.625 -0.28632
24.375 82.875 -0.32685
24.375 83.125 -0.60808
24.375 83.375 -0.82163
24.375 83.625 -1.6197
24.375 83.875 -1.255
24.375 84.125 -0.56402
24.375 84.375 -1.3925
24.375 84.625 -1.2318
24.375 84.875 -1.9724
24.375 85.125 -1.1996
24.375 85.375 -1.291
24.375 85.625 -0.72685
24.375 85.875 -1.3401
24.375 86.125 -1.8385
24.375 86.375 -1.4128
24.375 86.625 -1.6255
24.375 86.875 -0.97417
24.375 87.125 -1.1703
24.375 87.375 -2.3824
24.375 87.625 -2.2169
24.375 87.875 -1.773
24.375 88.125 -1.3138
24.375 92.375 -1.5401
24.375 92.625 -1.7979
24.375 92.875 -2.2944
24.375 93.125 -2.3073
24.375 93.375 -2.2857
24.375 93.625 -2.076
24.375 93.875 -2.1995
24.375 94.125 -1.5945
24.625 71.125 -0.35542
24.625 71.375 0.02346
24.625 71.625 -0.6377
24.625 71.875 -0.92979
24.625 72.125 -0.9828
24.625 72.375 -0.89698
24.625 72.625 -1.3984
24.625 72.875 -1.4808
24.625 73.125 -1.0939
24.625 73.375 -0.24805
24.625 73.625 -0.3724
24.625 73.875 -0.94865
24.625 74.125 -0.05731
24.625 74.375 0.51983
24.625 74.625 0.33209
24.625 74.875 -0.33117
24.625 75.125 -0.76193
24.625 75.375 0.21733
24.625 75.625 0.23642
24.625 75.875 -0.67971
24.625 76.125 0.0078632
24.625 76.375 0.44879
24.625 76.625 0.75123
24.625 76.875 1.2614
24.625 77.125 0.7204
24.625 77.375 0.36968
24.625 77.625 -0.13918
24.625 77.875 0.068454
24.625 78.125 0.56593
24.625 78.375 -0.068273
24.625 78.625 -0.083446
24.625 78.875 0.54936
24.625 79.125 0.38799
24.625 79.375 0.15475
24.625 79.625 0.41946
24.625 79.875 0.037013
24.625 80.125 -1.8501
24.625 80.375 -1.9317
24.625 80.625 -1.6184
24.625 80.875 -1.1211
24.625 81.125 -1.1163
24.625 81.375 -0.28149
24.625 81.625 0.17533
24.625 81.875 0.46752
24.625 82.125 -0.74481
24.625 82.375 -0.97705
24.625 82.625 -0.10518
24.625 82.875 0.39383
24.625 83.125 -0.1424
24.625 83.375 -0.929
24.625 83.625 -0.89923
24.625 83.875 -1.0261
24.625 84.125 -0.93409
24.625 84.375 -0.69968
24.625 84.625 -1.8729
24.625 84.875 -1.0156
24.625 85.125 -0.80117
24.625 85.375 -1.3166
24.625 85.625 -2.1226
24.625 85.875 -1.8254
24.625 86.125 -1.4063
24.625 86.375 -0.50846
24.625 86.625 -0.84977
24.625 86.875 -1.2108
24.625 87.125 -2.3717
24.625 87.375 -2.166
24.625 87.625 -1.5589
24.625 87.875 -0.55077
24.625 92.375 -0.32448
24.625 92.625 -1.1383
24.625 92.875 -1.7946
24.625 93.125 -1.61
24.625 93.375 -1.8821
24.625 93.625 -1.9314
24.625 93.875 -1.386
24.625 94.125 -1.4407
NaN NaN NaN
24.875 71.125 -1.2823
24.875 71.375 -0.010767
24.875 71.625 -0.3372
24.875 71.875 -0.84872
24.875 72.125 -1.2763
24.875 72.375 -1.2228
24.875 72.625 -1.452
24.875 72.875 -1.6826
24.875 73.125 -1.8637
24.875 73.375 -0.51247
24.875 73.625 -0.83081
24.875 73.875 0.26424
24.875 74.125 0.23597
24.875 74.375 0.87252
24.875 74.625 0.31165
24.875 74.875 -0.42573
24.875 75.125 -1.4536
24.875 75.375 -0.97577
24.875 75.625 -0.75565
24.875 75.875 0.59197
24.875 76.125 -0.14887
24.875 76.375 0.25341
24.875 76.625 0.78516
24.875 76.875 1.2493
24.875 77.125 1.1183
24.875 77.375 1.0346
24.875 77.625 0.98564
24.875 77.875 0.93615
24.875 78.125 1.0117
24.875 78.375 0.3065
24.875 78.625 0.06259
24.875 78.875 1.0706
24.875 79.125 0.66393
24.875 79.375 0.68203
24.875 79.625 0.76512
24.875 79.875 1.4009
24.875 80.125 -1.8326
24.875 80.375 -1.9239
24.875 80.625 -0.47019
24.875 80.875 -1.2373
24.875 81.125 -1.2223
24.875 81.375 -1.7258
24.875 81.625 -0.30294
24.875 81.875 -0.24619
24.875 82.125 -1.4509
24.875 82.375 -0.91713
24.875 82.625 0.44156
24.875 82.875 -1.1393
24.875 83.125 -1.0383
24.875 83.375 -0.99161
24.875 83.625 -0.65521
24.875 83.875 -1.1419
24.875 84.125 -1.3045
24.875 84.375 -1.5558
24.875 84.625 -1.6594
24.875 84.875 -1.7959
24.875 85.125 -1.2069
24.875 85.375 -1.8033
24.875 85.625 -0.45853
24.875 85.875 -0.83451
24.875 86.125 -1.1738
24.875 86.375 -0.8445
24.875 86.625 -1.0448
24.875 86.875 -0.98002
24.875 87.125 -1.8855
24.875 87.375 -2.0213
24.875 87.625 -0.4214
24.875 87.875 0.078947
24.875 88.125 2.007
24.875 92.625 -1.6817
24.875 92.875 -0.91443
24.875 93.125 -2.128
24.875 93.375 -1.1164
24.875 93.625 -1.6779
24.875 93.875 -1.2864
24.875 94.125 -1.4049
24.875 94.375 -1.0261
25.125 71.125 -1.2754
25.125 71.375 -0.34601
25.125 71.625 -0.70846
25.125 71.875 -1.1353
25.125 72.125 -1.1504
25.125 72.375 -1.2649
25.125 72.625 -1.4467
25.125 72.875 -1.4237
25.125 73.125 -1.6145
25.125 73.375 -1.589
25.125 73.625 -0.82913
25.125 73.875 -0.48538
25.125 74.125 -0.046071
25.125 74.375 -0.30389
25.125 74.625 -0.0779
25.125 74.875 -0.0032514
25.125 75.125 -0.92596
25.125 75.375 0.19278
25.125 75.625 -0.20639
25.125 75.875 -1.0323
25.125 76.125 -0.4899
25.125 76.375 0.13579
25.125 76.625 1.0764
25.125 76.875 1.4242
25.125 77.125 1.2542
25.125 77.375 0.73536
25.125 77.625 0.99922
25.125 77.875 1.481
25.125 78.125 1.3591
25.125 78.375 0.79238
25.125 78.625 0.50351
25.125 78.875 0.48738
25.125 79.125 0.17421
25.125 79.375 -0.060292
25.125 79.625 0.81775
25.125 79.875 1.0514
25.125 80.125 -0.71846
25.125 80.375 -0.48754
25.125 80.625 -0.62385
25.125 80.875 -1.4846
25.125 81.125 -1.3099
25.125 81.375 -1.1801
25.125 81.625 -2.1674
25.125 81.875 -0.61445
25.125 82.125 -0.92268
25.125 82.375 -0.22813
25.125 82.625 -1.585
25.125 82.875 -1.5344
25.125 83.125 -1.5675
25.125 83.375 -1.0986
25.125 83.625 -0.23298
25.125 83.875 -1.8567
25.125 84.125 -1.5386
25.125 84.375 -0.99131
25.125 84.625 -1.0943
25.125 84.875 -1.6156
25.125 85.125 -1.2927
25.125 85.375 -1.3589
25.125 85.625 -0.049487
25.125 85.875 -0.34118
25.125 86.125 0.15844
25.125 86.375 -0.81383
25.125 86.625 0.19624
25.125 86.875 -0.70805
25.125 87.125 -0.29584
25.125 87.375 -1.0284
25.125 87.625 -0.38763
25.125 87.875 0.1672
25.125 88.125 -0.88048
25.125 88.375 1.9069
25.125 92.375 -1.2654
25.125 92.625 -1.3247
25.125 92.875 -1.8957
25.125 93.125 -1.1314
25.125 93.375 -1.571
25.125 93.625 -1.3207
25.125 93.875 -1.5285
25.125 94.125 -1.3452
25.125 94.375 -1.3944
25.375 70.875 -0.087
25.375 71.125 -0.19169
25.375 71.375 -0.08487
25.375 71.625 -0.4958
25.375 71.875 -0.6466
25.375 72.125 -0.8915
25.375 72.375 -1.2498
25.375 72.625 -1.1852
25.375 72.875 -1.1437
25.375 73.125 -1.2573
25.375 73.375 -1.1043
25.375 73.625 -1.1252
25.375 73.875 -0.94413
25.375 74.125 -0.09191
25.375 74.375 0.207
25.375 74.625 0.34307
25.375 74.875 0.76789
25.375 75.125 0.15137
25.375 75.375 -0.057867
25.375 75.625 0.64599
25.375 75.875 -0.076118
25.375 76.125 0.0039663
25.375 76.375 -0.097445
25.375 76.625 0.37048
25.375 76.875 1.1002
25.375 77.125 1.0035
25.375 77.375 0.90742
25.375 77.625 1.3635
25.375 77.875 1.8248
25.375 78.125 0.94652
25.375 78.375 0.99383
25.375 78.625 -1.4984
25.375 78.875 -1.6787
25.375 79.125 -0.35588
25.375 79.375 0.78538
25.375 79.625 0.6637
25.375 79.875 0.93144
25.375 80.125 0.72381
25.375 80.375 -0.37094
25.375 80.625 -0.26707
25.375 80.875 -1.9407
25.375 81.125 -1.0755
25.375 81.375 -1.3426
25.375 81.625 -1.9983
25.375 81.875 -2.0308
25.375 82.125 -1.9129
25.375 82.375 -1.9788
25.375 82.625 -2.1027
25.375 82.875 -1.8859
25.375 83.125 -1.7884
25.375 83.375 -0.77311
25.375 83.625 -0.24436
25.375 83.875 -0.12892
25.375 84.125 -0.55392
25.375 84.375 -1.3166
25.375 84.625 -1.5094
25.375 84.875 -0.13011
25.375 85.125 -1.4806
25.375 85.375 -2.0658
25.375 85.625 0.15267
25.375 85.875 0.23034
25.375 86.125 0.6839
25.375 86.375 0.0068483
25.375 86.625 -1.2037
25.375 86.875 -0.36577
25.375 87.125 -1.0411
25.375 87.375 -0.16726
25.375 87.625 0.77033
25.375 87.875 1.0121
25.375 88.125 -0.053092
25.375 88.375 1.0407
25.375 88.625 1.0466
25.375 90.125 0.15847
25.375 90.375 -0.39125
25.375 90.625 0.1589
25.375 90.875 -0.35987
25.375 91.125 -0.45887
25.375 91.375 -1.3297
25.375 91.625 -1.0125
25.375 91.875 -1.3121
25.375 92.125 -2.103
25.375 92.375 -2.0513
25.375 92.625 -1.8384
25.375 92.875 -1.8197
25.375 93.125 -1.4353
25.375 93.375 -1.6047
25.375 93.625 -1.0896
25.375 93.875 -1.6033
25.375 94.125 -1.0173
25.375 94.375 -1.5286
25.625 70.875 -0.33359
25.625 71.125 -0.40205
25.625 71.375 -0.28922
25.625 71.625 -0.1104
25.625 71.875 -0.31414
25.625 72.125 -0.15689
25.625 72.375 0.18088
25.625 72.625 -0.91456
25.625 72.875 -0.93771
25.625 73.125 -0.9061
25.625 73.375 -0.46626
25.625 73.625 -0.54153
25.625 73.875 -0.66697
25.625 74.125 0.79088
25.625 74.375 0.051522
25.625 74.625 0.25254
25.625 74.875 1.6434
25.625 75.125 -0.075512
25.625 75.375 0.46747
25.625 75.625 1.0713
25.625 75.875 1.2548
25.625 76.125 0.93976
25.625 76.375 0.090946
25.625 76.625 0.55922
25.625 76.875 1.1516
25.625 77.125 0.285
25.625 77.375 0.92411
25.625 77.625 0.9702
25.625 77.875 1.5142
25.625 78.125 0.86378
25.625 78.375 -0.54089
25.625 78.625 -0.62613
25.625 78.875 -1.3861
25.625 79.125 1.4095
25.625 79.375 1.9888
25.625 79.625 0.7471
25.625 79.875 0.66103
25.625 80.125 0.29149
25.625 80.375 -0.54233
25.625 80.625 -1.7714
25.625 80.875 -1.5863
25.625 81.125 -1.9496
25.625 81.375 -1.9714
25.625 81.625 -1.6778
25.625 81.875 -1.7035
25.625 82.125 -2.0638
25.625 82.375 -1.9199
25.625 82.625 -2.265
25.625 82.875 -2.2208
25.625 83.125 -1.9354
25.625 83.375 -1.6508
25.625 83.625 -1.2348
25.625 83.875 -1.329
25.625 84.125 -1.9196
25.625 84.375 -1.8646
25.625 84.625 -0.1246
25.625 84.875 -0.37673
25.625 85.125 -1.361
25.625 85.375 -1.6379
25.625 85.625 -1.1102
25.625 85.875 -0.080718
25.625 86.125 -0.99343
25.625 86.375 -0.55556
25.625 86.625 -1.4977
25.625 86.875 0.30647
25.625 87.125 0.056615
25.625 87.375 -0.60194
25.625 87.625 0.061458
25.625 87.875 -0.11738
25.625 88.125 0.79715
25.625 90.125 -1.7725
25.625 90.375 -0.27439
25.625 90.625 -0.18506
25.625 90.875 -2.2634
25.625 91.125 -1.3268
25.625 91.375 -1.394
25.625 91.625 -0.78429
25.625 91.875 -1.0148
25.625 92.125 -2.0273
25.625 92.375 -2.3094
25.625 92.625 -2.0084
25.625 92.875 -1.6818
25.625 93.125 -1.8109
25.625 93.375 -1.7846
25.625 93.625 -1.2629
25.625 93.875 -0.85888
25.625 94.125 -0.2845
25.625 94.375 -2.1562
NaN NaN NaN
NaN NaN NaN
25.875 70.375 0.32801
25.875 70.625 -0.23007
25.875 70.875 -0.37453
25.875 71.125 -0.5128
25.875 71.375 -0.41711
25.875 71.625 -0.52997
25.875 71.875 -0.17634
25.875 72.125 0.28678
25.875 72.375 0.16399
25.875 72.625 -0.81431
25.875 72.875 -1.0228
25.875 73.125 -0.86223
25.875 73.375 0.77703
25.875 73.625 0.14842
25.875 73.875 -0.48277
25.875 74.125 0.04234
25.875 74.375 0.30411
25.875 74.625 1.2239
25.875 74.875 0.8948
25.875 75.125 0.82558
25.875 75.375 0.014121
25.875 75.625 0.14088
25.875 75.875 1.2219
25.875 76.125 0.90865
25.875 76.375 0.66915
25.875 76.625 0.83462
25.875 76.875 0.71393
25.875 77.125 -0.6746
25.875 77.375 0.47144
25.875 77.625 1.5209
25.875 77.875 0.90462
25.875 78.125 1.7608
25.875 78.375 1.4012
25.875 78.625 1.1848
25.875 78.875 -0.42108
25.875 79.125 -0.1058
25.875 79.375 -0.86732
25.875 79.625 -0.72154
25.875 79.875 -0.15695
25.875 80.125 -0.4969
25.875 80.375 -1.7545
25.875 80.625 -0.87146
25.875 80.875 -1.408
25.875 81.125 -1.5801
25.875 81.375 -1.7619
25.875 81.625 -1.1666
25.875 81.875 -1.5043
25.875 82.125 -2.1239
25.875 82.375 -1.7843
25.875 82.625 -2.1012
25.875 82.875 -0.69182
25.875 83.125 -1.8515
25.875 83.375 -2.3841
25.875 83.625 -0.45926
25.875 83.875 -1.2294
25.875 84.125 0.51883
25.875 84.375 -1.6137
25.875 84.625 -0.76297
25.875 84.875 -0.79753
25.875 85.125 -0.88129
25.875 85.375 -1.0362
25.875 85.625 -0.35228
25.875 85.875 -1.0807
25.875 86.125 -1.3754
25.875 86.375 -0.022758
25.875 86.625 0.93366
25.875 86.875 0.50119
25.875 87.125 -0.76687
25.875 87.375 -0.39077
25.875 87.625 -0.86574
25.875 87.875 -1.613
25.875 90.125 -0.79528
25.875 90.375 -0.76803
25.875 90.625 -1.1447
25.875 90.875 -1.4306
25.875 91.125 -0.38566
25.875 91.375 -0.39064
25.875 91.625 -0.95619
25.875 91.875 -1.9843
25.875 92.125 -2.058
25.875 92.375 -1.7287
25.875 92.625 -1.0498
25.875 92.875 -1.5106
25.875 93.125 -2.0116
25.875 93.375 -2.0209
25.875 93.625 -1.3673
25.875 93.875 -0.45114
25.875 94.125 -0.99047
25.875 94.375 -1.6908
25.875 94.625 -1.9574
25.875 94.875 -0.13145
26.125 70.375 -0.2716
26.125 70.625 -0.4001
26.125 70.875 -0.37642
26.125 71.125 -0.21755
26.125 71.375 -0.31252
26.125 71.625 -0.035249
26.125 71.875 0.19813
26.125 72.125 -0.088762
26.125 72.375 -0.070089
26.125 72.625 -0.74058
26.125 72.875 -0.84101
26.125 73.125 -0.4731
26.125 73.375 0.1718
26.125 73.625 0.39604
26.125 73.875 -0.24155
26.125 74.125 -0.78575
26.125 74.375 0.28321
26.125 74.625 0.75336
26.125 74.875 1.5111
26.125 75.125 1.4596
26.125 75.375 0.03323
26.125 75.625 -0.2211
26.125 75.875 -0.15371
26.125 76.125 -0.063012
26.125 76.375 0.30701
26.125 76.625 0.84615
26.125 76.875 0.52473
26.125 77.125 0.13737
26.125 77.375 0.39535
26.125 77.625 1.3863
26.125 77.875 0.92121
26.125 78.125 1.5832
26.125 78.375 1.8895
26.125 78.625 1.4367
26.125 78.875 -0.13799
26.125 79.125 0.25307
26.125 79.375 -0.28195
26.125 79.625 -1.5351
26.125 79.875 -1.3935
26.125 80.125 -0.7102
26.125 80.375 -1.1414
26.125 80.625 -1.8026
26.125 80.875 -0.36751
26.125 81.125 -0.88846
26.125 81.375 -1.9301
26.125 81.625 -1.2267
26.125 81.875 -0.82735
26.125 82.125 -1.9133
26.125 82.375 -1.8065
26.125 82.625 -1.7663
26.125 82.875 -1.2412
26.125 83.125 -1.7951
26.125 83.375 -2.0645
26.125 83.625 -1.4546
26.125 83.875 1.0876
26.125 84.125 0.9673
26.125 84.375 -0.86934
26.125 84.625 -0.59891
26.125 84.875 -1.2927
26.125 85.125 -0.034223
26.125 85.375 -1.8836
26.125 85.625 -1.0435
26.125 85.875 1.5242
26.125 86.125 -0.3731
26.125 86.375 -0.66408
26.125 86.625 0.096777
26.125 86.875 -0.85707
26.125 87.125 -0.8339
26.125 87.375 -1.0084
26.125 87.625 -1.0977
26.125 87.875 -1.5343
26.125 88.125 -1.9586
26.125 89.375 -0.78007
26.125 89.875 -1.2723
26.125 90.125 -0.54679
26.125 90.375 -0.24992
26.125 90.625 0.038401
26.125 90.875 -0.89028
26.125 91.125 -0.73117
26.125 91.375 -0.47191
26.125 91.625 -1.6349
26.125 91.875 -1.6059
26.125 92.125 -0.90971
26.125 92.375 -1.9521
26.125 92.625 -0.92406
26.125 92.875 -0.90977
26.125 93.125 -1.9849
26.125 93.375 -1.503
26.125 93.625 -1.815
26.125 93.875 -1.4946
26.125 94.125 -1.1744
26.125 94.375 -0.98569
26.125 94.625 -1.4806
26.125 94.875 -0.46622
26.375 70.375 -1.2136
26.375 70.625 -0.96969
26.375 70.875 -0.96431
26.375 71.125 -0.622
26.375 71.375 -0.57533
26.375 71.625 -0.6529
26.375 71.875 0.14564
26.375 72.125 -0.15205
26.375 72.375 -0.083786
26.375 72.625 -0.65891
26.375 72.875 -0.93132
26.375 73.125 -1.0171
26.375 73.375 -0.80379
26.375 73.625 -0.75047
26.375 73.875 -0.75404
26.375 74.125 -0.2643
26.375 74.375 0.28088
26.375 74.625 -0.38347
26.375 74.875 0.79704
26.375 75.125 1.0026
26.375 75.375 0.55373
26.375 75.625 -0.46444
26.375 75.875 -0.51339
26.375 76.125 -0.085017
26.375 76.375 0.22097
26.375 76.625 0.70066
26.375 76.875 0.86625
26.375 77.125 0.70139
26.375 77.375 1.8289
26.375 77.625 1.343
26.375 77.875 -0.63101
26.375 78.125 1.191
26.375 78.375 1.1505
26.375 78.625 1.9094
26.375 78.875 1.2004
26.375 79.125 0.49751
26.375 79.375 -1.4851
26.375 79.625 -1.5862
26.375 79.875 -1.0511
26.375 80.125 0.060971
26.375 80.375 -1.6448
26.375 80.625 -1.6775
26.375 80.875 -1.2243
26.375 81.125 -1.4188
26.375 81.375 -2.1352
26.375 81.625 -1.7929
26.375 81.875 -0.89412
26.375 82.125 -1.7439
26.375 82.375 -1.7305
26.375 82.625 -1.4824
26.375 82.875 -1.6728
26.375 83.125 -1.4276
26.375 83.375 -1.8963
26.375 83.625 -0.36237
26.375 83.875 -0.36961
26.375 84.125 -0.4164
26.375 84.375 -0.017665
26.375 84.625 -1.1285
26.375 84.875 -1.5246
26.375 85.125 -1.6882
26.375 85.375 -1.9749
26.375 85.625 -1.1012
26.375 85.875 0.16864
26.375 86.125 -1.0967
26.375 86.375 -2.123
26.375 86.625 -1.6653
26.375 86.875 0.41646
26.375 87.125 0.045199
26.375 87.625 -1.3021
26.375 87.875 -1.3408
26.375 88.125 -1.8868
26.375 88.375 0.64558
26.375 88.875 0.86867
26.375 89.375 -1.356
26.375 89.625 -0.17306
26.375 89.875 -1.0393
26.375 90.125 -0.26194
26.375 90.375 -0.012322
26.375 90.625 -0.93098
26.375 90.875 -1.6912
26.375 91.125 -1.583
26.375 91.375 -0.8731
26.375 91.625 -1.0125
26.375 91.875 -1.2242
26.375 92.125 -0.54471
26.375 92.375 -0.78497
26.375 92.625 -0.6425
26.375 92.875 -0.9973
26.375 93.125 -0.9459
26.375 93.375 -1.4365
26.375 93.625 -1.1479
26.375 93.875 -1.3532
26.375 94.125 -1.417
26.375 94.375 -0.71231
26.375 94.625 -0.98775
26.375 94.875 0.040697
26.625 69.875 -0.87625
26.625 70.125 -1.0008
26.625 70.375 -0.99423
26.625 70.625 -0.75325
26.625 70.875 -0.77256
26.625 71.125 -0.93765
26.625 71.375 -1.2128
26.625 71.625 -0.75091
26.625 71.875 0.26388
26.625 72.125 -0.15307
26.625 72.375 -0.53312
26.625 72.625 -0.88825
26.625 72.875 -0.63148
26.625 73.125 -0.80903
26.625 73.375 -0.70504
26.625 73.625 -0.79075
26.625 73.875 -0.54353
26.625 74.125 -0.67339
26.625 74.375 -0.14193
26.625 74.625 -0.25124
26.625 74.875 1.4198
26.625 75.125 0.15381
26.625 75.375 0.2467
26.625 75.625 0.20508
26.625 75.875 -0.51096
26.625 76.125 -0.035814
26.625 76.375 -0.79534
26.625 76.625 -0.1537
26.625 76.875 0.71009
26.625 77.125 1.1406
26.625 77.375 1.6754
26.625 77.625 1.0179
26.625 77.875 -2.2575
26.625 78.125 0.76208
26.625 78.375 1.438
26.625 78.625 -0.12324
26.625 78.875 0.56142
26.625 79.125 -1.5469
26.625 79.375 -0.39671
26.625 79.625 -0.38733
26.625 79.875 -1.1315
26.625 80.125 -1.7733
26.625 80.375 -1.4942
26.625 80.625 -1.6218
26.625 80.875 -0.92682
26.625 81.125 -0.66396
26.625 81.375 -1.914
26.625 81.625 -1.1468
26.625 81.875 -0.10797
26.625 82.125 -1.674
26.625 82.375 -1.8568
26.625 82.625 -2.1664
26.625 82.875 -1.752
26.625 83.125 -0.45153
26.625 83.375 -1.6715
26.625 83.625 -1.1939
26.625 83.875 -1.7108
26.625 84.125 -0.54562
26.625 84.375 -0.2974
26.625 84.625 -1.2612
26.625 84.875 -1.8018
26.625 85.125 -1.8099
26.625 85.375 -1.4096
26.625 85.625 -0.46715
26.625 86.125 -1.4629
26.625 88.375 2.3503
26.625 88.625 0.40734
26.625 88.875 -1.4277
26.625 89.125 0.02534
26.625 89.375 0.25663
26.625 89.625 -0.43667
26.625 89.875 -1.0297
26.625 90.125 -0.65695
26.625 90.375 -1.7279
26.625 90.625 -1.9801
26.625 90.875 -1.6587
26.625 91.125 -1.2399
26.625 91.375 -1.3686
26.625 91.625 -1.5992
26.625 91.875 -1.4423
26.625 92.125 -0.81058
26.625 92.375 -1.1695
26.625 92.625 -1.0523
26.625 92.875 -0.013646
26.625 93.125 -1.0279
26.625 93.375 -1.935
26.625 93.625 -1.4196
26.625 93.875 -1.4866
26.625 94.125 -1.4236
26.625 94.375 -1.1476
26.625 94.625 -0.64634
26.625 94.875 -0.27299
26.625 95.125 -0.53949
26.875 69.625 -0.87876
26.875 69.875 -0.77805
26.875 70.125 -0.88293
26.875 70.375 -1.0189
26.875 70.625 -0.79762
26.875 70.875 -0.88579
26.875 71.125 -0.87998
26.875 71.375 -1.4323
26.875 71.625 -1.7505
26.875 71.875 -0.81046
26.875 72.125 -0.29329
26.875 72.375 -0.15148
26.875 72.625 -0.5198
26.875 72.875 -0.79522
26.875 73.125 0.26082
26.875 73.375 -0.30403
26.875 73.625 0.26213
26.875 73.875 -0.53151
26.875 74.125 -0.46011
26.875 74.375 -1.2749
26.875 74.625 -0.63472
26.875 74.875 1.4276
26.875 75.125 1.2623
26.875 75.375 0.24147
26.875 75.625 -0.93524
26.875 75.875 -0.47042
26.875 76.125 -0.064411
26.875 76.375 -0.16597
26.875 76.625 -0.44455
26.875 76.875 0.34861
26.875 77.125 0.7197
26.875 77.375 1.0603
26.875 77.625 1.0168
26.875 77.875 -1.3083
26.875 78.125 -1.8416
26.875 78.375 -1.739
26.875 78.625 -2.0707
26.875 78.875 0.49407
26.875 79.125 -0.71406
26.875 79.375 -0.13928
26.875 79.625 0.048978
26.875 79.875 -0.73837
26.875 80.125 -1.7255
26.875 80.375 -1.373
26.875 80.625 -2.0142
26.875 80.875 -0.44087
26.875 81.125 -0.39943
26.875 81.375 -0.32238
26.875 81.625 -1.7631
26.875 81.875 -0.11183
26.875 82.125 0.10886
26.875 82.375 -2.0537
26.875 82.625 -1.7151
26.875 82.875 -1.0998
26.875 83.125 -1.6755
26.875 83.375 -1.8824
26.875 83.625 -1.873
26.875 83.875 -1.7527
26.875 84.125 -0.68483
26.875 84.375 -1.9302
26.875 84.625 -1.2445
26.875 84.875 -1.2751
26.875 88.375 1.973
26.875 88.625 -0.3953
26.875 88.875 0.1934
26.875 92.375 -0.93623
26.875 92.625 -0.49465
26.875 92.875 -1.115
26.875 93.125 0.6267
26.875 93.375 -1.535
26.875 93.625 -1.1454
26.875 93.875 -1.9294
26.875 94.125 -1.2574
26.875 94.375 -0.86872
26.875 94.625 -0.7793
26.875 94.875 -1.5648
26.875 95.125 -1.3197
26.875 95.375 -1.134
26.875 95.625 -2.0581
27.125 69.875 -0.72269
27.125 70.125 -0.50919
27.125 70.375 -0.6828
27.125 70.625 -0.72584
27.125 70.875 -0.79864
27.125 71.125 -1.0805
27.125 71.375 -1.5367
27.125 71.625 -1.629
27.125 71.875 -0.43385
27.125 72.125 0.083886
27.125 72.375 -0.36806
27.125 72.625 0.3665
27.125 72.875 -0.51123
27.125 73.125 0.14025
27.125 73.375 -0.031605
27.125 73.625 0.0307
27.125 73.875 -0.13263
27.125 74.125 0.085258
27.125 74.375 -0.71339
27.125 74.625 -0.36617
27.125 74.875 -0.29905
27.125 75.125 0.11122
27.125 75.375 -0.18865
27.125 75.625 0.37955
27.125 75.875 0.5833
27.125 76.125 -0.21869
27.125 76.375 -0.53493
27.125 76.625 -1.0918
27.125 76.875 -1.1168
27.125 77.125 1.2758
27.125 77.375 0.78318
27.125 77.625 0.30354
27.125 77.875 -0.58753
27.125 78.125 1.2031
27.125 78.375 -1.0558
27.125 78.625 -1.5544
27.125 78.875 -1.2874
27.125 79.125 -0.9971
27.125 79.375 -1.2296
27.125 79.625 -0.12976
27.125 79.875 0.76203
27.125 80.125 -0.25475
27.125 80.375 -1.1537
27.125 80.625 -1.5321
27.125 80.875 -1.9193
27.125 81.125 -0.7123
27.125 81.375 0.35525
27.125 81.625 -0.66157
27.125 81.875 -0.27867
27.125 82.125 -0.72213
27.125 82.375 -1.6695
27.125 82.625 -0.32785
27.125 82.875 -0.8298
27.125 83.125 -1.8799
27.125 83.375 -0.54296
27.125 83.625 -1.1255
27.125 83.875 -1.0317
27.125 84.125 -1.2131
27.125 84.375 -1.1704
27.125 84.625 -1.2809
27.125 88.125 1.5405
27.125 88.375 0.51344
27.125 88.625 0.57047
27.125 92.125 -1.8229
27.125 92.375 -1.8133
27.125 92.625 -1.2881
27.125 92.875 0.008434
27.125 93.125 -0.20261
27.125 93.375 0.060995
27.125 93.625 -0.93831
27.125 93.875 -0.20636
27.125 94.125 -1.4363
27.125 94.375 -0.84141
27.125 94.625 -0.93261
27.125 94.875 -0.97569
27.125 95.125 -1.4227
27.125 95.375 -1.5458
27.125 95.625 -1.0345
27.125 95.875 -1.3526
27.375 70.125 -0.71142
27.375 70.375 -0.65284
27.375 70.625 -0.71001
27.375 70.875 -0.62742
27.375 71.125 -1.0658
27.375 71.375 -1.4026
27.375 71.625 -1.2425
27.375 71.875 0.4412
27.375 72.125 0.57355
27.375 72.375 0.52243
27.375 72.625 0.076149
27.375 72.875 -0.012344
27.375 73.125 -0.31094
27.375 73.375 -0.52102
27.375 73.625 -0.012077
27.375 73.875 0.061784
27.375 74.125 0.10646
27.375 74.375 -0.17554
27.375 74.625 0.49532
27.375 74.875 0.39381
27.375 75.125 -0.4085
27.375 75.375 -0.12844
27.375 75.625 0.77037
27.375 75.875 0.57781
27.375 76.125 -0.78767
27.375 76.375 0.043397
27.375 76.625 -0.89254
27.375 76.875 1.092
27.375 77.125 0.48427
27.375 77.375 -1.6471
27.375 77.625 -0.76436
27.375 77.875 -0.35303
27.375 78.125 0.98513
27.375 78.375 -0.61294
27.375 78.625 -0.37558
27.375 78.875 -0.82201
27.375 79.125 -0.98202
27.375 79.375 -0.81944
27.375 79.625 -0.52449
27.375 79.875 -0.8472
27.375 80.125 -1.5347
27.375 80.375 -1.9354
27.375 80.625 -1.731
27.375 80.875 -1.4267
27.375 81.125 -0.30809
27.375 81.375 -0.0062905
27.375 81.625 -1.6632
27.375 81.875 -1.1832
27.375 82.125 -0.89493
27.375 82.375 -0.88252
27.375 82.625 -0.48409
27.375 82.875 -0.5241
27.375 83.125 -0.89076
27.375 83.625 -0.2045
27.375 84.125 -0.43462
27.375 84.375 -1.2535
27.375 88.125 1.5677
27.375 88.375 1.883
27.375 88.625 0.10014
27.375 92.125 -0.95666
27.375 92.375 -0.52725
27.375 92.625 0.24205
27.375 92.875 1.8064
27.375 93.125 1.363
27.375 93.375 -1.0623
27.375 93.625 -0.28956
27.375 93.875 -1.2782
27.375 94.125 -2.0951
27.375 94.375 -1.6714
27.375 94.625 -1.5445
27.375 94.875 -1.409
27.375 95.125 -0.87202
27.375 95.375 -1.2008
27.375 95.625 -1.7634
27.375 95.875 -1.6783
27.375 96.125 -1.3394
27.375 96.375 -1.2556
NaN NaN NaN
27.375 96.875 0.10571
27.625 70.125 -0.72645
27.625 70.375 -0.68456
27.625 70.625 -0.57273
27.625 70.875 -0.68648
27.625 71.125 -0.57833
27.625 71.375 -0.79673
27.625 71.625 -0.64493
27.625 71.875 0.76359
27.625 72.125 0.20719
27.625 72.375 -0.10676
27.625 72.625 -0.56182
27.625 72.875 -0.19986
27.625 73.125 -0.31143
27.625 73.375 -0.86689
27.625 73.625 -0.88013
27.625 73.875 0.96196
27.625 74.125 -0.054765
27.625 74.375 -0.18162
27.625 74.625 -0.47637
27.625 74.875 -0.54611
27.625 75.125 -0.45755
27.625 75.375 -0.43463
27.625 75.625 -0.82333
27.625 75.875 -1.3748
27.625 76.125 -0.51652
27.625 76.375 -1.1774
27.625 76.625 -1.145
27.625 76.875 -1.0247
27.625 77.125 -1.41
27.625 77.375 -0.98403
27.625 77.625 -2.0138
27.625 77.875 -0.16303
27.625 78.125 0.84562
27.625 78.375 0.2147
27.625 78.625 -1.4996
27.625 78.875 -0.70537
27.625 79.125 -1.4871
27.625 79.375 -1.7613
27.625 79.625 -0.86018
27.625 79.875 0.67239
27.625 80.125 -0.22175
27.625 80.375 -1.2948
27.625 80.625 -2.1769
27.625 80.875 -1.3812
27.625 81.125 -0.36234
27.625 81.375 -0.16757
27.625 81.625 -0.76103
27.625 81.875 -0.77263
27.625 82.125 -1.0486
27.625 82.375 -1.1807
27.625 82.625 -0.47365
27.625 88.375 2.1911
27.625 88.625 1.3952
27.625 91.625 -1.3493
27.625 91.875 -1.7614
27.625 92.125 -1.1381
27.625 92.375 -0.80226
27.625 92.625 -1.3488
27.625 92.875 -0.47766
27.625 93.125 2.1603
27.625 93.375 -0.15197
27.625 93.625 -1.5569
27.625 93.875 -1.8579
27.625 94.125 -1.5652
27.625 94.375 -1.9111
27.625 94.625 -1.8962
27.625 94.875 -1.6111
27.625 95.125 -2.1458
27.625 95.375 -1.3896
27.625 95.625 -1.6101
27.625 95.875 -1.871
27.625 96.125 -1.5801
27.625 96.375 -1.8071
27.625 96.625 -0.56482
27.625 96.875 -0.68189
27.875 70.375 -0.66795
27.875 71.875 -0.045589
27.875 72.125 -0.29398
27.875 72.375 -0.34077
27.875 72.625 -0.061278
27.875 72.875 -0.020376
27.875 73.125 -0.15407
27.875 73.375 0.054402
27.875 73.625 -1.165
27.875 73.875 -1.0521
27.875 74.125 -0.35442
27.875 74.375 -1.205
27.875 74.625 -0.94718
27.875 74.875 -0.46049
27.875 75.125 -1.259
27.875 75.375 0.14382
27.875 75.625 -1.1479
27.875 75.875 -1.2518
27.875 76.125 -1.4476
27.875 76.375 -0.87645
27.875 76.625 -0.98146
27.875 76.875 -1.6621
27.875 77.125 -0.78114
27.875 77.375 -1.5501
27.875 77.625 -1.4174
27.875 77.875 -1.4583
27.875 78.125 -0.75225
27.875 78.375 1.3469
27.875 78.625 0.5964
27.875 78.875 -1.1088
27.875 79.125 -0.44581
27.875 79.375 -1.1598
27.875 79.625 -0.84324
27.875 79.875 0.21666
27.875 80.125 0.11853
27.875 80.375 -0.97199
27.875 80.625 -1.6744
27.875 80.875 -2.0885
27.875 81.125 -0.90969
27.875 81.375 -0.2533
27.875 81.625 0.11613
27.875 88.375 1.9642
27.875 88.625 1.8772
27.875 92.875 -1.9105
27.875 93.125 2.274
27.875 93.375 1.6714
27.875 93.625 0.76645
27.875 93.875 -1.2999
27.875 94.125 -1.7807
27.875 94.375 -1.4487
27.875 94.625 -1.6039
27.875 94.875 -1.1115
27.875 95.125 -0.77679
27.875 95.375 -2.0173
27.875 95.625 -1.7113
27.875 95.875 -2.1237
27.875 96.125 -2.1222
27.875 96.375 -0.68997
27.875 96.625 -0.18944
NaN NaN NaN
27.875 97.125 0.06614
28.125 72.125 -0.64213
28.125 72.375 -0.79713
28.125 72.625 -0.40306
28.125 72.875 0.44406
28.125 73.125 0.81232
28.125 73.375 0.31397
28.125 73.625 0.09708
28.125 73.875 -0.006434
28.125 74.125 -0.51512
28.125 74.375 -0.7301
28.125 74.625 -1.2815
28.125 74.875 -0.66739
28.125 75.125 -1.5041
28.125 75.375 -0.32439
28.125 75.625 -0.98128
28.125 75.875 -1.4715
28.125 76.125 -1.4308
28.125 76.375 -0.44717
28.125 76.625 -0.39549
28.125 76.875 -1.4562
28.125 77.125 -2.0376
28.125 77.375 -1.9085
28.125 77.625 -1.3869
28.125 77.875 -1.7133
28.125 78.125 -1.3171
28.125 78.375 1.4417
28.125 78.625 -1.5992
28.125 78.875 -0.68478
28.125 79.125 -0.3599
28.125 79.375 -1.4485
28.125 79.625 -1.014
28.125 79.875 0.57321
28.125 80.125 0.086155
28.125 80.375 -0.37897
28.125 80.625 -0.73322
28.125 80.875 -1.578
28.125 81.125 -1.2806
28.125 81.375 -0.40366
28.125 92.875 -2.011
28.125 93.125 0.56431
28.125 93.375 1.8312
28.125 93.625 1.7643
28.125 93.875 1.6858
28.125 94.125 -1.2886
28.125 94.375 -2.0442
28.125 94.625 -1.7853
28.125 94.875 -1.4901
28.125 95.125 -1.7928
28.125 95.375 -1.9206
28.125 95.625 -1.4746
28.125 95.875 -1.5026
28.125 96.125 -1.8132
28.125 96.375 0.00069623
NaN NaN NaN
NaN NaN NaN
NaN NaN NaN
28.375 72.375 -0.65474
28.375 72.625 -0.48304
28.375 72.875 -0.18244
28.375 73.125 0.081126
28.375 73.375 -0.099959
28.375 73.625 -0.54166
28.375 73.875 0.049039
28.375 74.125 -0.0099501
28.375 74.375 -0.54862
28.375 74.625 -0.36771
28.375 74.875 0.033416
28.375 75.125 -0.35241
28.375 75.375 -0.62589
28.375 75.625 -1.1792
28.375 75.875 -1.6646
28.375 76.125 -0.98663
28.375 76.375 -1.3459
28.375 76.625 -0.028145
28.375 76.875 0.38851
28.375 77.125 -2.1936
28.375 77.375 -1.9873
28.375 77.625 -1.6197
28.375 77.875 -1.6832
28.375 78.125 0.71257
28.375 78.375 0.79673
28.375 78.625 -1.4606
28.375 78.875 -1.3369
28.375 79.125 -0.79252
28.375 79.375 -0.47149
28.375 79.625 -0.58419
28.375 79.875 -1.7182
28.375 80.125 -0.21007
28.375 80.375 -0.65321
28.375 80.625 -0.9989
28.375 80.875 -0.50328
28.375 81.125 -0.4819
28.375 93.375 -0.92094
28.375 93.625 0.157
28.375 93.875 0.12209
28.375 94.125 0.62526
28.375 94.375 -1.2743
28.375 94.625 -1.386
28.375 94.875 -1.1349
28.375 95.125 -1.4406
28.375 95.375 -1.1646
28.375 95.625 -1.3627
28.375 95.875 -1.4144
28.375 96.125 -1.5623
NaN NaN NaN
28.625 72.375 -0.64498
28.625 72.625 -0.17476
28.625 72.875 -0.30139
28.625 73.125 0.035819
28.625 73.375 -0.19591
28.625 73.625 -0.54687
28.625 73.875 -0.44946
28.625 74.125 -0.29336
28.625 74.375 -0.086918
28.625 74.625 -0.42033
28.625 74.875 -0.32426
28.625 75.125 -0.51654
28.625 75.375 -0.37691
28.625 75.625 -1.0129
28.625 75.875 -1.1252
28.625 76.125 -1.02
28.625 76.375 -1.1254
28.625 76.625 -0.34787
28.625 76.875 -0.78452
28.625 77.125 -1.4229
28.625 77.375 -1.5404
28.625 77.625 -1.6114
28.625 77.875 -1.8784
28.625 78.125 -0.74556
28.625 78.375 0.41263
28.625 78.625 -1.694
28.625 78.875 -0.99793
28.625 79.125 0.19566
28.625 79.375 -0.50025
28.625 79.625 -0.33707
28.625 79.875 -1.5514
28.625 80.125 0.060643
28.625 80.375 -0.45995
28.625 80.625 -0.91787
28.625 93.625 -0.099951
28.625 93.875 1.9589
28.625 94.125 1.0746
28.625 94.375 0.63825
28.625 94.625 0.9948
28.625 94.875 0.66013
28.625 95.125 -1.1142
28.625 95.375 -1.4839
28.625 95.625 0.7089
28.625 95.875 -0.19544
28.625 96.125 1.0471
NaN NaN NaN
28.875 72.875 -0.98936
28.875 73.125 -0.1003
28.875 73.375 -0.65463
28.875 73.625 -0.26953
28.875 73.875 -0.7822
28.875 74.125 -0.23902
28.875 74.375 -0.93057
28.875 74.625 -0.42519
28.875 74.875 -1.2537
28.875 75.125 -0.96578
28.875 75.375 -1.2853
28.875 75.625 -0.98502
28.875 75.875 -0.83485
28.875 76.125 -1.1729
28.875 76.375 -0.96499
28.875 76.625 -0.85447
28.875 76.875 -0.75146
28.875 77.125 -1.5563
28.875 77.375 -0.89302
28.875 77.625 -1.1453
28.875 77.875 -0.54079
28.875 78.125 -0.91485
28.875 78.375 -0.6544
28.875 78.625 -1.0995
28.875 78.875 -1.5
28.875 79.125 -1.321
28.875 79.375 0.48038
28.875 79.625 -1.504
28.875 79.875 -1.652
28.875 94.125 0.10181
28.875 94.375 0.79529
28.875 94.625 1.5616
28.875 94.875 1.3289
28.875 95.125 0.22144
28.875 95.375 -1.4708
28.875 95.625 -0.31655
28.875 95.875 0.086299
28.875 96.125 1.6343
NaN NaN NaN
29.125 73.125 0.17391
29.125 73.375 -0.29714
29.125 73.625 -0.10122
29.125 73.875 0.44508
29.125 74.125 0.098224
29.125 74.375 -0.56744
29.125 74.625 -0.22831
29.125 74.875 -0.66826
29.125 75.125 -1.5276
29.125 75.375 -0.73328
29.125 75.625 -0.94095
29.125 75.875 -1.266
29.125 76.125 -1.2761
29.125 76.375 -1.5977
29.125 76.625 -1.3112
29.125 76.875 -1.4435
29.125 77.125 -1.6118
29.125 77.375 -1.5538
29.125 77.625 -0.47693
29.125 77.875 0.12012
29.125 78.125 -0.3839
29.125 78.375 -0.53886
29.125 78.625 -1.6636
29.125 78.875 -0.44341
29.125 79.125 -1.6169
29.125 79.375 -1.488
29.125 79.625 -0.2119
29.125 79.875 -0.022962
29.125 80.125 0.22808
29.125 94.375 1.3313
29.125 94.625 1.0192
29.125 94.875 1.6182
29.125 95.625 0.98005
29.125 95.875 1.9594
29.125 96.125 2.4203
29.375 73.375 0.55068
29.375 73.625 -0.89824
29.375 73.875 -0.2434
29.375 74.125 -0.74448
29.375 74.375 -0.88772
29.375 74.625 -1.3147
29.375 74.875 -0.5576
29.375 75.125 -0.59592
29.375 75.375 -0.60634
29.375 75.625 -1.0258
29.375 75.875 -1.3789
29.375 76.125 -1.475
29.375 76.375 -1.6818
29.375 76.625 -1.574
29.375 76.875 -1.3652
29.375 77.125 -1.8534
29.375 77.375 -2.0189
29.375 77.625 -0.073087
29.375 77.875 0.21229
29.375 78.125 -0.94401
29.375 78.375 -0.82957
29.375 78.625 -1.6255
29.375 78.875 -0.26849
29.375 79.125 0.090257
29.375 79.375 -1.2406
29.375 79.625 -1.6456
29.375 79.875 -1.3361
29.375 80.125 -1.2564
NaN NaN NaN
29.625 73.375 0.38852
29.625 73.625 0.011157
29.625 73.875 -2.1728
29.625 74.125 -0.86787
29.625 74.375 -0.97073
29.625 74.625 -1.4986
29.625 74.875 -0.75274
29.625 75.125 -0.74128
29.625 75.375 -1.0601
29.625 75.625 -0.78988
29.625 75.875 -1.2902
29.625 76.125 -1.1441
29.625 76.375 -1.6007
29.625 76.625 -0.69948
29.625 76.875 -1.2402
29.625 77.125 -1.8707
29.625 77.375 -2.1184
29.625 77.625 -1.9663
29.625 77.875 -0.59683
29.625 78.125 -1.0837
29.625 78.375 -1.8298
29.625 78.625 -2.0013
29.625 78.875 -0.8846
29.625 79.125 -0.85834
29.625 79.375 0.08096
29.625 79.625 -0.19109
29.625 79.875 -0.50834
29.625 80.125 -1.0871
29.875 73.625 -0.75792
29.875 73.875 -1.2774
29.875 74.125 -0.93921
29.875 74.375 -1.5247
29.875 74.625 -1.8431
29.875 74.875 -2.0043
29.875 75.125 -1.0615
29.875 75.375 -0.70709
29.875 75.625 -0.57487
29.875 75.875 -1.8035
29.875 76.125 -1.9198
29.875 76.375 -1.5323
29.875 76.625 -1.5993
29.875 76.875 -2.0433
29.875 77.125 -1.9481
29.875 77.375 -1.8975
29.875 77.625 -2.0854
29.875 77.875 -1.9671
29.875 78.125 -2.2742
29.875 78.375 -0.30583
29.875 78.625 -1.0092
29.875 78.875 -0.40734
29.875 79.125 -1.4744
29.875 79.375 -1.2891
29.875 79.625 -0.55559
29.875 79.875 -0.28025
29.875 80.125 -0.80455
29.875 80.375 -0.1651
30.125 74.125 -1.0513
30.125 74.375 -1.5935
30.125 74.625 -2.0131
30.125 74.875 -1.8165
30.125 75.125 -1.1695
30.125 75.375 -0.51972
30.125 75.625 -1.2217
30.125 75.875 -1.8828
30.125 76.125 -1.5751
30.125 76.375 -1.4433
30.125 76.625 -2.1814
30.125 76.875 -2.0829
30.125 77.125 -1.5682
30.125 77.375 -2.0897
30.125 77.625 -2.1976
30.125 77.875 -2.2526
30.125 78.125 -2.3108
30.125 78.375 0.77796
30.125 78.625 -0.34142
30.125 78.875 1.0554
30.125 79.125 -0.56434
30.125 79.375 -0.93761
30.125 79.625 0.037102
30.125 79.875 -0.075893
30.125 80.125 -0.32873
30.125 80.375 -0.42976
30.125 80.625 -0.38816
30.375 74.125 -0.078172
30.375 74.375 -0.5215
30.375 74.625 -1.2326
30.375 74.875 -1.1227
30.375 75.125 -2.1601
30.375 75.375 -1.5046
30.375 75.625 -1.4152
30.375 75.875 -1.6455
30.375 76.125 -2.093
30.375 76.375 -1.8771
30.375 76.625 -2.2803
30.375 76.875 -1.9843
30.375 77.125 -1.3951
30.375 77.375 -1.3748
30.375 77.625 -0.96755
30.375 77.875 -2.0039
30.375 78.125 -2.2308
30.375 78.375 -2.3136
30.375 78.625 -1.9602
30.375 78.875 0.45033
30.375 79.125 -0.18699
30.375 79.375 -0.52198
30.375 79.625 0.36804
30.375 79.875 0.029843
30.375 80.125 -0.58026
30.375 80.375 -0.93795
30.375 80.625 -1.4777
30.625 74.375 -0.91515
30.625 74.625 -1.0646
30.625 74.875 -1.1419
30.625 75.125 -1.068
30.625 75.375 -2.2462
30.625 75.625 -2.016
30.625 75.875 -2.3682
30.625 76.125 -2.0132
30.625 76.375 -2.3143
30.625 76.625 -1.9356
30.625 76.875 -1.3576
30.625 77.125 -1.1186
30.625 77.375 -1.0716
30.625 77.625 -1.182
30.625 77.875 -0.56097
30.625 78.125 -0.76254
30.625 78.375 -1.496
30.625 78.625 -1.0181
30.625 78.875 -0.25997
30.625 79.125 0.3793
30.625 79.375 0.047746
30.625 79.625 1.0265
30.625 79.875 0.28693
30.625 80.125 1.6421
30.875 74.625 -1.3706
30.875 74.875 -1.8128
30.875 75.125 -1.623
30.875 75.375 -1.4212
30.875 75.625 -1.5333
30.875 75.875 -1.1653
30.875 76.125 -1.8067
30.875 76.375 -1.0732
30.875 76.625 -0.73321
30.875 76.875 -0.95959
30.875 77.125 -0.10146
30.875 77.375 -0.95394
30.875 77.625 -1.4649
30.875 77.875 -0.023817
30.875 78.125 -0.021913
30.875 78.375 -0.5971
30.875 78.625 -1.2592
30.875 78.875 -0.10427
30.875 79.125 0.038693
30.875 79.375 0.1674
30.875 79.625 -0.86234
30.875 79.875 -0.87729
31.125 74.875 -2.2059
31.125 75.125 -1.6611
31.125 75.375 -2.1116
31.125 75.625 -2.0288
31.125 75.875 -1.3693
31.125 76.125 -0.99281
31.125 76.375 -1.0752
31.125 76.625 -1.0036
31.125 76.875 -1.1913
31.125 77.125 -1.0634
31.125 77.375 -1.0308
31.125 77.625 0.077121
31.125 77.875 -0.39443
31.125 78.125 -0.64746
31.125 78.375 0.36795
31.125 78.625 0.03583
31.125 78.875 1.3472
31.125 79.125 2.0542
31.375 74.875 -1.0931
31.375 75.125 -1.4265
31.375 75.375 -1.8493
31.375 75.625 -1.6632
31.375 75.875 0.087279
31.375 76.125 -1.0824
31.375 76.375 -1.5184
31.375 76.625 -1.2633
31.375 76.875 -1.9925
31.375 77.125 -1.2658
31.375 77.375 1.3269
31.375 77.625 0.33792
31.375 77.875 0.72297
31.375 78.125 1.7722
31.375 78.375 1.8333
31.375 78.625 1.5383
31.625 74.875 -0.086185
31.625 75.125 -0.56237
31.625 75.375 -0.80197
31.625 75.625 -0.6897
31.625 75.875 -1.5817
31.625 76.125 -1.3692
31.625 76.375 -1.5891
31.625 76.625 -1.454
31.625 76.875 -1.5598
31.625 77.125 -1.4656
31.625 77.375 1.6211
31.625 77.625 1.7532
31.625 77.875 2.059
31.625 78.125 1.9281
31.625 78.375 1.9905
31.625 78.625 1.6526
31.875 74.875 0.81283
31.875 75.125 0.46362
31.875 75.375 -0.64526
31.875 75.625 -0.8566
31.875 75.875 -1.0104
31.875 76.125 -1.3714
31.875 76.375 -1.3322
31.875 76.625 -1.5464
31.875 76.875 -1.1532
31.875 77.125 -0.4409
31.875 77.375 0.72271
31.875 77.625 1.7894
31.875 77.875 1.3758
31.875 78.125 1.2552
31.875 78.375 1.6227
31.875 78.625 1.7574
32.125 75.375 0.37122
32.125 75.625 -0.4595
32.125 75.875 -0.81427
32.125 76.125 -1.631
32.125 76.375 -1.6108
32.125 76.625 -1.0388
32.125 76.875 -0.3367
32.125 77.125 -0.016954
32.125 77.375 0.098707
32.125 77.625 0.98917
32.125 77.875 1.1405
32.125 78.125 1.2036
32.125 78.375 1.3611
32.375 75.375 -0.4175
32.375 75.625 -0.50281
32.375 75.875 -1.0966
32.375 76.125 -1.4332
32.375 76.375 -1.0888
32.375 76.625 -0.63916
32.375 76.875 0.93156
32.375 77.125 0.39086
32.375 77.375 0.42011
32.375 77.625 -0.048966
32.375 77.875 0.20128
32.375 78.125 0.9577
32.375 78.375 0.7631
32.625 74.875 -1.0449
32.625 75.125 -0.96772
32.625 75.375 -0.89259
32.625 75.625 -1.0095
32.625 75.875 -1.193
32.625 76.125 -0.81988
32.625 76.375 -1.718
32.625 76.625 0.28006
32.625 76.875 1.8409
32.625 77.125 1.595
32.625 77.375 1.0614
32.625 77.625 1.0748
32.625 77.875 1.2585
32.625 78.125 0.66259
32.625 78.375 0.78964
32.625 78.625 0.35425
32.625 78.875 0.99668
32.625 79.125 1.146
32.625 79.375 1.6212
32.875 74.375 -0.23702
32.875 74.625 -0.35044
32.875 74.875 0.62899
32.875 75.125 0.25386
32.875 75.375 -0.53948
32.875 75.625 -1.638
32.875 75.875 -1.1858
32.875 76.125 0.024923
32.875 76.375 1.184
32.875 76.625 1.4372
32.875 76.875 2.1248
32.875 77.125 1.7412
32.875 77.375 1.435
32.875 77.625 0.73424
32.875 77.875 -0.22729
32.875 78.125 0.040898
32.875 78.375 -0.070857
32.875 78.625 0.60786
32.875 78.875 1.2518
32.875 79.125 1.0839
32.875 79.375 1.4498
33.125 73.875 0.22709
33.125 74.125 0.24113
33.125 74.375 0.24598
33.125 74.625 0.12807
33.125 74.875 1.1973
33.125 75.125 0.59554
33.125 75.375 -1.2177
33.125 75.625 -1.1291
33.125 75.875 -0.25823
33.125 76.125 0.8844
33.125 76.375 1.1549
33.125 76.625 1.1965
33.125 76.875 1.6578
33.125 77.125 2.1219
33.125 77.375 -0.3882
33.125 77.625 -0.51198
33.125 77.875 -1.7214
33.125 78.125 -0.30724
33.125 78.375 -0.48397
33.125 78.625 1.1487
33.125 78.875 0.90988
33.125 79.125 1.3896
33.375 73.875 0.60075
33.375 74.125 1.0069
33.375 74.375 0.64732
33.375 74.625 0.25892
33.375 74.875 0.017026
33.375 75.125 -0.73536
33.375 75.375 -0.49576
33.375 75.625 0.62122
33.375 75.875 1.368
33.375 76.125 1.2474
33.375 76.375 2.0167
33.375 76.625 1.4025
33.375 76.875 1.8431
33.375 77.125 2.213
33.375 77.375 1.7701
33.375 77.625 0.29829
33.375 77.875 -0.80622
33.375 78.125 1.6015
33.375 78.375 1.9322
33.375 78.625 1.0652
33.375 78.875 0.99601
33.625 73.875 -0.077079
33.625 74.125 0.89275
33.625 74.375 0.67486
33.625 74.625 -0.099875
33.625 74.875 -0.45944
33.625 75.125 0.26277
33.625 75.375 0.73107
33.625 75.625 1.5473
33.625 75.875 1.4506
33.625 76.125 1.2917
33.625 76.375 1.2135
33.625 76.625 0.45113
33.625 76.875 1.1529
33.625 77.125 1.0797
33.625 77.375 1.8253
33.625 77.625 1.3554
33.625 77.875 1.8351
33.625 78.125 1.682
33.625 78.375 1.6217
33.625 78.625 0.75983
33.625 78.875 -0.41448
33.875 73.875 -0.23776
33.875 74.125 0.51885
33.875 74.375 0.62829
33.875 74.625 0.67228
33.875 74.875 0.26674
33.875 75.125 0.8525
33.875 75.375 1.2827
33.875 75.625 1.3985
33.875 75.875 1.1775
33.875 76.125 1.1508
33.875 76.375 1.1297
33.875 76.625 1.0618
33.875 76.875 0.89721
33.875 77.125 1.1227
33.875 77.375 1.4334
33.875 77.625 1.1007
33.875 77.875 1.6133
33.875 78.125 1.5461
33.875 78.375 1.0658
33.875 78.625 0.50099
33.875 78.875 1.7804
34.125 73.625 -0.4831
34.125 73.875 -0.14513
34.125 74.125 0.48405
34.125 74.375 -1.0857
34.125 74.625 -0.23707
34.125 74.875 0.34287
34.125 75.125 1.1446
34.125 75.375 0.83651
34.125 75.625 1.5875
34.125 75.875 1.1642
34.125 76.125 1.289
34.125 76.375 0.76495
34.125 76.625 1.6802
34.125 76.875 0.95216
34.125 77.125 0.52481
34.125 77.375 0.70569
34.125 77.625 1.273
34.125 77.875 1.3954
34.125 78.125 1.4001
34.125 78.375 1.6054
34.125 78.625 0.45646
34.125 78.875 1.4974
34.125 79.125 1.1977
34.125 79.375 1.399
34.375 73.625 0.36265
34.375 73.875 -0.15059
34.375 74.125 -2.2091
34.375 74.375 1.4954
34.375 74.625 1.0471
34.375 74.875 1.0379
34.375 75.125 0.44841
34.375 75.375 0.54929
34.375 75.625 1.7046
34.375 75.875 1.6205
34.375 76.125 1.1248
34.375 76.375 1.6336
34.375 76.625 1.133
34.375 76.875 0.80456
34.375 77.125 1.1637
34.375 77.375 0.84021
34.375 77.625 0.77195
34.375 77.875 1.3398
34.375 78.125 1.0774
34.375 78.375 1.464
34.375 78.625 1.8054
34.375 78.875 -0.56201
34.375 79.125 0.80614
34.375 79.375 -1.2613
34.625 73.875 -0.078403
34.625 74.125 0.17924
34.625 74.375 1.5721
34.625 74.625 0.16656
34.625 74.875 0.36286
34.625 75.125 0.89189
34.625 75.375 0.70512
34.625 75.625 -0.19267
34.625 75.875 0.56621
34.625 76.125 1.2981
34.625 76.375 0.77864
34.625 76.625 1.4659
34.625 76.875 1.2219
34.625 77.125 1.9543
34.625 77.375 -0.12436
34.625 77.625 1.3934
34.625 77.875 0.72901
34.625 78.125 0.80831
34.625 78.375 1.6803
34.625 78.625 0.67754
34.625 78.875 -0.20586
34.625 79.125 0.14079
34.625 79.375 1.0187
34.625 79.625 1.4254
34.875 74.125 1.9896
34.875 74.375 1.4337
34.875 74.625 -0.36757
34.875 74.875 0.034532
34.875 75.125 0.064021
34.875 75.375 -1.5371
34.875 75.625 1.2666
34.875 75.875 0.30363
34.875 76.125 -0.60769
34.875 76.375 -0.21414
34.875 76.625 0.17269
34.875 76.875 0.69639
34.875 77.125 -0.15712
34.875 77.375 0.085131
34.875 77.625 0.58838
34.875 77.875 0.99962
34.875 78.125 1.3925
34.875 78.375 2.1528
34.875 78.625 -0.17139
34.875 78.875 -0.21102
34.875 79.125 0.27975
34.875 79.375 2.0347
34.875 79.625 0.33284
34.875 79.875 1.2017
35.125 74.375 2.4026
35.125 74.625 0.77169
35.125 74.875 1.5738
35.125 75.125 -0.27598
35.125 75.375 1.5217
35.125 75.625 2.0031
35.125 75.875 2.2479
35.125 76.125 -0.73704
35.125 76.375 0.95017
35.125 76.625 0.20117
35.125 76.875 0.31569
35.125 77.125 0.82211
35.125 77.375 0.50925
35.125 77.625 -1.0409
35.125 77.875 0.55833
35.125 78.125 -0.82839
35.125 78.375 -1.158
35.125 78.625 0.10328
35.125 78.875 1.2074
35.125 79.125 0.6942
35.125 79.375 -0.1465
35.125 79.625 -0.6577
35.125 79.875 1.0242
35.375 73.875 1.9982
35.375 74.125 2.3042
35.375 74.375 2.3846
35.375 74.625 1.9814
35.375 74.875 2.2298
35.375 75.125 -0.050048
35.375 75.375 1.9772
35.375 75.625 2.3445
35.375 75.875 2.26
35.375 76.125 2.3633
35.375 76.375 1.6662
35.375 76.625 1.5108
35.375 76.875 0.87199
35.375 77.125 0.66484
35.375 77.375 -1.4156
35.375 77.625 -1.0974
35.375 77.875 -1.0478
35.375 78.125 -1.4639
35.375 78.375 -0.17459
35.375 78.625 0.39558
35.375 78.875 0.54958
35.375 79.125 0.88981
35.375 79.375 -0.23971
35.375 79.625 -0.12136
35.375 79.875 -0.14553
NaN NaN NaN
35.625 73.375 0.73793
35.625 73.625 1.4409
35.625 73.875 1.2545
35.625 74.125 0.88187
35.625 74.375 -0.3566
35.625 74.625 2.2138
35.625 74.875 2.3305
35.625 75.125 -0.73653
35.625 75.375 2.3621
35.625 75.625 2.2805
35.625 75.875 2.1692
35.625 76.125 2.4443
35.625 76.375 2.2651
35.625 76.625 -1.519
35.625 76.875 -1.6416
35.625 77.125 -0.38286
35.625 78.375 -0.40505
35.625 78.625 0.36646
35.625 78.875 -0.013517
35.625 79.125 0.19966
35.625 79.375 0.50173
35.625 79.625 0.47771
35.625 79.875 1.4123
35.625 80.125 2.121
35.875 73.125 -0.62985
35.875 73.375 -0.55072
35.875 73.625 -1.5129
35.875 73.875 -1.7809
35.875 74.125 -1.4732
35.875 74.375 -1.3366
35.875 74.625 1.5671
35.875 74.875 1.5557
35.875 75.125 0.87904
35.875 75.375 -1.3792
35.875 75.625 2.0091
35.875 75.875 1.9981
35.875 76.125 1.6785
35.875 76.375 0.1743
35.875 76.625 -1.4817
35.875 79.375 2.0819
36.125 72.625 1.3828
36.125 72.875 1.0814
36.125 73.125 0.098143
36.125 73.375 -0.42833
36.125 73.625 -0.61568
36.125 73.875 -0.73667
36.125 74.125 -1.8862
36.125 74.375 -2.0803
36.125 74.625 -2.0321
36.125 74.875 2.3455
36.125 75.125 2.2843
36.125 75.375 -2.2962
36.125 75.625 -2.0638
36.125 75.875 -1.2761
36.125 76.125 0.49816
36.125 76.375 2.3913
36.125 76.625 1.3543
36.375 73.125 0.47726
36.375 73.375 1.049
36.375 73.625 1.6186
36.375 73.875 0.51177
36.375 74.125 -0.76398
36.375 74.375 -1.046
36.375 74.625 -0.64153
36.375 74.875 0.86253
36.375 75.125 2.3042
36.375 75.375 2.1148
36.375 75.625 2.0186
36.375 75.875 1.701
36.375 76.125 2.4059
36.625 73.375 1.6608
36.625 73.625 2.1217
36.625 73.875 0.13062
36.625 74.125 -0.0054466
36.625 74.375 -2.0156
36.625 74.625 0.047115
36.625 74.875 2.1819
36.625 75.125 2.3059
36.625 75.375 2.0199
36.625 75.625 -0.9173
36.875 73.875 0.88095
36.875 74.375 0.7016
36.875 74.625 -0.42545
36.875 74.875 -2.0064
36.875 75.125 -1.9556
36.875 75.375 -1.6544
