8.125 77.375 0.16799
8.375 77.125 -1.4014
8.375 77.375 -0.13864
8.375 77.625 0.32737
8.375 77.875 0.16737
8.625 76.875 -0.91807
8.625 77.125 -0.42829
8.625 77.375 -0.32466
8.625 77.625 -0.51881
8.625 77.875 0.78291
8.875 76.875 -0.72663
8.875 77.125 -0.33161
8.875 77.375 -0.30033
8.875 77.625 -0.82522
8.875 77.875 -0.88367
9.125 76.625 -0.47987
9.125 76.875 -0.40326
9.125 77.125 -0.47894
9.125 77.375 -0.31015
9.125 77.625 -0.35708
9.125 77.875 -0.64911
9.125 78.125 -0.026223
9.125 78.375 -1.0957
9.375 76.625 -0.19113
9.375 76.875 0.0070024
9.375 77.125 -0.48977
9.375 77.375 -0.072835
9.375 77.625 -0.059
9.375 77.875 -0.1513
9.375 78.125 0.0034542
9.375 78.375 -0.33721
9.375 78.625 -0.60898
9.375 78.875 -0.047639
9.625 76.375 -1.093
9.625 76.625 -0.38114
9.625 76.875 0.12533
9.625 77.125 -0.19604
9.625 77.375 -0.15226
9.625 77.625 -0.56835
9.625 77.875 0.28408
9.625 78.125 -0.080673
9.625 78.375 -0.53181
9.625 78.625 -0.21688
9.875 76.625 -0.89098
9.875 76.875 -0.070773
9.875 77.125 -0.13979
9.875 77.375 -0.65222
9.875 77.625 -0.41661
9.875 77.875 -0.61285
9.875 78.125 -1.449
9.875 78.375 -0.43592
9.875 78.625 -0.78579
9.875 78.875 -1.6521
10.125 76.375 -1.1196
10.125 76.625 0.042509
10.125 76.875 1.0957
10.125 77.125 -0.88775
10.125 77.375 -1.0876
10.125 77.625 0.21114
10.125 77.875 0.049398
10.125 78.125 -0.87529
10.125 78.375 0.092967
10.125 78.625 -1.2869
10.125 78.875 -0.86136
10.125 79.125 -1.035
10.375 76.375 -1.2573
10.375 76.625 -0.64595
10.375 76.875 0.31057
10.375 77.125 0.008765
10.375 77.375 -0.27625
10.375 77.625 1.4152
10.375 77.875 -0.91031
10.375 78.125 -0.47123
10.375 78.375 -0.64983
10.375 78.625 -1.1705
10.375 78.875 -0.94859
10.375 79.125 -1.0951
10.375 79.375 -0.28856
10.375 79.625 -1.0752
10.625 76.125 -0.87179
10.625 76.375 0.024589
10.625 76.625 -0.96211
10.625 76.875 -0.51974
10.625 77.125 -0.4332
10.625 77.375 -0.66069
10.625 77.625 -0.43717
10.625 77.875 -0.62691
10.625 78.125 -1.1996
10.625 78.375 -1.54
10.625 78.625 -1.4801
10.625 78.875 -1.683
10.625 79.125 0.19091
10.625 79.375 -0.49375
10.625 79.625 0.0044622
10.875 76.125 -0.29812
10.875 76.375 0.74456
10.875 76.625 0.68313
10.875 76.875 -0.70884
10.875 77.125 -0.38655
10.875 77.375 -0.77771
10.875 77.625 -1.1324
10.875 77.875 -1.38
10.875 78.125 -2.0252
10.875 78.375 -0.92791
10.875 78.625 0.018797
10.875 78.875 -0.29736
10.875 79.125 -1.2576
10.875 79.375 -1.3937
10.875 79.625 -0.081448
11.125 76.125 -1.0171
11.125 76.375 0.017463
11.125 76.625 3.0614
11.125 76.875 -1.1732
11.125 77.125 -0.35935
11.125 77.375 -0.75868
11.125 77.625 -0.67955
11.125 77.875 -0.33159
11.125 78.125 -1.925
11.125 78.375 -0.4857
11.125 78.625 0.022741
11.125 78.875 -0.017123
11.125 79.125 -0.14141
11.125 79.375 -0.10825
11.125 79.625 -0.28827
11.375 75.875 -0.7818
11.375 76.125 -0.22532
11.375 76.375 0.26256
11.375 76.625 0.64675
11.375 76.875 1.0125
11.375 77.125 -0.30747
11.375 77.375 -1.3163
11.375 77.625 -0.69009
11.375 77.875 0.025225
11.375 78.125 -0.21228
11.375 78.375 -1.3677
11.375 78.625 -1.1331
11.375 78.875 -0.48018
11.375 79.125 -0.41895
11.375 79.375 -0.97611
11.375 79.625 -0.95864
11.625 75.875 -0.54823
11.625 76.125 0.23854
11.625 76.375 0.075809
11.625 76.625 1.1358
11.625 76.875 -0.31581
11.625 77.125 -0.80541
11.625 77.375 -0.61745
11.625 77.625 -1.1065
11.625 77.875 -0.93557
11.625 78.125 -0.58835
11.625 78.375 -0.5802
11.625 78.625 -0.73218
11.625 78.875 -0.63128
11.625 79.125 -0.54759
11.625 79.375 -0.44911
11.625 79.625 -0.56854
11.875 75.625 0.58011
11.875 75.875 -0.71677
11.875 76.125 -0.55289
11.875 76.375 -0.44443
11.875 76.625 0.30039
11.875 76.875 -0.5757
11.875 77.125 0.82682
11.875 77.375 0.21175
11.875 77.625 -0.26629
11.875 77.875 -1.0408
11.875 78.125 -0.82904
11.875 78.375 -0.45172
11.875 78.625 -0.58609
11.875 78.875 -1.4049
11.875 79.125 -0.82339
11.875 79.375 -1.0038
11.875 79.625 -0.8578
12.125 75.375 -1.9341
12.125 75.625 -0.99222
12.125 75.875 0.25895
12.125 76.125 -1.5662
12.125 76.375 -1.1492
12.125 76.625 -0.69359
12.125 76.875 -0.61187
12.125 77.125 0.41466
12.125 77.375 0.021885
12.125 77.625 -0.33281
12.125 77.875 -1.2005
12.125 78.125 -0.56139
12.125 78.375 0.3038
12.125 78.625 -0.41022
12.125 78.875 -1.4017
12.125 79.125 -0.33964
12.125 79.375 0.17564
12.125 79.625 -0.43553
12.375 75.125 -1.4875
12.375 75.375 -1.3703
12.375 75.625 -0.80146
12.375 75.875 -0.3735
12.375 76.125 -0.95637
12.375 76.375 -0.59124
12.375 76.625 0.39888
12.375 76.875 -1.3631
12.375 77.125 -1.6297
12.375 77.375 -0.52839
12.375 77.625 -0.34347
12.375 77.875 -0.81483
12.375 78.125 -0.71765
12.375 78.375 -0.40298
12.375 78.625 -0.62112
12.375 78.875 -1.4235
12.375 79.125 -0.87009
12.375 79.375 -0.91173
12.375 79.625 -0.49432
12.375 79.875 -1.2211
12.625 75.125 -2.1002
12.625 75.375 -1.7798
12.625 75.625 -1.9413
12.625 75.875 -1.3705
12.625 76.125 -1.389
12.625 76.375 0.090414
12.625 76.625 0.32777
12.625 76.875 -0.454
12.625 77.125 -1.0969
12.625 77.375 -0.47708
12.625 77.625 -0.15306
12.625 77.875 -0.98332
12.625 78.125 -0.26741
12.625 78.375 0.16115
12.625 78.625 0.0052428
12.625 78.875 -0.76872
12.625 79.125 -0.94537
12.625 79.375 -1.5339
12.625 79.625 -1.0992
12.625 79.875 -2.4048
12.875 75.125 -1.9166
12.875 75.375 -1.0418
12.875 75.625 -3.3736
12.875 75.875 -1.1147
12.875 76.125 -1.2523
12.875 76.375 1.1007
12.875 76.625 -0.11435
12.875 76.875 -0.77646
12.875 77.125 -0.62978
12.875 77.375 -0.061357
12.875 77.625 -0.44326
12.875 77.875 -1.11
12.875 78.125 -1.1127
12.875 78.375 -1.1323
12.875 78.625 -0.79842
12.875 78.875 -1.8662
12.875 79.125 -1.1783
12.875 79.375 -0.7286
12.875 79.625 -0.4127
12.875 79.875 -0.8908
13.125 74.875 -0.21595
13.125 75.125 -2.1713
13.125 75.375 -1.2761
13.125 75.625 -0.98471
13.125 75.875 -1.4955
13.125 76.125 -0.57418
13.125 76.375 0.23013
13.125 76.625 -0.10441
13.125 76.875 -0.79365
13.125 77.125 -0.47109
13.125 77.375 -0.64344
13.125 77.625 -0.70406
13.125 77.875 -1.0974
13.125 78.125 -1.0007
13.125 78.375 -1.614
13.125 78.625 -1.7075
13.125 78.875 -1.3828
13.125 79.125 -0.79006
13.125 79.375 -1.3548
13.125 79.625 -0.41048
13.125 79.875 -1.2304
13.125 80.125 -1.7072
13.375 74.875 1.2797
13.375 75.125 -1.1836
13.375 75.375 -0.8415
13.375 75.625 -0.99222
13.375 75.875 -0.69536
13.375 76.125 0.3401
13.375 76.375 -0.124
13.375 76.625 -0.14718
13.375 76.875 -0.75165
13.375 77.125 -0.21275
13.375 77.375 -1.5982
13.375 77.625 -0.69799
13.375 77.875 -1.1449
13.375 78.125 -1.5468
13.375 78.375 -1.0436
13.375 78.625 -1.2842
13.375 78.875 -1.5519
13.375 79.125 -1.9573
13.375 79.375 -2.0761
13.375 79.625 -1.1467
13.375 79.875 -0.91744
13.375 80.125 -1.4456
13.625 74.875 -2.4011
13.625 75.125 -0.8045
13.625 75.375 -1.7712
13.625 75.625 -1.2866
13.625 75.875 -0.47463
13.625 76.125 -0.71036
13.625 76.375 -0.91558
13.625 76.625 -0.54408
13.625 76.875 -1.5028
13.625 77.125 -0.27935
13.625 77.375 -1.5307
13.625 77.625 -0.86203
13.625 77.875 -1.1349
13.625 78.125 -2.0165
13.625 78.375 -1.611
13.625 78.625 -1.6062
13.625 78.875 -1.7339
13.625 79.125 -1.9426
13.625 79.375 -1.8415
13.625 79.625 -1.6284
13.625 79.875 -1.0095
13.625 80.125 -1.3411
13.875 74.875 -0.98741
13.875 75.125 -0.43688
13.875 75.375 -0.73803
13.875 75.625 -0.74954
13.875 75.875 -0.225
13.875 76.125 -0.92003
13.875 76.375 -0.80418
13.875 76.625 -0.14182
13.875 76.875 -1.4457
13.875 77.125 -1.2526
13.875 77.375 -1.0757
13.875 77.625 -1.6642
13.875 77.875 -1.5028
13.875 78.125 -1.7605
13.875 78.375 -0.23754
13.875 78.625 -1.0742
13.875 78.875 -1.7252
13.875 79.125 -1.8201
13.875 79.375 -1.8426
13.875 79.625 -1.5583
13.875 79.875 -1.2788
14.125 74.625 -1.4172
14.125 74.875 -1.0958
14.125 75.125 -0.68485
14.125 75.375 -0.85949
14.125 75.625 -1.0963
14.125 75.875 -0.63539
14.125 76.125 0.32451
14.125 76.375 -1.1217
14.125 76.625 -0.92044
14.125 76.875 0.12702
14.125 77.125 -1.0633
14.125 77.375 -1.2403
14.125 77.625 -1.503
14.125 77.875 -1.1493
14.125 78.125 -1.1328
14.125 78.375 -1.0157
14.125 78.625 -1.4449
14.125 78.875 -1.9513
14.125 79.125 -1.9325
14.125 79.375 -1.8611
14.125 79.625 -0.98041
14.125 79.875 -1.1482
14.375 74.625 -1.4067
14.375 74.875 -0.66709
14.375 75.125 -1.4229
14.375 75.375 -0.95313
14.375 75.625 -0.38496
14.375 75.875 -0.43269
14.375 76.125 -0.10659
14.375 76.375 0.21638
14.375 76.625 -0.10459
14.375 76.875 -0.28376
14.375 77.125 -0.254
14.375 77.375 -0.9414
14.375 77.625 -1.0828
14.375 77.875 -0.80838
14.375 78.125 -0.80215
14.375 78.375 -0.63971
14.375 78.625 -1.0872
14.375 78.875 -2.0889
14.375 79.125 -2.1116
14.375 79.375 -1.8135
14.375 79.625 -0.67879
14.375 79.875 -0.86962
14.625 74.375 -0.51947
14.625 74.625 -2.6363
14.625 74.875 -1.6831
14.625 75.125 -1.5632
14.625 75.375 -0.60604
14.625 75.625 -1.0882
14.625 75.875 -0.35121
14.625 76.125 -0.10724
14.625 76.375 -0.69049
14.625 76.625 -0.28524
14.625 76.875 0.23103
14.625 77.125 -0.102
14.625 77.375 -1.2165
14.625 77.625 -0.79647
14.625 77.875 -0.23239
14.625 78.125 -0.49229
14.625 78.375 -0.53398
14.625 78.625 -1.5274
14.625 78.875 -1.7342
14.625 79.125 -1.3854
14.625 79.375 -1.618
14.625 79.625 -1.5754
14.625 79.875 -1.3738
14.875 74.375 -1.7797
14.875 74.625 -1.8331
14.875 74.875 -1.9335
14.875 75.125 -1.3151
14.875 75.375 -1.2924
14.875 75.625 -1.0303
14.875 75.875 -1.1545
14.875 76.125 -0.60422
14.875 76.375 -1.0679
14.875 76.625 -0.77268
14.875 76.875 0.35745
14.875 77.125 -0.11654
14.875 77.375 -0.6933
14.875 77.625 -0.85628
14.875 77.875 -0.897
14.875 78.125 -0.72222
14.875 78.375 -0.68973
14.875 78.625 -0.97817
14.875 78.875 -1.1611
14.875 79.125 -1.0636
14.875 79.375 -0.85532
14.875 79.625 -1.7829
14.875 79.875 -1.7381
15.125 74.125 -2.2209
15.125 74.375 -0.65556
15.125 74.625 -1.3141
15.125 74.875 -0.99403
15.125 75.125 -1.2898
15.125 75.375 -0.83743
15.125 75.625 0.13978
15.125 75.875 -0.13472
15.125 76.125 -0.79587
15.125 76.375 -1.081
15.125 76.625 -1.06
15.125 76.875 -0.60514
15.125 77.125 -0.85479
15.125 77.375 -1.098
15.125 77.625 -0.66526
15.125 77.875 -1.1332
15.125 78.125 -1.4827
15.125 78.375 -0.8226
15.125 78.625 -0.39805
15.125 78.875 -0.45658
15.125 79.125 -0.74092
15.125 79.375 -1.4149
15.125 79.625 -1.4143
15.125 79.875 -1.8778
15.375 73.875 -1.6267
15.375 74.125 -1.994
15.375 74.375 -0.81342
15.375 74.625 -1.4896
15.375 74.875 -0.21785
15.375 75.125 -0.63631
15.375 75.375 -0.16347
15.375 75.625 -0.067782
15.375 75.875 -0.55732
15.375 76.125 -1.358
15.375 76.375 -1.118
15.375 76.625 -1.3986
15.375 76.875 -1.0631
15.375 77.125 -0.78118
15.375 77.375 -1.342
15.375 77.625 -0.54762
15.375 77.875 -1.5766
15.375 78.125 -1.1007
15.375 78.375 -0.67781
15.375 78.625 0.26572
15.375 78.875 -1.0673
15.375 79.125 -1.5186
15.375 79.375 -1.8307
15.375 79.625 -2.0867
15.375 79.875 -1.8289
15.625 73.875 -2.1594
15.625 74.125 -1.9535
15.625 74.375 -1.9097
15.625 74.625 -0.77568
15.625 74.875 -0.52391
15.625 75.125 -0.156
15.625 75.375 -0.44218
15.625 75.625 -0.51512
15.625 75.875 -0.23413
15.625 76.125 -1.4263
15.625 76.375 -1.2736
15.625 76.625 -1.2127
15.625 76.875 -1.3447
15.625 77.125 -1.2704
15.625 77.375 -1.254
15.625 77.625 -1.0309
15.625 77.875 -1.4789
15.625 78.125 -1.3141
15.625 78.375 -1.2466
15.625 78.625 -1.5374
15.625 78.875 -0.8717
15.625 79.125 -1.8757
15.625 79.375 -1.5702
15.625 79.625 -0.55158
15.625 79.875 -1.3878
15.625 80.125 -1.8451
15.875 73.875 -0.059802
15.875 74.125 -1.1038
15.875 74.375 -1.0511
15.875 74.625 -0.43618
15.875 74.875 -0.30234
15.875 75.125 0.092663
15.875 75.375 -0.32165
15.875 75.625 -0.81246
15.875 75.875 -0.91242
15.875 76.125 -1.6298
15.875 76.375 -1.667
15.875 76.625 -1.102
15.875 76.875 -0.2115
15.875 77.125 -1.2937
15.875 77.375 -0.84023
15.875 77.625 -1.986
15.875 77.875 -0.87418
15.875 78.125 -0.54931
15.875 78.375 -0.75794
15.875 78.625 -0.82562
15.875 78.875 -1.7204
15.875 79.125 -1.6113
15.875 79.375 0.35498
15.875 79.625 -0.77483
15.875 79.875 -1.8897
15.875 80.125 -1.6564
15.875 80.375 -0.74634
15.875 80.625 -0.8649
15.875 80.875 -0.51822
16.125 73.625 -1.0969
16.125 73.875 -0.25066
16.125 74.125 -0.55799
16.125 74.375 -0.83167
16.125 74.625 0.23585
16.125 74.875 -0.37413
16.125 75.125 -0.76552
16.125 75.375 -0.86415
16.125 75.625 -0.99552
16.125 75.875 -1.6905
16.125 76.125 -1.457
16.125 76.375 -1.4436
16.125 76.625 -1.1104
16.125 76.875 -0.96555
16.125 77.125 -1.3393
16.125 77.375 -0.71309
16.125 77.625 -1.2546
16.125 77.875 -0.66366
16.125 78.125 -0.08219
16.125 78.375 -0.20586
16.125 78.625 -0.96972
16.125 78.875 -1.4774
16.125 79.125 -1.5713
16.125 79.375 -1.2013
16.125 79.625 -1.2192
16.125 79.875 -0.45523
16.125 80.125 -0.094608
16.125 80.375 0.61515
16.125 80.625 0.069973
16.125 80.875 0.0045948
16.375 73.625 -1.3219
16.375 73.875 -1.5473
16.375 74.125 -1.0196
16.375 74.375 -0.66014
16.375 74.625 -0.93114
16.375 74.875 -0.82883
16.375 75.125 -0.99484
16.375 75.375 -0.97694
16.375 75.625 -1.5458
16.375 75.875 -1.7386
16.375 76.125 -0.86296
16.375 76.375 -0.67653
16.375 76.625 -1.2274
16.375 76.875 -1.0206
16.375 77.125 -1.2363
16.375 77.375 -0.99704
16.375 77.625 -1.1636
16.375 77.875 -0.58668
16.375 78.125 -0.072378
16.375 78.375 -0.6014
16.375 78.625 -1.3995
16.375 78.875 -1.1033
16.375 79.125 -0.88278
16.375 79.375 -1.3444
16.375 79.625 -1.4091
16.375 79.875 -0.72766
16.375 80.125 0.099845
16.375 80.375 0.070234
16.375 80.625 0.208
16.375 80.875 0.093828
16.375 81.125 0.47467
16.375 81.375 0.23644
16.375 81.625 0.95903
16.625 73.625 -2.0251
16.625 73.875 -2.1357
16.625 74.125 -0.28879
16.625 74.375 -2.5092
16.625 74.625 -0.60957
16.625 74.875 -1.1134
16.625 75.125 -0.92257
16.625 75.375 -1.883
16.625 75.625 -1.4134
16.625 75.875 -1.3254
16.625 76.125 -0.81258
16.625 76.375 -1.1356
16.625 76.625 -0.84393
16.625 76.875 -0.87459
16.625 77.125 -0.89841
16.625 77.375 -0.68043
16.625 77.625 -0.84913
16.625 77.875 -0.38792
16.625 78.125 -0.39365
16.625 78.375 -0.88985
16.625 78.625 -0.99797
16.625 78.875 -1.9669
16.625 79.125 -1.6577
16.625 79.375 -0.74073
16.625 79.625 -0.36977
16.625 79.875 -0.63741
16.625 80.125 -0.19406
16.625 80.375 -0.35138
16.625 80.625 -0.04286
16.625 80.875 0.42205
16.625 81.125 -0.34355
16.625 81.375 0.34429
16.625 81.625 0.42519
16.625 81.875 0.88937
16.625 82.125 0.99418
16.875 73.375 -1.3767
16.875 73.625 -2.2487
16.875 73.875 -2.09
16.875 74.125 -1.8275
16.875 74.375 0.12032
16.875 74.625 -1.8951
16.875 74.875 -0.64953
16.875 75.125 -0.61386
16.875 75.375 -0.70904
16.875 75.625 -0.36882
16.875 75.875 -1.2343
16.875 76.125 -1.4735
16.875 76.375 -1.9396
16.875 76.625 -2.317
16.875 76.875 -1.2683
16.875 77.125 -0.84786
16.875 77.375 -0.5824
16.875 77.625 -1.1544
16.875 77.875 -0.88845
16.875 78.125 -1.5381
16.875 78.375 -1.8833
16.875 78.625 -1.2235
16.875 78.875 -2.6105
16.875 79.125 -2.2392
16.875 79.375 -1.0328
16.875 79.625 -0.54821
16.875 79.875 -0.3848
16.875 80.125 -0.13101
16.875 80.375 -0.21272
16.875 80.625 -0.019975
16.875 80.875 0.10639
16.875 81.125 -0.12545
16.875 81.375 -0.12631
16.875 81.625 0.77689
16.875 81.875 0.32003
16.875 82.125 0.45077
17.125 73.375 -1.3546
17.125 73.625 -1.4412
17.125 73.875 -1.1791
17.125 74.125 -1.3841
17.125 74.375 -1.4678
17.125 74.625 -1.7475
17.125 74.875 -1.7708
17.125 75.125 -2.0713
17.125 75.375 -1.5553
17.125 75.625 -0.42016
17.125 75.875 -1.0538
17.125 76.125 -1.9956
17.125 76.375 -1.6573
17.125 76.625 -1.5678
17.125 76.875 -1.1518
17.125 77.125 -1.1455
17.125 77.375 -1.2924
17.125 77.625 -0.59666
17.125 77.875 -0.88496
17.125 78.125 -0.44253
17.125 78.375 -1.2176
17.125 78.625 -1.0745
17.125 78.875 -0.59044
17.125 79.125 0.040593
17.125 79.375 -0.52268
17.125 79.625 -0.94937
17.125 79.875 -0.76927
17.125 80.125 0.2519
17.125 80.375 0.085173
17.125 80.625 -0.18886
17.125 80.875 -0.021106
17.125 81.125 0.067693
17.125 81.375 0.73446
17.125 81.625 0.32286
17.125 81.875 -0.67335
17.125 82.125 0.51793
17.125 82.375 -0.051976
17.375 73.375 -1.7912
17.375 73.625 -2.0565
17.375 73.875 -1.3289
17.375 74.125 -2.5274
17.375 74.375 -2.8574
17.375 74.625 -2.0443
17.375 74.875 -2.0205
17.375 75.125 -2.4462
17.375 75.375 -2.1252
17.375 75.625 -1.6793
17.375 75.875 -2.0686
17.375 76.125 -1.6446
17.375 76.375 -1.4093
17.375 76.625 -1.4048
17.375 76.875 -0.91401
17.375 77.125 -1.2114
17.375 77.375 -1.5886
17.375 77.625 -0.9651
17.375 77.875 -0.80728
17.375 78.125 -0.80928
17.375 78.375 -1.0599
17.375 78.625 -1.7146
17.375 78.875 -0.036652
17.375 79.125 0.1522
17.375 79.375 0.013099
17.375 79.625 -0.69684
17.375 79.875 -0.22846
17.375 80.125 0.25124
17.375 80.375 0.16959
17.375 80.625 0.56841
17.375 80.875 0.46617
17.375 81.125 0.68926
17.375 81.375 0.71716
17.375 81.625 -0.1998
17.375 81.875 0.19303
17.375 82.125 0.28256
17.375 82.375 -0.35592
17.375 82.625 -0.60423
17.625 73.375 -1.3911
17.625 73.625 -3.7016
17.625 73.875 -1.1704
17.625 74.125 -2.6817
17.625 74.375 -2.8983
17.625 74.625 -2.2176
17.625 74.875 -1.9239
17.625 75.125 -1.7272
17.625 75.375 -1.4655
17.625 75.625 -1.9081
17.625 75.875 -2.2746
17.625 76.125 -1.8541
17.625 76.375 -1.4944
17.625 76.625 -0.64416
17.625 76.875 -0.66884
17.625 77.125 -1.1779
17.625 77.375 -1.5754
17.625 77.625 -1.4235
17.625 77.875 -1.1181
17.625 78.125 -1.094
17.625 78.375 0.026365
17.625 78.625 0.088502
17.625 78.875 -0.53197
17.625 79.125 -0.20566
17.625 79.375 -0.66211
17.625 79.625 -0.6277
17.625 79.875 -0.32952
17.625 80.125 0.067221
17.625 80.375 0.35871
17.625 80.625 0.21638
17.625 80.875 0.56443
17.625 81.125 0.50865
17.625 81.375 0.25688
17.625 81.625 0.42143
17.625 81.875 0.58194
17.625 82.125 -0.30768
17.625 82.375 -0.15528
17.625 82.625 -0.33395
17.625 82.875 0.3544
17.625 83.125 0.43639
17.875 73.375 -1.2437
17.875 73.625 -1.8089
17.875 73.875 -0.72023
17.875 74.125 -1.5198
17.875 74.375 -1.7834
17.875 74.625 -1.8393
17.875 74.875 -1.5159
17.875 75.125 -2.277
17.875 75.375 -2.2633
17.875 75.625 -1.9775
17.875 75.875 -2.2272
17.875 76.125 -2.1771
17.875 76.375 -1.875
17.875 76.625 -1.3944
17.875 76.875 -1.2535
17.875 77.125 -1.2801
17.875 77.375 -1.0186
17.875 77.625 -0.38313
17.875 77.875 -0.31649
17.875 78.125 0.45386
17.875 78.375 0.38827
17.875 78.625 1.0138
17.875 78.875 0.34294
17.875 79.125 -0.17026
17.875 79.375 -0.79086
17.875 79.625 -0.74379
17.875 79.875 -0.84253
17.875 80.125 -0.29249
17.875 80.375 -0.50711
17.875 80.625 0.035612
17.875 80.875 0.40595
17.875 81.125 0.50155
17.875 81.375 0.55485
17.875 81.625 0.58506
17.875 81.875 0.61704
17.875 82.125 0.40161
17.875 82.375 -0.6246
17.875 82.625 0.060287
17.875 82.875 0.19835
17.875 83.125 -0.30458
17.875 83.375 0.041255
18.125 73.125 -0.27052
18.125 73.375 -1.995
18.125 73.625 -1.0351
18.125 73.875 -0.56124
18.125 74.125 -1.4125
18.125 74.375 -1.3962
18.125 74.625 -1.593
18.125 74.875 -1.4914
18.125 75.125 -1.7895
18.125 75.375 -2.1547
18.125 75.625 -2.0785
18.125 75.875 -2.3514
18.125 76.125 -1.4203
18.125 76.375 -1.7346
18.125 76.625 -2.1465
18.125 76.875 -1.3283
18.125 77.125 -0.41925
18.125 77.375 -0.24001
18.125 77.625 -0.18536
18.125 77.875 -0.5596
18.125 78.125 -0.12875
18.125 78.375 -0.067198
18.125 78.625 0.50721
18.125 78.875 -0.21721
18.125 79.125 0.27612
18.125 79.375 -0.14785
18.125 79.625 0.41697
18.125 79.875 -0.60073
18.125 80.125 -0.069284
18.125 80.375 -0.48961
18.125 80.625 -0.41859
18.125 80.875 0.09997
18.125 81.125 0.02852
18.125 81.375 0.18572
18.125 81.625 0.38379
18.125 81.875 0.54165
18.125 82.125 0.82362
18.125 82.375 0.2243
18.125 82.625 0.31545
18.125 82.875 -0.23332
18.125 83.125 0.1789
18.125 83.375 -0.062897
18.125 83.625 0.32912
18.375 73.125 -1.3357
18.375 73.375 -1.493
18.375 73.625 -0.54141
18.375 73.875 -0.64393
18.375 74.125 -0.96463
18.375 74.375 -1.0662
18.375 74.625 -1.9869
18.375 74.875 -2.535
18.375 75.125 -2.0445
18.375 75.375 -1.075
18.375 75.625 -1.4784
18.375 75.875 -1.5874
18.375 76.125 -1.2423
18.375 76.375 -1.4504
18.375 76.625 -1.6017
18.375 76.875 -1.2925
18.375 77.125 -0.9839
18.375 77.375 -0.80127
18.375 77.625 -0.68314
18.375 77.875 -0.35267
18.375 78.125 -0.28252
18.375 78.375 0.65002
18.375 78.625 0.56788
18.375 78.875 0.09907
18.375 79.125 0.66406
18.375 79.375 0.20198
18.375 79.625 0.11087
18.375 79.875 0.19709
18.375 80.125 0.34884
18.375 80.375 0.3118
18.375 80.625 0.12319
18.375 80.875 0.023178
18.375 81.125 -0.0073922
18.375 81.375 0.41617
18.375 81.625 0.25917
18.375 81.875 0.38405
18.375 82.125 0.43282
18.375 82.375 0.59675
18.375 82.625 0.60458
18.375 82.875 -0.4549
18.375 83.125 0.25803
18.375 83.375 -0.018854
18.375 83.625 0.14335
18.375 83.875 0.63802
18.625 73.125 -0.015366
18.625 73.375 -0.43074
18.625 73.625 -0.56975
18.625 73.875 -0.408
18.625 74.125 -0.98747
18.625 74.375 -1.1918
18.625 74.625 -1.5737
18.625 74.875 -2.094
18.625 75.125 -2.4234
18.625 75.375 -1.8734
18.625 75.625 -1.1504
18.625 75.875 -1.0429
18.625 76.125 -1.6287
18.625 76.375 -1.2108
18.625 76.625 -1.0855
18.625 76.875 -1.3489
18.625 77.125 -1.2231
18.625 77.375 -1.075
18.625 77.625 -0.3084
18.625 77.875 -0.25443
18.625 78.125 -0.8067
18.625 78.375 0.50115
18.625 78.625 0.17047
18.625 78.875 0.3524
18.625 79.125 -0.23029
18.625 79.375 -0.074963
18.625 79.625 -0.35583
18.625 79.875 0.436
18.625 80.125 0.36754
18.625 80.375 0.25888
18.625 80.625 0.34466
18.625 80.875 0.066613
18.625 81.125 0.047329
18.625 81.375 0.13151
18.625 81.625 0.62377
18.625 81.875 0.58721
18.625 82.125 0.43532
18.625 82.375 0.51691
18.625 82.625 0.66565
18.625 82.875 0.79557
18.625 83.125 -0.31088
18.625 83.375 -0.39676
18.625 83.625 0.30906
18.625 83.875 0.16375
18.625 84.125 0.46621
18.875 73.125 -0.67285
18.875 73.375 -0.73663
18.875 73.625 -0.96658
18.875 73.875 -0.61962
18.875 74.125 -1.6125
18.875 74.375 -1.7998
18.875 74.625 -1.4335
18.875 74.875 -1.7337
18.875 75.125 -1.9785
18.875 75.375 -1.7153
18.875 75.625 -1.547
18.875 75.875 -2.1184
18.875 76.125 -1.1148
18.875 76.375 -1.0611
18.875 76.625 -0.83238
18.875 76.875 -1.1079
18.875 77.125 -1.2389
18.875 77.375 -1.2529
18.875 77.625 -0.60159
18.875 77.875 -0.76086
18.875 78.125 -0.92981
18.875 78.375 -4.6632
18.875 78.625 0.50189
18.875 78.875 0.67738
18.875 79.125 -0.11694
18.875 79.375 0.14998
18.875 79.625 -0.062029
18.875 79.875 0.47061
18.875 80.125 0.46935
18.875 80.375 0.43678
18.875 80.625 0.28214
18.875 80.875 0.3064
18.875 81.125 0.15762
18.875 81.375 0.40263
18.875 81.625 0.87338
18.875 81.875 0.20589
18.875 82.125 0.23912
18.875 82.375 0.38806
18.875 82.625 0.83352
18.875 82.875 1.0519
18.875 83.125 -1.1859
18.875 83.375 0.78622
18.875 83.625 0.8546
18.875 83.875 0.96042
18.875 84.125 0.62166
18.875 84.375 0.58174
19.125 73.125 -0.73223
19.125 73.375 -0.60868
19.125 73.625 -0.6875
19.125 73.875 -0.72167
19.125 74.125 -1.4206
19.125 74.375 -1.3089
19.125 74.625 -1.4494
19.125 74.875 -1.8516
19.125 75.125 -1.5171
19.125 75.375 -1.4488
19.125 75.625 -1.8557
19.125 75.875 -2.4114
19.125 76.125 -1.4214
19.125 76.375 -1.3643
19.125 76.625 -0.95367
19.125 76.875 -1.273
19.125 77.125 -1.0681
19.125 77.375 -0.15245
19.125 77.625 -1.1571
19.125 77.875 -1.7324
19.125 78.125 -1.9153
19.125 78.375 -0.77838
19.125 78.625 0.068338
19.125 78.875 0.52619
19.125 79.125 0.034055
19.125 79.375 -0.18419
19.125 79.625 0.49802
19.125 79.875 0.46775
19.125 80.125 0.42671
19.125 80.375 0.31108
19.125 80.625 0.40212
19.125 80.875 0.33095
19.125 81.125 0.48516
19.125 81.375 0.42962
19.125 81.625 0.40982
19.125 81.875 0.42728
19.125 82.125 0.5377
19.125 82.375 0.58286
19.125 82.625 0.49147
19.125 82.875 0.72149
19.125 83.125 0.9471
19.125 83.375 0.72365
19.125 83.625 0.098267
19.125 83.875 0.39687
19.125 84.125 0.99034
19.125 84.375 1.2722
19.125 84.625 1.8856
19.375 72.875 -1.2315
19.375 73.125 -1.4502
19.375 73.375 -1.08
19.375 73.625 0.44984
19.375 73.875 -0.69597
19.375 74.125 -0.82129
19.375 74.375 -1.1574
19.375 74.625 -1.1845
19.375 74.875 -1.5661
19.375 75.125 -1.035
19.375 75.375 -1.35
19.375 75.625 -2.0236
19.375 75.875 -2.4891
19.375 76.125 -1.911
19.375 76.375 -2.3034
19.375 76.625 -2.2433
19.375 76.875 -2.4364
19.375 77.125 -1.6386
19.375 77.375 -2.3665
19.375 77.625 -1.729
19.375 77.875 -1.2668
19.375 78.125 -0.8331
19.375 78.375 -0.50974
19.375 78.625 -0.14914
19.375 78.875 0.030941
19.375 79.125 -0.02008
19.375 79.375 0.56559
19.375 79.625 0.5074
19.375 79.875 0.32962
19.375 80.125 0.48963
19.375 80.375 0.40171
19.375 80.625 0.52504
19.375 80.875 0.54322
19.375 81.125 0.55849
19.375 81.375 0.68177
19.375 81.625 0.50282
19.375 81.875 0.66069
19.375 82.125 0.55923
19.375 82.375 0.99172
19.375 82.625 0.80366
19.375 82.875 0.74833
19.375 83.125 0.58744
19.375 83.375 0.19748
19.375 83.625 -0.25001
19.375 83.875 -0.57414
19.375 84.125 0.75471
19.375 84.375 0.62243
19.375 84.625 0.95852
19.375 84.875 1.2076
19.625 72.875 -0.73453
19.625 73.125 -1.0535
19.625 73.375 -0.947
19.625 73.625 -0.35524
19.625 73.875 -0.69976
19.625 74.125 -1.0481
19.625 74.375 -1.0905
19.625 74.625 -1.2626
19.625 74.875 -1.464
19.625 75.125 -1.3288
19.625 75.375 -1.5934
19.625 75.625 -2.0404
19.625 75.875 -1.7448
19.625 76.125 -1.3779
19.625 76.375 -1.6075
19.625 76.625 -2.2358
19.625 76.875 -2.5114
19.625 77.125 -1.8954
19.625 77.375 -1.2947
19.625 77.625 -1.133
19.625 77.875 -1.1738
19.625 78.125 -1.2639
19.625 78.375 -0.97322
19.625 78.625 0.18459
19.625 78.875 -0.15257
19.625 79.125 -0.86028
19.625 79.375 -1.5097
19.625 79.625 -0.49981
19.625 79.875 -0.095113
19.625 80.125 0.50711
19.625 80.375 0.50615
19.625 80.625 0.55581
19.625 80.875 0.5534
19.625 81.125 0.56588
19.625 81.375 0.5631
19.625 81.625 0.57277
19.625 81.875 0.70592
19.625 82.125 0.92351
19.625 82.375 0.71574
19.625 82.625 1.0722
19.625 82.875 0.56183
19.625 83.125 0.33689
19.625 83.375 0.4918
19.625 83.625 0.49977
19.625 83.875 0.6849
19.625 84.125 -0.066027
19.625 84.375 -0.069727
19.625 84.625 0.84766
19.625 84.875 0.76544
19.625 85.125 1.0444
19.625 85.375 1.019
19.875 72.875 -0.35672
19.875 73.125 -0.82156
19.875 73.375 -0.15686
19.875 73.625 -0.43607
19.875 73.875 -0.37371
19.875 74.125 -1.1296
19.875 74.375 -1.0117
19.875 74.625 -1.0223
19.875 74.875 -0.51224
19.875 75.125 -1.4281
19.875 75.375 -1.4657
19.875 75.625 -1.2981
19.875 75.875 -0.76711
19.875 76.125 -0.30874
19.875 76.375 -0.34922
19.875 76.625 -1.4564
19.875 76.875 -1.1577
19.875 77.125 -1.3354
19.875 77.375 -1.0994
19.875 77.625 -0.8188
19.875 77.875 -1.0276
19.875 78.125 -1.1887
19.875 78.375 -1.2838
19.875 78.625 -0.53359
19.875 78.875 -0.5631
19.875 79.125 -0.49272
19.875 79.375 -1.4722
19.875 79.625 -0.51517
19.875 79.875 0.60316
19.875 80.125 0.64404
19.875 80.375 0.43476
19.875 80.625 0.44837
19.875 80.875 0.71156
19.875 81.125 0.65423
19.875 81.375 0.76683
19.875 81.625 0.79369
19.875 81.875 0.83196
19.875 82.125 0.98491
19.875 82.375 0.84759
19.875 82.625 0.71027
19.875 82.875 0.57205
19.875 83.125 0.94997
19.875 83.375 0.88676
19.875 83.625 0.71118
19.875 83.875 0.57218
19.875 84.125 -0.117
19.875 84.375 -0.15219
19.875 84.625 0.67658
19.875 84.875 0.88059
19.875 85.125 1.3156
19.875 85.375 1.3149
19.875 85.625 0.82508
19.875 85.875 0.4344
19.875 86.125 0.47329
20.125 72.875 -0.26979
20.125 73.125 -0.36268
20.125 73.375 -0.72021
20.125 73.625 0.91417
20.125 73.875 0.16923
20.125 74.125 0.78395
20.125 74.375 -0.69077
20.125 74.625 -0.83314
20.125 74.875 -0.64004
20.125 75.125 -1.142
20.125 75.375 -0.93527
20.125 75.625 -0.87358
20.125 75.875 -1.0476
20.125 76.125 -0.71761
20.125 76.375 -0.65114
20.125 76.625 -1.1588
20.125 76.875 -1.1718
20.125 77.125 -1.3712
20.125 77.375 -0.73228
20.125 77.625 -0.65983
20.125 77.875 -0.94901
20.125 78.125 -1.0712
20.125 78.375 -1.0636
20.125 78.625 -0.63867
20.125 78.875 -0.6794
20.125 79.125 -0.97192
20.125 79.375 -1.0654
20.125 79.625 0.51237
20.125 79.875 0.75343
20.125 80.125 0.72623
20.125 80.375 0.75599
20.125 80.625 0.50264
20.125 80.875 0.58595
20.125 81.125 0.7382
20.125 81.375 0.79859
20.125 81.625 1.0344
20.125 81.875 1.155
20.125 82.125 1.0397
20.125 82.375 1.2151
20.125 82.625 0.40789
20.125 82.875 -1.3053
20.125 83.125 -0.050585
20.125 83.375 1.3175
20.125 83.625 1.0877
20.125 83.875 0.53311
20.125 84.125 0.68073
20.125 84.375 0.63714
20.125 84.625 0.52102
20.125 84.875 0.75395
20.125 85.125 1.181
20.125 85.375 0.30937
20.125 85.625 0.44063
20.125 85.875 0.29314
20.125 86.125 0.030688
20.125 86.375 0.14572
20.375 73.125 -0.32428
20.375 73.375 -0.59442
20.375 73.625 -0.42848
20.375 73.875 -1.0104
20.375 74.125 -0.891
20.375 74.375 -1.2436
20.375 74.625 -1.7335
20.375 74.875 -0.99782
20.375 75.125 0.24672
20.375 75.375 0.16224
20.375 75.625 -0.26239
20.375 75.875 -0.42721
20.375 76.125 -0.74887
20.375 76.375 -1.3825
20.375 76.625 -1.5912
20.375 76.875 -2.0536
20.375 77.125 -2.0774
20.375 77.375 -1.0823
20.375 77.625 -0.75319
20.375 77.875 -1.042
20.375 78.125 -0.82377
20.375 78.375 -1.2452
20.375 78.625 -1.3621
20.375 78.875 -0.80255
20.375 79.125 -0.29496
20.375 79.375 -0.11088
20.375 79.625 0.76262
20.375 79.875 0.71499
20.375 80.125 0.75987
20.375 80.375 0.63927
20.375 80.625 0.74993
20.375 80.875 0.67469
20.375 81.125 0.85714
20.375 81.375 1.059
20.375 81.625 1.0303
20.375 81.875 1.0586
20.375 82.125 0.94503
20.375 82.375 1.3242
20.375 82.625 0.72607
20.375 82.875 0.79916
20.375 83.125 0.39203
20.375 83.375 0.42139
20.375 83.625 0.39609
20.375 83.875 0.93351
20.375 84.125 0.2259
20.375 84.375 0.82238
20.375 84.625 0.36727
20.375 84.875 0.8511
20.375 85.125 1.079
20.375 85.375 0.47614
20.375 85.625 0.5133
20.375 85.875 0.62232
20.375 86.125 0.46008
20.375 86.375 0.44932
20.375 86.625 0.63133
20.625 73.125 -0.88003
20.625 73.375 -0.58134
20.625 73.625 -0.16766
20.625 73.875 0.053405
20.625 74.125 -0.92687
20.625 74.375 -1.0616
20.625 74.625 -0.71027
20.625 74.875 0.18607
20.625 75.125 0.13537
20.625 75.375 -0.28458
20.625 75.625 -0.57518
20.625 75.875 -1.2942
20.625 76.125 -0.63723
20.625 76.375 -1.103
20.625 76.625 -1.768
20.625 76.875 -1.8274
20.625 77.125 -1.6561
20.625 77.375 -0.9726
20.625 77.625 -0.66527
20.625 77.875 -0.87367
20.625 78.125 -0.62885
20.625 78.375 -0.68341
20.625 78.625 -1.3262
20.625 78.875 -0.86421
20.625 79.125 -0.54804
20.625 79.375 -0.63652
20.625 79.625 0.42456
20.625 79.875 0.702
20.625 80.125 0.77859
20.625 80.375 0.83165
20.625 80.625 0.69025
20.625 80.875 0.77975
20.625 81.125 0.9234
20.625 81.375 0.99749
20.625 81.625 0.98782
20.625 81.875 0.99228
20.625 82.125 0.97359
20.625 82.375 1.0086
20.625 82.625 0.24754
20.625 82.875 0.13192
20.625 83.125 0.040972
20.625 83.375 0.70474
20.625 83.625 0.4549
20.625 83.875 0.067809
20.625 84.125 -0.18066
20.625 84.375 0.38336
20.625 84.625 -0.27011
20.625 84.875 -0.045226
20.625 85.125 0.76604
20.625 85.375 0.40161
20.625 85.625 0.23568
20.625 85.875 0.53315
20.625 86.125 0.35313
20.625 86.375 0.39743
20.625 86.625 0.63364
20.625 86.875 0.79503
20.875 70.625 0.39287
20.875 70.875 0.48671
20.875 71.125 0.079571
20.875 71.375 0.9336
20.875 72.875 -0.40874
20.875 73.125 -0.52414
20.875 73.375 -0.40192
20.875 73.625 -0.17728
20.875 73.875 -0.22481
20.875 74.125 -0.49767
20.875 74.375 -0.41798
20.875 74.625 -0.6381
20.875 74.875 -0.57198
20.875 75.125 -0.19368
20.875 75.375 -0.57461
20.875 75.625 -1.1897
20.875 75.875 -1.0975
20.875 76.125 -0.53923
20.875 76.375 -1.2782
20.875 76.625 -1.0101
20.875 76.875 -1.0071
20.875 77.125 -1.1919
20.875 77.375 -1.2334
20.875 77.625 -1.2541
20.875 77.875 -0.98273
20.875 78.125 -0.79662
20.875 78.375 -0.88017
20.875 78.625 -1.0075
20.875 78.875 -0.43776
20.875 79.125 -1.3757
20.875 79.375 -0.52954
20.875 79.625 0.11553
20.875 79.875 0.57133
20.875 80.125 0.77377
20.875 80.375 0.5506
20.875 80.625 0.75745
20.875 80.875 0.81702
20.875 81.125 0.98091
20.875 81.375 1.017
20.875 81.625 1.0656
20.875 81.875 1.085
20.875 82.125 0.93475
20.875 82.375 0.93277
20.875 82.625 -0.61143
20.875 82.875 0.17611
20.875 83.125 0.29512
20.875 83.375 0.53731
20.875 83.625 0.31088
20.875 83.875 0.16223
20.875 84.125 -0.35865
20.875 84.375 0.42505
20.875 84.625 1.2429
20.875 84.875 0.17486
20.875 85.125 1.053
20.875 85.375 0.6254
20.875 85.625 0.45703
20.875 85.875 0.85157
20.875 86.125 0.46955
20.875 86.375 0.23789
20.875 86.625 0.51969
21.125 70.375 -0.078186
21.125 70.625 -0.27379
21.125 70.875 -1.223
21.125 71.125 0.30173
21.125 71.375 0.39822
21.125 71.625 0.94219
21.125 71.875 -0.36628
21.125 72.875 -0.60006
21.125 73.125 -1.1215
21.125 73.375 -0.17771
21.125 73.625 -0.34118
21.125 73.875 -0.88037
21.125 74.125 -1.0081
21.125 74.375 -0.703
21.125 74.625 -0.4634
21.125 74.875 -0.23251
21.125 75.125 -0.59567
21.125 75.375 -0.086734
21.125 75.625 0.090458
21.125 75.875 -0.17123
21.125 76.125 -0.16568
21.125 76.375 -1.7415
21.125 76.625 -1.313
21.125 76.875 -1.3796
21.125 77.125 -1.5567
21.125 77.375 -1.1173
21.125 77.625 -1.2011
21.125 77.875 -1.0859
21.125 78.125 -1.2399
21.125 78.375 -1.1619
21.125 78.625 -1.1452
21.125 78.875 -0.11824
21.125 79.125 -0.32122
21.125 79.375 -0.17537
21.125 79.625 0.37068
21.125 79.875 0.84591
21.125 80.125 0.58769
21.125 80.375 0.72697
21.125 80.625 0.843
21.125 80.875 1.3593
21.125 81.125 1.0165
21.125 81.375 1.5909
21.125 81.625 0.64587
21.125 81.875 0.59688
21.125 82.125 0.45764
21.125 82.375 0.53481
21.125 82.625 0.16753
21.125 82.875 -0.10395
21.125 83.125 -0.22974
21.125 83.375 0.25485
21.125 83.625 0.2675
21.125 83.875 0.25528
21.125 84.125 0.70198
21.125 84.375 0.56085
21.125 84.625 0.29957
21.125 84.875 1.1381
21.125 85.125 1.3661
21.125 85.375 1.0577
21.125 85.625 1.1083
21.125 85.875 1.1276
21.125 86.125 0.98042
21.125 86.375 1.0524
21.125 86.625 1.0915
21.375 70.125 -0.66588
21.375 70.375 -0.54774
21.375 70.625 -0.11994
21.375 70.875 -0.25266
21.375 71.125 0.045376
21.375 71.375 0.0168
21.375 71.625 0.15322
21.375 71.875 -0.22266
21.375 72.875 -0.14793
21.375 73.125 0.15731
21.375 73.375 0.10994
21.375 73.625 -0.13354
21.375 73.875 -0.53639
21.375 74.125 -0.94712
21.375 74.375 -1.0957
21.375 74.625 -0.58047
21.375 74.875 0.27127
21.375 75.125 0.072303
21.375 75.375 0.15668
21.375 75.625 0.036622
21.375 75.875 -0.32206
21.375 76.125 -0.0192
21.375 76.375 -1.2398
21.375 76.625 -1.3684
21.375 76.875 -1.3451
21.375 77.125 -1.0904
21.375 77.375 -0.79136
21.375 77.625 -1.23
21.375 77.875 -1.3603
21.375 78.125 -0.95381
21.375 78.375 -1.0309
21.375 78.625 -1.2444
21.375 78.875 -0.35163
21.375 79.125 -0.76481
21.375 79.375 -0.1609
21.375 79.625 0.55537
21.375 79.875 0.60542
21.375 80.125 0.33041
21.375 80.375 0.6538
21.375 80.625 0.8189
21.375 80.875 0.48574
21.375 81.125 0.55263
21.375 81.375 1.6321
21.375 81.625 1.1034
21.375 81.875 0.95296
21.375 82.125 0.15589
21.375 82.375 -0.18299
21.375 82.625 -0.33155
21.375 82.875 -0.28343
21.375 83.125 0.41546
21.375 83.375 -0.27644
21.375 83.625 -0.16974
21.375 83.875 0.14849
21.375 84.125 0.088521
21.375 84.375 1.2038
21.375 84.625 1.0143
21.375 84.875 0.91156
21.375 85.125 1.6236
21.375 85.375 1.2716
21.375 85.625 0.98487
21.375 85.875 0.78153
21.375 86.125 1.1477
21.375 86.375 0.60091
21.375 86.625 0.8937
21.375 86.875 0.64039
21.625 69.875 -0.27852
21.625 70.125 -1.0424
21.625 70.375 -0.023326
21.625 70.625 0.36931
21.625 70.875 -0.032476
21.625 71.125 -0.12938
21.625 71.375 0.58988
21.625 71.625 0.85088
21.625 71.875 0.30854
21.625 72.125 0.12022
21.625 72.875 0.45483
21.625 73.125 0.27499
21.625 73.375 0.091965
21.625 73.625 -0.21024
21.625 73.875 -0.72925
21.625 74.125 -0.71554
21.625 74.375 -1.1918
21.625 74.625 -0.54732
21.625 74.875 0.28536
21.625 75.125 0.36894
21.625 75.375 0.281
21.625 75.625 0.030199
21.625 75.875 -0.29122
21.625 76.125 -0.21657
21.625 76.375 -0.62614
21.625 76.625 -1.0996
21.625 76.875 -0.64342
21.625 77.125 -0.17134
21.625 77.375 -0.22557
21.625 77.625 -0.86409
21.625 77.875 -0.022044
21.625 78.125 0.017091
21.625 78.375 -0.84188
21.625 78.625 -1.0015
21.625 78.875 -1.0233
21.625 79.125 -1.4949
21.625 79.375 -0.74201
21.625 79.625 0.31737
21.625 79.875 0.64271
21.625 80.125 0.63074
21.625 80.375 0.84672
21.625 80.625 0.8093
21.625 80.875 0.30113
21.625 81.125 -1.2428
21.625 81.375 0.58465
21.625 81.625 0.61842
21.625 81.875 0.86563
21.625 82.125 -0.081423
21.625 82.375 -0.59868
21.625 82.625 0.34985
21.625 82.875 -0.23909
21.625 83.125 -0.061929
21.625 83.375 -0.0076839
21.625 83.625 -0.22338
21.625 83.875 -0.18824
21.625 84.125 -0.073553
21.625 84.375 0.52854
21.625 84.625 -0.23362
21.625 84.875 1.0298
21.625 85.125 1.0845
21.625 85.375 1.3938
21.625 85.625 1.5261
21.625 85.875 0.81536
21.625 86.125 1.2415
21.625 86.375 0.49983
21.625 86.625 0.55488
21.625 86.875 0.3636
21.625 87.125 0.48217
21.625 87.375 0.52352
21.875 69.375 -0.80558
21.875 69.625 -0.41223
21.875 69.875 -0.35769
21.875 70.125 -0.61079
21.875 70.375 0.20994
21.875 70.625 0.68324
21.875 70.875 -0.09663
21.875 71.125 -0.96749
21.875 71.375 0.25123
21.875 71.625 0.81619
21.875 71.875 0.052497
21.875 72.125 -0.10591
21.875 72.625 -1.3793
21.875 72.875 -0.14955
21.875 73.125 -0.015528
21.875 73.375 -0.14856
21.875 73.625 -0.31337
21.875 73.875 -0.89704
21.875 74.125 -1.8722
21.875 74.375 -1.4851
21.875 74.625 -0.67597
21.875 74.875 -0.24969
21.875 75.125 -0.12014
21.875 75.375 0.17348
21.875 75.625 0.091925
21.875 75.875 -0.24073
21.875 76.125 -0.2194
21.875 76.375 -0.022647
21.875 76.625 -0.13872
21.875 76.875 -0.1684
21.875 77.125 -0.0065044
21.875 77.375 0.38317
21.875 77.625 -0.19343
21.875 77.875 -0.60682
21.875 78.125 0.30005
21.875 78.375 0.50167
21.875 78.625 -0.38462
21.875 78.875 -0.23108
21.875 79.125 -0.68647
21.875 79.375 -0.24298
21.875 79.625 0.2128
21.875 79.875 0.59543
21.875 80.125 0.82898
21.875 80.375 1.1262
21.875 80.625 0.87064
21.875 80.875 0.77637
21.875 81.125 -0.31896
21.875 81.375 0.38714
21.875 81.625 0.8986
21.875 81.875 0.20484
21.875 82.125 0.81041
21.875 82.375 0.7471
21.875 82.625 -0.70187
21.875 82.875 0.10009
21.875 83.125 0.41306
21.875 83.375 0.52982
21.875 83.625 -0.036788
21.875 83.875 1.1115
21.875 84.125 0.71347
21.875 84.375 0.40661
21.875 84.625 -0.29033
21.875 84.875 1.1583
21.875 85.125 1.2016
21.875 85.375 1.3887
21.875 85.625 1.2783
21.875 85.875 0.85722
21.875 86.125 1.36
21.875 86.375 0.8603
21.875 86.625 0.47967
21.875 86.875 0.50233
21.875 87.125 0.73794
21.875 87.375 0.70084
21.875 87.625 0.50708
21.875 87.875 0.34876
21.875 88.375 -0.097446
21.875 88.625 0.017082
21.875 88.875 0.019727
22.125 69.125 -0.55313
22.125 69.375 -1.046
22.125 69.625 -0.79538
22.125 69.875 -0.55139
22.125 70.125 -0.67178
22.125 70.375 -0.4212
22.125 70.625 -0.062964
22.125 70.875 0.26216
22.125 71.125 -0.92704
22.125 71.375 0.20112
22.125 71.625 0.60632
22.125 71.875 -0.83038
22.125 72.125 -0.040517
22.125 72.625 0.52752
22.125 72.875 -0.12728
22.125 73.125 -0.72638
22.125 73.375 -0.22958
22.125 73.625 -0.16705
22.125 73.875 -0.64294
22.125 74.125 -0.69676
22.125 74.375 -1.2782
22.125 74.625 -1.3347
22.125 74.875 -0.33226
22.125 75.125 -0.0479
22.125 75.375 -0.35657
22.125 75.625 -0.52331
22.125 75.875 -0.2969
22.125 76.125 -0.58221
22.125 76.375 -0.2143
22.125 76.625 -0.35629
22.125 76.875 -0.62653
22.125 77.125 -0.17433
22.125 77.375 -0.20837
22.125 77.625 -0.5456
22.125 77.875 -0.01038
22.125 78.125 0.27603
22.125 78.375 0.038147
22.125 78.625 0.55606
22.125 78.875 0.16451
22.125 79.125 -0.0015733
22.125 79.375 -0.074224
22.125 79.625 0.2665
22.125 79.875 0.74653
22.125 80.125 0.97131
22.125 80.375 1.1355
22.125 80.625 1.2072
22.125 80.875 0.84055
22.125 81.125 -0.33891
22.125 81.375 1.2675
22.125 81.625 0.22982
22.125 81.875 0.2726
22.125 82.125 0.75863
22.125 82.375 0.19596
22.125 82.625 -0.69735
22.125 82.875 -0.88976
22.125 83.125 -0.055273
22.125 83.375 0.29905
22.125 83.625 -0.30715
22.125 83.875 0.55387
22.125 84.125 0.68651
22.125 84.375 -0.39893
22.125 84.625 1.2813
22.125 84.875 1.4513
22.125 85.125 1.2238
22.125 85.375 1.4205
22.125 85.625 1.2199
22.125 85.875 1.2042
22.125 86.125 1.4306
22.125 86.375 0.7135
22.125 86.625 0.41587
22.125 86.875 0.56519
22.125 87.125 0.51246
22.125 87.375 0.081457
22.125 87.625 0.20572
22.125 87.875 0.099194
22.125 88.125 -0.2119
22.125 88.375 -0.10024
22.125 92.875 1.3976
22.375 69.125 0.24892
22.375 69.875 -0.051334
22.375 70.125 -0.24802
22.375 70.375 -1.0597
22.375 70.625 0.11263
22.375 70.875 0.16197
22.375 71.125 0.35254
22.375 71.375 -0.12449
22.375 71.625 -0.9482
22.375 71.875 0.17158
22.375 72.125 0.85514
22.375 72.625 0.78665
22.375 72.875 -0.3915
22.375 73.125 -0.19637
22.375 73.375 -0.19569
22.375 73.625 0.25459
22.375 73.875 -0.16396
22.375 74.125 -0.88606
22.375 74.375 -1.0324
22.375 74.625 -1.2669
22.375 74.875 -1.0684
22.375 75.125 -0.7685
22.375 75.375 -0.64934
22.375 75.625 -1.0228
22.375 75.875 -0.36924
22.375 76.125 -0.55031
22.375 76.375 -0.87765
22.375 76.625 -0.16863
22.375 76.875 -0.50431
22.375 77.125 -0.37396
22.375 77.375 -0.47223
22.375 77.625 -0.47667
22.375 77.875 0.58091
22.375 78.125 0.6839
22.375 78.375 0.51131
22.375 78.625 0.36804
22.375 78.875 0.54172
22.375 79.125 0.66671
22.375 79.375 0.7683
22.375 79.625 0.41835
22.375 79.875 1.1465
22.375 80.125 1.1211
22.375 80.375 1.4703
22.375 80.625 1.2603
22.375 80.875 1.13
22.375 81.125 0.68928
22.375 81.375 1.333
22.375 81.625 0.8007
22.375 81.875 0.77415
22.375 82.125 0.52573
22.375 82.375 -0.034635
22.375 82.625 -1.2861
22.375 82.875 -2.3846
22.375 83.125 -2.0154
22.375 83.375 -2.3536
22.375 83.625 -2.3758
22.375 83.875 0.050235
22.375 84.125 0.1157
22.375 84.375 0.56285
22.375 84.625 1.1249
22.375 84.875 1.1985
22.375 85.125 0.92248
22.375 85.375 0.74761
22.375 85.625 0.52291
22.375 85.875 0.43937
22.375 86.125 0.2829
22.375 86.375 0.47097
22.375 86.625 0.38989
22.375 86.875 0.51596
22.375 87.125 0.6184
22.375 87.375 -0.47677
22.375 87.625 -0.35516
22.375 87.875 0.27193
22.375 88.125 0.061728
22.375 88.375 0.015479
22.375 88.625 0.056993
22.375 88.875 0.0037207
22.375 92.875 1.4793
22.625 70.375 0.12794
22.625 70.625 0.62814
22.625 70.875 0.024056
22.625 71.125 -0.14762
22.625 71.375 -0.21133
22.625 71.625 -0.34546
22.625 71.875 -0.6648
22.625 72.125 0.423
22.625 72.375 1.1298
22.625 72.625 1.3809
22.625 72.875 -0.19036
22.625 73.125 -0.14688
22.625 73.375 0.36268
22.625 73.625 -0.47864
22.625 73.875 -0.67515
22.625 74.125 -0.56708
22.625 74.375 -0.74443
22.625 74.625 -0.75397
22.625 74.875 -0.93633
22.625 75.125 -0.74824
22.625 75.375 -0.69135
22.625 75.625 -1.0692
22.625 75.875 -0.52458
22.625 76.125 -0.71996
22.625 76.375 -0.82987
22.625 76.625 -0.29785
22.625 76.875 -0.018554
22.625 77.125 -0.16125
22.625 77.375 -0.66413
22.625 77.625 -0.53667
22.625 77.875 0.74893
22.625 78.125 1.073
22.625 78.375 0.88431
22.625 78.625 1.073
22.625 78.875 0.69431
22.625 79.125 0.8091
22.625 79.375 0.91255
22.625 79.625 0.83575
22.625 79.875 0.71896
22.625 80.125 0.98562
22.625 80.375 0.81657
22.625 80.625 0.79693
22.625 80.875 0.66908
22.625 81.125 1.5001
22.625 81.375 1.3845
22.625 81.625 0.48296
22.625 81.875 0.78545
22.625 82.125 0.1382
22.625 82.375 -0.29994
22.625 82.625 -1.2469
22.625 82.875 -1.8755
22.625 83.125 -2.5336
22.625 83.375 -0.66626
22.625 83.625 -0.71521
22.625 83.875 -2.0262
22.625 84.125 -0.36958
22.625 84.375 0.52019
22.625 84.625 1.0566
22.625 84.875 1.0188
22.625 85.125 1.1332
22.625 85.375 1.0406
22.625 85.625 0.85939
22.625 85.875 0.57199
22.625 86.125 0.44788
22.625 86.375 0.13154
22.625 86.625 -0.14042
22.625 86.875 0.060266
22.625 87.125 0.090091
22.625 87.375 -0.36221
22.625 87.625 -0.096593
22.625 87.875 0.4599
22.625 88.125 0.4405
22.625 88.375 -0.013402
22.625 88.625 0.21012
22.625 88.875 0.10284
22.625 92.625 0.15565
22.625 92.875 1.1516
22.875 69.375 0.51797
22.875 69.625 0.40044
22.875 69.875 0.23585
22.875 70.625 0.8417
22.875 70.875 0.44774
22.875 71.125 -0.46153
22.875 71.375 -0.39167
22.875 71.625 -0.24637
22.875 71.875 -0.38613
22.875 72.125 -0.33425
22.875 72.375 0.84116
22.875 72.625 0.82098
22.875 72.875 0.12131
22.875 73.125 0.5634
22.875 73.375 0.23347
22.875 73.625 -0.54309
22.875 73.875 -1.182
22.875 74.125 -0.65242
22.875 74.375 -0.7535
22.875 74.625 -0.94738
22.875 74.875 -0.73565
22.875 75.125 -0.8462
22.875 75.375 -0.31312
22.875 75.625 -0.51928
22.875 75.875 -0.50492
22.875 76.125 -0.25598
22.875 76.375 -0.85517
22.875 76.625 -0.09657
22.875 76.875 -0.26086
22.875 77.125 0.047316
22.875 77.375 -1.4048
22.875 77.625 -0.2655
22.875 77.875 0.16251
22.875 78.125 0.4851
22.875 78.375 0.86196
22.875 78.625 1.1184
22.875 78.875 0.94886
22.875 79.125 1.04
22.875 79.375 0.83121
22.875 79.625 0.90725
22.875 79.875 0.50172
22.875 80.125 1.1089
22.875 80.375 0.78336
22.875 80.625 0.60841
22.875 80.875 0.81042
22.875 81.125 0.73242
22.875 81.375 0.096628
22.875 81.625 0.078617
22.875 81.875 -0.14091
22.875 82.125 -0.23953
22.875 82.375 -1.1901
22.875 82.625 -1.1682
22.875 82.875 -0.72041
22.875 83.125 -2.7771
22.875 83.375 0.24191
22.875 83.625 0.96706
22.875 83.875 -0.41233
22.875 84.125 -1.1842
22.875 84.375 0.15415
22.875 84.625 1.0878
22.875 84.875 0.94071
22.875 85.125 1.0979
22.875 85.375 1.5463
22.875 85.625 1.0382
22.875 85.875 0.23424
22.875 86.125 0.53066
22.875 86.375 0.44946
22.875 86.625 0.39698
22.875 86.875 0.40555
22.875 87.125 -0.041802
22.875 87.375 -0.24666
22.875 87.625 -0.17179
22.875 87.875 -0.065572
22.875 88.125 0.30358
22.875 88.375 0.18852
22.875 88.625 0.19031
22.875 92.625 0.2131
22.875 92.875 0.7748
23.125 68.875 0.10974
23.125 69.125 0.12383
23.125 69.375 0.30257
23.125 69.625 0.36871
23.125 69.875 0.37006
23.125 70.125 0.16187
23.125 70.875 -0.10813
23.125 71.125 0.17379
23.125 71.375 0.05658
23.125 71.625 -0.38626
23.125 71.875 -0.04821
23.125 72.125 0.99294
23.125 72.375 0.18434
23.125 72.625 0.49411
23.125 72.875 -0.0072619
23.125 73.125 -0.33257
23.125 73.375 0.43659
23.125 73.625 0.17798
23.125 73.875 -1.5396
23.125 74.125 -1.362
23.125 74.375 -1.328
23.125 74.625 -1.5194
23.125 74.875 -0.56828
23.125 75.125 -0.60588
23.125 75.375 -1.1742
23.125 75.625 -0.80419
23.125 75.875 -0.49202
23.125 76.125 -0.28412
23.125 76.375 0.12584
23.125 76.625 0.00065959
23.125 76.875 -0.042295
23.125 77.125 0.067101
23.125 77.375 0.26973
23.125 77.625 0.28584
23.125 77.875 0.17083
23.125 78.125 0.097596
23.125 78.375 0.47662
23.125 78.625 0.32116
23.125 78.875 0.88315
23.125 79.125 1.0585
23.125 79.375 0.84591
23.125 79.625 0.68822
23.125 79.875 1.066
23.125 80.125 0.99932
23.125 80.375 0.79831
23.125 80.625 0.93192
23.125 80.875 1.0272
23.125 81.125 0.83892
23.125 81.375 0.68352
23.125 81.625 0.60864
23.125 81.875 0.16127
23.125 82.125 -0.34565
23.125 82.375 -0.13466
23.125 82.625 -0.031842
23.125 82.875 -0.53433
23.125 83.125 -0.20031
23.125 83.375 0.44752
23.125 83.625 1.1677
23.125 83.875 1.2342
23.125 84.125 -0.020763
23.125 84.375 0.076198
23.125 84.625 -0.18553
23.125 84.875 0.1688
23.125 85.125 0.43199
23.125 85.375 1.2985
23.125 85.625 0.52759
23.125 85.875 -0.034876
23.125 86.125 0.16059
23.125 86.375 0.5989
23.125 86.625 0.53253
23.125 86.875 0.73543
23.125 87.125 0.77712
23.125 87.375 -0.3794
23.125 87.625 -0.43885
23.125 87.875 -0.62029
23.125 88.125 -0.091123
23.125 88.375 0.13401
23.125 88.625 0.34979
23.125 91.625 -0.36002
23.125 92.625 -0.0024799
23.125 92.875 0.097249
23.125 93.125 0.27632
23.375 68.875 0.079498
23.375 69.125 0.074917
23.375 69.375 0.18484
23.375 69.625 0.48205
23.375 69.875 0.41791
23.375 70.125 0.20533
23.375 70.375 0.37982
23.375 70.625 0.52022
23.375 70.875 0.64329
23.375 71.125 -0.034677
23.375 71.375 -0.35133
23.375 71.625 -0.045047
23.375 71.875 0.76999
23.375 72.125 0.36661
23.375 72.375 0.19841
23.375 72.625 0.11988
23.375 72.875 0.19448
23.375 73.125 0.084726
23.375 73.375 0.034559
23.375 73.625 -0.46341
23.375 73.875 -1.0025
23.375 74.125 -1.2143
23.375 74.375 -0.3692
23.375 74.625 -0.55876
23.375 74.875 -0.17616
23.375 75.125 -0.13019
23.375 75.375 0.098209
23.375 75.625 -0.78064
23.375 75.875 -0.040208
23.375 76.125 0.63289
23.375 76.375 0.49526
23.375 76.625 0.0153
23.375 76.875 -0.29249
23.375 77.125 0.17453
23.375 77.375 0.45763
23.375 77.625 -0.11135
23.375 77.875 0.4007
23.375 78.125 0.37066
23.375 78.375 0.31313
23.375 78.625 0.51488
23.375 78.875 1.1094
23.375 79.125 0.98863
23.375 79.375 1.0163
23.375 79.625 1.2924
23.375 79.875 1.0149
23.375 80.125 0.89795
23.375 80.375 1.3731
23.375 80.625 1.5167
23.375 80.875 1.1777
23.375 81.125 1.0009
23.375 81.375 0.43396
23.375 81.625 0.651
23.375 81.875 0.84608
23.375 82.125 0.8345
23.375 82.375 0.52617
23.375 82.625 0.1345
23.375 82.875 -0.13369
23.375 83.125 -0.12497
23.375 83.375 0.60986
23.375 83.625 0.71127
23.375 83.875 0.98444
23.375 84.125 -0.67765
23.375 84.375 0.019898
23.375 84.625 -0.63727
23.375 84.875 0.12026
23.375 85.125 0.62244
23.375 85.375 1.0103
23.375 85.625 0.7667
23.375 85.875 0.29245
23.375 86.125 -0.07553
23.375 86.375 0.50833
23.375 86.625 0.4518
23.375 86.875 0.68973
23.375 87.125 0.5642
23.375 87.375 0.025077
23.375 87.625 -0.56599
23.375 87.875 -0.83485
23.375 88.125 -0.44143
23.375 88.375 -0.10471
23.375 88.625 0.21294
23.375 91.375 -0.35518
23.375 91.625 -0.54638
23.375 92.625 -0.20398
23.375 92.875 -0.36844
23.375 93.125 -1.7419
23.625 68.625 0.067424
23.625 68.875 0.031827
23.625 69.125 -0.033067
23.625 69.375 0.098389
23.625 69.625 0.308
23.625 69.875 -0.036669
23.625 70.125 -0.24428
23.625 70.375 -0.012195
23.625 70.625 0.52273
23.625 70.875 0.68887
23.625 71.125 0.16014
23.625 71.375 0.56956
23.625 71.625 -0.30021
23.625 71.875 -0.35477
23.625 72.125 -0.24727
23.625 72.375 -0.24088
23.625 72.625 0.11106
23.625 72.875 -0.09566
23.625 73.125 -0.33949
23.625 73.375 -0.34611
23.625 73.625 -0.38662
23.625 73.875 0.052083
23.625 74.125 0.88473
23.625 74.375 0.6268
23.625 74.625 -0.074739
23.625 74.875 0.023184
23.625 75.125 -0.47189
23.625 75.375 0.5437
23.625 75.625 0.53465
23.625 75.875 0.71196
23.625 76.125 0.79146
23.625 76.375 0.72904
23.625 76.625 0.19599
23.625 76.875 -1.1108
23.625 77.125 0.21423
23.625 77.375 0.019805
23.625 77.625 0.12318
23.625 77.875 0.3168
23.625 78.125 0.29289
23.625 78.375 0.66106
23.625 78.625 0.94358
23.625 78.875 0.93288
23.625 79.125 0.96465
23.625 79.375 0.879
23.625 79.625 1.0041
23.625 79.875 1.2958
23.625 80.125 1.0111
23.625 80.375 1.2125
23.625 80.625 1.6611
23.625 80.875 1.4416
23.625 81.125 0.95139
23.625 81.375 1.0157
23.625 81.625 0.97505
23.625 81.875 0.89166
23.625 82.125 0.5895
23.625 82.375 0.85535
23.625 82.625 0.52307
23.625 82.875 0.30967
23.625 83.125 0.26035
23.625 83.375 0.45483
23.625 83.625 0.59893
23.625 83.875 0.45718
23.625 84.125 0.40671
23.625 84.375 0.67719
23.625 84.625 0.59769
23.625 84.875 0.37528
23.625 85.125 0.31648
23.625 85.375 0.95706
23.625 85.625 0.35793
23.625 85.875 1.091
23.625 86.125 -1.9578
23.625 86.375 0.52148
23.625 86.625 0.7708
23.625 86.875 0.33231
23.625 87.125 0.29743
23.625 87.375 -1.3515
23.625 87.625 0.20874
23.625 87.875 -0.95836
23.625 88.125 -0.66673
23.625 88.375 -0.39462
23.625 91.375 -1.7157
23.625 91.625 -0.13365
23.625 91.875 0.41527
23.625 92.375 0.048349
23.625 92.625 -0.073242
23.625 92.875 -0.68002
23.625 93.125 -2.2542
23.875 68.875 -0.9989
23.875 69.125 -0.88383
23.875 69.375 -0.42721
23.875 69.625 -0.46812
23.875 69.875 0.019546
23.875 70.125 -0.29113
23.875 70.375 -0.29971
23.875 70.625 -0.26024
23.875 70.875 -0.060081
23.875 71.125 -0.23863
23.875 71.375 0.58818
23.875 71.625 0.91164
23.875 71.875 0.10963
23.875 72.125 0.037797
23.875 72.375 0.12621
23.875 72.625 -0.05013
23.875 72.875 -0.23361
23.875 73.125 -0.27176
23.875 73.375 -0.0091222
23.875 73.625 0.29472
23.875 73.875 0.60485
23.875 74.125 0.31618
23.875 74.375 0.68908
23.875 74.625 0.47089
23.875 74.875 0.72016
23.875 75.125 0.4347
23.875 75.375 0.71617
23.875 75.625 0.64774
23.875 75.875 0.75921
23.875 76.125 0.89189
23.875 76.375 0.94319
23.875 76.625 0.50638
23.875 76.875 0.70643
23.875 77.125 0.7138
23.875 77.375 0.21417
23.875 77.625 0.40049
23.875 77.875 0.65026
23.875 78.125 0.74699
23.875 78.375 0.65007
23.875 78.625 0.68394
23.875 78.875 0.9756
23.875 79.125 1.217
23.875 79.375 1.055
23.875 79.625 1.1187
23.875 79.875 1.353
23.875 80.125 1.3215
23.875 80.375 1.367
23.875 80.625 1.4723
23.875 80.875 0.94761
23.875 81.125 0.51522
23.875 81.375 0.79889
23.875 81.625 0.86393
23.875 81.875 0.95171
23.875 82.125 0.73958
23.875 82.375 0.95475
23.875 82.625 0.47104
23.875 82.875 0.45787
23.875 83.125 -0.020757
23.875 83.375 -0.22679
23.875 83.625 0.12056
23.875 83.875 0.29714
23.875 84.125 0.2664
23.875 84.375 -0.10157
23.875 84.625 -0.40565
23.875 84.875 -0.3967
23.875 85.125 -1.4044
23.875 85.375 -0.16464
23.875 85.625 0.84804
23.875 85.875 -0.25126
23.875 86.125 -0.20259
23.875 86.375 0.82436
23.875 86.625 0.48794
23.875 86.875 0.21982
23.875 87.125 0.3564
23.875 87.375 -0.42274
23.875 87.625 -0.19319
23.875 87.875 -0.37903
23.875 88.125 -0.60887
23.875 88.375 -0.89233
23.875 91.375 -0.92725
23.875 91.625 -0.44136
23.875 91.875 0.2366
23.875 92.125 0.41344
23.875 92.375 0.3707
23.875 92.625 -0.10736
23.875 92.875 -1.6466
23.875 93.125 -2.8419
23.875 93.375 -2.5609
24.125 68.875 0.027151
24.125 69.125 -0.9812
24.125 69.375 0.012899
24.125 69.625 0.10242
24.125 69.875 -0.22773
24.125 70.125 -0.33061
24.125 70.375 -0.48732
24.125 70.625 -0.78099
24.125 70.875 -0.84212
24.125 71.125 -0.80659
24.125 71.375 -0.4755
24.125 71.625 -0.33486
24.125 71.875 -0.13491
24.125 72.125 0.20943
24.125 72.375 0.18275
24.125 72.625 0.42046
24.125 72.875 0.093911
24.125 73.125 -0.19758
24.125 73.375 -0.29386
24.125 73.625 0.46273
24.125 73.875 0.32798
24.125 74.125 0.11361
24.125 74.375 0.35333
24.125 74.625 0.9103
24.125 74.875 0.49206
24.125 75.125 -0.44378
24.125 75.375 0.66175
24.125 75.625 0.65166
24.125 75.875 0.64758
24.125 76.125 0.64117
24.125 76.375 1.0461
24.125 76.625 0.98803
24.125 76.875 0.79323
24.125 77.125 0.64403
24.125 77.375 0.34488
24.125 77.625 0.32022
24.125 77.875 0.73795
24.125 78.125 0.72198
24.125 78.375 0.82907
24.125 78.625 0.77033
24.125 78.875 0.87119
24.125 79.125 1.1734
24.125 79.375 1.2613
24.125 79.625 1.2959
24.125 79.875 1.7723
24.125 80.125 1.7426
24.125 80.375 1.1606
24.125 80.625 1.2937
24.125 80.875 0.98422
24.125 81.125 0.08247
24.125 81.375 0.67507
24.125 81.625 0.69946
24.125 81.875 0.73738
24.125 82.125 0.98041
24.125 82.375 1.0184
24.125 82.625 0.57187
24.125 82.875 0.40266
24.125 83.125 0.11805
24.125 83.375 -1.4396
24.125 83.625 -1.3413
24.125 83.875 -0.031695
24.125 84.125 0.35118
24.125 84.375 -0.24945
24.125 84.625 -0.63798
24.125 84.875 -1.2533
24.125 85.125 -1.5813
24.125 85.375 -0.50805
24.125 85.625 -0.32754
24.125 85.875 -0.26635
24.125 86.125 0.1876
24.125 86.375 0.10704
24.125 86.625 -0.11155
24.125 86.875 -0.13964
24.125 87.125 -0.62332
24.125 87.375 -0.040101
24.125 87.625 -0.43774
24.125 87.875 -0.44953
24.125 88.125 -0.64839
24.125 88.375 -0.5599
24.125 91.875 0.22393
24.125 92.125 0.34145
24.125 92.375 0.52998
24.125 92.625 0.11049
24.125 92.875 -1.0659
24.125 93.125 -2.9285
24.125 93.375 -1.6558
24.125 93.625 -1.4171
24.125 93.875 -1.3927
24.125 94.125 -1.2795
24.375 71.375 -0.73878
24.375 71.625 -0.44152
24.375 71.875 -0.50711
24.375 72.125 -0.12534
24.375 72.375 -0.32903
24.375 72.625 0.29053
24.375 72.875 -0.18677
24.375 73.125 -0.26283
24.375 73.375 -0.37423
24.375 73.625 -0.55617
24.375 73.875 -0.46423
24.375 74.125 -0.65716
24.375 74.375 0.27953
24.375 74.625 0.043095
24.375 74.875 -0.041114
24.375 75.125 -0.098085
24.375 75.375 0.3963
24.375 75.625 0.67501
24.375 75.875 0.96867
24.375 76.125 -0.1981
24.375 76.375 0.66985
24.375 76.625 0.84574
24.375 76.875 0.80352
24.375 77.125 0.6529
24.375 77.375 0.5511
24.375 77.625 0.60362
24.375 77.875 0.84269
24.375 78.125 1.1608
24.375 78.375 1.1501
24.375 78.625 0.53923
24.375 78.875 0.89402
24.375 79.125 1.1537
24.375 79.375 1.234
24.375 79.625 1.6773
24.375 79.875 1.6653
24.375 80.125 1.3416
24.375 80.375 1.3746
24.375 80.625 1.3305
24.375 80.875 0.91254
24.375 81.125 0.50207
24.375 81.375 0.53501
24.375 81.625 0.91015
24.375 81.875 0.70363
24.375 82.125 0.77766
24.375 82.375 1.0121
24.375 82.625 0.90568
24.375 82.875 0.56085
24.375 83.125 0.25615
24.375 83.375 0.30287
24.375 83.625 -0.6927
24.375 83.875 0.33095
24.375 84.125 0.40927
24.375 84.375 1.2103
24.375 84.625 0.13462
24.375 84.875 -0.22509
24.375 85.125 -0.11404
24.375 85.375 -0.16141
24.375 85.625 -0.5389
24.375 85.875 -0.92045
24.375 86.125 -0.66496
24.375 86.375 -1.219
24.375 86.625 0.0077443
24.375 86.875 -0.35934
24.375 87.125 -0.95757
24.375 87.375 -1.3378
24.375 87.625 -1.1061
24.375 87.875 -1.3349
24.375 88.125 -1.154
24.375 92.375 0.010904
24.375 92.625 -0.87462
24.375 92.875 -1.9643
24.375 93.125 -3.158
24.375 93.375 -2.0713
24.375 93.625 -1.8851
24.375 93.875 -1.5615
24.375 94.125 -0.55364
24.625 71.125 -1.5796
24.625 71.375 -0.74517
24.625 71.625 -0.73768
24.625 71.875 -1.0077
24.625 72.125 -1.0881
24.625 72.375 -0.65539
24.625 72.625 -0.52152
24.625 72.875 -0.60843
24.625 73.125 -0.42269
24.625 73.375 -0.097577
24.625 73.625 -0.47593
24.625 73.875 -0.61823
24.625 74.125 -0.53789
24.625 74.375 0.020526
24.625 74.625 0.27463
24.625 74.875 -0.29697
24.625 75.125 -0.65428
24.625 75.375 -0.025935
24.625 75.625 0.3665
24.625 75.875 0.89181
24.625 76.125 0.31143
24.625 76.375 0.68846
24.625 76.625 0.60216
24.625 76.875 0.7618
24.625 77.125 0.77566
24.625 77.375 0.62075
24.625 77.625 0.64766
24.625 77.875 0.9388
24.625 78.125 1.4227
24.625 78.375 1.1295
24.625 78.625 0.882
24.625 78.875 0.93997
24.625 79.125 1.1953
24.625 79.375 1.4067
24.625 79.625 1.6355
24.625 79.875 1.6238
24.625 80.125 1.6871
24.625 80.375 2.0186
24.625 80.625 2.0124
24.625 80.875 0.27007
24.625 81.125 0.15989
24.625 81.375 1.2793
24.625 81.625 1.2014
24.625 81.875 1.1017
24.625 82.125 0.11625
24.625 82.375 0.70016
24.625 82.625 0.91203
24.625 82.875 0.90941
24.625 83.125 0.6692
24.625 83.375 0.11289
24.625 83.625 0.37297
24.625 83.875 -0.12601
24.625 84.125 1.0824
24.625 84.375 0.90089
24.625 84.625 -0.84823
24.625 84.875 -0.066735
24.625 85.125 -0.4598
24.625 85.375 0.031539
24.625 85.625 -2.2699
24.625 85.875 -0.79318
24.625 86.125 -1.3178
24.625 86.375 -0.22815
24.625 86.625 0.63053
24.625 86.875 -0.1536
24.625 87.125 -2.0875
24.625 87.375 -2.679
24.625 87.625 -1.715
24.625 87.875 -1.4821
24.625 92.375 -2.1022
24.625 92.625 -1.694
24.625 92.875 -2.4796
24.625 93.125 -1.9619
24.625 93.375 -1.1618
24.625 93.625 -2.0343
24.625 93.875 -1.636
24.625 94.125 -0.49816
24.625 94.375 -0.39584
24.875 71.125 -1.0163
24.875 71.375 -1.4573
24.875 71.625 -1.5602
24.875 71.875 -1.8928
24.875 72.125 -1.2642
24.875 72.375 -1.2039
24.875 72.625 -1.3651
24.875 72.875 -1.5024
24.875 73.125 -1.9126
24.875 73.375 -0.76668
24.875 73.625 -0.65699
24.875 73.875 -0.22199
24.875 74.125 -0.21513
24.875 74.375 -0.22611
24.875 74.625 0.30988
24.875 74.875 -0.35999
24.875 75.125 -0.77631
24.875 75.375 -0.78547
24.875 75.625 -0.20372
24.875 75.875 0.58437
24.875 76.125 0.19667
24.875 76.375 0.7523
24.875 76.625 0.97412
24.875 76.875 0.837
24.875 77.125 0.73535
24.875 77.375 1.2618
24.875 77.625 0.74445
24.875 77.875 0.69452
24.875 78.125 1.7607
24.875 78.375 0.79608
24.875 78.625 0.60086
24.875 78.875 1.7681
24.875 79.125 1.7379
24.875 79.375 1.5436
24.875 79.625 1.5114
24.875 79.875 1.5187
24.875 80.125 1.9695
24.875 80.375 1.7898
24.875 80.625 1.6394
24.875 80.875 0.79418
24.875 81.125 0.72156
24.875 81.375 0.71865
24.875 81.625 1.7484
24.875 81.875 1.527
24.875 82.125 -0.023887
24.875 82.375 -0.40792
24.875 82.625 1.2774
24.875 82.875 -0.3049
24.875 83.125 -0.35138
24.875 83.375 -0.25907
24.875 83.625 0.33874
24.875 83.875 0.060293
24.875 84.125 0.17068
24.875 84.375 -1.1037
24.875 84.625 -1.7358
24.875 84.875 -0.70334
24.875 85.125 -0.23895
24.875 85.375 -0.63397
24.875 85.625 0.16643
24.875 85.875 -0.11762
24.875 86.125 -1.1098
24.875 86.375 -0.0061771
24.875 86.625 0.1744
24.875 86.875 -0.79965
24.875 87.125 -1.4525
24.875 87.375 -1.9175
24.875 87.625 -0.95618
24.875 87.875 -1.1627
24.875 88.125 -1.5681
24.875 92.625 -1.0284
24.875 92.875 -1.7287
24.875 93.125 0.42185
24.875 93.375 -1.7974
24.875 93.625 -1.2306
24.875 93.875 -0.12802
24.875 94.125 -0.95099
24.875 94.375 -0.3186
25.125 71.125 -1.0358
25.125 71.375 -1.6247
25.125 71.625 -1.9367
25.125 71.875 -2.1176
25.125 72.125 -1.4501
25.125 72.375 -0.38518
25.125 72.625 -0.73094
25.125 72.875 -1.4844
25.125 73.125 -1.46
25.125 73.375 -0.89878
25.125 73.625 -0.4154
25.125 73.875 -0.97691
25.125 74.125 -0.69763
25.125 74.375 -0.4735
25.125 74.625 0.079264
25.125 74.875 0.23973
25.125 75.125 -0.27013
25.125 75.375 0.70665
25.125 75.625 0.4418
25.125 75.875 -0.28672
25.125 76.125 -0.11069
25.125 76.375 0.41066
25.125 76.625 0.87709
25.125 76.875 0.87488
25.125 77.125 0.75929
25.125 77.375 0.70653
25.125 77.625 0.94618
25.125 77.875 0.93807
25.125 78.125 1.8565
25.125 78.375 0.95246
25.125 78.625 0.7439
25.125 78.875 1.0445
25.125 79.125 1.5097
25.125 79.375 1.9543
25.125 79.625 1.2354
25.125 79.875 2.2077
25.125 80.125 1.8316
25.125 80.375 1.4608
25.125 80.625 1.9372
25.125 80.875 1.3244
25.125 81.125 -0.15246
25.125 81.375 0.716
25.125 81.625 -0.1843
25.125 81.875 0.43033
25.125 82.125 0.47749
25.125 82.375 1.0227
25.125 82.625 1.081
25.125 82.875 0.34947
25.125 83.125 -0.57526
25.125 83.375 -0.40809
25.125 83.625 0.60125
25.125 83.875 0.26441
25.125 84.125 0.35167
25.125 84.375 -0.4735
25.125 84.625 -1.1732
25.125 84.875 -0.85234
25.125 85.125 0.037662
25.125 85.375 -0.79799
25.125 85.625 0.87325
25.125 85.875 0.60402
25.125 86.125 -0.21874
25.125 86.375 0.60842
25.125 86.625 0.33533
25.125 86.875 -0.56677
25.125 87.125 -0.90728
25.125 87.375 -1.088
25.125 87.625 -1.1523
25.125 87.875 -0.96946
25.125 88.125 -1.0833
25.125 88.375 -1.4309
25.125 92.375 -0.94278
25.125 92.625 -1.0359
25.125 92.875 -0.90402
25.125 93.125 -0.25788
25.125 93.375 -1.2683
25.125 93.625 -1.1032
25.125 93.875 -0.31166
25.125 94.125 -0.029966
25.125 94.375 0.044891
25.375 70.875 -0.63627
25.375 71.125 -1.1226
25.375 71.375 -1.4148
25.375 71.625 -1.7728
25.375 71.875 -2.1744
25.375 72.125 -0.91291
25.375 72.375 -0.37742
25.375 72.625 -0.73209
25.375 72.875 -0.98401
25.375 73.125 -0.97084
25.375 73.375 -0.69734
25.375 73.625 -0.24171
25.375 73.875 -0.59755
25.375 74.125 -0.63821
25.375 74.375 -0.65691
25.375 74.625 -0.21666
25.375 74.875 -0.18237
25.375 75.125 -0.067668
25.375 75.375 0.78966
25.375 75.625 1.4233
25.375 75.875 0.60301
25.375 76.125 0.63082
25.375 76.375 0.80278
25.375 76.625 0.32464
25.375 76.875 0.28913
25.375 77.125 1.6378
25.375 77.375 1.293
25.375 77.625 1.1997
25.375 77.875 1.4487
25.375 78.125 1.8168
25.375 78.375 1.8609
25.375 78.625 0.27648
25.375 78.875 -0.30149
25.375 79.125 1.723
25.375 79.375 2.2656
25.375 79.625 1.7516
25.375 79.875 1.9497
25.375 80.125 1.9834
25.375 80.375 2.4567
25.375 80.625 1.7606
25.375 80.875 -0.53136
25.375 81.125 -0.32554
25.375 81.375 1.7278
25.375 81.625 1.481
25.375 81.875 -0.53501
25.375 82.125 -0.9591
25.375 82.375 -1.3167
25.375 82.625 -0.91201
25.375 82.875 -0.3025
25.375 83.125 -0.34424
25.375 83.375 0.91568
25.375 83.625 0.64572
25.375 83.875 0.76547
25.375 84.125 0.55157
25.375 84.375 0.050367
25.375 84.625 -0.18752
25.375 84.875 0.36499
25.375 85.125 -0.36235
25.375 85.375 -1.3336
25.375 85.625 0.0070095
25.375 85.875 0.81496
25.375 86.125 0.7839
25.375 86.375 0.76017
25.375 86.625 -0.052417
25.375 86.875 -0.11265
25.375 87.125 -0.77489
25.375 87.375 -1.0087
25.375 87.625 -0.72488
25.375 87.875 -0.96747
25.375 88.125 -1.3396
25.375 88.375 -1.6993
25.375 88.625 -1.5572
25.375 90.125 -0.89837
25.375 90.375 -0.81276
25.375 90.625 -0.36386
25.375 90.875 -0.36766
25.375 91.125 -0.061222
25.375 91.375 0.5107
25.375 91.625 -0.10993
25.375 91.875 -0.24111
25.375 92.125 -0.93865
25.375 92.375 -0.61114
25.375 92.625 -0.99727
25.375 92.875 -0.63746
25.375 93.125 -0.86954
25.375 93.375 -1.0522
25.375 93.625 0.33605
25.375 93.875 -0.27945
25.375 94.125 0.2392
25.375 94.375 1.0113
25.625 70.875 -0.63783
25.625 71.125 -1.3921
25.625 71.375 -1.4878
25.625 71.625 -1.6516
25.625 71.875 -1.3093
25.625 72.125 -0.80328
25.625 72.375 -0.76037
25.625 72.625 -1.1197
25.625 72.875 -0.99846
25.625 73.125 -0.90887
25.625 73.375 -0.90846
25.625 73.625 -0.65452
25.625 73.875 0.019765
25.625 74.125 0.44324
25.625 74.375 -0.28384
25.625 74.625 -0.2274
25.625 74.875 0.80578
25.625 75.125 0.10586
25.625 75.375 0.34115
25.625 75.625 1.4424
25.625 75.875 0.83825
25.625 76.125 0.84697
25.625 76.375 0.80754
25.625 76.625 0.2667
25.625 76.875 0.43912
25.625 77.125 1.5407
25.625 77.375 1.7481
25.625 77.625 1.1643
25.625 77.875 0.62095
25.625 78.125 0.90742
25.625 78.375 0.90157
25.625 78.625 0.74792
25.625 78.875 0.40242
25.625 79.125 1.9957
25.625 79.375 1.2949
25.625 79.625 1.5684
25.625 79.875 1.5208
25.625 80.125 1.3663
25.625 80.375 2.161
25.625 80.625 -0.54071
25.625 80.875 -0.99
25.625 81.125 1.6712
25.625 81.375 1.3696
25.625 81.625 0.24887
25.625 81.875 0.26708
25.625 82.125 -0.97145
25.625 82.375 0.35975
25.625 82.625 -0.90368
25.625 82.875 -0.51446
25.625 83.125 -0.079172
25.625 83.375 0.89348
25.625 83.625 0.84547
25.625 83.875 0.10447
25.625 84.125 -0.95274
25.625 84.375 -0.87562
25.625 84.625 0.31136
25.625 84.875 -0.22774
25.625 85.125 -0.75172
25.625 85.375 -0.73436
25.625 85.625 -0.21745
25.625 85.875 -0.35758
25.625 86.125 -0.34739
25.625 86.375 -0.27292
25.625 86.625 -0.13334
25.625 86.875 -0.35501
25.625 87.125 -0.60817
25.625 87.375 -1.2521
25.625 87.625 -1.2552
25.625 87.875 -1.2713
25.625 88.125 -1.9524
25.625 90.125 -0.041749
25.625 90.375 -0.46056
25.625 90.625 -0.53362
25.625 90.875 0.41402
25.625 91.125 0.71728
25.625 91.375 0.77513
25.625 91.625 0.5761
25.625 91.875 -0.23398
25.625 92.125 -0.43194
25.625 92.375 -0.064036
25.625 92.625 -1.3639
25.625 92.875 -0.86554
25.625 93.125 -0.93541
25.625 93.375 -0.7461
25.625 93.625 0.028627
25.625 93.875 0.86125
25.625 94.125 1.3348
25.625 94.375 1.3524
25.625 94.625 1.4944
25.625 94.875 1.2639
25.875 70.375 -0.37827
25.875 70.625 -0.45057
25.875 70.875 -0.62236
25.875 71.125 -0.77228
25.875 71.375 -1.5092
25.875 71.625 -1.3693
25.875 71.875 -0.95125
25.875 72.125 -0.74794
25.875 72.375 -0.8108
25.875 72.625 -1.2945
25.875 72.875 -1.1094
25.875 73.125 -0.91776
25.875 73.375 -0.80843
25.875 73.625 -0.48941
25.875 73.875 -0.22623
25.875 74.125 0.063949
25.875 74.375 0.23575
25.875 74.625 0.58171
25.875 74.875 0.35734
25.875 75.125 -0.4339
25.875 75.375 -0.86562
25.875 75.625 0.10852
25.875 75.875 0.4384
25.875 76.125 0.37276
25.875 76.375 0.91614
25.875 76.625 0.37845
25.875 76.875 0.51909
25.875 77.125 1.2942
25.875 77.375 1.3792
25.875 77.625 1.0665
25.875 77.875 0.49618
25.875 78.125 1.3803
25.875 78.375 1.8046
25.875 78.625 1.4815
25.875 78.875 0.91212
25.875 79.125 1.3252
25.875 79.375 1.132
25.875 79.625 0.84104
25.875 79.875 1.4638
25.875 80.125 1.1498
25.875 80.375 0.95661
25.875 80.625 -0.45257
25.875 80.875 -1.2991
25.875 81.125 -0.9734
25.875 81.375 1.4425
25.875 81.625 0.44596
25.875 81.875 0.75651
25.875 82.125 -1.1542
25.875 82.375 -0.0583
25.875 82.625 -0.094704
25.875 82.875 0.91251
25.875 83.125 -0.68114
25.875 83.375 -0.91745
25.875 83.625 0.60206
25.875 83.875 -0.88023
25.875 84.125 0.70911
25.875 84.375 -1.3621
25.875 84.625 -0.14858
25.875 84.875 -1.233
25.875 85.125 -0.24982
25.875 85.375 -0.74508
25.875 85.625 -0.1817
25.875 85.875 -0.11256
25.875 86.125 -0.1467
25.875 86.375 -0.097547
25.875 86.625 0.058249
25.875 86.875 -0.47804
25.875 87.125 -1.3271
25.875 87.375 -1.2091
25.875 87.625 -2.0679
25.875 87.875 -1.0659
25.875 90.125 -0.91996
25.875 90.375 -1.4917
25.875 90.625 -0.50952
25.875 90.875 0.077462
25.875 91.125 0.55405
25.875 91.375 0.6588
25.875 91.625 -0.70651
25.875 91.875 -0.79136
25.875 92.125 -0.37341
25.875 92.375 -0.4376
25.875 92.625 -0.88731
25.875 92.875 -1.1854
25.875 93.125 -1.8661
25.875 93.375 -1.6831
25.875 93.625 -1.0696
25.875 93.875 1.2621
25.875 94.125 1.4212
25.875 94.375 1.1978
25.875 94.625 1.336
25.875 94.875 1.1465
26.125 70.375 -0.4049
26.125 70.625 -0.69954
26.125 70.875 -0.95373
26.125 71.125 -1.6455
26.125 71.375 -1.399
26.125 71.625 -0.95399
26.125 71.875 -0.77331
26.125 72.125 -0.4335
26.125 72.375 -1.0843
26.125 72.625 -1.2526
26.125 72.875 -1.2602
26.125 73.125 -1.2387
26.125 73.375 -0.9562
26.125 73.625 -0.012624
26.125 73.875 0.087373
26.125 74.125 -0.45102
26.125 74.375 -0.036733
26.125 74.625 -0.29612
26.125 74.875 0.11207
26.125 75.125 0.59555
26.125 75.375 -0.14118
26.125 75.625 -0.14896
26.125 75.875 -0.33286
26.125 76.125 -0.29052
26.125 76.375 0.67159
26.125 76.625 0.86678
26.125 76.875 0.53566
26.125 77.125 1.1478
26.125 77.375 0.94214
26.125 77.625 0.9629
26.125 77.875 0.64718
26.125 78.125 1.2436
26.125 78.375 2.2175
26.125 78.625 1.7972
26.125 78.875 1.7025
26.125 79.125 1.6454
26.125 79.375 1.3741
26.125 79.625 0.11611
26.125 79.875 0.068391
26.125 80.125 1.3101
26.125 80.375 0.95198
26.125 80.625 -1.4197
26.125 80.875 1.1607
26.125 81.125 0.89737
26.125 81.375 -1.1199
26.125 81.625 1.1203
26.125 81.875 0.8443
26.125 82.125 -0.13359
26.125 82.375 -0.54275
26.125 82.625 0.31202
26.125 82.875 0.67781
26.125 83.125 -0.79811
26.125 83.375 -1.6328
26.125 83.625 -1.8985
26.125 83.875 0.0098082
26.125 84.125 0.50764
26.125 84.375 -0.84661
26.125 84.625 -0.39175
26.125 84.875 -1.5105
26.125 85.125 0.59594
26.125 85.375 -1.4852
26.125 85.625 0.089863
26.125 85.875 1.0684
26.125 86.125 0.016168
26.125 86.375 -0.61994
26.125 86.625 -0.5155
26.125 86.875 -0.49841
26.125 87.125 -0.90299
26.125 87.375 -0.99684
26.125 87.625 -0.51679
26.125 87.875 -0.54068
26.125 88.125 -1.1273
26.125 89.375 -1.9629
26.125 89.875 -1.8052
26.125 90.125 -1.085
26.125 90.375 -1.2342
26.125 90.625 -2.6164
26.125 90.875 -1.0852
26.125 91.125 -0.97934
26.125 91.375 -0.22442
26.125 91.625 -1.5023
26.125 91.875 -1.1453
26.125 92.125 -0.66447
26.125 92.375 0.34929
26.125 92.625 0.42973
26.125 92.875 -1.292
26.125 93.125 -1.8035
26.125 93.375 -0.69965
26.125 93.625 0.48067
26.125 93.875 1.5711
26.125 94.125 1.66
26.125 94.375 1.2533
26.125 94.625 1.0766
26.125 94.875 0.85331
26.375 70.375 -0.94582
26.375 70.625 -0.89836
26.375 70.875 -0.79763
26.375 71.125 -1.0921
26.375 71.375 -1.4111
26.375 71.625 -0.8812
26.375 71.875 -0.66813
26.375 72.125 -0.52433
26.375 72.375 -1.0539
26.375 72.625 -1.7563
26.375 72.875 -1.1363
26.375 73.125 -1.5139
26.375 73.375 -1.2953
26.375 73.625 -0.17546
26.375 73.875 0.12393
26.375 74.125 -0.35845
26.375 74.375 0.58561
26.375 74.625 -1.9377
26.375 74.875 -0.54258
26.375 75.125 0.054783
26.375 75.375 0.34352
26.375 75.625 -0.080138
26.375 75.875 0.13744
26.375 76.125 0.45734
26.375 76.375 0.46432
26.375 76.625 0.73451
26.375 76.875 0.6476
26.375 77.125 0.87994
26.375 77.375 1.3121
26.375 77.625 0.89774
26.375 77.875 0.099479
26.375 78.125 0.95033
26.375 78.375 0.90352
26.375 78.625 1.5406
26.375 78.875 1.7995
26.375 79.125 1.8045
26.375 79.375 -0.57634
26.375 79.625 -0.84187
26.375 79.875 1.456
26.375 80.125 1.4171
26.375 80.375 0.65761
26.375 80.625 0.045302
26.375 80.875 0.74617
26.375 81.125 -0.14722
26.375 81.375 -2.3209
26.375 81.625 -2.0017
26.375 81.875 -0.73758
26.375 82.125 -0.39404
26.375 82.375 0.44837
26.375 82.625 -0.22599
26.375 82.875 0.64193
26.375 83.125 -0.0033241
26.375 83.375 -0.64315
26.375 83.625 -0.38833
26.375 83.875 -0.0089114
26.375 84.125 0.29304
26.375 84.375 0.0032172
26.375 84.625 -0.70416
26.375 84.875 -1.5468
26.375 85.125 -0.67576
26.375 85.375 -0.96768
26.375 85.625 -0.87211
26.375 85.875 0.12228
26.375 86.125 -0.10946
26.375 86.375 -1.6893
26.375 86.625 -1.2978
26.375 86.875 -0.73636
26.375 87.125 -0.97978
26.375 87.625 -0.88223
26.375 87.875 -0.97836
26.375 88.125 -1.2369
26.375 88.375 -1.3757
26.375 88.875 -1.9033
26.375 89.375 -1.8176
26.375 89.625 -2.4436
26.375 89.875 -2.3785
26.375 90.125 -1.1142
26.375 90.375 -0.61204
26.375 90.625 -1.5795
26.375 90.875 -1.0695
26.375 91.125 -1.8298
26.375 91.375 -1.0688
26.375 91.625 -1.6086
26.375 91.875 -1.5634
26.375 92.125 -0.36467
26.375 92.375 -0.038549
26.375 92.625 -0.17262
26.375 92.875 -0.10669
26.375 93.125 -1.3238
26.375 93.375 -1.1114
26.375 93.625 0.11427
26.375 93.875 1.316
26.375 94.125 1.3953
26.375 94.375 0.81782
26.375 94.625 0.64818
26.375 94.875 -0.087204
26.625 69.875 -0.90184
26.625 70.125 -0.7263
26.625 70.375 -0.84145
26.625 70.625 -0.89613
26.625 70.875 -0.8743
26.625 71.125 -0.92072
26.625 71.375 -0.7751
26.625 71.625 -0.97995
26.625 71.875 -1.0171
26.625 72.125 -0.84978
26.625 72.375 -1.441
26.625 72.625 -1.7004
26.625 72.875 -1.6425
26.625 73.125 -1.0389
26.625 73.375 -1.2604
26.625 73.625 -0.33193
26.625 73.875 -0.070791
26.625 74.125 -0.38988
26.625 74.375 0.19878
26.625 74.625 -0.48693
26.625 74.875 -0.30585
26.625 75.125 -0.274
26.625 75.375 0.4823
26.625 75.625 0.405
26.625 75.875 0.13423
26.625 76.125 0.8351
26.625 76.375 0.7036
26.625 76.625 0.15874
26.625 76.875 0.6264
26.625 77.125 1.2028
26.625 77.375 1.3295
26.625 77.625 1.0947
26.625 77.875 -0.45323
26.625 78.125 0.72015
26.625 78.375 1.564
26.625 78.625 1.7325
26.625 78.875 1.3167
26.625 79.125 -0.23585
26.625 79.375 1.0506
26.625 79.625 1.6115
26.625 79.875 1.0783
26.625 80.125 -0.47308
26.625 80.375 1.3911
26.625 80.625 0.83691
26.625 80.875 0.8769
26.625 81.125 0.93253
26.625 81.375 0.23521
26.625 81.625 -0.20554
26.625 81.875 1.2072
26.625 82.125 0.39739
26.625 82.375 1.3641
26.625 82.625 -1.8928
26.625 82.875 0.7366
26.625 83.125 0.70327
26.625 83.375 -0.80047
26.625 83.625 -0.92841
26.625 83.875 -0.82942
26.625 84.125 0.95001
26.625 84.375 0.037126
26.625 84.625 -0.48452
26.625 84.875 -1.258
26.625 85.125 -0.26721
26.625 85.375 -1.0168
26.625 85.625 -0.84956
26.625 86.125 -0.2272
26.625 88.375 -1.7971
26.625 88.625 0.23307
26.625 88.875 -1.1543
26.625 89.125 -1.4339
26.625 89.375 -1.9177
26.625 89.625 -2.1861
26.625 89.875 -1.6235
26.625 90.125 -2.1362
26.625 90.375 -2.7756
26.625 90.625 -2.2906
26.625 90.875 -2.1184
26.625 91.125 -1.2473
26.625 91.375 0.15221
26.625 91.625 -1.5723
26.625 91.875 -1.0646
26.625 92.125 0.18902
26.625 92.375 -0.67663
26.625 92.625 -0.80568
26.625 92.875 -0.65626
26.625 93.125 -0.35047
26.625 93.375 -1.2574
26.625 93.625 -0.44619
26.625 93.875 0.24784
26.625 94.125 -1.0574
26.625 94.375 -0.54278
26.625 94.625 -0.19473
26.625 94.875 -0.01072
26.625 95.125 0.56494
26.875 69.625 -0.79969
26.875 69.875 -0.81053
26.875 70.125 -0.71258
26.875 70.375 -0.70716
26.875 70.625 -0.85057
26.875 70.875 -0.97943
26.875 71.125 -0.88717
26.875 71.375 -0.68681
26.875 71.625 -0.25759
26.875 71.875 -0.41267
26.875 72.125 0.011451
26.875 72.375 -0.20199
26.875 72.625 -0.6034
26.875 72.875 0.041953
26.875 73.125 0.035556
26.875 73.375 0.14222
26.875 73.625 0.35443
26.875 73.875 0.13692
26.875 74.125 -0.31263
26.875 74.375 0.38739
26.875 74.625 0.38722
26.875 74.875 0.47588
26.875 75.125 0.18798
26.875 75.375 0.090447
26.875 75.625 -0.40289
26.875 75.875 0.21883
26.875 76.125 1.0348
26.875 76.375 0.76751
26.875 76.625 0.35142
26.875 76.875 0.84261
26.875 77.125 1.0298
26.875 77.375 0.5441
26.875 77.625 0.96261
26.875 77.875 0.68654
26.875 78.125 0.66982
26.875 78.375 1.1114
26.875 78.625 1.3176
26.875 78.875 1.249
26.875 79.125 1.8324
26.875 79.375 1.8589
26.875 79.625 1.5637
26.875 79.875 1.6861
26.875 80.125 0.56952
26.875 80.375 1.2857
26.875 80.625 1.6293
26.875 80.875 1.2104
26.875 81.125 1.648
26.875 81.375 1.2243
26.875 81.625 -0.11835
26.875 81.875 0.87771
26.875 82.125 1.032
26.875 82.375 -1.0956
26.875 82.625 -1.0518
26.875 82.875 0.29031
26.875 83.125 0.23556
26.875 83.375 -1.4633
26.875 83.625 -1.2885
26.875 83.875 -0.5701
26.875 84.125 0.81245
26.875 84.375 0.37522
26.875 84.625 0.27925
26.875 84.875 -0.36701
26.875 88.375 -0.51309
26.875 88.625 -1.1831
26.875 88.875 -0.78323
26.875 92.375 -0.65695
26.875 92.625 -0.54727
26.875 92.875 -0.47593
26.875 93.125 -0.48073
26.875 93.375 -1.5322
26.875 93.625 -2.1122
26.875 93.875 -2.1587
26.875 94.125 -2.1583
26.875 94.375 -0.029975
26.875 94.625 -0.27401
26.875 94.875 -0.58536
26.875 95.125 -0.48943
26.875 95.375 0.1275
26.875 95.625 -0.15311
27.125 69.875 -0.71185
27.125 70.125 -0.68085
27.125 70.375 -0.60174
27.125 70.625 -1.0446
27.125 70.875 -2.2195
27.125 71.125 -0.63342
27.125 71.375 -0.84225
27.125 71.625 -0.72894
27.125 71.875 -0.2775
27.125 72.125 -0.33223
27.125 72.375 -0.39925
27.125 72.625 -0.43593
27.125 72.875 0.10244
27.125 73.125 0.34021
27.125 73.375 0.2685
27.125 73.625 0.48165
27.125 73.875 0.4902
27.125 74.125 0.35746
27.125 74.375 0.058892
27.125 74.625 0.34699
27.125 74.875 -0.18147
27.125 75.125 0.1049
27.125 75.375 0.08478
27.125 75.625 0.81646
27.125 75.875 0.52522
27.125 76.125 0.47009
27.125 76.375 0.77691
27.125 76.625 0.815
27.125 76.875 0.98187
27.125 77.125 0.84497
27.125 77.375 0.29983
27.125 77.625 0.94385
27.125 77.875 0.16005
27.125 78.125 1.3718
27.125 78.375 0.83527
27.125 78.625 -0.92389
27.125 78.875 0.6172
27.125 79.125 1.5456
27.125 79.375 0.571
27.125 79.625 1.2569
27.125 79.875 1.7878
27.125 80.125 1.6546
27.125 80.375 1.471
27.125 80.625 0.68498
27.125 80.875 -0.91344
27.125 81.125 1.3853
27.125 81.375 1.7089
27.125 81.625 1.2553
27.125 81.875 1.2176
27.125 82.125 0.83593
27.125 82.375 -0.42704
27.125 82.625 0.94584
27.125 82.875 0.76028
27.125 83.125 0.18177
27.125 83.375 0.77313
27.125 83.625 0.75468
27.125 83.875 0.40104
27.125 84.125 -0.73266
27.125 84.375 0.25062
27.125 84.625 0.036522
27.125 88.125 0.70814
27.125 88.375 0.2712
27.125 88.625 -0.46303
27.125 92.125 -1.4215
27.125 92.375 0.22137
27.125 92.625 0.18997
27.125 92.875 -0.55319
27.125 93.125 -1.9157
27.125 93.375 -1.3739
27.125 93.625 -1.486
27.125 93.875 -0.017074
27.125 94.125 -0.84926
27.125 94.375 -0.36191
27.125 94.625 -0.85766
27.125 94.875 -0.73971
27.125 95.125 -0.083819
27.125 95.375 0.30378
27.125 95.625 -0.17685
27.125 95.875 -1.2073
27.375 70.125 -0.61152
27.375 70.375 -0.57537
27.375 70.625 -1.6601
27.375 70.875 -0.8479
27.375 71.125 -0.72722
27.375 71.375 -0.77919
27.375 71.625 -0.93826
27.375 71.875 -0.44898
27.375 72.125 -0.69012
27.375 72.375 -0.43164
27.375 72.625 -0.64653
27.375 72.875 -0.42991
27.375 73.125 0.012126
27.375 73.375 0.025167
27.375 73.625 0.23699
27.375 73.875 0.074322
27.375 74.125 0.15466
27.375 74.375 -0.062529
27.375 74.625 0.18569
27.375 74.875 0.22887
27.375 75.125 0.13098
27.375 75.375 -0.23535
27.375 75.625 0.71897
27.375 75.875 0.71667
27.375 76.125 0.091815
27.375 76.375 0.28988
27.375 76.625 0.33589
27.375 76.875 0.85392
27.375 77.125 0.52084
27.375 77.375 -1.4577
27.375 77.625 -0.20911
27.375 77.875 0.706
27.375 78.125 1.0806
27.375 78.375 0.090434
27.375 78.625 0.88884
27.375 78.875 1.6421
27.375 79.125 1.7743
27.375 79.375 -0.32491
27.375 79.625 -0.23493
27.375 79.875 1.8621
27.375 80.125 0.60608
27.375 80.375 0.26476
27.375 80.625 -1.1828
27.375 80.875 -1.9489
27.375 81.125 1.3084
27.375 81.375 1.3837
27.375 81.625 -0.85772
27.375 81.875 1.2541
27.375 82.125 1.2223
27.375 82.375 0.40789
27.375 82.625 0.91224
27.375 82.875 0.24534
27.375 83.125 0.20797
27.375 83.625 0.71915
27.375 84.125 0.22902
27.375 84.375 1.2791
27.375 88.125 0.84588
27.375 88.375 0.10019
27.375 88.625 -0.80085
27.375 92.125 -1.7636
27.375 92.375 0.52088
27.375 92.625 -1.5742
27.375 92.875 -0.61147
27.375 93.125 -6.0558
27.375 93.375 -4.0988
27.375 93.625 -0.099331
27.375 93.875 -0.04674
27.375 94.125 0.27516
27.375 94.375 -0.273
27.375 94.625 -0.045799
27.375 94.875 -0.33311
27.375 95.125 -0.44281
27.375 95.375 -0.30417
27.375 95.625 -1.6659
27.375 95.875 -1.7979
27.375 96.125 -2.4845
27.375 96.375 -0.82764
27.375 96.625 -0.35328
27.375 96.875 -0.61881
27.625 70.125 -0.59827
27.625 70.375 -0.64597
27.625 70.625 -0.70707
27.625 70.875 -0.77891
27.625 71.125 -0.93073
27.625 71.375 -0.84847
27.625 71.625 -0.83386
27.625 71.875 -0.417
27.625 72.125 -0.29027
27.625 72.375 -0.42111
27.625 72.625 -0.52049
27.625 72.875 -0.45312
27.625 73.125 -0.58752
27.625 73.375 -0.14832
27.625 73.625 0.91701
27.625 73.875 0.24023
27.625 74.125 0.587
27.625 74.375 0.3578
27.625 74.625 0.40298
27.625 74.875 0.4245
27.625 75.125 -0.13366
27.625 75.375 0.24014
27.625 75.625 0.54017
27.625 75.875 -0.032804
27.625 76.125 -0.11615
27.625 76.375 0.10927
27.625 76.625 1.1806
27.625 76.875 1.2247
27.625 77.125 -0.80195
27.625 77.375 -1.1368
27.625 77.625 -1.8347
27.625 77.875 -0.31938
27.625 78.125 1.4608
27.625 78.375 1.1452
27.625 78.625 -0.45853
27.625 78.875 1.7353
27.625 79.125 1.3649
27.625 79.375 -0.076894
27.625 79.625 -0.0028414
27.625 79.875 2.1833
27.625 80.125 2.2527
27.625 80.375 0.47236
27.625 80.625 -0.072804
27.625 80.875 0.070841
27.625 81.125 1.3597
27.625 81.375 1.9501
27.625 81.625 1.3053
27.625 81.875 0.94131
27.625 82.125 0.75168
27.625 82.375 0.47897
27.625 82.625 0.71125
27.625 88.375 0.11778
27.625 88.625 -0.17808
27.625 91.625 -1.1478
27.625 91.875 -2.0312
27.625 92.125 -0.65857
27.625 92.375 -0.010037
27.625 92.625 0.60922
27.625 92.875 -0.78361
27.625 93.125 -3.5056
27.625 93.375 -2.851
27.625 93.625 -1.389
27.625 93.875 -3.5035
27.625 94.125 -1.7849
27.625 94.375 -0.65384
27.625 94.625 -1.1433
27.625 94.875 -2.0533
27.625 95.125 -2.1382
27.625 95.375 -1.6324
27.625 95.625 -2.189
27.625 95.875 -2.2202
27.625 96.125 -3.5351
27.625 96.375 -1.1316
27.625 96.625 -1.2147
27.625 96.875 -1.2286
27.875 70.375 -0.56733
27.875 71.875 -0.64284
27.875 72.125 -0.55563
27.875 72.375 -0.72767
27.875 72.625 -0.3736
27.875 72.875 -0.68746
27.875 73.125 -0.35893
27.875 73.375 0.11613
27.875 73.625 1.3842
27.875 73.875 1.2316
27.875 74.125 0.35916
27.875 74.375 0.29675
27.875 74.625 0.2904
27.875 74.875 0.096231
27.875 75.125 0.04039
27.875 75.375 0.35782
27.875 75.625 0.265
27.875 75.875 -0.67705
27.875 76.125 -0.5647
27.875 76.375 0.62473
27.875 76.625 0.28703
27.875 76.875 0.39882
27.875 77.125 0.57816
27.875 77.375 -0.55869
27.875 77.625 -2.1592
27.875 77.875 -0.22051
27.875 78.125 1.3446
27.875 78.375 1.6462
27.875 78.625 1.5173
27.875 78.875 1.245
27.875 79.125 0.22943
27.875 79.375 1.4732
27.875 79.625 1.857
27.875 79.875 1.7196
27.875 80.125 2.2105
27.875 80.375 1.5645
27.875 80.625 0.12778
27.875 80.875 -0.32054
27.875 81.125 1.6016
27.875 81.375 1.8142
27.875 81.625 1.8017
27.875 88.375 0.30864
27.875 88.625 0.12469
27.875 92.875 -0.66458
27.875 93.125 -2.6557
27.875 93.375 -5.5623
27.875 93.625 -3.3623
27.875 93.875 -5.9168
27.875 94.125 -3.9498
27.875 94.375 -1.6243
27.875 94.625 -1.2274
27.875 94.875 -0.54307
27.875 95.125 -0.71165
27.875 95.375 -3.1726
27.875 95.625 -2.7034
27.875 95.875 -3.6163
27.875 96.125 -1.6887
27.875 96.375 -1.7615
27.875 96.625 -1.329
27.875 96.875 -0.71152
27.875 97.125 -0.91432
28.125 72.125 -0.93383
28.125 72.375 -0.88837
28.125 72.625 -0.4935
28.125 72.875 0.17704
28.125 73.125 1.1452
28.125 73.375 1.2072
28.125 73.625 0.98091
28.125 73.875 0.35527
28.125 74.125 -0.17832
28.125 74.375 -0.078552
28.125 74.625 0.26349
28.125 74.875 0.39282
28.125 75.125 0.084291
28.125 75.375 0.19099
28.125 75.625 0.38151
28.125 75.875 -0.12257
28.125 76.125 -0.0154
28.125 76.375 0.094888
28.125 76.625 1.0888
28.125 76.875 1.5421
28.125 77.125 0.51449
28.125 77.375 0.44631
28.125 77.625 0.14321
28.125 77.875 0.76265
28.125 78.125 1.3398
28.125 78.375 1.554
28.125 78.625 1.1108
28.125 78.875 1.8695
28.125 79.125 1.8007
28.125 79.375 1.029
28.125 79.625 1.4045
28.125 79.875 1.5711
28.125 80.125 1.8714
28.125 80.375 1.4254
28.125 80.625 1.4575
28.125 80.875 1.4036
28.125 81.125 0.90093
28.125 81.375 1.7211
28.125 92.875 -0.4844
28.125 93.125 -2.3161
28.125 93.375 -3.0547
28.125 93.625 -3.3903
28.125 93.875 -5.2141
28.125 94.125 -3.2051
28.125 94.375 -1.414
28.125 94.625 -1.5395
28.125 94.875 -0.61734
28.125 95.125 -0.85837
28.125 95.375 -2.1823
28.125 95.625 -3.5841
28.125 95.875 -4.0225
28.125 96.125 -1.5855
28.125 96.375 -1.1149
28.125 96.625 -0.92544
28.125 96.875 -0.73137
28.125 97.125 -0.26852
28.375 72.375 -1.1388
28.375 72.625 -1.3588
28.375 72.875 -0.88314
28.375 73.125 0.33409
28.375 73.375 -0.077791
28.375 73.625 -0.21979
28.375 73.875 -0.2068
28.375 74.125 -0.28748
28.375 74.375 -0.26676
28.375 74.625 0.084112
28.375 74.875 -0.15253
28.375 75.125 -0.16164
28.375 75.375 0.42425
28.375 75.625 0.52794
28.375 75.875 0.72062
28.375 76.125 0.014834
28.375 76.375 0.17692
28.375 76.625 0.1986
28.375 76.875 0.99479
28.375 77.125 0.15569
28.375 77.375 -0.23599
28.375 77.625 0.18459
28.375 77.875 0.54999
28.375 78.125 1.8239
28.375 78.375 1.4544
28.375 78.625 0.98838
28.375 78.875 -0.13441
28.375 79.125 1.8234
28.375 79.375 1.277
28.375 79.625 -0.0062846
28.375 79.875 0.90521
28.375 80.125 1.3273
28.375 80.375 1.1903
28.375 80.625 1.31
28.375 80.875 1.3257
28.375 81.125 1.5103
28.375 93.375 -2.8201
28.375 93.625 -1.9084
28.375 93.875 -0.10526
28.375 94.125 -0.1181
28.375 94.375 -0.022015
28.375 94.625 -0.12611
28.375 94.875 -0.44884
28.375 95.125 -0.59332
28.375 95.375 -0.59667
28.375 95.625 -0.34937
28.375 95.875 -0.81684
28.375 96.125 -3.3205
28.375 96.625 -0.9141
28.625 72.375 -0.82667
28.625 72.625 -0.74856
28.625 72.875 -0.73587
28.625 73.125 -0.30824
28.625 73.375 0.17
28.625 73.625 -0.056229
28.625 73.875 -0.54718
28.625 74.125 -0.67191
28.625 74.375 -0.46564
28.625 74.625 -0.25092
28.625 74.875 -0.36597
28.625 75.125 -0.23475
28.625 75.375 -0.63972
28.625 75.625 -0.34339
28.625 75.875 -0.32108
28.625 76.125 -0.6329
28.625 76.375 -0.10354
28.625 76.625 0.32147
28.625 76.875 0.54238
28.625 77.125 -0.9748
28.625 77.375 -0.11548
28.625 77.625 -0.26916
28.625 77.875 -0.56151
28.625 78.125 1.6726
28.625 78.375 1.5035
28.625 78.625 -0.034086
28.625 78.875 0.88014
28.625 79.125 1.4595
28.625 79.375 0.67372
28.625 79.625 1.4166
28.625 79.875 1.1091
28.625 80.125 1.3214
28.625 80.375 2.1299
28.625 80.625 1.2605
28.625 93.625 0.22496
28.625 93.875 0.2523
28.625 94.125 0.33724
28.625 94.375 -4.4479
28.625 94.625 0.33485
28.625 94.875 0.21557
28.625 95.125 0.073095
28.625 95.375 -0.60157
28.625 95.625 -2.276
28.625 95.875 -1.0295
28.625 96.125 -3.3583
28.625 96.375 3.2654
28.875 72.875 -0.93403
28.875 73.125 -0.35497
28.875 73.375 0.54908
28.875 73.625 0.29483
28.875 73.875 -0.23989
28.875 74.125 -0.8339
28.875 74.375 -0.98292
28.875 74.625 -0.91325
28.875 74.875 -0.48874
28.875 75.125 -0.90527
28.875 75.375 -0.37699
28.875 75.625 -0.38054
28.875 75.875 -0.234
28.875 76.125 -0.045242
28.875 76.375 -0.51638
28.875 76.625 -0.98809
28.875 76.875 -0.46749
28.875 77.125 1.1569
28.875 77.375 1.2384
28.875 77.625 1.1698
28.875 77.875 1.6199
28.875 78.125 1.6202
28.875 78.375 1.508
28.875 78.625 0.14661
28.875 78.875 0.57417
28.875 79.125 1.4627
28.875 79.375 0.85778
28.875 79.625 1.6897
28.875 79.875 1.2542
28.875 94.125 0.43727
28.875 94.375 0.4201
28.875 94.625 -0.8288
28.875 94.875 0.39216
28.875 95.125 0.34955
28.875 95.375 0.18681
28.875 95.625 -0.5448
28.875 95.875 -1.1658
28.875 96.125 -0.67016
28.875 96.375 3.2277
29.125 73.125 -0.61168
29.125 73.375 1.5465
29.125 73.625 0.11903
29.125 73.875 -0.06911
29.125 74.125 -0.3685
29.125 74.375 -0.92731
29.125 74.625 -0.84256
29.125 74.875 -0.69422
29.125 75.125 -0.65125
29.125 75.375 -0.073399
29.125 75.625 -0.048948
29.125 75.875 -0.72164
29.125 76.125 -0.81666
29.125 76.375 -1.5959
29.125 76.625 -0.34517
29.125 76.875 -0.6893
29.125 77.125 0.60885
29.125 77.375 1.1264
29.125 77.625 1.3722
29.125 77.875 1.7454
29.125 78.125 1.8544
29.125 78.375 1.8933
29.125 78.625 1.4252
29.125 78.875 0.91138
29.125 79.125 1.2401
29.125 79.375 1.5816
29.125 79.625 1.0648
29.125 79.875 1.1565
29.125 80.125 1.207
29.125 94.375 0.46302
29.125 94.625 0.40852
29.125 94.875 0.41558
29.125 95.625 -0.93253
29.125 95.875 -0.09788
29.125 96.125 2.6456
29.375 73.375 -0.33044
29.375 73.625 -0.081587
29.375 73.875 0.1647
29.375 74.125 -0.17234
29.375 74.375 -0.6327
29.375 74.625 -0.68856
29.375 74.875 -0.27648
29.375 75.125 -0.28967
29.375 75.375 -0.70246
29.375 75.625 -0.45866
29.375 75.875 -1.5289
29.375 76.125 -0.13528
29.375 76.375 -1.3814
29.375 76.625 0.079648
29.375 76.875 -2.2247
29.375 77.125 -1.4417
29.375 77.375 0.82394
29.375 77.625 1.3641
29.375 77.875 1.8796
29.375 78.125 1.6584
29.375 78.375 1.7712
29.375 78.625 0.44918
29.375 78.875 0.52978
29.375 79.125 1.4931
29.375 79.375 1.9087
29.375 79.625 0.1418
29.375 79.875 1.112
29.375 80.125 0.97344
29.375 96.125 2.3261
29.625 73.375 -0.086775
29.625 73.625 0.099488
29.625 73.875 -0.093868
29.625 74.125 -0.17743
29.625 74.375 -0.7739
29.625 74.625 -1.3441
29.625 74.875 -0.92217
29.625 75.125 -0.5587
29.625 75.375 -0.877
29.625 75.625 0.90642
29.625 75.875 -0.50682
29.625 76.125 -1.0381
29.625 76.375 -0.34907
29.625 76.625 -0.14407
29.625 76.875 -0.62057
29.625 77.125 -0.40545
29.625 77.375 0.16686
29.625 77.625 0.94649
29.625 77.875 0.92951
29.625 78.125 1.3232
29.625 78.375 0.80668
29.625 78.625 -1.693
29.625 78.875 -0.32105
29.625 79.125 1.1871
29.625 79.375 1.2
29.625 79.625 0.12189
29.625 79.875 0.95094
29.625 80.125 0.96357
29.875 73.625 0.35306
29.875 73.875 -0.42146
29.875 74.125 -0.14464
29.875 74.375 -1.8428
29.875 74.625 -1.7453
29.875 74.875 -1.612
29.875 75.125 -1.0283
29.875 75.375 -0.66343
29.875 75.625 -0.38572
29.875 75.875 -0.40178
29.875 76.125 -0.41581
29.875 76.375 -0.34986
29.875 76.625 0.095293
29.875 76.875 -2.1044
29.875 77.125 -0.41075
29.875 77.375 0.31526
29.875 77.625 0.61759
29.875 77.875 1.1087
29.875 78.125 -0.47373
29.875 78.375 1.2162
29.875 78.625 0.6875
29.875 78.875 1.0203
29.875 79.125 0.56041
29.875 79.375 0.54237
29.875 79.625 1.0541
29.875 79.875 0.92563
29.875 80.125 0.86177
29.875 80.375 0.79962
30.125 74.125 -1.449
30.125 74.375 -1.9293
30.125 74.625 -1.6026
30.125 74.875 -1.384
30.125 75.125 -0.46193
30.125 75.375 -0.25849
30.125 75.625 -0.4454
30.125 75.875 -1.3673
30.125 76.125 -0.41934
30.125 76.375 -1.0797
30.125 76.625 -0.78999
30.125 76.875 -0.16969
30.125 77.125 -0.52129
30.125 77.375 -0.65342
30.125 77.625 0.52013
30.125 77.875 0.55681
30.125 78.125 1.2768
30.125 78.375 1.6804
30.125 78.625 1.4379
30.125 78.875 1.6554
30.125 79.125 1.7462
30.125 79.375 1.6417
30.125 79.625 1.005
30.125 79.875 0.66857
30.125 80.125 0.62905
30.125 80.375 0.64785
30.125 80.625 0.69501
30.375 74.125 -1.4344
30.375 74.375 -1.3242
30.375 74.625 -0.77163
30.375 74.875 -0.5749
30.375 75.125 -0.09808
30.375 75.375 0.21059
30.375 75.625 -0.14655
30.375 75.875 -1.3542
30.375 76.125 -1.3084
30.375 76.375 -1.2922
30.375 76.625 -2.2133
30.375 76.875 -1.8066
30.375 77.125 0.89186
30.375 77.375 0.72829
30.375 77.625 0.98413
30.375 77.875 0.84722
30.375 78.125 0.76996
30.375 78.375 0.079533
30.375 78.625 1.7434
30.375 78.875 1.5995
30.375 79.125 1.6332
30.375 79.375 1.4032
30.375 79.625 1.0878
30.375 79.875 0.479
30.375 80.125 0.85352
30.375 80.375 0.48292
30.375 80.625 0.72266
30.625 74.375 -0.8191
30.625 74.625 -0.86822
30.625 74.875 -0.92159
30.625 75.125 -0.38027
30.625 75.375 -0.071157
30.625 75.625 -0.23425
30.625 75.875 -1.332
30.625 76.125 -1.6693
30.625 76.375 -2.0118
30.625 76.625 0.36527
30.625 76.875 0.59019
30.625 77.125 0.71973
30.625 77.375 0.81502
30.625 77.625 1.0566
30.625 77.875 1.2996
30.625 78.125 1.2981
30.625 78.375 0.10193
30.625 78.625 0.91908
30.625 78.875 1.3729
30.625 79.125 1.6612
30.625 79.375 0.9888
30.625 79.625 1.7242
30.625 79.875 1.675
30.625 80.125 0.66316
30.875 74.625 -1.1976
30.875 74.875 -0.56212
30.875 75.125 0.27864
30.875 75.375 -1.1936
30.875 75.625 -0.34158
30.875 75.875 -1.4249
30.875 76.125 -1.2006
30.875 76.375 -0.29648
30.875 76.625 1.4114
30.875 76.875 0.31255
30.875 77.125 1.2918
30.875 77.375 0.45132
30.875 77.625 1.6223
30.875 77.875 1.1149
30.875 78.125 0.80957
30.875 78.375 0.37627
30.875 78.625 0.53983
30.875 78.875 1.5372
30.875 79.125 0.16307
30.875 79.375 1.2669
30.875 79.625 0.73993
30.875 79.875 1.7246
31.125 74.875 -1.2546
31.125 75.125 0.037459
31.125 75.375 -1.8469
31.125 75.625 -1.5724
31.125 75.875 -0.24214
31.125 76.125 0.75733
31.125 76.375 -0.15881
31.125 76.625 0.24003
31.125 76.875 1.0355
31.125 77.125 1.4444
31.125 77.375 1.2389
31.125 77.625 1.3347
31.125 77.875 1.275
31.125 78.125 0.14664
31.125 78.375 0.11651
31.125 78.625 -0.118
31.125 78.875 1.0503
31.125 79.125 1.454
31.375 74.875 -1.9277
31.375 75.125 -1.0411
31.375 75.375 -2.19
31.375 75.625 -0.66526
31.375 75.875 0.2345
31.375 76.125 -0.47171
31.375 76.375 0.15651
31.375 76.625 0.02746
31.375 76.875 0.91643
31.375 77.125 1.5352
31.375 77.375 1.8453
31.375 77.625 2.5044
31.375 77.875 1.046
31.375 78.125 -0.046595
31.375 78.375 -0.175
31.375 78.625 0.081246
31.625 74.875 -0.61629
31.625 75.125 0.25042
31.625 75.375 0.16352
31.625 75.625 0.36232
31.625 75.875 0.76538
31.625 76.125 0.018801
31.625 76.375 0.84886
31.625 76.625 0.93131
31.625 76.875 -3.5342
31.625 77.125 -0.68927
31.625 77.375 2.0352
31.625 77.625 1.9645
31.625 77.875 1.8
31.625 78.125 0.22524
31.625 78.375 -0.79589
31.625 78.625 0.12626
31.875 74.875 0.64969
31.875 75.125 0.56223
31.875 75.375 -1.8513
31.875 75.625 0.49792
31.875 75.875 0.54948
31.875 76.125 0.38575
31.875 76.375 0.36487
31.875 76.625 0.63034
31.875 76.875 0.31194
31.875 77.125 0.57697
31.875 77.375 1.1878
31.875 77.625 1.3727
31.875 77.875 -0.18463
31.875 78.125 0.39249
31.875 78.375 0.095658
31.875 78.625 -0.052036
32.125 75.375 0.81314
32.125 75.625 0.75092
32.125 75.875 0.90106
32.125 76.125 0.90607
32.125 76.375 0.20544
32.125 76.625 0.25092
32.125 76.875 -0.2075
32.125 77.125 0.75661
32.125 77.375 -0.13648
32.125 77.625 0.16712
32.125 77.875 0.23802
32.125 78.125 -0.18561
32.125 78.375 -0.09525
32.375 75.375 0.90215
32.375 75.625 0.89028
32.375 75.875 0.83762
32.375 76.125 -0.30486
32.375 76.375 -0.33141
32.375 76.625 -0.89057
32.375 76.875 -0.64582
32.375 77.125 0.4556
32.375 77.375 0.041336
32.375 77.625 -0.54503
32.375 77.875 -0.3544
32.375 78.125 -0.45174
32.375 78.375 -0.17818
32.625 74.875 0.59993
32.625 75.125 0.36957
32.625 75.375 0.38929
32.625 75.625 0.65441
32.625 75.875 0.54408
32.625 76.125 0.35942
32.625 76.375 -0.76513
32.625 76.625 -1.2856
32.625 76.875 -0.5052
32.625 77.125 0.15669
32.625 77.375 -0.14891
32.625 77.625 -0.34029
32.625 77.875 -0.18236
32.625 78.125 -0.78376
32.625 78.375 -0.28393
32.625 78.625 -0.5114
32.625 78.875 -0.58979
32.625 79.125 -0.59982
32.625 79.375 -0.22979
32.875 74.375 0.79462
32.875 74.625 0.67359
32.875 74.875 0.71992
32.875 75.125 0.5455
32.875 75.375 0.0014359
32.875 75.625 -0.32796
32.875 75.875 -0.17193
32.875 76.125 0.053268
32.875 76.375 0.21869
32.875 76.625 -0.3053
32.875 76.875 -0.38451
32.875 77.125 -0.46733
32.875 77.375 -0.30595
32.875 77.625 -0.42744
32.875 77.875 -0.45546
32.875 78.125 0.24864
32.875 78.375 -0.43881
32.875 78.625 -0.59829
32.875 78.875 -0.5564
32.875 79.125 -0.5779
32.875 79.375 -0.5279
33.125 73.875 0.64633
33.125 74.125 0.57173
33.125 74.375 1.0167
33.125 74.625 1.228
33.125 74.875 1.2728
33.125 75.125 0.14407
33.125 75.375 -0.47773
33.125 75.625 -0.95654
33.125 75.875 -0.50208
33.125 76.125 -0.046934
33.125 76.375 -0.74795
33.125 76.625 -0.48869
33.125 76.875 -0.58863
33.125 77.125 -1.1298
33.125 77.375 -0.80331
33.125 77.625 -0.60751
33.125 77.875 -0.57121
33.125 78.125 -0.38963
33.125 78.375 -0.52578
33.125 78.625 -0.58387
33.125 78.875 -0.65279
33.125 79.125 -0.66111
33.375 73.875 0.90536
33.375 74.125 0.8477
33.375 74.375 0.34779
33.375 74.625 -0.20922
33.375 74.875 -0.34687
33.375 75.125 -0.47775
33.375 75.375 0.40392
33.375 75.625 -3.4301
33.375 75.875 -0.35589
33.375 76.125 -0.20668
33.375 76.375 -0.22002
33.375 76.625 -0.62409
33.375 76.875 -0.84503
33.375 77.125 -0.81984
33.375 77.375 -0.90637
33.375 77.625 -0.94292
33.375 77.875 -0.95323
33.375 78.125 -0.80845
33.375 78.375 -0.81413
33.375 78.625 -0.75559
33.375 78.875 -0.7895
33.625 73.875 1.326
33.625 74.125 0.94272
33.625 74.375 -0.83268
33.625 74.625 -0.74096
33.625 74.875 -0.20496
33.625 75.125 0.006528
33.625 75.375 0.064937
33.625 75.625 -0.089046
33.625 75.875 -0.49658
33.625 76.125 -0.91088
33.625 76.375 -0.27868
33.625 76.625 -1.0864
33.625 76.875 -0.82609
33.625 77.125 -0.88985
33.625 77.375 -0.89759
33.625 77.625 -0.85789
33.625 77.875 -1.5268
33.625 78.125 -0.91967
33.625 78.375 -0.90657
33.625 78.625 -0.71154
33.625 78.875 -0.83054
33.875 73.875 0.84219
33.875 74.125 0.20964
33.875 74.375 -0.84003
33.875 74.625 0.399
33.875 74.875 0.27381
33.875 75.125 0.88537
33.875 75.375 0.49003
33.875 75.625 -0.93554
33.875 75.875 -0.88557
33.875 76.125 -1.2529
33.875 76.375 -1.216
33.875 76.625 -1.1723
33.875 76.875 -1.1393
33.875 77.125 -1.1476
33.875 77.375 -1.0268
33.875 77.625 -0.91192
33.875 77.875 -0.90067
33.875 78.125 -0.95036
33.875 78.375 -0.96099
33.875 78.625 -0.92256
33.875 78.875 -0.84109
34.125 73.625 -0.94831
34.125 73.875 -0.48861
34.125 74.125 0.3318
34.125 74.375 -0.14371
34.125 74.625 -0.16303
34.125 74.875 -0.85585
34.125 75.125 0.47587
34.125 75.375 -0.62034
34.125 75.625 -2.076
34.125 75.875 -1.3905
34.125 76.125 -1.5008
34.125 76.375 -1.0475
34.125 76.625 -1.1784
34.125 76.875 -1.1125
34.125 77.125 -1.1201
34.125 77.375 -1.069
34.125 77.625 -1.1372
34.125 77.875 -0.95362
34.125 78.125 -1.0046
34.125 78.375 -1.6222
34.125 78.625 -0.86974
34.125 78.875 -0.88725
34.125 79.125 -0.77326
34.125 79.375 -0.58143
34.375 73.625 -0.4312
34.375 73.875 -1.0827
34.375 74.125 -1.1606
34.375 74.375 -0.51903
34.375 74.625 -0.35328
34.375 74.875 -0.45535
34.375 75.125 -0.39979
34.375 75.375 -1.2947
34.375 75.625 -2.8406
34.375 75.875 -2.5555
34.375 76.125 -1.323
34.375 76.375 -0.97323
34.375 76.625 -1.4003
34.375 76.875 -2.2049
34.375 77.125 -1.2502
34.375 77.375 -1.1745
34.375 77.625 -1.1257
34.375 77.875 -1.1356
34.375 78.125 -0.98282
34.375 78.375 -0.94496
34.375 78.625 -0.94324
34.375 78.875 -0.94757
34.375 79.125 -0.84469
34.375 79.375 -0.79566
34.625 73.875 -1.4573
34.625 74.125 -0.8248
34.625 74.375 -0.8007
34.625 74.625 -0.60602
34.625 74.875 -0.96767
34.625 75.125 -0.3876
34.625 75.375 -1.6901
34.625 75.625 -1.6174
34.625 75.875 -1.331
34.625 76.125 -1.1977
34.625 76.375 -0.95922
34.625 76.625 -1.1005
34.625 76.875 -1.3024
34.625 77.125 -1.1382
34.625 77.375 -1.0679
34.625 77.625 -1.6486
34.625 77.875 -3.7619
34.625 78.125 -1.0474
34.625 78.375 -0.99894
34.625 78.625 -0.95026
34.625 78.875 -0.72249
34.625 79.125 -0.71879
34.625 79.375 -0.75726
34.625 79.625 -0.82432
34.875 74.125 -0.96495
34.875 74.375 -0.62801
34.875 74.625 -0.13629
34.875 74.875 -0.083512
34.875 75.125 -1.1273
34.875 75.375 -1.8929
34.875 75.625 -1.6309
34.875 75.875 -1.2961
34.875 76.125 -1.1828
34.875 76.375 -0.85833
34.875 76.625 -1.1207
34.875 76.875 -1.134
34.875 77.125 -1.1317
34.875 77.375 -1.0567
34.875 77.625 -1.3926
34.875 77.875 -3.8107
34.875 78.125 -1.088
34.875 78.375 -1.171
34.875 78.625 -1.1095
34.875 78.875 -0.74069
34.875 79.125 -0.7233
34.875 79.375 -0.6914
34.875 79.625 -0.80196
34.875 79.875 -0.8604
35.125 74.375 -1.5805
35.125 74.625 -1.5577
35.125 74.875 -1.1604
35.125 75.125 -1.6565
35.125 75.375 -3.0716
35.125 75.625 -1.545
35.125 75.875 -1.1774
35.125 76.125 -1.0807
35.125 76.375 -0.87481
35.125 76.625 -1.0505
35.125 76.875 -1.1475
35.125 77.125 -1.1108
35.125 77.375 -1.2597
35.125 77.625 -1.4521
35.125 77.875 -1.4036
35.125 78.125 -1.2547
35.125 78.375 -1.3036
35.125 78.625 -0.89502
35.125 78.875 -0.87787
35.125 79.125 -0.78729
35.125 79.375 -0.80361
35.125 79.625 -0.8371
35.125 79.875 -0.89966
35.375 73.875 -0.91274
35.375 74.125 -1.3742
35.375 74.375 -1.3011
35.375 74.625 -1.0012
35.375 74.875 -0.88655
35.375 75.125 -1.5578
35.375 75.375 -1.7263
35.375 75.625 -1.5405
35.375 75.875 -2.6531
35.375 76.125 -1.2143
35.375 76.375 -1.0776
35.375 76.625 -1.295
35.375 76.875 -3.4914
35.375 77.125 -1.3723
35.375 77.375 -3.4274
35.375 77.625 -1.374
35.375 77.875 -1.3043
35.375 78.125 -1.2104
35.375 78.375 -1.2322
35.375 78.625 -0.92143
35.375 78.875 -0.87227
35.375 79.125 -0.85846
35.375 79.375 -0.88375
35.375 79.625 -0.95013
35.375 79.875 -0.84816
35.375 80.125 -0.88876
35.625 73.375 -0.6476
35.625 73.625 -0.43778
35.625 73.875 -0.79397
35.625 74.125 -0.92239
35.625 74.375 -0.79549
35.625 74.625 -0.69801
35.625 74.875 0.37523
35.625 75.125 -1.8457
35.625 75.375 -1.2874
35.625 75.625 -2.1
35.625 75.875 -1.1277
35.625 76.125 -1.1817
35.625 76.375 -1.4842
35.625 76.625 -3.8985
35.625 76.875 -4.0036
35.625 77.125 -0.90345
35.625 78.375 -0.97647
35.625 78.625 -0.88791
35.625 78.875 -1.0074
35.625 79.125 -0.95831
35.625 79.375 -0.93747
35.625 79.625 -0.99685
35.625 79.875 -0.41041
35.625 80.125 -0.41025
35.875 73.125 0.80042
35.875 73.375 -0.89175
35.875 73.625 -1.1807
35.875 73.875 -1.872
35.875 74.125 -1.024
35.875 74.375 -1.1316
35.875 74.625 -0.30597
35.875 74.875 -0.22628
35.875 75.125 -0.4324
35.875 75.375 -1.8041
35.875 75.625 -2.0966
35.875 75.875 -2.421
35.875 76.125 -1.5009
35.875 76.375 0.25315
35.875 76.625 0.080375
35.875 79.375 0.53192
36.125 72.625 0.3546
36.125 72.875 -0.31942
36.125 73.125 -0.70597
36.125 73.375 -0.82649
36.125 73.625 -0.65327
36.125 73.875 -0.60118
36.125 74.125 -0.8673
36.125 74.375 -0.83136
36.125 74.625 0.91166
36.125 74.875 -2.0292
36.125 75.125 -1.8539
36.125 75.375 -2.4008
36.125 75.625 -1.3876
36.125 75.875 0.071899
36.125 76.125 0.16516
36.125 76.375 0.43641
36.125 76.625 0.26272
36.375 73.125 -0.0076442
36.375 73.375 -0.23856
36.375 73.625 -0.16097
36.375 73.875 -0.088588
36.375 74.125 -0.99587
36.375 74.375 -0.96367
36.375 74.625 -0.38097
36.375 74.875 -0.97732
36.375 75.125 -1.7113
36.375 75.375 -3.4649
36.375 75.625 -1.7261
36.375 75.875 0.031343
36.375 76.125 0.54272
36.625 73.375 -0.22374
36.625 73.625 -0.27317
36.625 73.875 -0.82813
36.625 74.125 -1.0291
36.625 74.375 -2.5165
36.625 74.625 -1.1989
36.625 74.875 -1.7323
36.625 75.125 -1.1559
36.625 75.375 -1.585
36.625 75.625 -1.3467
36.875 73.875 0.3746
36.875 74.375 -0.016299
36.875 74.625 -0.97417
36.875 74.875 -1.0024
36.875 75.125 -1.6307
36.875 75.375 -3.2865
