8.125 77.375 0.97286
8.375 77.125 -0.34394
8.375 77.375 0.99624
8.375 77.625 1.2581
8.375 77.875 1.0927
8.625 76.875 -0.5108
8.625 77.125 1.0548
8.625 77.375 1.0696
8.625 77.625 0.333
8.625 77.875 1.3897
8.875 76.875 -0.48675
8.875 77.125 1.5872
8.875 77.375 0.31422
8.875 77.625 0.19048
8.875 77.875 -0.69542
9.125 76.625 0.50004
9.125 76.875 0.41392
9.125 77.125 0.98458
9.125 77.375 0.36117
9.125 77.625 -0.028966
9.125 77.875 -0.7847
9.125 78.125 0.31679
NaN NaN NaN
9.375 76.625 -0.15926
9.375 76.875 0.32333
9.375 77.125 0.51812
9.375 77.375 0.97775
9.375 77.625 0.05707
9.375 77.875 -0.097014
9.375 78.125 0.023632
9.375 78.375 0.15437
9.375 78.625 -0.37867
NaN NaN NaN
9.625 76.375 -0.092892
9.625 76.625 0.13378
9.625 76.875 0.30615
9.625 77.125 1.4733
9.625 77.375 0.51125
9.625 77.625 -0.15629
9.625 77.875 0.24521
9.625 78.125 -0.18128
9.625 78.375 0.1752
9.625 78.625 0.33801
9.875 76.625 -0.35336
9.875 76.875 0.11545
9.875 77.125 0.91021
9.875 77.375 -0.40949
9.875 77.625 -0.2576
9.875 77.875 -0.15012
9.875 78.125 -0.43697
9.875 78.375 0.1131
9.875 78.625 0.22214
9.875 78.875 0.31361
10.125 76.375 -0.26064
10.125 76.625 0.40149
10.125 76.875 1.5482
10.125 77.125 0.31369
10.125 77.375 0.91533
10.125 77.625 -0.038363
10.125 77.875 -0.26594
10.125 78.125 -0.021277
10.125 78.375 0.47852
10.125 78.625 -0.25759
10.125 78.875 0.032241
10.125 79.125 0.21779
10.375 76.375 -1.1015
10.375 76.625 0.079497
10.375 76.875 1.4365
10.375 77.125 0.70166
10.375 77.375 0.4315
10.375 77.625 0.11747
10.375 77.875 -0.8725
10.375 78.125 -0.34748
10.375 78.375 -0.09158
10.375 78.625 0.2693
10.375 78.875 -0.2459
10.375 79.125 0.13519
NaN NaN NaN
NaN NaN NaN
10.625 76.125 -1.8423
10.625 76.375 -1.2114
10.625 76.625 0.10689
10.625 76.875 0.48017
10.625 77.125 0.93901
10.625 77.375 0.81286
10.625 77.625 0.15339
10.625 77.875 -0.54797
10.625 78.125 -1.0479
10.625 78.375 -0.65339
10.625 78.625 0.35894
10.625 78.875 0.57832
10.625 79.125 1.083
10.625 79.375 1.6024
10.625 79.625 1.685
10.875 76.125 -1.0713
10.875 76.375 0.76155
10.875 76.625 0.92899
10.875 76.875 0.24318
10.875 77.125 -0.11695
10.875 77.375 -0.19252
10.875 77.625 -0.36096
10.875 77.875 -0.62054
10.875 78.125 -0.83893
10.875 78.375 -0.31047
10.875 78.625 0.47577
10.875 78.875 0.778
10.875 79.125 0.95406
10.875 79.375 0.75452
10.875 79.625 1.2251
11.125 76.125 -1.5593
11.125 76.375 0.40468
11.125 76.625 0.26863
11.125 76.875 -0.40198
11.125 77.125 -0.078931
11.125 77.375 -0.3319
11.125 77.625 -0.28117
11.125 77.875 -0.23186
11.125 78.125 -0.36628
11.125 78.375 0.18758
11.125 78.625 0.57677
11.125 78.875 0.30949
11.125 79.125 0.45925
11.125 79.375 1.0769
11.125 79.625 0.77877
11.375 75.875 -1.3031
11.375 76.125 -1.2055
11.375 76.375 0.62214
11.375 76.625 0.25573
11.375 76.875 0.2461
11.375 77.125 -0.1168
11.375 77.375 -0.29107
11.375 77.625 -0.34952
11.375 77.875 -0.53209
11.375 78.125 -0.54533
11.375 78.375 -0.15405
11.375 78.625 -0.38228
11.375 78.875 0.21394
11.375 79.125 0.015232
11.375 79.375 0.48281
11.375 79.625 0.30748
11.625 75.875 0.042686
11.625 76.125 0.76671
11.625 76.375 0.46233
11.625 76.625 0.9187
11.625 76.875 -0.30536
11.625 77.125 -0.27489
11.625 77.375 -0.43
11.625 77.625 -0.36014
11.625 77.875 -0.65815
11.625 78.125 -1.0077
11.625 78.375 -1.6955
11.625 78.625 -0.48229
11.625 78.875 -0.18997
11.625 79.125 0.34117
11.625 79.375 0.53238
NaN NaN NaN
NaN NaN NaN
11.875 75.875 -0.40621
11.875 76.125 0.31662
11.875 76.375 0.20865
11.875 76.625 0.61899
11.875 76.875 -1.7556
11.875 77.125 -0.5817
11.875 77.375 -0.91194
11.875 77.625 -0.24381
11.875 77.875 -0.72784
11.875 78.125 -1.0905
11.875 78.375 -0.80277
11.875 78.625 -0.27014
11.875 78.875 -0.38315
11.875 79.125 0.065338
11.875 79.375 0.17099
11.875 79.625 0.35262
12.125 75.375 -1.7903
12.125 75.625 -1.5153
12.125 75.875 0.13036
12.125 76.125 -0.12408
12.125 76.375 0.098916
12.125 76.625 -0.086829
12.125 76.875 -1.0226
12.125 77.125 0.12333
12.125 77.375 -0.8464
12.125 77.625 -0.24359
12.125 77.875 -1.2698
12.125 78.125 -0.32308
12.125 78.375 0.11301
12.125 78.625 -0.057861
12.125 78.875 -0.21768
12.125 79.125 0.44091
12.125 79.375 0.3011
12.125 79.625 0.29638
12.375 75.125 -2.2192
12.375 75.375 -2.2658
12.375 75.625 -0.088064
12.375 75.875 0.85486
12.375 76.125 0.61661
12.375 76.375 0.5945
12.375 76.625 0.26757
12.375 76.875 -0.48064
12.375 77.125 -0.76057
12.375 77.375 -0.38736
12.375 77.625 -0.31964
12.375 77.875 -0.67826
12.375 78.125 0.20857
12.375 78.375 0.28141
12.375 78.625 0.46363
12.375 78.875 0.6635
12.375 79.125 0.63785
12.375 79.375 0.64709
12.375 79.625 0.09277
12.375 79.875 0.086816
12.625 75.125 -1.7244
12.625 75.375 -1.6619
12.625 75.625 -1.3719
12.625 75.875 -0.020862
12.625 76.125 0.19317
12.625 76.375 1.0551
12.625 76.625 1.2388
12.625 76.875 0.23621
12.625 77.125 -0.56221
12.625 77.375 -0.76355
12.625 77.625 0.44439
12.625 77.875 0.061166
12.625 78.125 0.066134
12.625 78.375 0.90947
12.625 78.625 0.87877
12.625 78.875 0.97182
12.625 79.125 0.89763
12.625 79.375 0.66776
12.625 79.625 -0.0022514
12.625 79.875 -0.32296
12.875 75.125 -0.37749
12.875 75.375 0.051173
12.875 75.625 -1.2114
12.875 75.875 0.37361
12.875 76.125 0.33977
12.875 76.375 0.88844
12.875 76.625 0.58505
12.875 76.875 -0.12678
12.875 77.125 -0.18796
12.875 77.375 -0.29023
12.875 77.625 -0.99142
12.875 77.875 0.35235
12.875 78.125 0.58537
12.875 78.375 0.77004
12.875 78.625 0.82652
12.875 78.875 0.52176
12.875 79.125 0.82317
12.875 79.375 1.0315
12.875 79.625 0.58081
12.875 79.875 0.71314
NaN NaN NaN
13.125 75.125 -0.034961
13.125 75.375 -0.51272
13.125 75.625 0.076808
13.125 75.875 0.4281
13.125 76.125 0.81021
13.125 76.375 1.2003
13.125 76.625 1.1158
13.125 76.875 0.31358
13.125 77.125 -0.13296
13.125 77.375 -0.37349
13.125 77.625 0.62659
13.125 77.875 -0.10219
13.125 78.125 0.52694
13.125 78.375 0.95209
13.125 78.625 1.131
13.125 78.875 0.90601
13.125 79.125 0.79192
13.125 79.375 0.53045
13.125 79.625 0.96878
13.125 79.875 0.92654
13.125 80.125 0.88471
NaN NaN NaN
13.375 75.125 -0.021555
13.375 75.375 -0.001722
13.375 75.625 0.13782
13.375 75.875 0.54742
13.375 76.125 1.2726
13.375 76.375 0.78987
13.375 76.625 0.38167
13.375 76.875 -0.19739
13.375 77.125 0.25424
13.375 77.375 -0.30298
13.375 77.625 0.32106
13.375 77.875 1.103
13.375 78.125 -0.064386
13.375 78.375 0.37844
13.375 78.625 1.7795
13.375 78.875 0.64503
13.375 79.125 0.64487
13.375 79.375 0.62926
13.375 79.625 0.57838
13.375 79.875 0.73837
13.375 80.125 0.71294
13.625 74.875 -0.84125
13.625 75.125 0.30422
13.625 75.375 0.27879
13.625 75.625 0.13896
13.625 75.875 0.092885
13.625 76.125 0.42478
13.625 76.375 -0.3511
13.625 76.625 -0.8151
13.625 76.875 -0.87392
13.625 77.125 -0.29085
13.625 77.375 -1.2269
13.625 77.625 -0.34489
13.625 77.875 0.27831
13.625 78.125 0.67878
13.625 78.375 0.77794
13.625 78.625 0.53898
13.625 78.875 1.0655
13.625 79.125 1.4319
13.625 79.375 0.46215
13.625 79.625 -0.15167
13.625 79.875 0.66755
13.625 80.125 0.79437
13.875 74.875 0.31974
13.875 75.125 0.93652
13.875 75.375 0.39084
13.875 75.625 -0.2777
13.875 75.875 0.060389
13.875 76.125 -0.20897
13.875 76.375 -0.3317
13.875 76.625 0.23993
13.875 76.875 -1.2673
13.875 77.125 -1.2561
13.875 77.375 -1.1812
13.875 77.625 -1.1022
13.875 77.875 -0.83517
13.875 78.125 -0.23986
13.875 78.375 0.51486
13.875 78.625 1.0211
13.875 78.875 1.3768
13.875 79.125 1.1326
13.875 79.375 0.40486
13.875 79.625 -0.048134
13.875 79.875 0.62253
14.125 74.625 -0.32508
14.125 74.875 -0.027095
14.125 75.125 0.49439
14.125 75.375 -0.30497
14.125 75.625 -0.59202
14.125 75.875 -0.096894
14.125 76.125 -0.11315
14.125 76.375 -0.28596
14.125 76.625 -0.92089
14.125 76.875 -0.83728
14.125 77.125 -0.69185
14.125 77.375 -0.79845
14.125 77.625 -0.59326
14.125 77.875 -0.43162
14.125 78.125 -0.32212
14.125 78.375 0.23862
14.125 78.625 0.23672
14.125 78.875 0.23795
14.125 79.125 1.6027
14.125 79.375 1.0355
14.125 79.625 0.6494
14.125 79.875 0.87819
14.375 74.625 -1.3888
14.375 74.875 -0.2563
14.375 75.125 -0.34868
14.375 75.375 -0.68668
14.375 75.625 -0.40436
14.375 75.875 0.03908
14.375 76.125 0.46104
14.375 76.375 0.066725
14.375 76.625 -0.55494
14.375 76.875 -0.80193
14.375 77.125 -0.58758
14.375 77.375 -0.39537
14.375 77.625 -0.13965
14.375 77.875 -0.077698
14.375 78.125 -0.2514
14.375 78.375 -0.33263
14.375 78.625 1.1321
14.375 78.875 1.0917
14.375 79.125 1.8992
14.375 79.375 1.6089
14.375 79.625 1.2606
14.375 79.875 1.0844
NaN NaN NaN
14.625 74.625 -1.7393
14.625 74.875 -1.5188
14.625 75.125 -0.47889
14.625 75.375 -0.52875
14.625 75.625 -1.3202
14.625 75.875 -0.01456
14.625 76.125 -0.21862
14.625 76.375 -0.72745
14.625 76.625 -0.6648
14.625 76.875 -0.39274
14.625 77.125 0.078867
14.625 77.375 -0.22115
14.625 77.625 -0.34375
14.625 77.875 0.054972
14.625 78.125 0.49319
14.625 78.375 0.6758
14.625 78.625 -0.50833
14.625 78.875 1.1106
14.625 79.125 1.8056
14.625 79.375 1.2891
14.625 79.625 1.1081
14.625 79.875 1.2329
14.875 74.375 -1.9899
14.875 74.625 -1.5533
14.875 74.875 -1.3696
14.875 75.125 0.0089824
14.875 75.375 -1.0005
14.875 75.625 -1.074
14.875 75.875 -1.534
14.875 76.125 -1.0846
14.875 76.375 -1.3347
14.875 76.625 -0.90833
14.875 76.875 0.22973
14.875 77.125 -0.28869
14.875 77.375 -0.85966
14.875 77.625 -1.1723
14.875 77.875 -1.206
14.875 78.125 -0.42643
14.875 78.375 1.1374
14.875 78.625 -0.0077995
14.875 78.875 0.076595
14.875 79.125 0.53525
14.875 79.375 0.13779
14.875 79.625 0.21305
14.875 79.875 0.41973
15.125 74.125 -1.1404
15.125 74.375 -2.0517
15.125 74.625 0.043788
15.125 74.875 -0.057224
15.125 75.125 -0.22702
15.125 75.375 0.013669
15.125 75.625 -0.5097
15.125 75.875 -1.2608
15.125 76.125 -1.8743
15.125 76.375 -0.73908
15.125 76.625 -1.2236
15.125 76.875 -1.3885
15.125 77.125 -1.4109
15.125 77.375 -1.0141
15.125 77.625 -0.93157
15.125 77.875 -1.1013
15.125 78.125 -0.61536
15.125 78.375 0.58919
15.125 78.625 0.20289
15.125 78.875 0.44339
15.125 79.125 -0.093225
15.125 79.375 -0.65997
15.125 79.625 -0.25432
15.125 79.875 0.6288
15.375 73.875 -1.7303
15.375 74.125 -1.4741
15.375 74.375 -0.53499
15.375 74.625 -1.7058
15.375 74.875 0.19988
15.375 75.125 -0.34949
15.375 75.375 0.59054
15.375 75.625 -0.014474
15.375 75.875 -1.1491
15.375 76.125 -0.77877
15.375 76.375 -0.50466
15.375 76.625 -1.3452
15.375 76.875 -1.4972
15.375 77.125 -1.5208
15.375 77.375 -1.3612
15.375 77.625 -1.4591
15.375 77.875 -1.9586
15.375 78.125 -1.3856
15.375 78.375 -0.31607
15.375 78.625 0.3027
15.375 78.875 -0.37498
15.375 79.125 -1.3756
15.375 79.375 -1.6854
15.375 79.625 -1.2852
15.375 79.875 -0.43432
15.625 73.875 -0.63136
15.625 74.125 -1.8395
15.625 74.375 -2.0635
15.625 74.625 0.18532
15.625 74.875 -1.3312
15.625 75.125 -0.60049
15.625 75.375 -0.22276
15.625 75.625 -0.42373
15.625 75.875 -0.93533
15.625 76.125 -1.5594
15.625 76.375 -0.72642
15.625 76.625 -0.83838
15.625 76.875 -0.62278
15.625 77.125 -1.1346
15.625 77.375 -1.2569
15.625 77.625 -1.1629
15.625 77.875 -1.6024
15.625 78.125 -0.4681
15.625 78.375 -0.77344
15.625 78.625 0.25311
15.625 78.875 0.93193
15.625 79.125 -1.1335
15.625 79.375 -1.4685
15.625 79.625 -0.59246
15.625 79.875 -0.37686
15.625 80.125 0.12222
15.875 73.875 -1.7398
15.875 74.125 -1.463
15.875 74.375 -1.4165
15.875 74.625 -0.87385
15.875 74.875 -1.6369
15.875 75.125 -1.3333
15.875 75.375 -0.85879
15.875 75.625 -1.0838
15.875 75.875 -1.8708
15.875 76.125 -1.5841
15.875 76.375 -0.97926
15.875 76.625 -0.95958
15.875 76.875 -0.50821
15.875 77.125 -1.4314
15.875 77.375 -1.033
15.875 77.625 -1.3719
15.875 77.875 -0.31039
15.875 78.125 -0.27889
15.875 78.375 -0.41012
15.875 78.625 -0.5805
15.875 78.875 0.016723
15.875 79.125 -0.58924
15.875 79.375 0.59055
15.875 79.625 -0.55479
15.875 79.875 -0.86208
15.875 80.125 -0.32076
15.875 80.375 -0.6781
NaN NaN NaN
15.875 80.875 -0.40631
16.125 73.625 -1.7198
16.125 73.875 -2.2204
16.125 74.125 -1.8121
16.125 74.375 -1.6249
16.125 74.625 -0.85104
16.125 74.875 -0.17515
16.125 75.125 -1.8866
16.125 75.375 -1.7146
16.125 75.625 -0.91114
16.125 75.875 -0.68765
16.125 76.125 -1.3199
16.125 76.375 -1.4668
16.125 76.625 -0.83933
16.125 76.875 -1.6216
16.125 77.125 -1.0343
16.125 77.375 -0.45632
16.125 77.625 -0.3166
16.125 77.875 0.17299
16.125 78.125 0.43224
16.125 78.375 0.83835
16.125 78.625 0.033557
16.125 78.875 -0.9664
16.125 79.125 -0.1715
16.125 79.375 -0.11876
16.125 79.625 -0.90634
16.125 79.875 -0.49869
16.125 80.125 0.089109
16.125 80.375 -0.11431
16.125 80.625 -0.49557
16.125 80.875 -0.36972
16.375 73.625 -0.79428
16.375 73.875 -2.2593
16.375 74.125 -2.2211
16.375 74.375 -1.912
16.375 74.625 -1.8773
16.375 74.875 -0.49273
16.375 75.125 -0.70095
16.375 75.375 -0.60992
16.375 75.625 -1.3732
16.375 75.875 -1.8319
16.375 76.125 -1.2167
16.375 76.375 -0.68937
16.375 76.625 -0.54248
16.375 76.875 -1.2342
16.375 77.125 -0.44251
16.375 77.375 -0.27551
16.375 77.625 -0.37003
16.375 77.875 -0.18069
16.375 78.125 0.56856
16.375 78.375 1.0265
16.375 78.625 -0.10354
16.375 78.875 -0.13453
16.375 79.125 0.32203
16.375 79.375 -0.12435
16.375 79.625 -0.67095
16.375 79.875 -0.040815
16.375 80.125 -0.042826
16.375 80.375 -0.86238
16.375 80.625 -0.92919
16.375 80.875 -0.60547
16.375 81.125 -0.24578
NaN NaN NaN
NaN NaN NaN
16.625 73.625 -2.2009
16.625 73.875 -2.2703
16.625 74.125 -2.1869
16.625 74.375 -2.1475
16.625 74.625 -1.5647
16.625 74.875 -1.8832
16.625 75.125 -0.94124
16.625 75.375 -1.6708
16.625 75.625 -1.3973
16.625 75.875 -2.0708
16.625 76.125 -2.0695
16.625 76.375 -2.0594
16.625 76.625 -1.9142
16.625 76.875 -1.1334
16.625 77.125 0.32174
16.625 77.375 0.41474
16.625 77.625 -0.44169
16.625 77.875 0.88308
16.625 78.125 0.23575
16.625 78.375 0.32718
16.625 78.625 0.2884
16.625 78.875 -0.21253
16.625 79.125 -0.43649
16.625 79.375 0.42151
16.625 79.625 0.58805
16.625 79.875 0.027307
16.625 80.125 -0.1229
16.625 80.375 -0.19132
16.625 80.625 -0.53088
16.625 80.875 -1.1209
16.625 81.125 -1.2944
16.625 81.375 -1.2605
16.625 81.625 -0.79306
16.625 81.875 -1.4381
16.625 82.125 -0.90456
16.875 73.375 -1.4012
16.875 73.625 -2.3436
16.875 73.875 -2.2645
16.875 74.125 -2.3613
16.875 74.375 -0.96969
16.875 74.625 -1.8715
16.875 74.875 -2.0649
16.875 75.125 -1.6094
16.875 75.375 -1.1674
16.875 75.625 -0.84475
16.875 75.875 -1.4615
16.875 76.125 -1.4027
16.875 76.375 -1.4793
16.875 76.625 -1.1792
16.875 76.875 -1.1566
16.875 77.125 -0.50038
16.875 77.375 -0.06263
16.875 77.625 -0.3094
16.875 77.875 0.4631
16.875 78.125 0.15679
16.875 78.375 0.20976
16.875 78.625 0.27397
16.875 78.875 -0.91479
16.875 79.125 -0.67592
16.875 79.375 0.23292
16.875 79.625 -0.56655
16.875 79.875 0.075564
16.875 80.125 -0.14916
16.875 80.375 0.0082047
16.875 80.625 -0.65133
16.875 80.875 -0.92216
16.875 81.125 -1.3723
16.875 81.375 -1.5887
16.875 81.625 -1.709
16.875 81.875 -1.3889
16.875 82.125 -1.2291
17.125 73.375 -2.3025
17.125 73.625 -2.3678
17.125 73.875 -2.2183
17.125 74.125 -2.1755
17.125 74.375 -1.4685
17.125 74.625 -2.2065
17.125 74.875 -1.6828
17.125 75.125 -1.8072
17.125 75.375 -1.241
17.125 75.625 -0.24156
17.125 75.875 -1.1599
17.125 76.125 -1.6073
17.125 76.375 -0.80008
17.125 76.625 -0.80776
17.125 76.875 0.21705
17.125 77.125 -0.51047
17.125 77.375 0.051825
17.125 77.625 -0.15555
17.125 77.875 0.59814
17.125 78.125 -0.85243
17.125 78.375 -0.28335
17.125 78.625 0.045814
17.125 78.875 0.47417
17.125 79.125 0.76109
17.125 79.375 0.19115
17.125 79.625 0.44127
17.125 79.875 0.074807
17.125 80.125 0.19496
17.125 80.375 -0.14674
17.125 80.625 -0.34211
17.125 80.875 -1.182
17.125 81.125 -1.4219
17.125 81.375 -1.291
17.125 81.625 -1.1197
17.125 81.875 -1.3908
17.125 82.125 -0.95213
17.125 82.375 -1.2652
17.375 73.375 -2.2672
17.375 73.625 -2.3926
17.375 73.875 -2.2959
17.375 74.125 -2.2932
17.375 74.375 -1.3042
17.375 74.625 -1.8809
17.375 74.875 -1.3274
17.375 75.125 -1.818
17.375 75.375 -1.6033
17.375 75.625 -0.74885
17.375 75.875 -1.9124
17.375 76.125 -1.4007
17.375 76.375 -0.8602
17.375 76.625 -1.0833
17.375 76.875 0.35044
17.375 77.125 0.37235
17.375 77.375 0.036027
17.375 77.625 0.56243
17.375 77.875 0.055857
17.375 78.125 0.71101
17.375 78.375 0.30559
17.375 78.625 -0.49583
17.375 78.875 1.5984
17.375 79.125 1.5187
17.375 79.375 1.1544
17.375 79.625 0.36369
17.375 79.875 0.93349
17.375 80.125 1.1469
17.375 80.375 0.17963
17.375 80.625 -0.48952
17.375 80.875 -1.3858
17.375 81.125 -1.4138
17.375 81.375 -1.5943
17.375 81.625 -1.0936
17.375 81.875 -1.444
17.375 82.125 -1.026
17.375 82.375 -0.73366
NaN NaN NaN
17.625 73.375 -1.9591
17.625 73.625 -2.3867
17.625 73.875 -2.2701
17.625 74.125 -2.2245
17.625 74.375 -1.0457
17.625 74.625 -2.1146
17.625 74.875 -1.3216
17.625 75.125 -1.4873
17.625 75.375 -1.1716
17.625 75.625 -0.76555
17.625 75.875 -1.4917
17.625 76.125 -1.5574
17.625 76.375 -1.1677
17.625 76.625 -0.11872
17.625 76.875 0.27498
17.625 77.125 0.41596
17.625 77.375 0.51673
17.625 77.625 0.43303
17.625 77.875 -0.16475
17.625 78.125 0.52498
17.625 78.375 0.42048
17.625 78.625 0.34545
17.625 78.875 0.48756
17.625 79.125 0.51337
17.625 79.375 0.61363
17.625 79.625 0.86969
17.625 79.875 1.1812
17.625 80.125 0.92741
17.625 80.375 -1.5248
17.625 80.625 -0.85582
17.625 80.875 -0.33916
17.625 81.125 0.10013
17.625 81.375 -0.45272
17.625 81.625 -1.9952
17.625 81.875 -1.6774
17.625 82.125 -0.98915
17.625 82.375 -1.4544
17.625 82.625 -0.63219
17.625 82.875 -1.63
17.625 83.125 -1.1068
17.875 73.375 0.69946
17.875 73.625 -2.3439
17.875 73.875 -2.1407
17.875 74.125 -2.02
17.875 74.375 -1.0193
17.875 74.625 -1.24
17.875 74.875 -0.52698
17.875 75.125 -1.9251
17.875 75.375 -1.606
17.875 75.625 -1.3386
17.875 75.875 -1.2643
17.875 76.125 -1.23
17.875 76.375 -0.73561
17.875 76.625 -0.18694
17.875 76.875 0.10924
17.875 77.125 0.70995
17.875 77.375 0.34448
17.875 77.625 0.62226
17.875 77.875 0.63722
17.875 78.125 1.2664
17.875 78.375 1.4275
17.875 78.625 1.0672
17.875 78.875 0.43863
17.875 79.125 0.32806
17.875 79.375 0.35445
17.875 79.625 0.24665
17.875 79.875 1.0339
17.875 80.125 -0.1165
17.875 80.375 -1.5441
17.875 80.625 -0.86543
17.875 80.875 -0.22281
17.875 81.125 -0.53737
17.875 81.375 -0.47664
17.875 81.625 -0.75001
17.875 81.875 -1.7473
17.875 82.125 -1.9052
17.875 82.375 -1.4821
17.875 82.625 -1.2207
17.875 82.875 0.0044378
17.875 83.125 -0.94449
17.875 83.375 -0.67123
NaN NaN NaN
18.125 73.375 -2.29
18.125 73.625 -2.2563
18.125 73.875 0.56628
18.125 74.125 -1.6485
18.125 74.375 -0.25862
18.125 74.625 -0.66971
18.125 74.875 -0.92193
18.125 75.125 -1.7194
18.125 75.375 -1.6635
18.125 75.625 -1.4946
18.125 75.875 -1.83
18.125 76.125 -0.465
18.125 76.375 -0.49674
18.125 76.625 -0.87782
18.125 76.875 0.30107
18.125 77.125 1.171
18.125 77.375 0.72001
18.125 77.625 0.90682
18.125 77.875 0.82647
18.125 78.125 1.1828
18.125 78.375 0.93967
18.125 78.625 0.86647
18.125 78.875 1.0759
18.125 79.125 0.96408
18.125 79.375 0.58263
18.125 79.625 1.38
18.125 79.875 0.80713
18.125 80.125 -0.39239
18.125 80.375 -1.7759
18.125 80.625 -0.82435
18.125 80.875 -0.54631
18.125 81.125 -1.659
18.125 81.375 -0.15333
18.125 81.625 -0.64746
18.125 81.875 -0.47022
18.125 82.125 -1.5582
18.125 82.375 -1.272
18.125 82.625 -1.5829
18.125 82.875 -1.0642
18.125 83.125 -0.05207
18.125 83.375 -0.066863
18.125 83.625 -0.4708
18.375 73.125 -1.226
18.375 73.375 -2.1652
18.375 73.625 -1.4486
18.375 73.875 0.47804
18.375 74.125 -1.7042
18.375 74.375 -1.0432
18.375 74.625 -2.1187
18.375 74.875 -2.0554
18.375 75.125 -0.77532
18.375 75.375 0.89838
18.375 75.625 -0.23534
18.375 75.875 -1.2
18.375 76.125 -0.41186
18.375 76.375 -0.64159
18.375 76.625 -0.61611
18.375 76.875 0.054387
18.375 77.125 -0.18093
18.375 77.375 0.11242
18.375 77.625 0.33373
18.375 77.875 0.61442
18.375 78.125 0.77831
18.375 78.375 1.1227
18.375 78.625 0.91395
18.375 78.875 -0.26697
18.375 79.125 0.24467
18.375 79.375 1.2054
18.375 79.625 1.1248
18.375 79.875 0.47334
18.375 80.125 0.71878
18.375 80.375 0.50093
18.375 80.625 0.02508
18.375 80.875 -0.85882
18.375 81.125 -1.4555
18.375 81.375 -1.7864
18.375 81.625 -1.5307
18.375 81.875 -1.3164
18.375 82.125 -0.79402
18.375 82.375 -1.1299
18.375 82.625 -0.59802
18.375 82.875 -1.8771
18.375 83.125 -0.43847
18.375 83.375 -0.30903
18.375 83.625 -0.63782
18.375 83.875 -0.61537
18.625 73.125 -1.5347
18.625 73.375 0.59753
18.625 73.625 -1.0227
18.625 73.875 0.95575
18.625 74.125 -1.9345
18.625 74.375 -1.4648
18.625 74.625 -1.6884
18.625 74.875 -0.81228
18.625 75.125 -0.84417
18.625 75.375 -0.58771
18.625 75.625 -0.63417
18.625 75.875 -0.47684
18.625 76.125 -0.6908
18.625 76.375 -0.95615
18.625 76.625 -0.0087674
18.625 76.875 0.19714
18.625 77.125 -0.26083
18.625 77.375 -0.29522
18.625 77.625 0.50424
18.625 77.875 0.83017
18.625 78.125 0.52973
18.625 78.375 1.1218
18.625 78.625 -0.93199
18.625 78.875 0.653
18.625 79.125 0.4665
18.625 79.375 0.0089999
18.625 79.625 0.11071
18.625 79.875 0.34199
18.625 80.125 -0.40158
18.625 80.375 -0.89443
18.625 80.625 0.15292
18.625 80.875 -0.42299
18.625 81.125 -0.74231
18.625 81.375 -0.93224
18.625 81.625 -1.7456
18.625 81.875 -1.8351
18.625 82.125 -1.1278
18.625 82.375 -0.41861
18.625 82.625 -1.3336
18.625 82.875 -1.5828
18.625 83.125 -0.79486
18.625 83.375 -1.6554
18.625 83.625 -0.42539
18.625 83.875 -0.91712
18.625 84.125 -1.1966
18.875 73.125 1.3221
18.875 73.375 -2.3106
18.875 73.625 -0.57101
18.875 73.875 1.2685
18.875 74.125 -2.2066
18.875 74.375 -1.2923
18.875 74.625 -0.48728
18.875 74.875 -0.1991
18.875 75.125 -1.9815
18.875 75.375 -1.223
18.875 75.625 -1.0436
18.875 75.875 -0.99716
18.875 76.125 -0.1399
18.875 76.375 -0.18671
18.875 76.625 -0.34449
18.875 76.875 0.15423
18.875 77.125 0.51041
18.875 77.375 -0.7628
18.875 77.625 0.51291
18.875 77.875 0.89053
18.875 78.125 0.59131
18.875 78.375 -1.5251
18.875 78.625 0.23163
18.875 78.875 0.19158
18.875 79.125 0.13149
18.875 79.375 -0.80894
18.875 79.625 0.11668
18.875 79.875 -0.60487
18.875 80.125 -2.1809
18.875 80.375 -2.2632
18.875 80.625 -2.1922
18.875 80.875 0.72112
18.875 81.125 -0.026796
18.875 81.375 -0.62598
18.875 81.625 -1.9427
18.875 81.875 -0.84957
18.875 82.125 -0.41789
18.875 82.375 -0.026537
18.875 82.625 -2.0186
18.875 82.875 -1.5074
18.875 83.125 -1.2567
18.875 83.375 -0.62716
18.875 83.625 -0.074464
18.875 83.875 0.10256
18.875 84.125 -1.0371
18.875 84.375 -1.1154
19.125 73.125 -2.1617
19.125 73.375 -1.4607
19.125 73.625 -2.1698
19.125 73.875 -0.50868
19.125 74.125 -1.4934
19.125 74.375 -0.88808
19.125 74.625 -0.074937
19.125 74.875 -1.1519
19.125 75.125 -1.0442
19.125 75.375 -0.85156
19.125 75.625 -1.0742
19.125 75.875 -0.28934
19.125 76.125 -0.26296
19.125 76.375 -0.1904
19.125 76.625 -0.29303
19.125 76.875 -0.68189
19.125 77.125 -0.087104
19.125 77.375 0.33359
19.125 77.625 0.10436
19.125 77.875 0.15982
19.125 78.125 -0.13359
19.125 78.375 -0.30585
19.125 78.625 -0.030521
19.125 78.875 -1.2412
19.125 79.125 0.084735
19.125 79.375 0.20363
19.125 79.625 0.35189
19.125 79.875 -0.15073
19.125 80.125 -2.1832
19.125 80.375 -2.2592
19.125 80.625 0.83266
19.125 80.875 -0.1568
19.125 81.125 0.73963
19.125 81.375 0.019182
19.125 81.625 -0.53028
19.125 81.875 -1.1603
19.125 82.125 -0.37702
19.125 82.375 -0.71878
19.125 82.625 -1.5862
19.125 82.875 -0.62519
19.125 83.125 -1.2515
19.125 83.375 -0.86021
19.125 83.625 -0.7335
19.125 83.875 -0.39948
19.125 84.125 -0.17188
19.125 84.375 -1.1596
19.125 84.625 -0.90758
19.375 72.875 -0.95373
19.375 73.125 -2.2039
19.375 73.375 -1.731
19.375 73.625 -1.9039
19.375 73.875 -1.2761
19.375 74.125 0.44587
19.375 74.375 -0.25323
19.375 74.625 0.51957
19.375 74.875 -0.22558
19.375 75.125 -1.328
19.375 75.375 0.20179
19.375 75.625 -1.8471
19.375 75.875 -1.1761
19.375 76.125 -0.92821
19.375 76.375 -1.5342
19.375 76.625 -1.844
19.375 76.875 -1.7751
19.375 77.125 -0.51529
19.375 77.375 -1.3392
19.375 77.625 -1.1287
19.375 77.875 0.26097
19.375 78.125 0.048449
19.375 78.375 0.079176
19.375 78.625 0.26929
19.375 78.875 0.43442
19.375 79.125 -0.19131
19.375 79.375 0.23555
19.375 79.625 -0.15805
19.375 79.875 -2.0032
19.375 80.125 -0.73068
19.375 80.375 -0.17756
19.375 80.625 -1.0434
19.375 80.875 0.15904
19.375 81.125 -0.31035
19.375 81.375 -0.081527
19.375 81.625 -0.32359
19.375 81.875 -1.6914
19.375 82.125 -1.1553
19.375 82.375 -0.63674
19.375 82.625 -0.56308
19.375 82.875 -0.49179
19.375 83.125 -0.46368
19.375 83.375 -1.2239
19.375 83.625 -1.0468
19.375 83.875 -1.9376
19.375 84.125 -0.50268
19.375 84.375 -0.0026243
19.375 84.625 -0.15821
19.375 84.875 -0.096205
19.625 72.875 -1.8415
19.625 73.125 -1.8871
19.625 73.375 -2.2155
19.625 73.625 -2.218
19.625 73.875 -0.89868
19.625 74.125 -0.98057
19.625 74.375 0.95723
19.625 74.625 1.2597
19.625 74.875 -0.62701
19.625 75.125 -0.10195
19.625 75.375 -0.14842
19.625 75.625 -1.4079
19.625 75.875 -0.42858
19.625 76.125 -0.79845
19.625 76.375 -1.2501
19.625 76.625 -1.9809
19.625 76.875 -2.1824
19.625 77.125 -1.7302
19.625 77.375 -0.098311
19.625 77.625 0.094573
19.625 77.875 -0.31653
19.625 78.125 -0.6128
19.625 78.375 -0.034581
19.625 78.625 0.92416
19.625 78.875 0.61933
19.625 79.125 -0.78071
19.625 79.375 -1.0139
19.625 79.625 -0.71434
19.625 79.875 -0.80619
19.625 80.125 -0.59291
19.625 80.375 -0.67363
19.625 80.625 -0.54363
19.625 80.875 -0.16193
19.625 81.125 -0.18213
19.625 81.375 -0.4846
19.625 81.625 -0.44886
19.625 81.875 -1.6334
19.625 82.125 -0.68107
19.625 82.375 -0.39228
19.625 82.625 -0.08068
19.625 82.875 -0.35987
19.625 83.125 0.11048
19.625 83.375 -0.33449
19.625 83.625 1.0583
19.625 83.875 0.86366
19.625 84.125 -0.98043
19.625 84.375 0.038529
19.625 84.625 -0.90571
19.625 84.875 -1.1084
19.625 85.125 -1.981
19.625 85.375 -1.3703
19.875 72.875 -1.4963
19.875 73.125 -2.193
19.875 73.375 -2.0736
19.875 73.625 -2.331
19.875 73.875 -2.1782
19.875 74.125 0.76352
19.875 74.375 1.53
19.875 74.625 1.1746
19.875 74.875 1.5101
19.875 75.125 0.074101
19.875 75.375 -0.83902
19.875 75.625 -0.35751
19.875 75.875 0.4676
19.875 76.125 0.22245
19.875 76.375 0.2081
19.875 76.625 -0.77603
19.875 76.875 -0.64752
19.875 77.125 -0.471
19.875 77.375 -0.017978
19.875 77.625 -0.47203
19.875 77.875 0.26695
19.875 78.125 -0.10361
19.875 78.375 0.43568
19.875 78.625 0.022324
19.875 78.875 0.70477
19.875 79.125 0.44106
19.875 79.375 -0.79791
19.875 79.625 -1.022
19.875 79.875 -0.66814
19.875 80.125 -0.77368
19.875 80.375 -1.022
19.875 80.625 -0.91751
19.875 80.875 -0.49308
19.875 81.125 -0.09701
19.875 81.375 -0.53013
19.875 81.625 -1.5536
19.875 81.875 -0.40974
19.875 82.125 -0.017326
19.875 82.375 0.14539
19.875 82.625 0.089727
19.875 82.875 -0.49011
19.875 83.125 0.46863
19.875 83.375 0.2836
19.875 83.625 0.50917
19.875 83.875 -0.8706
19.875 84.125 -1.3559
19.875 84.375 -0.21054
19.875 84.625 -0.92311
19.875 84.875 -2.1167
19.875 85.125 -1.5757
19.875 85.375 -1.1818
NaN NaN NaN
NaN NaN NaN
NaN NaN NaN
20.125 72.875 -1.6674
20.125 73.125 -2.02
20.125 73.375 -2.2602
20.125 73.625 -2.2213
20.125 73.875 -1.6938
20.125 74.125 1.001
20.125 74.375 1.7876
20.125 74.625 1.5978
20.125 74.875 1.7745
20.125 75.125 0.99241
20.125 75.375 0.78472
20.125 75.625 -0.11771
20.125 75.875 -0.33299
20.125 76.125 -0.23282
20.125 76.375 -0.13151
20.125 76.625 -0.33726
20.125 76.875 -0.55809
20.125 77.125 -0.676
20.125 77.375 -0.40572
20.125 77.625 -0.37677
20.125 77.875 -0.27582
20.125 78.125 -0.8423
20.125 78.375 -0.94211
20.125 78.625 -0.10714
20.125 78.875 0.27954
20.125 79.125 -0.23783
20.125 79.375 -0.75409
20.125 79.625 -0.40268
20.125 79.875 -0.62847
20.125 80.125 -1.2608
20.125 80.375 -0.9594
20.125 80.625 -0.8986
20.125 80.875 -0.0568
20.125 81.125 -0.4399
20.125 81.375 0.449
20.125 81.625 0.81299
20.125 81.875 0.85014
20.125 82.125 0.83839
20.125 82.375 0.056414
20.125 82.625 0.39586
20.125 82.875 -1.8713
20.125 83.125 -1.3364
20.125 83.375 -1.8536
20.125 83.625 -0.60313
20.125 83.875 -0.068379
20.125 84.125 -0.28438
20.125 84.375 -0.80674
20.125 84.625 -0.34438
20.125 84.875 -0.8456
20.125 85.125 -2.0375
20.125 85.375 -1.9777
20.125 85.625 -1.2949
20.125 85.875 -1.0509
20.125 86.125 -1.6448
NaN NaN NaN
20.375 73.125 1.8234
20.375 73.375 -2.3108
20.375 73.625 -2.1908
20.375 73.875 -1.2897
20.375 74.125 0.091415
20.375 74.375 1.325
20.375 74.625 0.57999
20.375 74.875 0.53329
20.375 75.125 1.2102
20.375 75.375 1.7811
20.375 75.625 0.57495
20.375 75.875 0.22436
20.375 76.125 -0.17067
20.375 76.375 -0.35157
20.375 76.625 -0.72007
20.375 76.875 -0.52661
20.375 77.125 -0.64984
20.375 77.375 -0.59637
20.375 77.625 0.43274
20.375 77.875 -1.0901
20.375 78.125 -1.5524
20.375 78.375 -0.85538
20.375 78.625 -0.90629
20.375 78.875 -0.2808
20.375 79.125 0.14414
20.375 79.375 -0.15236
20.375 79.625 -0.53686
20.375 79.875 -0.14911
20.375 80.125 0.08949
20.375 80.375 -0.69159
20.375 80.625 0.10132
20.375 80.875 0.8554
20.375 81.125 0.73415
20.375 81.375 0.68216
20.375 81.625 1.2369
20.375 81.875 1.2663
20.375 82.125 0.83513
20.375 82.375 0.90966
20.375 82.625 1.2271
20.375 82.875 -0.045759
20.375 83.125 -2.1151
20.375 83.375 -2.1578
20.375 83.625 -1.0367
20.375 83.875 -1.2285
20.375 84.125 -0.26788
20.375 84.375 -1.1681
20.375 84.625 -0.5879
20.375 84.875 -0.20869
20.375 85.125 -0.58632
20.375 85.375 -1.4994
20.375 85.625 -1.2341
20.375 85.875 -1.1043
20.375 86.125 -0.89156
20.375 86.375 -0.56033
NaN NaN NaN
20.625 73.125 1.1635
20.625 73.375 1.0358
20.625 73.625 1.3726
20.625 73.875 0.31768
20.625 74.125 1.8759
20.625 74.375 1.4216
20.625 74.625 1.5485
20.625 74.875 1.2316
20.625 75.125 -1.2375
20.625 75.375 -1.5795
20.625 75.625 -0.85105
20.625 75.875 -0.72294
20.625 76.125 -0.1402
20.625 76.375 -0.22751
20.625 76.625 -0.89484
20.625 76.875 -1.0549
20.625 77.125 -1.597
20.625 77.375 -0.271
20.625 77.625 -0.18009
20.625 77.875 -1.0052
20.625 78.125 0.15875
20.625 78.375 -0.072225
20.625 78.625 -0.7721
20.625 78.875 -0.2319
20.625 79.125 0.019443
20.625 79.375 -0.27526
20.625 79.625 0.046688
20.625 79.875 0.053109
20.625 80.125 -0.37516
20.625 80.375 -2.1299
20.625 80.625 -0.0015092
20.625 80.875 -1.9243
20.625 81.125 0.1399
20.625 81.375 0.68078
20.625 81.625 0.9801
20.625 81.875 1.4057
20.625 82.125 0.61291
20.625 82.375 1.1771
20.625 82.625 0.70928
20.625 82.875 -0.3603
20.625 83.125 -1.2056
20.625 83.375 -2.0148
20.625 83.625 -0.75936
20.625 83.875 -0.98219
20.625 84.125 -1.1342
20.625 84.375 -0.79533
20.625 84.625 0.097588
20.625 84.875 0.069764
20.625 85.125 -0.60766
20.625 85.375 -1.5807
20.625 85.625 -1.693
20.625 85.875 -1.282
20.625 86.125 -0.71121
20.625 86.375 -0.037792
20.625 86.625 0.14729
NaN NaN NaN
20.875 70.625 1.577
20.875 70.875 1.6222
20.875 71.125 1.5128
20.875 71.375 1.6273
20.875 72.875 1.8605
20.875 73.125 1.6918
20.875 73.375 1.7258
20.875 73.625 1.0752
20.875 73.875 1.7903
20.875 74.125 1.6644
20.875 74.375 0.61374
20.875 74.625 1.6608
20.875 74.875 1.1042
20.875 75.125 -0.70175
20.875 75.375 -0.77123
20.875 75.625 -0.42161
20.875 75.875 -0.25303
20.875 76.125 -0.34957
20.875 76.375 -0.71655
20.875 76.625 -0.62851
20.875 76.875 -0.53046
20.875 77.125 -0.87677
20.875 77.375 -0.62928
20.875 77.625 -0.5018
20.875 77.875 -0.1859
20.875 78.125 0.020778
20.875 78.375 0.11218
20.875 78.625 -0.74619
20.875 78.875 -0.078472
20.875 79.125 -1.2239
20.875 79.375 -0.43483
20.875 79.625 0.14211
20.875 79.875 0.22272
20.875 80.125 0.13717
20.875 80.375 -0.62192
20.875 80.625 0.59969
20.875 80.875 1.2116
20.875 81.125 0.20742
20.875 81.375 -0.5662
20.875 81.625 -2.1665
20.875 81.875 0.52115
20.875 82.125 0.57763
20.875 82.375 1.0382
20.875 82.625 -0.18521
20.875 82.875 -0.77186
20.875 83.125 -1.6169
20.875 83.375 -2.0382
20.875 83.625 -0.23472
20.875 83.875 -0.19892
20.875 84.125 -2.1754
20.875 84.375 -1.9912
20.875 84.625 -0.81086
20.875 84.875 -0.34042
20.875 85.125 -0.27088
20.875 85.375 -0.9026
20.875 85.625 -0.49776
20.875 85.875 -0.90734
20.875 86.125 -0.94551
20.875 86.375 0.069525
20.875 86.625 0.36502
21.125 70.375 1.511
21.125 70.625 1.441
21.125 70.875 0.63854
21.125 71.125 0.7497
21.125 71.375 1.5788
NaN NaN NaN
NaN NaN NaN
21.125 72.875 0.59127
21.125 73.125 0.65972
21.125 73.375 2.0199
21.125 73.625 0.81793
21.125 73.875 -0.44056
21.125 74.125 0.43289
21.125 74.375 0.14482
21.125 74.625 0.34287
21.125 74.875 -0.75392
21.125 75.125 -1.2248
21.125 75.375 -1.3784
21.125 75.625 0.60567
21.125 75.875 0.93381
21.125 76.125 1.4894
21.125 76.375 -0.18928
21.125 76.625 -0.68001
21.125 76.875 -0.76145
21.125 77.125 -0.47769
21.125 77.375 -0.079583
21.125 77.625 -0.14772
21.125 77.875 -0.22452
21.125 78.125 -0.68226
21.125 78.375 -0.71932
21.125 78.625 -0.76146
21.125 78.875 0.12862
21.125 79.125 -0.15102
21.125 79.375 -0.38661
21.125 79.625 0.83521
21.125 79.875 0.4376
21.125 80.125 -1.811
21.125 80.375 -2.3529
21.125 80.625 -0.9615
21.125 80.875 -0.4825
21.125 81.125 0.38647
21.125 81.375 0.63052
21.125 81.625 -1.9744
21.125 81.875 -0.39069
21.125 82.125 -1.106
21.125 82.375 0.5728
21.125 82.625 0.056143
21.125 82.875 0.21629
21.125 83.125 -0.31954
21.125 83.375 -1.2145
21.125 83.625 -0.25478
21.125 83.875 0.34085
21.125 84.125 -1.1245
21.125 84.375 -0.85917
21.125 84.625 -1.2928
21.125 84.875 -1.5382
21.125 85.125 -0.43736
21.125 85.375 -0.33269
21.125 85.625 -0.49095
21.125 85.875 -0.91744
21.125 86.125 -0.38736
21.125 86.375 -0.15285
21.125 86.625 -0.23366
21.375 70.125 0.42559
21.375 70.375 0.68742
21.375 70.625 1.9322
21.375 70.875 0.95635
21.375 71.125 0.95153
21.375 71.375 -0.24558
21.375 71.625 0.445
21.375 71.875 1.1388
21.375 72.875 0.47498
21.375 73.125 1.203
21.375 73.375 1.8752
21.375 73.625 1.287
21.375 73.875 0.33672
21.375 74.125 -0.62775
21.375 74.375 -0.10935
21.375 74.625 0.38519
21.375 74.875 1.5208
21.375 75.125 1.2362
21.375 75.375 0.24224
21.375 75.625 1.2443
21.375 75.875 0.95461
21.375 76.125 0.84387
21.375 76.375 0.3049
21.375 76.625 -0.21437
21.375 76.875 -0.63387
21.375 77.125 -0.21739
21.375 77.375 1.2096
21.375 77.625 -0.13424
21.375 77.875 -0.80994
21.375 78.125 -0.4442
21.375 78.375 -0.78715
21.375 78.625 -0.114
21.375 78.875 0.32852
21.375 79.125 -0.20472
21.375 79.375 -0.26752
21.375 79.625 -1.4639
21.375 79.875 -2.2108
21.375 80.125 -2.3325
21.375 80.375 -2.0239
21.375 80.625 -2.13
21.375 80.875 -1.8538
21.375 81.125 -1.9838
21.375 81.375 0.86753
21.375 81.625 -1.7128
21.375 81.875 0.84802
21.375 82.125 0.82414
21.375 82.375 -0.9721
21.375 82.625 -1.0695
21.375 82.875 -0.96655
21.375 83.125 -1.8154
21.375 83.375 0.15302
21.375 83.625 0.50144
21.375 83.875 -0.26908
21.375 84.125 0.71057
21.375 84.375 -0.41183
21.375 84.625 -1.2989
21.375 84.875 0.055265
21.375 85.125 0.34745
21.375 85.375 0.21562
21.375 85.625 -0.61487
21.375 85.875 -0.60781
21.375 86.125 -1.1046
21.375 86.375 0.12564
21.375 86.625 -0.20403
21.375 86.875 0.17368
21.625 69.875 -0.62436
21.625 70.125 -0.63589
21.625 70.375 -0.26369
21.625 70.625 0.4092
21.625 70.875 0.86137
21.625 71.125 0.21776
21.625 71.375 0.50367
21.625 71.625 0.33442
21.625 71.875 0.25245
21.625 72.125 0.068926
21.625 72.875 1.1669
21.625 73.125 1.161
21.625 73.375 0.52379
21.625 73.625 0.9523
21.625 73.875 0.23863
21.625 74.125 0.11001
21.625 74.375 0.33808
21.625 74.625 1.2386
21.625 74.875 2.0616
21.625 75.125 1.4885
21.625 75.375 1.38
21.625 75.625 0.44127
21.625 75.875 0.072048
21.625 76.125 0.46003
21.625 76.375 0.32727
21.625 76.625 -0.023561
21.625 76.875 -0.0094769
21.625 77.125 0.61874
21.625 77.375 1.201
21.625 77.625 -0.69613
21.625 77.875 0.10279
21.625 78.125 0.18728
21.625 78.375 -0.45434
21.625 78.625 -0.454
21.625 78.875 -0.15448
21.625 79.125 -1.1697
21.625 79.375 -2.2896
21.625 79.625 -0.66417
21.625 79.875 -2.1778
21.625 80.125 -2.3379
21.625 80.375 -0.7478
21.625 80.625 -2.1926
21.625 80.875 -0.92987
21.625 81.125 -2.1085
21.625 81.375 0.14114
21.625 81.625 -1.4355
21.625 81.875 -1.3498
21.625 82.125 -1.4609
21.625 82.375 0.59203
21.625 82.625 -0.13533
21.625 82.875 -2.1305
21.625 83.125 -1.4706
21.625 83.375 -1.9104
21.625 83.625 -1.7096
21.625 83.875 0.26153
21.625 84.125 1.0071
21.625 84.375 0.054781
21.625 84.625 0.37942
21.625 84.875 -0.031809
21.625 85.125 0.20659
21.625 85.375 0.21244
21.625 85.625 -0.71069
21.625 85.875 -1.1898
21.625 86.125 -0.38008
21.625 86.375 -0.35261
21.625 86.625 -0.5573
21.625 86.875 -0.35873
21.625 87.125 -0.06635
NaN NaN NaN
NaN NaN NaN
21.875 69.625 -0.94012
21.875 69.875 -1.3099
21.875 70.125 -0.63996
21.875 70.375 0.74365
21.875 70.625 -0.26025
21.875 70.875 -1.1465
21.875 71.125 -0.58847
21.875 71.375 -0.10138
21.875 71.625 0.3883
21.875 71.875 0.4144
21.875 72.125 1.1399
NaN NaN NaN
21.875 72.875 -0.38055
21.875 73.125 0.78251
21.875 73.375 0.37249
21.875 73.625 -0.36471
21.875 73.875 -0.9163
21.875 74.125 -0.95937
21.875 74.375 -0.55732
21.875 74.625 0.14213
21.875 74.875 1.1728
21.875 75.125 1.2187
21.875 75.375 0.52809
21.875 75.625 0.62606
21.875 75.875 0.73347
21.875 76.125 0.50915
21.875 76.375 0.26322
21.875 76.625 0.20957
21.875 76.875 0.26174
21.875 77.125 0.67606
21.875 77.375 0.99097
21.875 77.625 0.096519
21.875 77.875 -0.27486
21.875 78.125 -0.1058
21.875 78.375 -0.092472
21.875 78.625 -0.48034
21.875 78.875 0.1997
21.875 79.125 -1.0578
21.875 79.375 -1.4209
21.875 79.625 -0.4541
21.875 79.875 -0.64237
21.875 80.125 -0.32625
21.875 80.375 0.4138
21.875 80.625 0.35107
21.875 80.875 -1.9535
21.875 81.125 -0.5132
21.875 81.375 -0.34145
21.875 81.625 0.051314
21.875 81.875 0.022913
21.875 82.125 -1.5471
21.875 82.375 -1.4139
21.875 82.625 0.097413
21.875 82.875 -2.2343
21.875 83.125 -0.87173
21.875 83.375 -2.0035
21.875 83.625 -1.1095
21.875 83.875 0.1138
21.875 84.125 0.71894
21.875 84.375 1.0118
21.875 84.625 0.58581
21.875 84.875 0.46264
21.875 85.125 0.67597
21.875 85.375 0.89523
21.875 85.625 -0.34399
21.875 85.875 -0.99029
21.875 86.125 0.14959
21.875 86.375 0.14096
21.875 86.625 -0.38386
21.875 86.875 -0.3651
21.875 87.125 -0.10536
21.875 87.375 -1.1999
21.875 87.625 -0.99439
21.875 87.875 -0.53188
21.875 88.375 0.032989
NaN NaN NaN
NaN NaN NaN
22.125 69.125 -0.0093219
22.125 69.375 -1.0972
22.125 69.625 -1.4754
22.125 69.875 -1.6734
22.125 70.125 -1.147
22.125 70.375 0.31263
22.125 70.625 0.33648
22.125 70.875 -0.99373
22.125 71.125 -1.3056
22.125 71.375 -0.28823
22.125 71.625 0.16157
22.125 71.875 0.74807
22.125 72.125 1.3884
NaN NaN NaN
22.125 72.875 -0.44144
22.125 73.125 -0.38202
22.125 73.375 0.51835
22.125 73.625 -0.18779
22.125 73.875 -1.0079
22.125 74.125 -0.343
22.125 74.375 -0.45766
22.125 74.625 0.0612
22.125 74.875 0.85702
22.125 75.125 0.99422
22.125 75.375 -0.26812
22.125 75.625 0.35966
22.125 75.875 1.1095
22.125 76.125 1.1904
22.125 76.375 0.5803
22.125 76.625 0.61694
22.125 76.875 0.82097
22.125 77.125 0.74996
22.125 77.375 0.21844
22.125 77.625 -0.070572
22.125 77.875 0.10446
22.125 78.125 -0.24549
22.125 78.375 -0.29159
22.125 78.625 -0.38706
22.125 78.875 0.25052
22.125 79.125 -0.34376
22.125 79.375 -0.55333
22.125 79.625 0.33411
22.125 79.875 0.23616
22.125 80.125 0.46903
22.125 80.375 0.27813
22.125 80.625 0.65582
22.125 80.875 -0.73965
22.125 81.125 -1.005
22.125 81.375 -0.63005
22.125 81.625 -0.50973
22.125 81.875 0.5043
22.125 82.125 -0.029806
22.125 82.375 0.19881
22.125 82.625 -0.20052
22.125 82.875 -1.0203
22.125 83.125 -0.52205
22.125 83.375 -0.57007
22.125 83.625 -0.73351
22.125 83.875 -0.10604
22.125 84.125 0.64871
22.125 84.375 1.0787
22.125 84.625 0.93615
22.125 84.875 0.80485
22.125 85.125 0.6728
22.125 85.375 0.54656
22.125 85.625 -0.31333
22.125 85.875 -0.44585
22.125 86.125 0.15987
22.125 86.375 0.64108
22.125 86.625 -0.10877
22.125 86.875 -0.0023613
22.125 87.125 -0.33298
22.125 87.375 -1.2736
22.125 87.625 -1.3564
22.125 87.875 -1.5109
22.125 88.125 -1.6431
22.125 88.375 0.51377
NaN NaN NaN
22.375 69.125 0.18118
22.375 69.875 -0.35361
22.375 70.125 -0.90838
22.375 70.375 -1.0642
22.375 70.625 -0.64529
22.375 70.875 -0.78235
22.375 71.125 -0.27529
22.375 71.375 -0.56149
22.375 71.625 -1.7554
22.375 71.875 1.2953
22.375 72.125 1.1119
NaN NaN NaN
22.375 72.875 -0.43341
22.375 73.125 -0.31413
22.375 73.375 0.94363
22.375 73.625 -0.62009
22.375 73.875 -1.7441
22.375 74.125 -1.3816
22.375 74.375 -0.32892
22.375 74.625 -0.51232
22.375 74.875 -0.055102
22.375 75.125 -0.27634
22.375 75.375 0.98911
22.375 75.625 0.60716
22.375 75.875 1.9129
22.375 76.125 1.9256
22.375 76.375 1.4114
22.375 76.625 1.7088
22.375 76.875 1.214
22.375 77.125 1.1153
22.375 77.375 0.41703
22.375 77.625 0.081153
22.375 77.875 0.50304
22.375 78.125 -1.5407
22.375 78.375 -0.24724
22.375 78.625 -0.40565
22.375 78.875 0.13647
22.375 79.125 0.13025
22.375 79.375 0.27107
22.375 79.625 0.12545
22.375 79.875 0.018866
22.375 80.125 0.39126
22.375 80.375 0.36641
22.375 80.625 0.45623
22.375 80.875 0.18287
22.375 81.125 -1.579
22.375 81.375 0.77362
22.375 81.625 -0.21204
22.375 81.875 -0.15603
22.375 82.125 0.2107
22.375 82.375 0.12778
22.375 82.625 -0.73751
22.375 82.875 -1.0666
22.375 83.125 -1.2156
22.375 83.375 -1.339
22.375 83.625 -1.5931
22.375 83.875 -0.25406
22.375 84.125 -0.74881
22.375 84.375 0.24414
22.375 84.625 0.47724
22.375 84.875 -0.22305
22.375 85.125 -0.12537
22.375 85.375 0.2105
22.375 85.625 -0.73849
22.375 85.875 -1.0026
22.375 86.125 -0.42362
22.375 86.375 0.30861
22.375 86.625 0.042473
22.375 86.875 -0.70429
22.375 87.125 0.064673
22.375 87.375 -0.75134
22.375 87.625 -0.64462
22.375 87.875 -1.2838
22.375 88.125 -1.0166
22.375 88.375 -0.47127
22.375 88.625 -0.21768
22.375 88.875 -0.30065
NaN NaN NaN
22.625 70.375 0.4743
22.625 70.625 -0.36208
22.625 70.875 -0.41985
22.625 71.125 0.37427
22.625 71.375 0.24828
22.625 71.625 -1.1104
22.625 71.875 -0.64431
22.625 72.125 0.68913
22.625 72.375 0.84612
22.625 72.625 1.4911
22.625 72.875 -1.0962
22.625 73.125 -0.94718
22.625 73.375 0.72742
22.625 73.625 -1.2725
22.625 73.875 -1.942
22.625 74.125 -1.3405
22.625 74.375 0.54114
22.625 74.625 -0.484
22.625 74.875 -0.16999
22.625 75.125 0.31021
22.625 75.375 1.1063
22.625 75.625 0.60934
22.625 75.875 1.3559
22.625 76.125 1.4638
22.625 76.375 0.96466
22.625 76.625 1.7131
22.625 76.875 1.4249
22.625 77.125 1.2489
22.625 77.375 0.66059
22.625 77.625 0.23299
22.625 77.875 0.63448
22.625 78.125 0.46434
22.625 78.375 0.091611
22.625 78.625 0.15652
22.625 78.875 0.29757
22.625 79.125 0.46045
22.625 79.375 0.33141
22.625 79.625 -0.077791
22.625 79.875 -0.00068886
22.625 80.125 0.029881
22.625 80.375 -0.13797
22.625 80.625 -0.8077
22.625 80.875 -0.14134
22.625 81.125 0.48584
22.625 81.375 -0.24202
22.625 81.625 0.1439
22.625 81.875 0.080314
22.625 82.125 -0.18798
22.625 82.375 -0.39535
22.625 82.625 -0.99249
22.625 82.875 -0.81763
22.625 83.125 -0.98494
22.625 83.375 -1.1986
22.625 83.625 -0.99995
22.625 83.875 -1.1883
22.625 84.125 -0.71175
22.625 84.375 -0.91184
22.625 84.625 -0.97972
22.625 84.875 -1.385
22.625 85.125 0.10711
22.625 85.375 0.10708
22.625 85.625 -0.75206
22.625 85.875 -0.25855
22.625 86.125 -1.2918
22.625 86.375 -0.48263
22.625 86.625 -0.51396
22.625 86.875 -0.0041251
22.625 87.125 -0.51013
22.625 87.375 -0.79629
22.625 87.625 0.010876
22.625 87.875 -1.1036
22.625 88.125 0.36942
22.625 88.375 -0.65219
22.625 88.625 -0.26247
22.625 88.875 -0.49473
22.625 92.625 -0.36598
22.625 92.875 1.41
NaN NaN NaN
NaN NaN NaN
NaN NaN NaN
22.875 70.625 0.13462
22.875 70.875 -0.21184
22.875 71.125 -0.93714
22.875 71.375 -1.0718
22.875 71.625 -1.1464
22.875 71.875 -0.96707
22.875 72.125 -1.1164
22.875 72.375 0.76132
22.875 72.625 -0.083829
22.875 72.875 -0.64881
22.875 73.125 0.10004
22.875 73.375 0.81461
22.875 73.625 -0.74226
22.875 73.875 -1.9053
22.875 74.125 -0.54593
22.875 74.375 0.12157
22.875 74.625 -0.52824
22.875 74.875 0.48024
22.875 75.125 0.79341
22.875 75.375 1.0701
22.875 75.625 1.1141
22.875 75.875 0.78228
22.875 76.125 0.60377
22.875 76.375 0.88369
22.875 76.625 1.2222
22.875 76.875 0.62863
22.875 77.125 0.7859
22.875 77.375 -0.37671
22.875 77.625 0.073356
22.875 77.875 0.39855
22.875 78.125 0.50105
22.875 78.375 0.48299
22.875 78.625 0.43491
22.875 78.875 0.45234
22.875 79.125 0.26421
22.875 79.375 -0.06871
22.875 79.625 -0.45987
22.875 79.875 -0.30144
22.875 80.125 -0.44512
22.875 80.375 -0.17421
22.875 80.625 -0.52523
22.875 80.875 0.14968
22.875 81.125 -0.20477
22.875 81.375 -0.45725
22.875 81.625 -0.51349
22.875 81.875 -0.13378
22.875 82.125 -0.30368
22.875 82.375 -0.3406
22.875 82.625 -1.0988
22.875 82.875 -0.56674
22.875 83.125 -1.5357
22.875 83.375 -1.1556
22.875 83.625 -0.56778
22.875 83.875 -0.36281
22.875 84.125 -1.2619
22.875 84.375 -1.0615
22.875 84.625 -1.1967
22.875 84.875 -2.2378
22.875 85.125 -2.2901
22.875 85.375 0.34832
22.875 85.625 -0.50748
22.875 85.875 -0.60065
22.875 86.125 -1.3049
22.875 86.375 -1.3083
22.875 86.625 0.0043732
22.875 86.875 0.21902
22.875 87.125 0.055416
22.875 87.375 0.11521
22.875 87.625 0.39064
22.875 87.875 -1.8196
22.875 88.125 -1.1703
22.875 88.375 -0.56479
22.875 88.625 -0.20608
22.875 92.625 -0.18633
22.875 92.875 0.60698
23.125 68.875 -0.47052
23.125 69.125 -1.0277
23.125 69.375 -0.96583
23.125 69.625 -0.61733
23.125 69.875 0.2333
23.125 70.125 0.0199
23.125 70.875 1.3359
23.125 71.125 -0.86643
23.125 71.375 -1.2079
23.125 71.625 1.1964
23.125 71.875 0.10919
23.125 72.125 -0.99034
23.125 72.375 -0.75661
23.125 72.625 0.45592
23.125 72.875 0.49586
23.125 73.125 0.11513
23.125 73.375 0.31116
23.125 73.625 0.6189
23.125 73.875 -1.0705
23.125 74.125 -0.42747
23.125 74.375 0.10057
23.125 74.625 0.27984
23.125 74.875 0.61152
23.125 75.125 0.87318
23.125 75.375 0.63735
23.125 75.625 0.66081
23.125 75.875 0.95781
23.125 76.125 0.88617
23.125 76.375 0.63724
23.125 76.625 0.44309
23.125 76.875 0.51801
23.125 77.125 0.48562
23.125 77.375 0.12892
23.125 77.625 -0.2514
23.125 77.875 0.88176
23.125 78.125 0.82604
23.125 78.375 0.60085
23.125 78.625 0.1508
23.125 78.875 0.15635
23.125 79.125 0.066087
23.125 79.375 0.22752
23.125 79.625 -0.6648
23.125 79.875 -0.11896
23.125 80.125 -0.24033
23.125 80.375 -0.10457
23.125 80.625 0.23492
23.125 80.875 0.65843
23.125 81.125 0.33901
23.125 81.375 -0.042862
23.125 81.625 -1.1456
23.125 81.875 -0.088791
23.125 82.125 -0.2787
23.125 82.375 -0.62347
23.125 82.625 0.24729
23.125 82.875 -0.71428
23.125 83.125 -1.352
23.125 83.375 0.52416
23.125 83.625 0.58771
23.125 83.875 0.55783
23.125 84.125 -1.1041
23.125 84.375 -1.2412
23.125 84.625 -1.431
23.125 84.875 -1.6661
23.125 85.125 -2.0814
23.125 85.375 0.35662
23.125 85.625 -0.22098
23.125 85.875 -1.2969
23.125 86.125 -1.1855
23.125 86.375 -1.0988
23.125 86.625 0.055002
23.125 86.875 0.21652
23.125 87.125 -0.95277
23.125 87.375 0.62106
23.125 87.625 -0.935
23.125 87.875 -1.8561
23.125 88.125 -1.5451
23.125 88.375 -1.1245
23.125 88.625 -0.79734
NaN NaN NaN
23.125 92.625 -2.2874
23.125 92.875 -1.8095
NaN NaN NaN
23.375 68.875 -0.62117
23.375 69.125 -0.60114
23.375 69.375 -0.69266
23.375 69.625 0.40251
23.375 69.875 0.84038
23.375 70.125 0.81622
23.375 70.375 -0.91211
23.375 70.625 -0.22696
23.375 70.875 -0.032866
23.375 71.125 -0.025854
23.375 71.375 0.73465
23.375 71.625 -0.52654
23.375 71.875 -0.16885
23.375 72.125 -1.0142
23.375 72.375 -0.82528
23.375 72.625 -0.54985
23.375 72.875 0.0011003
23.375 73.125 0.16261
23.375 73.375 0.5316
23.375 73.625 0.3493
23.375 73.875 0.30027
23.375 74.125 0.14793
23.375 74.375 0.63883
23.375 74.625 0.77329
23.375 74.875 0.8884
23.375 75.125 1.2982
23.375 75.375 1.718
23.375 75.625 0.75131
23.375 75.875 1.0039
23.375 76.125 1.1948
23.375 76.375 0.79736
23.375 76.625 0.16898
23.375 76.875 0.085668
23.375 77.125 0.35976
23.375 77.375 0.16746
23.375 77.625 -0.10993
23.375 77.875 1.0911
23.375 78.125 0.91154
23.375 78.375 0.44386
23.375 78.625 0.25206
23.375 78.875 0.25487
23.375 79.125 -0.19788
23.375 79.375 0.10073
23.375 79.625 0.38714
23.375 79.875 -0.13185
23.375 80.125 -0.40658
23.375 80.375 -0.33899
23.375 80.625 0.1966
23.375 80.875 0.27328
23.375 81.125 0.42779
23.375 81.375 0.36832
23.375 81.625 0.45917
23.375 81.875 0.044529
23.375 82.125 -0.23792
23.375 82.375 -0.1202
23.375 82.625 -0.25594
23.375 82.875 -0.21366
23.375 83.125 0.45356
23.375 83.375 0.023905
23.375 83.625 -0.19643
23.375 83.875 -0.47357
23.375 84.125 -1.4675
23.375 84.375 -1.1484
23.375 84.625 -1.1099
23.375 84.875 -0.77163
23.375 85.125 -2.0457
23.375 85.375 0.50944
23.375 85.625 -0.72482
23.375 85.875 -0.97174
23.375 86.125 -0.62304
23.375 86.375 -0.74771
23.375 86.625 0.26429
23.375 86.875 -0.18371
23.375 87.125 -0.97135
23.375 87.375 -0.88546
23.375 87.625 -1.1293
23.375 87.875 -2.3051
23.375 88.125 -1.8545
23.375 88.375 -1.446
23.375 88.625 -1.209
23.375 91.375 -0.81487
23.375 91.625 -0.86995
23.375 92.625 -1.8476
23.375 92.875 -1.58
23.375 93.125 -1.8009
23.625 68.625 0.034939
23.625 68.875 -0.2219
23.625 69.125 0.69857
23.625 69.375 0.91568
23.625 69.625 0.68828
23.625 69.875 1.138
23.625 70.125 1.5304
23.625 70.375 1.6357
23.625 70.625 1.594
23.625 70.875 1.123
23.625 71.125 0.22349
23.625 71.375 1.4
23.625 71.625 -0.15365
23.625 71.875 -0.7853
23.625 72.125 -1.1071
23.625 72.375 -2.0355
23.625 72.625 -0.80426
23.625 72.875 -0.54565
23.625 73.125 -0.024854
23.625 73.375 -0.68817
23.625 73.625 0.15722
23.625 73.875 0.57824
23.625 74.125 1.1104
23.625 74.375 0.67844
23.625 74.625 1.0388
23.625 74.875 1.0551
23.625 75.125 1.0326
23.625 75.375 1.6757
23.625 75.625 1.2973
23.625 75.875 1.4702
23.625 76.125 1.5747
23.625 76.375 1.2316
23.625 76.625 0.74377
23.625 76.875 -0.091001
23.625 77.125 0.32094
23.625 77.375 0.44699
23.625 77.625 0.17067
23.625 77.875 0.85333
23.625 78.125 0.43636
23.625 78.375 0.42539
23.625 78.625 0.515
23.625 78.875 0.36451
23.625 79.125 -0.040275
23.625 79.375 0.29197
23.625 79.625 0.24131
23.625 79.875 1.1995
23.625 80.125 0.16978
23.625 80.375 -0.64326
23.625 80.625 0.020344
23.625 80.875 0.29593
23.625 81.125 0.085138
23.625 81.375 0.42578
23.625 81.625 0.56054
23.625 81.875 -0.076325
23.625 82.125 -0.89639
23.625 82.375 -0.36386
23.625 82.625 -0.40051
23.625 82.875 -0.027753
23.625 83.125 -0.31694
23.625 83.375 0.42009
23.625 83.625 0.43277
23.625 83.875 -0.241
23.625 84.125 -1.0366
23.625 84.375 -0.53085
23.625 84.625 -0.0087734
23.625 84.875 0.03994
23.625 85.125 -1.2378
23.625 85.375 -1.0551
23.625 85.625 -0.70814
23.625 85.875 0.14445
23.625 86.125 -1.8006
23.625 86.375 -0.47223
23.625 86.625 0.34803
23.625 86.875 -1.1654
23.625 87.125 -1.3683
23.625 87.375 -1.2789
23.625 87.625 -1.3583
23.625 87.875 -1.9053
23.625 88.125 -2.2008
23.625 88.375 -1.9552
23.625 91.375 -1.0959
23.625 91.625 -1.2542
NaN NaN NaN
23.625 92.375 -1.8355
23.625 92.625 -1.4721
23.625 92.875 -1.4907
23.625 93.125 -2.0969
23.875 68.875 0.18584
23.875 69.125 0.81317
23.875 69.375 1.2743
23.875 69.625 1.3872
23.875 69.875 1.3821
23.875 70.125 1.1362
23.875 70.375 1.6016
23.875 70.625 1.7974
23.875 70.875 1.441
23.875 71.125 1.3023
23.875 71.375 1.2976
23.875 71.625 0.25395
23.875 71.875 -0.14898
23.875 72.125 -0.58101
23.875 72.375 -1.5244
23.875 72.625 -0.59421
23.875 72.875 -0.33733
23.875 73.125 -0.27962
23.875 73.375 -1.483
23.875 73.625 -0.45067
23.875 73.875 0.86309
23.875 74.125 1.0086
23.875 74.375 0.8201
23.875 74.625 0.82591
23.875 74.875 1.4039
23.875 75.125 1.4883
23.875 75.375 1.3851
23.875 75.625 1.2278
23.875 75.875 1.4138
23.875 76.125 1.3495
23.875 76.375 1.2206
23.875 76.625 0.97619
23.875 76.875 1.1535
23.875 77.125 0.76197
23.875 77.375 0.76954
23.875 77.625 0.85997
23.875 77.875 0.90602
23.875 78.125 0.81537
23.875 78.375 0.52886
23.875 78.625 0.4288
23.875 78.875 0.50886
23.875 79.125 0.38913
23.875 79.375 0.73946
23.875 79.625 0.45006
23.875 79.875 0.0046062
23.875 80.125 -0.30323
23.875 80.375 -0.491
23.875 80.625 -0.053195
23.875 80.875 0.2171
23.875 81.125 -0.19962
23.875 81.375 0.10767
23.875 81.625 0.35576
23.875 81.875 -0.17072
23.875 82.125 -0.39802
23.875 82.375 0.20629
23.875 82.625 0.11695
23.875 82.875 -0.0052019
23.875 83.125 -0.38185
23.875 83.375 -0.19818
23.875 83.625 -0.072219
23.875 83.875 0.0066249
23.875 84.125 -0.42738
23.875 84.375 -0.94013
23.875 84.625 -1.06
23.875 84.875 -1.1438
23.875 85.125 -1.3452
23.875 85.375 -1.4685
23.875 85.625 -1.8667
23.875 85.875 -0.82951
23.875 86.125 -0.99924
23.875 86.375 -0.17154
23.875 86.625 -0.27184
23.875 86.875 -0.97204
23.875 87.125 -0.63551
23.875 87.375 -0.69845
23.875 87.625 -2.314
23.875 87.875 -2.1062
23.875 88.125 -1.9771
23.875 88.375 -1.3082
23.875 91.375 -1.692
23.875 91.625 -1.239
23.875 91.875 -1.9832
23.875 92.125 -1.9925
23.875 92.375 -1.5007
23.875 92.625 -1.503
23.875 92.875 -1.9953
23.875 93.125 -2.1459
23.875 93.375 -1.9204
24.125 68.875 0.099288
24.125 69.125 0.56072
24.125 69.375 1.6208
24.125 69.625 0.99531
24.125 69.875 0.81211
24.125 70.125 0.58029
24.125 70.375 0.92351
24.125 70.625 1.5118
24.125 70.875 1.0386
24.125 71.125 0.92717
24.125 71.375 0.87268
24.125 71.625 -0.5238
24.125 71.875 -0.31488
24.125 72.125 -0.64342
24.125 72.375 -0.18926
24.125 72.625 -0.51435
24.125 72.875 -0.0074095
24.125 73.125 -0.26985
24.125 73.375 -1.0145
24.125 73.625 -1.2671
24.125 73.875 0.70208
24.125 74.125 0.54649
24.125 74.375 0.45986
24.125 74.625 0.93163
24.125 74.875 1.168
24.125 75.125 0.89507
24.125 75.375 1.3311
24.125 75.625 1.0648
24.125 75.875 1.187
24.125 76.125 1.1426
24.125 76.375 1.3497
24.125 76.625 1.1701
24.125 76.875 1.3654
24.125 77.125 0.79261
24.125 77.375 0.9343
24.125 77.625 1.1781
24.125 77.875 1.1892
24.125 78.125 0.81456
24.125 78.375 0.45414
24.125 78.625 0.62082
24.125 78.875 0.090098
24.125 79.125 0.4303
24.125 79.375 0.62025
24.125 79.625 -0.34838
24.125 79.875 -0.1294
24.125 80.125 -0.42499
24.125 80.375 -0.98314
24.125 80.625 -0.10801
24.125 80.875 0.086201
24.125 81.125 -0.45983
24.125 81.375 -0.23048
24.125 81.625 -0.006911
24.125 81.875 0.50951
24.125 82.125 0.26495
24.125 82.375 -0.13553
24.125 82.625 -0.026649
24.125 82.875 -0.15046
24.125 83.125 0.056781
24.125 83.375 -1.0877
24.125 83.625 -0.87549
24.125 83.875 -0.20133
24.125 84.125 -0.48164
24.125 84.375 -1.0978
24.125 84.625 -1.3209
24.125 84.875 -0.94645
24.125 85.125 -1.4357
24.125 85.375 -0.67662
24.125 85.625 -1.5248
24.125 85.875 -1.1684
24.125 86.125 -0.94945
24.125 86.375 -1.2343
24.125 86.625 -1.0521
24.125 86.875 -1.1876
24.125 87.125 -0.99845
24.125 87.375 -0.92853
24.125 87.625 -1.7762
24.125 87.875 -2.1823
24.125 88.125 -2.0435
24.125 88.375 -0.83079
24.125 91.875 -2.0486
24.125 92.125 -2.2157
24.125 92.375 -1.5497
24.125 92.625 -1.4299
24.125 92.875 -2.0976
24.125 93.125 -2.2828
24.125 93.375 -2.2969
24.125 93.625 -2.3311
24.125 93.875 -2.2794
NaN NaN NaN
24.375 71.375 -0.04216
24.375 71.625 0.097606
24.375 71.875 -0.59082
24.375 72.125 -0.77913
24.375 72.375 -0.75862
24.375 72.625 -0.89876
24.375 72.875 0.25743
24.375 73.125 0.40657
24.375 73.375 0.61871
24.375 73.625 -0.42906
24.375 73.875 0.55404
24.375 74.125 0.56493
24.375 74.375 0.96611
24.375 74.625 0.95548
24.375 74.875 0.77067
24.375 75.125 1.0791
24.375 75.375 1.4024
24.375 75.625 1.8341
24.375 75.875 0.98622
24.375 76.125 0.059313
24.375 76.375 1.02
24.375 76.625 1.5337
24.375 76.875 1.4334
24.375 77.125 0.83097
24.375 77.375 0.75182
24.375 77.625 0.92487
24.375 77.875 1.5335
24.375 78.125 0.88901
24.375 78.375 0.83626
24.375 78.625 0.3724
24.375 78.875 0.78184
24.375 79.125 0.83056
24.375 79.375 0.08676
24.375 79.625 0.022136
24.375 79.875 -0.32628
24.375 80.125 -1.6525
24.375 80.375 0.14187
24.375 80.625 0.28389
24.375 80.875 -0.46614
24.375 81.125 -0.38616
24.375 81.375 -0.33336
24.375 81.625 -0.042474
24.375 81.875 0.15621
24.375 82.125 -0.16039
24.375 82.375 -0.13491
24.375 82.625 0.017999
24.375 82.875 -0.016784
24.375 83.125 -0.27314
24.375 83.375 -0.57164
24.375 83.625 -1.1876
24.375 83.875 -1.1137
24.375 84.125 -0.39339
24.375 84.375 -1.1077
24.375 84.625 -1.1689
24.375 84.875 -1.6819
24.375 85.125 -0.66255
24.375 85.375 -1.0362
24.375 85.625 -0.57511
24.375 85.875 -1.2552
24.375 86.125 -1.6571
24.375 86.375 -1.047
24.375 86.625 -1.4954
24.375 86.875 -0.88853
24.375 87.125 -1.0277
24.375 87.375 -2.2601
24.375 87.625 -2.1966
24.375 87.875 -1.9822
24.375 88.125 -1.4678
24.375 92.375 -1.6683
24.375 92.625 -1.844
24.375 92.875 -2.3031
24.375 93.125 -2.3181
24.375 93.375 -2.2739
24.375 93.625 -2.1015
24.375 93.875 -2.1928
24.375 94.125 -1.7877
24.625 71.125 -0.3227
24.625 71.375 0.33211
24.625 71.625 -0.28339
24.625 71.875 -0.48037
24.625 72.125 -0.75497
24.625 72.375 -0.66417
24.625 72.625 -1.0837
24.625 72.875 -0.8921
24.625 73.125 -0.32848
24.625 73.375 0.72843
24.625 73.625 0.8324
24.625 73.875 0.97918
24.625 74.125 1.1089
24.625 74.375 1.3419
24.625 74.625 1.2527
24.625 74.875 0.82796
24.625 75.125 0.64455
24.625 75.375 1.186
24.625 75.625 1.0852
24.625 75.875 0.5487
24.625 76.125 0.91927
24.625 76.375 0.9161
24.625 76.625 1.1833
24.625 76.875 1.4022
24.625 77.125 1.0917
24.625 77.375 0.9414
24.625 77.625 0.60175
24.625 77.875 0.52538
24.625 78.125 0.80526
24.625 78.375 0.57221
24.625 78.625 0.68331
24.625 78.875 0.89518
24.625 79.125 0.76911
24.625 79.375 0.5508
24.625 79.625 0.61439
24.625 79.875 0.27132
24.625 80.125 -1.5145
24.625 80.375 -1.6694
24.625 80.625 -1.0602
24.625 80.875 -0.67979
24.625 81.125 -0.72069
24.625 81.375 0.035416
24.625 81.625 0.55773
24.625 81.875 0.67845
24.625 82.125 -0.42036
24.625 82.375 -0.6582
24.625 82.625 0.18004
24.625 82.875 0.63768
24.625 83.125 0.021777
24.625 83.375 -0.83088
24.625 83.625 -0.81288
24.625 83.875 -0.83806
24.625 84.125 -0.77349
24.625 84.375 -0.47957
24.625 84.625 -1.8509
24.625 84.875 -0.79213
24.625 85.125 -0.49824
24.625 85.375 -1.2509
24.625 85.625 -2.0026
24.625 85.875 -1.5497
24.625 86.125 -1.247
24.625 86.375 -0.33086
24.625 86.625 -0.55723
24.625 86.875 -1.1706
24.625 87.125 -2.0695
24.625 87.375 -1.9397
24.625 87.625 -1.3694
24.625 87.875 -0.30201
24.625 92.375 -0.90836
24.625 92.625 -1.5013
24.625 92.875 -1.8781
24.625 93.125 -1.5973
24.625 93.375 -1.9249
24.625 93.625 -2.0042
24.625 93.875 -1.623
24.625 94.125 -1.6644
NaN NaN NaN
24.875 71.125 -1.0499
24.875 71.375 0.1988
24.875 71.625 -0.020712
24.875 71.875 -0.62069
24.875 72.125 -1.0613
24.875 72.375 -0.97209
24.875 72.625 -1.0936
24.875 72.875 -1.2063
24.875 73.125 -1.4076
24.875 73.375 0.23333
24.875 73.625 0.54826
24.875 73.875 1.3903
24.875 74.125 1.5822
24.875 74.375 1.5959
24.875 74.625 1.1026
24.875 74.875 0.83962
24.875 75.125 0.2167
24.875 75.375 0.66585
24.875 75.625 0.42419
24.875 75.875 1.2433
24.875 76.125 0.87073
24.875 76.375 0.90966
24.875 76.625 1.2735
24.875 76.875 1.545
24.875 77.125 1.4549
24.875 77.375 1.3407
24.875 77.625 1.1912
24.875 77.875 1.1445
24.875 78.125 1.1235
24.875 78.375 1.0841
24.875 78.625 0.80438
24.875 78.875 1.4159
24.875 79.125 0.94135
24.875 79.375 0.98697
24.875 79.625 0.95879
24.875 79.875 1.412
24.875 80.125 -1.5281
24.875 80.375 -1.3384
24.875 80.625 0.46496
24.875 80.875 -0.73109
24.875 81.125 -1.0746
24.875 81.375 -1.5882
24.875 81.625 -0.25205
24.875 81.875 -0.056286
24.875 82.125 -1.0831
24.875 82.375 -0.69467
24.875 82.625 0.54326
24.875 82.875 -0.53804
24.875 83.125 -0.80142
24.875 83.375 -1.0552
24.875 83.625 -0.69521
24.875 83.875 -1.0294
24.875 84.125 -1.1772
24.875 84.375 -1.5956
24.875 84.625 -1.7208
24.875 84.875 -1.6451
24.875 85.125 -1.1682
24.875 85.375 -1.78
24.875 85.625 -0.29901
24.875 85.875 -1.0344
24.875 86.125 -1.1829
24.875 86.375 -0.88756
24.875 86.625 -1.2928
24.875 86.875 -0.86247
24.875 87.125 -1.8406
24.875 87.375 -1.6885
24.875 87.625 -0.44093
24.875 87.875 -0.069165
24.875 88.125 1.7157
24.875 92.625 -1.9287
24.875 92.875 -1.273
24.875 93.125 -1.993
24.875 93.375 -1.0155
24.875 93.625 -1.6729
24.875 93.875 -1.4157
24.875 94.125 -1.514
24.875 94.375 -1.301
25.125 71.125 -1.128
25.125 71.375 -0.25231
25.125 71.625 -0.52514
25.125 71.875 -0.893
25.125 72.125 -0.90331
25.125 72.375 -0.95447
25.125 72.625 -1.0331
25.125 72.875 -1.0552
25.125 73.125 -1.1627
25.125 73.375 -1.1138
25.125 73.625 0.1794
25.125 73.875 0.5654
25.125 74.125 1.1957
25.125 74.375 1.1912
25.125 74.625 1.4843
25.125 74.875 1.2824
25.125 75.125 0.98109
25.125 75.375 1.1991
25.125 75.625 0.91972
25.125 75.875 0.13854
25.125 76.125 0.62426
25.125 76.375 1.0638
25.125 76.625 1.746
25.125 76.875 1.8143
25.125 77.125 1.5686
25.125 77.375 1.1927
25.125 77.625 1.3469
25.125 77.875 1.8064
25.125 78.125 1.517
25.125 78.375 1.1779
25.125 78.625 1.2243
25.125 78.875 1.2577
25.125 79.125 0.69061
25.125 79.375 0.62112
25.125 79.625 1.6191
25.125 79.875 1.3033
25.125 80.125 -0.37213
25.125 80.375 0.26573
25.125 80.625 0.14921
25.125 80.875 -1.1088
25.125 81.125 -1.1742
25.125 81.375 -1.2919
25.125 81.625 -2.0437
25.125 81.875 -0.91318
25.125 82.125 -0.6495
25.125 82.375 -0.038657
25.125 82.625 -1.3019
25.125 82.875 -1.4555
25.125 83.125 -1.4037
25.125 83.375 -1.054
25.125 83.625 -0.16406
25.125 83.875 -1.7279
25.125 84.125 -1.4497
25.125 84.375 -1.1008
25.125 84.625 -1.0524
25.125 84.875 -1.5326
25.125 85.125 -1.1854
25.125 85.375 -1.233
25.125 85.625 0.025666
25.125 85.875 -0.11564
25.125 86.125 0.5277
25.125 86.375 -0.61137
25.125 86.625 0.0018658
25.125 86.875 -0.75853
25.125 87.125 -0.42514
25.125 87.375 -0.78825
25.125 87.625 -0.31459
25.125 87.875 -0.036193
25.125 88.125 -0.91734
25.125 88.375 1.2368
25.125 92.375 -1.4045
25.125 92.625 -1.5662
25.125 92.875 -1.9262
25.125 93.125 -1.2194
25.125 93.375 -1.6029
25.125 93.625 -1.3409
25.125 93.875 -1.5102
25.125 94.125 -1.469
25.125 94.375 -1.515
25.375 70.875 -0.092181
25.375 71.125 -0.20951
25.375 71.375 -0.027389
25.375 71.625 -0.32131
25.375 71.875 -0.40575
25.375 72.125 -0.69035
25.375 72.375 -0.92278
25.375 72.625 -0.69881
25.375 72.875 -0.70848
25.375 73.125 -0.7775
25.375 73.375 -0.42146
25.375 73.625 -0.15255
25.375 73.875 -0.026125
25.375 74.125 1.0133
25.375 74.375 1.585
25.375 74.625 1.6137
25.375 74.875 1.7374
25.375 75.125 1.6665
25.375 75.375 1.5198
25.375 75.625 1.518
25.375 75.875 0.90395
25.375 76.125 1.0774
25.375 76.375 1.0163
25.375 76.625 1.3139
25.375 76.875 1.1309
25.375 77.125 1.3962
25.375 77.375 1.3119
25.375 77.625 1.4766
25.375 77.875 1.9482
25.375 78.125 1.3021
25.375 78.375 1.3286
25.375 78.625 -0.29291
25.375 78.875 -0.83596
25.375 79.125 0.20597
25.375 79.375 1.284
25.375 79.625 1.5442
25.375 79.875 1.6714
25.375 80.125 1.3513
25.375 80.375 0.15131
25.375 80.625 0.34537
25.375 80.875 -1.7661
25.375 81.125 -0.82917
25.375 81.375 -1.2992
25.375 81.625 -1.9888
25.375 81.875 -2.1204
25.375 82.125 -1.9172
25.375 82.375 -1.8991
25.375 82.625 -1.9887
25.375 82.875 -1.8072
25.375 83.125 -1.5821
25.375 83.375 -0.5226
25.375 83.625 -0.045679
25.375 83.875 0.17328
25.375 84.125 -0.061526
25.375 84.375 -0.96291
25.375 84.625 -1.1055
25.375 84.875 -0.099091
25.375 85.125 -0.93172
25.375 85.375 -1.4674
25.375 85.625 0.73326
25.375 85.875 0.49436
25.375 86.125 1.1968
25.375 86.375 0.61887
25.375 86.625 -0.42467
25.375 86.875 -0.22844
25.375 87.125 -0.79818
25.375 87.375 -0.21331
25.375 87.625 0.50675
25.375 87.875 0.46369
25.375 88.125 -0.59621
25.375 88.375 0.53521
25.375 88.625 0.82423
25.375 90.125 0.078274
25.375 90.375 -0.4753
25.375 90.625 0.15316
25.375 90.875 -0.31583
25.375 91.125 -0.3376
25.375 91.375 -1.4243
25.375 91.625 -0.95068
25.375 91.875 -1.3944
25.375 92.125 -2.1287
25.375 92.375 -2.0463
25.375 92.625 -1.8155
25.375 92.875 -1.7764
25.375 93.125 -1.3584
25.375 93.375 -1.5622
25.375 93.625 -1.0769
25.375 93.875 -1.6278
25.375 94.125 -1.1475
25.375 94.375 -1.8218
25.625 70.875 -0.44295
25.625 71.125 -0.45326
25.625 71.375 -0.28277
25.625 71.625 -0.035042
25.625 71.875 -0.2026
25.625 72.125 -0.014379
25.625 72.375 0.4283
25.625 72.625 -0.63161
25.625 72.875 -0.55231
25.625 73.125 -0.15901
25.625 73.375 0.75333
25.625 73.625 0.57605
25.625 73.875 0.32723
25.625 74.125 1.4371
25.625 74.375 1.3036
25.625 74.625 1.3936
25.625 74.875 2.1306
25.625 75.125 1.3694
25.625 75.375 1.5956
25.625 75.625 1.7221
25.625 75.875 1.7381
25.625 76.125 1.6567
25.625 76.375 1.1876
25.625 76.625 1.0349
25.625 76.875 1.0526
25.625 77.125 0.47596
25.625 77.375 1.104
25.625 77.625 1.1032
25.625 77.875 1.6029
25.625 78.125 1.2782
25.625 78.375 0.25699
25.625 78.625 -0.28782
25.625 78.875 -1.157
25.625 79.125 1.3209
25.625 79.375 1.9456
25.625 79.625 1.6758
25.625 79.875 1.5735
25.625 80.125 1.1423
25.625 80.375 0.52498
25.625 80.625 -1.1483
25.625 80.875 -1.3965
25.625 81.125 -1.8389
25.625 81.375 -2.0616
25.625 81.625 -1.7446
25.625 81.875 -1.8149
25.625 82.125 -2.1072
25.625 82.375 -1.9239
25.625 82.625 -2.22
25.625 82.875 -2.1737
25.625 83.125 -1.8363
25.625 83.375 -1.3126
25.625 83.625 -0.73869
25.625 83.875 -0.81465
25.625 84.125 -1.372
25.625 84.375 -1.3614
25.625 84.625 0.64479
25.625 84.875 -0.04223
25.625 85.125 -1.1565
25.625 85.375 -1.155
25.625 85.625 -0.37654
25.625 85.875 0.10339
25.625 86.125 -1.1743
25.625 86.375 -0.7233
25.625 86.625 -1.7563
25.625 86.875 -0.081538
25.625 87.125 -0.025446
25.625 87.375 -0.55264
25.625 87.625 -0.31249
25.625 87.875 -0.57224
25.625 88.125 0.12187
25.625 90.125 -1.5825
25.625 90.375 -0.30642
25.625 90.625 -0.32726
25.625 90.875 -2.2196
25.625 91.125 -1.4987
25.625 91.375 -1.6863
25.625 91.625 -1.0172
25.625 91.875 -1.0971
25.625 92.125 -1.8462
25.625 92.375 -2.3484
25.625 92.625 -1.9069
25.625 92.875 -1.6727
25.625 93.125 -1.823
25.625 93.375 -1.7731
25.625 93.625 -1.2801
25.625 93.875 -0.87485
25.625 94.125 -0.44731
25.625 94.375 -2.0773
NaN NaN NaN
NaN NaN NaN
25.875 70.375 0.12443
25.875 70.625 -0.36549
25.875 70.875 -0.5739
25.875 71.125 -0.69903
25.875 71.375 -0.45362
25.875 71.625 -0.50953
25.875 71.875 -0.0083523
25.875 72.125 0.57988
25.875 72.375 0.46995
25.875 72.625 -0.53394
25.875 72.875 -0.92492
25.875 73.125 0.084821
25.875 73.375 1.8085
25.875 73.625 1.1388
25.875 73.875 0.33347
25.875 74.125 1.0793
25.875 74.375 1.2616
25.875 74.625 1.7041
25.875 74.875 1.7863
25.875 75.125 1.5774
25.875 75.375 1.4662
25.875 75.625 1.2128
25.875 75.875 1.6525
25.875 76.125 1.5439
25.875 76.375 1.386
25.875 76.625 1.2534
25.875 76.875 0.96049
25.875 77.125 0.21265
25.875 77.375 1.2323
25.875 77.625 1.7362
25.875 77.875 1.3112
25.875 78.125 1.8399
25.875 78.375 1.5247
25.875 78.625 1.4635
25.875 78.875 -0.16043
25.875 79.125 0.58406
25.875 79.375 0.076215
25.875 79.625 0.0087855
25.875 79.875 0.48799
25.875 80.125 0.11466
25.875 80.375 -1.1685
25.875 80.625 -0.20337
25.875 80.875 -0.9907
25.875 81.125 -1.5787
25.875 81.375 -1.823
25.875 81.625 -1.2462
25.875 81.875 -1.5542
25.875 82.125 -2.168
25.875 82.375 -1.9471
25.875 82.625 -2.0824
25.875 82.875 -0.83885
25.875 83.125 -1.7804
25.875 83.375 -2.3804
25.875 83.625 -0.22736
25.875 83.875 -1.0469
25.875 84.125 0.9046
25.875 84.375 -1.0769
25.875 84.625 -0.19166
25.875 84.875 -0.67729
25.875 85.125 -0.4019
25.875 85.375 -0.79125
25.875 85.625 -0.40322
25.875 85.875 -1.2005
25.875 86.125 -1.5518
25.875 86.375 -0.22321
25.875 86.625 0.29581
25.875 86.875 -0.038237
25.875 87.125 -0.93018
25.875 87.375 -0.57332
25.875 87.625 -0.97833
25.875 87.875 -1.7519
25.875 90.125 -0.95503
25.875 90.375 -0.69274
25.875 90.625 -1.2168
25.875 90.875 -1.4563
25.875 91.125 -0.58551
25.875 91.375 -0.68544
25.875 91.625 -1.0027
25.875 91.875 -1.914
25.875 92.125 -1.9809
25.875 92.375 -1.7535
25.875 92.625 -1.1954
25.875 92.875 -1.7929
25.875 93.125 -2.0415
25.875 93.375 -2.0442
25.875 93.625 -1.3756
25.875 93.875 -0.42997
25.875 94.125 -0.95027
25.875 94.375 -1.7463
25.875 94.625 -1.9252
25.875 94.875 -0.52508
26.125 70.375 -0.32147
26.125 70.625 -0.33071
26.125 70.875 -0.38268
26.125 71.125 -0.5433
26.125 71.375 -0.44251
26.125 71.625 0.21521
26.125 71.875 0.40566
26.125 72.125 0.18168
26.125 72.375 0.37897
26.125 72.625 -0.44197
26.125 72.875 -0.55795
26.125 73.125 0.15536
26.125 73.375 1.2494
26.125 73.625 1.1432
26.125 73.875 0.64602
26.125 74.125 0.30565
26.125 74.375 1.0171
26.125 74.625 1.3977
26.125 74.875 1.848
26.125 75.125 1.7959
26.125 75.375 0.97444
26.125 75.625 0.72847
26.125 75.875 0.99682
26.125 76.125 1.2165
26.125 76.375 1.3329
26.125 76.625 1.4515
26.125 76.875 1.2814
26.125 77.125 0.92732
26.125 77.375 1.3448
26.125 77.625 1.8169
26.125 77.875 1.4398
26.125 78.125 1.8252
26.125 78.375 1.8823
26.125 78.625 1.5847
26.125 78.875 0.65914
26.125 79.125 0.54138
26.125 79.375 0.82635
26.125 79.625 -1.1751
26.125 79.875 -0.99868
26.125 80.125 -0.32228
26.125 80.375 -0.75528
26.125 80.625 -1.6045
26.125 80.875 0.15883
26.125 81.125 -0.59794
26.125 81.375 -2.0245
26.125 81.625 -1.8184
26.125 81.875 -1.1132
26.125 82.125 -2.062
26.125 82.375 -1.5471
26.125 82.625 -1.8241
26.125 82.875 -1.6608
26.125 83.125 -1.9503
26.125 83.375 -2.03
26.125 83.625 -1.4643
26.125 83.875 0.85497
26.125 84.125 0.97695
26.125 84.375 -0.62404
26.125 84.625 -0.81467
26.125 84.875 -1.5628
26.125 85.125 -0.22747
26.125 85.375 -1.5943
26.125 85.625 -0.52558
26.125 85.875 1.3768
26.125 86.125 -0.1976
26.125 86.375 -0.32507
26.125 86.625 0.31967
26.125 86.875 -0.53337
26.125 87.125 -0.67881
26.125 87.375 -0.66049
26.125 87.625 -1.0381
26.125 87.875 -1.6144
26.125 88.125 -1.9418
26.125 89.375 -0.85198
26.125 89.875 -1.6455
26.125 90.125 -0.65465
26.125 90.375 -0.53766
26.125 90.625 -0.13937
26.125 90.875 -1.0973
26.125 91.125 -0.94981
26.125 91.375 -0.89439
26.125 91.625 -1.6437
26.125 91.875 -1.5784
26.125 92.125 -0.95619
26.125 92.375 -2.2067
26.125 92.625 -1.3837
26.125 92.875 -1.3211
26.125 93.125 -2.0363
26.125 93.375 -1.6085
26.125 93.625 -1.886
26.125 93.875 -1.6088
26.125 94.125 -1.2824
26.125 94.375 -0.93778
26.125 94.625 -1.3359
26.125 94.875 -0.46745
26.375 70.375 -1.0781
26.375 70.625 -0.65784
26.375 70.875 -0.5986
26.375 71.125 -0.54466
26.375 71.375 -0.48969
26.375 71.625 -0.089216
26.375 71.875 0.47519
26.375 72.125 0.14302
26.375 72.375 0.30455
26.375 72.625 -0.42681
26.375 72.875 -0.62302
26.375 73.125 -0.67934
26.375 73.375 -0.31728
26.375 73.625 0.023781
26.375 73.875 0.32146
26.375 74.125 0.67014
26.375 74.375 1.0487
26.375 74.625 0.46288
26.375 74.875 1.4949
26.375 75.125 1.6234
26.375 75.375 1.4794
26.375 75.625 0.65881
26.375 75.875 0.84909
26.375 76.125 0.96366
26.375 76.375 0.99968
26.375 76.625 1.3814
26.375 76.875 1.4667
26.375 77.125 1.204
26.375 77.375 1.8352
26.375 77.625 1.9281
26.375 77.875 0.90857
26.375 78.125 1.5965
26.375 78.375 1.4308
26.375 78.625 2.025
26.375 78.875 1.4689
26.375 79.125 0.64886
26.375 79.375 -1.3398
26.375 79.625 -1.3349
26.375 79.875 -0.91751
26.375 80.125 0.31504
26.375 80.375 -1.7462
26.375 80.625 -1.6896
26.375 80.875 -1.035
26.375 81.125 -1.2047
26.375 81.375 -2.153
26.375 81.625 -1.8809
26.375 81.875 -1.167
26.375 82.125 -1.8526
26.375 82.375 -1.8211
26.375 82.625 -1.7681
26.375 82.875 -2.0803
26.375 83.125 -2.1042
26.375 83.375 -2.1099
26.375 83.625 -0.61941
26.375 83.875 -0.085602
26.375 84.125 -0.2013
26.375 84.375 0.12362
26.375 84.625 -0.93395
26.375 84.875 -1.6971
26.375 85.125 -1.5283
26.375 85.375 -1.3228
26.375 85.625 -0.50888
26.375 85.875 0.56585
26.375 86.125 -0.54645
26.375 86.375 -1.7764
26.375 86.625 -1.4384
26.375 86.875 0.63572
26.375 87.125 0.048767
26.375 87.625 -1.019
26.375 87.875 -1.2889
26.375 88.125 -1.7474
26.375 88.375 0.14678
26.375 88.875 1.1754
26.375 89.375 -1.2998
26.375 89.625 -0.28621
26.375 89.875 -1.1887
26.375 90.125 -0.38713
26.375 90.375 -0.0061062
26.375 90.625 -1.1994
26.375 90.875 -1.7721
26.375 91.125 -1.8225
26.375 91.375 -1.0955
26.375 91.625 -1.2035
26.375 91.875 -1.3445
26.375 92.125 -0.70687
26.375 92.375 -0.95074
26.375 92.625 -0.86467
26.375 92.875 -1.2131
26.375 93.125 -1.1953
26.375 93.375 -1.5919
26.375 93.625 -1.2863
26.375 93.875 -1.4812
26.375 94.125 -1.6452
26.375 94.375 -0.8133
26.375 94.625 -0.91742
26.375 94.875 0.012223
26.625 69.875 -0.69032
26.625 70.125 -0.83086
26.625 70.375 -0.99594
26.625 70.625 -0.64969
26.625 70.875 -0.54306
26.625 71.125 -0.70568
26.625 71.375 -1.1052
26.625 71.625 -0.15794
26.625 71.875 0.50939
26.625 72.125 0.021216
26.625 72.375 -0.22342
26.625 72.625 -0.57894
26.625 72.875 -0.32818
26.625 73.125 -0.51089
26.625 73.375 -0.38223
26.625 73.625 -0.28507
26.625 73.875 0.34112
26.625 74.125 0.30346
26.625 74.375 0.41611
26.625 74.625 0.37746
26.625 74.875 1.7221
26.625 75.125 1.4714
26.625 75.375 1.3124
26.625 75.625 1.2491
26.625 75.875 0.46604
26.625 76.125 1.0412
26.625 76.375 0.44639
26.625 76.625 1.073
26.625 76.875 1.5141
26.625 77.125 1.3874
26.625 77.375 1.6425
26.625 77.625 1.7188
26.625 77.875 -1.2181
26.625 78.125 1.6976
26.625 78.375 1.8353
26.625 78.625 0.51174
26.625 78.875 0.60237
26.625 79.125 -1.2933
26.625 79.375 -0.24685
26.625 79.625 -0.26772
26.625 79.875 -0.94348
26.625 80.125 -1.6791
26.625 80.375 -1.5223
26.625 80.625 -1.6052
26.625 80.875 -0.71115
26.625 81.125 -0.47086
26.625 81.375 -1.7533
26.625 81.625 -1.281
26.625 81.875 0.0015933
26.625 82.125 -1.592
26.625 82.375 -1.9815
26.625 82.625 -2.2263
26.625 82.875 -1.9079
26.625 83.125 -0.80478
26.625 83.375 -1.8401
26.625 83.625 -1.4066
26.625 83.875 -1.629
26.625 84.125 0.2114
26.625 84.375 0.25861
26.625 84.625 -0.66657
26.625 84.875 -1.6686
26.625 85.125 -1.6331
26.625 85.375 -0.90258
26.625 85.625 0.57419
26.625 86.125 -0.48282
26.625 88.375 2.3101
26.625 88.625 0.48529
26.625 88.875 -1.33
26.625 89.125 0.043273
26.625 89.375 0.27792
26.625 89.625 -0.38963
26.625 89.875 -1.0488
26.625 90.125 -0.76134
26.625 90.375 -1.8168
26.625 90.625 -1.9298
26.625 90.875 -1.7074
26.625 91.125 -1.4561
26.625 91.375 -1.6239
26.625 91.625 -1.7665
26.625 91.875 -1.6806
26.625 92.125 -0.94299
26.625 92.375 -1.1698
26.625 92.625 -1.0279
26.625 92.875 -0.25683
26.625 93.125 -1.3065
26.625 93.375 -2.0425
26.625 93.625 -1.3487
26.625 93.875 -1.4423
26.625 94.125 -1.5322
26.625 94.375 -1.3023
26.625 94.625 -0.61706
26.625 94.875 -0.72005
26.625 95.125 -0.89231
26.875 69.625 -0.81571
26.875 69.875 -0.73573
26.875 70.125 -0.82171
26.875 70.375 -0.92581
26.875 70.625 -0.8782
26.875 70.875 -0.76966
26.875 71.125 -0.65564
26.875 71.375 -1.286
26.875 71.625 -1.4893
26.875 71.875 -0.43304
26.875 72.125 0.26713
26.875 72.375 0.38681
26.875 72.625 -0.10381
26.875 72.875 -0.56323
26.875 73.125 0.44502
26.875 73.375 0.043498
26.875 73.625 0.62778
26.875 73.875 0.145
26.875 74.125 0.22625
26.875 74.375 -0.47842
26.875 74.625 0.14236
26.875 74.875 1.4748
26.875 75.125 1.516
26.875 75.375 0.88735
26.875 75.625 0.044441
26.875 75.875 0.44626
26.875 76.125 1.0584
26.875 76.375 1.0066
26.875 76.625 0.95458
26.875 76.875 1.5535
26.875 77.125 1.2319
26.875 77.375 1.656
26.875 77.625 1.5662
26.875 77.875 0.36279
26.875 78.125 -1.3318
26.875 78.375 -1.3352
26.875 78.625 -2.0021
26.875 78.875 0.82739
26.875 79.125 -0.40172
26.875 79.375 0.17294
26.875 79.625 0.48478
26.875 79.875 -0.43024
26.875 80.125 -1.4966
26.875 80.375 -1.1661
26.875 80.625 -1.9929
26.875 80.875 -0.32394
26.875 81.125 -0.28542
26.875 81.375 -0.34772
26.875 81.625 -1.8158
26.875 81.875 -0.21111
26.875 82.125 0.07495
26.875 82.375 -2.2123
26.875 82.625 -2.1729
26.875 82.875 -1.7708
26.875 83.125 -2.0302
26.875 83.375 -2.0039
26.875 83.625 -1.8825
26.875 83.875 -1.6658
26.875 84.125 -0.55071
26.875 84.375 -1.1251
26.875 84.625 -0.28315
26.875 84.875 -0.67837
26.875 88.375 1.7229
26.875 88.625 -0.39679
26.875 88.875 0.17218
26.875 92.375 -1.1076
26.875 92.625 -0.60645
26.875 92.875 -1.2228
26.875 93.125 0.8917
26.875 93.375 -1.6156
26.875 93.625 -1.0271
26.875 93.875 -1.8445
26.875 94.125 -1.3851
26.875 94.375 -0.88056
26.875 94.625 -0.81471
26.875 94.875 -1.7895
26.875 95.125 -1.6864
26.875 95.375 -1.7073
26.875 95.625 -2.1191
27.125 69.875 -0.8371
27.125 70.125 -0.65087
27.125 70.375 -0.90821
27.125 70.625 -0.78973
27.125 70.875 -0.88585
27.125 71.125 -0.93166
27.125 71.375 -1.349
27.125 71.625 -1.353
27.125 71.875 0.47699
27.125 72.125 0.74373
27.125 72.375 0.30544
27.125 72.625 0.75681
27.125 72.875 -0.26118
27.125 73.125 0.26666
27.125 73.375 0.24935
27.125 73.625 0.37195
27.125 73.875 0.33688
27.125 74.125 0.4182
27.125 74.375 -0.079343
27.125 74.625 0.25508
27.125 74.875 0.30429
27.125 75.125 0.70982
27.125 75.375 0.44555
27.125 75.625 0.93265
27.125 75.875 1.2549
27.125 76.125 0.72385
27.125 76.375 0.45523
27.125 76.625 -0.0089011
27.125 76.875 -0.1927
27.125 77.125 1.7072
27.125 77.375 1.3676
27.125 77.625 0.87968
27.125 77.875 0.06899
27.125 78.125 1.4369
27.125 78.375 -0.3019
27.125 78.625 -1.1238
27.125 78.875 -1.1131
27.125 79.125 -0.50484
27.125 79.375 -1.1387
27.125 79.625 0.28986
27.125 79.875 1.0351
27.125 80.125 0.039181
27.125 80.375 -0.96802
27.125 80.625 -1.5925
27.125 80.875 -1.917
27.125 81.125 -0.40349
27.125 81.375 0.54367
27.125 81.625 -0.96629
27.125 81.875 -0.3176
27.125 82.125 -0.77078
27.125 82.375 -1.7307
27.125 82.625 -0.58367
27.125 82.875 -1.0919
27.125 83.125 -1.9086
27.125 83.375 -0.57731
27.125 83.625 -1.0213
27.125 83.875 -0.7581
27.125 84.125 -0.81078
27.125 84.375 -0.70176
27.125 84.625 -0.38293
27.125 88.125 1.4212
27.125 88.375 0.51067
27.125 88.625 0.52004
27.125 92.125 -1.8184
27.125 92.375 -1.8083
27.125 92.625 -1.335
27.125 92.875 -0.16524
27.125 93.125 -0.10528
27.125 93.375 0.10671
27.125 93.625 -0.74167
27.125 93.875 -0.068818
27.125 94.125 -1.4691
27.125 94.375 -0.939
27.125 94.625 -1.1669
27.125 94.875 -1.2768
27.125 95.125 -1.6454
27.125 95.375 -1.7641
27.125 95.625 -1.2013
27.125 95.875 -1.5295
27.375 70.125 -0.84394
27.375 70.375 -0.78498
27.375 70.625 -0.87914
27.375 70.875 -0.66728
27.375 71.125 -0.67993
27.375 71.375 -0.98565
27.375 71.625 -0.40947
27.375 71.875 1.3034
27.375 72.125 0.69249
27.375 72.375 0.80877
27.375 72.625 0.31631
27.375 72.875 0.12563
27.375 73.125 0.023809
27.375 73.375 -0.035325
27.375 73.625 0.43522
27.375 73.875 0.50346
27.375 74.125 0.44381
27.375 74.375 0.10969
27.375 74.625 0.80325
27.375 74.875 0.70392
27.375 75.125 0.30804
27.375 75.375 0.46911
27.375 75.625 1.258
27.375 75.875 1.2404
27.375 76.125 0.052253
27.375 76.375 0.84835
27.375 76.625 -0.023306
27.375 76.875 1.4911
27.375 77.125 1.6018
27.375 77.375 -0.55556
27.375 77.625 0.20533
27.375 77.875 0.19512
27.375 78.125 1.1253
27.375 78.375 -0.0028367
27.375 78.625 0.028854
27.375 78.875 -0.35866
27.375 79.125 -0.63338
27.375 79.375 -0.5635
27.375 79.625 -0.14749
27.375 79.875 0.019035
27.375 80.125 -1.1697
27.375 80.375 -1.7029
27.375 80.625 -1.5119
27.375 80.875 -1.2437
27.375 81.125 0.093061
27.375 81.375 0.33311
27.375 81.625 -1.5715
27.375 81.875 -1.0054
27.375 82.125 -0.78032
27.375 82.375 -0.94453
27.375 82.625 -0.44902
27.375 82.875 -0.4805
27.375 83.125 -0.90496
27.375 83.625 -0.2974
27.375 84.125 -0.16947
27.375 84.375 -0.70754
27.375 88.125 1.4877
27.375 88.375 1.7702
27.375 88.625 0.090678
27.375 92.125 -1.0635
27.375 92.375 -0.72351
27.375 92.625 -0.025454
27.375 92.875 1.3814
27.375 93.125 1.3396
27.375 93.375 -0.9102
27.375 93.625 -0.23974
27.375 93.875 -0.95634
27.375 94.125 -2.1594
27.375 94.375 -1.766
27.375 94.625 -1.5376
27.375 94.875 -1.6042
27.375 95.125 -1.101
27.375 95.375 -1.3824
27.375 95.625 -1.8296
27.375 95.875 -1.6556
27.375 96.125 -1.3412
27.375 96.375 -0.91573
NaN NaN NaN
27.375 96.875 0.13815
27.625 70.125 -0.82221
27.625 70.375 -0.75075
27.625 70.625 -0.6841
27.625 70.875 -0.65319
27.625 71.125 0.00642
27.625 71.375 -0.22733
27.625 71.625 -0.047383
27.625 71.875 1.404
27.625 72.125 0.30285
27.625 72.375 -0.035087
27.625 72.625 -0.41356
27.625 72.875 -0.049985
27.625 73.125 -0.070853
27.625 73.375 -0.42021
27.625 73.625 -0.3474
27.625 73.875 1.1174
27.625 74.125 0.35767
27.625 74.375 0.19931
27.625 74.625 0.24959
27.625 74.875 0.29573
27.625 75.125 0.29433
27.625 75.375 0.2598
27.625 75.625 0.10464
27.625 75.875 -0.63381
27.625 76.125 0.051309
27.625 76.375 -0.64511
27.625 76.625 -0.37544
27.625 76.875 0.20988
27.625 77.125 -0.59435
27.625 77.375 -0.27927
27.625 77.625 -1.3906
27.625 77.875 0.2847
27.625 78.125 0.95129
27.625 78.375 0.51877
27.625 78.625 -1.3557
27.625 78.875 -0.48933
27.625 79.125 -1.1553
27.625 79.375 -1.4211
27.625 79.625 -0.57167
27.625 79.875 0.81426
27.625 80.125 -0.065644
27.625 80.375 -1.1792
27.625 80.625 -1.9488
27.625 80.875 -1.0906
27.625 81.125 -0.039765
27.625 81.375 0.09736
27.625 81.625 -0.41581
27.625 81.875 -0.51164
27.625 82.125 -0.90337
27.625 82.375 -1.1779
27.625 82.625 -0.27099
27.625 88.375 2.1803
27.625 88.625 1.5033
27.625 91.625 -1.1362
27.625 91.875 -1.6191
27.625 92.125 -1.116
27.625 92.375 -0.93889
27.625 92.625 -1.2846
27.625 92.875 -0.15901
27.625 93.125 1.8995
27.625 93.375 -0.63026
27.625 93.625 -1.4642
27.625 93.875 -1.7257
27.625 94.125 -1.5829
27.625 94.375 -2.1067
27.625 94.625 -1.8234
27.625 94.875 -1.5033
27.625 95.125 -2.2254
27.625 95.375 -1.4379
27.625 95.625 -1.6305
27.625 95.875 -1.8594
27.625 96.125 -1.5472
27.625 96.375 -1.3314
27.625 96.625 -0.27296
27.625 96.875 -0.43837
27.875 70.375 -0.76518
27.875 71.875 0.16553
27.875 72.125 -0.27097
27.875 72.375 -0.35281
27.875 72.625 0.0049086
27.875 72.875 0.16711
27.875 73.125 0.13769
27.875 73.375 0.5329
27.875 73.625 -0.58288
27.875 73.875 -0.66241
27.875 74.125 0.032636
27.875 74.375 -0.61713
27.875 74.625 -0.17101
27.875 74.875 0.39693
27.875 75.125 -0.37633
27.875 75.375 0.72535
27.875 75.625 -0.32915
27.875 75.875 -0.77993
27.875 76.125 -1.3255
27.875 76.375 -0.24619
27.875 76.625 -0.59057
27.875 76.875 -0.73386
27.875 77.125 0.93062
27.875 77.375 -0.93453
27.875 77.625 -1.1694
27.875 77.875 -1.0345
27.875 78.125 -0.29723
27.875 78.375 1.6912
27.875 78.625 0.6847
27.875 78.875 -0.92033
27.875 79.125 -0.19408
27.875 79.375 -0.98642
27.875 79.625 -0.69069
27.875 79.875 0.35145
27.875 80.125 0.2442
27.875 80.375 -0.58964
27.875 80.625 -1.3733
27.875 80.875 -1.9325
27.875 81.125 -0.67689
27.875 81.375 0.055831
27.875 81.625 0.41296
27.875 88.375 2.1291
27.875 88.625 2.0962
27.875 92.875 -1.8148
27.875 93.125 2.1229
27.875 93.375 1.5345
27.875 93.625 0.28042
27.875 93.875 -1.305
27.875 94.125 -1.7716
27.875 94.375 -1.3765
27.875 94.625 -1.3621
27.875 94.875 -0.86756
27.875 95.125 -0.54315
27.875 95.375 -1.7516
27.875 95.625 -1.558
27.875 95.875 -2.0413
27.875 96.125 -2.0152
27.875 96.375 -0.42527
27.875 96.625 -0.10003
NaN NaN NaN
27.875 97.125 0.059421
28.125 72.125 -0.37739
28.125 72.375 -0.67759
28.125 72.625 -0.29247
28.125 72.875 0.48232
28.125 73.125 0.99803
28.125 73.375 0.6615
28.125 73.625 0.2942
28.125 73.875 0.15464
28.125 74.125 -0.16062
28.125 74.375 -0.3091
28.125 74.625 -0.694
28.125 74.875 0.0023954
28.125 75.125 -0.80427
28.125 75.375 0.43154
28.125 75.625 -0.51687
28.125 75.875 -1.1803
28.125 76.125 -1.0528
28.125 76.375 0.46473
28.125 76.625 0.41111
28.125 76.875 -0.2167
28.125 77.125 -1.5117
28.125 77.375 -1.5065
28.125 77.625 -1.0238
28.125 77.875 -1.3091
28.125 78.125 -0.75892
28.125 78.375 1.6675
28.125 78.625 -1.4333
28.125 78.875 -0.53704
28.125 79.125 -0.13157
28.125 79.375 -1.4863
28.125 79.625 -1.0595
28.125 79.875 0.72416
28.125 80.125 0.32215
28.125 80.375 -0.017707
28.125 80.625 -0.32311
28.125 80.875 -1.3166
28.125 81.125 -0.98236
28.125 81.375 -0.11723
28.125 92.875 -2.0353
28.125 93.125 0.28264
28.125 93.375 1.7304
28.125 93.625 1.4895
28.125 93.875 0.79203
28.125 94.125 -1.3547
28.125 94.375 -1.8781
28.125 94.625 -1.6696
28.125 94.875 -1.0956
28.125 95.125 -1.4667
28.125 95.375 -1.6504
28.125 95.625 -1.4389
28.125 95.875 -1.3472
28.125 96.125 -1.6977
28.125 96.375 0.13579
NaN NaN NaN
NaN NaN NaN
NaN NaN NaN
28.375 72.375 -0.38933
28.375 72.625 -0.30819
28.375 72.875 -0.07098
28.375 73.125 0.32788
28.375 73.375 0.13589
28.375 73.625 -0.29865
28.375 73.875 0.22839
28.375 74.125 0.3296
28.375 74.375 -0.11823
28.375 74.625 0.25048
28.375 74.875 0.5065
28.375 75.125 0.046389
28.375 75.375 -0.27199
28.375 75.625 -0.96291
28.375 75.875 -1.5515
28.375 76.125 -0.56581
28.375 76.375 -1.0405
28.375 76.625 0.56621
28.375 76.875 0.87902
28.375 77.125 -2.2094
28.375 77.375 -1.7221
28.375 77.625 -1.2838
28.375 77.875 -1.3292
28.375 78.125 0.82402
28.375 78.375 0.82161
28.375 78.625 -1.4143
28.375 78.875 -1.2891
28.375 79.125 -0.52568
28.375 79.375 -0.28224
28.375 79.625 -0.068378
28.375 79.875 -1.1098
28.375 80.125 0.067112
28.375 80.375 -0.38907
28.375 80.625 -0.68513
28.375 80.875 -0.4875
28.375 81.125 -0.278
28.375 93.375 -0.85926
28.375 93.625 -0.0054629
28.375 93.875 -0.00033769
28.375 94.125 0.23592
28.375 94.375 -1.4131
28.375 94.625 -1.3402
28.375 94.875 -0.77668
28.375 95.125 -1.1716
28.375 95.375 -0.97013
28.375 95.625 -1.2549
28.375 95.875 -1.069
28.375 96.125 -1.2729
NaN NaN NaN
28.625 72.375 0.020045
28.625 72.625 0.3661
28.625 72.875 -0.041326
28.625 73.125 0.22379
28.625 73.375 0.083611
28.625 73.625 -0.12336
28.625 73.875 0.048109
28.625 74.125 0.16446
28.625 74.375 0.40454
28.625 74.625 0.27905
28.625 74.875 0.36981
28.625 75.125 0.039477
28.625 75.375 -0.14513
28.625 75.625 -0.916
28.625 75.875 -0.88467
28.625 76.125 -0.65691
28.625 76.375 -0.71216
28.625 76.625 0.96223
28.625 76.875 0.55105
28.625 77.125 -1.2465
28.625 77.375 -1.1694
28.625 77.625 -1.3415
28.625 77.875 -1.4363
28.625 78.125 -0.17369
28.625 78.375 0.61992
28.625 78.625 -1.3041
28.625 78.875 -0.98396
28.625 79.125 0.49678
28.625 79.375 -0.26522
28.625 79.625 0.098877
28.625 79.875 -0.93132
28.625 80.125 0.43956
28.625 80.375 -0.22195
28.625 80.625 -0.70526
28.625 93.625 -0.62962
28.625 93.875 2.0629
28.625 94.125 1.0436
28.625 94.375 0.33799
28.625 94.625 0.54595
28.625 94.875 0.29498
28.625 95.125 -0.79182
28.625 95.375 -1.1673
28.625 95.625 0.13925
28.625 95.875 -0.59639
28.625 96.125 0.84127
NaN NaN NaN
28.875 72.875 -0.3919
28.875 73.125 0.36903
28.875 73.375 0.20719
28.875 73.625 0.6517
28.875 73.875 0.22819
28.875 74.125 0.58686
28.875 74.375 -0.080102
28.875 74.625 0.33063
28.875 74.875 -0.23836
28.875 75.125 -0.44607
28.875 75.375 -1.0453
28.875 75.625 -0.67678
28.875 75.875 -0.3951
28.875 76.125 -0.65598
28.875 76.375 -0.5796
28.875 76.625 -0.30775
28.875 76.875 -0.32693
28.875 77.125 -1.3889
28.875 77.375 -0.74386
28.875 77.625 -0.98393
28.875 77.875 -0.41328
28.875 78.125 -0.6179
28.875 78.375 -0.35173
28.875 78.625 -0.89743
28.875 78.875 -1.4357
28.875 79.125 -0.68546
28.875 79.375 0.86493
28.875 79.625 -1.1168
28.875 79.875 -1.3262
28.875 94.125 -0.043069
28.875 94.375 0.75595
28.875 94.625 1.1925
28.875 94.875 1.0652
28.875 95.125 0.24593
28.875 95.375 -1.1586
28.875 95.625 -0.77063
28.875 95.875 -0.058731
28.875 96.125 1.4835
NaN NaN NaN
29.125 73.125 0.803
29.125 73.375 0.66429
29.125 73.625 0.67868
29.125 73.875 1.118
29.125 74.125 1.0045
29.125 74.375 0.36234
29.125 74.625 0.64648
29.125 74.875 0.26529
29.125 75.125 -0.97956
29.125 75.375 -0.27392
29.125 75.625 -0.41484
29.125 75.875 -0.52962
29.125 76.125 -0.68865
29.125 76.375 -1.3499
29.125 76.625 -1.1415
29.125 76.875 -1.261
29.125 77.125 -1.5156
29.125 77.375 -1.4668
29.125 77.625 -0.52893
29.125 77.875 0.17959
29.125 78.125 -0.028408
29.125 78.375 -0.12076
29.125 78.625 -1.4307
29.125 78.875 -0.4289
29.125 79.125 -1.2076
29.125 79.375 -0.7232
29.125 79.625 0.45768
29.125 79.875 0.58942
29.125 80.125 0.75512
29.125 94.375 1.1896
29.125 94.625 0.99067
29.125 94.875 1.6129
29.125 95.625 0.8794
29.125 95.875 1.7428
29.125 96.125 2.3836
29.375 73.375 1.0315
29.375 73.625 -0.12892
29.375 73.875 1.0124
29.375 74.125 0.85149
29.375 74.375 -0.0038984
29.375 74.625 -0.6318
29.375 74.875 0.26921
29.375 75.125 -0.029142
29.375 75.375 -0.034099
29.375 75.625 -0.51333
29.375 75.875 -1.1541
29.375 76.125 -1.0998
29.375 76.375 -1.5048
29.375 76.625 -1.5029
29.375 76.875 -1.2884
29.375 77.125 -1.7701
29.375 77.375 -2.0299
29.375 77.625 -0.27149
29.375 77.875 0.32551
29.375 78.125 -0.73724
29.375 78.375 -0.51236
29.375 78.625 -1.3495
29.375 78.875 0.02347
29.375 79.125 0.46113
29.375 79.375 0.025278
29.375 79.625 -1.3545
29.375 79.875 -1.0165
29.375 80.125 -0.88896
NaN NaN NaN
29.625 73.375 0.84912
29.625 73.625 0.53533
29.625 73.875 -1.5996
29.625 74.125 0.29105
29.625 74.375 -0.13125
29.625 74.625 -1.0594
29.625 74.875 0.093521
29.625 75.125 -0.22073
29.625 75.375 -0.67012
29.625 75.625 -0.38143
29.625 75.875 -0.88702
29.625 76.125 -0.82865
29.625 76.375 -1.3065
29.625 76.625 -0.57819
29.625 76.875 -1.192
29.625 77.125 -1.7934
29.625 77.375 -2.2012
29.625 77.625 -1.9097
29.625 77.875 -0.17261
29.625 78.125 -0.69941
29.625 78.375 -1.5875
29.625 78.625 -1.6668
29.625 78.875 -0.49094
29.625 79.125 -0.53136
29.625 79.375 0.53751
29.625 79.625 0.043814
29.625 79.875 -0.13997
29.625 80.125 -0.77522
29.875 73.625 -0.11895
29.875 73.875 -0.636
29.875 74.125 -0.16989
29.875 74.375 -1.0079
29.875 74.625 -1.17
29.875 74.875 -1.3044
29.875 75.125 -0.46257
29.875 75.375 -0.31617
29.875 75.625 -0.24543
29.875 75.875 -1.3194
29.875 76.125 -1.6276
29.875 76.375 -1.2137
29.875 76.625 -1.3637
29.875 76.875 -1.9019
29.875 77.125 -1.8587
29.875 77.375 -1.7236
29.875 77.625 -1.9123
29.875 77.875 -1.4114
29.875 78.125 -2.1395
29.875 78.375 0.18365
29.875 78.625 -0.64142
29.875 78.875 -0.057409
29.875 79.125 -1.1809
29.875 79.375 -0.92046
29.875 79.625 -0.2811
29.875 79.875 -0.06724
29.875 80.125 -0.51864
29.875 80.375 0.10274
30.125 74.125 -0.5803
30.125 74.375 -1.1026
30.125 74.625 -1.7037
30.125 74.875 -1.5048
30.125 75.125 -0.68722
30.125 75.375 -0.11344
30.125 75.625 -0.33769
30.125 75.875 -1.5651
30.125 76.125 -1.3115
30.125 76.375 -1.2106
30.125 76.625 -2.056
30.125 76.875 -1.9589
30.125 77.125 -1.3273
30.125 77.375 -1.8763
30.125 77.625 -2.0279
30.125 77.875 -1.9398
30.125 78.125 -2.1943
30.125 78.375 1.1474
30.125 78.625 0.033993
30.125 78.875 1.4508
30.125 79.125 0.078113
30.125 79.375 -0.52037
30.125 79.625 0.28596
30.125 79.875 0.066476
30.125 80.125 -0.30708
30.125 80.375 -0.44687
30.125 80.625 -0.31951
30.375 74.125 0.54518
30.375 74.375 0.06016
30.375 74.625 -0.94746
30.375 74.875 -1.1162
30.375 75.125 -1.8867
30.375 75.375 -1.0256
30.375 75.625 -1.1212
30.375 75.875 -1.4235
30.375 76.125 -1.8002
30.375 76.375 -1.7701
30.375 76.625 -2.1923
30.375 76.875 -1.7024
30.375 77.125 -0.98677
30.375 77.375 -0.58999
30.375 77.625 0.12154
30.375 77.875 -1.6592
30.375 78.125 -2.0452
30.375 78.375 -2.1254
30.375 78.625 -1.5355
30.375 78.875 0.54135
30.375 79.125 0.34175
30.375 79.375 0.09932
30.375 79.625 0.4722
30.375 79.875 0.18002
30.375 80.125 -0.76736
30.375 80.375 -1.3037
30.375 80.625 -1.7127
30.625 74.375 -0.65093
30.625 74.625 -0.91797
30.625 74.875 -1.183
30.625 75.125 -0.85067
30.625 75.375 -2.2057
30.625 75.625 -1.7068
30.625 75.875 -2.0865
30.625 76.125 -1.9644
30.625 76.375 -2.1839
30.625 76.625 -1.7025
30.625 76.875 -0.96609
30.625 77.125 -0.65246
30.625 77.375 -0.36574
30.625 77.625 -0.71421
30.625 77.875 -0.39744
30.625 78.125 -0.28658
30.625 78.375 -1.2118
30.625 78.625 -0.70496
30.625 78.875 -0.0073235
30.625 79.125 0.5989
30.625 79.375 0.13421
30.625 79.625 1.3563
30.625 79.875 0.66914
30.625 80.125 1.4726
30.875 74.625 -1.0879
30.875 74.875 -1.4499
30.875 75.125 -1.5314
30.875 75.375 -0.97661
30.875 75.625 -1.1787
30.875 75.875 -0.79149
30.875 76.125 -1.5437
30.875 76.375 -0.84044
30.875 76.625 -0.31906
30.875 76.875 -0.29584
30.875 77.125 0.40212
30.875 77.375 -0.37438
30.875 77.625 -1.2032
30.875 77.875 0.069942
30.875 78.125 0.067878
30.875 78.375 -0.39263
30.875 78.625 -1.0762
30.875 78.875 -0.40196
30.875 79.125 -0.22934
30.875 79.375 0.85014
30.875 79.625 0.37559
30.875 79.875 0.81346
31.125 74.875 -2.0685
31.125 75.125 -1.3532
31.125 75.375 -1.8782
31.125 75.625 -1.7654
31.125 75.875 -1.0679
31.125 76.125 -0.5374
31.125 76.375 -0.38748
31.125 76.625 -0.39923
31.125 76.875 -0.5356
31.125 77.125 -0.18222
31.125 77.375 -0.11483
31.125 77.625 0.59456
31.125 77.875 0.13917
31.125 78.125 -0.078341
31.125 78.375 0.5134
31.125 78.625 0.083325
31.125 78.875 1.5881
31.125 79.125 2.1636
31.375 74.875 -0.98526
31.375 75.125 -1.0928
31.375 75.375 -1.4723
31.375 75.625 -1.3237
31.375 75.875 0.739
31.375 76.125 0.56621
31.375 76.375 -0.07674
31.375 76.625 -0.18065
31.375 76.875 -1.6246
31.375 77.125 -0.37387
31.375 77.375 1.4896
31.375 77.625 0.67911
31.375 77.875 0.68943
31.375 78.125 1.7587
31.375 78.375 1.8886
31.375 78.625 1.4258
31.625 74.875 0.18667
31.625 75.125 -0.096258
31.625 75.375 -0.40017
31.625 75.625 -0.29733
31.625 75.875 -1.3835
31.625 76.125 -0.89934
31.625 76.375 -0.83378
31.625 76.625 -0.99104
31.625 76.875 -1.0871
31.625 77.125 -0.66557
31.625 77.375 1.6804
31.625 77.625 1.6675
31.625 77.875 2.0448
31.625 78.125 1.5581
31.625 78.375 1.8459
31.625 78.625 1.6708
31.875 74.875 1.0482
31.875 75.125 0.72097
31.875 75.375 -0.23531
31.875 75.625 -0.53215
31.875 75.875 -0.80074
31.875 76.125 -1.0233
31.875 76.375 -0.86217
31.875 76.625 -1.0249
31.875 76.875 -0.38023
31.875 77.125 -0.053581
31.875 77.375 0.88593
31.875 77.625 1.5558
31.875 77.875 1.2382
31.875 78.125 1.1276
31.875 78.375 1.4206
31.875 78.625 1.741
32.125 75.375 0.71557
32.125 75.625 -0.10703
32.125 75.875 -0.43693
32.125 76.125 -1.3865
32.125 76.375 -1.3482
32.125 76.625 -0.49993
32.125 76.875 -0.042421
32.125 77.125 0.2445
32.125 77.375 0.062097
32.125 77.625 -0.017378
32.125 77.875 0.95566
32.125 78.125 0.90562
32.125 78.375 1.0335
32.375 75.375 -0.076627
32.375 75.625 -0.068492
32.375 75.875 -0.75306
32.375 76.125 -1.242
32.375 76.375 -0.86663
32.375 76.625 -0.31933
32.375 76.875 0.91024
32.375 77.125 0.38755
32.375 77.375 0.10829
32.375 77.625 -0.31315
32.375 77.875 -0.030665
32.375 78.125 0.69119
32.375 78.375 0.44357
32.625 74.875 -0.64448
32.625 75.125 -0.36929
32.625 75.375 -0.31399
32.625 75.625 -0.48339
32.625 75.875 -0.92278
32.625 76.125 -0.63184
32.625 76.375 -1.4793
32.625 76.625 0.529
32.625 76.875 1.9002
32.625 77.125 1.5622
32.625 77.375 1.0096
32.625 77.625 0.65239
32.625 77.875 1.3656
32.625 78.125 0.42609
32.625 78.375 0.45284
32.625 78.625 0.035507
32.625 78.875 0.87634
32.625 79.125 1.1476
32.625 79.375 1.7512
32.875 74.375 0.41419
32.875 74.625 0.16312
32.875 74.875 0.87216
32.875 75.125 0.5361
32.875 75.375 -0.32586
32.875 75.625 -1.3903
32.875 75.875 -0.77734
32.875 76.125 0.21975
32.875 76.375 1.1128
32.875 76.625 1.4422
32.875 76.875 1.9967
32.875 77.125 1.6928
32.875 77.375 1.3311
32.875 77.625 0.55618
32.875 77.875 -0.22158
32.875 78.125 -0.13297
32.875 78.375 -0.38398
32.875 78.625 0.4896
32.875 78.875 1.3035
32.875 79.125 1.5004
32.875 79.375 1.7479
33.125 73.875 0.4519
33.125 74.125 0.46879
33.125 74.375 0.52044
33.125 74.625 0.49335
33.125 74.875 1.4426
33.125 75.125 0.82658
33.125 75.375 -0.94452
33.125 75.625 -0.060655
33.125 75.875 0.069046
33.125 76.125 0.91258
33.125 76.375 1.2364
33.125 76.625 1.4025
33.125 76.875 1.911
33.125 77.125 2.087
33.125 77.375 -0.20732
33.125 77.625 -0.40042
33.125 77.875 -1.7714
33.125 78.125 -0.059017
33.125 78.375 -0.49173
33.125 78.625 1.0368
33.125 78.875 0.81246
33.125 79.125 1.798
33.375 73.875 0.79174
33.375 74.125 1.0919
33.375 74.375 0.90064
33.375 74.625 0.48728
33.375 74.875 0.25039
33.375 75.125 0.04802
33.375 75.375 1.0445
33.375 75.625 1.1104
33.375 75.875 1.4613
33.375 76.125 1.3701
33.375 76.375 2.0819
33.375 76.625 1.5998
33.375 76.875 1.7511
33.375 77.125 2.2348
33.375 77.375 1.7142
33.375 77.625 0.16778
33.375 77.875 -0.74654
33.375 78.125 1.3892
33.375 78.375 1.8494
33.375 78.625 0.67041
33.375 78.875 0.96362
33.625 73.875 0.088951
33.625 74.125 0.84986
33.625 74.375 0.58493
33.625 74.625 0.020364
33.625 74.875 0.037843
33.625 75.125 1.3077
33.625 75.375 1.5893
33.625 75.625 1.8475
33.625 75.875 1.7272
33.625 76.125 1.4669
33.625 76.375 1.4672
33.625 76.625 1.0466
33.625 76.875 1.4341
33.625 77.125 1.1286
33.625 77.375 1.7761
33.625 77.625 1.2761
33.625 77.875 1.7474
33.625 78.125 1.4674
33.625 78.375 1.5085
33.625 78.625 0.25502
33.625 78.875 -0.73333
33.875 73.875 -0.13643
33.875 74.125 0.38956
33.875 74.375 0.62041
33.875 74.625 1.1274
33.875 74.875 0.51187
33.875 75.125 1.0465
33.875 75.375 1.5224
33.875 75.625 1.7702
33.875 75.875 2.0148
33.875 76.125 1.255
33.875 76.375 1.2825
33.875 76.625 1.2067
33.875 76.875 0.90708
33.875 77.125 1.1349
33.875 77.375 1.4647
33.875 77.625 1.1791
33.875 77.875 1.8041
33.875 78.125 1.1537
33.875 78.375 0.60662
33.875 78.625 0.25307
33.875 78.875 1.5172
34.125 73.625 -0.87635
34.125 73.875 -0.29039
34.125 74.125 0.33524
34.125 74.375 -1.3084
34.125 74.625 0.50019
34.125 74.875 0.5493
34.125 75.125 1.1588
34.125 75.375 0.94007
34.125 75.625 1.9442
34.125 75.875 1.1366
34.125 76.125 1.1662
34.125 76.375 0.86751
34.125 76.625 1.6267
34.125 76.875 0.92179
34.125 77.125 0.6677
34.125 77.375 0.89603
34.125 77.625 1.5191
34.125 77.875 1.4217
34.125 78.125 1.2935
34.125 78.375 0.96242
34.125 78.625 -0.076031
34.125 78.875 1.1413
34.125 79.125 1.1168
34.125 79.375 1.1753
34.375 73.625 -0.16423
34.375 73.875 -0.87254
34.375 74.125 -2.0949
34.375 74.375 0.75068
34.375 74.625 1.0357
34.375 74.875 1.1409
34.375 75.125 0.5843
34.375 75.375 0.74153
34.375 75.625 1.943
34.375 75.875 1.4673
34.375 76.125 1.1167
34.375 76.375 1.6541
34.375 76.625 1.1991
34.375 76.875 0.76531
34.375 77.125 1.0367
34.375 77.375 0.77143
34.375 77.625 0.87326
34.375 77.875 1.3711
34.375 78.125 0.83511
34.375 78.375 1.3203
34.375 78.625 1.4816
34.375 78.875 -0.44592
34.375 79.125 0.66633
34.375 79.375 -0.61456
34.625 73.875 -0.57517
34.625 74.125 -0.82726
34.625 74.375 1.2035
34.625 74.625 -0.039827
34.625 74.875 0.4332
34.625 75.125 1.0381
34.625 75.375 0.83384
34.625 75.625 0.14933
34.625 75.875 0.61981
34.625 76.125 1.4083
34.625 76.375 0.68319
34.625 76.625 1.4327
34.625 76.875 1.0012
34.625 77.125 1.7043
34.625 77.375 -0.27402
34.625 77.625 1.1718
34.625 77.875 0.53064
34.625 78.125 0.52246
34.625 78.375 0.96027
34.625 78.625 0.37958
34.625 78.875 -0.19721
34.625 79.125 0.18852
34.625 79.375 1.0998
34.625 79.625 1.6427
34.875 74.125 1.9131
34.875 74.375 1.2914
34.875 74.625 -0.35751
34.875 74.875 0.15206
34.875 75.125 -0.020189
34.875 75.375 -0.87257
34.875 75.625 1.1293
34.875 75.875 0.069771
34.875 76.125 -0.61956
34.875 76.375 -0.33851
34.875 76.625 -0.058769
34.875 76.875 0.21384
34.875 77.125 -0.59128
34.875 77.375 -0.32381
34.875 77.625 0.21072
34.875 77.875 0.68258
34.875 78.125 0.9567
34.875 78.375 1.8123
34.875 78.625 0.13615
34.875 78.875 -0.017036
34.875 79.125 0.39679
34.875 79.375 1.8599
34.875 79.625 0.60589
34.875 79.875 1.4064
35.125 74.375 2.2769
35.125 74.625 0.86311
35.125 74.875 1.2516
35.125 75.125 -0.30417
35.125 75.375 1.2415
35.125 75.625 1.8666
35.125 75.875 1.8045
35.125 76.125 -0.92299
35.125 76.375 0.36645
35.125 76.625 -0.15755
35.125 76.875 -0.0030181
35.125 77.125 0.29295
35.125 77.375 0.09649
35.125 77.625 -1.162
35.125 77.875 0.14434
35.125 78.125 -0.90511
35.125 78.375 -1.2194
35.125 78.625 0.30734
35.125 78.875 1.499
35.125 79.125 0.60445
35.125 79.375 0.024289
35.125 79.625 -0.23693
35.125 79.875 1.649
35.375 73.875 1.7071
35.375 74.125 2.0903
35.375 74.375 2.3079
35.375 74.625 1.6199
35.375 74.875 1.9671
35.375 75.125 -0.072564
35.375 75.375 1.6607
35.375 75.625 2.2076
35.375 75.875 2.1725
35.375 76.125 2.1709
35.375 76.375 0.97423
35.375 76.625 1.0521
35.375 76.875 0.41818
35.375 77.125 0.27851
35.375 77.375 -1.4395
35.375 77.625 -1.3492
35.375 77.875 -1.2116
35.375 78.125 -1.5246
35.375 78.375 -0.25603
35.375 78.625 0.44425
35.375 78.875 0.71666
35.375 79.125 0.81613
35.375 79.375 -0.065294
35.375 79.625 0.052613
35.375 79.875 -0.073634
NaN NaN NaN
35.625 73.375 0.35416
35.625 73.625 0.92301
35.625 73.875 0.72404
35.625 74.125 0.042309
35.625 74.375 -0.71687
35.625 74.625 1.9346
35.625 74.875 2.3677
35.625 75.125 -1.3074
35.625 75.375 1.8811
35.625 75.625 1.9878
35.625 75.875 1.9411
35.625 76.125 2.4279
35.625 76.375 2.0289
35.625 76.625 -1.6353
35.625 76.875 -1.8221
35.625 77.125 -0.82817
35.625 78.375 -0.43264
35.625 78.625 0.19353
35.625 78.875 -0.18254
35.625 79.125 0.092918
35.625 79.375 0.47512
35.625 79.625 0.46448
35.625 79.875 1.306
35.625 80.125 2.0863
35.875 73.125 -1.1624
35.875 73.375 -0.74126
35.875 73.625 -1.7195
35.875 73.875 -1.9169
35.875 74.125 -1.3708
35.875 74.375 -1.4686
35.875 74.625 0.48704
35.875 74.875 -0.51482
35.875 75.125 -0.91736
35.875 75.375 -1.766
35.875 75.625 -1.2982
35.875 75.875 0.62156
35.875 76.125 0.39117
35.875 76.375 -1.0818
35.875 76.625 -1.7162
35.875 79.375 1.9368
36.125 72.625 1.2173
36.125 72.875 1.6905
36.125 73.125 0.56038
36.125 73.375 -0.66278
36.125 73.625 -0.85197
36.125 73.875 -1.1368
36.125 74.125 -2.2117
36.125 74.375 -2.1076
36.125 74.625 -2.3265
36.125 74.875 2.3343
36.125 75.125 1.7642
36.125 75.375 -2.3768
36.125 75.625 -2.2532
36.125 75.875 -1.894
36.125 76.125 -0.045239
36.125 76.375 2.3827
36.125 76.625 0.4762
36.375 73.125 -0.3751
36.375 73.375 0.50256
36.375 73.625 0.60941
36.375 73.875 -0.14227
36.375 74.125 -1.4419
36.375 74.375 -1.6611
36.375 74.625 -2.0353
36.375 74.875 -0.30225
36.375 75.125 2.0887
36.375 75.375 0.47832
36.375 75.625 -0.70041
36.375 75.875 1.1241
36.375 76.125 2.3921
36.625 73.375 1.0808
36.625 73.625 0.96032
36.625 73.875 -0.18092
36.625 74.125 -0.16108
36.625 74.375 -2.1922
36.625 74.625 -1.0794
36.625 74.875 -0.11256
36.625 75.125 0.30592
36.625 75.375 0.0657
36.625 75.625 -1.4688
36.875 73.875 0.1047
36.875 74.375 -0.050506
36.875 74.625 -0.6746
36.875 74.875 -1.9778
36.875 75.125 -1.9754
36.875 75.375 -2.1727
